timestamp,cmdb_id,kpi_name,value
1745309607,kashef-k8s-w1.url-shorten-memcached-6546746864-xgs89,container_cpu_system_seconds_total,0.0
1745309607,kashef-k8s-w1.user-memcached-59687c864d-2c4zx,container_cpu_system_seconds_total,0.0
1745309607,kashef-k8s-w1.post-storage-service-66c9966f5f-n97sf,container_cpu_system_seconds_total,0.0
1745309607,kashef-k8s-w1.user-timeline-service-664c7f6696-g24dm,container_cpu_system_seconds_total,0.0
1745309607,kashef-k8s-w1.home-timeline-service-5754ffbc6d-dcb2w,container_cpu_system_seconds_total,0.0
1745309607,kashef-k8s-w1.url-shorten-mongodb-57c886d5f8-jjq5f,container_cpu_system_seconds_total,0.0
1745309607,kashef-k8s-w1.url-shorten-service-66949ddcc4-tbw92,container_cpu_system_seconds_total,0.0
1745309607,kashef-k8s-w1.unique-id-service-694497b678-flvqw,container_cpu_system_seconds_total,0.0
1745309607,kashef-k8s-w1.user-timeline-redis-67cc95bc57-xq48b,container_cpu_system_seconds_total,0.0
1745309613,kashef-k8s-w1.post-storage-memcached-6b75788fc6-mdqct,container_cpu_system_seconds_total,0.0
1745309613,kashef-k8s-w1.media-mongodb-7b64c59567-kq2l8,container_cpu_system_seconds_total,0.0
1745309613,kashef-k8s-w1.unique-id-service-694497b678-flvqw,container_cpu_system_seconds_total,0.0
1745309613,kashef-k8s-w1.post-storage-service-66c9966f5f-n97sf,container_cpu_system_seconds_total,0.0
1745309613,kashef-k8s-w1.user-memcached-59687c864d-2c4zx,container_cpu_system_seconds_total,0.0
1745309613,kashef-k8s-w1.user-timeline-service-664c7f6696-g24dm,container_cpu_system_seconds_total,0.0
1745309613,kashef-k8s-w1.url-shorten-memcached-6546746864-xgs89,container_cpu_system_seconds_total,0.0
1745309613,kashef-k8s-w1.url-shorten-mongodb-57c886d5f8-jjq5f,container_cpu_system_seconds_total,0.0
1745309613,kashef-k8s-w1.media-frontend-6b66b95ff4-hm6qt,container_cpu_system_seconds_total,0.0
1745309613,kashef-k8s-w1.home-timeline-service-5754ffbc6d-dcb2w,container_cpu_system_seconds_total,0.0
1745309613,kashef-k8s-w1.home-timeline-redis-6c6647df6f-vlcfg,container_cpu_system_seconds_total,0.0
1745309613,kashef-k8s-w1.url-shorten-service-66949ddcc4-tbw92,container_cpu_system_seconds_total,0.0
1745309613,kashef-k8s-w1.post-storage-mongodb-5579669d8c-ghpw8,container_cpu_system_seconds_total,0.0
1745309613,kashef-k8s-w1.user-timeline-redis-67cc95bc57-xq48b,container_cpu_system_seconds_total,0.0
1745309613,kashef-k8s-w1.media-service-6c665c775d-zqqbz,container_cpu_system_seconds_total,0.0
1745309619,kashef-k8s-w1.url-shorten-memcached-6546746864-xgs89,container_cpu_system_seconds_total,0.0
1745309619,kashef-k8s-ctl.jaeger-67997f9775-v5d2k,container_cpu_system_seconds_total,0.03
1745309619,kashef-k8s-w1.media-service-6c665c775d-zqqbz,container_cpu_system_seconds_total,0.0
1745309619,kashef-k8s-w1.post-storage-service-66c9966f5f-n97sf,container_cpu_system_seconds_total,0.0
1745309619,kashef-k8s-w1.post-storage-mongodb-5579669d8c-ghpw8,container_cpu_system_seconds_total,0.0
1745309619,kashef-k8s-w1.post-storage-memcached-6b75788fc6-mdqct,container_cpu_system_seconds_total,0.0
1745309619,kashef-k8s-w1.media-mongodb-7b64c59567-kq2l8,container_cpu_system_seconds_total,0.0
1745309619,kashef-k8s-w1.user-memcached-59687c864d-2c4zx,container_cpu_system_seconds_total,0.0
1745309619,kashef-k8s-w1.unique-id-service-694497b678-flvqw,container_cpu_system_seconds_total,0.0
1745309619,kashef-k8s-w1.home-timeline-redis-6c6647df6f-vlcfg,container_cpu_system_seconds_total,0.0
1745309619,kashef-k8s-w1.home-timeline-service-5754ffbc6d-dcb2w,container_cpu_system_seconds_total,0.0
1745309619,kashef-k8s-w1.url-shorten-service-66949ddcc4-tbw92,container_cpu_system_seconds_total,0.0
1745309619,kashef-k8s-w1.user-timeline-redis-67cc95bc57-xq48b,container_cpu_system_seconds_total,0.0
1745309619,kashef-k8s-w1.user-timeline-service-664c7f6696-g24dm,container_cpu_system_seconds_total,0.0
1745309619,kashef-k8s-w1.url-shorten-mongodb-57c886d5f8-jjq5f,container_cpu_system_seconds_total,0.0
1745309619,kashef-k8s-w1.media-frontend-6b66b95ff4-hm6qt,container_cpu_system_seconds_total,0.0
1745309625,kashef-k8s-w1.media-frontend-6b66b95ff4-hm6qt,container_cpu_system_seconds_total,0.0
1745309625,kashef-k8s-w1.post-storage-mongodb-5579669d8c-ghpw8,container_cpu_system_seconds_total,0.0
1745309625,kashef-k8s-ctl.social-graph-service-677dbc655c-6npks,container_cpu_system_seconds_total,0.065
1745309625,kashef-k8s-w1.post-storage-service-66c9966f5f-n97sf,container_cpu_system_seconds_total,0.0
1745309625,kashef-k8s-ctl.compose-post-service-f587bf89d-d8xkk,container_cpu_system_seconds_total,0.057
1745309625,kashef-k8s-w1.url-shorten-memcached-6546746864-xgs89,container_cpu_system_seconds_total,0.0
1745309625,kashef-k8s-ctl.jaeger-67997f9775-v5d2k,container_cpu_system_seconds_total,0.03
1745309625,kashef-k8s-w1.post-storage-memcached-6b75788fc6-mdqct,container_cpu_system_seconds_total,0.0
1745309625,kashef-k8s-w1.home-timeline-redis-6c6647df6f-vlcfg,container_cpu_system_seconds_total,0.0
1745309625,kashef-k8s-w1.user-timeline-redis-67cc95bc57-xq48b,container_cpu_system_seconds_total,0.0
1745309625,kashef-k8s-ctl.text-service-fff64b8bf-lsj78,container_cpu_system_seconds_total,0.048
1745309625,kashef-k8s-w1.media-mongodb-7b64c59567-kq2l8,container_cpu_system_seconds_total,0.0
1745309625,kashef-k8s-ctl.nginx-thrift-79478f9bf5-2tkmq,container_cpu_system_seconds_total,0.016
1745309625,kashef-k8s-w1.media-service-6c665c775d-zqqbz,container_cpu_system_seconds_total,0.0
1745309625,kashef-k8s-w1.user-memcached-59687c864d-2c4zx,container_cpu_system_seconds_total,0.0
1745309625,kashef-k8s-ctl.user-mongodb-7745bbd78-hftfp,container_cpu_system_seconds_total,0.222
1745309625,kashef-k8s-w1.url-shorten-service-66949ddcc4-tbw92,container_cpu_system_seconds_total,0.0
1745309625,kashef-k8s-ctl.user-mention-service-5c4f566c5-p2lnr,container_cpu_system_seconds_total,0.064
1745309625,kashef-k8s-w1.unique-id-service-694497b678-flvqw,container_cpu_system_seconds_total,0.0
1745309625,kashef-k8s-w1.home-timeline-service-5754ffbc6d-dcb2w,container_cpu_system_seconds_total,0.0
1745309625,kashef-k8s-w1.url-shorten-mongodb-57c886d5f8-jjq5f,container_cpu_system_seconds_total,0.0
1745309625,kashef-k8s-ctl.user-timeline-mongodb-6758898d48-hf57f,container_cpu_system_seconds_total,0.212
1745309625,kashef-k8s-ctl.media-memcached-7889bdfdfb-kcntj,container_cpu_system_seconds_total,0.061
1745309625,kashef-k8s-w1.user-timeline-service-664c7f6696-g24dm,container_cpu_system_seconds_total,0.0
1745309631,kashef-k8s-w1.user-memcached-59687c864d-2c4zx,container_cpu_system_seconds_total,0.0
1745309631,kashef-k8s-w1.url-shorten-mongodb-57c886d5f8-jjq5f,container_cpu_system_seconds_total,0.0
1745309631,kashef-k8s-ctl.user-timeline-mongodb-6758898d48-hf57f,container_cpu_system_seconds_total,0.212
1745309631,kashef-k8s-w1.url-shorten-service-66949ddcc4-tbw92,container_cpu_system_seconds_total,0.076
1745309631,kashef-k8s-w1.post-storage-mongodb-5579669d8c-ghpw8,container_cpu_system_seconds_total,0.0
1745309631,kashef-k8s-w1.post-storage-service-66c9966f5f-n97sf,container_cpu_system_seconds_total,0.0
1745309631,kashef-k8s-ctl.social-graph-redis-5bbd5b7458-zq76w,container_cpu_system_seconds_total,0.078
1745309631,kashef-k8s-w1.home-timeline-redis-6c6647df6f-vlcfg,container_cpu_system_seconds_total,0.0
1745309631,kashef-k8s-ctl.nginx-thrift-79478f9bf5-2tkmq,container_cpu_system_seconds_total,0.016
1745309631,kashef-k8s-w1.unique-id-service-694497b678-flvqw,container_cpu_system_seconds_total,0.0
1745309631,kashef-k8s-ctl.social-graph-mongodb-55df767ff5-ffr9j,container_cpu_system_seconds_total,0.263
1745309631,kashef-k8s-w1.media-frontend-6b66b95ff4-hm6qt,container_cpu_system_seconds_total,0.0
1745309631,kashef-k8s-w1.media-service-6c665c775d-zqqbz,container_cpu_system_seconds_total,0.0
1745309631,kashef-k8s-w1.post-storage-memcached-6b75788fc6-mdqct,container_cpu_system_seconds_total,0.0
1745309631,kashef-k8s-ctl.user-mention-service-5c4f566c5-p2lnr,container_cpu_system_seconds_total,0.064
1745309631,kashef-k8s-w1.home-timeline-service-5754ffbc6d-dcb2w,container_cpu_system_seconds_total,0.0
1745309631,kashef-k8s-ctl.user-mongodb-7745bbd78-hftfp,container_cpu_system_seconds_total,0.222
1745309631,kashef-k8s-w1.user-timeline-service-664c7f6696-g24dm,container_cpu_system_seconds_total,0.0
1745309631,kashef-k8s-ctl.media-memcached-7889bdfdfb-kcntj,container_cpu_system_seconds_total,0.061
1745309631,kashef-k8s-w1.url-shorten-memcached-6546746864-xgs89,container_cpu_system_seconds_total,0.0
1745309631,kashef-k8s-w1.media-mongodb-7b64c59567-kq2l8,container_cpu_system_seconds_total,0.0
1745309631,kashef-k8s-ctl.jaeger-67997f9775-v5d2k,container_cpu_system_seconds_total,0.03
1745309631,kashef-k8s-ctl.social-graph-service-677dbc655c-6npks,container_cpu_system_seconds_total,0.065
1745309631,kashef-k8s-ctl.compose-post-service-f587bf89d-d8xkk,container_cpu_system_seconds_total,0.057
1745309631,kashef-k8s-w1.user-timeline-redis-67cc95bc57-xq48b,container_cpu_system_seconds_total,0.0
1745309631,kashef-k8s-ctl.text-service-fff64b8bf-lsj78,container_cpu_system_seconds_total,0.048
1745309637,kashef-k8s-w1.user-timeline-redis-67cc95bc57-xq48b,container_cpu_system_seconds_total,0.0
1745309637,kashef-k8s-w1.url-shorten-service-66949ddcc4-tbw92,container_cpu_system_seconds_total,0.076
1745309637,kashef-k8s-ctl.jaeger-67997f9775-v5d2k,container_cpu_system_seconds_total,0.03
1745309637,kashef-k8s-w1.post-storage-mongodb-5579669d8c-ghpw8,container_cpu_system_seconds_total,0.246
1745309637,kashef-k8s-w1.post-storage-service-66c9966f5f-n97sf,container_cpu_system_seconds_total,0.0
1745309637,kashef-k8s-ctl.social-graph-service-677dbc655c-6npks,container_cpu_system_seconds_total,0.065
1745309637,kashef-k8s-ctl.social-graph-mongodb-55df767ff5-ffr9j,container_cpu_system_seconds_total,0.263
1745309637,kashef-k8s-w1.unique-id-service-694497b678-flvqw,container_cpu_system_seconds_total,0.056
1745309637,kashef-k8s-w1.url-shorten-mongodb-57c886d5f8-jjq5f,container_cpu_system_seconds_total,0.0
1745309637,kashef-k8s-ctl.nginx-thrift-79478f9bf5-2tkmq,container_cpu_system_seconds_total,0.016
1745309637,kashef-k8s-w1.media-frontend-6b66b95ff4-hm6qt,container_cpu_system_seconds_total,0.0
1745309637,kashef-k8s-ctl.user-mention-service-5c4f566c5-p2lnr,container_cpu_system_seconds_total,0.064
1745309637,kashef-k8s-w1.post-storage-memcached-6b75788fc6-mdqct,container_cpu_system_seconds_total,0.08
1745309637,kashef-k8s-w1.media-service-6c665c775d-zqqbz,container_cpu_system_seconds_total,0.066
1745309637,kashef-k8s-ctl.user-timeline-mongodb-6758898d48-hf57f,container_cpu_system_seconds_total,0.212
1745309637,kashef-k8s-w1.home-timeline-redis-6c6647df6f-vlcfg,container_cpu_system_seconds_total,0.0
1745309637,kashef-k8s-w1.user-memcached-59687c864d-2c4zx,container_cpu_system_seconds_total,0.07
1745309637,kashef-k8s-w1.media-mongodb-7b64c59567-kq2l8,container_cpu_system_seconds_total,0.23
1745309637,kashef-k8s-ctl.text-service-fff64b8bf-lsj78,container_cpu_system_seconds_total,0.048
1745309637,kashef-k8s-w1.user-timeline-service-664c7f6696-g24dm,container_cpu_system_seconds_total,0.07
1745309637,kashef-k8s-ctl.social-graph-redis-5bbd5b7458-zq76w,container_cpu_system_seconds_total,0.078
1745309637,kashef-k8s-w1.home-timeline-service-5754ffbc6d-dcb2w,container_cpu_system_seconds_total,0.0
1745309637,kashef-k8s-w1.url-shorten-memcached-6546746864-xgs89,container_cpu_system_seconds_total,0.076
1745309637,kashef-k8s-ctl.media-memcached-7889bdfdfb-kcntj,container_cpu_system_seconds_total,0.061
1745309637,kashef-k8s-ctl.compose-post-service-f587bf89d-d8xkk,container_cpu_system_seconds_total,0.057
1745309637,kashef-k8s-ctl.user-mongodb-7745bbd78-hftfp,container_cpu_system_seconds_total,0.222
1745309643,kashef-k8s-ctl.compose-post-service-f587bf89d-d8xkk,container_cpu_system_seconds_total,0.057
1745309643,kashef-k8s-ctl.social-graph-service-677dbc655c-6npks,container_cpu_system_seconds_total,0.065
1745309643,kashef-k8s-w1.home-timeline-redis-6c6647df6f-vlcfg,container_cpu_system_seconds_total,0.096
1745309643,kashef-k8s-ctl.media-memcached-7889bdfdfb-kcntj,container_cpu_system_seconds_total,0.061
1745309643,kashef-k8s-w1.media-mongodb-7b64c59567-kq2l8,container_cpu_system_seconds_total,0.23
1745309643,kashef-k8s-ctl.text-service-fff64b8bf-lsj78,container_cpu_system_seconds_total,0.048
1745309643,kashef-k8s-w1.url-shorten-service-66949ddcc4-tbw92,container_cpu_system_seconds_total,0.076
1745309643,kashef-k8s-w1.unique-id-service-694497b678-flvqw,container_cpu_system_seconds_total,0.056
1745309643,kashef-k8s-ctl.social-graph-redis-5bbd5b7458-zq76w,container_cpu_system_seconds_total,0.078
1745309643,kashef-k8s-w1.home-timeline-service-5754ffbc6d-dcb2w,container_cpu_system_seconds_total,0.068
1745309643,kashef-k8s-w1.url-shorten-mongodb-57c886d5f8-jjq5f,container_cpu_system_seconds_total,0.284
1745309643,kashef-k8s-w1.user-timeline-service-664c7f6696-g24dm,container_cpu_system_seconds_total,0.07
1745309643,kashef-k8s-ctl.nginx-thrift-79478f9bf5-2tkmq,container_cpu_system_seconds_total,0.016
1745309643,kashef-k8s-w1.post-storage-memcached-6b75788fc6-mdqct,container_cpu_system_seconds_total,0.08
1745309643,kashef-k8s-w1.media-service-6c665c775d-zqqbz,container_cpu_system_seconds_total,0.066
1745309643,kashef-k8s-ctl.user-mongodb-7745bbd78-hftfp,container_cpu_system_seconds_total,0.222
1745309643,kashef-k8s-w1.user-timeline-redis-67cc95bc57-xq48b,container_cpu_system_seconds_total,0.1
1745309643,kashef-k8s-ctl.user-mention-service-5c4f566c5-p2lnr,container_cpu_system_seconds_total,0.064
1745309643,kashef-k8s-w1.url-shorten-memcached-6546746864-xgs89,container_cpu_system_seconds_total,0.076
1745309643,kashef-k8s-w1.media-frontend-6b66b95ff4-hm6qt,container_cpu_system_seconds_total,0.0
1745309643,kashef-k8s-w1.post-storage-service-66c9966f5f-n97sf,container_cpu_system_seconds_total,0.09
1745309643,kashef-k8s-w1.post-storage-mongodb-5579669d8c-ghpw8,container_cpu_system_seconds_total,0.246
1745309643,kashef-k8s-ctl.jaeger-67997f9775-v5d2k,container_cpu_system_seconds_total,0.03
1745309643,kashef-k8s-ctl.user-timeline-mongodb-6758898d48-hf57f,container_cpu_system_seconds_total,0.212
1745309643,kashef-k8s-w1.user-memcached-59687c864d-2c4zx,container_cpu_system_seconds_total,0.07
1745309643,kashef-k8s-ctl.social-graph-mongodb-55df767ff5-ffr9j,container_cpu_system_seconds_total,0.263
1745309649,kashef-k8s-w1.user-timeline-service-664c7f6696-g24dm,container_cpu_system_seconds_total,0.07
1745309649,kashef-k8s-ctl.jaeger-67997f9775-v5d2k,container_cpu_system_seconds_total,0.106
1745309649,kashef-k8s-w1.post-storage-mongodb-5579669d8c-ghpw8,container_cpu_system_seconds_total,0.246
1745309649,kashef-k8s-ctl.compose-post-service-f587bf89d-d8xkk,container_cpu_system_seconds_total,0.057
1745309649,kashef-k8s-ctl.nginx-thrift-79478f9bf5-2tkmq,container_cpu_system_seconds_total,0.016
1745309649,kashef-k8s-w1.post-storage-service-66c9966f5f-n97sf,container_cpu_system_seconds_total,0.09
1745309649,kashef-k8s-ctl.user-timeline-mongodb-6758898d48-hf57f,container_cpu_system_seconds_total,0.212
1745309649,kashef-k8s-ctl.user-mongodb-7745bbd78-hftfp,container_cpu_system_seconds_total,0.222
1745309649,kashef-k8s-w1.url-shorten-memcached-6546746864-xgs89,container_cpu_system_seconds_total,0.076
1745309649,kashef-k8s-ctl.user-mention-service-5c4f566c5-p2lnr,container_cpu_system_seconds_total,0.064
1745309649,kashef-k8s-w1.home-timeline-redis-6c6647df6f-vlcfg,container_cpu_system_seconds_total,0.096
1745309649,kashef-k8s-w1.post-storage-memcached-6b75788fc6-mdqct,container_cpu_system_seconds_total,0.08
1745309649,kashef-k8s-w1.media-service-6c665c775d-zqqbz,container_cpu_system_seconds_total,0.066
1745309649,kashef-k8s-w1.unique-id-service-694497b678-flvqw,container_cpu_system_seconds_total,0.056
1745309649,kashef-k8s-w1.url-shorten-mongodb-57c886d5f8-jjq5f,container_cpu_system_seconds_total,0.284
1745309649,kashef-k8s-w1.url-shorten-service-66949ddcc4-tbw92,container_cpu_system_seconds_total,0.076
1745309649,kashef-k8s-w1.media-mongodb-7b64c59567-kq2l8,container_cpu_system_seconds_total,0.23
1745309649,kashef-k8s-w1.user-timeline-redis-67cc95bc57-xq48b,container_cpu_system_seconds_total,0.1
1745309649,kashef-k8s-w1.home-timeline-service-5754ffbc6d-dcb2w,container_cpu_system_seconds_total,0.068
1745309649,kashef-k8s-ctl.text-service-fff64b8bf-lsj78,container_cpu_system_seconds_total,0.048
1745309649,kashef-k8s-ctl.social-graph-redis-5bbd5b7458-zq76w,container_cpu_system_seconds_total,0.078
1745309649,kashef-k8s-w1.media-frontend-6b66b95ff4-hm6qt,container_cpu_system_seconds_total,4.653
1745309649,kashef-k8s-ctl.media-memcached-7889bdfdfb-kcntj,container_cpu_system_seconds_total,0.061
1745309649,kashef-k8s-ctl.social-graph-mongodb-55df767ff5-ffr9j,container_cpu_system_seconds_total,0.272
1745309649,kashef-k8s-w1.user-memcached-59687c864d-2c4zx,container_cpu_system_seconds_total,0.07
1745309649,kashef-k8s-ctl.social-graph-service-677dbc655c-6npks,container_cpu_system_seconds_total,0.065
1745309655,kashef-k8s-ctl.media-memcached-7889bdfdfb-kcntj,container_cpu_system_seconds_total,0.064
1745309655,kashef-k8s-w1.user-memcached-59687c864d-2c4zx,container_cpu_system_seconds_total,0.07
1745309655,kashef-k8s-ctl.compose-post-service-f587bf89d-d8xkk,container_cpu_system_seconds_total,0.057
1745309655,kashef-k8s-ctl.social-graph-service-677dbc655c-6npks,container_cpu_system_seconds_total,0.066
1745309655,kashef-k8s-ctl.social-graph-redis-5bbd5b7458-zq76w,container_cpu_system_seconds_total,0.078
1745309655,kashef-k8s-ctl.nginx-thrift-79478f9bf5-2tkmq,container_cpu_system_seconds_total,0.016
1745309655,kashef-k8s-ctl.text-service-fff64b8bf-lsj78,container_cpu_system_seconds_total,0.048
1745309655,kashef-k8s-w1.media-frontend-6b66b95ff4-hm6qt,container_cpu_system_seconds_total,4.653
1745309655,kashef-k8s-ctl.user-mention-service-5c4f566c5-p2lnr,container_cpu_system_seconds_total,0.064
1745309655,kashef-k8s-w1.url-shorten-mongodb-57c886d5f8-jjq5f,container_cpu_system_seconds_total,0.284
1745309655,kashef-k8s-w1.url-shorten-service-66949ddcc4-tbw92,container_cpu_system_seconds_total,0.076
1745309655,kashef-k8s-w1.post-storage-service-66c9966f5f-n97sf,container_cpu_system_seconds_total,0.09
1745309655,kashef-k8s-w1.home-timeline-service-5754ffbc6d-dcb2w,container_cpu_system_seconds_total,0.068
1745309655,kashef-k8s-w1.unique-id-service-694497b678-flvqw,container_cpu_system_seconds_total,0.056
1745309655,kashef-k8s-w1.media-mongodb-7b64c59567-kq2l8,container_cpu_system_seconds_total,0.23
1745309655,kashef-k8s-w1.user-timeline-redis-67cc95bc57-xq48b,container_cpu_system_seconds_total,0.1
1745309655,kashef-k8s-ctl.user-mongodb-7745bbd78-hftfp,container_cpu_system_seconds_total,0.222
1745309655,kashef-k8s-w1.post-storage-memcached-6b75788fc6-mdqct,container_cpu_system_seconds_total,0.08
1745309655,kashef-k8s-w1.post-storage-mongodb-5579669d8c-ghpw8,container_cpu_system_seconds_total,0.246
1745309655,kashef-k8s-ctl.social-graph-mongodb-55df767ff5-ffr9j,container_cpu_system_seconds_total,0.272
1745309655,kashef-k8s-w1.home-timeline-redis-6c6647df6f-vlcfg,container_cpu_system_seconds_total,0.096
1745309655,kashef-k8s-ctl.user-timeline-mongodb-6758898d48-hf57f,container_cpu_system_seconds_total,0.212
1745309655,kashef-k8s-ctl.jaeger-67997f9775-v5d2k,container_cpu_system_seconds_total,0.106
1745309655,kashef-k8s-w1.user-timeline-service-664c7f6696-g24dm,container_cpu_system_seconds_total,0.07
1745309655,kashef-k8s-w1.url-shorten-memcached-6546746864-xgs89,container_cpu_system_seconds_total,0.076
1745309655,kashef-k8s-w1.media-service-6c665c775d-zqqbz,container_cpu_system_seconds_total,0.066
1745309661,kashef-k8s-ctl.nginx-thrift-79478f9bf5-2tkmq,container_cpu_system_seconds_total,5.957
1745309661,kashef-k8s-ctl.user-mention-service-5c4f566c5-p2lnr,container_cpu_system_seconds_total,0.064
1745309661,kashef-k8s-w1.user-memcached-59687c864d-2c4zx,container_cpu_system_seconds_total,0.07
1745309661,kashef-k8s-ctl.media-memcached-7889bdfdfb-kcntj,container_cpu_system_seconds_total,0.064
1745309661,kashef-k8s-ctl.social-graph-redis-5bbd5b7458-zq76w,container_cpu_system_seconds_total,0.131
1745309661,kashef-k8s-w1.media-service-6c665c775d-zqqbz,container_cpu_system_seconds_total,0.066
1745309661,kashef-k8s-w1.url-shorten-service-66949ddcc4-tbw92,container_cpu_system_seconds_total,0.076
1745309661,kashef-k8s-ctl.jaeger-67997f9775-v5d2k,container_cpu_system_seconds_total,0.106
1745309661,kashef-k8s-w1.post-storage-service-66c9966f5f-n97sf,container_cpu_system_seconds_total,0.09
1745309661,kashef-k8s-w1.url-shorten-mongodb-57c886d5f8-jjq5f,container_cpu_system_seconds_total,0.284
1745309661,kashef-k8s-w1.unique-id-service-694497b678-flvqw,container_cpu_system_seconds_total,0.056
1745309661,kashef-k8s-w1.media-mongodb-7b64c59567-kq2l8,container_cpu_system_seconds_total,0.258
1745309661,kashef-k8s-w1.user-timeline-redis-67cc95bc57-xq48b,container_cpu_system_seconds_total,0.1
1745309661,kashef-k8s-w1.home-timeline-service-5754ffbc6d-dcb2w,container_cpu_system_seconds_total,0.068
1745309661,kashef-k8s-ctl.text-service-fff64b8bf-lsj78,container_cpu_system_seconds_total,0.048
1745309661,kashef-k8s-ctl.compose-post-service-f587bf89d-d8xkk,container_cpu_system_seconds_total,0.057
1745309661,kashef-k8s-ctl.user-timeline-mongodb-6758898d48-hf57f,container_cpu_system_seconds_total,0.212
1745309661,kashef-k8s-w1.home-timeline-redis-6c6647df6f-vlcfg,container_cpu_system_seconds_total,0.096
1745309661,kashef-k8s-w1.post-storage-memcached-6b75788fc6-mdqct,container_cpu_system_seconds_total,0.08
1745309661,kashef-k8s-ctl.user-mongodb-7745bbd78-hftfp,container_cpu_system_seconds_total,0.226
1745309661,kashef-k8s-w1.url-shorten-memcached-6546746864-xgs89,container_cpu_system_seconds_total,0.076
1745309661,kashef-k8s-w1.post-storage-mongodb-5579669d8c-ghpw8,container_cpu_system_seconds_total,0.246
1745309661,kashef-k8s-ctl.social-graph-mongodb-55df767ff5-ffr9j,container_cpu_system_seconds_total,0.272
1745309661,kashef-k8s-w1.media-frontend-6b66b95ff4-hm6qt,container_cpu_system_seconds_total,4.653
1745309661,kashef-k8s-ctl.social-graph-service-677dbc655c-6npks,container_cpu_system_seconds_total,0.066
1745309661,kashef-k8s-w1.user-timeline-service-664c7f6696-g24dm,container_cpu_system_seconds_total,0.07
1745309667,kashef-k8s-ctl.social-graph-mongodb-55df767ff5-ffr9j,container_cpu_system_seconds_total,0.272
1745309667,kashef-k8s-w1.user-memcached-59687c864d-2c4zx,container_cpu_system_seconds_total,0.078
1745309667,kashef-k8s-ctl.social-graph-service-677dbc655c-6npks,container_cpu_system_seconds_total,0.066
1745309667,kashef-k8s-ctl.media-memcached-7889bdfdfb-kcntj,container_cpu_system_seconds_total,0.064
1745309667,kashef-k8s-w1.post-storage-mongodb-5579669d8c-ghpw8,container_cpu_system_seconds_total,0.246
1745309667,kashef-k8s-ctl.user-mongodb-7745bbd78-hftfp,container_cpu_system_seconds_total,0.226
1745309667,kashef-k8s-w1.post-storage-memcached-6b75788fc6-mdqct,container_cpu_system_seconds_total,0.082
1745309667,kashef-k8s-w1.media-frontend-6b66b95ff4-hm6qt,container_cpu_system_seconds_total,4.653
1745309667,kashef-k8s-w1.home-timeline-redis-6c6647df6f-vlcfg,container_cpu_system_seconds_total,0.117
1745309667,kashef-k8s-ctl.user-mention-service-5c4f566c5-p2lnr,container_cpu_system_seconds_total,0.064
1745309667,kashef-k8s-w1.url-shorten-memcached-6546746864-xgs89,container_cpu_system_seconds_total,0.078
1745309667,kashef-k8s-w1.unique-id-service-694497b678-flvqw,container_cpu_system_seconds_total,0.056
1745309667,kashef-k8s-w1.url-shorten-mongodb-57c886d5f8-jjq5f,container_cpu_system_seconds_total,0.323
1745309667,kashef-k8s-ctl.user-timeline-mongodb-6758898d48-hf57f,container_cpu_system_seconds_total,0.212
1745309667,kashef-k8s-w1.user-timeline-redis-67cc95bc57-xq48b,container_cpu_system_seconds_total,0.1
1745309667,kashef-k8s-w1.home-timeline-service-5754ffbc6d-dcb2w,container_cpu_system_seconds_total,0.068
1745309667,kashef-k8s-ctl.social-graph-redis-5bbd5b7458-zq76w,container_cpu_system_seconds_total,0.131
1745309667,kashef-k8s-ctl.text-service-fff64b8bf-lsj78,container_cpu_system_seconds_total,0.048
1745309667,kashef-k8s-w1.media-mongodb-7b64c59567-kq2l8,container_cpu_system_seconds_total,0.258
1745309667,kashef-k8s-ctl.nginx-thrift-79478f9bf5-2tkmq,container_cpu_system_seconds_total,5.957
1745309667,kashef-k8s-ctl.jaeger-67997f9775-v5d2k,container_cpu_system_seconds_total,0.106
1745309667,kashef-k8s-w1.media-service-6c665c775d-zqqbz,container_cpu_system_seconds_total,0.066
1745309667,kashef-k8s-w1.url-shorten-service-66949ddcc4-tbw92,container_cpu_system_seconds_total,0.077
1745309667,kashef-k8s-w1.post-storage-service-66c9966f5f-n97sf,container_cpu_system_seconds_total,0.09
1745309667,kashef-k8s-w1.user-timeline-service-664c7f6696-g24dm,container_cpu_system_seconds_total,0.071
1745309667,kashef-k8s-ctl.compose-post-service-f587bf89d-d8xkk,container_cpu_system_seconds_total,0.057
1745309673,kashef-k8s-ctl.social-graph-service-677dbc655c-6npks,container_cpu_system_seconds_total,0.066
1745309673,kashef-k8s-ctl.media-memcached-7889bdfdfb-kcntj,container_cpu_system_seconds_total,0.064
1745309673,kashef-k8s-w1.user-memcached-59687c864d-2c4zx,container_cpu_system_seconds_total,0.078
1745309673,kashef-k8s-ctl.social-graph-mongodb-55df767ff5-ffr9j,container_cpu_system_seconds_total,0.272
1745309673,kashef-k8s-w1.media-frontend-6b66b95ff4-hm6qt,container_cpu_system_seconds_total,4.653
1745309673,kashef-k8s-w1.home-timeline-redis-6c6647df6f-vlcfg,container_cpu_system_seconds_total,0.117
1745309673,kashef-k8s-w1.home-timeline-service-5754ffbc6d-dcb2w,container_cpu_system_seconds_total,0.068
1745309673,kashef-k8s-w1.user-timeline-redis-67cc95bc57-xq48b,container_cpu_system_seconds_total,0.132
1745309673,kashef-k8s-w1.url-shorten-mongodb-57c886d5f8-jjq5f,container_cpu_system_seconds_total,0.323
1745309673,kashef-k8s-ctl.user-timeline-mongodb-6758898d48-hf57f,container_cpu_system_seconds_total,0.212
1745309673,kashef-k8s-ctl.text-service-fff64b8bf-lsj78,container_cpu_system_seconds_total,0.048
1745309673,kashef-k8s-ctl.user-mention-service-5c4f566c5-p2lnr,container_cpu_system_seconds_total,0.064
1745309673,kashef-k8s-w1.media-service-6c665c775d-zqqbz,container_cpu_system_seconds_total,0.066
1745309673,kashef-k8s-w1.post-storage-mongodb-5579669d8c-ghpw8,container_cpu_system_seconds_total,0.293
1745309673,kashef-k8s-w1.post-storage-memcached-6b75788fc6-mdqct,container_cpu_system_seconds_total,0.082
1745309673,kashef-k8s-ctl.user-mongodb-7745bbd78-hftfp,container_cpu_system_seconds_total,0.226
1745309673,kashef-k8s-w1.media-mongodb-7b64c59567-kq2l8,container_cpu_system_seconds_total,0.258
1745309673,kashef-k8s-w1.unique-id-service-694497b678-flvqw,container_cpu_system_seconds_total,0.056
1745309673,kashef-k8s-w1.post-storage-service-66c9966f5f-n97sf,container_cpu_system_seconds_total,0.091
1745309673,kashef-k8s-ctl.compose-post-service-f587bf89d-d8xkk,container_cpu_system_seconds_total,0.057
1745309673,kashef-k8s-ctl.jaeger-67997f9775-v5d2k,container_cpu_system_seconds_total,0.106
1745309673,kashef-k8s-ctl.social-graph-redis-5bbd5b7458-zq76w,container_cpu_system_seconds_total,0.131
1745309673,kashef-k8s-w1.url-shorten-service-66949ddcc4-tbw92,container_cpu_system_seconds_total,0.077
1745309673,kashef-k8s-ctl.nginx-thrift-79478f9bf5-2tkmq,container_cpu_system_seconds_total,5.957
1745309673,kashef-k8s-w1.url-shorten-memcached-6546746864-xgs89,container_cpu_system_seconds_total,0.078
1745309673,kashef-k8s-w1.user-timeline-service-664c7f6696-g24dm,container_cpu_system_seconds_total,0.071
1745309679,kashef-k8s-w1.media-service-6c665c775d-zqqbz,container_cpu_system_seconds_total,0.066
1745309679,kashef-k8s-w1.home-timeline-service-5754ffbc6d-dcb2w,container_cpu_system_seconds_total,0.068
1745309679,kashef-k8s-w1.user-timeline-redis-67cc95bc57-xq48b,container_cpu_system_seconds_total,0.132
1745309679,kashef-k8s-ctl.social-graph-service-677dbc655c-6npks,container_cpu_system_seconds_total,0.066
1745309679,kashef-k8s-ctl.media-memcached-7889bdfdfb-kcntj,container_cpu_system_seconds_total,0.064
1745309679,kashef-k8s-w1.media-frontend-6b66b95ff4-hm6qt,container_cpu_system_seconds_total,5.52
1745309679,kashef-k8s-w1.unique-id-service-694497b678-flvqw,container_cpu_system_seconds_total,0.056
1745309679,kashef-k8s-ctl.user-timeline-mongodb-6758898d48-hf57f,container_cpu_system_seconds_total,0.212
1745309679,kashef-k8s-ctl.user-mention-service-5c4f566c5-p2lnr,container_cpu_system_seconds_total,0.064
1745309679,kashef-k8s-ctl.text-service-fff64b8bf-lsj78,container_cpu_system_seconds_total,0.048
1745309679,kashef-k8s-w1.post-storage-memcached-6b75788fc6-mdqct,container_cpu_system_seconds_total,0.082
1745309679,kashef-k8s-ctl.user-mongodb-7745bbd78-hftfp,container_cpu_system_seconds_total,0.226
1745309679,kashef-k8s-w1.home-timeline-redis-6c6647df6f-vlcfg,container_cpu_system_seconds_total,0.117
1745309679,kashef-k8s-w1.post-storage-mongodb-5579669d8c-ghpw8,container_cpu_system_seconds_total,0.293
1745309679,kashef-k8s-ctl.jaeger-67997f9775-v5d2k,container_cpu_system_seconds_total,0.106
1745309679,kashef-k8s-w1.url-shorten-service-66949ddcc4-tbw92,container_cpu_system_seconds_total,0.077
1745309679,kashef-k8s-w1.media-mongodb-7b64c59567-kq2l8,container_cpu_system_seconds_total,0.258
1745309679,kashef-k8s-ctl.social-graph-redis-5bbd5b7458-zq76w,container_cpu_system_seconds_total,0.131
1745309679,kashef-k8s-w1.user-timeline-service-664c7f6696-g24dm,container_cpu_system_seconds_total,0.071
1745309679,kashef-k8s-w1.url-shorten-mongodb-57c886d5f8-jjq5f,container_cpu_system_seconds_total,0.323
1745309679,kashef-k8s-w1.post-storage-service-66c9966f5f-n97sf,container_cpu_system_seconds_total,0.091
1745309679,kashef-k8s-ctl.nginx-thrift-79478f9bf5-2tkmq,container_cpu_system_seconds_total,5.959
1745309679,kashef-k8s-ctl.compose-post-service-f587bf89d-d8xkk,container_cpu_system_seconds_total,0.057
1745309679,kashef-k8s-w1.user-memcached-59687c864d-2c4zx,container_cpu_system_seconds_total,0.078
1745309679,kashef-k8s-ctl.social-graph-mongodb-55df767ff5-ffr9j,container_cpu_system_seconds_total,0.272
1745309679,kashef-k8s-w1.url-shorten-memcached-6546746864-xgs89,container_cpu_system_seconds_total,0.078
1745309685,kashef-k8s-ctl.media-memcached-7889bdfdfb-kcntj,container_cpu_system_seconds_total,0.064
1745309685,kashef-k8s-ctl.social-graph-service-677dbc655c-6npks,container_cpu_system_seconds_total,0.066
1745309685,kashef-k8s-w1.home-timeline-service-5754ffbc6d-dcb2w,container_cpu_system_seconds_total,0.068
1745309685,kashef-k8s-w1.url-shorten-mongodb-57c886d5f8-jjq5f,container_cpu_system_seconds_total,0.323
1745309685,kashef-k8s-w1.url-shorten-memcached-6546746864-xgs89,container_cpu_system_seconds_total,0.078
1745309685,kashef-k8s-ctl.user-mention-service-5c4f566c5-p2lnr,container_cpu_system_seconds_total,0.064
1745309685,kashef-k8s-w1.user-timeline-redis-67cc95bc57-xq48b,container_cpu_system_seconds_total,0.132
1745309685,kashef-k8s-ctl.user-timeline-mongodb-6758898d48-hf57f,container_cpu_system_seconds_total,0.235
1745309685,kashef-k8s-w1.unique-id-service-694497b678-flvqw,container_cpu_system_seconds_total,0.056
1745309685,kashef-k8s-w1.media-mongodb-7b64c59567-kq2l8,container_cpu_system_seconds_total,0.258
1745309685,kashef-k8s-w1.media-frontend-6b66b95ff4-hm6qt,container_cpu_system_seconds_total,5.52
1745309685,kashef-k8s-w1.url-shorten-service-66949ddcc4-tbw92,container_cpu_system_seconds_total,0.077
1745309685,kashef-k8s-ctl.nginx-thrift-79478f9bf5-2tkmq,container_cpu_system_seconds_total,5.959
1745309685,kashef-k8s-ctl.social-graph-redis-5bbd5b7458-zq76w,container_cpu_system_seconds_total,0.131
1745309685,kashef-k8s-ctl.compose-post-service-f587bf89d-d8xkk,container_cpu_system_seconds_total,0.057
1745309685,kashef-k8s-ctl.user-mongodb-7745bbd78-hftfp,container_cpu_system_seconds_total,0.226
1745309685,kashef-k8s-w1.post-storage-service-66c9966f5f-n97sf,container_cpu_system_seconds_total,0.091
1745309685,kashef-k8s-w1.user-timeline-service-664c7f6696-g24dm,container_cpu_system_seconds_total,0.071
1745309685,kashef-k8s-w1.post-storage-mongodb-5579669d8c-ghpw8,container_cpu_system_seconds_total,0.293
1745309685,kashef-k8s-ctl.text-service-fff64b8bf-lsj78,container_cpu_system_seconds_total,0.048
1745309685,kashef-k8s-w1.post-storage-memcached-6b75788fc6-mdqct,container_cpu_system_seconds_total,0.082
1745309685,kashef-k8s-ctl.jaeger-67997f9775-v5d2k,container_cpu_system_seconds_total,0.112
1745309685,kashef-k8s-w1.user-memcached-59687c864d-2c4zx,container_cpu_system_seconds_total,0.078
1745309685,kashef-k8s-ctl.social-graph-mongodb-55df767ff5-ffr9j,container_cpu_system_seconds_total,0.284
1745309685,kashef-k8s-w1.media-service-6c665c775d-zqqbz,container_cpu_system_seconds_total,0.066
1745309685,kashef-k8s-w1.home-timeline-redis-6c6647df6f-vlcfg,container_cpu_system_seconds_total,0.117
1745309691,kashef-k8s-ctl.user-mention-service-5c4f566c5-p2lnr,container_cpu_system_seconds_total,0.064
1745309691,kashef-k8s-w1.user-timeline-redis-67cc95bc57-xq48b,container_cpu_system_seconds_total,0.132
1745309691,kashef-k8s-w1.user-timeline-service-664c7f6696-g24dm,container_cpu_system_seconds_total,0.071
1745309691,kashef-k8s-w1.url-shorten-memcached-6546746864-xgs89,container_cpu_system_seconds_total,0.078
1745309691,kashef-k8s-ctl.compose-post-service-f587bf89d-d8xkk,container_cpu_system_seconds_total,0.057
1745309691,kashef-k8s-ctl.social-graph-service-677dbc655c-6npks,container_cpu_system_seconds_total,0.068
1745309691,kashef-k8s-w1.url-shorten-service-66949ddcc4-tbw92,container_cpu_system_seconds_total,0.077
1745309691,kashef-k8s-w1.post-storage-memcached-6b75788fc6-mdqct,container_cpu_system_seconds_total,0.082
1745309691,kashef-k8s-w1.media-frontend-6b66b95ff4-hm6qt,container_cpu_system_seconds_total,5.52
1745309691,kashef-k8s-w1.media-mongodb-7b64c59567-kq2l8,container_cpu_system_seconds_total,0.299
1745309691,kashef-k8s-ctl.user-timeline-mongodb-6758898d48-hf57f,container_cpu_system_seconds_total,0.235
1745309691,kashef-k8s-w1.unique-id-service-694497b678-flvqw,container_cpu_system_seconds_total,0.056
1745309691,kashef-k8s-ctl.nginx-thrift-79478f9bf5-2tkmq,container_cpu_system_seconds_total,5.959
1745309691,kashef-k8s-ctl.social-graph-redis-5bbd5b7458-zq76w,container_cpu_system_seconds_total,0.173
1745309691,kashef-k8s-w1.home-timeline-service-5754ffbc6d-dcb2w,container_cpu_system_seconds_total,0.068
1745309691,kashef-k8s-w1.user-memcached-59687c864d-2c4zx,container_cpu_system_seconds_total,0.078
1745309691,kashef-k8s-ctl.media-memcached-7889bdfdfb-kcntj,container_cpu_system_seconds_total,0.07
1745309691,kashef-k8s-w1.home-timeline-redis-6c6647df6f-vlcfg,container_cpu_system_seconds_total,0.117
1745309691,kashef-k8s-w1.post-storage-mongodb-5579669d8c-ghpw8,container_cpu_system_seconds_total,0.293
1745309691,kashef-k8s-w1.post-storage-service-66c9966f5f-n97sf,container_cpu_system_seconds_total,0.091
1745309691,kashef-k8s-ctl.user-mongodb-7745bbd78-hftfp,container_cpu_system_seconds_total,0.237
1745309691,kashef-k8s-w1.media-service-6c665c775d-zqqbz,container_cpu_system_seconds_total,0.066
1745309691,kashef-k8s-ctl.social-graph-mongodb-55df767ff5-ffr9j,container_cpu_system_seconds_total,0.284
1745309691,kashef-k8s-ctl.text-service-fff64b8bf-lsj78,container_cpu_system_seconds_total,0.048
1745309691,kashef-k8s-w1.url-shorten-mongodb-57c886d5f8-jjq5f,container_cpu_system_seconds_total,0.323
1745309691,kashef-k8s-ctl.jaeger-67997f9775-v5d2k,container_cpu_system_seconds_total,0.112
1745309697,kashef-k8s-w1.user-timeline-service-664c7f6696-g24dm,container_cpu_system_seconds_total,0.071
1745309697,kashef-k8s-w1.url-shorten-mongodb-57c886d5f8-jjq5f,container_cpu_system_seconds_total,0.323
1745309697,kashef-k8s-ctl.social-graph-mongodb-55df767ff5-ffr9j,container_cpu_system_seconds_total,0.284
1745309697,kashef-k8s-ctl.media-memcached-7889bdfdfb-kcntj,container_cpu_system_seconds_total,0.07
1745309697,kashef-k8s-w1.post-storage-service-66c9966f5f-n97sf,container_cpu_system_seconds_total,0.091
1745309697,kashef-k8s-ctl.user-mongodb-7745bbd78-hftfp,container_cpu_system_seconds_total,0.237
1745309697,kashef-k8s-ctl.user-mention-service-5c4f566c5-p2lnr,container_cpu_system_seconds_total,0.064
1745309697,kashef-k8s-w1.post-storage-mongodb-5579669d8c-ghpw8,container_cpu_system_seconds_total,0.293
1745309697,kashef-k8s-w1.user-timeline-redis-67cc95bc57-xq48b,container_cpu_system_seconds_total,0.158
1745309697,kashef-k8s-ctl.nginx-thrift-79478f9bf5-2tkmq,container_cpu_system_seconds_total,5.959
1745309697,kashef-k8s-ctl.compose-post-service-f587bf89d-d8xkk,container_cpu_system_seconds_total,0.057
1745309697,kashef-k8s-w1.unique-id-service-694497b678-flvqw,container_cpu_system_seconds_total,0.056
1745309697,kashef-k8s-ctl.social-graph-redis-5bbd5b7458-zq76w,container_cpu_system_seconds_total,0.173
1745309697,kashef-k8s-w1.url-shorten-service-66949ddcc4-tbw92,container_cpu_system_seconds_total,0.08
1745309697,kashef-k8s-w1.post-storage-memcached-6b75788fc6-mdqct,container_cpu_system_seconds_total,0.088
1745309697,kashef-k8s-w1.media-service-6c665c775d-zqqbz,container_cpu_system_seconds_total,0.066
1745309697,kashef-k8s-w1.media-frontend-6b66b95ff4-hm6qt,container_cpu_system_seconds_total,5.52
1745309697,kashef-k8s-ctl.user-timeline-mongodb-6758898d48-hf57f,container_cpu_system_seconds_total,0.235
1745309697,kashef-k8s-w1.user-memcached-59687c864d-2c4zx,container_cpu_system_seconds_total,0.084
1745309697,kashef-k8s-ctl.text-service-fff64b8bf-lsj78,container_cpu_system_seconds_total,0.048
1745309697,kashef-k8s-ctl.jaeger-67997f9775-v5d2k,container_cpu_system_seconds_total,0.112
1745309697,kashef-k8s-w1.media-mongodb-7b64c59567-kq2l8,container_cpu_system_seconds_total,0.299
1745309697,kashef-k8s-w1.home-timeline-redis-6c6647df6f-vlcfg,container_cpu_system_seconds_total,0.152
1745309697,kashef-k8s-w1.url-shorten-memcached-6546746864-xgs89,container_cpu_system_seconds_total,0.078
1745309697,kashef-k8s-w1.home-timeline-service-5754ffbc6d-dcb2w,container_cpu_system_seconds_total,0.068
1745309697,kashef-k8s-ctl.social-graph-service-677dbc655c-6npks,container_cpu_system_seconds_total,0.068
1745309703,kashef-k8s-ctl.compose-post-service-f587bf89d-d8xkk,container_cpu_system_seconds_total,0.057
1745309703,kashef-k8s-ctl.user-mongodb-7745bbd78-hftfp,container_cpu_system_seconds_total,0.237
1745309703,kashef-k8s-w1.url-shorten-mongodb-57c886d5f8-jjq5f,container_cpu_system_seconds_total,0.388
1745309703,kashef-k8s-w1.url-shorten-memcached-6546746864-xgs89,container_cpu_system_seconds_total,0.084
1745309703,kashef-k8s-ctl.social-graph-service-677dbc655c-6npks,container_cpu_system_seconds_total,0.068
1745309703,kashef-k8s-w1.user-timeline-redis-67cc95bc57-xq48b,container_cpu_system_seconds_total,0.158
1745309703,kashef-k8s-ctl.user-timeline-mongodb-6758898d48-hf57f,container_cpu_system_seconds_total,0.235
1745309703,kashef-k8s-ctl.social-graph-redis-5bbd5b7458-zq76w,container_cpu_system_seconds_total,0.173
1745309703,kashef-k8s-w1.url-shorten-service-66949ddcc4-tbw92,container_cpu_system_seconds_total,0.08
1745309703,kashef-k8s-w1.media-frontend-6b66b95ff4-hm6qt,container_cpu_system_seconds_total,5.52
1745309703,kashef-k8s-ctl.user-mention-service-5c4f566c5-p2lnr,container_cpu_system_seconds_total,0.064
1745309703,kashef-k8s-w1.post-storage-mongodb-5579669d8c-ghpw8,container_cpu_system_seconds_total,0.338
1745309703,kashef-k8s-w1.media-service-6c665c775d-zqqbz,container_cpu_system_seconds_total,0.066
1745309703,kashef-k8s-w1.post-storage-memcached-6b75788fc6-mdqct,container_cpu_system_seconds_total,0.088
1745309703,kashef-k8s-w1.post-storage-service-66c9966f5f-n97sf,container_cpu_system_seconds_total,0.091
1745309703,kashef-k8s-w1.home-timeline-service-5754ffbc6d-dcb2w,container_cpu_system_seconds_total,0.068
1745309703,kashef-k8s-ctl.nginx-thrift-79478f9bf5-2tkmq,container_cpu_system_seconds_total,5.959
1745309703,kashef-k8s-ctl.jaeger-67997f9775-v5d2k,container_cpu_system_seconds_total,0.112
1745309703,kashef-k8s-ctl.media-memcached-7889bdfdfb-kcntj,container_cpu_system_seconds_total,0.07
1745309703,kashef-k8s-w1.unique-id-service-694497b678-flvqw,container_cpu_system_seconds_total,0.056
1745309703,kashef-k8s-w1.media-mongodb-7b64c59567-kq2l8,container_cpu_system_seconds_total,0.299
1745309703,kashef-k8s-w1.home-timeline-redis-6c6647df6f-vlcfg,container_cpu_system_seconds_total,0.152
1745309703,kashef-k8s-ctl.text-service-fff64b8bf-lsj78,container_cpu_system_seconds_total,0.048
1745309703,kashef-k8s-ctl.social-graph-mongodb-55df767ff5-ffr9j,container_cpu_system_seconds_total,0.284
1745309703,kashef-k8s-w1.user-timeline-service-664c7f6696-g24dm,container_cpu_system_seconds_total,0.072
1745309703,kashef-k8s-w1.user-memcached-59687c864d-2c4zx,container_cpu_system_seconds_total,0.084
1745309709,kashef-k8s-w1.user-timeline-redis-67cc95bc57-xq48b,container_cpu_system_seconds_total,0.158
1745309709,kashef-k8s-ctl.media-memcached-7889bdfdfb-kcntj,container_cpu_system_seconds_total,0.07
1745309709,kashef-k8s-w1.user-timeline-service-664c7f6696-g24dm,container_cpu_system_seconds_total,0.072
1745309709,kashef-k8s-w1.user-memcached-59687c864d-2c4zx,container_cpu_system_seconds_total,0.084
1745309709,kashef-k8s-ctl.social-graph-mongodb-55df767ff5-ffr9j,container_cpu_system_seconds_total,0.284
1745309709,kashef-k8s-w1.url-shorten-memcached-6546746864-xgs89,container_cpu_system_seconds_total,0.084
1745309709,kashef-k8s-ctl.text-service-fff64b8bf-lsj78,container_cpu_system_seconds_total,0.048
1745309709,kashef-k8s-w1.unique-id-service-694497b678-flvqw,container_cpu_system_seconds_total,0.056
1745309709,kashef-k8s-w1.home-timeline-service-5754ffbc6d-dcb2w,container_cpu_system_seconds_total,0.068
1745309709,kashef-k8s-w1.post-storage-service-66c9966f5f-n97sf,container_cpu_system_seconds_total,0.091
1745309709,kashef-k8s-w1.url-shorten-service-66949ddcc4-tbw92,container_cpu_system_seconds_total,0.08
1745309709,kashef-k8s-w1.home-timeline-redis-6c6647df6f-vlcfg,container_cpu_system_seconds_total,0.152
1745309709,kashef-k8s-w1.media-mongodb-7b64c59567-kq2l8,container_cpu_system_seconds_total,0.299
1745309709,kashef-k8s-ctl.nginx-thrift-79478f9bf5-2tkmq,container_cpu_system_seconds_total,5.98
1745309709,kashef-k8s-ctl.social-graph-redis-5bbd5b7458-zq76w,container_cpu_system_seconds_total,0.173
1745309709,kashef-k8s-ctl.user-timeline-mongodb-6758898d48-hf57f,container_cpu_system_seconds_total,0.235
1745309709,kashef-k8s-w1.post-storage-memcached-6b75788fc6-mdqct,container_cpu_system_seconds_total,0.088
1745309709,kashef-k8s-w1.media-frontend-6b66b95ff4-hm6qt,container_cpu_system_seconds_total,5.52
1745309709,kashef-k8s-w1.post-storage-mongodb-5579669d8c-ghpw8,container_cpu_system_seconds_total,0.338
1745309709,kashef-k8s-ctl.user-mention-service-5c4f566c5-p2lnr,container_cpu_system_seconds_total,0.064
1745309709,kashef-k8s-w1.media-service-6c665c775d-zqqbz,container_cpu_system_seconds_total,0.066
1745309709,kashef-k8s-ctl.compose-post-service-f587bf89d-d8xkk,container_cpu_system_seconds_total,0.114
1745309709,kashef-k8s-ctl.user-mongodb-7745bbd78-hftfp,container_cpu_system_seconds_total,0.237
1745309709,kashef-k8s-ctl.jaeger-67997f9775-v5d2k,container_cpu_system_seconds_total,0.112
1745309709,kashef-k8s-ctl.social-graph-service-677dbc655c-6npks,container_cpu_system_seconds_total,0.068
1745309709,kashef-k8s-w1.url-shorten-mongodb-57c886d5f8-jjq5f,container_cpu_system_seconds_total,0.388
1745309715,kashef-k8s-w1.url-shorten-mongodb-57c886d5f8-jjq5f,container_cpu_system_seconds_total,0.388
1745309715,kashef-k8s-ctl.media-memcached-7889bdfdfb-kcntj,container_cpu_system_seconds_total,0.07
1745309715,kashef-k8s-w1.user-timeline-service-664c7f6696-g24dm,container_cpu_system_seconds_total,0.072
1745309715,kashef-k8s-w1.user-memcached-59687c864d-2c4zx,container_cpu_system_seconds_total,0.084
1745309715,kashef-k8s-ctl.compose-post-service-f587bf89d-d8xkk,container_cpu_system_seconds_total,0.114
1745309715,kashef-k8s-w1.user-timeline-redis-67cc95bc57-xq48b,container_cpu_system_seconds_total,0.158
1745309715,kashef-k8s-ctl.user-timeline-mongodb-6758898d48-hf57f,container_cpu_system_seconds_total,0.247
1745309715,kashef-k8s-w1.home-timeline-service-5754ffbc6d-dcb2w,container_cpu_system_seconds_total,0.068
1745309715,kashef-k8s-w1.post-storage-service-66c9966f5f-n97sf,container_cpu_system_seconds_total,0.091
1745309715,kashef-k8s-w1.media-mongodb-7b64c59567-kq2l8,container_cpu_system_seconds_total,0.299
1745309715,kashef-k8s-w1.unique-id-service-694497b678-flvqw,container_cpu_system_seconds_total,0.056
1745309715,kashef-k8s-w1.url-shorten-service-66949ddcc4-tbw92,container_cpu_system_seconds_total,0.08
1745309715,kashef-k8s-w1.home-timeline-redis-6c6647df6f-vlcfg,container_cpu_system_seconds_total,0.152
1745309715,kashef-k8s-w1.media-service-6c665c775d-zqqbz,container_cpu_system_seconds_total,0.066
1745309715,kashef-k8s-w1.post-storage-memcached-6b75788fc6-mdqct,container_cpu_system_seconds_total,0.088
1745309715,kashef-k8s-ctl.user-mongodb-7745bbd78-hftfp,container_cpu_system_seconds_total,0.237
1745309715,kashef-k8s-ctl.jaeger-67997f9775-v5d2k,container_cpu_system_seconds_total,0.119
1745309715,kashef-k8s-ctl.text-service-fff64b8bf-lsj78,container_cpu_system_seconds_total,0.048
1745309715,kashef-k8s-w1.post-storage-mongodb-5579669d8c-ghpw8,container_cpu_system_seconds_total,0.338
1745309715,kashef-k8s-ctl.user-mention-service-5c4f566c5-p2lnr,container_cpu_system_seconds_total,0.064
1745309715,kashef-k8s-w1.media-frontend-6b66b95ff4-hm6qt,container_cpu_system_seconds_total,5.52
1745309715,kashef-k8s-ctl.nginx-thrift-79478f9bf5-2tkmq,container_cpu_system_seconds_total,5.98
1745309715,kashef-k8s-ctl.social-graph-redis-5bbd5b7458-zq76w,container_cpu_system_seconds_total,0.173
1745309715,kashef-k8s-ctl.social-graph-service-677dbc655c-6npks,container_cpu_system_seconds_total,0.069
1745309715,kashef-k8s-ctl.social-graph-mongodb-55df767ff5-ffr9j,container_cpu_system_seconds_total,0.311
1745309715,kashef-k8s-w1.url-shorten-memcached-6546746864-xgs89,container_cpu_system_seconds_total,0.084
1745309721,kashef-k8s-ctl.media-memcached-7889bdfdfb-kcntj,container_cpu_system_seconds_total,0.07
1745309721,kashef-k8s-w1.user-memcached-59687c864d-2c4zx,container_cpu_system_seconds_total,0.084
1745309721,kashef-k8s-ctl.social-graph-service-677dbc655c-6npks,container_cpu_system_seconds_total,0.069
1745309721,kashef-k8s-w1.user-timeline-service-664c7f6696-g24dm,container_cpu_system_seconds_total,0.072
1745309721,kashef-k8s-w1.url-shorten-mongodb-57c886d5f8-jjq5f,container_cpu_system_seconds_total,0.388
1745309721,kashef-k8s-w1.post-storage-mongodb-5579669d8c-ghpw8,container_cpu_system_seconds_total,0.338
1745309721,kashef-k8s-w1.media-service-6c665c775d-zqqbz,container_cpu_system_seconds_total,0.066
1745309721,kashef-k8s-ctl.compose-post-service-f587bf89d-d8xkk,container_cpu_system_seconds_total,0.114
1745309721,kashef-k8s-w1.post-storage-memcached-6b75788fc6-mdqct,container_cpu_system_seconds_total,0.088
1745309721,kashef-k8s-w1.media-frontend-6b66b95ff4-hm6qt,container_cpu_system_seconds_total,5.52
1745309721,kashef-k8s-ctl.user-mongodb-7745bbd78-hftfp,container_cpu_system_seconds_total,0.266
1745309721,kashef-k8s-ctl.text-service-fff64b8bf-lsj78,container_cpu_system_seconds_total,0.067
1745309721,kashef-k8s-ctl.nginx-thrift-79478f9bf5-2tkmq,container_cpu_system_seconds_total,5.98
1745309721,kashef-k8s-ctl.user-timeline-mongodb-6758898d48-hf57f,container_cpu_system_seconds_total,0.247
1745309721,kashef-k8s-ctl.social-graph-redis-5bbd5b7458-zq76w,container_cpu_system_seconds_total,0.209
1745309721,kashef-k8s-ctl.user-mention-service-5c4f566c5-p2lnr,container_cpu_system_seconds_total,0.081
1745309721,kashef-k8s-w1.home-timeline-service-5754ffbc6d-dcb2w,container_cpu_system_seconds_total,0.068
1745309721,kashef-k8s-ctl.jaeger-67997f9775-v5d2k,container_cpu_system_seconds_total,0.119
1745309721,kashef-k8s-w1.post-storage-service-66c9966f5f-n97sf,container_cpu_system_seconds_total,0.091
1745309721,kashef-k8s-w1.user-timeline-redis-67cc95bc57-xq48b,container_cpu_system_seconds_total,0.158
1745309721,kashef-k8s-w1.unique-id-service-694497b678-flvqw,container_cpu_system_seconds_total,0.056
1745309721,kashef-k8s-w1.media-mongodb-7b64c59567-kq2l8,container_cpu_system_seconds_total,0.343
1745309721,kashef-k8s-w1.url-shorten-memcached-6546746864-xgs89,container_cpu_system_seconds_total,0.084
1745309721,kashef-k8s-ctl.social-graph-mongodb-55df767ff5-ffr9j,container_cpu_system_seconds_total,0.311
1745309721,kashef-k8s-w1.home-timeline-redis-6c6647df6f-vlcfg,container_cpu_system_seconds_total,0.152
1745309721,kashef-k8s-w1.url-shorten-service-66949ddcc4-tbw92,container_cpu_system_seconds_total,0.089
1745309727,kashef-k8s-w1.post-storage-mongodb-5579669d8c-ghpw8,container_cpu_system_seconds_total,0.338
1745309727,kashef-k8s-w1.post-storage-memcached-6b75788fc6-mdqct,container_cpu_system_seconds_total,0.094
1745309727,kashef-k8s-w1.user-memcached-59687c864d-2c4zx,container_cpu_system_seconds_total,0.084
1745309727,kashef-k8s-ctl.media-memcached-7889bdfdfb-kcntj,container_cpu_system_seconds_total,0.07
1745309727,kashef-k8s-ctl.compose-post-service-f587bf89d-d8xkk,container_cpu_system_seconds_total,0.114
1745309727,kashef-k8s-w1.media-service-6c665c775d-zqqbz,container_cpu_system_seconds_total,0.066
1745309727,kashef-k8s-w1.url-shorten-service-66949ddcc4-tbw92,container_cpu_system_seconds_total,0.089
1745309727,kashef-k8s-ctl.user-mongodb-7745bbd78-hftfp,container_cpu_system_seconds_total,0.266
1745309727,kashef-k8s-ctl.text-service-fff64b8bf-lsj78,container_cpu_system_seconds_total,0.067
1745309727,kashef-k8s-w1.media-frontend-6b66b95ff4-hm6qt,container_cpu_system_seconds_total,5.52
1745309727,kashef-k8s-ctl.user-timeline-mongodb-6758898d48-hf57f,container_cpu_system_seconds_total,0.247
1745309727,kashef-k8s-w1.user-timeline-service-664c7f6696-g24dm,container_cpu_system_seconds_total,0.073
1745309727,kashef-k8s-ctl.social-graph-redis-5bbd5b7458-zq76w,container_cpu_system_seconds_total,0.209
1745309727,kashef-k8s-ctl.nginx-thrift-79478f9bf5-2tkmq,container_cpu_system_seconds_total,5.98
1745309727,kashef-k8s-w1.url-shorten-mongodb-57c886d5f8-jjq5f,container_cpu_system_seconds_total,0.388
1745309727,kashef-k8s-ctl.social-graph-service-677dbc655c-6npks,container_cpu_system_seconds_total,0.069
1745309727,kashef-k8s-w1.unique-id-service-694497b678-flvqw,container_cpu_system_seconds_total,0.056
1745309727,kashef-k8s-w1.media-mongodb-7b64c59567-kq2l8,container_cpu_system_seconds_total,0.343
1745309727,kashef-k8s-w1.home-timeline-service-5754ffbc6d-dcb2w,container_cpu_system_seconds_total,0.068
1745309727,kashef-k8s-ctl.jaeger-67997f9775-v5d2k,container_cpu_system_seconds_total,0.119
1745309727,kashef-k8s-w1.home-timeline-redis-6c6647df6f-vlcfg,container_cpu_system_seconds_total,0.152
1745309727,kashef-k8s-w1.user-timeline-redis-67cc95bc57-xq48b,container_cpu_system_seconds_total,0.2
1745309727,kashef-k8s-ctl.user-mention-service-5c4f566c5-p2lnr,container_cpu_system_seconds_total,0.081
1745309727,kashef-k8s-w1.post-storage-service-66c9966f5f-n97sf,container_cpu_system_seconds_total,0.092
1745309727,kashef-k8s-ctl.social-graph-mongodb-55df767ff5-ffr9j,container_cpu_system_seconds_total,0.311
1745309727,kashef-k8s-w1.url-shorten-memcached-6546746864-xgs89,container_cpu_system_seconds_total,0.084
1745309733,kashef-k8s-ctl.social-graph-service-677dbc655c-6npks,container_cpu_system_seconds_total,0.069
1745309733,kashef-k8s-w1.user-memcached-59687c864d-2c4zx,container_cpu_system_seconds_total,0.095
1745309733,kashef-k8s-w1.media-mongodb-7b64c59567-kq2l8,container_cpu_system_seconds_total,0.343
1745309733,kashef-k8s-w1.user-timeline-redis-67cc95bc57-xq48b,container_cpu_system_seconds_total,0.2
1745309733,kashef-k8s-w1.unique-id-service-694497b678-flvqw,container_cpu_system_seconds_total,0.056
1745309733,kashef-k8s-ctl.media-memcached-7889bdfdfb-kcntj,container_cpu_system_seconds_total,0.07
1745309733,kashef-k8s-w1.url-shorten-memcached-6546746864-xgs89,container_cpu_system_seconds_total,0.089
1745309733,kashef-k8s-w1.post-storage-memcached-6b75788fc6-mdqct,container_cpu_system_seconds_total,0.094
1745309733,kashef-k8s-ctl.social-graph-redis-5bbd5b7458-zq76w,container_cpu_system_seconds_total,0.209
1745309733,kashef-k8s-ctl.nginx-thrift-79478f9bf5-2tkmq,container_cpu_system_seconds_total,5.98
1745309733,kashef-k8s-ctl.user-timeline-mongodb-6758898d48-hf57f,container_cpu_system_seconds_total,0.247
1745309733,kashef-k8s-w1.home-timeline-service-5754ffbc6d-dcb2w,container_cpu_system_seconds_total,0.068
1745309733,kashef-k8s-w1.url-shorten-service-66949ddcc4-tbw92,container_cpu_system_seconds_total,0.089
1745309733,kashef-k8s-w1.home-timeline-redis-6c6647df6f-vlcfg,container_cpu_system_seconds_total,0.209
1745309733,kashef-k8s-ctl.compose-post-service-f587bf89d-d8xkk,container_cpu_system_seconds_total,0.114
1745309733,kashef-k8s-w1.media-service-6c665c775d-zqqbz,container_cpu_system_seconds_total,0.068
1745309733,kashef-k8s-ctl.user-mongodb-7745bbd78-hftfp,container_cpu_system_seconds_total,0.266
1745309733,kashef-k8s-w1.post-storage-mongodb-5579669d8c-ghpw8,container_cpu_system_seconds_total,0.39
1745309733,kashef-k8s-w1.url-shorten-mongodb-57c886d5f8-jjq5f,container_cpu_system_seconds_total,0.431
1745309733,kashef-k8s-w1.media-frontend-6b66b95ff4-hm6qt,container_cpu_system_seconds_total,5.52
1745309733,kashef-k8s-ctl.text-service-fff64b8bf-lsj78,container_cpu_system_seconds_total,0.067
1745309733,kashef-k8s-ctl.social-graph-mongodb-55df767ff5-ffr9j,container_cpu_system_seconds_total,0.311
1745309733,kashef-k8s-ctl.user-mention-service-5c4f566c5-p2lnr,container_cpu_system_seconds_total,0.081
1745309733,kashef-k8s-w1.user-timeline-service-664c7f6696-g24dm,container_cpu_system_seconds_total,0.073
1745309733,kashef-k8s-ctl.jaeger-67997f9775-v5d2k,container_cpu_system_seconds_total,0.119
1745309733,kashef-k8s-w1.post-storage-service-66c9966f5f-n97sf,container_cpu_system_seconds_total,0.092
1745309739,kashef-k8s-w1.post-storage-service-66c9966f5f-n97sf,container_cpu_system_seconds_total,0.092
1745309739,kashef-k8s-ctl.jaeger-67997f9775-v5d2k,container_cpu_system_seconds_total,0.119
1745309739,kashef-k8s-ctl.user-mention-service-5c4f566c5-p2lnr,container_cpu_system_seconds_total,0.081
1745309739,kashef-k8s-ctl.social-graph-mongodb-55df767ff5-ffr9j,container_cpu_system_seconds_total,0.311
1745309739,kashef-k8s-w1.home-timeline-redis-6c6647df6f-vlcfg,container_cpu_system_seconds_total,0.209
1745309739,kashef-k8s-w1.media-frontend-6b66b95ff4-hm6qt,container_cpu_system_seconds_total,5.52
1745309739,kashef-k8s-w1.user-timeline-service-664c7f6696-g24dm,container_cpu_system_seconds_total,0.073
1745309739,kashef-k8s-w1.url-shorten-service-66949ddcc4-tbw92,container_cpu_system_seconds_total,0.089
1745309739,kashef-k8s-w1.media-service-6c665c775d-zqqbz,container_cpu_system_seconds_total,0.068
1745309739,kashef-k8s-w1.post-storage-memcached-6b75788fc6-mdqct,container_cpu_system_seconds_total,0.094
1745309739,kashef-k8s-w1.home-timeline-service-5754ffbc6d-dcb2w,container_cpu_system_seconds_total,0.068
1745309739,kashef-k8s-w1.unique-id-service-694497b678-flvqw,container_cpu_system_seconds_total,0.056
1745309739,kashef-k8s-w1.url-shorten-mongodb-57c886d5f8-jjq5f,container_cpu_system_seconds_total,0.431
1745309739,kashef-k8s-ctl.compose-post-service-f587bf89d-d8xkk,container_cpu_system_seconds_total,0.114
1745309739,kashef-k8s-ctl.user-mongodb-7745bbd78-hftfp,container_cpu_system_seconds_total,0.266
1745309739,kashef-k8s-ctl.text-service-fff64b8bf-lsj78,container_cpu_system_seconds_total,0.067
1745309739,kashef-k8s-w1.url-shorten-memcached-6546746864-xgs89,container_cpu_system_seconds_total,0.089
1745309739,kashef-k8s-w1.post-storage-mongodb-5579669d8c-ghpw8,container_cpu_system_seconds_total,0.39
1745309739,kashef-k8s-w1.user-timeline-redis-67cc95bc57-xq48b,container_cpu_system_seconds_total,0.2
1745309739,kashef-k8s-w1.media-mongodb-7b64c59567-kq2l8,container_cpu_system_seconds_total,0.343
1745309739,kashef-k8s-ctl.user-timeline-mongodb-6758898d48-hf57f,container_cpu_system_seconds_total,0.263
1745309739,kashef-k8s-ctl.media-memcached-7889bdfdfb-kcntj,container_cpu_system_seconds_total,0.07
1745309739,kashef-k8s-w1.user-memcached-59687c864d-2c4zx,container_cpu_system_seconds_total,0.095
1745309739,kashef-k8s-ctl.social-graph-service-677dbc655c-6npks,container_cpu_system_seconds_total,0.069
1745309739,kashef-k8s-ctl.social-graph-redis-5bbd5b7458-zq76w,container_cpu_system_seconds_total,0.209
1745309739,kashef-k8s-ctl.nginx-thrift-79478f9bf5-2tkmq,container_cpu_system_seconds_total,5.98
1745309745,kashef-k8s-w1.media-frontend-6b66b95ff4-hm6qt,container_cpu_system_seconds_total,5.52
1745309745,kashef-k8s-w1.media-mongodb-7b64c59567-kq2l8,container_cpu_system_seconds_total,0.343
1745309745,kashef-k8s-ctl.user-mention-service-5c4f566c5-p2lnr,container_cpu_system_seconds_total,0.081
1745309745,kashef-k8s-ctl.jaeger-67997f9775-v5d2k,container_cpu_system_seconds_total,0.126
1745309745,kashef-k8s-w1.home-timeline-redis-6c6647df6f-vlcfg,container_cpu_system_seconds_total,0.209
1745309745,kashef-k8s-w1.user-timeline-service-664c7f6696-g24dm,container_cpu_system_seconds_total,0.073
1745309745,kashef-k8s-w1.unique-id-service-694497b678-flvqw,container_cpu_system_seconds_total,0.056
1745309745,kashef-k8s-w1.post-storage-memcached-6b75788fc6-mdqct,container_cpu_system_seconds_total,0.094
1745309745,kashef-k8s-w1.media-service-6c665c775d-zqqbz,container_cpu_system_seconds_total,0.068
1745309745,kashef-k8s-ctl.compose-post-service-f587bf89d-d8xkk,container_cpu_system_seconds_total,0.114
1745309745,kashef-k8s-ctl.user-mongodb-7745bbd78-hftfp,container_cpu_system_seconds_total,0.266
1745309745,kashef-k8s-ctl.text-service-fff64b8bf-lsj78,container_cpu_system_seconds_total,0.067
1745309745,kashef-k8s-w1.url-shorten-mongodb-57c886d5f8-jjq5f,container_cpu_system_seconds_total,0.431
1745309745,kashef-k8s-w1.home-timeline-service-5754ffbc6d-dcb2w,container_cpu_system_seconds_total,0.068
1745309745,kashef-k8s-w1.user-memcached-59687c864d-2c4zx,container_cpu_system_seconds_total,0.095
1745309745,kashef-k8s-ctl.social-graph-mongodb-55df767ff5-ffr9j,container_cpu_system_seconds_total,0.333
1745309745,kashef-k8s-ctl.user-timeline-mongodb-6758898d48-hf57f,container_cpu_system_seconds_total,0.263
1745309745,kashef-k8s-ctl.nginx-thrift-79478f9bf5-2tkmq,container_cpu_system_seconds_total,5.98
1745309745,kashef-k8s-w1.post-storage-service-66c9966f5f-n97sf,container_cpu_system_seconds_total,0.092
1745309745,kashef-k8s-w1.url-shorten-memcached-6546746864-xgs89,container_cpu_system_seconds_total,0.089
1745309745,kashef-k8s-ctl.social-graph-redis-5bbd5b7458-zq76w,container_cpu_system_seconds_total,0.228
1745309745,kashef-k8s-w1.url-shorten-service-66949ddcc4-tbw92,container_cpu_system_seconds_total,0.089
1745309745,kashef-k8s-w1.user-timeline-redis-67cc95bc57-xq48b,container_cpu_system_seconds_total,0.2
1745309745,kashef-k8s-w1.post-storage-mongodb-5579669d8c-ghpw8,container_cpu_system_seconds_total,0.39
1745309745,kashef-k8s-ctl.social-graph-service-677dbc655c-6npks,container_cpu_system_seconds_total,0.069
1745309745,kashef-k8s-ctl.media-memcached-7889bdfdfb-kcntj,container_cpu_system_seconds_total,0.07
1745309751,kashef-k8s-w1.user-timeline-service-664c7f6696-g24dm,container_cpu_system_seconds_total,0.073
1745309751,kashef-k8s-w1.post-storage-mongodb-5579669d8c-ghpw8,container_cpu_system_seconds_total,0.39
1745309751,kashef-k8s-ctl.text-service-fff64b8bf-lsj78,container_cpu_system_seconds_total,0.067
1745309751,kashef-k8s-w1.media-frontend-6b66b95ff4-hm6qt,container_cpu_system_seconds_total,5.52
1745309751,kashef-k8s-ctl.social-graph-mongodb-55df767ff5-ffr9j,container_cpu_system_seconds_total,0.333
1745309751,kashef-k8s-ctl.nginx-thrift-79478f9bf5-2tkmq,container_cpu_system_seconds_total,5.983
1745309751,kashef-k8s-w1.media-mongodb-7b64c59567-kq2l8,container_cpu_system_seconds_total,0.343
1745309751,kashef-k8s-ctl.user-mongodb-7745bbd78-hftfp,container_cpu_system_seconds_total,0.306
1745309751,kashef-k8s-w1.user-timeline-redis-67cc95bc57-xq48b,container_cpu_system_seconds_total,0.2
1745309751,kashef-k8s-w1.url-shorten-mongodb-57c886d5f8-jjq5f,container_cpu_system_seconds_total,0.431
1745309751,kashef-k8s-w1.post-storage-memcached-6b75788fc6-mdqct,container_cpu_system_seconds_total,0.094
1745309751,kashef-k8s-w1.media-service-6c665c775d-zqqbz,container_cpu_system_seconds_total,0.068
1745309751,kashef-k8s-ctl.compose-post-service-f587bf89d-d8xkk,container_cpu_system_seconds_total,0.116
1745309751,kashef-k8s-w1.home-timeline-redis-6c6647df6f-vlcfg,container_cpu_system_seconds_total,0.215
1745309751,kashef-k8s-w1.url-shorten-service-66949ddcc4-tbw92,container_cpu_system_seconds_total,0.089
1745309751,kashef-k8s-ctl.social-graph-redis-5bbd5b7458-zq76w,container_cpu_system_seconds_total,0.228
1745309751,kashef-k8s-w1.url-shorten-memcached-6546746864-xgs89,container_cpu_system_seconds_total,0.089
1745309751,kashef-k8s-ctl.social-graph-service-677dbc655c-6npks,container_cpu_system_seconds_total,0.071
1745309751,kashef-k8s-ctl.user-timeline-mongodb-6758898d48-hf57f,container_cpu_system_seconds_total,0.263
1745309751,kashef-k8s-w1.unique-id-service-694497b678-flvqw,container_cpu_system_seconds_total,0.056
1745309751,kashef-k8s-ctl.media-memcached-7889bdfdfb-kcntj,container_cpu_system_seconds_total,0.071
1745309751,kashef-k8s-w1.home-timeline-service-5754ffbc6d-dcb2w,container_cpu_system_seconds_total,0.068
1745309751,kashef-k8s-ctl.jaeger-67997f9775-v5d2k,container_cpu_system_seconds_total,0.126
1745309751,kashef-k8s-ctl.user-mention-service-5c4f566c5-p2lnr,container_cpu_system_seconds_total,0.081
1745309751,kashef-k8s-w1.post-storage-service-66c9966f5f-n97sf,container_cpu_system_seconds_total,0.092
1745309751,kashef-k8s-w1.user-memcached-59687c864d-2c4zx,container_cpu_system_seconds_total,0.095
1745309757,kashef-k8s-w1.user-memcached-59687c864d-2c4zx,container_cpu_system_seconds_total,0.095
1745309757,kashef-k8s-w1.post-storage-service-66c9966f5f-n97sf,container_cpu_system_seconds_total,0.092
1745309757,kashef-k8s-ctl.nginx-thrift-79478f9bf5-2tkmq,container_cpu_system_seconds_total,5.983
1745309757,kashef-k8s-w1.media-frontend-6b66b95ff4-hm6qt,container_cpu_system_seconds_total,5.52
1745309757,kashef-k8s-ctl.text-service-fff64b8bf-lsj78,container_cpu_system_seconds_total,0.067
1745309757,kashef-k8s-w1.unique-id-service-694497b678-flvqw,container_cpu_system_seconds_total,0.056
1745309757,kashef-k8s-w1.media-mongodb-7b64c59567-kq2l8,container_cpu_system_seconds_total,0.343
1745309757,kashef-k8s-w1.url-shorten-mongodb-57c886d5f8-jjq5f,container_cpu_system_seconds_total,0.431
1745309757,kashef-k8s-w1.post-storage-mongodb-5579669d8c-ghpw8,container_cpu_system_seconds_total,0.39
1745309757,kashef-k8s-w1.user-timeline-redis-67cc95bc57-xq48b,container_cpu_system_seconds_total,0.245
1745309757,kashef-k8s-w1.url-shorten-memcached-6546746864-xgs89,container_cpu_system_seconds_total,0.095
1745309757,kashef-k8s-ctl.media-memcached-7889bdfdfb-kcntj,container_cpu_system_seconds_total,0.071
1745309757,kashef-k8s-ctl.user-mongodb-7745bbd78-hftfp,container_cpu_system_seconds_total,0.306
1745309757,kashef-k8s-w1.post-storage-memcached-6b75788fc6-mdqct,container_cpu_system_seconds_total,0.101
1745309757,kashef-k8s-w1.media-service-6c665c775d-zqqbz,container_cpu_system_seconds_total,0.068
1745309757,kashef-k8s-ctl.compose-post-service-f587bf89d-d8xkk,container_cpu_system_seconds_total,0.116
1745309757,kashef-k8s-w1.url-shorten-service-66949ddcc4-tbw92,container_cpu_system_seconds_total,0.089
1745309757,kashef-k8s-ctl.social-graph-redis-5bbd5b7458-zq76w,container_cpu_system_seconds_total,0.228
1745309757,kashef-k8s-w1.home-timeline-redis-6c6647df6f-vlcfg,container_cpu_system_seconds_total,0.215
1745309757,kashef-k8s-ctl.user-mention-service-5c4f566c5-p2lnr,container_cpu_system_seconds_total,0.081
1745309757,kashef-k8s-w1.home-timeline-service-5754ffbc6d-dcb2w,container_cpu_system_seconds_total,0.068
1745309757,kashef-k8s-ctl.jaeger-67997f9775-v5d2k,container_cpu_system_seconds_total,0.126
1745309757,kashef-k8s-ctl.user-timeline-mongodb-6758898d48-hf57f,container_cpu_system_seconds_total,0.263
1745309757,kashef-k8s-ctl.social-graph-service-677dbc655c-6npks,container_cpu_system_seconds_total,0.071
1745309757,kashef-k8s-ctl.social-graph-mongodb-55df767ff5-ffr9j,container_cpu_system_seconds_total,0.333
1745309757,kashef-k8s-w1.user-timeline-service-664c7f6696-g24dm,container_cpu_system_seconds_total,0.073
1745309763,kashef-k8s-ctl.user-timeline-mongodb-6758898d48-hf57f,container_cpu_system_seconds_total,0.263
1745309763,kashef-k8s-ctl.nginx-thrift-79478f9bf5-2tkmq,container_cpu_system_seconds_total,5.983
1745309763,kashef-k8s-ctl.user-mention-service-5c4f566c5-p2lnr,container_cpu_system_seconds_total,0.081
1745309763,kashef-k8s-w1.user-timeline-service-664c7f6696-g24dm,container_cpu_system_seconds_total,0.073
1745309763,kashef-k8s-w1.home-timeline-redis-6c6647df6f-vlcfg,container_cpu_system_seconds_total,0.215
1745309763,kashef-k8s-ctl.social-graph-redis-5bbd5b7458-zq76w,container_cpu_system_seconds_total,0.228
1745309763,kashef-k8s-ctl.user-mongodb-7745bbd78-hftfp,container_cpu_system_seconds_total,0.306
1745309763,kashef-k8s-ctl.social-graph-service-677dbc655c-6npks,container_cpu_system_seconds_total,0.071
1745309763,kashef-k8s-w1.media-service-6c665c775d-zqqbz,container_cpu_system_seconds_total,0.068
1745309763,kashef-k8s-w1.url-shorten-mongodb-57c886d5f8-jjq5f,container_cpu_system_seconds_total,0.49
1745309763,kashef-k8s-w1.url-shorten-memcached-6546746864-xgs89,container_cpu_system_seconds_total,0.095
1745309763,kashef-k8s-w1.user-timeline-redis-67cc95bc57-xq48b,container_cpu_system_seconds_total,0.245
1745309763,kashef-k8s-ctl.media-memcached-7889bdfdfb-kcntj,container_cpu_system_seconds_total,0.071
1745309763,kashef-k8s-w1.home-timeline-service-5754ffbc6d-dcb2w,container_cpu_system_seconds_total,0.068
1745309763,kashef-k8s-w1.post-storage-service-66c9966f5f-n97sf,container_cpu_system_seconds_total,0.093
1745309763,kashef-k8s-w1.post-storage-memcached-6b75788fc6-mdqct,container_cpu_system_seconds_total,0.101
1745309763,kashef-k8s-ctl.compose-post-service-f587bf89d-d8xkk,container_cpu_system_seconds_total,0.116
1745309763,kashef-k8s-ctl.jaeger-67997f9775-v5d2k,container_cpu_system_seconds_total,0.126
1745309763,kashef-k8s-w1.url-shorten-service-66949ddcc4-tbw92,container_cpu_system_seconds_total,0.089
1745309763,kashef-k8s-w1.unique-id-service-694497b678-flvqw,container_cpu_system_seconds_total,0.056
1745309763,kashef-k8s-ctl.text-service-fff64b8bf-lsj78,container_cpu_system_seconds_total,0.067
1745309763,kashef-k8s-w1.media-frontend-6b66b95ff4-hm6qt,container_cpu_system_seconds_total,5.52
1745309763,kashef-k8s-w1.media-mongodb-7b64c59567-kq2l8,container_cpu_system_seconds_total,0.409
1745309763,kashef-k8s-w1.user-memcached-59687c864d-2c4zx,container_cpu_system_seconds_total,0.1
1745309763,kashef-k8s-ctl.social-graph-mongodb-55df767ff5-ffr9j,container_cpu_system_seconds_total,0.333
1745309763,kashef-k8s-w1.post-storage-mongodb-5579669d8c-ghpw8,container_cpu_system_seconds_total,0.43
1745309769,kashef-k8s-ctl.user-mongodb-7745bbd78-hftfp,container_cpu_system_seconds_total,0.306
1745309769,kashef-k8s-ctl.social-graph-redis-5bbd5b7458-zq76w,container_cpu_system_seconds_total,0.228
1745309769,kashef-k8s-ctl.nginx-thrift-79478f9bf5-2tkmq,container_cpu_system_seconds_total,5.983
1745309769,kashef-k8s-ctl.text-service-fff64b8bf-lsj78,container_cpu_system_seconds_total,0.067
1745309769,kashef-k8s-ctl.user-mention-service-5c4f566c5-p2lnr,container_cpu_system_seconds_total,0.081
1745309769,kashef-k8s-w1.home-timeline-redis-6c6647df6f-vlcfg,container_cpu_system_seconds_total,0.215
1745309769,kashef-k8s-w1.user-timeline-redis-67cc95bc57-xq48b,container_cpu_system_seconds_total,0.245
1745309769,kashef-k8s-w1.user-memcached-59687c864d-2c4zx,container_cpu_system_seconds_total,0.1
1745309769,kashef-k8s-ctl.compose-post-service-f587bf89d-d8xkk,container_cpu_system_seconds_total,0.116
1745309769,kashef-k8s-w1.url-shorten-mongodb-57c886d5f8-jjq5f,container_cpu_system_seconds_total,0.49
1745309769,kashef-k8s-w1.post-storage-memcached-6b75788fc6-mdqct,container_cpu_system_seconds_total,0.101
1745309769,kashef-k8s-w1.media-service-6c665c775d-zqqbz,container_cpu_system_seconds_total,0.068
1745309769,kashef-k8s-w1.post-storage-service-66c9966f5f-n97sf,container_cpu_system_seconds_total,0.093
1745309769,kashef-k8s-w1.home-timeline-service-5754ffbc6d-dcb2w,container_cpu_system_seconds_total,0.068
1745309769,kashef-k8s-ctl.social-graph-service-677dbc655c-6npks,container_cpu_system_seconds_total,0.071
1745309769,kashef-k8s-w1.post-storage-mongodb-5579669d8c-ghpw8,container_cpu_system_seconds_total,0.43
1745309769,kashef-k8s-w1.media-mongodb-7b64c59567-kq2l8,container_cpu_system_seconds_total,0.409
1745309769,kashef-k8s-ctl.media-memcached-7889bdfdfb-kcntj,container_cpu_system_seconds_total,0.071
1745309769,kashef-k8s-w1.unique-id-service-694497b678-flvqw,container_cpu_system_seconds_total,0.056
1745309769,kashef-k8s-ctl.user-timeline-mongodb-6758898d48-hf57f,container_cpu_system_seconds_total,0.263
1745309769,kashef-k8s-w1.url-shorten-memcached-6546746864-xgs89,container_cpu_system_seconds_total,0.095
1745309769,kashef-k8s-w1.media-frontend-6b66b95ff4-hm6qt,container_cpu_system_seconds_total,5.52
1745309769,kashef-k8s-w1.user-timeline-service-664c7f6696-g24dm,container_cpu_system_seconds_total,0.073
1745309769,kashef-k8s-w1.url-shorten-service-66949ddcc4-tbw92,container_cpu_system_seconds_total,0.089
1745309769,kashef-k8s-ctl.social-graph-mongodb-55df767ff5-ffr9j,container_cpu_system_seconds_total,0.333
1745309769,kashef-k8s-ctl.jaeger-67997f9775-v5d2k,container_cpu_system_seconds_total,0.126
1745309775,kashef-k8s-ctl.user-mention-service-5c4f566c5-p2lnr,container_cpu_system_seconds_total,0.081
1745309775,kashef-k8s-ctl.social-graph-mongodb-55df767ff5-ffr9j,container_cpu_system_seconds_total,0.333
1745309775,kashef-k8s-ctl.nginx-thrift-79478f9bf5-2tkmq,container_cpu_system_seconds_total,5.983
1745309775,kashef-k8s-ctl.jaeger-67997f9775-v5d2k,container_cpu_system_seconds_total,0.126
1745309775,kashef-k8s-w1.media-frontend-6b66b95ff4-hm6qt,container_cpu_system_seconds_total,5.52
1745309775,kashef-k8s-w1.media-service-6c665c775d-zqqbz,container_cpu_system_seconds_total,0.068
1745309775,kashef-k8s-w1.url-shorten-mongodb-57c886d5f8-jjq5f,container_cpu_system_seconds_total,0.49
1745309775,kashef-k8s-ctl.compose-post-service-f587bf89d-d8xkk,container_cpu_system_seconds_total,0.116
1745309775,kashef-k8s-ctl.user-timeline-mongodb-6758898d48-hf57f,container_cpu_system_seconds_total,0.299
1745309775,kashef-k8s-w1.user-timeline-service-664c7f6696-g24dm,container_cpu_system_seconds_total,0.073
1745309775,kashef-k8s-w1.user-timeline-redis-67cc95bc57-xq48b,container_cpu_system_seconds_total,0.245
1745309775,kashef-k8s-w1.media-mongodb-7b64c59567-kq2l8,container_cpu_system_seconds_total,0.409
1745309775,kashef-k8s-w1.user-memcached-59687c864d-2c4zx,container_cpu_system_seconds_total,0.1
1745309775,kashef-k8s-ctl.user-mongodb-7745bbd78-hftfp,container_cpu_system_seconds_total,0.306
1745309775,kashef-k8s-w1.post-storage-memcached-6b75788fc6-mdqct,container_cpu_system_seconds_total,0.101
1745309775,kashef-k8s-w1.home-timeline-redis-6c6647df6f-vlcfg,container_cpu_system_seconds_total,0.215
1745309775,kashef-k8s-ctl.media-memcached-7889bdfdfb-kcntj,container_cpu_system_seconds_total,0.078
1745309775,kashef-k8s-w1.url-shorten-service-66949ddcc4-tbw92,container_cpu_system_seconds_total,0.089
1745309775,kashef-k8s-w1.post-storage-mongodb-5579669d8c-ghpw8,container_cpu_system_seconds_total,0.43
1745309775,kashef-k8s-ctl.text-service-fff64b8bf-lsj78,container_cpu_system_seconds_total,0.067
1745309775,kashef-k8s-w1.url-shorten-memcached-6546746864-xgs89,container_cpu_system_seconds_total,0.095
1745309775,kashef-k8s-w1.unique-id-service-694497b678-flvqw,container_cpu_system_seconds_total,0.056
1745309775,kashef-k8s-ctl.social-graph-redis-5bbd5b7458-zq76w,container_cpu_system_seconds_total,0.269
1745309775,kashef-k8s-w1.home-timeline-service-5754ffbc6d-dcb2w,container_cpu_system_seconds_total,0.068
1745309775,kashef-k8s-ctl.social-graph-service-677dbc655c-6npks,container_cpu_system_seconds_total,0.072
1745309775,kashef-k8s-w1.post-storage-service-66c9966f5f-n97sf,container_cpu_system_seconds_total,0.093
1745309781,kashef-k8s-w1.user-timeline-service-664c7f6696-g24dm,container_cpu_system_seconds_total,0.073
1745309781,kashef-k8s-w1.user-timeline-redis-67cc95bc57-xq48b,container_cpu_system_seconds_total,0.245
1745309781,kashef-k8s-ctl.social-graph-mongodb-55df767ff5-ffr9j,container_cpu_system_seconds_total,0.359
1745309781,kashef-k8s-ctl.user-mention-service-5c4f566c5-p2lnr,container_cpu_system_seconds_total,0.081
1745309781,kashef-k8s-w1.media-service-6c665c775d-zqqbz,container_cpu_system_seconds_total,0.068
1745309781,kashef-k8s-w1.media-frontend-6b66b95ff4-hm6qt,container_cpu_system_seconds_total,5.52
1745309781,kashef-k8s-w1.user-memcached-59687c864d-2c4zx,container_cpu_system_seconds_total,0.1
1745309781,kashef-k8s-w1.media-mongodb-7b64c59567-kq2l8,container_cpu_system_seconds_total,0.409
1745309781,kashef-k8s-w1.url-shorten-service-66949ddcc4-tbw92,container_cpu_system_seconds_total,0.089
1745309781,kashef-k8s-ctl.user-timeline-mongodb-6758898d48-hf57f,container_cpu_system_seconds_total,0.299
1745309781,kashef-k8s-ctl.social-graph-redis-5bbd5b7458-zq76w,container_cpu_system_seconds_total,0.269
1745309781,kashef-k8s-w1.home-timeline-redis-6c6647df6f-vlcfg,container_cpu_system_seconds_total,0.215
1745309781,kashef-k8s-w1.post-storage-memcached-6b75788fc6-mdqct,container_cpu_system_seconds_total,0.107
1745309781,kashef-k8s-ctl.user-mongodb-7745bbd78-hftfp,container_cpu_system_seconds_total,0.319
1745309781,kashef-k8s-w1.url-shorten-memcached-6546746864-xgs89,container_cpu_system_seconds_total,0.095
1745309781,kashef-k8s-w1.unique-id-service-694497b678-flvqw,container_cpu_system_seconds_total,0.056
1745309781,kashef-k8s-w1.home-timeline-service-5754ffbc6d-dcb2w,container_cpu_system_seconds_total,0.068
1745309781,kashef-k8s-ctl.media-memcached-7889bdfdfb-kcntj,container_cpu_system_seconds_total,0.078
1745309781,kashef-k8s-ctl.nginx-thrift-79478f9bf5-2tkmq,container_cpu_system_seconds_total,5.985
1745309781,kashef-k8s-w1.post-storage-service-66c9966f5f-n97sf,container_cpu_system_seconds_total,0.093
1745309781,kashef-k8s-ctl.text-service-fff64b8bf-lsj78,container_cpu_system_seconds_total,0.067
1745309781,kashef-k8s-ctl.compose-post-service-f587bf89d-d8xkk,container_cpu_system_seconds_total,0.116
1745309781,kashef-k8s-w1.post-storage-mongodb-5579669d8c-ghpw8,container_cpu_system_seconds_total,0.43
1745309781,kashef-k8s-w1.url-shorten-mongodb-57c886d5f8-jjq5f,container_cpu_system_seconds_total,0.49
1745309781,kashef-k8s-ctl.jaeger-67997f9775-v5d2k,container_cpu_system_seconds_total,0.126
1745309781,kashef-k8s-ctl.social-graph-service-677dbc655c-6npks,container_cpu_system_seconds_total,0.072
1745309787,kashef-k8s-ctl.user-mention-service-5c4f566c5-p2lnr,container_cpu_system_seconds_total,0.082
1745309787,kashef-k8s-w1.post-storage-mongodb-5579669d8c-ghpw8,container_cpu_system_seconds_total,0.464
1745309787,kashef-k8s-ctl.jaeger-67997f9775-v5d2k,container_cpu_system_seconds_total,0.126
1745309787,kashef-k8s-ctl.social-graph-mongodb-55df767ff5-ffr9j,container_cpu_system_seconds_total,0.359
1745309787,kashef-k8s-ctl.social-graph-service-677dbc655c-6npks,container_cpu_system_seconds_total,0.072
1745309787,kashef-k8s-ctl.text-service-fff64b8bf-lsj78,container_cpu_system_seconds_total,0.067
1745309787,kashef-k8s-w1.url-shorten-mongodb-57c886d5f8-jjq5f,container_cpu_system_seconds_total,0.537
1745309787,kashef-k8s-w1.unique-id-service-694497b678-flvqw,container_cpu_system_seconds_total,0.057
1745309787,kashef-k8s-w1.url-shorten-memcached-6546746864-xgs89,container_cpu_system_seconds_total,0.095
1745309787,kashef-k8s-ctl.media-memcached-7889bdfdfb-kcntj,container_cpu_system_seconds_total,0.078
1745309787,kashef-k8s-ctl.compose-post-service-f587bf89d-d8xkk,container_cpu_system_seconds_total,0.116
1745309787,kashef-k8s-w1.home-timeline-service-5754ffbc6d-dcb2w,container_cpu_system_seconds_total,0.068
1745309787,kashef-k8s-w1.post-storage-service-66c9966f5f-n97sf,container_cpu_system_seconds_total,0.093
1745309787,kashef-k8s-w1.user-memcached-59687c864d-2c4zx,container_cpu_system_seconds_total,0.1
1745309787,kashef-k8s-w1.media-mongodb-7b64c59567-kq2l8,container_cpu_system_seconds_total,0.409
1745309787,kashef-k8s-ctl.social-graph-redis-5bbd5b7458-zq76w,container_cpu_system_seconds_total,0.269
1745309787,kashef-k8s-ctl.nginx-thrift-79478f9bf5-2tkmq,container_cpu_system_seconds_total,5.985
1745309787,kashef-k8s-w1.url-shorten-service-66949ddcc4-tbw92,container_cpu_system_seconds_total,0.089
1745309787,kashef-k8s-ctl.user-mongodb-7745bbd78-hftfp,container_cpu_system_seconds_total,0.319
1745309787,kashef-k8s-w1.home-timeline-redis-6c6647df6f-vlcfg,container_cpu_system_seconds_total,0.267
1745309787,kashef-k8s-w1.post-storage-memcached-6b75788fc6-mdqct,container_cpu_system_seconds_total,0.107
1745309787,kashef-k8s-w1.user-timeline-redis-67cc95bc57-xq48b,container_cpu_system_seconds_total,0.292
1745309787,kashef-k8s-w1.user-timeline-service-664c7f6696-g24dm,container_cpu_system_seconds_total,0.074
1745309787,kashef-k8s-ctl.user-timeline-mongodb-6758898d48-hf57f,container_cpu_system_seconds_total,0.299
1745309787,kashef-k8s-w1.media-frontend-6b66b95ff4-hm6qt,container_cpu_system_seconds_total,5.52
1745309787,kashef-k8s-w1.media-service-6c665c775d-zqqbz,container_cpu_system_seconds_total,0.068
1745309793,kashef-k8s-w1.url-shorten-memcached-6546746864-xgs89,container_cpu_system_seconds_total,0.098
1745309793,kashef-k8s-w1.url-shorten-mongodb-57c886d5f8-jjq5f,container_cpu_system_seconds_total,0.537
1745309793,kashef-k8s-w1.user-memcached-59687c864d-2c4zx,container_cpu_system_seconds_total,0.1
1745309793,kashef-k8s-w1.post-storage-memcached-6b75788fc6-mdqct,container_cpu_system_seconds_total,0.107
1745309793,kashef-k8s-w1.post-storage-mongodb-5579669d8c-ghpw8,container_cpu_system_seconds_total,0.464
1745309793,kashef-k8s-ctl.user-timeline-mongodb-6758898d48-hf57f,container_cpu_system_seconds_total,0.299
1745309793,kashef-k8s-ctl.social-graph-redis-5bbd5b7458-zq76w,container_cpu_system_seconds_total,0.269
1745309793,kashef-k8s-w1.media-service-6c665c775d-zqqbz,container_cpu_system_seconds_total,0.068
1745309793,kashef-k8s-w1.user-timeline-service-664c7f6696-g24dm,container_cpu_system_seconds_total,0.074
1745309793,kashef-k8s-ctl.text-service-fff64b8bf-lsj78,container_cpu_system_seconds_total,0.067
1745309793,kashef-k8s-ctl.user-mongodb-7745bbd78-hftfp,container_cpu_system_seconds_total,0.319
1745309793,kashef-k8s-w1.user-timeline-redis-67cc95bc57-xq48b,container_cpu_system_seconds_total,0.292
1745309793,kashef-k8s-w1.home-timeline-service-5754ffbc6d-dcb2w,container_cpu_system_seconds_total,0.068
1745309793,kashef-k8s-ctl.compose-post-service-f587bf89d-d8xkk,container_cpu_system_seconds_total,0.116
1745309793,kashef-k8s-w1.media-frontend-6b66b95ff4-hm6qt,container_cpu_system_seconds_total,5.52
1745309793,kashef-k8s-ctl.user-mention-service-5c4f566c5-p2lnr,container_cpu_system_seconds_total,0.082
1745309793,kashef-k8s-ctl.jaeger-67997f9775-v5d2k,container_cpu_system_seconds_total,0.126
1745309793,kashef-k8s-w1.home-timeline-redis-6c6647df6f-vlcfg,container_cpu_system_seconds_total,0.267
1745309793,kashef-k8s-ctl.nginx-thrift-79478f9bf5-2tkmq,container_cpu_system_seconds_total,5.985
1745309793,kashef-k8s-w1.media-mongodb-7b64c59567-kq2l8,container_cpu_system_seconds_total,0.437
1745309793,kashef-k8s-w1.unique-id-service-694497b678-flvqw,container_cpu_system_seconds_total,0.057
1745309793,kashef-k8s-w1.url-shorten-service-66949ddcc4-tbw92,container_cpu_system_seconds_total,0.089
1745309793,kashef-k8s-ctl.media-memcached-7889bdfdfb-kcntj,container_cpu_system_seconds_total,0.078
1745309793,kashef-k8s-ctl.social-graph-mongodb-55df767ff5-ffr9j,container_cpu_system_seconds_total,0.359
1745309793,kashef-k8s-ctl.social-graph-service-677dbc655c-6npks,container_cpu_system_seconds_total,0.072
1745309793,kashef-k8s-w1.post-storage-service-66c9966f5f-n97sf,container_cpu_system_seconds_total,0.094
1745309799,kashef-k8s-ctl.social-graph-mongodb-55df767ff5-ffr9j,container_cpu_system_seconds_total,0.384
1745309799,kashef-k8s-w1.url-shorten-service-66949ddcc4-tbw92,container_cpu_system_seconds_total,0.089
1745309799,kashef-k8s-w1.home-timeline-redis-6c6647df6f-vlcfg,container_cpu_system_seconds_total,0.267
1745309799,kashef-k8s-w1.media-mongodb-7b64c59567-kq2l8,container_cpu_system_seconds_total,0.437
1745309799,kashef-k8s-ctl.user-timeline-mongodb-6758898d48-hf57f,container_cpu_system_seconds_total,0.299
1745309799,kashef-k8s-ctl.social-graph-redis-5bbd5b7458-zq76w,container_cpu_system_seconds_total,0.269
1745309799,kashef-k8s-w1.post-storage-memcached-6b75788fc6-mdqct,container_cpu_system_seconds_total,0.107
1745309799,kashef-k8s-ctl.text-service-fff64b8bf-lsj78,container_cpu_system_seconds_total,0.067
1745309799,kashef-k8s-ctl.user-mongodb-7745bbd78-hftfp,container_cpu_system_seconds_total,0.331
1745309799,kashef-k8s-w1.user-timeline-redis-67cc95bc57-xq48b,container_cpu_system_seconds_total,0.292
1745309799,kashef-k8s-w1.home-timeline-service-5754ffbc6d-dcb2w,container_cpu_system_seconds_total,0.068
1745309799,kashef-k8s-w1.media-service-6c665c775d-zqqbz,container_cpu_system_seconds_total,0.068
1745309799,kashef-k8s-ctl.media-memcached-7889bdfdfb-kcntj,container_cpu_system_seconds_total,0.078
1745309799,kashef-k8s-ctl.user-mention-service-5c4f566c5-p2lnr,container_cpu_system_seconds_total,0.082
1745309799,kashef-k8s-ctl.nginx-thrift-79478f9bf5-2tkmq,container_cpu_system_seconds_total,5.986
1745309799,kashef-k8s-ctl.compose-post-service-f587bf89d-d8xkk,container_cpu_system_seconds_total,0.116
1745309799,kashef-k8s-w1.media-frontend-6b66b95ff4-hm6qt,container_cpu_system_seconds_total,5.52
1745309799,kashef-k8s-ctl.jaeger-67997f9775-v5d2k,container_cpu_system_seconds_total,0.126
1745309799,kashef-k8s-w1.user-timeline-service-664c7f6696-g24dm,container_cpu_system_seconds_total,0.074
1745309799,kashef-k8s-ctl.social-graph-service-677dbc655c-6npks,container_cpu_system_seconds_total,0.073
1745309799,kashef-k8s-w1.post-storage-service-66c9966f5f-n97sf,container_cpu_system_seconds_total,0.094
1745309799,kashef-k8s-w1.unique-id-service-694497b678-flvqw,container_cpu_system_seconds_total,0.057
1745309799,kashef-k8s-w1.post-storage-mongodb-5579669d8c-ghpw8,container_cpu_system_seconds_total,0.464
1745309799,kashef-k8s-w1.url-shorten-mongodb-57c886d5f8-jjq5f,container_cpu_system_seconds_total,0.537
1745309799,kashef-k8s-w1.user-memcached-59687c864d-2c4zx,container_cpu_system_seconds_total,0.1
1745309799,kashef-k8s-w1.url-shorten-memcached-6546746864-xgs89,container_cpu_system_seconds_total,0.098
1745309805,kashef-k8s-w1.url-shorten-mongodb-57c886d5f8-jjq5f,container_cpu_system_seconds_total,0.537
1745309805,kashef-k8s-w1.url-shorten-service-66949ddcc4-tbw92,container_cpu_system_seconds_total,0.089
1745309805,kashef-k8s-w1.post-storage-service-66c9966f5f-n97sf,container_cpu_system_seconds_total,0.094
1745309805,kashef-k8s-ctl.social-graph-service-677dbc655c-6npks,container_cpu_system_seconds_total,0.073
1745309805,kashef-k8s-w1.user-memcached-59687c864d-2c4zx,container_cpu_system_seconds_total,0.1
1745309805,kashef-k8s-w1.user-timeline-service-664c7f6696-g24dm,container_cpu_system_seconds_total,0.074
1745309805,kashef-k8s-ctl.nginx-thrift-79478f9bf5-2tkmq,container_cpu_system_seconds_total,5.986
1745309805,kashef-k8s-ctl.jaeger-67997f9775-v5d2k,container_cpu_system_seconds_total,0.126
1745309805,kashef-k8s-ctl.media-memcached-7889bdfdfb-kcntj,container_cpu_system_seconds_total,0.078
1745309805,kashef-k8s-w1.media-frontend-6b66b95ff4-hm6qt,container_cpu_system_seconds_total,5.52
1745309805,kashef-k8s-w1.user-timeline-redis-67cc95bc57-xq48b,container_cpu_system_seconds_total,0.292
1745309805,kashef-k8s-ctl.user-mongodb-7745bbd78-hftfp,container_cpu_system_seconds_total,0.331
1745309805,kashef-k8s-w1.media-service-6c665c775d-zqqbz,container_cpu_system_seconds_total,0.068
1745309805,kashef-k8s-w1.post-storage-mongodb-5579669d8c-ghpw8,container_cpu_system_seconds_total,0.464
1745309805,kashef-k8s-ctl.user-mention-service-5c4f566c5-p2lnr,container_cpu_system_seconds_total,0.082
1745309805,kashef-k8s-ctl.compose-post-service-f587bf89d-d8xkk,container_cpu_system_seconds_total,0.116
1745309805,kashef-k8s-w1.home-timeline-service-5754ffbc6d-dcb2w,container_cpu_system_seconds_total,0.068
1745309805,kashef-k8s-w1.url-shorten-memcached-6546746864-xgs89,container_cpu_system_seconds_total,0.098
1745309805,kashef-k8s-ctl.social-graph-mongodb-55df767ff5-ffr9j,container_cpu_system_seconds_total,0.384
1745309805,kashef-k8s-w1.media-mongodb-7b64c59567-kq2l8,container_cpu_system_seconds_total,0.437
1745309805,kashef-k8s-ctl.user-timeline-mongodb-6758898d48-hf57f,container_cpu_system_seconds_total,0.33
1745309805,kashef-k8s-ctl.social-graph-redis-5bbd5b7458-zq76w,container_cpu_system_seconds_total,0.319
1745309805,kashef-k8s-w1.home-timeline-redis-6c6647df6f-vlcfg,container_cpu_system_seconds_total,0.267
1745309805,kashef-k8s-w1.unique-id-service-694497b678-flvqw,container_cpu_system_seconds_total,0.057
1745309805,kashef-k8s-w1.post-storage-memcached-6b75788fc6-mdqct,container_cpu_system_seconds_total,0.107
1745309805,kashef-k8s-ctl.text-service-fff64b8bf-lsj78,container_cpu_system_seconds_total,0.067
1745309811,kashef-k8s-w1.home-timeline-service-5754ffbc6d-dcb2w,container_cpu_system_seconds_total,0.068
1745309811,kashef-k8s-w1.user-timeline-service-664c7f6696-g24dm,container_cpu_system_seconds_total,0.074
1745309811,kashef-k8s-w1.post-storage-service-66c9966f5f-n97sf,container_cpu_system_seconds_total,0.094
1745309811,kashef-k8s-w1.url-shorten-mongodb-57c886d5f8-jjq5f,container_cpu_system_seconds_total,0.537
1745309811,kashef-k8s-w1.user-memcached-59687c864d-2c4zx,container_cpu_system_seconds_total,0.1
1745309811,kashef-k8s-w1.unique-id-service-694497b678-flvqw,container_cpu_system_seconds_total,0.057
1745309811,kashef-k8s-w1.media-service-6c665c775d-zqqbz,container_cpu_system_seconds_total,0.068
1745309811,kashef-k8s-w1.media-frontend-6b66b95ff4-hm6qt,container_cpu_system_seconds_total,5.52
1745309811,kashef-k8s-ctl.user-mongodb-7745bbd78-hftfp,container_cpu_system_seconds_total,0.331
1745309811,kashef-k8s-ctl.nginx-thrift-79478f9bf5-2tkmq,container_cpu_system_seconds_total,5.986
1745309811,kashef-k8s-w1.user-timeline-redis-67cc95bc57-xq48b,container_cpu_system_seconds_total,0.292
1745309811,kashef-k8s-ctl.compose-post-service-f587bf89d-d8xkk,container_cpu_system_seconds_total,0.116
1745309811,kashef-k8s-ctl.user-mention-service-5c4f566c5-p2lnr,container_cpu_system_seconds_total,0.083
1745309811,kashef-k8s-w1.post-storage-mongodb-5579669d8c-ghpw8,container_cpu_system_seconds_total,0.464
1745309811,kashef-k8s-ctl.jaeger-67997f9775-v5d2k,container_cpu_system_seconds_total,0.126
1745309811,kashef-k8s-ctl.social-graph-redis-5bbd5b7458-zq76w,container_cpu_system_seconds_total,0.319
1745309811,kashef-k8s-ctl.user-timeline-mongodb-6758898d48-hf57f,container_cpu_system_seconds_total,0.33
1745309811,kashef-k8s-w1.home-timeline-redis-6c6647df6f-vlcfg,container_cpu_system_seconds_total,0.267
1745309811,kashef-k8s-ctl.media-memcached-7889bdfdfb-kcntj,container_cpu_system_seconds_total,0.078
1745309811,kashef-k8s-w1.post-storage-memcached-6b75788fc6-mdqct,container_cpu_system_seconds_total,0.107
1745309811,kashef-k8s-w1.url-shorten-memcached-6546746864-xgs89,container_cpu_system_seconds_total,0.098
1745309811,kashef-k8s-ctl.text-service-fff64b8bf-lsj78,container_cpu_system_seconds_total,0.067
1745309811,kashef-k8s-w1.media-mongodb-7b64c59567-kq2l8,container_cpu_system_seconds_total,0.437
1745309811,kashef-k8s-ctl.social-graph-mongodb-55df767ff5-ffr9j,container_cpu_system_seconds_total,0.384
1745309811,kashef-k8s-ctl.social-graph-service-677dbc655c-6npks,container_cpu_system_seconds_total,0.073
1745309811,kashef-k8s-w1.url-shorten-service-66949ddcc4-tbw92,container_cpu_system_seconds_total,0.089
1745309817,kashef-k8s-ctl.social-graph-service-677dbc655c-6npks,container_cpu_system_seconds_total,0.073
1745309817,kashef-k8s-w1.media-service-6c665c775d-zqqbz,container_cpu_system_seconds_total,0.068
1745309817,kashef-k8s-w1.url-shorten-mongodb-57c886d5f8-jjq5f,container_cpu_system_seconds_total,0.571
1745309817,kashef-k8s-w1.post-storage-service-66c9966f5f-n97sf,container_cpu_system_seconds_total,0.094
1745309817,kashef-k8s-ctl.text-service-fff64b8bf-lsj78,container_cpu_system_seconds_total,0.067
1745309817,kashef-k8s-ctl.user-timeline-mongodb-6758898d48-hf57f,container_cpu_system_seconds_total,0.33
1745309817,kashef-k8s-ctl.social-graph-redis-5bbd5b7458-zq76w,container_cpu_system_seconds_total,0.319
1745309817,kashef-k8s-w1.post-storage-memcached-6b75788fc6-mdqct,container_cpu_system_seconds_total,0.107
1745309817,kashef-k8s-w1.user-timeline-redis-67cc95bc57-xq48b,container_cpu_system_seconds_total,0.292
1745309817,kashef-k8s-ctl.user-mongodb-7745bbd78-hftfp,container_cpu_system_seconds_total,0.331
1745309817,kashef-k8s-ctl.user-mention-service-5c4f566c5-p2lnr,container_cpu_system_seconds_total,0.083
1745309817,kashef-k8s-ctl.nginx-thrift-79478f9bf5-2tkmq,container_cpu_system_seconds_total,5.986
1745309817,kashef-k8s-w1.post-storage-mongodb-5579669d8c-ghpw8,container_cpu_system_seconds_total,0.508
1745309817,kashef-k8s-w1.user-timeline-service-664c7f6696-g24dm,container_cpu_system_seconds_total,0.074
1745309817,kashef-k8s-ctl.compose-post-service-f587bf89d-d8xkk,container_cpu_system_seconds_total,0.116
1745309817,kashef-k8s-w1.media-frontend-6b66b95ff4-hm6qt,container_cpu_system_seconds_total,5.52
1745309817,kashef-k8s-w1.home-timeline-redis-6c6647df6f-vlcfg,container_cpu_system_seconds_total,0.313
1745309817,kashef-k8s-ctl.social-graph-mongodb-55df767ff5-ffr9j,container_cpu_system_seconds_total,0.384
1745309817,kashef-k8s-w1.url-shorten-service-66949ddcc4-tbw92,container_cpu_system_seconds_total,0.089
1745309817,kashef-k8s-w1.home-timeline-service-5754ffbc6d-dcb2w,container_cpu_system_seconds_total,0.068
1745309817,kashef-k8s-w1.url-shorten-memcached-6546746864-xgs89,container_cpu_system_seconds_total,0.098
1745309817,kashef-k8s-ctl.jaeger-67997f9775-v5d2k,container_cpu_system_seconds_total,0.126
1745309817,kashef-k8s-w1.unique-id-service-694497b678-flvqw,container_cpu_system_seconds_total,0.057
1745309817,kashef-k8s-w1.user-memcached-59687c864d-2c4zx,container_cpu_system_seconds_total,0.109
1745309817,kashef-k8s-ctl.media-memcached-7889bdfdfb-kcntj,container_cpu_system_seconds_total,0.078
1745309817,kashef-k8s-w1.media-mongodb-7b64c59567-kq2l8,container_cpu_system_seconds_total,0.477
1745309823,kashef-k8s-w1.media-service-6c665c775d-zqqbz,container_cpu_system_seconds_total,0.068
1745309823,kashef-k8s-ctl.user-timeline-mongodb-6758898d48-hf57f,container_cpu_system_seconds_total,0.33
1745309823,kashef-k8s-w1.post-storage-service-66c9966f5f-n97sf,container_cpu_system_seconds_total,0.094
1745309823,kashef-k8s-w1.user-memcached-59687c864d-2c4zx,container_cpu_system_seconds_total,0.109
1745309823,kashef-k8s-ctl.social-graph-redis-5bbd5b7458-zq76w,container_cpu_system_seconds_total,0.319
1745309823,kashef-k8s-w1.post-storage-memcached-6b75788fc6-mdqct,container_cpu_system_seconds_total,0.107
1745309823,kashef-k8s-ctl.nginx-thrift-79478f9bf5-2tkmq,container_cpu_system_seconds_total,5.986
1745309823,kashef-k8s-ctl.user-mongodb-7745bbd78-hftfp,container_cpu_system_seconds_total,0.331
1745309823,kashef-k8s-w1.user-timeline-redis-67cc95bc57-xq48b,container_cpu_system_seconds_total,0.346
1745309823,kashef-k8s-ctl.compose-post-service-f587bf89d-d8xkk,container_cpu_system_seconds_total,0.116
1745309823,kashef-k8s-ctl.text-service-fff64b8bf-lsj78,container_cpu_system_seconds_total,0.067
1745309823,kashef-k8s-w1.media-frontend-6b66b95ff4-hm6qt,container_cpu_system_seconds_total,5.52
1745309823,kashef-k8s-w1.user-timeline-service-664c7f6696-g24dm,container_cpu_system_seconds_total,0.075
1745309823,kashef-k8s-ctl.user-mention-service-5c4f566c5-p2lnr,container_cpu_system_seconds_total,0.083
1745309823,kashef-k8s-w1.url-shorten-mongodb-57c886d5f8-jjq5f,container_cpu_system_seconds_total,0.571
1745309823,kashef-k8s-ctl.social-graph-service-677dbc655c-6npks,container_cpu_system_seconds_total,0.073
1745309823,kashef-k8s-w1.url-shorten-memcached-6546746864-xgs89,container_cpu_system_seconds_total,0.105
1745309823,kashef-k8s-ctl.media-memcached-7889bdfdfb-kcntj,container_cpu_system_seconds_total,0.078
1745309823,kashef-k8s-w1.home-timeline-redis-6c6647df6f-vlcfg,container_cpu_system_seconds_total,0.313
1745309823,kashef-k8s-w1.home-timeline-service-5754ffbc6d-dcb2w,container_cpu_system_seconds_total,0.069
1745309823,kashef-k8s-w1.post-storage-mongodb-5579669d8c-ghpw8,container_cpu_system_seconds_total,0.508
1745309823,kashef-k8s-w1.media-mongodb-7b64c59567-kq2l8,container_cpu_system_seconds_total,0.477
1745309823,kashef-k8s-w1.url-shorten-service-66949ddcc4-tbw92,container_cpu_system_seconds_total,0.089
1745309823,kashef-k8s-ctl.jaeger-67997f9775-v5d2k,container_cpu_system_seconds_total,0.126
1745309823,kashef-k8s-ctl.social-graph-mongodb-55df767ff5-ffr9j,container_cpu_system_seconds_total,0.384
1745309823,kashef-k8s-w1.unique-id-service-694497b678-flvqw,container_cpu_system_seconds_total,0.057
1745309829,kashef-k8s-ctl.social-graph-service-677dbc655c-6npks,container_cpu_system_seconds_total,0.073
1745309829,kashef-k8s-ctl.social-graph-mongodb-55df767ff5-ffr9j,container_cpu_system_seconds_total,0.384
1745309829,kashef-k8s-ctl.user-timeline-mongodb-6758898d48-hf57f,container_cpu_system_seconds_total,0.33
1745309829,kashef-k8s-w1.url-shorten-service-66949ddcc4-tbw92,container_cpu_system_seconds_total,0.089
1745309829,kashef-k8s-ctl.compose-post-service-f587bf89d-d8xkk,container_cpu_system_seconds_total,0.116
1745309829,kashef-k8s-w1.media-frontend-6b66b95ff4-hm6qt,container_cpu_system_seconds_total,5.52
1745309829,kashef-k8s-w1.url-shorten-memcached-6546746864-xgs89,container_cpu_system_seconds_total,0.105
1745309829,kashef-k8s-ctl.jaeger-67997f9775-v5d2k,container_cpu_system_seconds_total,0.126
1745309829,kashef-k8s-ctl.user-mongodb-7745bbd78-hftfp,container_cpu_system_seconds_total,0.331
1745309829,kashef-k8s-w1.user-timeline-redis-67cc95bc57-xq48b,container_cpu_system_seconds_total,0.346
1745309829,kashef-k8s-ctl.social-graph-redis-5bbd5b7458-zq76w,container_cpu_system_seconds_total,0.319
1745309829,kashef-k8s-w1.user-timeline-service-664c7f6696-g24dm,container_cpu_system_seconds_total,0.075
1745309829,kashef-k8s-w1.home-timeline-service-5754ffbc6d-dcb2w,container_cpu_system_seconds_total,0.069
1745309829,kashef-k8s-ctl.nginx-thrift-79478f9bf5-2tkmq,container_cpu_system_seconds_total,5.986
1745309829,kashef-k8s-w1.post-storage-mongodb-5579669d8c-ghpw8,container_cpu_system_seconds_total,0.508
1745309829,kashef-k8s-ctl.text-service-fff64b8bf-lsj78,container_cpu_system_seconds_total,0.067
1745309829,kashef-k8s-w1.post-storage-memcached-6b75788fc6-mdqct,container_cpu_system_seconds_total,0.116
1745309829,kashef-k8s-w1.media-mongodb-7b64c59567-kq2l8,container_cpu_system_seconds_total,0.477
1745309829,kashef-k8s-w1.unique-id-service-694497b678-flvqw,container_cpu_system_seconds_total,0.057
1745309829,kashef-k8s-ctl.media-memcached-7889bdfdfb-kcntj,container_cpu_system_seconds_total,0.078
1745309829,kashef-k8s-w1.media-service-6c665c775d-zqqbz,container_cpu_system_seconds_total,0.068
1745309829,kashef-k8s-w1.url-shorten-mongodb-57c886d5f8-jjq5f,container_cpu_system_seconds_total,0.571
1745309829,kashef-k8s-w1.user-memcached-59687c864d-2c4zx,container_cpu_system_seconds_total,0.109
1745309829,kashef-k8s-w1.post-storage-service-66c9966f5f-n97sf,container_cpu_system_seconds_total,0.094
1745309829,kashef-k8s-w1.home-timeline-redis-6c6647df6f-vlcfg,container_cpu_system_seconds_total,0.313
1745309829,kashef-k8s-ctl.user-mention-service-5c4f566c5-p2lnr,container_cpu_system_seconds_total,0.083
1745309835,kashef-k8s-ctl.compose-post-service-f587bf89d-d8xkk,container_cpu_system_seconds_total,0.116
1745309835,kashef-k8s-ctl.text-service-fff64b8bf-lsj78,container_cpu_system_seconds_total,0.067
1745309835,kashef-k8s-ctl.social-graph-service-677dbc655c-6npks,container_cpu_system_seconds_total,0.073
1745309835,kashef-k8s-w1.url-shorten-service-66949ddcc4-tbw92,container_cpu_system_seconds_total,0.089
1745309835,kashef-k8s-ctl.user-service-547b88cd8f-4xg64,container_cpu_system_seconds_total,0.0
1745309835,kashef-k8s-w1.url-shorten-memcached-6546746864-xgs89,container_cpu_system_seconds_total,0.105
1745309835,kashef-k8s-ctl.social-graph-redis-5bbd5b7458-zq76w,container_cpu_system_seconds_total,0.35
1745309835,kashef-k8s-w1.home-timeline-service-5754ffbc6d-dcb2w,container_cpu_system_seconds_total,0.069
1745309835,kashef-k8s-w1.user-timeline-redis-67cc95bc57-xq48b,container_cpu_system_seconds_total,0.346
1745309835,kashef-k8s-ctl.nginx-thrift-79478f9bf5-2tkmq,container_cpu_system_seconds_total,5.99
1745309835,kashef-k8s-ctl.jaeger-67997f9775-v5d2k,container_cpu_system_seconds_total,0.126
1745309835,kashef-k8s-w1.media-frontend-6b66b95ff4-hm6qt,container_cpu_system_seconds_total,5.52
1745309835,kashef-k8s-w1.post-storage-mongodb-5579669d8c-ghpw8,container_cpu_system_seconds_total,0.508
1745309835,kashef-k8s-w1.post-storage-service-66c9966f5f-n97sf,container_cpu_system_seconds_total,0.094
1745309835,kashef-k8s-ctl.user-timeline-mongodb-6758898d48-hf57f,container_cpu_system_seconds_total,0.361
1745309835,kashef-k8s-ctl.social-graph-mongodb-55df767ff5-ffr9j,container_cpu_system_seconds_total,0.439
1745309835,kashef-k8s-w1.media-service-6c665c775d-zqqbz,container_cpu_system_seconds_total,0.068
1745309835,kashef-k8s-w1.home-timeline-redis-6c6647df6f-vlcfg,container_cpu_system_seconds_total,0.313
1745309835,kashef-k8s-w1.post-storage-memcached-6b75788fc6-mdqct,container_cpu_system_seconds_total,0.116
1745309835,kashef-k8s-w1.url-shorten-mongodb-57c886d5f8-jjq5f,container_cpu_system_seconds_total,0.571
1745309835,kashef-k8s-w1.user-timeline-service-664c7f6696-g24dm,container_cpu_system_seconds_total,0.075
1745309835,kashef-k8s-ctl.user-mention-service-5c4f566c5-p2lnr,container_cpu_system_seconds_total,0.085
1745309835,kashef-k8s-ctl.media-memcached-7889bdfdfb-kcntj,container_cpu_system_seconds_total,0.078
1745309835,kashef-k8s-w1.media-mongodb-7b64c59567-kq2l8,container_cpu_system_seconds_total,0.477
1745309835,kashef-k8s-ctl.user-mongodb-7745bbd78-hftfp,container_cpu_system_seconds_total,0.343
1745309835,kashef-k8s-w1.unique-id-service-694497b678-flvqw,container_cpu_system_seconds_total,0.057
1745309835,kashef-k8s-w1.user-memcached-59687c864d-2c4zx,container_cpu_system_seconds_total,0.109
1745309841,kashef-k8s-ctl.user-mongodb-7745bbd78-hftfp,container_cpu_system_seconds_total,0.343
1745309841,kashef-k8s-w1.user-memcached-59687c864d-2c4zx,container_cpu_system_seconds_total,0.109
1745309841,kashef-k8s-w1.post-storage-service-66c9966f5f-n97sf,container_cpu_system_seconds_total,0.094
1745309841,kashef-k8s-ctl.media-memcached-7889bdfdfb-kcntj,container_cpu_system_seconds_total,0.082
1745309841,kashef-k8s-ctl.social-graph-service-677dbc655c-6npks,container_cpu_system_seconds_total,0.075
1745309841,kashef-k8s-w1.url-shorten-mongodb-57c886d5f8-jjq5f,container_cpu_system_seconds_total,0.571
1745309841,kashef-k8s-w1.media-mongodb-7b64c59567-kq2l8,container_cpu_system_seconds_total,0.477
1745309841,kashef-k8s-w1.user-timeline-redis-67cc95bc57-xq48b,container_cpu_system_seconds_total,0.346
1745309841,kashef-k8s-w1.media-service-6c665c775d-zqqbz,container_cpu_system_seconds_total,0.068
1745309841,kashef-k8s-ctl.nginx-thrift-79478f9bf5-2tkmq,container_cpu_system_seconds_total,5.99
1745309841,kashef-k8s-ctl.user-timeline-mongodb-6758898d48-hf57f,container_cpu_system_seconds_total,0.361
1745309841,kashef-k8s-ctl.social-graph-redis-5bbd5b7458-zq76w,container_cpu_system_seconds_total,0.35
1745309841,kashef-k8s-w1.home-timeline-redis-6c6647df6f-vlcfg,container_cpu_system_seconds_total,0.313
1745309841,kashef-k8s-w1.home-timeline-service-5754ffbc6d-dcb2w,container_cpu_system_seconds_total,0.069
1745309841,kashef-k8s-ctl.user-mention-service-5c4f566c5-p2lnr,container_cpu_system_seconds_total,0.085
1745309841,kashef-k8s-w1.post-storage-memcached-6b75788fc6-mdqct,container_cpu_system_seconds_total,0.116
1745309841,kashef-k8s-ctl.compose-post-service-f587bf89d-d8xkk,container_cpu_system_seconds_total,0.116
1745309841,kashef-k8s-w1.url-shorten-memcached-6546746864-xgs89,container_cpu_system_seconds_total,0.105
1745309841,kashef-k8s-ctl.text-service-fff64b8bf-lsj78,container_cpu_system_seconds_total,0.067
1745309841,kashef-k8s-w1.user-timeline-service-664c7f6696-g24dm,container_cpu_system_seconds_total,0.076
1745309841,kashef-k8s-w1.url-shorten-service-66949ddcc4-tbw92,container_cpu_system_seconds_total,0.089
1745309841,kashef-k8s-w1.media-frontend-6b66b95ff4-hm6qt,container_cpu_system_seconds_total,5.52
1745309841,kashef-k8s-ctl.social-graph-mongodb-55df767ff5-ffr9j,container_cpu_system_seconds_total,0.439
1745309841,kashef-k8s-w1.unique-id-service-694497b678-flvqw,container_cpu_system_seconds_total,0.057
1745309841,kashef-k8s-ctl.user-service-547b88cd8f-4xg64,container_cpu_system_seconds_total,0.0
1745309841,kashef-k8s-ctl.jaeger-67997f9775-v5d2k,container_cpu_system_seconds_total,0.131
1745309841,kashef-k8s-w1.post-storage-mongodb-5579669d8c-ghpw8,container_cpu_system_seconds_total,0.508
1745309847,kashef-k8s-w1.url-shorten-mongodb-57c886d5f8-jjq5f,container_cpu_system_seconds_total,0.571
1745309847,kashef-k8s-w1.user-memcached-59687c864d-2c4zx,container_cpu_system_seconds_total,0.115
1745309847,kashef-k8s-ctl.user-mongodb-7745bbd78-hftfp,container_cpu_system_seconds_total,0.343
1745309847,kashef-k8s-w1.user-timeline-redis-67cc95bc57-xq48b,container_cpu_system_seconds_total,0.346
1745309847,kashef-k8s-w1.media-service-6c665c775d-zqqbz,container_cpu_system_seconds_total,0.068
1745309847,kashef-k8s-ctl.social-graph-redis-5bbd5b7458-zq76w,container_cpu_system_seconds_total,0.35
1745309847,kashef-k8s-ctl.nginx-thrift-79478f9bf5-2tkmq,container_cpu_system_seconds_total,5.99
1745309847,kashef-k8s-w1.post-storage-memcached-6b75788fc6-mdqct,container_cpu_system_seconds_total,0.12
1745309847,kashef-k8s-ctl.compose-post-service-f587bf89d-d8xkk,container_cpu_system_seconds_total,0.116
1745309847,kashef-k8s-ctl.user-mention-service-5c4f566c5-p2lnr,container_cpu_system_seconds_total,0.085
1745309847,kashef-k8s-w1.media-frontend-6b66b95ff4-hm6qt,container_cpu_system_seconds_total,5.52
1745309847,kashef-k8s-w1.home-timeline-redis-6c6647df6f-vlcfg,container_cpu_system_seconds_total,0.35
1745309847,kashef-k8s-w1.home-timeline-service-5754ffbc6d-dcb2w,container_cpu_system_seconds_total,0.069
1745309847,kashef-k8s-w1.media-mongodb-7b64c59567-kq2l8,container_cpu_system_seconds_total,0.528
1745309847,kashef-k8s-ctl.social-graph-service-677dbc655c-6npks,container_cpu_system_seconds_total,0.075
1745309847,kashef-k8s-w1.url-shorten-memcached-6546746864-xgs89,container_cpu_system_seconds_total,0.105
1745309847,kashef-k8s-ctl.jaeger-67997f9775-v5d2k,container_cpu_system_seconds_total,0.131
1745309847,kashef-k8s-w1.url-shorten-service-66949ddcc4-tbw92,container_cpu_system_seconds_total,0.089
1745309847,kashef-k8s-ctl.user-service-547b88cd8f-4xg64,container_cpu_system_seconds_total,0.0
1745309847,kashef-k8s-w1.post-storage-mongodb-5579669d8c-ghpw8,container_cpu_system_seconds_total,0.508
1745309847,kashef-k8s-ctl.user-timeline-mongodb-6758898d48-hf57f,container_cpu_system_seconds_total,0.361
1745309847,kashef-k8s-w1.user-timeline-service-664c7f6696-g24dm,container_cpu_system_seconds_total,0.076
1745309847,kashef-k8s-ctl.text-service-fff64b8bf-lsj78,container_cpu_system_seconds_total,0.067
1745309847,kashef-k8s-ctl.social-graph-mongodb-55df767ff5-ffr9j,container_cpu_system_seconds_total,0.439
1745309847,kashef-k8s-w1.unique-id-service-694497b678-flvqw,container_cpu_system_seconds_total,0.057
1745309847,kashef-k8s-ctl.media-memcached-7889bdfdfb-kcntj,container_cpu_system_seconds_total,0.082
1745309847,kashef-k8s-w1.post-storage-service-66c9966f5f-n97sf,container_cpu_system_seconds_total,0.094
1745309853,kashef-k8s-w1.post-storage-service-66c9966f5f-n97sf,container_cpu_system_seconds_total,0.094
1745309853,kashef-k8s-ctl.user-mongodb-7745bbd78-hftfp,container_cpu_system_seconds_total,0.343
1745309853,kashef-k8s-w1.user-timeline-service-664c7f6696-g24dm,container_cpu_system_seconds_total,0.076
1745309853,kashef-k8s-w1.url-shorten-memcached-6546746864-xgs89,container_cpu_system_seconds_total,0.111
1745309853,kashef-k8s-w1.user-timeline-redis-67cc95bc57-xq48b,container_cpu_system_seconds_total,0.38
1745309853,kashef-k8s-w1.url-shorten-service-66949ddcc4-tbw92,container_cpu_system_seconds_total,0.089
1745309853,kashef-k8s-ctl.social-graph-mongodb-55df767ff5-ffr9j,container_cpu_system_seconds_total,0.439
1745309853,kashef-k8s-ctl.jaeger-67997f9775-v5d2k,container_cpu_system_seconds_total,0.131
1745309853,kashef-k8s-w1.home-timeline-service-5754ffbc6d-dcb2w,container_cpu_system_seconds_total,0.069
1745309853,kashef-k8s-ctl.user-mention-service-5c4f566c5-p2lnr,container_cpu_system_seconds_total,0.085
1745309853,kashef-k8s-w1.home-timeline-redis-6c6647df6f-vlcfg,container_cpu_system_seconds_total,0.35
1745309853,kashef-k8s-ctl.text-service-fff64b8bf-lsj78,container_cpu_system_seconds_total,0.067
1745309853,kashef-k8s-w1.media-mongodb-7b64c59567-kq2l8,container_cpu_system_seconds_total,0.528
1745309853,kashef-k8s-w1.media-frontend-6b66b95ff4-hm6qt,container_cpu_system_seconds_total,5.52
1745309853,kashef-k8s-w1.url-shorten-mongodb-57c886d5f8-jjq5f,container_cpu_system_seconds_total,0.571
1745309853,kashef-k8s-w1.media-service-6c665c775d-zqqbz,container_cpu_system_seconds_total,0.068
1745309853,kashef-k8s-w1.post-storage-mongodb-5579669d8c-ghpw8,container_cpu_system_seconds_total,0.555
1745309853,kashef-k8s-ctl.user-timeline-mongodb-6758898d48-hf57f,container_cpu_system_seconds_total,0.361
1745309853,kashef-k8s-ctl.user-service-547b88cd8f-4xg64,container_cpu_system_seconds_total,0.0
1745309853,kashef-k8s-ctl.nginx-thrift-79478f9bf5-2tkmq,container_cpu_system_seconds_total,5.99
1745309853,kashef-k8s-ctl.compose-post-service-f587bf89d-d8xkk,container_cpu_system_seconds_total,0.116
1745309853,kashef-k8s-w1.post-storage-memcached-6b75788fc6-mdqct,container_cpu_system_seconds_total,0.12
1745309853,kashef-k8s-ctl.social-graph-redis-5bbd5b7458-zq76w,container_cpu_system_seconds_total,0.35
1745309853,kashef-k8s-ctl.media-memcached-7889bdfdfb-kcntj,container_cpu_system_seconds_total,0.082
1745309853,kashef-k8s-w1.user-memcached-59687c864d-2c4zx,container_cpu_system_seconds_total,0.115
1745309853,kashef-k8s-w1.unique-id-service-694497b678-flvqw,container_cpu_system_seconds_total,0.057
1745309853,kashef-k8s-ctl.social-graph-service-677dbc655c-6npks,container_cpu_system_seconds_total,0.075
1745309859,kashef-k8s-w1.unique-id-service-694497b678-flvqw,container_cpu_system_seconds_total,0.057
1745309859,kashef-k8s-ctl.social-graph-service-677dbc655c-6npks,container_cpu_system_seconds_total,0.075
1745309859,kashef-k8s-ctl.social-graph-mongodb-55df767ff5-ffr9j,container_cpu_system_seconds_total,0.439
1745309859,kashef-k8s-w1.url-shorten-service-66949ddcc4-tbw92,container_cpu_system_seconds_total,0.089
1745309859,kashef-k8s-ctl.user-mongodb-7745bbd78-hftfp,container_cpu_system_seconds_total,0.343
1745309859,kashef-k8s-w1.url-shorten-memcached-6546746864-xgs89,container_cpu_system_seconds_total,0.111
1745309859,kashef-k8s-ctl.user-mention-service-5c4f566c5-p2lnr,container_cpu_system_seconds_total,0.085
1745309859,kashef-k8s-ctl.jaeger-67997f9775-v5d2k,container_cpu_system_seconds_total,0.131
1745309859,kashef-k8s-w1.home-timeline-redis-6c6647df6f-vlcfg,container_cpu_system_seconds_total,0.35
1745309859,kashef-k8s-ctl.text-service-fff64b8bf-lsj78,container_cpu_system_seconds_total,0.067
1745309859,kashef-k8s-w1.home-timeline-service-5754ffbc6d-dcb2w,container_cpu_system_seconds_total,0.069
1745309859,kashef-k8s-ctl.social-graph-redis-5bbd5b7458-zq76w,container_cpu_system_seconds_total,0.35
1745309859,kashef-k8s-ctl.compose-post-service-f587bf89d-d8xkk,container_cpu_system_seconds_total,0.116
1745309859,kashef-k8s-w1.post-storage-memcached-6b75788fc6-mdqct,container_cpu_system_seconds_total,0.12
1745309859,kashef-k8s-w1.media-service-6c665c775d-zqqbz,container_cpu_system_seconds_total,0.068
1745309859,kashef-k8s-w1.post-storage-mongodb-5579669d8c-ghpw8,container_cpu_system_seconds_total,0.555
1745309859,kashef-k8s-w1.media-mongodb-7b64c59567-kq2l8,container_cpu_system_seconds_total,0.528
1745309859,kashef-k8s-ctl.nginx-thrift-79478f9bf5-2tkmq,container_cpu_system_seconds_total,5.99
1745309859,kashef-k8s-w1.url-shorten-mongodb-57c886d5f8-jjq5f,container_cpu_system_seconds_total,0.643
1745309859,kashef-k8s-ctl.user-timeline-mongodb-6758898d48-hf57f,container_cpu_system_seconds_total,0.361
1745309859,kashef-k8s-ctl.user-service-547b88cd8f-4xg64,container_cpu_system_seconds_total,0.0
1745309859,kashef-k8s-w1.user-timeline-redis-67cc95bc57-xq48b,container_cpu_system_seconds_total,0.38
1745309859,kashef-k8s-w1.user-timeline-service-664c7f6696-g24dm,container_cpu_system_seconds_total,0.076
1745309859,kashef-k8s-w1.post-storage-service-66c9966f5f-n97sf,container_cpu_system_seconds_total,0.094
1745309859,kashef-k8s-ctl.media-memcached-7889bdfdfb-kcntj,container_cpu_system_seconds_total,0.082
1745309859,kashef-k8s-w1.user-memcached-59687c864d-2c4zx,container_cpu_system_seconds_total,0.115
1745309859,kashef-k8s-w1.media-frontend-6b66b95ff4-hm6qt,container_cpu_system_seconds_total,5.52
1745309865,kashef-k8s-w1.user-memcached-59687c864d-2c4zx,container_cpu_system_seconds_total,0.115
1745309865,kashef-k8s-w1.media-frontend-6b66b95ff4-hm6qt,container_cpu_system_seconds_total,5.52
1745309865,kashef-k8s-ctl.user-mongodb-7745bbd78-hftfp,container_cpu_system_seconds_total,0.343
1745309865,kashef-k8s-ctl.compose-post-service-f587bf89d-d8xkk,container_cpu_system_seconds_total,0.116
1745309865,kashef-k8s-w1.user-timeline-service-664c7f6696-g24dm,container_cpu_system_seconds_total,0.076
1745309865,kashef-k8s-w1.user-timeline-redis-67cc95bc57-xq48b,container_cpu_system_seconds_total,0.38
1745309865,kashef-k8s-ctl.user-service-547b88cd8f-4xg64,container_cpu_system_seconds_total,0.07
1745309865,kashef-k8s-ctl.user-timeline-mongodb-6758898d48-hf57f,container_cpu_system_seconds_total,0.361
1745309865,kashef-k8s-w1.media-mongodb-7b64c59567-kq2l8,container_cpu_system_seconds_total,0.528
1745309865,kashef-k8s-ctl.user-mention-service-5c4f566c5-p2lnr,container_cpu_system_seconds_total,0.085
1745309865,kashef-k8s-ctl.social-graph-redis-5bbd5b7458-zq76w,container_cpu_system_seconds_total,0.35
1745309865,kashef-k8s-w1.post-storage-memcached-6b75788fc6-mdqct,container_cpu_system_seconds_total,0.12
1745309865,kashef-k8s-w1.post-storage-mongodb-5579669d8c-ghpw8,container_cpu_system_seconds_total,0.555
1745309865,kashef-k8s-w1.media-service-6c665c775d-zqqbz,container_cpu_system_seconds_total,0.068
1745309865,kashef-k8s-w1.url-shorten-mongodb-57c886d5f8-jjq5f,container_cpu_system_seconds_total,0.643
1745309865,kashef-k8s-ctl.nginx-thrift-79478f9bf5-2tkmq,container_cpu_system_seconds_total,5.99
1745309865,kashef-k8s-ctl.jaeger-67997f9775-v5d2k,container_cpu_system_seconds_total,0.131
1745309865,kashef-k8s-ctl.social-graph-mongodb-55df767ff5-ffr9j,container_cpu_system_seconds_total,0.439
1745309865,kashef-k8s-w1.unique-id-service-694497b678-flvqw,container_cpu_system_seconds_total,0.057
1745309865,kashef-k8s-w1.url-shorten-service-66949ddcc4-tbw92,container_cpu_system_seconds_total,0.089
1745309865,kashef-k8s-w1.home-timeline-service-5754ffbc6d-dcb2w,container_cpu_system_seconds_total,0.069
1745309865,kashef-k8s-ctl.social-graph-service-677dbc655c-6npks,container_cpu_system_seconds_total,0.075
1745309865,kashef-k8s-ctl.media-memcached-7889bdfdfb-kcntj,container_cpu_system_seconds_total,0.082
1745309865,kashef-k8s-w1.post-storage-service-66c9966f5f-n97sf,container_cpu_system_seconds_total,0.094
1745309865,kashef-k8s-ctl.text-service-fff64b8bf-lsj78,container_cpu_system_seconds_total,0.067
1745309865,kashef-k8s-w1.url-shorten-memcached-6546746864-xgs89,container_cpu_system_seconds_total,0.111
1745309865,kashef-k8s-w1.home-timeline-redis-6c6647df6f-vlcfg,container_cpu_system_seconds_total,0.35
1745309871,kashef-k8s-w1.url-shorten-mongodb-57c886d5f8-jjq5f,container_cpu_system_seconds_total,0.643
1745309871,kashef-k8s-w1.user-timeline-service-664c7f6696-g24dm,container_cpu_system_seconds_total,0.076
1745309871,kashef-k8s-ctl.user-service-547b88cd8f-4xg64,container_cpu_system_seconds_total,0.07
1745309871,kashef-k8s-ctl.user-timeline-mongodb-6758898d48-hf57f,container_cpu_system_seconds_total,0.392
1745309871,kashef-k8s-ctl.media-memcached-7889bdfdfb-kcntj,container_cpu_system_seconds_total,0.084
1745309871,kashef-k8s-w1.post-storage-memcached-6b75788fc6-mdqct,container_cpu_system_seconds_total,0.12
1745309871,kashef-k8s-ctl.social-graph-redis-5bbd5b7458-zq76w,container_cpu_system_seconds_total,0.401
1745309871,kashef-k8s-w1.media-mongodb-7b64c59567-kq2l8,container_cpu_system_seconds_total,0.528
1745309871,kashef-k8s-w1.post-storage-mongodb-5579669d8c-ghpw8,container_cpu_system_seconds_total,0.555
1745309871,kashef-k8s-w1.user-timeline-redis-67cc95bc57-xq48b,container_cpu_system_seconds_total,0.38
1745309871,kashef-k8s-ctl.nginx-thrift-79478f9bf5-2tkmq,container_cpu_system_seconds_total,5.993
1745309871,kashef-k8s-ctl.text-service-fff64b8bf-lsj78,container_cpu_system_seconds_total,0.067
1745309871,kashef-k8s-w1.media-service-6c665c775d-zqqbz,container_cpu_system_seconds_total,0.068
1745309871,kashef-k8s-w1.unique-id-service-694497b678-flvqw,container_cpu_system_seconds_total,0.057
1745309871,kashef-k8s-w1.media-frontend-6b66b95ff4-hm6qt,container_cpu_system_seconds_total,5.52
1745309871,kashef-k8s-w1.post-storage-service-66c9966f5f-n97sf,container_cpu_system_seconds_total,0.094
1745309871,kashef-k8s-w1.home-timeline-service-5754ffbc6d-dcb2w,container_cpu_system_seconds_total,0.069
1745309871,kashef-k8s-ctl.social-graph-mongodb-55df767ff5-ffr9j,container_cpu_system_seconds_total,0.456
1745309871,kashef-k8s-ctl.user-mention-service-5c4f566c5-p2lnr,container_cpu_system_seconds_total,0.086
1745309871,kashef-k8s-ctl.user-mongodb-7745bbd78-hftfp,container_cpu_system_seconds_total,0.359
1745309871,kashef-k8s-w1.home-timeline-redis-6c6647df6f-vlcfg,container_cpu_system_seconds_total,0.35
1745309871,kashef-k8s-w1.url-shorten-service-66949ddcc4-tbw92,container_cpu_system_seconds_total,0.089
1745309871,kashef-k8s-w1.url-shorten-memcached-6546746864-xgs89,container_cpu_system_seconds_total,0.111
1745309871,kashef-k8s-ctl.jaeger-67997f9775-v5d2k,container_cpu_system_seconds_total,0.144
1745309871,kashef-k8s-w1.user-memcached-59687c864d-2c4zx,container_cpu_system_seconds_total,0.115
1745309871,kashef-k8s-ctl.social-graph-service-677dbc655c-6npks,container_cpu_system_seconds_total,0.076
1745309871,kashef-k8s-ctl.compose-post-service-f587bf89d-d8xkk,container_cpu_system_seconds_total,0.116
