timestamp,cmdb_id,kpi_name,value
1745322045,kashef-k8s-w1.social-graph-mongodb-55df767ff5-wwlmr,container_cpu_system_seconds_total,0.465
1745322045,kashef-k8s-w1.home-timeline-redis-6c6647df6f-dv494,container_cpu_system_seconds_total,0.281
1745322045,kashef-k8s-ctl.user-memcached-59687c864d-wdcgs,container_cpu_system_seconds_total,0.086
1745322045,kashef-k8s-w1.social-graph-service-677dbc655c-sg995,container_cpu_system_seconds_total,0.08
1745322045,kashef-k8s-w1.post-storage-service-66c9966f5f-n629t,container_cpu_system_seconds_total,0.074
1745322045,kashef-k8s-ctl.compose-post-service-f587bf89d-dd7kf,container_cpu_system_seconds_total,0.109
1745322045,kashef-k8s-ctl.url-shorten-mongodb-57c886d5f8-jqtpp,container_cpu_system_seconds_total,0.325
1745322045,kashef-k8s-ctl.url-shorten-memcached-6546746864-btbq8,container_cpu_system_seconds_total,0.054
1745322045,kashef-k8s-ctl.user-mention-service-5c4f566c5-qlj9z,container_cpu_system_seconds_total,0.073
1745322045,kashef-k8s-ctl.jaeger-67997f9775-8jsbw,container_cpu_system_seconds_total,0.111
1745322045,kashef-k8s-w1.media-memcached-7889bdfdfb-4hjbd,container_cpu_system_seconds_total,0.08
1745322045,kashef-k8s-ctl.post-storage-memcached-6b75788fc6-5wwtc,container_cpu_system_seconds_total,0.082
1745322045,kashef-k8s-ctl.text-service-fff64b8bf-wp774,container_cpu_system_seconds_total,0.07
1745322045,kashef-k8s-w1.social-graph-redis-5bbd5b7458-7fcvv,container_cpu_system_seconds_total,0.29
1745322045,kashef-k8s-ctl.unique-id-service-694497b678-2p45f,container_cpu_system_seconds_total,0.066
1745322045,kashef-k8s-ctl.post-storage-mongodb-5579669d8c-nfwpl,container_cpu_system_seconds_total,0.334
1745322045,kashef-k8s-w1.media-mongodb-7b64c59567-pm2pj,container_cpu_system_seconds_total,0.403
1745322045,kashef-k8s-w1.user-timeline-redis-67cc95bc57-2zhdt,container_cpu_system_seconds_total,0.279
1745322045,kashef-k8s-ctl.media-service-6c665c775d-m5vf4,container_cpu_system_seconds_total,0.064
1745322045,kashef-k8s-ctl.user-timeline-service-664c7f6696-hz5xq,container_cpu_system_seconds_total,0.058
1745322045,kashef-k8s-w1.home-timeline-service-5754ffbc6d-kntl9,container_cpu_system_seconds_total,0.076
1745322045,kashef-k8s-w1.user-timeline-mongodb-6758898d48-4w2f2,container_cpu_system_seconds_total,0.437
1745322045,kashef-k8s-w1.temp-debug-alt,container_cpu_system_seconds_total,0.089
1745322045,kashef-k8s-ctl.media-frontend-6b66b95ff4-42hwg,container_cpu_system_seconds_total,5.992
1745322045,kashef-k8s-w1.nginx-thrift-79478f9bf5-5zdh4,container_cpu_system_seconds_total,5.996
1745322045,kashef-k8s-w1.user-mongodb-7745bbd78-kqpbp,container_cpu_system_seconds_total,0.391
1745322045,kashef-k8s-w1.url-shorten-service-66949ddcc4-468ds,container_cpu_system_seconds_total,0.059
1745322048,kashef-k8s-ctl.user-memcached-59687c864d-wdcgs,container_cpu_system_seconds_total,0.086
1745322048,kashef-k8s-w1.post-storage-service-66c9966f5f-n629t,container_cpu_system_seconds_total,0.074
1745322048,kashef-k8s-w1.user-mongodb-7745bbd78-kqpbp,container_cpu_system_seconds_total,0.391
1745322048,kashef-k8s-ctl.jaeger-67997f9775-8jsbw,container_cpu_system_seconds_total,0.131
1745322048,kashef-k8s-w1.media-memcached-7889bdfdfb-4hjbd,container_cpu_system_seconds_total,0.08
1745322048,kashef-k8s-ctl.url-shorten-mongodb-57c886d5f8-jqtpp,container_cpu_system_seconds_total,0.325
1745322048,kashef-k8s-ctl.url-shorten-memcached-6546746864-btbq8,container_cpu_system_seconds_total,0.054
1745322048,kashef-k8s-ctl.compose-post-service-f587bf89d-dd7kf,container_cpu_system_seconds_total,0.109
1745322048,kashef-k8s-ctl.user-mention-service-5c4f566c5-qlj9z,container_cpu_system_seconds_total,0.073
1745322048,kashef-k8s-ctl.post-storage-memcached-6b75788fc6-5wwtc,container_cpu_system_seconds_total,0.084
1745322048,kashef-k8s-w1.nginx-thrift-79478f9bf5-5zdh4,container_cpu_system_seconds_total,5.996
1745322048,kashef-k8s-ctl.media-frontend-6b66b95ff4-42hwg,container_cpu_system_seconds_total,5.992
1745322048,kashef-k8s-w1.social-graph-redis-5bbd5b7458-7fcvv,container_cpu_system_seconds_total,0.29
1745322048,kashef-k8s-ctl.unique-id-service-694497b678-2p45f,container_cpu_system_seconds_total,0.066
1745322048,kashef-k8s-ctl.text-service-fff64b8bf-wp774,container_cpu_system_seconds_total,0.07
1745322048,kashef-k8s-ctl.post-storage-mongodb-5579669d8c-nfwpl,container_cpu_system_seconds_total,0.334
1745322048,kashef-k8s-w1.media-mongodb-7b64c59567-pm2pj,container_cpu_system_seconds_total,0.403
1745322048,kashef-k8s-w1.home-timeline-service-5754ffbc6d-kntl9,container_cpu_system_seconds_total,0.076
1745322048,kashef-k8s-ctl.media-service-6c665c775d-m5vf4,container_cpu_system_seconds_total,0.064
1745322048,kashef-k8s-ctl.user-timeline-service-664c7f6696-hz5xq,container_cpu_system_seconds_total,0.058
1745322048,kashef-k8s-w1.temp-debug-alt,container_cpu_system_seconds_total,0.089
1745322048,kashef-k8s-w1.user-timeline-mongodb-6758898d48-4w2f2,container_cpu_system_seconds_total,0.437
1745322048,kashef-k8s-w1.user-timeline-redis-67cc95bc57-2zhdt,container_cpu_system_seconds_total,0.279
1745322048,kashef-k8s-w1.url-shorten-service-66949ddcc4-468ds,container_cpu_system_seconds_total,0.059
1745322048,kashef-k8s-w1.home-timeline-redis-6c6647df6f-dv494,container_cpu_system_seconds_total,0.281
1745322048,kashef-k8s-w1.social-graph-service-677dbc655c-sg995,container_cpu_system_seconds_total,0.08
1745322048,kashef-k8s-w1.social-graph-mongodb-55df767ff5-wwlmr,container_cpu_system_seconds_total,0.465
1745322051,kashef-k8s-ctl.url-shorten-memcached-6546746864-btbq8,container_cpu_system_seconds_total,0.054
1745322051,kashef-k8s-w1.social-graph-service-677dbc655c-sg995,container_cpu_system_seconds_total,0.08
1745322051,kashef-k8s-ctl.user-memcached-59687c864d-wdcgs,container_cpu_system_seconds_total,0.086
1745322051,kashef-k8s-w1.social-graph-mongodb-55df767ff5-wwlmr,container_cpu_system_seconds_total,0.465
1745322051,kashef-k8s-w1.user-timeline-mongodb-6758898d48-4w2f2,container_cpu_system_seconds_total,0.437
1745322051,kashef-k8s-w1.nginx-thrift-79478f9bf5-5zdh4,container_cpu_system_seconds_total,6.001
1745322051,kashef-k8s-w1.home-timeline-redis-6c6647df6f-dv494,container_cpu_system_seconds_total,0.281
1745322051,kashef-k8s-w1.url-shorten-service-66949ddcc4-468ds,container_cpu_system_seconds_total,0.059
1745322051,kashef-k8s-w1.temp-debug-alt,container_cpu_system_seconds_total,0.089
1745322051,kashef-k8s-w1.media-mongodb-7b64c59567-pm2pj,container_cpu_system_seconds_total,0.403
1745322051,kashef-k8s-ctl.jaeger-67997f9775-8jsbw,container_cpu_system_seconds_total,0.131
1745322051,kashef-k8s-ctl.unique-id-service-694497b678-2p45f,container_cpu_system_seconds_total,0.066
1745322051,kashef-k8s-w1.home-timeline-service-5754ffbc6d-kntl9,container_cpu_system_seconds_total,0.076
1745322051,kashef-k8s-ctl.post-storage-mongodb-5579669d8c-nfwpl,container_cpu_system_seconds_total,0.334
1745322051,kashef-k8s-w1.user-timeline-redis-67cc95bc57-2zhdt,container_cpu_system_seconds_total,0.279
1745322051,kashef-k8s-ctl.text-service-fff64b8bf-wp774,container_cpu_system_seconds_total,0.07
1745322051,kashef-k8s-ctl.compose-post-service-f587bf89d-dd7kf,container_cpu_system_seconds_total,0.109
1745322051,kashef-k8s-ctl.user-mention-service-5c4f566c5-qlj9z,container_cpu_system_seconds_total,0.073
1745322051,kashef-k8s-ctl.post-storage-memcached-6b75788fc6-5wwtc,container_cpu_system_seconds_total,0.084
1745322051,kashef-k8s-w1.media-memcached-7889bdfdfb-4hjbd,container_cpu_system_seconds_total,0.08
1745322051,kashef-k8s-w1.post-storage-service-66c9966f5f-n629t,container_cpu_system_seconds_total,0.074
1745322051,kashef-k8s-ctl.user-timeline-service-664c7f6696-hz5xq,container_cpu_system_seconds_total,0.058
1745322051,kashef-k8s-w1.user-mongodb-7745bbd78-kqpbp,container_cpu_system_seconds_total,0.391
1745322051,kashef-k8s-ctl.url-shorten-mongodb-57c886d5f8-jqtpp,container_cpu_system_seconds_total,0.325
1745322051,kashef-k8s-ctl.media-service-6c665c775d-m5vf4,container_cpu_system_seconds_total,0.064
1745322051,kashef-k8s-w1.social-graph-redis-5bbd5b7458-7fcvv,container_cpu_system_seconds_total,0.315
1745322051,kashef-k8s-ctl.media-frontend-6b66b95ff4-42hwg,container_cpu_system_seconds_total,5.992
1745322054,kashef-k8s-w1.social-graph-mongodb-55df767ff5-wwlmr,container_cpu_system_seconds_total,0.465
1745322054,kashef-k8s-w1.user-timeline-mongodb-6758898d48-4w2f2,container_cpu_system_seconds_total,0.437
1745322054,kashef-k8s-w1.temp-debug-alt,container_cpu_system_seconds_total,0.089
1745322054,kashef-k8s-w1.url-shorten-service-66949ddcc4-468ds,container_cpu_system_seconds_total,0.059
1745322054,kashef-k8s-ctl.user-memcached-59687c864d-wdcgs,container_cpu_system_seconds_total,0.086
1745322054,kashef-k8s-ctl.jaeger-67997f9775-8jsbw,container_cpu_system_seconds_total,0.131
1745322054,kashef-k8s-ctl.unique-id-service-694497b678-2p45f,container_cpu_system_seconds_total,0.066
1745322054,kashef-k8s-ctl.text-service-fff64b8bf-wp774,container_cpu_system_seconds_total,0.07
1745322054,kashef-k8s-ctl.post-storage-mongodb-5579669d8c-nfwpl,container_cpu_system_seconds_total,0.334
1745322054,kashef-k8s-w1.media-mongodb-7b64c59567-pm2pj,container_cpu_system_seconds_total,0.403
1745322054,kashef-k8s-w1.nginx-thrift-79478f9bf5-5zdh4,container_cpu_system_seconds_total,6.001
1745322054,kashef-k8s-w1.home-timeline-service-5754ffbc6d-kntl9,container_cpu_system_seconds_total,0.076
1745322054,kashef-k8s-w1.user-timeline-redis-67cc95bc57-2zhdt,container_cpu_system_seconds_total,0.279
1745322054,kashef-k8s-ctl.post-storage-memcached-6b75788fc6-5wwtc,container_cpu_system_seconds_total,0.084
1745322054,kashef-k8s-w1.social-graph-service-677dbc655c-sg995,container_cpu_system_seconds_total,0.08
1745322054,kashef-k8s-ctl.url-shorten-memcached-6546746864-btbq8,container_cpu_system_seconds_total,0.054
1745322054,kashef-k8s-w1.post-storage-service-66c9966f5f-n629t,container_cpu_system_seconds_total,0.074
1745322054,kashef-k8s-ctl.media-service-6c665c775d-m5vf4,container_cpu_system_seconds_total,0.064
1745322054,kashef-k8s-ctl.media-frontend-6b66b95ff4-42hwg,container_cpu_system_seconds_total,5.992
1745322054,kashef-k8s-w1.social-graph-redis-5bbd5b7458-7fcvv,container_cpu_system_seconds_total,0.315
1745322054,kashef-k8s-w1.media-memcached-7889bdfdfb-4hjbd,container_cpu_system_seconds_total,0.082
1745322054,kashef-k8s-ctl.url-shorten-mongodb-57c886d5f8-jqtpp,container_cpu_system_seconds_total,0.325
1745322054,kashef-k8s-ctl.user-mention-service-5c4f566c5-qlj9z,container_cpu_system_seconds_total,0.073
1745322054,kashef-k8s-ctl.compose-post-service-f587bf89d-dd7kf,container_cpu_system_seconds_total,0.109
1745322054,kashef-k8s-w1.home-timeline-redis-6c6647df6f-dv494,container_cpu_system_seconds_total,0.281
1745322054,kashef-k8s-ctl.user-timeline-service-664c7f6696-hz5xq,container_cpu_system_seconds_total,0.058
1745322054,kashef-k8s-w1.user-mongodb-7745bbd78-kqpbp,container_cpu_system_seconds_total,0.391
1745322057,kashef-k8s-w1.url-shorten-service-66949ddcc4-468ds,container_cpu_system_seconds_total,0.059
1745322057,kashef-k8s-ctl.user-mention-service-5c4f566c5-qlj9z,container_cpu_system_seconds_total,0.073
1745322057,kashef-k8s-ctl.url-shorten-mongodb-57c886d5f8-jqtpp,container_cpu_system_seconds_total,0.325
1745322057,kashef-k8s-ctl.compose-post-service-f587bf89d-dd7kf,container_cpu_system_seconds_total,0.109
1745322057,kashef-k8s-w1.social-graph-service-677dbc655c-sg995,container_cpu_system_seconds_total,0.081
1745322057,kashef-k8s-w1.post-storage-service-66c9966f5f-n629t,container_cpu_system_seconds_total,0.074
1745322057,kashef-k8s-w1.home-timeline-service-5754ffbc6d-kntl9,container_cpu_system_seconds_total,0.076
1745322057,kashef-k8s-ctl.post-storage-memcached-6b75788fc6-5wwtc,container_cpu_system_seconds_total,0.084
1745322057,kashef-k8s-w1.social-graph-redis-5bbd5b7458-7fcvv,container_cpu_system_seconds_total,0.315
1745322057,kashef-k8s-w1.user-mongodb-7745bbd78-kqpbp,container_cpu_system_seconds_total,0.448
1745322057,kashef-k8s-ctl.user-timeline-service-664c7f6696-hz5xq,container_cpu_system_seconds_total,0.058
1745322057,kashef-k8s-w1.media-memcached-7889bdfdfb-4hjbd,container_cpu_system_seconds_total,0.082
1745322057,kashef-k8s-ctl.jaeger-67997f9775-8jsbw,container_cpu_system_seconds_total,0.131
1745322057,kashef-k8s-ctl.post-storage-mongodb-5579669d8c-nfwpl,container_cpu_system_seconds_total,0.334
1745322057,kashef-k8s-ctl.unique-id-service-694497b678-2p45f,container_cpu_system_seconds_total,0.066
1745322057,kashef-k8s-w1.temp-debug-alt,container_cpu_system_seconds_total,0.089
1745322057,kashef-k8s-ctl.media-frontend-6b66b95ff4-42hwg,container_cpu_system_seconds_total,5.992
1745322057,kashef-k8s-ctl.media-service-6c665c775d-m5vf4,container_cpu_system_seconds_total,0.064
1745322057,kashef-k8s-w1.media-mongodb-7b64c59567-pm2pj,container_cpu_system_seconds_total,0.442
1745322057,kashef-k8s-w1.user-timeline-redis-67cc95bc57-2zhdt,container_cpu_system_seconds_total,0.279
1745322057,kashef-k8s-ctl.text-service-fff64b8bf-wp774,container_cpu_system_seconds_total,0.07
1745322057,kashef-k8s-w1.nginx-thrift-79478f9bf5-5zdh4,container_cpu_system_seconds_total,6.001
1745322057,kashef-k8s-w1.user-timeline-mongodb-6758898d48-4w2f2,container_cpu_system_seconds_total,0.437
1745322057,kashef-k8s-ctl.user-memcached-59687c864d-wdcgs,container_cpu_system_seconds_total,0.086
1745322057,kashef-k8s-ctl.url-shorten-memcached-6546746864-btbq8,container_cpu_system_seconds_total,0.054
1745322057,kashef-k8s-w1.home-timeline-redis-6c6647df6f-dv494,container_cpu_system_seconds_total,0.281
1745322057,kashef-k8s-w1.social-graph-mongodb-55df767ff5-wwlmr,container_cpu_system_seconds_total,0.465
1745322060,kashef-k8s-ctl.post-storage-mongodb-5579669d8c-nfwpl,container_cpu_system_seconds_total,0.334
1745322060,kashef-k8s-w1.home-timeline-redis-6c6647df6f-dv494,container_cpu_system_seconds_total,0.281
1745322060,kashef-k8s-w1.url-shorten-service-66949ddcc4-468ds,container_cpu_system_seconds_total,0.059
1745322060,kashef-k8s-w1.nginx-thrift-79478f9bf5-5zdh4,container_cpu_system_seconds_total,6.001
1745322060,kashef-k8s-ctl.text-service-fff64b8bf-wp774,container_cpu_system_seconds_total,0.07
1745322060,kashef-k8s-ctl.media-service-6c665c775d-m5vf4,container_cpu_system_seconds_total,0.064
1745322060,kashef-k8s-ctl.user-memcached-59687c864d-wdcgs,container_cpu_system_seconds_total,0.086
1745322060,kashef-k8s-w1.social-graph-mongodb-55df767ff5-wwlmr,container_cpu_system_seconds_total,0.465
1745322060,kashef-k8s-w1.user-timeline-redis-67cc95bc57-2zhdt,container_cpu_system_seconds_total,0.279
1745322060,kashef-k8s-w1.temp-debug-alt,container_cpu_system_seconds_total,0.089
1745322060,kashef-k8s-ctl.jaeger-67997f9775-8jsbw,container_cpu_system_seconds_total,0.131
1745322060,kashef-k8s-ctl.media-frontend-6b66b95ff4-42hwg,container_cpu_system_seconds_total,5.992
1745322060,kashef-k8s-ctl.unique-id-service-694497b678-2p45f,container_cpu_system_seconds_total,0.066
1745322060,kashef-k8s-w1.media-mongodb-7b64c59567-pm2pj,container_cpu_system_seconds_total,0.442
1745322060,kashef-k8s-w1.user-timeline-mongodb-6758898d48-4w2f2,container_cpu_system_seconds_total,0.478
1745322060,kashef-k8s-w1.social-graph-redis-5bbd5b7458-7fcvv,container_cpu_system_seconds_total,0.315
1745322060,kashef-k8s-w1.home-timeline-service-5754ffbc6d-kntl9,container_cpu_system_seconds_total,0.076
1745322060,kashef-k8s-ctl.post-storage-memcached-6b75788fc6-5wwtc,container_cpu_system_seconds_total,0.084
1745322060,kashef-k8s-w1.social-graph-service-677dbc655c-sg995,container_cpu_system_seconds_total,0.081
1745322060,kashef-k8s-ctl.compose-post-service-f587bf89d-dd7kf,container_cpu_system_seconds_total,0.109
1745322060,kashef-k8s-w1.media-memcached-7889bdfdfb-4hjbd,container_cpu_system_seconds_total,0.082
1745322060,kashef-k8s-ctl.user-mention-service-5c4f566c5-qlj9z,container_cpu_system_seconds_total,0.073
1745322060,kashef-k8s-ctl.url-shorten-mongodb-57c886d5f8-jqtpp,container_cpu_system_seconds_total,0.325
1745322060,kashef-k8s-w1.post-storage-service-66c9966f5f-n629t,container_cpu_system_seconds_total,0.075
1745322060,kashef-k8s-ctl.user-timeline-service-664c7f6696-hz5xq,container_cpu_system_seconds_total,0.058
1745322060,kashef-k8s-ctl.url-shorten-memcached-6546746864-btbq8,container_cpu_system_seconds_total,0.054
1745322060,kashef-k8s-w1.user-mongodb-7745bbd78-kqpbp,container_cpu_system_seconds_total,0.448
1745322063,kashef-k8s-w1.post-storage-service-66c9966f5f-n629t,container_cpu_system_seconds_total,0.075
1745322063,kashef-k8s-ctl.media-service-6c665c775d-m5vf4,container_cpu_system_seconds_total,0.064
1745322063,kashef-k8s-ctl.text-service-fff64b8bf-wp774,container_cpu_system_seconds_total,0.07
1745322063,kashef-k8s-w1.social-graph-mongodb-55df767ff5-wwlmr,container_cpu_system_seconds_total,0.527
1745322063,kashef-k8s-w1.url-shorten-service-66949ddcc4-468ds,container_cpu_system_seconds_total,0.06
1745322063,kashef-k8s-ctl.jaeger-67997f9775-8jsbw,container_cpu_system_seconds_total,0.131
1745322063,kashef-k8s-w1.social-graph-service-677dbc655c-sg995,container_cpu_system_seconds_total,0.081
1745322063,kashef-k8s-ctl.url-shorten-mongodb-57c886d5f8-jqtpp,container_cpu_system_seconds_total,0.325
1745322063,kashef-k8s-ctl.media-frontend-6b66b95ff4-42hwg,container_cpu_system_seconds_total,5.992
1745322063,kashef-k8s-w1.temp-debug-alt,container_cpu_system_seconds_total,0.089
1745322063,kashef-k8s-w1.media-mongodb-7b64c59567-pm2pj,container_cpu_system_seconds_total,0.442
1745322063,kashef-k8s-w1.user-timeline-redis-67cc95bc57-2zhdt,container_cpu_system_seconds_total,0.32
1745322063,kashef-k8s-w1.nginx-thrift-79478f9bf5-5zdh4,container_cpu_system_seconds_total,6.001
1745322063,kashef-k8s-w1.user-timeline-mongodb-6758898d48-4w2f2,container_cpu_system_seconds_total,0.478
1745322063,kashef-k8s-w1.home-timeline-redis-6c6647df6f-dv494,container_cpu_system_seconds_total,0.328
1745322063,kashef-k8s-ctl.post-storage-mongodb-5579669d8c-nfwpl,container_cpu_system_seconds_total,0.334
1745322063,kashef-k8s-ctl.user-memcached-59687c864d-wdcgs,container_cpu_system_seconds_total,0.086
1745322063,kashef-k8s-ctl.user-timeline-service-664c7f6696-hz5xq,container_cpu_system_seconds_total,0.058
1745322063,kashef-k8s-w1.user-mongodb-7745bbd78-kqpbp,container_cpu_system_seconds_total,0.448
1745322063,kashef-k8s-ctl.url-shorten-memcached-6546746864-btbq8,container_cpu_system_seconds_total,0.054
1745322063,kashef-k8s-w1.social-graph-redis-5bbd5b7458-7fcvv,container_cpu_system_seconds_total,0.315
1745322063,kashef-k8s-ctl.compose-post-service-f587bf89d-dd7kf,container_cpu_system_seconds_total,0.109
1745322063,kashef-k8s-ctl.post-storage-memcached-6b75788fc6-5wwtc,container_cpu_system_seconds_total,0.084
1745322063,kashef-k8s-w1.home-timeline-service-5754ffbc6d-kntl9,container_cpu_system_seconds_total,0.076
1745322063,kashef-k8s-w1.media-memcached-7889bdfdfb-4hjbd,container_cpu_system_seconds_total,0.082
1745322063,kashef-k8s-ctl.user-mention-service-5c4f566c5-qlj9z,container_cpu_system_seconds_total,0.073
1745322063,kashef-k8s-ctl.unique-id-service-694497b678-2p45f,container_cpu_system_seconds_total,0.066
1745322066,kashef-k8s-w1.url-shorten-service-66949ddcc4-468ds,container_cpu_system_seconds_total,0.06
1745322066,kashef-k8s-w1.social-graph-mongodb-55df767ff5-wwlmr,container_cpu_system_seconds_total,0.527
1745322066,kashef-k8s-w1.home-timeline-service-5754ffbc6d-kntl9,container_cpu_system_seconds_total,0.076
1745322066,kashef-k8s-w1.social-graph-redis-5bbd5b7458-7fcvv,container_cpu_system_seconds_total,0.315
1745322066,kashef-k8s-ctl.post-storage-memcached-6b75788fc6-5wwtc,container_cpu_system_seconds_total,0.084
1745322066,kashef-k8s-ctl.compose-post-service-f587bf89d-dd7kf,container_cpu_system_seconds_total,0.109
1745322066,kashef-k8s-w1.home-timeline-redis-6c6647df6f-dv494,container_cpu_system_seconds_total,0.328
1745322066,kashef-k8s-ctl.user-timeline-service-664c7f6696-hz5xq,container_cpu_system_seconds_total,0.058
1745322066,kashef-k8s-w1.user-timeline-mongodb-6758898d48-4w2f2,container_cpu_system_seconds_total,0.478
1745322066,kashef-k8s-ctl.media-frontend-6b66b95ff4-42hwg,container_cpu_system_seconds_total,5.992
1745322066,kashef-k8s-w1.temp-debug-alt,container_cpu_system_seconds_total,0.089
1745322066,kashef-k8s-ctl.unique-id-service-694497b678-2p45f,container_cpu_system_seconds_total,0.066
1745322066,kashef-k8s-w1.user-timeline-redis-67cc95bc57-2zhdt,container_cpu_system_seconds_total,0.32
1745322066,kashef-k8s-w1.media-memcached-7889bdfdfb-4hjbd,container_cpu_system_seconds_total,0.082
1745322066,kashef-k8s-ctl.url-shorten-mongodb-57c886d5f8-jqtpp,container_cpu_system_seconds_total,0.325
1745322066,kashef-k8s-ctl.jaeger-67997f9775-8jsbw,container_cpu_system_seconds_total,0.131
1745322066,kashef-k8s-ctl.user-mention-service-5c4f566c5-qlj9z,container_cpu_system_seconds_total,0.073
1745322066,kashef-k8s-ctl.text-service-fff64b8bf-wp774,container_cpu_system_seconds_total,0.07
1745322066,kashef-k8s-ctl.url-shorten-memcached-6546746864-btbq8,container_cpu_system_seconds_total,0.054
1745322066,kashef-k8s-ctl.media-service-6c665c775d-m5vf4,container_cpu_system_seconds_total,0.064
1745322066,kashef-k8s-w1.nginx-thrift-79478f9bf5-5zdh4,container_cpu_system_seconds_total,6.001
1745322066,kashef-k8s-w1.media-mongodb-7b64c59567-pm2pj,container_cpu_system_seconds_total,0.442
1745322066,kashef-k8s-w1.social-graph-service-677dbc655c-sg995,container_cpu_system_seconds_total,0.081
1745322066,kashef-k8s-ctl.post-storage-mongodb-5579669d8c-nfwpl,container_cpu_system_seconds_total,0.334
1745322066,kashef-k8s-w1.post-storage-service-66c9966f5f-n629t,container_cpu_system_seconds_total,0.075
1745322066,kashef-k8s-w1.user-mongodb-7745bbd78-kqpbp,container_cpu_system_seconds_total,0.448
1745322066,kashef-k8s-ctl.user-memcached-59687c864d-wdcgs,container_cpu_system_seconds_total,0.086
1745322069,kashef-k8s-w1.home-timeline-redis-6c6647df6f-dv494,container_cpu_system_seconds_total,0.328
1745322069,kashef-k8s-ctl.user-mention-service-5c4f566c5-qlj9z,container_cpu_system_seconds_total,0.073
1745322069,kashef-k8s-ctl.user-timeline-service-664c7f6696-hz5xq,container_cpu_system_seconds_total,0.058
1745322069,kashef-k8s-w1.media-mongodb-7b64c59567-pm2pj,container_cpu_system_seconds_total,0.442
1745322069,kashef-k8s-ctl.post-storage-memcached-6b75788fc6-5wwtc,container_cpu_system_seconds_total,0.084
1745322069,kashef-k8s-w1.nginx-thrift-79478f9bf5-5zdh4,container_cpu_system_seconds_total,6.001
1745322069,kashef-k8s-ctl.url-shorten-memcached-6546746864-btbq8,container_cpu_system_seconds_total,0.054
1745322069,kashef-k8s-ctl.compose-post-service-f587bf89d-dd7kf,container_cpu_system_seconds_total,0.109
1745322069,kashef-k8s-ctl.user-memcached-59687c864d-wdcgs,container_cpu_system_seconds_total,0.086
1745322069,kashef-k8s-w1.media-memcached-7889bdfdfb-4hjbd,container_cpu_system_seconds_total,0.082
1745322069,kashef-k8s-w1.social-graph-mongodb-55df767ff5-wwlmr,container_cpu_system_seconds_total,0.527
1745322069,kashef-k8s-ctl.url-shorten-mongodb-57c886d5f8-jqtpp,container_cpu_system_seconds_total,0.325
1745322069,kashef-k8s-ctl.text-service-fff64b8bf-wp774,container_cpu_system_seconds_total,0.07
1745322069,kashef-k8s-ctl.media-frontend-6b66b95ff4-42hwg,container_cpu_system_seconds_total,5.992
1745322069,kashef-k8s-ctl.jaeger-67997f9775-8jsbw,container_cpu_system_seconds_total,0.131
1745322069,kashef-k8s-w1.social-graph-service-677dbc655c-sg995,container_cpu_system_seconds_total,0.081
1745322069,kashef-k8s-w1.user-timeline-redis-67cc95bc57-2zhdt,container_cpu_system_seconds_total,0.32
1745322069,kashef-k8s-w1.user-mongodb-7745bbd78-kqpbp,container_cpu_system_seconds_total,0.448
1745322069,kashef-k8s-w1.user-timeline-mongodb-6758898d48-4w2f2,container_cpu_system_seconds_total,0.478
1745322069,kashef-k8s-ctl.post-storage-mongodb-5579669d8c-nfwpl,container_cpu_system_seconds_total,0.334
1745322069,kashef-k8s-ctl.media-service-6c665c775d-m5vf4,container_cpu_system_seconds_total,0.064
1745322069,kashef-k8s-w1.home-timeline-service-5754ffbc6d-kntl9,container_cpu_system_seconds_total,0.076
1745322069,kashef-k8s-w1.url-shorten-service-66949ddcc4-468ds,container_cpu_system_seconds_total,0.06
1745322069,kashef-k8s-w1.social-graph-redis-5bbd5b7458-7fcvv,container_cpu_system_seconds_total,0.315
1745322069,kashef-k8s-w1.temp-debug-alt,container_cpu_system_seconds_total,0.089
1745322069,kashef-k8s-ctl.unique-id-service-694497b678-2p45f,container_cpu_system_seconds_total,0.066
1745322069,kashef-k8s-w1.post-storage-service-66c9966f5f-n629t,container_cpu_system_seconds_total,0.075
1745322072,kashef-k8s-w1.nginx-thrift-79478f9bf5-5zdh4,container_cpu_system_seconds_total,6.001
1745322072,kashef-k8s-ctl.post-storage-memcached-6b75788fc6-5wwtc,container_cpu_system_seconds_total,0.084
1745322072,kashef-k8s-ctl.url-shorten-memcached-6546746864-btbq8,container_cpu_system_seconds_total,0.054
1745322072,kashef-k8s-ctl.compose-post-service-f587bf89d-dd7kf,container_cpu_system_seconds_total,0.109
1745322072,kashef-k8s-w1.media-mongodb-7b64c59567-pm2pj,container_cpu_system_seconds_total,0.442
1745322072,kashef-k8s-ctl.url-shorten-mongodb-57c886d5f8-jqtpp,container_cpu_system_seconds_total,0.368
1745322072,kashef-k8s-w1.media-memcached-7889bdfdfb-4hjbd,container_cpu_system_seconds_total,0.082
1745322072,kashef-k8s-ctl.user-memcached-59687c864d-wdcgs,container_cpu_system_seconds_total,0.086
1745322072,kashef-k8s-w1.temp-debug-alt,container_cpu_system_seconds_total,0.089
1745322072,kashef-k8s-ctl.jaeger-67997f9775-8jsbw,container_cpu_system_seconds_total,0.133
1745322072,kashef-k8s-w1.social-graph-service-677dbc655c-sg995,container_cpu_system_seconds_total,0.081
1745322072,kashef-k8s-ctl.text-service-fff64b8bf-wp774,container_cpu_system_seconds_total,0.07
1745322072,kashef-k8s-ctl.media-frontend-6b66b95ff4-42hwg,container_cpu_system_seconds_total,5.992
1745322072,kashef-k8s-ctl.user-timeline-service-664c7f6696-hz5xq,container_cpu_system_seconds_total,0.058
1745322072,kashef-k8s-ctl.user-mention-service-5c4f566c5-qlj9z,container_cpu_system_seconds_total,0.073
1745322072,kashef-k8s-w1.home-timeline-service-5754ffbc6d-kntl9,container_cpu_system_seconds_total,0.076
1745322072,kashef-k8s-ctl.unique-id-service-694497b678-2p45f,container_cpu_system_seconds_total,0.066
1745322072,kashef-k8s-w1.user-mongodb-7745bbd78-kqpbp,container_cpu_system_seconds_total,0.448
1745322072,kashef-k8s-ctl.media-service-6c665c775d-m5vf4,container_cpu_system_seconds_total,0.064
1745322072,kashef-k8s-w1.post-storage-service-66c9966f5f-n629t,container_cpu_system_seconds_total,0.075
1745322072,kashef-k8s-w1.user-timeline-redis-67cc95bc57-2zhdt,container_cpu_system_seconds_total,0.32
1745322072,kashef-k8s-ctl.post-storage-mongodb-5579669d8c-nfwpl,container_cpu_system_seconds_total,0.334
1745322072,kashef-k8s-w1.url-shorten-service-66949ddcc4-468ds,container_cpu_system_seconds_total,0.06
1745322072,kashef-k8s-w1.home-timeline-redis-6c6647df6f-dv494,container_cpu_system_seconds_total,0.328
1745322072,kashef-k8s-w1.user-timeline-mongodb-6758898d48-4w2f2,container_cpu_system_seconds_total,0.478
1745322072,kashef-k8s-w1.social-graph-redis-5bbd5b7458-7fcvv,container_cpu_system_seconds_total,0.315
1745322072,kashef-k8s-w1.social-graph-mongodb-55df767ff5-wwlmr,container_cpu_system_seconds_total,0.527
1745322075,kashef-k8s-w1.user-timeline-mongodb-6758898d48-4w2f2,container_cpu_system_seconds_total,0.478
1745322075,kashef-k8s-w1.home-timeline-redis-6c6647df6f-dv494,container_cpu_system_seconds_total,0.328
1745322075,kashef-k8s-w1.user-mongodb-7745bbd78-kqpbp,container_cpu_system_seconds_total,0.448
1745322075,kashef-k8s-ctl.media-service-6c665c775d-m5vf4,container_cpu_system_seconds_total,0.064
1745322075,kashef-k8s-ctl.unique-id-service-694497b678-2p45f,container_cpu_system_seconds_total,0.066
1745322075,kashef-k8s-w1.social-graph-redis-5bbd5b7458-7fcvv,container_cpu_system_seconds_total,0.315
1745322075,kashef-k8s-w1.url-shorten-service-66949ddcc4-468ds,container_cpu_system_seconds_total,0.06
1745322075,kashef-k8s-w1.post-storage-service-66c9966f5f-n629t,container_cpu_system_seconds_total,0.075
1745322075,kashef-k8s-w1.user-timeline-redis-67cc95bc57-2zhdt,container_cpu_system_seconds_total,0.32
1745322075,kashef-k8s-w1.temp-debug-alt,container_cpu_system_seconds_total,0.089
1745322075,kashef-k8s-ctl.url-shorten-memcached-6546746864-btbq8,container_cpu_system_seconds_total,0.054
1745322075,kashef-k8s-ctl.url-shorten-mongodb-57c886d5f8-jqtpp,container_cpu_system_seconds_total,0.368
1745322075,kashef-k8s-ctl.media-frontend-6b66b95ff4-42hwg,container_cpu_system_seconds_total,5.992
1745322075,kashef-k8s-ctl.compose-post-service-f587bf89d-dd7kf,container_cpu_system_seconds_total,0.109
1745322075,kashef-k8s-ctl.user-memcached-59687c864d-wdcgs,container_cpu_system_seconds_total,0.095
1745322075,kashef-k8s-w1.social-graph-mongodb-55df767ff5-wwlmr,container_cpu_system_seconds_total,0.527
1745322075,kashef-k8s-ctl.jaeger-67997f9775-8jsbw,container_cpu_system_seconds_total,0.133
1745322075,kashef-k8s-ctl.text-service-fff64b8bf-wp774,container_cpu_system_seconds_total,0.07
1745322075,kashef-k8s-w1.media-memcached-7889bdfdfb-4hjbd,container_cpu_system_seconds_total,0.082
1745322075,kashef-k8s-w1.social-graph-service-677dbc655c-sg995,container_cpu_system_seconds_total,0.081
1745322075,kashef-k8s-w1.nginx-thrift-79478f9bf5-5zdh4,container_cpu_system_seconds_total,6.001
1745322075,kashef-k8s-ctl.user-timeline-service-664c7f6696-hz5xq,container_cpu_system_seconds_total,0.058
1745322075,kashef-k8s-ctl.post-storage-memcached-6b75788fc6-5wwtc,container_cpu_system_seconds_total,0.084
1745322075,kashef-k8s-ctl.post-storage-mongodb-5579669d8c-nfwpl,container_cpu_system_seconds_total,0.334
1745322075,kashef-k8s-w1.home-timeline-service-5754ffbc6d-kntl9,container_cpu_system_seconds_total,0.076
1745322075,kashef-k8s-w1.media-mongodb-7b64c59567-pm2pj,container_cpu_system_seconds_total,0.442
1745322075,kashef-k8s-ctl.user-mention-service-5c4f566c5-qlj9z,container_cpu_system_seconds_total,0.073
1745322078,kashef-k8s-w1.url-shorten-service-66949ddcc4-468ds,container_cpu_system_seconds_total,0.06
1745322078,kashef-k8s-w1.home-timeline-service-5754ffbc6d-kntl9,container_cpu_system_seconds_total,0.076
1745322078,kashef-k8s-ctl.url-shorten-mongodb-57c886d5f8-jqtpp,container_cpu_system_seconds_total,0.368
1745322078,kashef-k8s-ctl.unique-id-service-694497b678-2p45f,container_cpu_system_seconds_total,0.066
1745322078,kashef-k8s-w1.social-graph-mongodb-55df767ff5-wwlmr,container_cpu_system_seconds_total,0.527
1745322078,kashef-k8s-ctl.post-storage-memcached-6b75788fc6-5wwtc,container_cpu_system_seconds_total,0.086
1745322078,kashef-k8s-ctl.media-service-6c665c775d-m5vf4,container_cpu_system_seconds_total,0.064
1745322078,kashef-k8s-ctl.compose-post-service-f587bf89d-dd7kf,container_cpu_system_seconds_total,0.109
1745322078,kashef-k8s-w1.media-mongodb-7b64c59567-pm2pj,container_cpu_system_seconds_total,0.442
1745322078,kashef-k8s-ctl.media-frontend-6b66b95ff4-42hwg,container_cpu_system_seconds_total,5.992
1745322078,kashef-k8s-w1.media-memcached-7889bdfdfb-4hjbd,container_cpu_system_seconds_total,0.082
1745322078,kashef-k8s-ctl.user-mention-service-5c4f566c5-qlj9z,container_cpu_system_seconds_total,0.073
1745322078,kashef-k8s-w1.temp-debug-alt,container_cpu_system_seconds_total,0.089
1745322078,kashef-k8s-ctl.text-service-fff64b8bf-wp774,container_cpu_system_seconds_total,0.07
1745322078,kashef-k8s-w1.user-timeline-redis-67cc95bc57-2zhdt,container_cpu_system_seconds_total,0.32
1745322078,kashef-k8s-ctl.jaeger-67997f9775-8jsbw,container_cpu_system_seconds_total,0.133
1745322078,kashef-k8s-w1.social-graph-service-677dbc655c-sg995,container_cpu_system_seconds_total,0.081
1745322078,kashef-k8s-w1.nginx-thrift-79478f9bf5-5zdh4,container_cpu_system_seconds_total,6.001
1745322078,kashef-k8s-w1.user-mongodb-7745bbd78-kqpbp,container_cpu_system_seconds_total,0.448
1745322078,kashef-k8s-w1.post-storage-service-66c9966f5f-n629t,container_cpu_system_seconds_total,0.075
1745322078,kashef-k8s-w1.home-timeline-redis-6c6647df6f-dv494,container_cpu_system_seconds_total,0.328
1745322078,kashef-k8s-ctl.user-timeline-service-664c7f6696-hz5xq,container_cpu_system_seconds_total,0.058
1745322078,kashef-k8s-w1.social-graph-redis-5bbd5b7458-7fcvv,container_cpu_system_seconds_total,0.315
1745322078,kashef-k8s-w1.user-timeline-mongodb-6758898d48-4w2f2,container_cpu_system_seconds_total,0.516
1745322078,kashef-k8s-ctl.post-storage-mongodb-5579669d8c-nfwpl,container_cpu_system_seconds_total,0.334
1745322078,kashef-k8s-ctl.url-shorten-memcached-6546746864-btbq8,container_cpu_system_seconds_total,0.054
1745322078,kashef-k8s-ctl.user-memcached-59687c864d-wdcgs,container_cpu_system_seconds_total,0.095
1745322081,kashef-k8s-w1.social-graph-mongodb-55df767ff5-wwlmr,container_cpu_system_seconds_total,0.527
1745322081,kashef-k8s-w1.user-timeline-mongodb-6758898d48-4w2f2,container_cpu_system_seconds_total,0.516
1745322081,kashef-k8s-w1.url-shorten-service-66949ddcc4-468ds,container_cpu_system_seconds_total,0.06
1745322081,kashef-k8s-w1.user-timeline-redis-67cc95bc57-2zhdt,container_cpu_system_seconds_total,0.355
1745322081,kashef-k8s-ctl.media-service-6c665c775d-m5vf4,container_cpu_system_seconds_total,0.064
1745322081,kashef-k8s-w1.media-memcached-7889bdfdfb-4hjbd,container_cpu_system_seconds_total,0.082
1745322081,kashef-k8s-ctl.user-mention-service-5c4f566c5-qlj9z,container_cpu_system_seconds_total,0.073
1745322081,kashef-k8s-w1.media-mongodb-7b64c59567-pm2pj,container_cpu_system_seconds_total,0.442
1745322081,kashef-k8s-w1.home-timeline-service-5754ffbc6d-kntl9,container_cpu_system_seconds_total,0.076
1745322081,kashef-k8s-ctl.text-service-fff64b8bf-wp774,container_cpu_system_seconds_total,0.07
1745322081,kashef-k8s-ctl.jaeger-67997f9775-8jsbw,container_cpu_system_seconds_total,0.133
1745322081,kashef-k8s-w1.temp-debug-alt,container_cpu_system_seconds_total,0.089
1745322081,kashef-k8s-ctl.post-storage-memcached-6b75788fc6-5wwtc,container_cpu_system_seconds_total,0.086
1745322081,kashef-k8s-ctl.url-shorten-mongodb-57c886d5f8-jqtpp,container_cpu_system_seconds_total,0.368
1745322081,kashef-k8s-ctl.unique-id-service-694497b678-2p45f,container_cpu_system_seconds_total,0.066
1745322081,kashef-k8s-ctl.user-timeline-service-664c7f6696-hz5xq,container_cpu_system_seconds_total,0.059
1745322081,kashef-k8s-ctl.url-shorten-memcached-6546746864-btbq8,container_cpu_system_seconds_total,0.054
1745322081,kashef-k8s-ctl.user-memcached-59687c864d-wdcgs,container_cpu_system_seconds_total,0.095
1745322081,kashef-k8s-ctl.compose-post-service-f587bf89d-dd7kf,container_cpu_system_seconds_total,0.109
1745322081,kashef-k8s-w1.social-graph-service-677dbc655c-sg995,container_cpu_system_seconds_total,0.081
1745322081,kashef-k8s-ctl.media-frontend-6b66b95ff4-42hwg,container_cpu_system_seconds_total,5.992
1745322081,kashef-k8s-w1.post-storage-service-66c9966f5f-n629t,container_cpu_system_seconds_total,0.075
1745322081,kashef-k8s-w1.nginx-thrift-79478f9bf5-5zdh4,container_cpu_system_seconds_total,6.003
1745322081,kashef-k8s-w1.home-timeline-redis-6c6647df6f-dv494,container_cpu_system_seconds_total,0.328
1745322081,kashef-k8s-w1.user-mongodb-7745bbd78-kqpbp,container_cpu_system_seconds_total,0.448
1745322081,kashef-k8s-ctl.post-storage-mongodb-5579669d8c-nfwpl,container_cpu_system_seconds_total,0.334
1745322081,kashef-k8s-w1.social-graph-redis-5bbd5b7458-7fcvv,container_cpu_system_seconds_total,0.315
1745322084,kashef-k8s-w1.social-graph-mongodb-55df767ff5-wwlmr,container_cpu_system_seconds_total,0.527
1745322084,kashef-k8s-ctl.post-storage-mongodb-5579669d8c-nfwpl,container_cpu_system_seconds_total,0.334
1745322084,kashef-k8s-w1.post-storage-service-66c9966f5f-n629t,container_cpu_system_seconds_total,0.075
1745322084,kashef-k8s-ctl.user-memcached-59687c864d-wdcgs,container_cpu_system_seconds_total,0.095
1745322084,kashef-k8s-w1.nginx-thrift-79478f9bf5-5zdh4,container_cpu_system_seconds_total,6.003
1745322084,kashef-k8s-ctl.media-service-6c665c775d-m5vf4,container_cpu_system_seconds_total,0.064
1745322084,kashef-k8s-ctl.url-shorten-mongodb-57c886d5f8-jqtpp,container_cpu_system_seconds_total,0.368
1745322084,kashef-k8s-ctl.unique-id-service-694497b678-2p45f,container_cpu_system_seconds_total,0.066
1745322084,kashef-k8s-ctl.post-storage-memcached-6b75788fc6-5wwtc,container_cpu_system_seconds_total,0.086
1745322084,kashef-k8s-w1.user-service-547b88cd8f-lp8p9,container_cpu_system_seconds_total,0.087
1745322084,kashef-k8s-w1.user-timeline-redis-67cc95bc57-2zhdt,container_cpu_system_seconds_total,0.355
1745322084,kashef-k8s-w1.home-timeline-redis-6c6647df6f-dv494,container_cpu_system_seconds_total,0.328
1745322084,kashef-k8s-ctl.user-timeline-service-664c7f6696-hz5xq,container_cpu_system_seconds_total,0.059
1745322084,kashef-k8s-ctl.text-service-fff64b8bf-wp774,container_cpu_system_seconds_total,0.07
1745322084,kashef-k8s-w1.home-timeline-service-5754ffbc6d-kntl9,container_cpu_system_seconds_total,0.076
1745322084,kashef-k8s-ctl.jaeger-67997f9775-8jsbw,container_cpu_system_seconds_total,0.133
1745322084,kashef-k8s-w1.media-memcached-7889bdfdfb-4hjbd,container_cpu_system_seconds_total,0.089
1745322084,kashef-k8s-ctl.user-mention-service-5c4f566c5-qlj9z,container_cpu_system_seconds_total,0.073
1745322084,kashef-k8s-w1.media-mongodb-7b64c59567-pm2pj,container_cpu_system_seconds_total,0.442
1745322084,kashef-k8s-ctl.url-shorten-memcached-6546746864-btbq8,container_cpu_system_seconds_total,0.054
1745322084,kashef-k8s-ctl.compose-post-service-f587bf89d-dd7kf,container_cpu_system_seconds_total,0.109
1745322084,kashef-k8s-ctl.media-frontend-6b66b95ff4-42hwg,container_cpu_system_seconds_total,5.992
1745322084,kashef-k8s-w1.social-graph-service-677dbc655c-sg995,container_cpu_system_seconds_total,0.081
1745322084,kashef-k8s-w1.temp-debug-alt,container_cpu_system_seconds_total,0.089
1745322084,kashef-k8s-w1.social-graph-redis-5bbd5b7458-7fcvv,container_cpu_system_seconds_total,0.315
1745322084,kashef-k8s-w1.user-mongodb-7745bbd78-kqpbp,container_cpu_system_seconds_total,0.448
1745322084,kashef-k8s-w1.url-shorten-service-66949ddcc4-468ds,container_cpu_system_seconds_total,0.06
1745322084,kashef-k8s-w1.user-timeline-mongodb-6758898d48-4w2f2,container_cpu_system_seconds_total,0.516
1745322087,kashef-k8s-w1.url-shorten-service-66949ddcc4-468ds,container_cpu_system_seconds_total,0.06
1745322087,kashef-k8s-w1.user-timeline-mongodb-6758898d48-4w2f2,container_cpu_system_seconds_total,0.516
1745322087,kashef-k8s-w1.social-graph-mongodb-55df767ff5-wwlmr,container_cpu_system_seconds_total,0.527
1745322087,kashef-k8s-w1.user-mongodb-7745bbd78-kqpbp,container_cpu_system_seconds_total,0.496
1745322087,kashef-k8s-ctl.compose-post-service-f587bf89d-dd7kf,container_cpu_system_seconds_total,0.109
1745322087,kashef-k8s-ctl.user-timeline-service-664c7f6696-hz5xq,container_cpu_system_seconds_total,0.059
1745322087,kashef-k8s-ctl.user-memcached-59687c864d-wdcgs,container_cpu_system_seconds_total,0.095
1745322087,kashef-k8s-ctl.user-mention-service-5c4f566c5-qlj9z,container_cpu_system_seconds_total,0.073
1745322087,kashef-k8s-w1.user-service-547b88cd8f-lp8p9,container_cpu_system_seconds_total,0.087
1745322087,kashef-k8s-ctl.text-service-fff64b8bf-wp774,container_cpu_system_seconds_total,0.07
1745322087,kashef-k8s-w1.home-timeline-service-5754ffbc6d-kntl9,container_cpu_system_seconds_total,0.076
1745322087,kashef-k8s-w1.temp-debug-alt,container_cpu_system_seconds_total,0.089
1745322087,kashef-k8s-w1.media-memcached-7889bdfdfb-4hjbd,container_cpu_system_seconds_total,0.089
1745322087,kashef-k8s-ctl.url-shorten-memcached-6546746864-btbq8,container_cpu_system_seconds_total,0.054
1745322087,kashef-k8s-w1.social-graph-service-677dbc655c-sg995,container_cpu_system_seconds_total,0.081
1745322087,kashef-k8s-w1.media-mongodb-7b64c59567-pm2pj,container_cpu_system_seconds_total,0.442
1745322087,kashef-k8s-ctl.unique-id-service-694497b678-2p45f,container_cpu_system_seconds_total,0.066
1745322087,kashef-k8s-ctl.jaeger-67997f9775-8jsbw,container_cpu_system_seconds_total,0.133
1745322087,kashef-k8s-ctl.url-shorten-mongodb-57c886d5f8-jqtpp,container_cpu_system_seconds_total,0.368
1745322087,kashef-k8s-w1.home-timeline-redis-6c6647df6f-dv494,container_cpu_system_seconds_total,0.328
1745322087,kashef-k8s-ctl.post-storage-mongodb-5579669d8c-nfwpl,container_cpu_system_seconds_total,0.334
1745322087,kashef-k8s-w1.social-graph-redis-5bbd5b7458-7fcvv,container_cpu_system_seconds_total,0.376
1745322087,kashef-k8s-w1.post-storage-service-66c9966f5f-n629t,container_cpu_system_seconds_total,0.076
1745322087,kashef-k8s-w1.nginx-thrift-79478f9bf5-5zdh4,container_cpu_system_seconds_total,6.003
1745322087,kashef-k8s-w1.user-timeline-redis-67cc95bc57-2zhdt,container_cpu_system_seconds_total,0.355
1745322087,kashef-k8s-ctl.post-storage-memcached-6b75788fc6-5wwtc,container_cpu_system_seconds_total,0.086
1745322087,kashef-k8s-ctl.media-frontend-6b66b95ff4-42hwg,container_cpu_system_seconds_total,5.992
1745322087,kashef-k8s-ctl.media-service-6c665c775d-m5vf4,container_cpu_system_seconds_total,0.064
1745322090,kashef-k8s-ctl.compose-post-service-f587bf89d-dd7kf,container_cpu_system_seconds_total,0.109
1745322090,kashef-k8s-ctl.user-memcached-59687c864d-wdcgs,container_cpu_system_seconds_total,0.095
1745322090,kashef-k8s-w1.user-mongodb-7745bbd78-kqpbp,container_cpu_system_seconds_total,0.496
1745322090,kashef-k8s-ctl.unique-id-service-694497b678-2p45f,container_cpu_system_seconds_total,0.066
1745322090,kashef-k8s-w1.home-timeline-service-5754ffbc6d-kntl9,container_cpu_system_seconds_total,0.076
1745322090,kashef-k8s-ctl.text-service-fff64b8bf-wp774,container_cpu_system_seconds_total,0.07
1745322090,kashef-k8s-w1.media-memcached-7889bdfdfb-4hjbd,container_cpu_system_seconds_total,0.089
1745322090,kashef-k8s-ctl.post-storage-mongodb-5579669d8c-nfwpl,container_cpu_system_seconds_total,0.334
1745322090,kashef-k8s-w1.temp-debug-alt,container_cpu_system_seconds_total,0.089
1745322090,kashef-k8s-ctl.user-timeline-service-664c7f6696-hz5xq,container_cpu_system_seconds_total,0.059
1745322090,kashef-k8s-ctl.user-mention-service-5c4f566c5-qlj9z,container_cpu_system_seconds_total,0.073
1745322090,kashef-k8s-ctl.url-shorten-memcached-6546746864-btbq8,container_cpu_system_seconds_total,0.054
1745322090,kashef-k8s-w1.social-graph-redis-5bbd5b7458-7fcvv,container_cpu_system_seconds_total,0.376
1745322090,kashef-k8s-w1.social-graph-mongodb-55df767ff5-wwlmr,container_cpu_system_seconds_total,0.565
1745322090,kashef-k8s-w1.user-timeline-mongodb-6758898d48-4w2f2,container_cpu_system_seconds_total,0.516
1745322090,kashef-k8s-w1.url-shorten-service-66949ddcc4-468ds,container_cpu_system_seconds_total,0.06
1745322090,kashef-k8s-w1.media-mongodb-7b64c59567-pm2pj,container_cpu_system_seconds_total,0.442
1745322090,kashef-k8s-w1.social-graph-service-677dbc655c-sg995,container_cpu_system_seconds_total,0.082
1745322090,kashef-k8s-ctl.jaeger-67997f9775-8jsbw,container_cpu_system_seconds_total,0.133
1745322090,kashef-k8s-w1.home-timeline-redis-6c6647df6f-dv494,container_cpu_system_seconds_total,0.328
1745322090,kashef-k8s-ctl.url-shorten-mongodb-57c886d5f8-jqtpp,container_cpu_system_seconds_total,0.368
1745322090,kashef-k8s-ctl.media-service-6c665c775d-m5vf4,container_cpu_system_seconds_total,0.064
1745322090,kashef-k8s-ctl.post-storage-memcached-6b75788fc6-5wwtc,container_cpu_system_seconds_total,0.086
1745322090,kashef-k8s-w1.user-timeline-redis-67cc95bc57-2zhdt,container_cpu_system_seconds_total,0.355
1745322090,kashef-k8s-ctl.media-frontend-6b66b95ff4-42hwg,container_cpu_system_seconds_total,5.992
1745322090,kashef-k8s-w1.nginx-thrift-79478f9bf5-5zdh4,container_cpu_system_seconds_total,6.003
1745322090,kashef-k8s-w1.user-service-547b88cd8f-lp8p9,container_cpu_system_seconds_total,0.087
1745322090,kashef-k8s-w1.post-storage-service-66c9966f5f-n629t,container_cpu_system_seconds_total,0.076
1745322093,kashef-k8s-w1.social-graph-redis-5bbd5b7458-7fcvv,container_cpu_system_seconds_total,0.376
1745322093,kashef-k8s-w1.social-graph-mongodb-55df767ff5-wwlmr,container_cpu_system_seconds_total,0.565
1745322093,kashef-k8s-w1.url-shorten-service-66949ddcc4-468ds,container_cpu_system_seconds_total,0.06
1745322093,kashef-k8s-ctl.unique-id-service-694497b678-2p45f,container_cpu_system_seconds_total,0.066
1745322093,kashef-k8s-w1.user-timeline-redis-67cc95bc57-2zhdt,container_cpu_system_seconds_total,0.355
1745322093,kashef-k8s-w1.home-timeline-redis-6c6647df6f-dv494,container_cpu_system_seconds_total,0.359
1745322093,kashef-k8s-ctl.media-service-6c665c775d-m5vf4,container_cpu_system_seconds_total,0.064
1745322093,kashef-k8s-ctl.url-shorten-mongodb-57c886d5f8-jqtpp,container_cpu_system_seconds_total,0.368
1745322093,kashef-k8s-ctl.jaeger-67997f9775-8jsbw,container_cpu_system_seconds_total,0.133
1745322093,kashef-k8s-ctl.media-frontend-6b66b95ff4-42hwg,container_cpu_system_seconds_total,5.992
1745322093,kashef-k8s-w1.social-graph-service-677dbc655c-sg995,container_cpu_system_seconds_total,0.082
1745322093,kashef-k8s-ctl.user-mention-service-5c4f566c5-qlj9z,container_cpu_system_seconds_total,0.073
1745322093,kashef-k8s-ctl.post-storage-mongodb-5579669d8c-nfwpl,container_cpu_system_seconds_total,0.334
1745322093,kashef-k8s-ctl.compose-post-service-f587bf89d-dd7kf,container_cpu_system_seconds_total,0.109
1745322093,kashef-k8s-w1.home-timeline-service-5754ffbc6d-kntl9,container_cpu_system_seconds_total,0.076
1745322093,kashef-k8s-w1.temp-debug-alt,container_cpu_system_seconds_total,0.089
1745322093,kashef-k8s-w1.nginx-thrift-79478f9bf5-5zdh4,container_cpu_system_seconds_total,6.003
1745322093,kashef-k8s-ctl.user-memcached-59687c864d-wdcgs,container_cpu_system_seconds_total,0.095
1745322093,kashef-k8s-ctl.url-shorten-memcached-6546746864-btbq8,container_cpu_system_seconds_total,0.054
1745322093,kashef-k8s-w1.user-timeline-mongodb-6758898d48-4w2f2,container_cpu_system_seconds_total,0.516
1745322093,kashef-k8s-w1.media-memcached-7889bdfdfb-4hjbd,container_cpu_system_seconds_total,0.089
1745322093,kashef-k8s-ctl.text-service-fff64b8bf-wp774,container_cpu_system_seconds_total,0.07
1745322093,kashef-k8s-w1.user-mongodb-7745bbd78-kqpbp,container_cpu_system_seconds_total,0.496
1745322093,kashef-k8s-ctl.post-storage-memcached-6b75788fc6-5wwtc,container_cpu_system_seconds_total,0.086
1745322093,kashef-k8s-w1.user-service-547b88cd8f-lp8p9,container_cpu_system_seconds_total,0.087
1745322093,kashef-k8s-ctl.user-timeline-service-664c7f6696-hz5xq,container_cpu_system_seconds_total,0.059
1745322093,kashef-k8s-w1.media-mongodb-7b64c59567-pm2pj,container_cpu_system_seconds_total,0.51
1745322093,kashef-k8s-w1.post-storage-service-66c9966f5f-n629t,container_cpu_system_seconds_total,0.076
1745322096,kashef-k8s-w1.user-timeline-redis-67cc95bc57-2zhdt,container_cpu_system_seconds_total,0.355
1745322096,kashef-k8s-ctl.media-service-6c665c775d-m5vf4,container_cpu_system_seconds_total,0.064
1745322096,kashef-k8s-ctl.url-shorten-mongodb-57c886d5f8-jqtpp,container_cpu_system_seconds_total,0.368
1745322096,kashef-k8s-w1.temp-debug-alt,container_cpu_system_seconds_total,0.089
1745322096,kashef-k8s-w1.social-graph-service-677dbc655c-sg995,container_cpu_system_seconds_total,0.082
1745322096,kashef-k8s-ctl.media-frontend-6b66b95ff4-42hwg,container_cpu_system_seconds_total,5.992
1745322096,kashef-k8s-ctl.text-service-fff64b8bf-wp774,container_cpu_system_seconds_total,0.07
1745322096,kashef-k8s-ctl.jaeger-67997f9775-8jsbw,container_cpu_system_seconds_total,0.133
1745322096,kashef-k8s-ctl.user-mention-service-5c4f566c5-qlj9z,container_cpu_system_seconds_total,0.073
1745322096,kashef-k8s-w1.home-timeline-redis-6c6647df6f-dv494,container_cpu_system_seconds_total,0.359
1745322096,kashef-k8s-w1.home-timeline-service-5754ffbc6d-kntl9,container_cpu_system_seconds_total,0.076
1745322096,kashef-k8s-ctl.post-storage-mongodb-5579669d8c-nfwpl,container_cpu_system_seconds_total,0.334
1745322096,kashef-k8s-ctl.compose-post-service-f587bf89d-dd7kf,container_cpu_system_seconds_total,0.109
1745322096,kashef-k8s-ctl.unique-id-service-694497b678-2p45f,container_cpu_system_seconds_total,0.066
1745322096,kashef-k8s-w1.url-shorten-service-66949ddcc4-468ds,container_cpu_system_seconds_total,0.06
1745322096,kashef-k8s-w1.social-graph-mongodb-55df767ff5-wwlmr,container_cpu_system_seconds_total,0.565
1745322096,kashef-k8s-ctl.user-timeline-service-664c7f6696-hz5xq,container_cpu_system_seconds_total,0.059
1745322096,kashef-k8s-w1.user-service-547b88cd8f-lp8p9,container_cpu_system_seconds_total,0.087
1745322096,kashef-k8s-w1.post-storage-service-66c9966f5f-n629t,container_cpu_system_seconds_total,0.076
1745322096,kashef-k8s-w1.media-mongodb-7b64c59567-pm2pj,container_cpu_system_seconds_total,0.51
1745322096,kashef-k8s-ctl.url-shorten-memcached-6546746864-btbq8,container_cpu_system_seconds_total,0.054
1745322096,kashef-k8s-w1.user-timeline-mongodb-6758898d48-4w2f2,container_cpu_system_seconds_total,0.516
1745322096,kashef-k8s-w1.nginx-thrift-79478f9bf5-5zdh4,container_cpu_system_seconds_total,6.003
1745322096,kashef-k8s-ctl.user-memcached-59687c864d-wdcgs,container_cpu_system_seconds_total,0.095
1745322096,kashef-k8s-ctl.post-storage-memcached-6b75788fc6-5wwtc,container_cpu_system_seconds_total,0.086
1745322096,kashef-k8s-w1.media-memcached-7889bdfdfb-4hjbd,container_cpu_system_seconds_total,0.089
1745322096,kashef-k8s-w1.social-graph-redis-5bbd5b7458-7fcvv,container_cpu_system_seconds_total,0.376
1745322096,kashef-k8s-w1.user-mongodb-7745bbd78-kqpbp,container_cpu_system_seconds_total,0.496
1745322099,kashef-k8s-w1.user-timeline-mongodb-6758898d48-4w2f2,container_cpu_system_seconds_total,0.516
1745322099,kashef-k8s-ctl.media-frontend-6b66b95ff4-42hwg,container_cpu_system_seconds_total,5.992
1745322099,kashef-k8s-w1.user-timeline-redis-67cc95bc57-2zhdt,container_cpu_system_seconds_total,0.355
1745322099,kashef-k8s-w1.post-storage-service-66c9966f5f-n629t,container_cpu_system_seconds_total,0.076
1745322099,kashef-k8s-ctl.jaeger-67997f9775-8jsbw,container_cpu_system_seconds_total,0.133
1745322099,kashef-k8s-ctl.post-storage-memcached-6b75788fc6-5wwtc,container_cpu_system_seconds_total,0.086
1745322099,kashef-k8s-ctl.text-service-fff64b8bf-wp774,container_cpu_system_seconds_total,0.07
1745322099,kashef-k8s-ctl.user-memcached-59687c864d-wdcgs,container_cpu_system_seconds_total,0.095
1745322099,kashef-k8s-w1.home-timeline-service-5754ffbc6d-kntl9,container_cpu_system_seconds_total,0.076
1745322099,kashef-k8s-ctl.url-shorten-mongodb-57c886d5f8-jqtpp,container_cpu_system_seconds_total,0.387
1745322099,kashef-k8s-w1.user-service-547b88cd8f-lp8p9,container_cpu_system_seconds_total,0.087
1745322099,kashef-k8s-w1.nginx-thrift-79478f9bf5-5zdh4,container_cpu_system_seconds_total,6.003
1745322099,kashef-k8s-ctl.url-shorten-memcached-6546746864-btbq8,container_cpu_system_seconds_total,0.054
1745322099,kashef-k8s-w1.media-mongodb-7b64c59567-pm2pj,container_cpu_system_seconds_total,0.51
1745322099,kashef-k8s-ctl.unique-id-service-694497b678-2p45f,container_cpu_system_seconds_total,0.066
1745322099,kashef-k8s-w1.temp-debug-alt,container_cpu_system_seconds_total,0.089
1745322099,kashef-k8s-w1.home-timeline-redis-6c6647df6f-dv494,container_cpu_system_seconds_total,0.359
1745322099,kashef-k8s-ctl.post-storage-mongodb-5579669d8c-nfwpl,container_cpu_system_seconds_total,0.334
1745322099,kashef-k8s-w1.social-graph-service-677dbc655c-sg995,container_cpu_system_seconds_total,0.082
1745322099,kashef-k8s-ctl.user-timeline-service-664c7f6696-hz5xq,container_cpu_system_seconds_total,0.06
1745322099,kashef-k8s-w1.social-graph-mongodb-55df767ff5-wwlmr,container_cpu_system_seconds_total,0.565
1745322099,kashef-k8s-w1.url-shorten-service-66949ddcc4-468ds,container_cpu_system_seconds_total,0.06
1745322099,kashef-k8s-w1.user-mongodb-7745bbd78-kqpbp,container_cpu_system_seconds_total,0.496
1745322099,kashef-k8s-w1.social-graph-redis-5bbd5b7458-7fcvv,container_cpu_system_seconds_total,0.376
1745322099,kashef-k8s-ctl.user-mention-service-5c4f566c5-qlj9z,container_cpu_system_seconds_total,0.073
1745322099,kashef-k8s-w1.media-memcached-7889bdfdfb-4hjbd,container_cpu_system_seconds_total,0.089
1745322099,kashef-k8s-ctl.media-service-6c665c775d-m5vf4,container_cpu_system_seconds_total,0.064
1745322099,kashef-k8s-ctl.compose-post-service-f587bf89d-dd7kf,container_cpu_system_seconds_total,0.109
1745322102,kashef-k8s-ctl.post-storage-memcached-6b75788fc6-5wwtc,container_cpu_system_seconds_total,0.089
1745322102,kashef-k8s-ctl.text-service-fff64b8bf-wp774,container_cpu_system_seconds_total,0.07
1745322102,kashef-k8s-ctl.media-frontend-6b66b95ff4-42hwg,container_cpu_system_seconds_total,5.992
1745322102,kashef-k8s-ctl.user-memcached-59687c864d-wdcgs,container_cpu_system_seconds_total,0.099
1745322102,kashef-k8s-w1.user-service-547b88cd8f-lp8p9,container_cpu_system_seconds_total,0.087
1745322102,kashef-k8s-w1.nginx-thrift-79478f9bf5-5zdh4,container_cpu_system_seconds_total,6.003
1745322102,kashef-k8s-w1.home-timeline-service-5754ffbc6d-kntl9,container_cpu_system_seconds_total,0.076
1745322102,kashef-k8s-ctl.url-shorten-mongodb-57c886d5f8-jqtpp,container_cpu_system_seconds_total,0.387
1745322102,kashef-k8s-ctl.unique-id-service-694497b678-2p45f,container_cpu_system_seconds_total,0.066
1745322102,kashef-k8s-w1.temp-debug-alt,container_cpu_system_seconds_total,0.089
1745322102,kashef-k8s-ctl.url-shorten-memcached-6546746864-btbq8,container_cpu_system_seconds_total,0.054
1745322102,kashef-k8s-w1.media-mongodb-7b64c59567-pm2pj,container_cpu_system_seconds_total,0.51
1745322102,kashef-k8s-w1.user-timeline-redis-67cc95bc57-2zhdt,container_cpu_system_seconds_total,0.355
1745322102,kashef-k8s-w1.user-timeline-mongodb-6758898d48-4w2f2,container_cpu_system_seconds_total,0.516
1745322102,kashef-k8s-ctl.jaeger-67997f9775-8jsbw,container_cpu_system_seconds_total,0.133
1745322102,kashef-k8s-w1.post-storage-service-66c9966f5f-n629t,container_cpu_system_seconds_total,0.076
1745322102,kashef-k8s-ctl.post-storage-mongodb-5579669d8c-nfwpl,container_cpu_system_seconds_total,0.334
1745322102,kashef-k8s-ctl.user-mention-service-5c4f566c5-qlj9z,container_cpu_system_seconds_total,0.073
1745322102,kashef-k8s-w1.media-memcached-7889bdfdfb-4hjbd,container_cpu_system_seconds_total,0.089
1745322102,kashef-k8s-ctl.compose-post-service-f587bf89d-dd7kf,container_cpu_system_seconds_total,0.109
1745322102,kashef-k8s-w1.social-graph-service-677dbc655c-sg995,container_cpu_system_seconds_total,0.082
1745322102,kashef-k8s-ctl.user-timeline-service-664c7f6696-hz5xq,container_cpu_system_seconds_total,0.06
1745322102,kashef-k8s-w1.home-timeline-redis-6c6647df6f-dv494,container_cpu_system_seconds_total,0.359
1745322102,kashef-k8s-ctl.media-service-6c665c775d-m5vf4,container_cpu_system_seconds_total,0.064
1745322102,kashef-k8s-w1.url-shorten-service-66949ddcc4-468ds,container_cpu_system_seconds_total,0.06
1745322102,kashef-k8s-w1.social-graph-mongodb-55df767ff5-wwlmr,container_cpu_system_seconds_total,0.565
1745322102,kashef-k8s-w1.social-graph-redis-5bbd5b7458-7fcvv,container_cpu_system_seconds_total,0.376
1745322102,kashef-k8s-w1.user-mongodb-7745bbd78-kqpbp,container_cpu_system_seconds_total,0.496
1745322105,kashef-k8s-ctl.user-timeline-service-664c7f6696-hz5xq,container_cpu_system_seconds_total,0.06
1745322105,kashef-k8s-w1.nginx-thrift-79478f9bf5-5zdh4,container_cpu_system_seconds_total,6.003
1745322105,kashef-k8s-ctl.post-storage-mongodb-5579669d8c-nfwpl,container_cpu_system_seconds_total,0.334
1745322105,kashef-k8s-w1.post-storage-service-66c9966f5f-n629t,container_cpu_system_seconds_total,0.076
1745322105,kashef-k8s-ctl.text-service-fff64b8bf-wp774,container_cpu_system_seconds_total,0.07
1745322105,kashef-k8s-ctl.media-service-6c665c775d-m5vf4,container_cpu_system_seconds_total,0.064
1745322105,kashef-k8s-ctl.user-memcached-59687c864d-wdcgs,container_cpu_system_seconds_total,0.099
1745322105,kashef-k8s-ctl.media-frontend-6b66b95ff4-42hwg,container_cpu_system_seconds_total,5.992
1745322105,kashef-k8s-ctl.user-mention-service-5c4f566c5-qlj9z,container_cpu_system_seconds_total,0.073
1745322105,kashef-k8s-w1.media-memcached-7889bdfdfb-4hjbd,container_cpu_system_seconds_total,0.089
1745322105,kashef-k8s-ctl.unique-id-service-694497b678-2p45f,container_cpu_system_seconds_total,0.066
1745322105,kashef-k8s-ctl.post-storage-memcached-6b75788fc6-5wwtc,container_cpu_system_seconds_total,0.089
1745322105,kashef-k8s-w1.social-graph-service-677dbc655c-sg995,container_cpu_system_seconds_total,0.082
1745322105,kashef-k8s-w1.user-timeline-redis-67cc95bc57-2zhdt,container_cpu_system_seconds_total,0.355
1745322105,kashef-k8s-w1.home-timeline-redis-6c6647df6f-dv494,container_cpu_system_seconds_total,0.359
1745322105,kashef-k8s-ctl.url-shorten-mongodb-57c886d5f8-jqtpp,container_cpu_system_seconds_total,0.387
1745322105,kashef-k8s-w1.user-service-547b88cd8f-lp8p9,container_cpu_system_seconds_total,0.087
1745322105,kashef-k8s-w1.home-timeline-service-5754ffbc6d-kntl9,container_cpu_system_seconds_total,0.076
1745322105,kashef-k8s-w1.social-graph-redis-5bbd5b7458-7fcvv,container_cpu_system_seconds_total,0.376
1745322105,kashef-k8s-w1.user-mongodb-7745bbd78-kqpbp,container_cpu_system_seconds_total,0.496
1745322105,kashef-k8s-ctl.jaeger-67997f9775-8jsbw,container_cpu_system_seconds_total,0.133
1745322105,kashef-k8s-w1.url-shorten-service-66949ddcc4-468ds,container_cpu_system_seconds_total,0.06
1745322105,kashef-k8s-w1.user-timeline-mongodb-6758898d48-4w2f2,container_cpu_system_seconds_total,0.516
1745322105,kashef-k8s-w1.social-graph-mongodb-55df767ff5-wwlmr,container_cpu_system_seconds_total,0.565
1745322105,kashef-k8s-ctl.url-shorten-memcached-6546746864-btbq8,container_cpu_system_seconds_total,0.054
1745322105,kashef-k8s-w1.temp-debug-alt,container_cpu_system_seconds_total,0.089
1745322105,kashef-k8s-ctl.compose-post-service-f587bf89d-dd7kf,container_cpu_system_seconds_total,0.109
1745322105,kashef-k8s-w1.media-mongodb-7b64c59567-pm2pj,container_cpu_system_seconds_total,0.51
1745322108,kashef-k8s-ctl.user-timeline-service-664c7f6696-hz5xq,container_cpu_system_seconds_total,0.06
1745322108,kashef-k8s-ctl.media-service-6c665c775d-m5vf4,container_cpu_system_seconds_total,0.064
1745322108,kashef-k8s-ctl.post-storage-mongodb-5579669d8c-nfwpl,container_cpu_system_seconds_total,0.334
1745322108,kashef-k8s-w1.post-storage-service-66c9966f5f-n629t,container_cpu_system_seconds_total,0.076
1745322108,kashef-k8s-ctl.unique-id-service-694497b678-2p45f,container_cpu_system_seconds_total,0.066
1745322108,kashef-k8s-ctl.post-storage-memcached-6b75788fc6-5wwtc,container_cpu_system_seconds_total,0.089
1745322108,kashef-k8s-ctl.media-frontend-6b66b95ff4-42hwg,container_cpu_system_seconds_total,5.992
1745322108,kashef-k8s-ctl.user-mention-service-5c4f566c5-qlj9z,container_cpu_system_seconds_total,0.074
1745322108,kashef-k8s-w1.social-graph-service-677dbc655c-sg995,container_cpu_system_seconds_total,0.082
1745322108,kashef-k8s-w1.social-graph-redis-5bbd5b7458-7fcvv,container_cpu_system_seconds_total,0.376
1745322108,kashef-k8s-w1.user-timeline-redis-67cc95bc57-2zhdt,container_cpu_system_seconds_total,0.355
1745322108,kashef-k8s-ctl.jaeger-67997f9775-8jsbw,container_cpu_system_seconds_total,0.133
1745322108,kashef-k8s-ctl.url-shorten-mongodb-57c886d5f8-jqtpp,container_cpu_system_seconds_total,0.387
1745322108,kashef-k8s-w1.user-timeline-mongodb-6758898d48-4w2f2,container_cpu_system_seconds_total,0.516
1745322108,kashef-k8s-w1.nginx-thrift-79478f9bf5-5zdh4,container_cpu_system_seconds_total,6.003
1745322108,kashef-k8s-ctl.text-service-fff64b8bf-wp774,container_cpu_system_seconds_total,0.07
1745322108,kashef-k8s-ctl.user-memcached-59687c864d-wdcgs,container_cpu_system_seconds_total,0.099
1745322108,kashef-k8s-w1.temp-debug-alt,container_cpu_system_seconds_total,0.089
1745322108,kashef-k8s-w1.media-memcached-7889bdfdfb-4hjbd,container_cpu_system_seconds_total,0.089
1745322108,kashef-k8s-ctl.compose-post-service-f587bf89d-dd7kf,container_cpu_system_seconds_total,0.109
1745322108,kashef-k8s-w1.home-timeline-service-5754ffbc6d-kntl9,container_cpu_system_seconds_total,0.076
1745322108,kashef-k8s-w1.user-service-547b88cd8f-lp8p9,container_cpu_system_seconds_total,0.087
1745322108,kashef-k8s-w1.home-timeline-redis-6c6647df6f-dv494,container_cpu_system_seconds_total,0.359
1745322108,kashef-k8s-ctl.url-shorten-memcached-6546746864-btbq8,container_cpu_system_seconds_total,0.054
1745322108,kashef-k8s-w1.media-mongodb-7b64c59567-pm2pj,container_cpu_system_seconds_total,0.51
1745322108,kashef-k8s-w1.social-graph-mongodb-55df767ff5-wwlmr,container_cpu_system_seconds_total,0.565
1745322108,kashef-k8s-w1.user-mongodb-7745bbd78-kqpbp,container_cpu_system_seconds_total,0.496
1745322108,kashef-k8s-w1.url-shorten-service-66949ddcc4-468ds,container_cpu_system_seconds_total,0.06
1745322111,kashef-k8s-w1.post-storage-service-66c9966f5f-n629t,container_cpu_system_seconds_total,0.076
1745322111,kashef-k8s-w1.url-shorten-service-66949ddcc4-468ds,container_cpu_system_seconds_total,0.06
1745322111,kashef-k8s-w1.social-graph-mongodb-55df767ff5-wwlmr,container_cpu_system_seconds_total,0.565
1745322111,kashef-k8s-ctl.url-shorten-memcached-6546746864-btbq8,container_cpu_system_seconds_total,0.058
1745322111,kashef-k8s-w1.home-timeline-redis-6c6647df6f-dv494,container_cpu_system_seconds_total,0.359
1745322111,kashef-k8s-w1.media-mongodb-7b64c59567-pm2pj,container_cpu_system_seconds_total,0.51
1745322111,kashef-k8s-w1.home-timeline-service-5754ffbc6d-kntl9,container_cpu_system_seconds_total,0.076
1745322111,kashef-k8s-w1.user-service-547b88cd8f-lp8p9,container_cpu_system_seconds_total,0.087
1745322111,kashef-k8s-ctl.post-storage-memcached-6b75788fc6-5wwtc,container_cpu_system_seconds_total,0.089
1745322111,kashef-k8s-ctl.unique-id-service-694497b678-2p45f,container_cpu_system_seconds_total,0.066
1745322111,kashef-k8s-ctl.user-mention-service-5c4f566c5-qlj9z,container_cpu_system_seconds_total,0.074
1745322111,kashef-k8s-ctl.media-frontend-6b66b95ff4-42hwg,container_cpu_system_seconds_total,5.992
1745322111,kashef-k8s-w1.temp-debug-alt,container_cpu_system_seconds_total,0.089
1745322111,kashef-k8s-ctl.compose-post-service-f587bf89d-dd7kf,container_cpu_system_seconds_total,0.109
1745322111,kashef-k8s-ctl.jaeger-67997f9775-8jsbw,container_cpu_system_seconds_total,0.148
1745322111,kashef-k8s-w1.media-memcached-7889bdfdfb-4hjbd,container_cpu_system_seconds_total,0.089
1745322111,kashef-k8s-ctl.post-storage-mongodb-5579669d8c-nfwpl,container_cpu_system_seconds_total,0.349
1745322111,kashef-k8s-ctl.media-service-6c665c775d-m5vf4,container_cpu_system_seconds_total,0.064
1745322111,kashef-k8s-w1.user-timeline-redis-67cc95bc57-2zhdt,container_cpu_system_seconds_total,0.355
1745322111,kashef-k8s-w1.social-graph-service-677dbc655c-sg995,container_cpu_system_seconds_total,0.082
1745322111,kashef-k8s-w1.user-timeline-mongodb-6758898d48-4w2f2,container_cpu_system_seconds_total,0.516
1745322111,kashef-k8s-w1.user-mongodb-7745bbd78-kqpbp,container_cpu_system_seconds_total,0.496
1745322111,kashef-k8s-w1.nginx-thrift-79478f9bf5-5zdh4,container_cpu_system_seconds_total,6.003
1745322111,kashef-k8s-ctl.user-memcached-59687c864d-wdcgs,container_cpu_system_seconds_total,0.099
1745322111,kashef-k8s-ctl.user-timeline-service-664c7f6696-hz5xq,container_cpu_system_seconds_total,0.06
1745322111,kashef-k8s-ctl.url-shorten-mongodb-57c886d5f8-jqtpp,container_cpu_system_seconds_total,0.387
1745322111,kashef-k8s-w1.social-graph-redis-5bbd5b7458-7fcvv,container_cpu_system_seconds_total,0.376
1745322111,kashef-k8s-ctl.text-service-fff64b8bf-wp774,container_cpu_system_seconds_total,0.07
1745322114,kashef-k8s-w1.home-timeline-redis-6c6647df6f-dv494,container_cpu_system_seconds_total,0.359
1745322114,kashef-k8s-w1.media-mongodb-7b64c59567-pm2pj,container_cpu_system_seconds_total,0.533
1745322114,kashef-k8s-w1.home-timeline-service-5754ffbc6d-kntl9,container_cpu_system_seconds_total,0.076
1745322114,kashef-k8s-w1.user-service-547b88cd8f-lp8p9,container_cpu_system_seconds_total,0.095
1745322114,kashef-k8s-ctl.user-mention-service-5c4f566c5-qlj9z,container_cpu_system_seconds_total,0.074
1745322114,kashef-k8s-ctl.media-frontend-6b66b95ff4-42hwg,container_cpu_system_seconds_total,5.992
1745322114,kashef-k8s-ctl.compose-post-service-f587bf89d-dd7kf,container_cpu_system_seconds_total,0.109
1745322114,kashef-k8s-ctl.unique-id-service-694497b678-2p45f,container_cpu_system_seconds_total,0.066
1745322114,kashef-k8s-w1.temp-debug-alt,container_cpu_system_seconds_total,0.089
1745322114,kashef-k8s-ctl.url-shorten-memcached-6546746864-btbq8,container_cpu_system_seconds_total,0.058
1745322114,kashef-k8s-ctl.jaeger-67997f9775-8jsbw,container_cpu_system_seconds_total,0.148
1745322114,kashef-k8s-w1.media-memcached-7889bdfdfb-4hjbd,container_cpu_system_seconds_total,0.089
1745322114,kashef-k8s-ctl.post-storage-memcached-6b75788fc6-5wwtc,container_cpu_system_seconds_total,0.089
1745322114,kashef-k8s-w1.social-graph-mongodb-55df767ff5-wwlmr,container_cpu_system_seconds_total,0.565
1745322114,kashef-k8s-w1.url-shorten-service-66949ddcc4-468ds,container_cpu_system_seconds_total,0.06
1745322114,kashef-k8s-w1.user-timeline-redis-67cc95bc57-2zhdt,container_cpu_system_seconds_total,0.355
1745322114,kashef-k8s-w1.post-storage-service-66c9966f5f-n629t,container_cpu_system_seconds_total,0.076
1745322114,kashef-k8s-ctl.user-timeline-service-664c7f6696-hz5xq,container_cpu_system_seconds_total,0.06
1745322114,kashef-k8s-w1.social-graph-redis-5bbd5b7458-7fcvv,container_cpu_system_seconds_total,0.376
1745322114,kashef-k8s-ctl.text-service-fff64b8bf-wp774,container_cpu_system_seconds_total,0.07
1745322114,kashef-k8s-ctl.user-memcached-59687c864d-wdcgs,container_cpu_system_seconds_total,0.099
1745322114,kashef-k8s-ctl.media-service-6c665c775d-m5vf4,container_cpu_system_seconds_total,0.064
1745322114,kashef-k8s-ctl.post-storage-mongodb-5579669d8c-nfwpl,container_cpu_system_seconds_total,0.349
1745322114,kashef-k8s-ctl.url-shorten-mongodb-57c886d5f8-jqtpp,container_cpu_system_seconds_total,0.387
1745322114,kashef-k8s-w1.user-mongodb-7745bbd78-kqpbp,container_cpu_system_seconds_total,0.531
1745322114,kashef-k8s-w1.user-timeline-mongodb-6758898d48-4w2f2,container_cpu_system_seconds_total,0.516
1745322114,kashef-k8s-w1.social-graph-service-677dbc655c-sg995,container_cpu_system_seconds_total,0.082
1745322114,kashef-k8s-w1.nginx-thrift-79478f9bf5-5zdh4,container_cpu_system_seconds_total,6.007
1745322117,kashef-k8s-w1.user-timeline-redis-67cc95bc57-2zhdt,container_cpu_system_seconds_total,0.355
1745322117,kashef-k8s-w1.user-timeline-mongodb-6758898d48-4w2f2,container_cpu_system_seconds_total,0.516
1745322117,kashef-k8s-w1.social-graph-redis-5bbd5b7458-7fcvv,container_cpu_system_seconds_total,0.401
1745322117,kashef-k8s-w1.social-graph-service-677dbc655c-sg995,container_cpu_system_seconds_total,0.082
1745322117,kashef-k8s-w1.nginx-thrift-79478f9bf5-5zdh4,container_cpu_system_seconds_total,6.007
1745322117,kashef-k8s-w1.home-timeline-redis-6c6647df6f-dv494,container_cpu_system_seconds_total,0.383
1745322117,kashef-k8s-ctl.media-frontend-6b66b95ff4-42hwg,container_cpu_system_seconds_total,5.992
1745322117,kashef-k8s-ctl.user-mention-service-5c4f566c5-qlj9z,container_cpu_system_seconds_total,0.074
1745322117,kashef-k8s-ctl.url-shorten-mongodb-57c886d5f8-jqtpp,container_cpu_system_seconds_total,0.387
1745322117,kashef-k8s-ctl.post-storage-mongodb-5579669d8c-nfwpl,container_cpu_system_seconds_total,0.349
1745322117,kashef-k8s-ctl.text-service-fff64b8bf-wp774,container_cpu_system_seconds_total,0.07
1745322117,kashef-k8s-ctl.unique-id-service-694497b678-2p45f,container_cpu_system_seconds_total,0.066
1745322117,kashef-k8s-ctl.post-storage-memcached-6b75788fc6-5wwtc,container_cpu_system_seconds_total,0.089
1745322117,kashef-k8s-ctl.user-timeline-service-664c7f6696-hz5xq,container_cpu_system_seconds_total,0.06
1745322117,kashef-k8s-ctl.media-service-6c665c775d-m5vf4,container_cpu_system_seconds_total,0.064
1745322117,kashef-k8s-w1.temp-debug-alt,container_cpu_system_seconds_total,0.089
1745322117,kashef-k8s-w1.media-mongodb-7b64c59567-pm2pj,container_cpu_system_seconds_total,0.533
1745322117,kashef-k8s-ctl.url-shorten-memcached-6546746864-btbq8,container_cpu_system_seconds_total,0.058
1745322117,kashef-k8s-w1.home-timeline-service-5754ffbc6d-kntl9,container_cpu_system_seconds_total,0.076
1745322117,kashef-k8s-ctl.jaeger-67997f9775-8jsbw,container_cpu_system_seconds_total,0.148
1745322117,kashef-k8s-ctl.compose-post-service-f587bf89d-dd7kf,container_cpu_system_seconds_total,0.109
1745322117,kashef-k8s-w1.user-service-547b88cd8f-lp8p9,container_cpu_system_seconds_total,0.095
1745322117,kashef-k8s-w1.media-memcached-7889bdfdfb-4hjbd,container_cpu_system_seconds_total,0.091
1745322117,kashef-k8s-ctl.user-memcached-59687c864d-wdcgs,container_cpu_system_seconds_total,0.099
1745322117,kashef-k8s-w1.url-shorten-service-66949ddcc4-468ds,container_cpu_system_seconds_total,0.06
1745322117,kashef-k8s-w1.post-storage-service-66c9966f5f-n629t,container_cpu_system_seconds_total,0.076
1745322117,kashef-k8s-w1.user-mongodb-7745bbd78-kqpbp,container_cpu_system_seconds_total,0.531
1745322117,kashef-k8s-w1.social-graph-mongodb-55df767ff5-wwlmr,container_cpu_system_seconds_total,0.611
1745322120,kashef-k8s-w1.post-storage-service-66c9966f5f-n629t,container_cpu_system_seconds_total,0.076
1745322120,kashef-k8s-ctl.compose-post-service-f587bf89d-dd7kf,container_cpu_system_seconds_total,0.109
1745322120,kashef-k8s-w1.social-graph-mongodb-55df767ff5-wwlmr,container_cpu_system_seconds_total,0.611
1745322120,kashef-k8s-w1.user-mongodb-7745bbd78-kqpbp,container_cpu_system_seconds_total,0.531
1745322120,kashef-k8s-w1.home-timeline-service-5754ffbc6d-kntl9,container_cpu_system_seconds_total,0.076
1745322120,kashef-k8s-w1.user-service-547b88cd8f-lp8p9,container_cpu_system_seconds_total,0.095
1745322120,kashef-k8s-ctl.text-service-fff64b8bf-wp774,container_cpu_system_seconds_total,0.07
1745322120,kashef-k8s-ctl.user-mention-service-5c4f566c5-qlj9z,container_cpu_system_seconds_total,0.074
1745322120,kashef-k8s-w1.media-mongodb-7b64c59567-pm2pj,container_cpu_system_seconds_total,0.533
1745322120,kashef-k8s-ctl.url-shorten-memcached-6546746864-btbq8,container_cpu_system_seconds_total,0.058
1745322120,kashef-k8s-ctl.media-service-6c665c775d-m5vf4,container_cpu_system_seconds_total,0.064
1745322120,kashef-k8s-ctl.user-timeline-service-664c7f6696-hz5xq,container_cpu_system_seconds_total,0.06
1745322120,kashef-k8s-w1.temp-debug-alt,container_cpu_system_seconds_total,0.089
1745322120,kashef-k8s-w1.media-memcached-7889bdfdfb-4hjbd,container_cpu_system_seconds_total,0.091
1745322120,kashef-k8s-ctl.jaeger-67997f9775-8jsbw,container_cpu_system_seconds_total,0.148
1745322120,kashef-k8s-ctl.url-shorten-mongodb-57c886d5f8-jqtpp,container_cpu_system_seconds_total,0.387
1745322120,kashef-k8s-ctl.post-storage-mongodb-5579669d8c-nfwpl,container_cpu_system_seconds_total,0.349
1745322120,kashef-k8s-w1.social-graph-service-677dbc655c-sg995,container_cpu_system_seconds_total,0.082
1745322120,kashef-k8s-w1.home-timeline-redis-6c6647df6f-dv494,container_cpu_system_seconds_total,0.383
1745322120,kashef-k8s-w1.nginx-thrift-79478f9bf5-5zdh4,container_cpu_system_seconds_total,6.007
1745322120,kashef-k8s-w1.social-graph-redis-5bbd5b7458-7fcvv,container_cpu_system_seconds_total,0.401
1745322120,kashef-k8s-ctl.user-memcached-59687c864d-wdcgs,container_cpu_system_seconds_total,0.099
1745322120,kashef-k8s-w1.url-shorten-service-66949ddcc4-468ds,container_cpu_system_seconds_total,0.06
1745322120,kashef-k8s-w1.user-timeline-redis-67cc95bc57-2zhdt,container_cpu_system_seconds_total,0.355
1745322120,kashef-k8s-w1.user-timeline-mongodb-6758898d48-4w2f2,container_cpu_system_seconds_total,0.516
1745322120,kashef-k8s-ctl.unique-id-service-694497b678-2p45f,container_cpu_system_seconds_total,0.066
1745322120,kashef-k8s-ctl.media-frontend-6b66b95ff4-42hwg,container_cpu_system_seconds_total,5.992
1745322120,kashef-k8s-ctl.post-storage-memcached-6b75788fc6-5wwtc,container_cpu_system_seconds_total,0.089
1745322123,kashef-k8s-w1.user-service-547b88cd8f-lp8p9,container_cpu_system_seconds_total,0.095
1745322123,kashef-k8s-ctl.compose-post-service-f587bf89d-dd7kf,container_cpu_system_seconds_total,0.109
1745322123,kashef-k8s-ctl.text-service-fff64b8bf-wp774,container_cpu_system_seconds_total,0.07
1745322123,kashef-k8s-ctl.media-service-6c665c775d-m5vf4,container_cpu_system_seconds_total,0.064
1745322123,kashef-k8s-ctl.user-timeline-service-664c7f6696-hz5xq,container_cpu_system_seconds_total,0.06
1745322123,kashef-k8s-ctl.url-shorten-memcached-6546746864-btbq8,container_cpu_system_seconds_total,0.058
1745322123,kashef-k8s-w1.media-mongodb-7b64c59567-pm2pj,container_cpu_system_seconds_total,0.533
1745322123,kashef-k8s-w1.media-memcached-7889bdfdfb-4hjbd,container_cpu_system_seconds_total,0.091
1745322123,kashef-k8s-ctl.post-storage-memcached-6b75788fc6-5wwtc,container_cpu_system_seconds_total,0.089
1745322123,kashef-k8s-ctl.url-shorten-mongodb-57c886d5f8-jqtpp,container_cpu_system_seconds_total,0.387
1745322123,kashef-k8s-ctl.jaeger-67997f9775-8jsbw,container_cpu_system_seconds_total,0.148
1745322123,kashef-k8s-w1.home-timeline-redis-6c6647df6f-dv494,container_cpu_system_seconds_total,0.383
1745322123,kashef-k8s-w1.user-mongodb-7745bbd78-kqpbp,container_cpu_system_seconds_total,0.531
1745322123,kashef-k8s-w1.user-timeline-redis-67cc95bc57-2zhdt,container_cpu_system_seconds_total,0.414
1745322123,kashef-k8s-w1.social-graph-mongodb-55df767ff5-wwlmr,container_cpu_system_seconds_total,0.611
1745322123,kashef-k8s-ctl.user-memcached-59687c864d-wdcgs,container_cpu_system_seconds_total,0.099
1745322123,kashef-k8s-ctl.media-frontend-6b66b95ff4-42hwg,container_cpu_system_seconds_total,5.992
1745322123,kashef-k8s-w1.home-timeline-service-5754ffbc6d-kntl9,container_cpu_system_seconds_total,0.076
1745322123,kashef-k8s-w1.temp-debug-alt,container_cpu_system_seconds_total,0.089
1745322123,kashef-k8s-ctl.unique-id-service-694497b678-2p45f,container_cpu_system_seconds_total,0.066
1745322123,kashef-k8s-w1.nginx-thrift-79478f9bf5-5zdh4,container_cpu_system_seconds_total,6.007
1745322123,kashef-k8s-w1.social-graph-service-677dbc655c-sg995,container_cpu_system_seconds_total,0.083
1745322123,kashef-k8s-ctl.post-storage-mongodb-5579669d8c-nfwpl,container_cpu_system_seconds_total,0.349
1745322123,kashef-k8s-ctl.user-mention-service-5c4f566c5-qlj9z,container_cpu_system_seconds_total,0.074
1745322123,kashef-k8s-w1.user-timeline-mongodb-6758898d48-4w2f2,container_cpu_system_seconds_total,0.609
1745322123,kashef-k8s-w1.post-storage-service-66c9966f5f-n629t,container_cpu_system_seconds_total,0.077
1745322123,kashef-k8s-w1.url-shorten-service-66949ddcc4-468ds,container_cpu_system_seconds_total,0.06
1745322123,kashef-k8s-w1.social-graph-redis-5bbd5b7458-7fcvv,container_cpu_system_seconds_total,0.401
1745322126,kashef-k8s-w1.url-shorten-service-66949ddcc4-468ds,container_cpu_system_seconds_total,0.06
1745322126,kashef-k8s-w1.social-graph-mongodb-55df767ff5-wwlmr,container_cpu_system_seconds_total,0.611
1745322126,kashef-k8s-ctl.post-storage-mongodb-5579669d8c-nfwpl,container_cpu_system_seconds_total,0.349
1745322126,kashef-k8s-w1.user-mongodb-7745bbd78-kqpbp,container_cpu_system_seconds_total,0.531
1745322126,kashef-k8s-w1.home-timeline-redis-6c6647df6f-dv494,container_cpu_system_seconds_total,0.383
1745322126,kashef-k8s-ctl.media-frontend-6b66b95ff4-42hwg,container_cpu_system_seconds_total,5.992
1745322126,kashef-k8s-w1.social-graph-service-677dbc655c-sg995,container_cpu_system_seconds_total,0.083
1745322126,kashef-k8s-w1.nginx-thrift-79478f9bf5-5zdh4,container_cpu_system_seconds_total,6.007
1745322126,kashef-k8s-ctl.media-service-6c665c775d-m5vf4,container_cpu_system_seconds_total,0.064
1745322126,kashef-k8s-ctl.compose-post-service-f587bf89d-dd7kf,container_cpu_system_seconds_total,0.109
1745322126,kashef-k8s-w1.user-service-547b88cd8f-lp8p9,container_cpu_system_seconds_total,0.095
1745322126,kashef-k8s-w1.media-mongodb-7b64c59567-pm2pj,container_cpu_system_seconds_total,0.533
1745322126,kashef-k8s-w1.media-memcached-7889bdfdfb-4hjbd,container_cpu_system_seconds_total,0.091
1745322126,kashef-k8s-ctl.url-shorten-memcached-6546746864-btbq8,container_cpu_system_seconds_total,0.058
1745322126,kashef-k8s-ctl.user-timeline-service-664c7f6696-hz5xq,container_cpu_system_seconds_total,0.06
1745322126,kashef-k8s-ctl.user-mention-service-5c4f566c5-qlj9z,container_cpu_system_seconds_total,0.074
1745322126,kashef-k8s-ctl.jaeger-67997f9775-8jsbw,container_cpu_system_seconds_total,0.148
1745322126,kashef-k8s-w1.user-timeline-mongodb-6758898d48-4w2f2,container_cpu_system_seconds_total,0.609
1745322126,kashef-k8s-w1.social-graph-redis-5bbd5b7458-7fcvv,container_cpu_system_seconds_total,0.401
1745322126,kashef-k8s-w1.temp-debug-alt,container_cpu_system_seconds_total,0.089
1745322126,kashef-k8s-w1.home-timeline-service-5754ffbc6d-kntl9,container_cpu_system_seconds_total,0.076
1745322126,kashef-k8s-w1.user-timeline-redis-67cc95bc57-2zhdt,container_cpu_system_seconds_total,0.414
1745322126,kashef-k8s-ctl.user-memcached-59687c864d-wdcgs,container_cpu_system_seconds_total,0.099
1745322126,kashef-k8s-w1.post-storage-service-66c9966f5f-n629t,container_cpu_system_seconds_total,0.077
1745322126,kashef-k8s-ctl.text-service-fff64b8bf-wp774,container_cpu_system_seconds_total,0.07
1745322126,kashef-k8s-ctl.unique-id-service-694497b678-2p45f,container_cpu_system_seconds_total,0.066
1745322126,kashef-k8s-ctl.url-shorten-mongodb-57c886d5f8-jqtpp,container_cpu_system_seconds_total,0.387
1745322126,kashef-k8s-ctl.post-storage-memcached-6b75788fc6-5wwtc,container_cpu_system_seconds_total,0.089
1745322129,kashef-k8s-w1.home-timeline-redis-6c6647df6f-dv494,container_cpu_system_seconds_total,0.383
1745322129,kashef-k8s-ctl.media-frontend-6b66b95ff4-42hwg,container_cpu_system_seconds_total,5.992
1745322129,kashef-k8s-w1.nginx-thrift-79478f9bf5-5zdh4,container_cpu_system_seconds_total,6.007
1745322129,kashef-k8s-ctl.post-storage-mongodb-5579669d8c-nfwpl,container_cpu_system_seconds_total,0.349
1745322129,kashef-k8s-w1.user-service-547b88cd8f-lp8p9,container_cpu_system_seconds_total,0.095
1745322129,kashef-k8s-ctl.jaeger-67997f9775-8jsbw,container_cpu_system_seconds_total,0.15
1745322129,kashef-k8s-w1.media-mongodb-7b64c59567-pm2pj,container_cpu_system_seconds_total,0.533
1745322129,kashef-k8s-ctl.media-service-6c665c775d-m5vf4,container_cpu_system_seconds_total,0.064
1745322129,kashef-k8s-ctl.user-mention-service-5c4f566c5-qlj9z,container_cpu_system_seconds_total,0.074
1745322129,kashef-k8s-w1.social-graph-service-677dbc655c-sg995,container_cpu_system_seconds_total,0.083
1745322129,kashef-k8s-ctl.user-timeline-service-664c7f6696-hz5xq,container_cpu_system_seconds_total,0.06
1745322129,kashef-k8s-ctl.url-shorten-memcached-6546746864-btbq8,container_cpu_system_seconds_total,0.06
1745322129,kashef-k8s-w1.user-mongodb-7745bbd78-kqpbp,container_cpu_system_seconds_total,0.531
1745322129,kashef-k8s-w1.user-timeline-redis-67cc95bc57-2zhdt,container_cpu_system_seconds_total,0.414
1745322129,kashef-k8s-w1.social-graph-mongodb-55df767ff5-wwlmr,container_cpu_system_seconds_total,0.611
1745322129,kashef-k8s-ctl.post-storage-memcached-6b75788fc6-5wwtc,container_cpu_system_seconds_total,0.093
1745322129,kashef-k8s-w1.media-memcached-7889bdfdfb-4hjbd,container_cpu_system_seconds_total,0.091
1745322129,kashef-k8s-ctl.unique-id-service-694497b678-2p45f,container_cpu_system_seconds_total,0.066
1745322129,kashef-k8s-w1.home-timeline-service-5754ffbc6d-kntl9,container_cpu_system_seconds_total,0.076
1745322129,kashef-k8s-ctl.compose-post-service-f587bf89d-dd7kf,container_cpu_system_seconds_total,0.109
1745322129,kashef-k8s-w1.social-graph-redis-5bbd5b7458-7fcvv,container_cpu_system_seconds_total,0.401
1745322129,kashef-k8s-w1.url-shorten-service-66949ddcc4-468ds,container_cpu_system_seconds_total,0.06
1745322129,kashef-k8s-w1.temp-debug-alt,container_cpu_system_seconds_total,0.089
1745322129,kashef-k8s-ctl.text-service-fff64b8bf-wp774,container_cpu_system_seconds_total,0.07
1745322129,kashef-k8s-ctl.url-shorten-mongodb-57c886d5f8-jqtpp,container_cpu_system_seconds_total,0.387
1745322129,kashef-k8s-w1.user-timeline-mongodb-6758898d48-4w2f2,container_cpu_system_seconds_total,0.609
1745322129,kashef-k8s-ctl.user-memcached-59687c864d-wdcgs,container_cpu_system_seconds_total,0.099
1745322129,kashef-k8s-w1.post-storage-service-66c9966f5f-n629t,container_cpu_system_seconds_total,0.077
1745322132,kashef-k8s-w1.home-timeline-service-5754ffbc6d-kntl9,container_cpu_system_seconds_total,0.076
1745322132,kashef-k8s-ctl.compose-post-service-f587bf89d-dd7kf,container_cpu_system_seconds_total,0.109
1745322132,kashef-k8s-w1.user-mongodb-7745bbd78-kqpbp,container_cpu_system_seconds_total,0.531
1745322132,kashef-k8s-w1.url-shorten-service-66949ddcc4-468ds,container_cpu_system_seconds_total,0.06
1745322132,kashef-k8s-ctl.media-service-6c665c775d-m5vf4,container_cpu_system_seconds_total,0.064
1745322132,kashef-k8s-w1.social-graph-redis-5bbd5b7458-7fcvv,container_cpu_system_seconds_total,0.401
1745322132,kashef-k8s-w1.home-timeline-redis-6c6647df6f-dv494,container_cpu_system_seconds_total,0.383
1745322132,kashef-k8s-ctl.text-service-fff64b8bf-wp774,container_cpu_system_seconds_total,0.07
1745322132,kashef-k8s-ctl.url-shorten-memcached-6546746864-btbq8,container_cpu_system_seconds_total,0.06
1745322132,kashef-k8s-ctl.user-mention-service-5c4f566c5-qlj9z,container_cpu_system_seconds_total,0.074
1745322132,kashef-k8s-w1.user-service-547b88cd8f-lp8p9,container_cpu_system_seconds_total,0.095
1745322132,kashef-k8s-w1.media-memcached-7889bdfdfb-4hjbd,container_cpu_system_seconds_total,0.091
1745322132,kashef-k8s-w1.temp-debug-alt,container_cpu_system_seconds_total,0.089
1745322132,kashef-k8s-ctl.unique-id-service-694497b678-2p45f,container_cpu_system_seconds_total,0.066
1745322132,kashef-k8s-w1.user-timeline-mongodb-6758898d48-4w2f2,container_cpu_system_seconds_total,0.609
1745322132,kashef-k8s-w1.user-timeline-redis-67cc95bc57-2zhdt,container_cpu_system_seconds_total,0.414
1745322132,kashef-k8s-w1.social-graph-service-677dbc655c-sg995,container_cpu_system_seconds_total,0.083
1745322132,kashef-k8s-ctl.post-storage-memcached-6b75788fc6-5wwtc,container_cpu_system_seconds_total,0.093
1745322132,kashef-k8s-w1.media-mongodb-7b64c59567-pm2pj,container_cpu_system_seconds_total,0.533
1745322132,kashef-k8s-w1.nginx-thrift-79478f9bf5-5zdh4,container_cpu_system_seconds_total,6.007
1745322132,kashef-k8s-ctl.url-shorten-mongodb-57c886d5f8-jqtpp,container_cpu_system_seconds_total,0.387
1745322132,kashef-k8s-w1.social-graph-mongodb-55df767ff5-wwlmr,container_cpu_system_seconds_total,0.611
1745322132,kashef-k8s-ctl.user-memcached-59687c864d-wdcgs,container_cpu_system_seconds_total,0.103
1745322132,kashef-k8s-w1.post-storage-service-66c9966f5f-n629t,container_cpu_system_seconds_total,0.077
1745322132,kashef-k8s-ctl.user-timeline-service-664c7f6696-hz5xq,container_cpu_system_seconds_total,0.06
1745322132,kashef-k8s-ctl.media-frontend-6b66b95ff4-42hwg,container_cpu_system_seconds_total,5.992
1745322132,kashef-k8s-ctl.jaeger-67997f9775-8jsbw,container_cpu_system_seconds_total,0.15
1745322132,kashef-k8s-ctl.post-storage-mongodb-5579669d8c-nfwpl,container_cpu_system_seconds_total,0.349
1745322135,kashef-k8s-w1.social-graph-redis-5bbd5b7458-7fcvv,container_cpu_system_seconds_total,0.401
1745322135,kashef-k8s-ctl.url-shorten-memcached-6546746864-btbq8,container_cpu_system_seconds_total,0.06
1745322135,kashef-k8s-ctl.text-service-fff64b8bf-wp774,container_cpu_system_seconds_total,0.07
1745322135,kashef-k8s-w1.home-timeline-redis-6c6647df6f-dv494,container_cpu_system_seconds_total,0.383
1745322135,kashef-k8s-ctl.url-shorten-mongodb-57c886d5f8-jqtpp,container_cpu_system_seconds_total,0.425
1745322135,kashef-k8s-ctl.media-frontend-6b66b95ff4-42hwg,container_cpu_system_seconds_total,5.992
1745322135,kashef-k8s-ctl.unique-id-service-694497b678-2p45f,container_cpu_system_seconds_total,0.066
1745322135,kashef-k8s-w1.temp-debug-alt,container_cpu_system_seconds_total,0.089
1745322135,kashef-k8s-w1.media-memcached-7889bdfdfb-4hjbd,container_cpu_system_seconds_total,0.091
1745322135,kashef-k8s-w1.user-timeline-redis-67cc95bc57-2zhdt,container_cpu_system_seconds_total,0.414
1745322135,kashef-k8s-ctl.media-service-6c665c775d-m5vf4,container_cpu_system_seconds_total,0.065
1745322135,kashef-k8s-w1.user-timeline-mongodb-6758898d48-4w2f2,container_cpu_system_seconds_total,0.609
1745322135,kashef-k8s-w1.user-mongodb-7745bbd78-kqpbp,container_cpu_system_seconds_total,0.531
1745322135,kashef-k8s-w1.url-shorten-service-66949ddcc4-468ds,container_cpu_system_seconds_total,0.06
1745322135,kashef-k8s-w1.home-timeline-service-5754ffbc6d-kntl9,container_cpu_system_seconds_total,0.076
1745322135,kashef-k8s-ctl.compose-post-service-f587bf89d-dd7kf,container_cpu_system_seconds_total,0.11
1745322135,kashef-k8s-ctl.jaeger-67997f9775-8jsbw,container_cpu_system_seconds_total,0.15
1745322135,kashef-k8s-w1.user-service-547b88cd8f-lp8p9,container_cpu_system_seconds_total,0.095
1745322135,kashef-k8s-ctl.user-mention-service-5c4f566c5-qlj9z,container_cpu_system_seconds_total,0.074
1745322135,kashef-k8s-ctl.post-storage-mongodb-5579669d8c-nfwpl,container_cpu_system_seconds_total,0.349
1745322135,kashef-k8s-w1.nginx-thrift-79478f9bf5-5zdh4,container_cpu_system_seconds_total,6.007
1745322135,kashef-k8s-ctl.post-storage-memcached-6b75788fc6-5wwtc,container_cpu_system_seconds_total,0.093
1745322135,kashef-k8s-w1.social-graph-service-677dbc655c-sg995,container_cpu_system_seconds_total,0.083
1745322135,kashef-k8s-ctl.user-timeline-service-664c7f6696-hz5xq,container_cpu_system_seconds_total,0.06
1745322135,kashef-k8s-w1.social-graph-mongodb-55df767ff5-wwlmr,container_cpu_system_seconds_total,0.611
1745322135,kashef-k8s-w1.media-mongodb-7b64c59567-pm2pj,container_cpu_system_seconds_total,0.533
1745322135,kashef-k8s-w1.post-storage-service-66c9966f5f-n629t,container_cpu_system_seconds_total,0.077
1745322135,kashef-k8s-ctl.user-memcached-59687c864d-wdcgs,container_cpu_system_seconds_total,0.103
1745322138,kashef-k8s-ctl.text-service-fff64b8bf-wp774,container_cpu_system_seconds_total,0.071
1745322138,kashef-k8s-ctl.user-memcached-59687c864d-wdcgs,container_cpu_system_seconds_total,0.103
1745322138,kashef-k8s-w1.url-shorten-service-66949ddcc4-468ds,container_cpu_system_seconds_total,0.06
1745322138,kashef-k8s-w1.social-graph-mongodb-55df767ff5-wwlmr,container_cpu_system_seconds_total,0.611
1745322138,kashef-k8s-w1.media-mongodb-7b64c59567-pm2pj,container_cpu_system_seconds_total,0.533
1745322138,kashef-k8s-ctl.user-timeline-service-664c7f6696-hz5xq,container_cpu_system_seconds_total,0.06
1745322138,kashef-k8s-w1.nginx-thrift-79478f9bf5-5zdh4,container_cpu_system_seconds_total,6.007
1745322138,kashef-k8s-w1.post-storage-service-66c9966f5f-n629t,container_cpu_system_seconds_total,0.077
1745322138,kashef-k8s-w1.social-graph-service-677dbc655c-sg995,container_cpu_system_seconds_total,0.083
1745322138,kashef-k8s-ctl.url-shorten-mongodb-57c886d5f8-jqtpp,container_cpu_system_seconds_total,0.425
1745322138,kashef-k8s-w1.temp-debug-alt,container_cpu_system_seconds_total,0.089
1745322138,kashef-k8s-w1.user-service-547b88cd8f-lp8p9,container_cpu_system_seconds_total,0.095
1745322138,kashef-k8s-ctl.user-mention-service-5c4f566c5-qlj9z,container_cpu_system_seconds_total,0.076
1745322138,kashef-k8s-ctl.post-storage-mongodb-5579669d8c-nfwpl,container_cpu_system_seconds_total,0.372
1745322138,kashef-k8s-ctl.jaeger-67997f9775-8jsbw,container_cpu_system_seconds_total,0.15
1745322138,kashef-k8s-ctl.post-storage-memcached-6b75788fc6-5wwtc,container_cpu_system_seconds_total,0.093
1745322138,kashef-k8s-w1.user-timeline-mongodb-6758898d48-4w2f2,container_cpu_system_seconds_total,0.609
1745322138,kashef-k8s-w1.social-graph-redis-5bbd5b7458-7fcvv,container_cpu_system_seconds_total,0.401
1745322138,kashef-k8s-w1.home-timeline-redis-6c6647df6f-dv494,container_cpu_system_seconds_total,0.383
1745322138,kashef-k8s-w1.user-timeline-redis-67cc95bc57-2zhdt,container_cpu_system_seconds_total,0.414
1745322138,kashef-k8s-ctl.url-shorten-memcached-6546746864-btbq8,container_cpu_system_seconds_total,0.06
1745322138,kashef-k8s-w1.user-mongodb-7745bbd78-kqpbp,container_cpu_system_seconds_total,0.531
1745322138,kashef-k8s-ctl.compose-post-service-f587bf89d-dd7kf,container_cpu_system_seconds_total,0.11
1745322138,kashef-k8s-w1.home-timeline-service-5754ffbc6d-kntl9,container_cpu_system_seconds_total,0.076
1745322138,kashef-k8s-ctl.unique-id-service-694497b678-2p45f,container_cpu_system_seconds_total,0.066
1745322138,kashef-k8s-ctl.media-service-6c665c775d-m5vf4,container_cpu_system_seconds_total,0.065
1745322138,kashef-k8s-w1.media-memcached-7889bdfdfb-4hjbd,container_cpu_system_seconds_total,0.091
1745322138,kashef-k8s-ctl.media-frontend-6b66b95ff4-42hwg,container_cpu_system_seconds_total,5.992
1745322141,kashef-k8s-ctl.user-timeline-service-664c7f6696-hz5xq,container_cpu_system_seconds_total,0.062
1745322141,kashef-k8s-w1.media-mongodb-7b64c59567-pm2pj,container_cpu_system_seconds_total,0.603
1745322141,kashef-k8s-w1.post-storage-service-66c9966f5f-n629t,container_cpu_system_seconds_total,0.077
1745322141,kashef-k8s-w1.nginx-thrift-79478f9bf5-5zdh4,container_cpu_system_seconds_total,6.007
1745322141,kashef-k8s-w1.temp-debug-alt,container_cpu_system_seconds_total,0.089
1745322141,kashef-k8s-ctl.url-shorten-mongodb-57c886d5f8-jqtpp,container_cpu_system_seconds_total,0.425
1745322141,kashef-k8s-ctl.post-storage-mongodb-5579669d8c-nfwpl,container_cpu_system_seconds_total,0.372
1745322141,kashef-k8s-w1.social-graph-service-677dbc655c-sg995,container_cpu_system_seconds_total,0.083
1745322141,kashef-k8s-ctl.unique-id-service-694497b678-2p45f,container_cpu_system_seconds_total,0.066
1745322141,kashef-k8s-ctl.post-storage-memcached-6b75788fc6-5wwtc,container_cpu_system_seconds_total,0.093
1745322141,kashef-k8s-ctl.jaeger-67997f9775-8jsbw,container_cpu_system_seconds_total,0.15
1745322141,kashef-k8s-ctl.user-mention-service-5c4f566c5-qlj9z,container_cpu_system_seconds_total,0.076
1745322141,kashef-k8s-w1.url-shorten-service-66949ddcc4-468ds,container_cpu_system_seconds_total,0.06
1745322141,kashef-k8s-w1.social-graph-mongodb-55df767ff5-wwlmr,container_cpu_system_seconds_total,0.611
1745322141,kashef-k8s-ctl.text-service-fff64b8bf-wp774,container_cpu_system_seconds_total,0.071
1745322141,kashef-k8s-ctl.user-memcached-59687c864d-wdcgs,container_cpu_system_seconds_total,0.103
1745322141,kashef-k8s-ctl.media-service-6c665c775d-m5vf4,container_cpu_system_seconds_total,0.065
1745322141,kashef-k8s-w1.media-memcached-7889bdfdfb-4hjbd,container_cpu_system_seconds_total,0.091
1745322141,kashef-k8s-ctl.media-frontend-6b66b95ff4-42hwg,container_cpu_system_seconds_total,5.992
1745322141,kashef-k8s-w1.user-service-547b88cd8f-lp8p9,container_cpu_system_seconds_total,0.095
1745322141,kashef-k8s-w1.home-timeline-redis-6c6647df6f-dv494,container_cpu_system_seconds_total,0.383
1745322141,kashef-k8s-w1.user-timeline-redis-67cc95bc57-2zhdt,container_cpu_system_seconds_total,0.414
1745322141,kashef-k8s-w1.user-timeline-mongodb-6758898d48-4w2f2,container_cpu_system_seconds_total,0.636
1745322141,kashef-k8s-w1.social-graph-redis-5bbd5b7458-7fcvv,container_cpu_system_seconds_total,0.401
1745322141,kashef-k8s-w1.user-mongodb-7745bbd78-kqpbp,container_cpu_system_seconds_total,0.531
1745322141,kashef-k8s-ctl.url-shorten-memcached-6546746864-btbq8,container_cpu_system_seconds_total,0.06
1745322141,kashef-k8s-w1.home-timeline-service-5754ffbc6d-kntl9,container_cpu_system_seconds_total,0.076
1745322141,kashef-k8s-ctl.compose-post-service-f587bf89d-dd7kf,container_cpu_system_seconds_total,0.11
1745322144,kashef-k8s-ctl.text-service-fff64b8bf-wp774,container_cpu_system_seconds_total,0.071
1745322144,kashef-k8s-ctl.unique-id-service-694497b678-2p45f,container_cpu_system_seconds_total,0.066
1745322144,kashef-k8s-ctl.post-storage-mongodb-5579669d8c-nfwpl,container_cpu_system_seconds_total,0.372
1745322144,kashef-k8s-ctl.compose-post-service-f587bf89d-dd7kf,container_cpu_system_seconds_total,0.11
1745322144,kashef-k8s-w1.home-timeline-service-5754ffbc6d-kntl9,container_cpu_system_seconds_total,0.076
1745322144,kashef-k8s-ctl.url-shorten-memcached-6546746864-btbq8,container_cpu_system_seconds_total,0.06
1745322144,kashef-k8s-w1.nginx-thrift-79478f9bf5-5zdh4,container_cpu_system_seconds_total,6.007
1745322144,kashef-k8s-ctl.user-timeline-service-664c7f6696-hz5xq,container_cpu_system_seconds_total,0.062
1745322144,kashef-k8s-ctl.media-frontend-6b66b95ff4-42hwg,container_cpu_system_seconds_total,5.992
1745322144,kashef-k8s-ctl.jaeger-67997f9775-8jsbw,container_cpu_system_seconds_total,0.15
1745322144,kashef-k8s-w1.media-memcached-7889bdfdfb-4hjbd,container_cpu_system_seconds_total,0.091
1745322144,kashef-k8s-ctl.user-mention-service-5c4f566c5-qlj9z,container_cpu_system_seconds_total,0.076
1745322144,kashef-k8s-w1.social-graph-mongodb-55df767ff5-wwlmr,container_cpu_system_seconds_total,0.611
1745322144,kashef-k8s-ctl.media-service-6c665c775d-m5vf4,container_cpu_system_seconds_total,0.065
1745322144,kashef-k8s-w1.user-timeline-redis-67cc95bc57-2zhdt,container_cpu_system_seconds_total,0.432
1745322144,kashef-k8s-w1.home-timeline-redis-6c6647df6f-dv494,container_cpu_system_seconds_total,0.383
1745322144,kashef-k8s-w1.post-storage-service-66c9966f5f-n629t,container_cpu_system_seconds_total,0.077
1745322144,kashef-k8s-w1.social-graph-redis-5bbd5b7458-7fcvv,container_cpu_system_seconds_total,0.401
1745322144,kashef-k8s-w1.url-shorten-service-66949ddcc4-468ds,container_cpu_system_seconds_total,0.06
1745322144,kashef-k8s-w1.social-graph-service-677dbc655c-sg995,container_cpu_system_seconds_total,0.083
1745322144,kashef-k8s-ctl.post-storage-memcached-6b75788fc6-5wwtc,container_cpu_system_seconds_total,0.093
1745322144,kashef-k8s-ctl.user-memcached-59687c864d-wdcgs,container_cpu_system_seconds_total,0.103
1745322144,kashef-k8s-w1.user-mongodb-7745bbd78-kqpbp,container_cpu_system_seconds_total,0.531
1745322144,kashef-k8s-w1.media-mongodb-7b64c59567-pm2pj,container_cpu_system_seconds_total,0.603
1745322144,kashef-k8s-ctl.url-shorten-mongodb-57c886d5f8-jqtpp,container_cpu_system_seconds_total,0.425
1745322144,kashef-k8s-w1.user-service-547b88cd8f-lp8p9,container_cpu_system_seconds_total,0.137
1745322144,kashef-k8s-w1.user-timeline-mongodb-6758898d48-4w2f2,container_cpu_system_seconds_total,0.636
1745322144,kashef-k8s-w1.temp-debug-alt,container_cpu_system_seconds_total,0.089
1745322147,kashef-k8s-w1.post-storage-service-66c9966f5f-n629t,container_cpu_system_seconds_total,0.077
1745322147,kashef-k8s-w1.user-timeline-redis-67cc95bc57-2zhdt,container_cpu_system_seconds_total,0.432
1745322147,kashef-k8s-w1.home-timeline-service-5754ffbc6d-kntl9,container_cpu_system_seconds_total,0.076
1745322147,kashef-k8s-w1.nginx-thrift-79478f9bf5-5zdh4,container_cpu_system_seconds_total,6.007
1745322147,kashef-k8s-w1.media-memcached-7889bdfdfb-4hjbd,container_cpu_system_seconds_total,0.098
1745322147,kashef-k8s-ctl.user-timeline-service-664c7f6696-hz5xq,container_cpu_system_seconds_total,0.062
1745322147,kashef-k8s-ctl.user-mention-service-5c4f566c5-qlj9z,container_cpu_system_seconds_total,0.076
1745322147,kashef-k8s-ctl.jaeger-67997f9775-8jsbw,container_cpu_system_seconds_total,0.15
1745322147,kashef-k8s-w1.home-timeline-redis-6c6647df6f-dv494,container_cpu_system_seconds_total,0.383
1745322147,kashef-k8s-ctl.url-shorten-memcached-6546746864-btbq8,container_cpu_system_seconds_total,0.06
1745322147,kashef-k8s-ctl.media-service-6c665c775d-m5vf4,container_cpu_system_seconds_total,0.065
1745322147,kashef-k8s-ctl.text-service-fff64b8bf-wp774,container_cpu_system_seconds_total,0.071
1745322147,kashef-k8s-ctl.compose-post-service-f587bf89d-dd7kf,container_cpu_system_seconds_total,0.11
1745322147,kashef-k8s-w1.url-shorten-service-66949ddcc4-468ds,container_cpu_system_seconds_total,0.06
1745322147,kashef-k8s-w1.user-mongodb-7745bbd78-kqpbp,container_cpu_system_seconds_total,0.531
1745322147,kashef-k8s-ctl.post-storage-memcached-6b75788fc6-5wwtc,container_cpu_system_seconds_total,0.093
1745322147,kashef-k8s-ctl.unique-id-service-694497b678-2p45f,container_cpu_system_seconds_total,0.066
1745322147,kashef-k8s-w1.user-service-547b88cd8f-lp8p9,container_cpu_system_seconds_total,0.137
1745322147,kashef-k8s-w1.temp-debug-alt,container_cpu_system_seconds_total,0.089
1745322147,kashef-k8s-ctl.media-frontend-6b66b95ff4-42hwg,container_cpu_system_seconds_total,5.992
1745322147,kashef-k8s-w1.social-graph-redis-5bbd5b7458-7fcvv,container_cpu_system_seconds_total,0.401
1745322147,kashef-k8s-w1.social-graph-mongodb-55df767ff5-wwlmr,container_cpu_system_seconds_total,0.653
1745322147,kashef-k8s-ctl.post-storage-mongodb-5579669d8c-nfwpl,container_cpu_system_seconds_total,0.372
1745322147,kashef-k8s-w1.social-graph-service-677dbc655c-sg995,container_cpu_system_seconds_total,0.083
1745322147,kashef-k8s-ctl.url-shorten-mongodb-57c886d5f8-jqtpp,container_cpu_system_seconds_total,0.425
1745322147,kashef-k8s-w1.user-timeline-mongodb-6758898d48-4w2f2,container_cpu_system_seconds_total,0.636
1745322147,kashef-k8s-w1.media-mongodb-7b64c59567-pm2pj,container_cpu_system_seconds_total,0.603
1745322147,kashef-k8s-ctl.user-memcached-59687c864d-wdcgs,container_cpu_system_seconds_total,0.103
1745322150,kashef-k8s-w1.media-mongodb-7b64c59567-pm2pj,container_cpu_system_seconds_total,0.603
1745322150,kashef-k8s-w1.social-graph-mongodb-55df767ff5-wwlmr,container_cpu_system_seconds_total,0.653
1745322150,kashef-k8s-ctl.user-memcached-59687c864d-wdcgs,container_cpu_system_seconds_total,0.103
1745322150,kashef-k8s-w1.social-graph-redis-5bbd5b7458-7fcvv,container_cpu_system_seconds_total,0.401
1745322150,kashef-k8s-w1.home-timeline-service-5754ffbc6d-kntl9,container_cpu_system_seconds_total,0.076
1745322150,kashef-k8s-ctl.unique-id-service-694497b678-2p45f,container_cpu_system_seconds_total,0.066
1745322150,kashef-k8s-w1.social-graph-service-677dbc655c-sg995,container_cpu_system_seconds_total,0.083
1745322150,kashef-k8s-ctl.post-storage-mongodb-5579669d8c-nfwpl,container_cpu_system_seconds_total,0.372
1745322150,kashef-k8s-w1.user-timeline-mongodb-6758898d48-4w2f2,container_cpu_system_seconds_total,0.636
1745322150,kashef-k8s-ctl.media-service-6c665c775d-m5vf4,container_cpu_system_seconds_total,0.065
1745322150,kashef-k8s-ctl.user-timeline-service-664c7f6696-hz5xq,container_cpu_system_seconds_total,0.062
1745322150,kashef-k8s-w1.media-memcached-7889bdfdfb-4hjbd,container_cpu_system_seconds_total,0.098
1745322150,kashef-k8s-w1.user-service-547b88cd8f-lp8p9,container_cpu_system_seconds_total,0.137
1745322150,kashef-k8s-ctl.media-frontend-6b66b95ff4-42hwg,container_cpu_system_seconds_total,5.992
1745322150,kashef-k8s-ctl.jaeger-67997f9775-8jsbw,container_cpu_system_seconds_total,0.15
1745322150,kashef-k8s-ctl.url-shorten-memcached-6546746864-btbq8,container_cpu_system_seconds_total,0.06
1745322150,kashef-k8s-w1.user-timeline-redis-67cc95bc57-2zhdt,container_cpu_system_seconds_total,0.432
1745322150,kashef-k8s-ctl.url-shorten-mongodb-57c886d5f8-jqtpp,container_cpu_system_seconds_total,0.425
1745322150,kashef-k8s-w1.post-storage-service-66c9966f5f-n629t,container_cpu_system_seconds_total,0.077
1745322150,kashef-k8s-w1.nginx-thrift-79478f9bf5-5zdh4,container_cpu_system_seconds_total,6.007
1745322150,kashef-k8s-w1.home-timeline-redis-6c6647df6f-dv494,container_cpu_system_seconds_total,0.383
1745322150,kashef-k8s-ctl.post-storage-memcached-6b75788fc6-5wwtc,container_cpu_system_seconds_total,0.093
1745322150,kashef-k8s-w1.user-mongodb-7745bbd78-kqpbp,container_cpu_system_seconds_total,0.59
1745322150,kashef-k8s-ctl.user-mention-service-5c4f566c5-qlj9z,container_cpu_system_seconds_total,0.076
1745322150,kashef-k8s-ctl.compose-post-service-f587bf89d-dd7kf,container_cpu_system_seconds_total,0.11
1745322150,kashef-k8s-w1.temp-debug-alt,container_cpu_system_seconds_total,0.089
1745322150,kashef-k8s-w1.url-shorten-service-66949ddcc4-468ds,container_cpu_system_seconds_total,0.061
1745322150,kashef-k8s-ctl.text-service-fff64b8bf-wp774,container_cpu_system_seconds_total,0.071
1745322153,kashef-k8s-w1.temp-debug-alt,container_cpu_system_seconds_total,0.089
1745322153,kashef-k8s-w1.url-shorten-service-66949ddcc4-468ds,container_cpu_system_seconds_total,0.061
1745322153,kashef-k8s-w1.nginx-thrift-79478f9bf5-5zdh4,container_cpu_system_seconds_total,6.007
1745322153,kashef-k8s-w1.home-timeline-redis-6c6647df6f-dv494,container_cpu_system_seconds_total,0.422
1745322153,kashef-k8s-ctl.post-storage-mongodb-5579669d8c-nfwpl,container_cpu_system_seconds_total,0.372
1745322153,kashef-k8s-ctl.user-mention-service-5c4f566c5-qlj9z,container_cpu_system_seconds_total,0.076
1745322153,kashef-k8s-w1.home-timeline-service-5754ffbc6d-kntl9,container_cpu_system_seconds_total,0.076
1745322153,kashef-k8s-w1.post-storage-service-66c9966f5f-n629t,container_cpu_system_seconds_total,0.077
1745322153,kashef-k8s-ctl.url-shorten-mongodb-57c886d5f8-jqtpp,container_cpu_system_seconds_total,0.425
1745322153,kashef-k8s-ctl.compose-post-service-f587bf89d-dd7kf,container_cpu_system_seconds_total,0.11
1745322153,kashef-k8s-ctl.post-storage-memcached-6b75788fc6-5wwtc,container_cpu_system_seconds_total,0.093
1745322153,kashef-k8s-ctl.media-service-6c665c775d-m5vf4,container_cpu_system_seconds_total,0.065
1745322153,kashef-k8s-w1.user-timeline-redis-67cc95bc57-2zhdt,container_cpu_system_seconds_total,0.432
1745322153,kashef-k8s-w1.user-mongodb-7745bbd78-kqpbp,container_cpu_system_seconds_total,0.59
1745322153,kashef-k8s-ctl.url-shorten-memcached-6546746864-btbq8,container_cpu_system_seconds_total,0.06
1745322153,kashef-k8s-ctl.media-frontend-6b66b95ff4-42hwg,container_cpu_system_seconds_total,5.992
1745322153,kashef-k8s-w1.media-memcached-7889bdfdfb-4hjbd,container_cpu_system_seconds_total,0.098
1745322153,kashef-k8s-w1.user-service-547b88cd8f-lp8p9,container_cpu_system_seconds_total,0.137
1745322153,kashef-k8s-w1.user-timeline-mongodb-6758898d48-4w2f2,container_cpu_system_seconds_total,0.636
1745322153,kashef-k8s-w1.social-graph-service-677dbc655c-sg995,container_cpu_system_seconds_total,0.083
1745322153,kashef-k8s-ctl.jaeger-67997f9775-8jsbw,container_cpu_system_seconds_total,0.15
1745322153,kashef-k8s-ctl.user-timeline-service-664c7f6696-hz5xq,container_cpu_system_seconds_total,0.062
1745322153,kashef-k8s-ctl.unique-id-service-694497b678-2p45f,container_cpu_system_seconds_total,0.066
1745322153,kashef-k8s-w1.social-graph-mongodb-55df767ff5-wwlmr,container_cpu_system_seconds_total,0.653
1745322153,kashef-k8s-ctl.user-memcached-59687c864d-wdcgs,container_cpu_system_seconds_total,0.103
1745322153,kashef-k8s-w1.media-mongodb-7b64c59567-pm2pj,container_cpu_system_seconds_total,0.603
1745322153,kashef-k8s-w1.social-graph-redis-5bbd5b7458-7fcvv,container_cpu_system_seconds_total,0.45
1745322153,kashef-k8s-ctl.text-service-fff64b8bf-wp774,container_cpu_system_seconds_total,0.071
1745322156,kashef-k8s-ctl.user-memcached-59687c864d-wdcgs,container_cpu_system_seconds_total,0.103
1745322156,kashef-k8s-w1.social-graph-redis-5bbd5b7458-7fcvv,container_cpu_system_seconds_total,0.45
1745322156,kashef-k8s-ctl.text-service-fff64b8bf-wp774,container_cpu_system_seconds_total,0.071
1745322156,kashef-k8s-ctl.url-shorten-memcached-6546746864-btbq8,container_cpu_system_seconds_total,0.06
1745322156,kashef-k8s-w1.media-memcached-7889bdfdfb-4hjbd,container_cpu_system_seconds_total,0.098
1745322156,kashef-k8s-w1.user-service-547b88cd8f-lp8p9,container_cpu_system_seconds_total,0.137
1745322156,kashef-k8s-w1.social-graph-mongodb-55df767ff5-wwlmr,container_cpu_system_seconds_total,0.653
1745322156,kashef-k8s-ctl.post-storage-mongodb-5579669d8c-nfwpl,container_cpu_system_seconds_total,0.372
1745322156,kashef-k8s-w1.user-timeline-mongodb-6758898d48-4w2f2,container_cpu_system_seconds_total,0.636
1745322156,kashef-k8s-w1.user-timeline-redis-67cc95bc57-2zhdt,container_cpu_system_seconds_total,0.432
1745322156,kashef-k8s-w1.home-timeline-redis-6c6647df6f-dv494,container_cpu_system_seconds_total,0.422
1745322156,kashef-k8s-w1.media-mongodb-7b64c59567-pm2pj,container_cpu_system_seconds_total,0.603
1745322156,kashef-k8s-w1.social-graph-service-677dbc655c-sg995,container_cpu_system_seconds_total,0.083
1745322156,kashef-k8s-ctl.media-service-6c665c775d-m5vf4,container_cpu_system_seconds_total,0.065
1745322156,kashef-k8s-w1.temp-debug-alt,container_cpu_system_seconds_total,0.089
1745322156,kashef-k8s-ctl.unique-id-service-694497b678-2p45f,container_cpu_system_seconds_total,0.066
1745322156,kashef-k8s-w1.post-storage-service-66c9966f5f-n629t,container_cpu_system_seconds_total,0.077
1745322156,kashef-k8s-ctl.compose-post-service-f587bf89d-dd7kf,container_cpu_system_seconds_total,0.11
1745322156,kashef-k8s-ctl.user-mention-service-5c4f566c5-qlj9z,container_cpu_system_seconds_total,0.077
1745322156,kashef-k8s-ctl.url-shorten-mongodb-57c886d5f8-jqtpp,container_cpu_system_seconds_total,0.425
1745322156,kashef-k8s-w1.home-timeline-service-5754ffbc6d-kntl9,container_cpu_system_seconds_total,0.076
1745322156,kashef-k8s-w1.nginx-thrift-79478f9bf5-5zdh4,container_cpu_system_seconds_total,6.007
1745322156,kashef-k8s-w1.url-shorten-service-66949ddcc4-468ds,container_cpu_system_seconds_total,0.061
1745322156,kashef-k8s-ctl.jaeger-67997f9775-8jsbw,container_cpu_system_seconds_total,0.15
1745322156,kashef-k8s-ctl.user-timeline-service-664c7f6696-hz5xq,container_cpu_system_seconds_total,0.062
1745322156,kashef-k8s-w1.user-mongodb-7745bbd78-kqpbp,container_cpu_system_seconds_total,0.59
1745322156,kashef-k8s-ctl.post-storage-memcached-6b75788fc6-5wwtc,container_cpu_system_seconds_total,0.093
1745322156,kashef-k8s-ctl.media-frontend-6b66b95ff4-42hwg,container_cpu_system_seconds_total,5.992
1745322159,kashef-k8s-w1.user-service-547b88cd8f-lp8p9,container_cpu_system_seconds_total,0.137
1745322159,kashef-k8s-w1.media-memcached-7889bdfdfb-4hjbd,container_cpu_system_seconds_total,0.098
1745322159,kashef-k8s-w1.social-graph-mongodb-55df767ff5-wwlmr,container_cpu_system_seconds_total,0.653
1745322159,kashef-k8s-w1.social-graph-service-677dbc655c-sg995,container_cpu_system_seconds_total,0.083
1745322159,kashef-k8s-w1.user-timeline-redis-67cc95bc57-2zhdt,container_cpu_system_seconds_total,0.432
1745322159,kashef-k8s-w1.social-graph-redis-5bbd5b7458-7fcvv,container_cpu_system_seconds_total,0.45
1745322159,kashef-k8s-ctl.unique-id-service-694497b678-2p45f,container_cpu_system_seconds_total,0.066
1745322159,kashef-k8s-w1.user-timeline-mongodb-6758898d48-4w2f2,container_cpu_system_seconds_total,0.636
1745322159,kashef-k8s-w1.temp-debug-alt,container_cpu_system_seconds_total,0.089
1745322159,kashef-k8s-ctl.user-timeline-service-664c7f6696-hz5xq,container_cpu_system_seconds_total,0.062
1745322159,kashef-k8s-ctl.media-service-6c665c775d-m5vf4,container_cpu_system_seconds_total,0.065
1745322159,kashef-k8s-w1.post-storage-service-66c9966f5f-n629t,container_cpu_system_seconds_total,0.077
1745322159,kashef-k8s-w1.url-shorten-service-66949ddcc4-468ds,container_cpu_system_seconds_total,0.061
1745322159,kashef-k8s-ctl.text-service-fff64b8bf-wp774,container_cpu_system_seconds_total,0.071
1745322159,kashef-k8s-ctl.user-memcached-59687c864d-wdcgs,container_cpu_system_seconds_total,0.103
1745322159,kashef-k8s-w1.home-timeline-service-5754ffbc6d-kntl9,container_cpu_system_seconds_total,0.076
1745322159,kashef-k8s-w1.home-timeline-redis-6c6647df6f-dv494,container_cpu_system_seconds_total,0.422
1745322159,kashef-k8s-ctl.post-storage-memcached-6b75788fc6-5wwtc,container_cpu_system_seconds_total,0.093
1745322159,kashef-k8s-ctl.post-storage-mongodb-5579669d8c-nfwpl,container_cpu_system_seconds_total,0.372
1745322159,kashef-k8s-ctl.media-frontend-6b66b95ff4-42hwg,container_cpu_system_seconds_total,5.992
1745322159,kashef-k8s-ctl.compose-post-service-f587bf89d-dd7kf,container_cpu_system_seconds_total,0.11
1745322159,kashef-k8s-ctl.url-shorten-mongodb-57c886d5f8-jqtpp,container_cpu_system_seconds_total,0.425
1745322159,kashef-k8s-ctl.user-mention-service-5c4f566c5-qlj9z,container_cpu_system_seconds_total,0.077
1745322159,kashef-k8s-w1.user-mongodb-7745bbd78-kqpbp,container_cpu_system_seconds_total,0.59
1745322159,kashef-k8s-w1.media-mongodb-7b64c59567-pm2pj,container_cpu_system_seconds_total,0.603
1745322159,kashef-k8s-w1.nginx-thrift-79478f9bf5-5zdh4,container_cpu_system_seconds_total,6.007
1745322159,kashef-k8s-ctl.jaeger-67997f9775-8jsbw,container_cpu_system_seconds_total,0.164
1745322159,kashef-k8s-ctl.url-shorten-memcached-6546746864-btbq8,container_cpu_system_seconds_total,0.066
1745322162,kashef-k8s-w1.social-graph-redis-5bbd5b7458-7fcvv,container_cpu_system_seconds_total,0.45
1745322162,kashef-k8s-ctl.user-memcached-59687c864d-wdcgs,container_cpu_system_seconds_total,0.103
1745322162,kashef-k8s-w1.user-timeline-mongodb-6758898d48-4w2f2,container_cpu_system_seconds_total,0.636
1745322162,kashef-k8s-w1.home-timeline-service-5754ffbc6d-kntl9,container_cpu_system_seconds_total,0.076
1745322162,kashef-k8s-ctl.post-storage-memcached-6b75788fc6-5wwtc,container_cpu_system_seconds_total,0.098
1745322162,kashef-k8s-w1.social-graph-service-677dbc655c-sg995,container_cpu_system_seconds_total,0.083
1745322162,kashef-k8s-w1.temp-debug-alt,container_cpu_system_seconds_total,0.089
1745322162,kashef-k8s-w1.nginx-thrift-79478f9bf5-5zdh4,container_cpu_system_seconds_total,6.007
1745322162,kashef-k8s-ctl.user-timeline-service-664c7f6696-hz5xq,container_cpu_system_seconds_total,0.062
1745322162,kashef-k8s-ctl.media-service-6c665c775d-m5vf4,container_cpu_system_seconds_total,0.065
1745322162,kashef-k8s-w1.user-mongodb-7745bbd78-kqpbp,container_cpu_system_seconds_total,0.59
1745322162,kashef-k8s-w1.user-timeline-redis-67cc95bc57-2zhdt,container_cpu_system_seconds_total,0.432
1745322162,kashef-k8s-w1.media-memcached-7889bdfdfb-4hjbd,container_cpu_system_seconds_total,0.098
1745322162,kashef-k8s-ctl.jaeger-67997f9775-8jsbw,container_cpu_system_seconds_total,0.164
1745322162,kashef-k8s-w1.media-mongodb-7b64c59567-pm2pj,container_cpu_system_seconds_total,0.603
1745322162,kashef-k8s-w1.post-storage-service-66c9966f5f-n629t,container_cpu_system_seconds_total,0.077
1745322162,kashef-k8s-ctl.compose-post-service-f587bf89d-dd7kf,container_cpu_system_seconds_total,0.124
1745322162,kashef-k8s-ctl.text-service-fff64b8bf-wp774,container_cpu_system_seconds_total,0.071
1745322162,kashef-k8s-ctl.url-shorten-mongodb-57c886d5f8-jqtpp,container_cpu_system_seconds_total,0.425
1745322162,kashef-k8s-w1.home-timeline-redis-6c6647df6f-dv494,container_cpu_system_seconds_total,0.422
1745322162,kashef-k8s-ctl.unique-id-service-694497b678-2p45f,container_cpu_system_seconds_total,0.066
1745322162,kashef-k8s-ctl.post-storage-mongodb-5579669d8c-nfwpl,container_cpu_system_seconds_total,0.372
1745322162,kashef-k8s-ctl.media-frontend-6b66b95ff4-42hwg,container_cpu_system_seconds_total,5.992
1745322162,kashef-k8s-w1.social-graph-mongodb-55df767ff5-wwlmr,container_cpu_system_seconds_total,0.653
1745322162,kashef-k8s-ctl.user-mention-service-5c4f566c5-qlj9z,container_cpu_system_seconds_total,0.077
1745322162,kashef-k8s-w1.url-shorten-service-66949ddcc4-468ds,container_cpu_system_seconds_total,0.061
1745322162,kashef-k8s-ctl.url-shorten-memcached-6546746864-btbq8,container_cpu_system_seconds_total,0.066
1745322162,kashef-k8s-w1.user-service-547b88cd8f-lp8p9,container_cpu_system_seconds_total,0.137
1745322165,kashef-k8s-w1.nginx-thrift-79478f9bf5-5zdh4,container_cpu_system_seconds_total,6.007
1745322165,kashef-k8s-w1.url-shorten-service-66949ddcc4-468ds,container_cpu_system_seconds_total,0.061
1745322165,kashef-k8s-w1.user-service-547b88cd8f-lp8p9,container_cpu_system_seconds_total,0.137
1745322165,kashef-k8s-ctl.url-shorten-memcached-6546746864-btbq8,container_cpu_system_seconds_total,0.066
1745322165,kashef-k8s-ctl.post-storage-mongodb-5579669d8c-nfwpl,container_cpu_system_seconds_total,0.372
1745322165,kashef-k8s-ctl.unique-id-service-694497b678-2p45f,container_cpu_system_seconds_total,0.066
1745322165,kashef-k8s-ctl.text-service-fff64b8bf-wp774,container_cpu_system_seconds_total,0.071
1745322165,kashef-k8s-w1.social-graph-mongodb-55df767ff5-wwlmr,container_cpu_system_seconds_total,0.653
1745322165,kashef-k8s-ctl.jaeger-67997f9775-8jsbw,container_cpu_system_seconds_total,0.164
1745322165,kashef-k8s-w1.media-memcached-7889bdfdfb-4hjbd,container_cpu_system_seconds_total,0.098
1745322165,kashef-k8s-ctl.media-service-6c665c775d-m5vf4,container_cpu_system_seconds_total,0.065
1745322165,kashef-k8s-w1.post-storage-service-66c9966f5f-n629t,container_cpu_system_seconds_total,0.077
1745322165,kashef-k8s-ctl.compose-post-service-f587bf89d-dd7kf,container_cpu_system_seconds_total,0.124
1745322165,kashef-k8s-w1.media-mongodb-7b64c59567-pm2pj,container_cpu_system_seconds_total,0.603
1745322165,kashef-k8s-ctl.media-frontend-6b66b95ff4-42hwg,container_cpu_system_seconds_total,5.992
1745322165,kashef-k8s-ctl.url-shorten-mongodb-57c886d5f8-jqtpp,container_cpu_system_seconds_total,0.425
1745322165,kashef-k8s-w1.home-timeline-redis-6c6647df6f-dv494,container_cpu_system_seconds_total,0.422
1745322165,kashef-k8s-w1.temp-debug-alt,container_cpu_system_seconds_total,0.089
1745322165,kashef-k8s-w1.social-graph-service-677dbc655c-sg995,container_cpu_system_seconds_total,0.083
1745322165,kashef-k8s-ctl.post-storage-memcached-6b75788fc6-5wwtc,container_cpu_system_seconds_total,0.098
1745322165,kashef-k8s-ctl.user-mention-service-5c4f566c5-qlj9z,container_cpu_system_seconds_total,0.077
1745322165,kashef-k8s-ctl.user-memcached-59687c864d-wdcgs,container_cpu_system_seconds_total,0.103
1745322165,kashef-k8s-w1.social-graph-redis-5bbd5b7458-7fcvv,container_cpu_system_seconds_total,0.465
1745322165,kashef-k8s-w1.user-timeline-mongodb-6758898d48-4w2f2,container_cpu_system_seconds_total,0.636
1745322165,kashef-k8s-w1.user-timeline-redis-67cc95bc57-2zhdt,container_cpu_system_seconds_total,0.432
1745322165,kashef-k8s-ctl.user-timeline-service-664c7f6696-hz5xq,container_cpu_system_seconds_total,0.062
1745322165,kashef-k8s-w1.user-mongodb-7745bbd78-kqpbp,container_cpu_system_seconds_total,0.59
1745322165,kashef-k8s-w1.home-timeline-service-5754ffbc6d-kntl9,container_cpu_system_seconds_total,0.076
1745322168,kashef-k8s-ctl.post-storage-mongodb-5579669d8c-nfwpl,container_cpu_system_seconds_total,0.372
1745322168,kashef-k8s-ctl.unique-id-service-694497b678-2p45f,container_cpu_system_seconds_total,0.066
1745322168,kashef-k8s-w1.social-graph-mongodb-55df767ff5-wwlmr,container_cpu_system_seconds_total,0.653
1745322168,kashef-k8s-w1.social-graph-redis-5bbd5b7458-7fcvv,container_cpu_system_seconds_total,0.465
1745322168,kashef-k8s-ctl.media-service-6c665c775d-m5vf4,container_cpu_system_seconds_total,0.065
1745322168,kashef-k8s-ctl.text-service-fff64b8bf-wp774,container_cpu_system_seconds_total,0.071
1745322168,kashef-k8s-w1.media-mongodb-7b64c59567-pm2pj,container_cpu_system_seconds_total,0.603
1745322168,kashef-k8s-w1.media-memcached-7889bdfdfb-4hjbd,container_cpu_system_seconds_total,0.098
1745322168,kashef-k8s-ctl.post-storage-memcached-6b75788fc6-5wwtc,container_cpu_system_seconds_total,0.098
1745322168,kashef-k8s-w1.user-service-547b88cd8f-lp8p9,container_cpu_system_seconds_total,0.137
1745322168,kashef-k8s-ctl.url-shorten-mongodb-57c886d5f8-jqtpp,container_cpu_system_seconds_total,0.486
1745322168,kashef-k8s-ctl.media-frontend-6b66b95ff4-42hwg,container_cpu_system_seconds_total,5.992
1745322168,kashef-k8s-ctl.jaeger-67997f9775-8jsbw,container_cpu_system_seconds_total,0.164
1745322168,kashef-k8s-w1.user-timeline-mongodb-6758898d48-4w2f2,container_cpu_system_seconds_total,0.636
1745322168,kashef-k8s-w1.nginx-thrift-79478f9bf5-5zdh4,container_cpu_system_seconds_total,6.007
1745322168,kashef-k8s-w1.url-shorten-service-66949ddcc4-468ds,container_cpu_system_seconds_total,0.061
1745322168,kashef-k8s-ctl.user-timeline-service-664c7f6696-hz5xq,container_cpu_system_seconds_total,0.063
1745322168,kashef-k8s-w1.user-timeline-redis-67cc95bc57-2zhdt,container_cpu_system_seconds_total,0.432
1745322168,kashef-k8s-w1.home-timeline-service-5754ffbc6d-kntl9,container_cpu_system_seconds_total,0.076
1745322168,kashef-k8s-w1.user-mongodb-7745bbd78-kqpbp,container_cpu_system_seconds_total,0.628
1745322168,kashef-k8s-w1.temp-debug-alt,container_cpu_system_seconds_total,0.089
1745322168,kashef-k8s-w1.home-timeline-redis-6c6647df6f-dv494,container_cpu_system_seconds_total,0.422
1745322168,kashef-k8s-ctl.compose-post-service-f587bf89d-dd7kf,container_cpu_system_seconds_total,0.124
1745322168,kashef-k8s-w1.social-graph-service-677dbc655c-sg995,container_cpu_system_seconds_total,0.083
1745322168,kashef-k8s-w1.post-storage-service-66c9966f5f-n629t,container_cpu_system_seconds_total,0.077
1745322168,kashef-k8s-ctl.user-mention-service-5c4f566c5-qlj9z,container_cpu_system_seconds_total,0.077
1745322168,kashef-k8s-ctl.user-memcached-59687c864d-wdcgs,container_cpu_system_seconds_total,0.107
1745322168,kashef-k8s-ctl.url-shorten-memcached-6546746864-btbq8,container_cpu_system_seconds_total,0.066
1745322171,kashef-k8s-w1.user-timeline-redis-67cc95bc57-2zhdt,container_cpu_system_seconds_total,0.432
1745322171,kashef-k8s-ctl.url-shorten-memcached-6546746864-btbq8,container_cpu_system_seconds_total,0.066
1745322171,kashef-k8s-w1.temp-debug-alt,container_cpu_system_seconds_total,0.089
1745322171,kashef-k8s-w1.media-memcached-7889bdfdfb-4hjbd,container_cpu_system_seconds_total,0.098
1745322171,kashef-k8s-w1.home-timeline-service-5754ffbc6d-kntl9,container_cpu_system_seconds_total,0.076
1745322171,kashef-k8s-w1.social-graph-service-677dbc655c-sg995,container_cpu_system_seconds_total,0.083
1745322171,kashef-k8s-ctl.user-mention-service-5c4f566c5-qlj9z,container_cpu_system_seconds_total,0.077
1745322171,kashef-k8s-w1.user-mongodb-7745bbd78-kqpbp,container_cpu_system_seconds_total,0.628
1745322171,kashef-k8s-ctl.post-storage-memcached-6b75788fc6-5wwtc,container_cpu_system_seconds_total,0.098
1745322171,kashef-k8s-w1.user-service-547b88cd8f-lp8p9,container_cpu_system_seconds_total,0.138
1745322171,kashef-k8s-w1.home-timeline-redis-6c6647df6f-dv494,container_cpu_system_seconds_total,0.422
1745322171,kashef-k8s-ctl.compose-post-service-f587bf89d-dd7kf,container_cpu_system_seconds_total,0.124
1745322171,kashef-k8s-ctl.user-memcached-59687c864d-wdcgs,container_cpu_system_seconds_total,0.107
1745322171,kashef-k8s-ctl.url-shorten-mongodb-57c886d5f8-jqtpp,container_cpu_system_seconds_total,0.486
1745322171,kashef-k8s-w1.post-storage-service-66c9966f5f-n629t,container_cpu_system_seconds_total,0.078
1745322171,kashef-k8s-ctl.media-frontend-6b66b95ff4-42hwg,container_cpu_system_seconds_total,5.992
1745322171,kashef-k8s-ctl.post-storage-mongodb-5579669d8c-nfwpl,container_cpu_system_seconds_total,0.399
1745322171,kashef-k8s-ctl.unique-id-service-694497b678-2p45f,container_cpu_system_seconds_total,0.066
1745322171,kashef-k8s-ctl.user-timeline-service-664c7f6696-hz5xq,container_cpu_system_seconds_total,0.063
1745322171,kashef-k8s-ctl.text-service-fff64b8bf-wp774,container_cpu_system_seconds_total,0.071
1745322171,kashef-k8s-ctl.media-service-6c665c775d-m5vf4,container_cpu_system_seconds_total,0.065
1745322171,kashef-k8s-w1.media-mongodb-7b64c59567-pm2pj,container_cpu_system_seconds_total,0.603
1745322171,kashef-k8s-ctl.jaeger-67997f9775-8jsbw,container_cpu_system_seconds_total,0.164
1745322171,kashef-k8s-w1.url-shorten-service-66949ddcc4-468ds,container_cpu_system_seconds_total,0.061
1745322171,kashef-k8s-w1.nginx-thrift-79478f9bf5-5zdh4,container_cpu_system_seconds_total,6.011
1745322171,kashef-k8s-w1.social-graph-redis-5bbd5b7458-7fcvv,container_cpu_system_seconds_total,0.465
1745322171,kashef-k8s-w1.social-graph-mongodb-55df767ff5-wwlmr,container_cpu_system_seconds_total,0.653
1745322171,kashef-k8s-w1.user-timeline-mongodb-6758898d48-4w2f2,container_cpu_system_seconds_total,0.636
1745322174,kashef-k8s-w1.social-graph-redis-5bbd5b7458-7fcvv,container_cpu_system_seconds_total,0.465
1745322174,kashef-k8s-w1.user-timeline-mongodb-6758898d48-4w2f2,container_cpu_system_seconds_total,0.636
1745322174,kashef-k8s-w1.social-graph-mongodb-55df767ff5-wwlmr,container_cpu_system_seconds_total,0.653
1745322174,kashef-k8s-ctl.jaeger-67997f9775-8jsbw,container_cpu_system_seconds_total,0.164
1745322174,kashef-k8s-w1.url-shorten-service-66949ddcc4-468ds,container_cpu_system_seconds_total,0.061
1745322174,kashef-k8s-w1.social-graph-service-677dbc655c-sg995,container_cpu_system_seconds_total,0.083
1745322174,kashef-k8s-ctl.text-service-fff64b8bf-wp774,container_cpu_system_seconds_total,0.071
1745322174,kashef-k8s-ctl.post-storage-memcached-6b75788fc6-5wwtc,container_cpu_system_seconds_total,0.098
1745322174,kashef-k8s-ctl.post-storage-mongodb-5579669d8c-nfwpl,container_cpu_system_seconds_total,0.399
1745322174,kashef-k8s-ctl.unique-id-service-694497b678-2p45f,container_cpu_system_seconds_total,0.066
1745322174,kashef-k8s-w1.post-storage-service-66c9966f5f-n629t,container_cpu_system_seconds_total,0.078
1745322174,kashef-k8s-ctl.media-frontend-6b66b95ff4-42hwg,container_cpu_system_seconds_total,5.992
1745322174,kashef-k8s-ctl.media-service-6c665c775d-m5vf4,container_cpu_system_seconds_total,0.065
1745322174,kashef-k8s-ctl.user-timeline-service-664c7f6696-hz5xq,container_cpu_system_seconds_total,0.063
1745322174,kashef-k8s-w1.media-mongodb-7b64c59567-pm2pj,container_cpu_system_seconds_total,0.603
1745322174,kashef-k8s-w1.media-memcached-7889bdfdfb-4hjbd,container_cpu_system_seconds_total,0.098
1745322174,kashef-k8s-w1.user-service-547b88cd8f-lp8p9,container_cpu_system_seconds_total,0.138
1745322174,kashef-k8s-ctl.user-memcached-59687c864d-wdcgs,container_cpu_system_seconds_total,0.107
1745322174,kashef-k8s-w1.nginx-thrift-79478f9bf5-5zdh4,container_cpu_system_seconds_total,6.011
1745322174,kashef-k8s-w1.home-timeline-redis-6c6647df6f-dv494,container_cpu_system_seconds_total,0.422
1745322174,kashef-k8s-w1.user-timeline-redis-67cc95bc57-2zhdt,container_cpu_system_seconds_total,0.454
1745322174,kashef-k8s-w1.temp-debug-alt,container_cpu_system_seconds_total,0.089
1745322174,kashef-k8s-ctl.url-shorten-memcached-6546746864-btbq8,container_cpu_system_seconds_total,0.066
1745322174,kashef-k8s-ctl.user-mention-service-5c4f566c5-qlj9z,container_cpu_system_seconds_total,0.077
1745322174,kashef-k8s-ctl.url-shorten-mongodb-57c886d5f8-jqtpp,container_cpu_system_seconds_total,0.486
1745322174,kashef-k8s-ctl.compose-post-service-f587bf89d-dd7kf,container_cpu_system_seconds_total,0.124
1745322174,kashef-k8s-w1.home-timeline-service-5754ffbc6d-kntl9,container_cpu_system_seconds_total,0.076
1745322174,kashef-k8s-w1.user-mongodb-7745bbd78-kqpbp,container_cpu_system_seconds_total,0.628
1745322177,kashef-k8s-w1.url-shorten-service-66949ddcc4-468ds,container_cpu_system_seconds_total,0.061
1745322177,kashef-k8s-ctl.post-storage-memcached-6b75788fc6-5wwtc,container_cpu_system_seconds_total,0.098
1745322177,kashef-k8s-w1.social-graph-redis-5bbd5b7458-7fcvv,container_cpu_system_seconds_total,0.465
1745322177,kashef-k8s-w1.user-timeline-mongodb-6758898d48-4w2f2,container_cpu_system_seconds_total,0.636
1745322177,kashef-k8s-w1.post-storage-service-66c9966f5f-n629t,container_cpu_system_seconds_total,0.078
1745322177,kashef-k8s-ctl.post-storage-mongodb-5579669d8c-nfwpl,container_cpu_system_seconds_total,0.399
1745322177,kashef-k8s-w1.media-memcached-7889bdfdfb-4hjbd,container_cpu_system_seconds_total,0.103
1745322177,kashef-k8s-ctl.unique-id-service-694497b678-2p45f,container_cpu_system_seconds_total,0.066
1745322177,kashef-k8s-ctl.user-timeline-service-664c7f6696-hz5xq,container_cpu_system_seconds_total,0.063
1745322177,kashef-k8s-ctl.jaeger-67997f9775-8jsbw,container_cpu_system_seconds_total,0.164
1745322177,kashef-k8s-ctl.media-frontend-6b66b95ff4-42hwg,container_cpu_system_seconds_total,5.992
1745322177,kashef-k8s-ctl.user-memcached-59687c864d-wdcgs,container_cpu_system_seconds_total,0.107
1745322177,kashef-k8s-ctl.url-shorten-memcached-6546746864-btbq8,container_cpu_system_seconds_total,0.066
1745322177,kashef-k8s-w1.user-timeline-redis-67cc95bc57-2zhdt,container_cpu_system_seconds_total,0.454
1745322177,kashef-k8s-w1.social-graph-mongodb-55df767ff5-wwlmr,container_cpu_system_seconds_total,0.653
1745322177,kashef-k8s-w1.media-mongodb-7b64c59567-pm2pj,container_cpu_system_seconds_total,0.684
1745322177,kashef-k8s-w1.social-graph-service-677dbc655c-sg995,container_cpu_system_seconds_total,0.083
1745322177,kashef-k8s-w1.home-timeline-service-5754ffbc6d-kntl9,container_cpu_system_seconds_total,0.076
1745322177,kashef-k8s-ctl.url-shorten-mongodb-57c886d5f8-jqtpp,container_cpu_system_seconds_total,0.486
1745322177,kashef-k8s-ctl.compose-post-service-f587bf89d-dd7kf,container_cpu_system_seconds_total,0.124
1745322177,kashef-k8s-ctl.user-mention-service-5c4f566c5-qlj9z,container_cpu_system_seconds_total,0.077
1745322177,kashef-k8s-ctl.text-service-fff64b8bf-wp774,container_cpu_system_seconds_total,0.071
1745322177,kashef-k8s-w1.user-service-547b88cd8f-lp8p9,container_cpu_system_seconds_total,0.138
1745322177,kashef-k8s-w1.user-mongodb-7745bbd78-kqpbp,container_cpu_system_seconds_total,0.628
1745322177,kashef-k8s-ctl.media-service-6c665c775d-m5vf4,container_cpu_system_seconds_total,0.065
1745322177,kashef-k8s-w1.nginx-thrift-79478f9bf5-5zdh4,container_cpu_system_seconds_total,6.011
1745322177,kashef-k8s-w1.temp-debug-alt,container_cpu_system_seconds_total,0.089
1745322177,kashef-k8s-w1.home-timeline-redis-6c6647df6f-dv494,container_cpu_system_seconds_total,0.422
1745322180,kashef-k8s-w1.social-graph-redis-5bbd5b7458-7fcvv,container_cpu_system_seconds_total,0.465
1745322180,kashef-k8s-ctl.user-memcached-59687c864d-wdcgs,container_cpu_system_seconds_total,0.107
1745322180,kashef-k8s-ctl.unique-id-service-694497b678-2p45f,container_cpu_system_seconds_total,0.066
1745322180,kashef-k8s-ctl.user-mention-service-5c4f566c5-qlj9z,container_cpu_system_seconds_total,0.077
1745322180,kashef-k8s-w1.post-storage-service-66c9966f5f-n629t,container_cpu_system_seconds_total,0.078
1745322180,kashef-k8s-w1.url-shorten-service-66949ddcc4-468ds,container_cpu_system_seconds_total,0.062
1745322180,kashef-k8s-w1.user-service-547b88cd8f-lp8p9,container_cpu_system_seconds_total,0.138
1745322180,kashef-k8s-w1.user-mongodb-7745bbd78-kqpbp,container_cpu_system_seconds_total,0.628
1745322180,kashef-k8s-ctl.text-service-fff64b8bf-wp774,container_cpu_system_seconds_total,0.071
1745322180,kashef-k8s-w1.media-memcached-7889bdfdfb-4hjbd,container_cpu_system_seconds_total,0.103
1745322180,kashef-k8s-w1.social-graph-service-677dbc655c-sg995,container_cpu_system_seconds_total,0.084
1745322180,kashef-k8s-ctl.jaeger-67997f9775-8jsbw,container_cpu_system_seconds_total,0.164
1745322180,kashef-k8s-ctl.user-timeline-service-664c7f6696-hz5xq,container_cpu_system_seconds_total,0.063
1745322180,kashef-k8s-ctl.post-storage-mongodb-5579669d8c-nfwpl,container_cpu_system_seconds_total,0.399
1745322180,kashef-k8s-ctl.media-frontend-6b66b95ff4-42hwg,container_cpu_system_seconds_total,5.992
1745322180,kashef-k8s-ctl.post-storage-memcached-6b75788fc6-5wwtc,container_cpu_system_seconds_total,0.098
1745322180,kashef-k8s-w1.media-mongodb-7b64c59567-pm2pj,container_cpu_system_seconds_total,0.684
1745322180,kashef-k8s-w1.home-timeline-redis-6c6647df6f-dv494,container_cpu_system_seconds_total,0.422
1745322180,kashef-k8s-w1.nginx-thrift-79478f9bf5-5zdh4,container_cpu_system_seconds_total,6.011
1745322180,kashef-k8s-w1.home-timeline-service-5754ffbc6d-kntl9,container_cpu_system_seconds_total,0.076
1745322180,kashef-k8s-w1.user-timeline-redis-67cc95bc57-2zhdt,container_cpu_system_seconds_total,0.454
1745322180,kashef-k8s-ctl.url-shorten-memcached-6546746864-btbq8,container_cpu_system_seconds_total,0.066
1745322180,kashef-k8s-w1.social-graph-mongodb-55df767ff5-wwlmr,container_cpu_system_seconds_total,0.718
1745322180,kashef-k8s-w1.user-timeline-mongodb-6758898d48-4w2f2,container_cpu_system_seconds_total,0.722
1745322180,kashef-k8s-ctl.media-service-6c665c775d-m5vf4,container_cpu_system_seconds_total,0.065
1745322180,kashef-k8s-w1.temp-debug-alt,container_cpu_system_seconds_total,0.089
1745322180,kashef-k8s-ctl.url-shorten-mongodb-57c886d5f8-jqtpp,container_cpu_system_seconds_total,0.486
1745322180,kashef-k8s-ctl.compose-post-service-f587bf89d-dd7kf,container_cpu_system_seconds_total,0.124
1745322183,kashef-k8s-w1.url-shorten-service-66949ddcc4-468ds,container_cpu_system_seconds_total,0.062
1745322183,kashef-k8s-w1.post-storage-service-66c9966f5f-n629t,container_cpu_system_seconds_total,0.078
1745322183,kashef-k8s-ctl.unique-id-service-694497b678-2p45f,container_cpu_system_seconds_total,0.066
1745322183,kashef-k8s-w1.user-mongodb-7745bbd78-kqpbp,container_cpu_system_seconds_total,0.628
1745322183,kashef-k8s-w1.social-graph-service-677dbc655c-sg995,container_cpu_system_seconds_total,0.084
1745322183,kashef-k8s-w1.media-memcached-7889bdfdfb-4hjbd,container_cpu_system_seconds_total,0.103
1745322183,kashef-k8s-ctl.text-service-fff64b8bf-wp774,container_cpu_system_seconds_total,0.071
1745322183,kashef-k8s-ctl.jaeger-67997f9775-8jsbw,container_cpu_system_seconds_total,0.164
1745322183,kashef-k8s-ctl.user-timeline-service-664c7f6696-hz5xq,container_cpu_system_seconds_total,0.063
1745322183,kashef-k8s-ctl.post-storage-memcached-6b75788fc6-5wwtc,container_cpu_system_seconds_total,0.098
1745322183,kashef-k8s-ctl.media-frontend-6b66b95ff4-42hwg,container_cpu_system_seconds_total,5.992
1745322183,kashef-k8s-ctl.post-storage-mongodb-5579669d8c-nfwpl,container_cpu_system_seconds_total,0.399
1745322183,kashef-k8s-ctl.user-memcached-59687c864d-wdcgs,container_cpu_system_seconds_total,0.107
1745322183,kashef-k8s-ctl.user-mention-service-5c4f566c5-qlj9z,container_cpu_system_seconds_total,0.077
1745322183,kashef-k8s-ctl.url-shorten-memcached-6546746864-btbq8,container_cpu_system_seconds_total,0.066
1745322183,kashef-k8s-w1.social-graph-redis-5bbd5b7458-7fcvv,container_cpu_system_seconds_total,0.465
1745322183,kashef-k8s-ctl.media-service-6c665c775d-m5vf4,container_cpu_system_seconds_total,0.065
1745322183,kashef-k8s-w1.home-timeline-redis-6c6647df6f-dv494,container_cpu_system_seconds_total,0.466
1745322183,kashef-k8s-ctl.url-shorten-mongodb-57c886d5f8-jqtpp,container_cpu_system_seconds_total,0.486
1745322183,kashef-k8s-w1.home-timeline-service-5754ffbc6d-kntl9,container_cpu_system_seconds_total,0.076
1745322183,kashef-k8s-w1.nginx-thrift-79478f9bf5-5zdh4,container_cpu_system_seconds_total,6.011
1745322183,kashef-k8s-ctl.compose-post-service-f587bf89d-dd7kf,container_cpu_system_seconds_total,0.124
1745322183,kashef-k8s-w1.temp-debug-alt,container_cpu_system_seconds_total,0.089
1745322183,kashef-k8s-w1.media-mongodb-7b64c59567-pm2pj,container_cpu_system_seconds_total,0.684
1745322183,kashef-k8s-w1.user-service-547b88cd8f-lp8p9,container_cpu_system_seconds_total,0.138
1745322183,kashef-k8s-w1.user-timeline-redis-67cc95bc57-2zhdt,container_cpu_system_seconds_total,0.454
1745322183,kashef-k8s-w1.user-timeline-mongodb-6758898d48-4w2f2,container_cpu_system_seconds_total,0.722
1745322183,kashef-k8s-w1.social-graph-mongodb-55df767ff5-wwlmr,container_cpu_system_seconds_total,0.718
1745322186,kashef-k8s-w1.user-timeline-mongodb-6758898d48-4w2f2,container_cpu_system_seconds_total,0.722
1745322186,kashef-k8s-w1.social-graph-mongodb-55df767ff5-wwlmr,container_cpu_system_seconds_total,0.718
1745322186,kashef-k8s-w1.social-graph-redis-5bbd5b7458-7fcvv,container_cpu_system_seconds_total,0.465
1745322186,kashef-k8s-w1.user-service-547b88cd8f-lp8p9,container_cpu_system_seconds_total,0.138
1745322186,kashef-k8s-w1.media-mongodb-7b64c59567-pm2pj,container_cpu_system_seconds_total,0.684
1745322186,kashef-k8s-w1.nginx-thrift-79478f9bf5-5zdh4,container_cpu_system_seconds_total,6.011
1745322186,kashef-k8s-ctl.compose-post-service-f587bf89d-dd7kf,container_cpu_system_seconds_total,0.124
1745322186,kashef-k8s-w1.temp-debug-alt,container_cpu_system_seconds_total,0.089
1745322186,kashef-k8s-w1.home-timeline-redis-6c6647df6f-dv494,container_cpu_system_seconds_total,0.466
1745322186,kashef-k8s-w1.social-graph-service-677dbc655c-sg995,container_cpu_system_seconds_total,0.084
1745322186,kashef-k8s-ctl.user-timeline-service-664c7f6696-hz5xq,container_cpu_system_seconds_total,0.063
1745322186,kashef-k8s-ctl.text-service-fff64b8bf-wp774,container_cpu_system_seconds_total,0.071
1745322186,kashef-k8s-w1.home-timeline-service-5754ffbc6d-kntl9,container_cpu_system_seconds_total,0.076
1745322186,kashef-k8s-ctl.url-shorten-mongodb-57c886d5f8-jqtpp,container_cpu_system_seconds_total,0.51
1745322186,kashef-k8s-ctl.jaeger-67997f9775-8jsbw,container_cpu_system_seconds_total,0.164
1745322186,kashef-k8s-ctl.media-service-6c665c775d-m5vf4,container_cpu_system_seconds_total,0.065
1745322186,kashef-k8s-w1.media-memcached-7889bdfdfb-4hjbd,container_cpu_system_seconds_total,0.103
1745322186,kashef-k8s-w1.post-storage-service-66c9966f5f-n629t,container_cpu_system_seconds_total,0.078
1745322186,kashef-k8s-w1.user-mongodb-7745bbd78-kqpbp,container_cpu_system_seconds_total,0.628
1745322186,kashef-k8s-ctl.unique-id-service-694497b678-2p45f,container_cpu_system_seconds_total,0.066
1745322186,kashef-k8s-ctl.post-storage-memcached-6b75788fc6-5wwtc,container_cpu_system_seconds_total,0.098
1745322186,kashef-k8s-ctl.user-memcached-59687c864d-wdcgs,container_cpu_system_seconds_total,0.107
1745322186,kashef-k8s-w1.user-timeline-redis-67cc95bc57-2zhdt,container_cpu_system_seconds_total,0.454
1745322186,kashef-k8s-ctl.url-shorten-memcached-6546746864-btbq8,container_cpu_system_seconds_total,0.066
1745322186,kashef-k8s-ctl.user-mention-service-5c4f566c5-qlj9z,container_cpu_system_seconds_total,0.077
1745322186,kashef-k8s-ctl.post-storage-mongodb-5579669d8c-nfwpl,container_cpu_system_seconds_total,0.399
1745322186,kashef-k8s-w1.url-shorten-service-66949ddcc4-468ds,container_cpu_system_seconds_total,0.062
1745322186,kashef-k8s-ctl.media-frontend-6b66b95ff4-42hwg,container_cpu_system_seconds_total,5.992
1745322189,kashef-k8s-w1.user-timeline-mongodb-6758898d48-4w2f2,container_cpu_system_seconds_total,0.722
1745322189,kashef-k8s-w1.media-mongodb-7b64c59567-pm2pj,container_cpu_system_seconds_total,0.684
1745322189,kashef-k8s-ctl.compose-post-service-f587bf89d-dd7kf,container_cpu_system_seconds_total,0.124
1745322189,kashef-k8s-w1.nginx-thrift-79478f9bf5-5zdh4,container_cpu_system_seconds_total,6.011
1745322189,kashef-k8s-w1.post-storage-service-66c9966f5f-n629t,container_cpu_system_seconds_total,0.078
1745322189,kashef-k8s-ctl.media-service-6c665c775d-m5vf4,container_cpu_system_seconds_total,0.065
1745322189,kashef-k8s-ctl.user-timeline-service-664c7f6696-hz5xq,container_cpu_system_seconds_total,0.063
1745322189,kashef-k8s-w1.media-memcached-7889bdfdfb-4hjbd,container_cpu_system_seconds_total,0.103
1745322189,kashef-k8s-ctl.jaeger-67997f9775-8jsbw,container_cpu_system_seconds_total,0.164
1745322189,kashef-k8s-w1.home-timeline-redis-6c6647df6f-dv494,container_cpu_system_seconds_total,0.466
1745322189,kashef-k8s-w1.home-timeline-service-5754ffbc6d-kntl9,container_cpu_system_seconds_total,0.076
1745322189,kashef-k8s-ctl.url-shorten-mongodb-57c886d5f8-jqtpp,container_cpu_system_seconds_total,0.51
1745322189,kashef-k8s-w1.social-graph-redis-5bbd5b7458-7fcvv,container_cpu_system_seconds_total,0.465
1745322189,kashef-k8s-w1.user-timeline-redis-67cc95bc57-2zhdt,container_cpu_system_seconds_total,0.454
1745322189,kashef-k8s-ctl.user-memcached-59687c864d-wdcgs,container_cpu_system_seconds_total,0.107
1745322189,kashef-k8s-ctl.post-storage-mongodb-5579669d8c-nfwpl,container_cpu_system_seconds_total,0.399
1745322189,kashef-k8s-w1.user-service-547b88cd8f-lp8p9,container_cpu_system_seconds_total,0.138
1745322189,kashef-k8s-w1.url-shorten-service-66949ddcc4-468ds,container_cpu_system_seconds_total,0.062
1745322189,kashef-k8s-ctl.media-frontend-6b66b95ff4-42hwg,container_cpu_system_seconds_total,5.992
1745322189,kashef-k8s-ctl.text-service-fff64b8bf-wp774,container_cpu_system_seconds_total,0.071
1745322189,kashef-k8s-w1.user-mongodb-7745bbd78-kqpbp,container_cpu_system_seconds_total,0.628
1745322189,kashef-k8s-ctl.unique-id-service-694497b678-2p45f,container_cpu_system_seconds_total,0.066
1745322189,kashef-k8s-w1.temp-debug-alt,container_cpu_system_seconds_total,0.089
1745322189,kashef-k8s-ctl.post-storage-memcached-6b75788fc6-5wwtc,container_cpu_system_seconds_total,0.102
1745322189,kashef-k8s-w1.social-graph-service-677dbc655c-sg995,container_cpu_system_seconds_total,0.084
1745322189,kashef-k8s-ctl.user-mention-service-5c4f566c5-qlj9z,container_cpu_system_seconds_total,0.077
1745322189,kashef-k8s-ctl.url-shorten-memcached-6546746864-btbq8,container_cpu_system_seconds_total,0.066
1745322189,kashef-k8s-w1.social-graph-mongodb-55df767ff5-wwlmr,container_cpu_system_seconds_total,0.718
1745322192,kashef-k8s-w1.user-timeline-mongodb-6758898d48-4w2f2,container_cpu_system_seconds_total,0.722
1745322192,kashef-k8s-ctl.url-shorten-memcached-6546746864-btbq8,container_cpu_system_seconds_total,0.066
1745322192,kashef-k8s-w1.user-timeline-redis-67cc95bc57-2zhdt,container_cpu_system_seconds_total,0.454
1745322192,kashef-k8s-w1.post-storage-service-66c9966f5f-n629t,container_cpu_system_seconds_total,0.078
1745322192,kashef-k8s-w1.user-service-547b88cd8f-lp8p9,container_cpu_system_seconds_total,0.138
1745322192,kashef-k8s-w1.social-graph-redis-5bbd5b7458-7fcvv,container_cpu_system_seconds_total,0.465
1745322192,kashef-k8s-ctl.text-service-fff64b8bf-wp774,container_cpu_system_seconds_total,0.071
1745322192,kashef-k8s-w1.social-graph-service-677dbc655c-sg995,container_cpu_system_seconds_total,0.084
1745322192,kashef-k8s-ctl.user-memcached-59687c864d-wdcgs,container_cpu_system_seconds_total,0.107
1745322192,kashef-k8s-w1.url-shorten-service-66949ddcc4-468ds,container_cpu_system_seconds_total,0.062
1745322192,kashef-k8s-ctl.post-storage-memcached-6b75788fc6-5wwtc,container_cpu_system_seconds_total,0.102
1745322192,kashef-k8s-w1.user-mongodb-7745bbd78-kqpbp,container_cpu_system_seconds_total,0.628
1745322192,kashef-k8s-w1.home-timeline-service-5754ffbc6d-kntl9,container_cpu_system_seconds_total,0.076
1745322192,kashef-k8s-ctl.user-mention-service-5c4f566c5-qlj9z,container_cpu_system_seconds_total,0.078
1745322192,kashef-k8s-ctl.jaeger-67997f9775-8jsbw,container_cpu_system_seconds_total,0.164
1745322192,kashef-k8s-ctl.user-timeline-service-664c7f6696-hz5xq,container_cpu_system_seconds_total,0.063
1745322192,kashef-k8s-ctl.media-service-6c665c775d-m5vf4,container_cpu_system_seconds_total,0.065
1745322192,kashef-k8s-ctl.unique-id-service-694497b678-2p45f,container_cpu_system_seconds_total,0.066
1745322192,kashef-k8s-ctl.compose-post-service-f587bf89d-dd7kf,container_cpu_system_seconds_total,0.124
1745322192,kashef-k8s-ctl.url-shorten-mongodb-57c886d5f8-jqtpp,container_cpu_system_seconds_total,0.51
1745322192,kashef-k8s-ctl.media-frontend-6b66b95ff4-42hwg,container_cpu_system_seconds_total,5.992
1745322192,kashef-k8s-w1.media-memcached-7889bdfdfb-4hjbd,container_cpu_system_seconds_total,0.103
1745322192,kashef-k8s-w1.home-timeline-redis-6c6647df6f-dv494,container_cpu_system_seconds_total,0.466
1745322192,kashef-k8s-w1.media-mongodb-7b64c59567-pm2pj,container_cpu_system_seconds_total,0.684
1745322192,kashef-k8s-w1.nginx-thrift-79478f9bf5-5zdh4,container_cpu_system_seconds_total,6.011
1745322192,kashef-k8s-w1.temp-debug-alt,container_cpu_system_seconds_total,0.089
1745322192,kashef-k8s-ctl.post-storage-mongodb-5579669d8c-nfwpl,container_cpu_system_seconds_total,0.423
1745322192,kashef-k8s-w1.social-graph-mongodb-55df767ff5-wwlmr,container_cpu_system_seconds_total,0.718
1745322195,kashef-k8s-w1.temp-debug-alt,container_cpu_system_seconds_total,0.089
1745322195,kashef-k8s-w1.user-timeline-mongodb-6758898d48-4w2f2,container_cpu_system_seconds_total,0.722
1745322195,kashef-k8s-ctl.post-storage-mongodb-5579669d8c-nfwpl,container_cpu_system_seconds_total,0.423
1745322195,kashef-k8s-w1.nginx-thrift-79478f9bf5-5zdh4,container_cpu_system_seconds_total,6.011
1745322195,kashef-k8s-w1.post-storage-service-66c9966f5f-n629t,container_cpu_system_seconds_total,0.078
1745322195,kashef-k8s-ctl.url-shorten-memcached-6546746864-btbq8,container_cpu_system_seconds_total,0.067
1745322195,kashef-k8s-w1.social-graph-redis-5bbd5b7458-7fcvv,container_cpu_system_seconds_total,0.465
1745322195,kashef-k8s-w1.user-service-547b88cd8f-lp8p9,container_cpu_system_seconds_total,0.138
1745322195,kashef-k8s-w1.home-timeline-redis-6c6647df6f-dv494,container_cpu_system_seconds_total,0.466
1745322195,kashef-k8s-ctl.user-memcached-59687c864d-wdcgs,container_cpu_system_seconds_total,0.11
1745322195,kashef-k8s-ctl.text-service-fff64b8bf-wp774,container_cpu_system_seconds_total,0.071
1745322195,kashef-k8s-w1.url-shorten-service-66949ddcc4-468ds,container_cpu_system_seconds_total,0.062
1745322195,kashef-k8s-ctl.unique-id-service-694497b678-2p45f,container_cpu_system_seconds_total,0.066
1745322195,kashef-k8s-ctl.post-storage-memcached-6b75788fc6-5wwtc,container_cpu_system_seconds_total,0.102
1745322195,kashef-k8s-w1.social-graph-service-677dbc655c-sg995,container_cpu_system_seconds_total,0.084
1745322195,kashef-k8s-ctl.user-mention-service-5c4f566c5-qlj9z,container_cpu_system_seconds_total,0.078
1745322195,kashef-k8s-w1.user-mongodb-7745bbd78-kqpbp,container_cpu_system_seconds_total,0.628
1745322195,kashef-k8s-w1.media-mongodb-7b64c59567-pm2pj,container_cpu_system_seconds_total,0.684
1745322195,kashef-k8s-ctl.media-frontend-6b66b95ff4-42hwg,container_cpu_system_seconds_total,5.992
1745322195,kashef-k8s-w1.media-memcached-7889bdfdfb-4hjbd,container_cpu_system_seconds_total,0.103
1745322195,kashef-k8s-ctl.user-timeline-service-664c7f6696-hz5xq,container_cpu_system_seconds_total,0.063
1745322195,kashef-k8s-w1.home-timeline-service-5754ffbc6d-kntl9,container_cpu_system_seconds_total,0.076
1745322195,kashef-k8s-ctl.media-service-6c665c775d-m5vf4,container_cpu_system_seconds_total,0.065
1745322195,kashef-k8s-ctl.jaeger-67997f9775-8jsbw,container_cpu_system_seconds_total,0.164
1745322195,kashef-k8s-ctl.compose-post-service-f587bf89d-dd7kf,container_cpu_system_seconds_total,0.124
1745322195,kashef-k8s-ctl.url-shorten-mongodb-57c886d5f8-jqtpp,container_cpu_system_seconds_total,0.51
1745322195,kashef-k8s-w1.social-graph-mongodb-55df767ff5-wwlmr,container_cpu_system_seconds_total,0.718
1745322195,kashef-k8s-w1.user-timeline-redis-67cc95bc57-2zhdt,container_cpu_system_seconds_total,0.454
1745322198,kashef-k8s-w1.user-timeline-mongodb-6758898d48-4w2f2,container_cpu_system_seconds_total,0.722
1745322198,kashef-k8s-w1.url-shorten-service-66949ddcc4-468ds,container_cpu_system_seconds_total,0.062
1745322198,kashef-k8s-ctl.compose-post-service-f587bf89d-dd7kf,container_cpu_system_seconds_total,0.124
1745322198,kashef-k8s-ctl.text-service-fff64b8bf-wp774,container_cpu_system_seconds_total,0.071
1745322198,kashef-k8s-w1.social-graph-redis-5bbd5b7458-7fcvv,container_cpu_system_seconds_total,0.465
1745322198,kashef-k8s-w1.user-service-547b88cd8f-lp8p9,container_cpu_system_seconds_total,0.138
1745322198,kashef-k8s-ctl.user-memcached-59687c864d-wdcgs,container_cpu_system_seconds_total,0.11
1745322198,kashef-k8s-w1.nginx-thrift-79478f9bf5-5zdh4,container_cpu_system_seconds_total,6.011
1745322198,kashef-k8s-w1.home-timeline-redis-6c6647df6f-dv494,container_cpu_system_seconds_total,0.466
1745322198,kashef-k8s-ctl.jaeger-67997f9775-8jsbw,container_cpu_system_seconds_total,0.164
1745322198,kashef-k8s-ctl.post-storage-memcached-6b75788fc6-5wwtc,container_cpu_system_seconds_total,0.102
1745322198,kashef-k8s-w1.social-graph-service-677dbc655c-sg995,container_cpu_system_seconds_total,0.084
1745322198,kashef-k8s-w1.media-mongodb-7b64c59567-pm2pj,container_cpu_system_seconds_total,0.684
1745322198,kashef-k8s-ctl.media-frontend-6b66b95ff4-42hwg,container_cpu_system_seconds_total,5.992
1745322198,kashef-k8s-w1.media-memcached-7889bdfdfb-4hjbd,container_cpu_system_seconds_total,0.103
1745322198,kashef-k8s-w1.user-mongodb-7745bbd78-kqpbp,container_cpu_system_seconds_total,0.628
1745322198,kashef-k8s-ctl.url-shorten-mongodb-57c886d5f8-jqtpp,container_cpu_system_seconds_total,0.51
1745322198,kashef-k8s-ctl.unique-id-service-694497b678-2p45f,container_cpu_system_seconds_total,0.066
1745322198,kashef-k8s-w1.home-timeline-service-5754ffbc6d-kntl9,container_cpu_system_seconds_total,0.076
1745322198,kashef-k8s-ctl.media-service-6c665c775d-m5vf4,container_cpu_system_seconds_total,0.065
1745322198,kashef-k8s-ctl.user-timeline-service-664c7f6696-hz5xq,container_cpu_system_seconds_total,0.063
1745322198,kashef-k8s-ctl.user-mention-service-5c4f566c5-qlj9z,container_cpu_system_seconds_total,0.078
1745322198,kashef-k8s-w1.social-graph-mongodb-55df767ff5-wwlmr,container_cpu_system_seconds_total,0.718
1745322198,kashef-k8s-ctl.url-shorten-memcached-6546746864-btbq8,container_cpu_system_seconds_total,0.067
1745322198,kashef-k8s-w1.user-timeline-redis-67cc95bc57-2zhdt,container_cpu_system_seconds_total,0.454
1745322198,kashef-k8s-w1.post-storage-service-66c9966f5f-n629t,container_cpu_system_seconds_total,0.078
1745322198,kashef-k8s-ctl.post-storage-mongodb-5579669d8c-nfwpl,container_cpu_system_seconds_total,0.423
1745322198,kashef-k8s-w1.temp-debug-alt,container_cpu_system_seconds_total,0.089
1745322201,kashef-k8s-ctl.post-storage-mongodb-5579669d8c-nfwpl,container_cpu_system_seconds_total,0.423
1745322201,kashef-k8s-w1.post-storage-service-66c9966f5f-n629t,container_cpu_system_seconds_total,0.078
1745322201,kashef-k8s-w1.user-timeline-mongodb-6758898d48-4w2f2,container_cpu_system_seconds_total,0.722
1745322201,kashef-k8s-w1.social-graph-mongodb-55df767ff5-wwlmr,container_cpu_system_seconds_total,0.718
1745322201,kashef-k8s-ctl.user-mention-service-5c4f566c5-qlj9z,container_cpu_system_seconds_total,0.078
1745322201,kashef-k8s-ctl.user-timeline-service-664c7f6696-hz5xq,container_cpu_system_seconds_total,0.063
1745322201,kashef-k8s-ctl.media-service-6c665c775d-m5vf4,container_cpu_system_seconds_total,0.065
1745322201,kashef-k8s-w1.user-timeline-redis-67cc95bc57-2zhdt,container_cpu_system_seconds_total,0.454
1745322201,kashef-k8s-ctl.media-frontend-6b66b95ff4-42hwg,container_cpu_system_seconds_total,5.992
1745322201,kashef-k8s-w1.social-graph-service-677dbc655c-sg995,container_cpu_system_seconds_total,0.084
1745322201,kashef-k8s-ctl.compose-post-service-f587bf89d-dd7kf,container_cpu_system_seconds_total,0.124
1745322201,kashef-k8s-ctl.post-storage-memcached-6b75788fc6-5wwtc,container_cpu_system_seconds_total,0.102
1745322201,kashef-k8s-w1.social-graph-redis-5bbd5b7458-7fcvv,container_cpu_system_seconds_total,0.465
1745322201,kashef-k8s-w1.user-mongodb-7745bbd78-kqpbp,container_cpu_system_seconds_total,0.628
1745322201,kashef-k8s-ctl.unique-id-service-694497b678-2p45f,container_cpu_system_seconds_total,0.066
1745322201,kashef-k8s-ctl.url-shorten-mongodb-57c886d5f8-jqtpp,container_cpu_system_seconds_total,0.51
1745322201,kashef-k8s-w1.nginx-thrift-79478f9bf5-5zdh4,container_cpu_system_seconds_total,6.011
1745322201,kashef-k8s-w1.home-timeline-redis-6c6647df6f-dv494,container_cpu_system_seconds_total,0.466
1745322201,kashef-k8s-ctl.text-service-fff64b8bf-wp774,container_cpu_system_seconds_total,0.071
1745322201,kashef-k8s-w1.home-timeline-service-5754ffbc6d-kntl9,container_cpu_system_seconds_total,0.076
1745322201,kashef-k8s-ctl.url-shorten-memcached-6546746864-btbq8,container_cpu_system_seconds_total,0.067
1745322201,kashef-k8s-w1.url-shorten-service-66949ddcc4-468ds,container_cpu_system_seconds_total,0.062
1745322201,kashef-k8s-w1.media-memcached-7889bdfdfb-4hjbd,container_cpu_system_seconds_total,0.103
1745322201,kashef-k8s-w1.user-service-547b88cd8f-lp8p9,container_cpu_system_seconds_total,0.138
1745322201,kashef-k8s-ctl.user-memcached-59687c864d-wdcgs,container_cpu_system_seconds_total,0.11
1745322201,kashef-k8s-w1.temp-debug-alt,container_cpu_system_seconds_total,0.089
1745322201,kashef-k8s-ctl.jaeger-67997f9775-8jsbw,container_cpu_system_seconds_total,0.164
1745322201,kashef-k8s-w1.media-mongodb-7b64c59567-pm2pj,container_cpu_system_seconds_total,0.684
1745322204,kashef-k8s-w1.media-memcached-7889bdfdfb-4hjbd,container_cpu_system_seconds_total,0.103
1745322204,kashef-k8s-ctl.user-mention-service-5c4f566c5-qlj9z,container_cpu_system_seconds_total,0.078
1745322204,kashef-k8s-ctl.user-timeline-service-664c7f6696-hz5xq,container_cpu_system_seconds_total,0.063
1745322204,kashef-k8s-w1.user-timeline-mongodb-6758898d48-4w2f2,container_cpu_system_seconds_total,0.722
1745322204,kashef-k8s-ctl.compose-post-service-f587bf89d-dd7kf,container_cpu_system_seconds_total,0.124
1745322204,kashef-k8s-ctl.user-memcached-59687c864d-wdcgs,container_cpu_system_seconds_total,0.11
1745322204,kashef-k8s-w1.social-graph-service-677dbc655c-sg995,container_cpu_system_seconds_total,0.084
1745322204,kashef-k8s-w1.social-graph-redis-5bbd5b7458-7fcvv,container_cpu_system_seconds_total,0.465
1745322204,kashef-k8s-w1.url-shorten-service-66949ddcc4-468ds,container_cpu_system_seconds_total,0.062
1745322204,kashef-k8s-ctl.unique-id-service-694497b678-2p45f,container_cpu_system_seconds_total,0.066
1745322204,kashef-k8s-ctl.post-storage-memcached-6b75788fc6-5wwtc,container_cpu_system_seconds_total,0.102
1745322204,kashef-k8s-ctl.media-service-6c665c775d-m5vf4,container_cpu_system_seconds_total,0.065
1745322204,kashef-k8s-ctl.media-frontend-6b66b95ff4-42hwg,container_cpu_system_seconds_total,5.992
1745322204,kashef-k8s-ctl.post-storage-mongodb-5579669d8c-nfwpl,container_cpu_system_seconds_total,0.423
1745322204,kashef-k8s-w1.post-storage-service-66c9966f5f-n629t,container_cpu_system_seconds_total,0.078
1745322204,kashef-k8s-w1.user-service-547b88cd8f-lp8p9,container_cpu_system_seconds_total,0.139
1745322204,kashef-k8s-ctl.text-service-fff64b8bf-wp774,container_cpu_system_seconds_total,0.071
1745322204,kashef-k8s-ctl.jaeger-67997f9775-8jsbw,container_cpu_system_seconds_total,0.171
1745322204,kashef-k8s-w1.user-mongodb-7745bbd78-kqpbp,container_cpu_system_seconds_total,0.628
1745322204,kashef-k8s-ctl.url-shorten-mongodb-57c886d5f8-jqtpp,container_cpu_system_seconds_total,0.51
1745322204,kashef-k8s-w1.user-timeline-redis-67cc95bc57-2zhdt,container_cpu_system_seconds_total,0.454
1745322204,kashef-k8s-w1.home-timeline-redis-6c6647df6f-dv494,container_cpu_system_seconds_total,0.466
1745322204,kashef-k8s-w1.nginx-thrift-79478f9bf5-5zdh4,container_cpu_system_seconds_total,6.011
1745322204,kashef-k8s-w1.temp-debug-alt,container_cpu_system_seconds_total,0.089
1745322204,kashef-k8s-ctl.url-shorten-memcached-6546746864-btbq8,container_cpu_system_seconds_total,0.067
1745322204,kashef-k8s-w1.media-mongodb-7b64c59567-pm2pj,container_cpu_system_seconds_total,0.684
1745322204,kashef-k8s-w1.home-timeline-service-5754ffbc6d-kntl9,container_cpu_system_seconds_total,0.076
1745322204,kashef-k8s-w1.social-graph-mongodb-55df767ff5-wwlmr,container_cpu_system_seconds_total,0.718
1745322207,kashef-k8s-w1.user-mongodb-7745bbd78-kqpbp,container_cpu_system_seconds_total,0.704
1745322207,kashef-k8s-ctl.media-service-6c665c775d-m5vf4,container_cpu_system_seconds_total,0.065
1745322207,kashef-k8s-ctl.url-shorten-mongodb-57c886d5f8-jqtpp,container_cpu_system_seconds_total,0.51
1745322207,kashef-k8s-ctl.user-mention-service-5c4f566c5-qlj9z,container_cpu_system_seconds_total,0.078
1745322207,kashef-k8s-ctl.compose-post-service-f587bf89d-dd7kf,container_cpu_system_seconds_total,0.124
1745322207,kashef-k8s-w1.social-graph-service-677dbc655c-sg995,container_cpu_system_seconds_total,0.085
1745322207,kashef-k8s-w1.home-timeline-redis-6c6647df6f-dv494,container_cpu_system_seconds_total,0.466
1745322207,kashef-k8s-ctl.user-timeline-service-664c7f6696-hz5xq,container_cpu_system_seconds_total,0.063
1745322207,kashef-k8s-w1.url-shorten-service-66949ddcc4-468ds,container_cpu_system_seconds_total,0.062
1745322207,kashef-k8s-ctl.text-service-fff64b8bf-wp774,container_cpu_system_seconds_total,0.071
1745322207,kashef-k8s-ctl.post-storage-memcached-6b75788fc6-5wwtc,container_cpu_system_seconds_total,0.102
1745322207,kashef-k8s-ctl.jaeger-67997f9775-8jsbw,container_cpu_system_seconds_total,0.171
1745322207,kashef-k8s-w1.user-timeline-mongodb-6758898d48-4w2f2,container_cpu_system_seconds_total,0.722
1745322207,kashef-k8s-ctl.post-storage-mongodb-5579669d8c-nfwpl,container_cpu_system_seconds_total,0.423
1745322207,kashef-k8s-w1.user-service-547b88cd8f-lp8p9,container_cpu_system_seconds_total,0.139
1745322207,kashef-k8s-w1.temp-debug-alt,container_cpu_system_seconds_total,0.089
1745322207,kashef-k8s-w1.media-memcached-7889bdfdfb-4hjbd,container_cpu_system_seconds_total,0.103
1745322207,kashef-k8s-ctl.user-memcached-59687c864d-wdcgs,container_cpu_system_seconds_total,0.11
1745322207,kashef-k8s-w1.media-mongodb-7b64c59567-pm2pj,container_cpu_system_seconds_total,0.684
1745322207,kashef-k8s-w1.social-graph-redis-5bbd5b7458-7fcvv,container_cpu_system_seconds_total,0.465
1745322207,kashef-k8s-w1.post-storage-service-66c9966f5f-n629t,container_cpu_system_seconds_total,0.078
1745322207,kashef-k8s-w1.home-timeline-service-5754ffbc6d-kntl9,container_cpu_system_seconds_total,0.076
1745322207,kashef-k8s-ctl.url-shorten-memcached-6546746864-btbq8,container_cpu_system_seconds_total,0.067
1745322207,kashef-k8s-w1.user-timeline-redis-67cc95bc57-2zhdt,container_cpu_system_seconds_total,0.497
1745322207,kashef-k8s-w1.nginx-thrift-79478f9bf5-5zdh4,container_cpu_system_seconds_total,6.011
1745322207,kashef-k8s-w1.social-graph-mongodb-55df767ff5-wwlmr,container_cpu_system_seconds_total,0.718
1745322207,kashef-k8s-ctl.unique-id-service-694497b678-2p45f,container_cpu_system_seconds_total,0.066
1745322207,kashef-k8s-ctl.media-frontend-6b66b95ff4-42hwg,container_cpu_system_seconds_total,5.992
1745322210,kashef-k8s-ctl.unique-id-service-694497b678-2p45f,container_cpu_system_seconds_total,0.066
1745322210,kashef-k8s-ctl.media-frontend-6b66b95ff4-42hwg,container_cpu_system_seconds_total,5.992
1745322210,kashef-k8s-ctl.url-shorten-memcached-6546746864-btbq8,container_cpu_system_seconds_total,0.067
1745322210,kashef-k8s-w1.user-timeline-redis-67cc95bc57-2zhdt,container_cpu_system_seconds_total,0.497
1745322210,kashef-k8s-w1.nginx-thrift-79478f9bf5-5zdh4,container_cpu_system_seconds_total,6.016
1745322210,kashef-k8s-w1.user-service-547b88cd8f-lp8p9,container_cpu_system_seconds_total,0.139
1745322210,kashef-k8s-ctl.post-storage-memcached-6b75788fc6-5wwtc,container_cpu_system_seconds_total,0.102
1745322210,kashef-k8s-w1.social-graph-redis-5bbd5b7458-7fcvv,container_cpu_system_seconds_total,0.465
1745322210,kashef-k8s-w1.post-storage-service-66c9966f5f-n629t,container_cpu_system_seconds_total,0.078
1745322210,kashef-k8s-ctl.post-storage-mongodb-5579669d8c-nfwpl,container_cpu_system_seconds_total,0.423
1745322210,kashef-k8s-w1.user-timeline-mongodb-6758898d48-4w2f2,container_cpu_system_seconds_total,0.775
1745322210,kashef-k8s-ctl.user-timeline-service-664c7f6696-hz5xq,container_cpu_system_seconds_total,0.063
1745322210,kashef-k8s-w1.media-memcached-7889bdfdfb-4hjbd,container_cpu_system_seconds_total,0.11
1745322210,kashef-k8s-ctl.jaeger-67997f9775-8jsbw,container_cpu_system_seconds_total,0.171
1745322210,kashef-k8s-w1.media-mongodb-7b64c59567-pm2pj,container_cpu_system_seconds_total,0.72
1745322210,kashef-k8s-ctl.user-memcached-59687c864d-wdcgs,container_cpu_system_seconds_total,0.11
1745322210,kashef-k8s-w1.temp-debug-alt,container_cpu_system_seconds_total,0.089
1745322210,kashef-k8s-ctl.user-mention-service-5c4f566c5-qlj9z,container_cpu_system_seconds_total,0.078
1745322210,kashef-k8s-w1.social-graph-mongodb-55df767ff5-wwlmr,container_cpu_system_seconds_total,0.765
1745322210,kashef-k8s-ctl.compose-post-service-f587bf89d-dd7kf,container_cpu_system_seconds_total,0.124
1745322210,kashef-k8s-w1.social-graph-service-677dbc655c-sg995,container_cpu_system_seconds_total,0.085
1745322210,kashef-k8s-w1.user-mongodb-7745bbd78-kqpbp,container_cpu_system_seconds_total,0.704
1745322210,kashef-k8s-w1.home-timeline-service-5754ffbc6d-kntl9,container_cpu_system_seconds_total,0.076
1745322210,kashef-k8s-ctl.media-service-6c665c775d-m5vf4,container_cpu_system_seconds_total,0.065
1745322210,kashef-k8s-ctl.url-shorten-mongodb-57c886d5f8-jqtpp,container_cpu_system_seconds_total,0.51
1745322210,kashef-k8s-w1.home-timeline-redis-6c6647df6f-dv494,container_cpu_system_seconds_total,0.499
1745322210,kashef-k8s-ctl.text-service-fff64b8bf-wp774,container_cpu_system_seconds_total,0.071
1745322210,kashef-k8s-w1.url-shorten-service-66949ddcc4-468ds,container_cpu_system_seconds_total,0.063
1745322213,kashef-k8s-ctl.media-frontend-6b66b95ff4-42hwg,container_cpu_system_seconds_total,5.992
1745322213,kashef-k8s-w1.post-storage-service-66c9966f5f-n629t,container_cpu_system_seconds_total,0.078
1745322213,kashef-k8s-w1.media-mongodb-7b64c59567-pm2pj,container_cpu_system_seconds_total,0.72
1745322213,kashef-k8s-w1.nginx-thrift-79478f9bf5-5zdh4,container_cpu_system_seconds_total,6.016
1745322213,kashef-k8s-ctl.user-timeline-service-664c7f6696-hz5xq,container_cpu_system_seconds_total,0.063
1745322213,kashef-k8s-ctl.post-storage-mongodb-5579669d8c-nfwpl,container_cpu_system_seconds_total,0.423
1745322213,kashef-k8s-w1.user-timeline-mongodb-6758898d48-4w2f2,container_cpu_system_seconds_total,0.775
1745322213,kashef-k8s-ctl.post-storage-memcached-6b75788fc6-5wwtc,container_cpu_system_seconds_total,0.102
1745322213,kashef-k8s-w1.temp-debug-alt,container_cpu_system_seconds_total,0.089
1745322213,kashef-k8s-w1.user-service-547b88cd8f-lp8p9,container_cpu_system_seconds_total,0.139
1745322213,kashef-k8s-ctl.user-memcached-59687c864d-wdcgs,container_cpu_system_seconds_total,0.11
1745322213,kashef-k8s-ctl.jaeger-67997f9775-8jsbw,container_cpu_system_seconds_total,0.171
1745322213,kashef-k8s-w1.social-graph-redis-5bbd5b7458-7fcvv,container_cpu_system_seconds_total,0.525
1745322213,kashef-k8s-w1.user-timeline-redis-67cc95bc57-2zhdt,container_cpu_system_seconds_total,0.497
1745322213,kashef-k8s-ctl.unique-id-service-694497b678-2p45f,container_cpu_system_seconds_total,0.066
1745322213,kashef-k8s-w1.home-timeline-redis-6c6647df6f-dv494,container_cpu_system_seconds_total,0.499
1745322213,kashef-k8s-ctl.url-shorten-mongodb-57c886d5f8-jqtpp,container_cpu_system_seconds_total,0.51
1745322213,kashef-k8s-w1.social-graph-service-677dbc655c-sg995,container_cpu_system_seconds_total,0.085
1745322213,kashef-k8s-w1.media-memcached-7889bdfdfb-4hjbd,container_cpu_system_seconds_total,0.11
1745322213,kashef-k8s-ctl.text-service-fff64b8bf-wp774,container_cpu_system_seconds_total,0.071
1745322213,kashef-k8s-w1.url-shorten-service-66949ddcc4-468ds,container_cpu_system_seconds_total,0.063
1745322213,kashef-k8s-ctl.compose-post-service-f587bf89d-dd7kf,container_cpu_system_seconds_total,0.124
1745322213,kashef-k8s-ctl.user-mention-service-5c4f566c5-qlj9z,container_cpu_system_seconds_total,0.078
1745322213,kashef-k8s-w1.user-mongodb-7745bbd78-kqpbp,container_cpu_system_seconds_total,0.704
1745322213,kashef-k8s-ctl.media-service-6c665c775d-m5vf4,container_cpu_system_seconds_total,0.065
1745322213,kashef-k8s-w1.home-timeline-service-5754ffbc6d-kntl9,container_cpu_system_seconds_total,0.076
1745322213,kashef-k8s-w1.social-graph-mongodb-55df767ff5-wwlmr,container_cpu_system_seconds_total,0.765
1745322213,kashef-k8s-ctl.url-shorten-memcached-6546746864-btbq8,container_cpu_system_seconds_total,0.067
1745322216,kashef-k8s-ctl.url-shorten-memcached-6546746864-btbq8,container_cpu_system_seconds_total,0.067
1745322216,kashef-k8s-w1.url-shorten-service-66949ddcc4-468ds,container_cpu_system_seconds_total,0.063
1745322216,kashef-k8s-w1.user-mongodb-7745bbd78-kqpbp,container_cpu_system_seconds_total,0.704
1745322216,kashef-k8s-ctl.media-service-6c665c775d-m5vf4,container_cpu_system_seconds_total,0.065
1745322216,kashef-k8s-w1.media-memcached-7889bdfdfb-4hjbd,container_cpu_system_seconds_total,0.11
1745322216,kashef-k8s-ctl.user-mention-service-5c4f566c5-qlj9z,container_cpu_system_seconds_total,0.078
1745322216,kashef-k8s-ctl.media-frontend-6b66b95ff4-42hwg,container_cpu_system_seconds_total,5.992
1745322216,kashef-k8s-ctl.unique-id-service-694497b678-2p45f,container_cpu_system_seconds_total,0.066
1745322216,kashef-k8s-ctl.compose-post-service-f587bf89d-dd7kf,container_cpu_system_seconds_total,0.124
1745322216,kashef-k8s-w1.home-timeline-redis-6c6647df6f-dv494,container_cpu_system_seconds_total,0.499
1745322216,kashef-k8s-w1.post-storage-service-66c9966f5f-n629t,container_cpu_system_seconds_total,0.078
1745322216,kashef-k8s-ctl.url-shorten-mongodb-57c886d5f8-jqtpp,container_cpu_system_seconds_total,0.51
1745322216,kashef-k8s-w1.social-graph-redis-5bbd5b7458-7fcvv,container_cpu_system_seconds_total,0.525
1745322216,kashef-k8s-ctl.post-storage-memcached-6b75788fc6-5wwtc,container_cpu_system_seconds_total,0.102
1745322216,kashef-k8s-w1.social-graph-service-677dbc655c-sg995,container_cpu_system_seconds_total,0.085
1745322216,kashef-k8s-w1.media-mongodb-7b64c59567-pm2pj,container_cpu_system_seconds_total,0.72
1745322216,kashef-k8s-w1.user-service-547b88cd8f-lp8p9,container_cpu_system_seconds_total,0.139
1745322216,kashef-k8s-ctl.post-storage-mongodb-5579669d8c-nfwpl,container_cpu_system_seconds_total,0.423
1745322216,kashef-k8s-w1.user-timeline-mongodb-6758898d48-4w2f2,container_cpu_system_seconds_total,0.775
1745322216,kashef-k8s-w1.user-timeline-redis-67cc95bc57-2zhdt,container_cpu_system_seconds_total,0.497
1745322216,kashef-k8s-w1.social-graph-mongodb-55df767ff5-wwlmr,container_cpu_system_seconds_total,0.765
1745322216,kashef-k8s-w1.nginx-thrift-79478f9bf5-5zdh4,container_cpu_system_seconds_total,6.016
1745322216,kashef-k8s-w1.home-timeline-service-5754ffbc6d-kntl9,container_cpu_system_seconds_total,0.076
1745322216,kashef-k8s-ctl.jaeger-67997f9775-8jsbw,container_cpu_system_seconds_total,0.171
1745322216,kashef-k8s-w1.temp-debug-alt,container_cpu_system_seconds_total,0.089
1745322216,kashef-k8s-ctl.user-memcached-59687c864d-wdcgs,container_cpu_system_seconds_total,0.11
1745322216,kashef-k8s-ctl.user-timeline-service-664c7f6696-hz5xq,container_cpu_system_seconds_total,0.063
1745322216,kashef-k8s-ctl.text-service-fff64b8bf-wp774,container_cpu_system_seconds_total,0.071
1745322219,kashef-k8s-w1.nginx-thrift-79478f9bf5-5zdh4,container_cpu_system_seconds_total,6.016
1745322219,kashef-k8s-w1.media-memcached-7889bdfdfb-4hjbd,container_cpu_system_seconds_total,0.11
1745322219,kashef-k8s-ctl.media-frontend-6b66b95ff4-42hwg,container_cpu_system_seconds_total,5.992
1745322219,kashef-k8s-w1.user-timeline-redis-67cc95bc57-2zhdt,container_cpu_system_seconds_total,0.497
1745322219,kashef-k8s-w1.post-storage-service-66c9966f5f-n629t,container_cpu_system_seconds_total,0.078
1745322219,kashef-k8s-w1.user-service-547b88cd8f-lp8p9,container_cpu_system_seconds_total,0.139
1745322219,kashef-k8s-w1.user-timeline-mongodb-6758898d48-4w2f2,container_cpu_system_seconds_total,0.775
1745322219,kashef-k8s-w1.social-graph-redis-5bbd5b7458-7fcvv,container_cpu_system_seconds_total,0.525
1745322219,kashef-k8s-ctl.compose-post-service-f587bf89d-dd7kf,container_cpu_system_seconds_total,0.124
1745322219,kashef-k8s-ctl.user-mention-service-5c4f566c5-qlj9z,container_cpu_system_seconds_total,0.078
1745322219,kashef-k8s-ctl.media-service-6c665c775d-m5vf4,container_cpu_system_seconds_total,0.065
1745322219,kashef-k8s-ctl.post-storage-memcached-6b75788fc6-5wwtc,container_cpu_system_seconds_total,0.102
1745322219,kashef-k8s-w1.social-graph-service-677dbc655c-sg995,container_cpu_system_seconds_total,0.085
1745322219,kashef-k8s-w1.user-mongodb-7745bbd78-kqpbp,container_cpu_system_seconds_total,0.704
1745322219,kashef-k8s-w1.url-shorten-service-66949ddcc4-468ds,container_cpu_system_seconds_total,0.063
1745322219,kashef-k8s-ctl.url-shorten-mongodb-57c886d5f8-jqtpp,container_cpu_system_seconds_total,0.55
1745322219,kashef-k8s-ctl.unique-id-service-694497b678-2p45f,container_cpu_system_seconds_total,0.066
1745322219,kashef-k8s-w1.temp-debug-alt,container_cpu_system_seconds_total,0.089
1745322219,kashef-k8s-w1.media-mongodb-7b64c59567-pm2pj,container_cpu_system_seconds_total,0.72
1745322219,kashef-k8s-ctl.user-timeline-service-664c7f6696-hz5xq,container_cpu_system_seconds_total,0.063
1745322219,kashef-k8s-ctl.text-service-fff64b8bf-wp774,container_cpu_system_seconds_total,0.071
1745322219,kashef-k8s-ctl.post-storage-mongodb-5579669d8c-nfwpl,container_cpu_system_seconds_total,0.423
1745322219,kashef-k8s-ctl.user-memcached-59687c864d-wdcgs,container_cpu_system_seconds_total,0.11
1745322219,kashef-k8s-w1.home-timeline-redis-6c6647df6f-dv494,container_cpu_system_seconds_total,0.499
1745322219,kashef-k8s-ctl.url-shorten-memcached-6546746864-btbq8,container_cpu_system_seconds_total,0.067
1745322219,kashef-k8s-w1.social-graph-mongodb-55df767ff5-wwlmr,container_cpu_system_seconds_total,0.765
1745322219,kashef-k8s-ctl.jaeger-67997f9775-8jsbw,container_cpu_system_seconds_total,0.171
1745322219,kashef-k8s-w1.home-timeline-service-5754ffbc6d-kntl9,container_cpu_system_seconds_total,0.076
1745322222,kashef-k8s-w1.user-timeline-redis-67cc95bc57-2zhdt,container_cpu_system_seconds_total,0.497
1745322222,kashef-k8s-w1.nginx-thrift-79478f9bf5-5zdh4,container_cpu_system_seconds_total,6.016
1745322222,kashef-k8s-w1.home-timeline-service-5754ffbc6d-kntl9,container_cpu_system_seconds_total,0.076
1745322222,kashef-k8s-w1.social-graph-mongodb-55df767ff5-wwlmr,container_cpu_system_seconds_total,0.765
1745322222,kashef-k8s-ctl.url-shorten-memcached-6546746864-btbq8,container_cpu_system_seconds_total,0.067
1745322222,kashef-k8s-ctl.post-storage-mongodb-5579669d8c-nfwpl,container_cpu_system_seconds_total,0.423
1745322222,kashef-k8s-ctl.post-storage-memcached-6b75788fc6-5wwtc,container_cpu_system_seconds_total,0.102
1745322222,kashef-k8s-ctl.jaeger-67997f9775-8jsbw,container_cpu_system_seconds_total,0.171
1745322222,kashef-k8s-w1.temp-debug-alt,container_cpu_system_seconds_total,0.089
1745322222,kashef-k8s-w1.user-service-547b88cd8f-lp8p9,container_cpu_system_seconds_total,0.139
1745322222,kashef-k8s-w1.post-storage-service-66c9966f5f-n629t,container_cpu_system_seconds_total,0.078
1745322222,kashef-k8s-w1.media-mongodb-7b64c59567-pm2pj,container_cpu_system_seconds_total,0.72
1745322222,kashef-k8s-w1.home-timeline-redis-6c6647df6f-dv494,container_cpu_system_seconds_total,0.499
1745322222,kashef-k8s-w1.user-timeline-mongodb-6758898d48-4w2f2,container_cpu_system_seconds_total,0.775
1745322222,kashef-k8s-ctl.user-memcached-59687c864d-wdcgs,container_cpu_system_seconds_total,0.11
1745322222,kashef-k8s-ctl.text-service-fff64b8bf-wp774,container_cpu_system_seconds_total,0.071
1745322222,kashef-k8s-ctl.compose-post-service-f587bf89d-dd7kf,container_cpu_system_seconds_total,0.124
1745322222,kashef-k8s-ctl.media-service-6c665c775d-m5vf4,container_cpu_system_seconds_total,0.065
1745322222,kashef-k8s-ctl.user-mention-service-5c4f566c5-qlj9z,container_cpu_system_seconds_total,0.078
1745322222,kashef-k8s-ctl.media-frontend-6b66b95ff4-42hwg,container_cpu_system_seconds_total,5.992
1745322222,kashef-k8s-w1.media-memcached-7889bdfdfb-4hjbd,container_cpu_system_seconds_total,0.11
1745322222,kashef-k8s-w1.user-mongodb-7745bbd78-kqpbp,container_cpu_system_seconds_total,0.704
1745322222,kashef-k8s-ctl.user-timeline-service-664c7f6696-hz5xq,container_cpu_system_seconds_total,0.063
1745322222,kashef-k8s-ctl.unique-id-service-694497b678-2p45f,container_cpu_system_seconds_total,0.066
1745322222,kashef-k8s-w1.url-shorten-service-66949ddcc4-468ds,container_cpu_system_seconds_total,0.063
1745322222,kashef-k8s-w1.social-graph-service-677dbc655c-sg995,container_cpu_system_seconds_total,0.085
1745322222,kashef-k8s-ctl.url-shorten-mongodb-57c886d5f8-jqtpp,container_cpu_system_seconds_total,0.55
1745322222,kashef-k8s-w1.social-graph-redis-5bbd5b7458-7fcvv,container_cpu_system_seconds_total,0.525
1745322225,kashef-k8s-ctl.url-shorten-memcached-6546746864-btbq8,container_cpu_system_seconds_total,0.067
1745322225,kashef-k8s-ctl.post-storage-memcached-6b75788fc6-5wwtc,container_cpu_system_seconds_total,0.102
1745322225,kashef-k8s-ctl.post-storage-mongodb-5579669d8c-nfwpl,container_cpu_system_seconds_total,0.423
1745322225,kashef-k8s-ctl.jaeger-67997f9775-8jsbw,container_cpu_system_seconds_total,0.171
1745322225,kashef-k8s-ctl.compose-post-service-f587bf89d-dd7kf,container_cpu_system_seconds_total,0.124
1745322225,kashef-k8s-w1.temp-debug-alt,container_cpu_system_seconds_total,0.089
1745322225,kashef-k8s-w1.user-mongodb-7745bbd78-kqpbp,container_cpu_system_seconds_total,0.704
1745322225,kashef-k8s-ctl.text-service-fff64b8bf-wp774,container_cpu_system_seconds_total,0.071
1745322225,kashef-k8s-ctl.user-memcached-59687c864d-wdcgs,container_cpu_system_seconds_total,0.11
1745322225,kashef-k8s-w1.post-storage-service-66c9966f5f-n629t,container_cpu_system_seconds_total,0.078
1745322225,kashef-k8s-w1.user-timeline-mongodb-6758898d48-4w2f2,container_cpu_system_seconds_total,0.775
1745322225,kashef-k8s-w1.user-service-547b88cd8f-lp8p9,container_cpu_system_seconds_total,0.139
1745322225,kashef-k8s-w1.social-graph-mongodb-55df767ff5-wwlmr,container_cpu_system_seconds_total,0.765
1745322225,kashef-k8s-w1.nginx-thrift-79478f9bf5-5zdh4,container_cpu_system_seconds_total,6.016
1745322225,kashef-k8s-w1.user-timeline-redis-67cc95bc57-2zhdt,container_cpu_system_seconds_total,0.497
1745322225,kashef-k8s-w1.home-timeline-service-5754ffbc6d-kntl9,container_cpu_system_seconds_total,0.076
1745322225,kashef-k8s-ctl.url-shorten-mongodb-57c886d5f8-jqtpp,container_cpu_system_seconds_total,0.55
1745322225,kashef-k8s-w1.social-graph-redis-5bbd5b7458-7fcvv,container_cpu_system_seconds_total,0.525
1745322225,kashef-k8s-w1.media-mongodb-7b64c59567-pm2pj,container_cpu_system_seconds_total,0.72
1745322225,kashef-k8s-w1.home-timeline-redis-6c6647df6f-dv494,container_cpu_system_seconds_total,0.499
1745322225,kashef-k8s-ctl.user-mention-service-5c4f566c5-qlj9z,container_cpu_system_seconds_total,0.08
1745322225,kashef-k8s-ctl.media-frontend-6b66b95ff4-42hwg,container_cpu_system_seconds_total,5.992
1745322225,kashef-k8s-w1.social-graph-service-677dbc655c-sg995,container_cpu_system_seconds_total,0.085
1745322225,kashef-k8s-w1.media-memcached-7889bdfdfb-4hjbd,container_cpu_system_seconds_total,0.11
1745322225,kashef-k8s-w1.url-shorten-service-66949ddcc4-468ds,container_cpu_system_seconds_total,0.063
1745322225,kashef-k8s-ctl.media-service-6c665c775d-m5vf4,container_cpu_system_seconds_total,0.065
1745322225,kashef-k8s-ctl.unique-id-service-694497b678-2p45f,container_cpu_system_seconds_total,0.066
1745322225,kashef-k8s-ctl.user-timeline-service-664c7f6696-hz5xq,container_cpu_system_seconds_total,0.063
1745322228,kashef-k8s-w1.user-timeline-redis-67cc95bc57-2zhdt,container_cpu_system_seconds_total,0.497
1745322228,kashef-k8s-ctl.media-service-6c665c775d-m5vf4,container_cpu_system_seconds_total,0.065
1745322228,kashef-k8s-ctl.user-memcached-59687c864d-wdcgs,container_cpu_system_seconds_total,0.115
1745322228,kashef-k8s-w1.nginx-thrift-79478f9bf5-5zdh4,container_cpu_system_seconds_total,6.016
1745322228,kashef-k8s-ctl.user-timeline-service-664c7f6696-hz5xq,container_cpu_system_seconds_total,0.063
1745322228,kashef-k8s-ctl.user-mention-service-5c4f566c5-qlj9z,container_cpu_system_seconds_total,0.08
1745322228,kashef-k8s-ctl.post-storage-memcached-6b75788fc6-5wwtc,container_cpu_system_seconds_total,0.104
1745322228,kashef-k8s-w1.media-memcached-7889bdfdfb-4hjbd,container_cpu_system_seconds_total,0.11
1745322228,kashef-k8s-w1.user-timeline-mongodb-6758898d48-4w2f2,container_cpu_system_seconds_total,0.775
1745322228,kashef-k8s-w1.user-service-547b88cd8f-lp8p9,container_cpu_system_seconds_total,0.139
1745322228,kashef-k8s-ctl.unique-id-service-694497b678-2p45f,container_cpu_system_seconds_total,0.066
1745322228,kashef-k8s-w1.home-timeline-service-5754ffbc6d-kntl9,container_cpu_system_seconds_total,0.076
1745322228,kashef-k8s-ctl.url-shorten-mongodb-57c886d5f8-jqtpp,container_cpu_system_seconds_total,0.55
1745322228,kashef-k8s-ctl.text-service-fff64b8bf-wp774,container_cpu_system_seconds_total,0.071
1745322228,kashef-k8s-w1.home-timeline-redis-6c6647df6f-dv494,container_cpu_system_seconds_total,0.499
1745322228,kashef-k8s-w1.social-graph-service-677dbc655c-sg995,container_cpu_system_seconds_total,0.085
1745322228,kashef-k8s-ctl.compose-post-service-f587bf89d-dd7kf,container_cpu_system_seconds_total,0.124
1745322228,kashef-k8s-ctl.jaeger-67997f9775-8jsbw,container_cpu_system_seconds_total,0.171
1745322228,kashef-k8s-w1.temp-debug-alt,container_cpu_system_seconds_total,0.089
1745322228,kashef-k8s-ctl.post-storage-mongodb-5579669d8c-nfwpl,container_cpu_system_seconds_total,0.423
1745322228,kashef-k8s-ctl.url-shorten-memcached-6546746864-btbq8,container_cpu_system_seconds_total,0.067
1745322228,kashef-k8s-w1.media-mongodb-7b64c59567-pm2pj,container_cpu_system_seconds_total,0.72
1745322228,kashef-k8s-w1.url-shorten-service-66949ddcc4-468ds,container_cpu_system_seconds_total,0.063
1745322228,kashef-k8s-w1.social-graph-mongodb-55df767ff5-wwlmr,container_cpu_system_seconds_total,0.765
1745322228,kashef-k8s-w1.social-graph-redis-5bbd5b7458-7fcvv,container_cpu_system_seconds_total,0.525
1745322228,kashef-k8s-ctl.media-frontend-6b66b95ff4-42hwg,container_cpu_system_seconds_total,5.992
1745322228,kashef-k8s-w1.post-storage-service-66c9966f5f-n629t,container_cpu_system_seconds_total,0.078
1745322228,kashef-k8s-w1.user-mongodb-7745bbd78-kqpbp,container_cpu_system_seconds_total,0.704
1745322231,kashef-k8s-ctl.user-mention-service-5c4f566c5-qlj9z,container_cpu_system_seconds_total,0.08
1745322231,kashef-k8s-ctl.url-shorten-mongodb-57c886d5f8-jqtpp,container_cpu_system_seconds_total,0.55
1745322231,kashef-k8s-ctl.user-memcached-59687c864d-wdcgs,container_cpu_system_seconds_total,0.115
1745322231,kashef-k8s-w1.media-memcached-7889bdfdfb-4hjbd,container_cpu_system_seconds_total,0.11
1745322231,kashef-k8s-w1.social-graph-service-677dbc655c-sg995,container_cpu_system_seconds_total,0.085
1745322231,kashef-k8s-w1.user-service-547b88cd8f-lp8p9,container_cpu_system_seconds_total,0.139
1745322231,kashef-k8s-ctl.jaeger-67997f9775-8jsbw,container_cpu_system_seconds_total,0.174
1745322231,kashef-k8s-w1.user-timeline-mongodb-6758898d48-4w2f2,container_cpu_system_seconds_total,0.775
1745322231,kashef-k8s-w1.home-timeline-service-5754ffbc6d-kntl9,container_cpu_system_seconds_total,0.076
1745322231,kashef-k8s-ctl.post-storage-memcached-6b75788fc6-5wwtc,container_cpu_system_seconds_total,0.104
1745322231,kashef-k8s-w1.home-timeline-redis-6c6647df6f-dv494,container_cpu_system_seconds_total,0.499
1745322231,kashef-k8s-ctl.text-service-fff64b8bf-wp774,container_cpu_system_seconds_total,0.071
1745322231,kashef-k8s-ctl.user-timeline-service-664c7f6696-hz5xq,container_cpu_system_seconds_total,0.065
1745322231,kashef-k8s-w1.nginx-thrift-79478f9bf5-5zdh4,container_cpu_system_seconds_total,6.016
1745322231,kashef-k8s-w1.media-mongodb-7b64c59567-pm2pj,container_cpu_system_seconds_total,0.72
1745322231,kashef-k8s-ctl.media-service-6c665c775d-m5vf4,container_cpu_system_seconds_total,0.065
1745322231,kashef-k8s-ctl.media-frontend-6b66b95ff4-42hwg,container_cpu_system_seconds_total,5.992
1745322231,kashef-k8s-w1.social-graph-redis-5bbd5b7458-7fcvv,container_cpu_system_seconds_total,0.525
1745322231,kashef-k8s-w1.user-mongodb-7745bbd78-kqpbp,container_cpu_system_seconds_total,0.704
1745322231,kashef-k8s-w1.post-storage-service-66c9966f5f-n629t,container_cpu_system_seconds_total,0.078
1745322231,kashef-k8s-w1.temp-debug-alt,container_cpu_system_seconds_total,0.089
1745322231,kashef-k8s-ctl.post-storage-mongodb-5579669d8c-nfwpl,container_cpu_system_seconds_total,0.457
1745322231,kashef-k8s-ctl.unique-id-service-694497b678-2p45f,container_cpu_system_seconds_total,0.066
1745322231,kashef-k8s-ctl.compose-post-service-f587bf89d-dd7kf,container_cpu_system_seconds_total,0.124
1745322231,kashef-k8s-w1.user-timeline-redis-67cc95bc57-2zhdt,container_cpu_system_seconds_total,0.497
1745322231,kashef-k8s-ctl.url-shorten-memcached-6546746864-btbq8,container_cpu_system_seconds_total,0.068
1745322231,kashef-k8s-w1.social-graph-mongodb-55df767ff5-wwlmr,container_cpu_system_seconds_total,0.765
1745322231,kashef-k8s-w1.url-shorten-service-66949ddcc4-468ds,container_cpu_system_seconds_total,0.063
1745322234,kashef-k8s-w1.nginx-thrift-79478f9bf5-5zdh4,container_cpu_system_seconds_total,6.016
1745322234,kashef-k8s-w1.temp-debug-alt,container_cpu_system_seconds_total,0.089
1745322234,kashef-k8s-ctl.unique-id-service-694497b678-2p45f,container_cpu_system_seconds_total,0.066
1745322234,kashef-k8s-ctl.compose-post-service-f587bf89d-dd7kf,container_cpu_system_seconds_total,0.124
1745322234,kashef-k8s-w1.social-graph-redis-5bbd5b7458-7fcvv,container_cpu_system_seconds_total,0.525
1745322234,kashef-k8s-ctl.user-timeline-service-664c7f6696-hz5xq,container_cpu_system_seconds_total,0.065
1745322234,kashef-k8s-ctl.user-memcached-59687c864d-wdcgs,container_cpu_system_seconds_total,0.115
1745322234,kashef-k8s-ctl.media-service-6c665c775d-m5vf4,container_cpu_system_seconds_total,0.065
1745322234,kashef-k8s-ctl.media-frontend-6b66b95ff4-42hwg,container_cpu_system_seconds_total,5.992
1745322234,kashef-k8s-w1.media-memcached-7889bdfdfb-4hjbd,container_cpu_system_seconds_total,0.11
1745322234,kashef-k8s-w1.social-graph-service-677dbc655c-sg995,container_cpu_system_seconds_total,0.085
1745322234,kashef-k8s-w1.social-graph-mongodb-55df767ff5-wwlmr,container_cpu_system_seconds_total,0.765
1745322234,kashef-k8s-ctl.user-mention-service-5c4f566c5-qlj9z,container_cpu_system_seconds_total,0.08
1745322234,kashef-k8s-ctl.post-storage-mongodb-5579669d8c-nfwpl,container_cpu_system_seconds_total,0.457
1745322234,kashef-k8s-w1.home-timeline-redis-6c6647df6f-dv494,container_cpu_system_seconds_total,0.499
1745322234,kashef-k8s-ctl.post-storage-memcached-6b75788fc6-5wwtc,container_cpu_system_seconds_total,0.104
1745322234,kashef-k8s-w1.user-service-547b88cd8f-lp8p9,container_cpu_system_seconds_total,0.14
1745322234,kashef-k8s-ctl.url-shorten-mongodb-57c886d5f8-jqtpp,container_cpu_system_seconds_total,0.55
1745322234,kashef-k8s-w1.user-mongodb-7745bbd78-kqpbp,container_cpu_system_seconds_total,0.704
1745322234,kashef-k8s-w1.user-timeline-mongodb-6758898d48-4w2f2,container_cpu_system_seconds_total,0.775
1745322234,kashef-k8s-ctl.text-service-fff64b8bf-wp774,container_cpu_system_seconds_total,0.071
1745322234,kashef-k8s-ctl.jaeger-67997f9775-8jsbw,container_cpu_system_seconds_total,0.174
1745322234,kashef-k8s-w1.post-storage-service-66c9966f5f-n629t,container_cpu_system_seconds_total,0.079
1745322234,kashef-k8s-w1.url-shorten-service-66949ddcc4-468ds,container_cpu_system_seconds_total,0.063
1745322234,kashef-k8s-ctl.url-shorten-memcached-6546746864-btbq8,container_cpu_system_seconds_total,0.068
1745322234,kashef-k8s-w1.user-timeline-redis-67cc95bc57-2zhdt,container_cpu_system_seconds_total,0.497
1745322234,kashef-k8s-w1.media-mongodb-7b64c59567-pm2pj,container_cpu_system_seconds_total,0.757
1745322234,kashef-k8s-w1.home-timeline-service-5754ffbc6d-kntl9,container_cpu_system_seconds_total,0.076
1745322237,kashef-k8s-w1.media-mongodb-7b64c59567-pm2pj,container_cpu_system_seconds_total,0.757
1745322237,kashef-k8s-w1.home-timeline-service-5754ffbc6d-kntl9,container_cpu_system_seconds_total,0.076
1745322237,kashef-k8s-w1.url-shorten-service-66949ddcc4-468ds,container_cpu_system_seconds_total,0.063
1745322237,kashef-k8s-w1.user-timeline-redis-67cc95bc57-2zhdt,container_cpu_system_seconds_total,0.497
1745322237,kashef-k8s-ctl.jaeger-67997f9775-8jsbw,container_cpu_system_seconds_total,0.174
1745322237,kashef-k8s-w1.home-timeline-redis-6c6647df6f-dv494,container_cpu_system_seconds_total,0.499
1745322237,kashef-k8s-ctl.text-service-fff64b8bf-wp774,container_cpu_system_seconds_total,0.071
1745322237,kashef-k8s-w1.social-graph-redis-5bbd5b7458-7fcvv,container_cpu_system_seconds_total,0.525
1745322237,kashef-k8s-w1.user-service-547b88cd8f-lp8p9,container_cpu_system_seconds_total,0.14
1745322237,kashef-k8s-ctl.url-shorten-mongodb-57c886d5f8-jqtpp,container_cpu_system_seconds_total,0.55
1745322237,kashef-k8s-ctl.post-storage-mongodb-5579669d8c-nfwpl,container_cpu_system_seconds_total,0.457
1745322237,kashef-k8s-ctl.user-mention-service-5c4f566c5-qlj9z,container_cpu_system_seconds_total,0.08
1745322237,kashef-k8s-w1.social-graph-service-677dbc655c-sg995,container_cpu_system_seconds_total,0.085
1745322237,kashef-k8s-ctl.post-storage-memcached-6b75788fc6-5wwtc,container_cpu_system_seconds_total,0.104
1745322237,kashef-k8s-w1.user-mongodb-7745bbd78-kqpbp,container_cpu_system_seconds_total,0.704
1745322237,kashef-k8s-w1.user-timeline-mongodb-6758898d48-4w2f2,container_cpu_system_seconds_total,0.775
1745322237,kashef-k8s-ctl.user-memcached-59687c864d-wdcgs,container_cpu_system_seconds_total,0.115
1745322237,kashef-k8s-w1.media-memcached-7889bdfdfb-4hjbd,container_cpu_system_seconds_total,0.11
1745322237,kashef-k8s-w1.temp-debug-alt,container_cpu_system_seconds_total,0.089
1745322237,kashef-k8s-ctl.compose-post-service-f587bf89d-dd7kf,container_cpu_system_seconds_total,0.124
1745322237,kashef-k8s-ctl.media-service-6c665c775d-m5vf4,container_cpu_system_seconds_total,0.065
1745322237,kashef-k8s-ctl.unique-id-service-694497b678-2p45f,container_cpu_system_seconds_total,0.066
1745322237,kashef-k8s-w1.nginx-thrift-79478f9bf5-5zdh4,container_cpu_system_seconds_total,6.016
1745322237,kashef-k8s-ctl.user-timeline-service-664c7f6696-hz5xq,container_cpu_system_seconds_total,0.065
1745322237,kashef-k8s-w1.post-storage-service-66c9966f5f-n629t,container_cpu_system_seconds_total,0.079
1745322237,kashef-k8s-w1.social-graph-mongodb-55df767ff5-wwlmr,container_cpu_system_seconds_total,0.806
1745322237,kashef-k8s-ctl.url-shorten-memcached-6546746864-btbq8,container_cpu_system_seconds_total,0.068
1745322237,kashef-k8s-ctl.media-frontend-6b66b95ff4-42hwg,container_cpu_system_seconds_total,5.992
1745322240,kashef-k8s-w1.home-timeline-redis-6c6647df6f-dv494,container_cpu_system_seconds_total,0.499
1745322240,kashef-k8s-ctl.jaeger-67997f9775-8jsbw,container_cpu_system_seconds_total,0.174
1745322240,kashef-k8s-ctl.compose-post-service-f587bf89d-dd7kf,container_cpu_system_seconds_total,0.124
1745322240,kashef-k8s-w1.nginx-thrift-79478f9bf5-5zdh4,container_cpu_system_seconds_total,6.023
1745322240,kashef-k8s-ctl.post-storage-mongodb-5579669d8c-nfwpl,container_cpu_system_seconds_total,0.457
1745322240,kashef-k8s-ctl.user-mention-service-5c4f566c5-qlj9z,container_cpu_system_seconds_total,0.08
1745322240,kashef-k8s-w1.user-service-547b88cd8f-lp8p9,container_cpu_system_seconds_total,0.14
1745322240,kashef-k8s-ctl.url-shorten-mongodb-57c886d5f8-jqtpp,container_cpu_system_seconds_total,0.55
1745322240,kashef-k8s-w1.user-mongodb-7745bbd78-kqpbp,container_cpu_system_seconds_total,0.748
1745322240,kashef-k8s-w1.user-timeline-mongodb-6758898d48-4w2f2,container_cpu_system_seconds_total,0.812
1745322240,kashef-k8s-w1.social-graph-service-677dbc655c-sg995,container_cpu_system_seconds_total,0.085
1745322240,kashef-k8s-ctl.post-storage-memcached-6b75788fc6-5wwtc,container_cpu_system_seconds_total,0.104
1745322240,kashef-k8s-w1.social-graph-mongodb-55df767ff5-wwlmr,container_cpu_system_seconds_total,0.806
1745322240,kashef-k8s-w1.url-shorten-service-66949ddcc4-468ds,container_cpu_system_seconds_total,0.063
1745322240,kashef-k8s-w1.home-timeline-service-5754ffbc6d-kntl9,container_cpu_system_seconds_total,0.076
1745322240,kashef-k8s-w1.media-mongodb-7b64c59567-pm2pj,container_cpu_system_seconds_total,0.757
1745322240,kashef-k8s-ctl.text-service-fff64b8bf-wp774,container_cpu_system_seconds_total,0.071
1745322240,kashef-k8s-ctl.media-frontend-6b66b95ff4-42hwg,container_cpu_system_seconds_total,5.992
1745322240,kashef-k8s-w1.social-graph-redis-5bbd5b7458-7fcvv,container_cpu_system_seconds_total,0.566
1745322240,kashef-k8s-w1.post-storage-service-66c9966f5f-n629t,container_cpu_system_seconds_total,0.079
1745322240,kashef-k8s-ctl.media-service-6c665c775d-m5vf4,container_cpu_system_seconds_total,0.065
1745322240,kashef-k8s-w1.temp-debug-alt,container_cpu_system_seconds_total,0.089
1745322240,kashef-k8s-ctl.user-memcached-59687c864d-wdcgs,container_cpu_system_seconds_total,0.115
1745322240,kashef-k8s-w1.media-memcached-7889bdfdfb-4hjbd,container_cpu_system_seconds_total,0.11
1745322240,kashef-k8s-ctl.unique-id-service-694497b678-2p45f,container_cpu_system_seconds_total,0.066
1745322240,kashef-k8s-ctl.user-timeline-service-664c7f6696-hz5xq,container_cpu_system_seconds_total,0.065
1745322240,kashef-k8s-ctl.url-shorten-memcached-6546746864-btbq8,container_cpu_system_seconds_total,0.068
1745322240,kashef-k8s-w1.user-timeline-redis-67cc95bc57-2zhdt,container_cpu_system_seconds_total,0.497
1745322243,kashef-k8s-w1.user-timeline-redis-67cc95bc57-2zhdt,container_cpu_system_seconds_total,0.552
1745322243,kashef-k8s-w1.media-memcached-7889bdfdfb-4hjbd,container_cpu_system_seconds_total,0.116
1745322243,kashef-k8s-w1.social-graph-mongodb-55df767ff5-wwlmr,container_cpu_system_seconds_total,0.806
1745322243,kashef-k8s-w1.nginx-thrift-79478f9bf5-5zdh4,container_cpu_system_seconds_total,6.023
1745322243,kashef-k8s-w1.user-timeline-mongodb-6758898d48-4w2f2,container_cpu_system_seconds_total,0.812
1745322243,kashef-k8s-ctl.url-shorten-memcached-6546746864-btbq8,container_cpu_system_seconds_total,0.068
1745322243,kashef-k8s-w1.user-mongodb-7745bbd78-kqpbp,container_cpu_system_seconds_total,0.748
1745322243,kashef-k8s-w1.social-graph-redis-5bbd5b7458-7fcvv,container_cpu_system_seconds_total,0.566
1745322243,kashef-k8s-ctl.jaeger-67997f9775-8jsbw,container_cpu_system_seconds_total,0.174
1745322243,kashef-k8s-w1.user-service-547b88cd8f-lp8p9,container_cpu_system_seconds_total,0.14
1745322243,kashef-k8s-ctl.media-service-6c665c775d-m5vf4,container_cpu_system_seconds_total,0.065
1745322243,kashef-k8s-ctl.user-timeline-service-664c7f6696-hz5xq,container_cpu_system_seconds_total,0.065
1745322243,kashef-k8s-w1.home-timeline-redis-6c6647df6f-dv494,container_cpu_system_seconds_total,0.525
1745322243,kashef-k8s-ctl.url-shorten-mongodb-57c886d5f8-jqtpp,container_cpu_system_seconds_total,0.55
1745322243,kashef-k8s-ctl.compose-post-service-f587bf89d-dd7kf,container_cpu_system_seconds_total,0.124
1745322243,kashef-k8s-ctl.text-service-fff64b8bf-wp774,container_cpu_system_seconds_total,0.071
1745322243,kashef-k8s-ctl.unique-id-service-694497b678-2p45f,container_cpu_system_seconds_total,0.066
1745322243,kashef-k8s-w1.social-graph-service-677dbc655c-sg995,container_cpu_system_seconds_total,0.085
1745322243,kashef-k8s-w1.temp-debug-alt,container_cpu_system_seconds_total,0.118
1745322243,kashef-k8s-ctl.media-frontend-6b66b95ff4-42hwg,container_cpu_system_seconds_total,5.992
1745322243,kashef-k8s-ctl.post-storage-mongodb-5579669d8c-nfwpl,container_cpu_system_seconds_total,0.457
1745322243,kashef-k8s-ctl.user-mention-service-5c4f566c5-qlj9z,container_cpu_system_seconds_total,0.08
1745322243,kashef-k8s-w1.post-storage-service-66c9966f5f-n629t,container_cpu_system_seconds_total,0.079
1745322243,kashef-k8s-w1.media-mongodb-7b64c59567-pm2pj,container_cpu_system_seconds_total,0.757
1745322243,kashef-k8s-ctl.user-memcached-59687c864d-wdcgs,container_cpu_system_seconds_total,0.115
1745322243,kashef-k8s-ctl.post-storage-memcached-6b75788fc6-5wwtc,container_cpu_system_seconds_total,0.104
1745322243,kashef-k8s-w1.url-shorten-service-66949ddcc4-468ds,container_cpu_system_seconds_total,0.063
1745322243,kashef-k8s-w1.home-timeline-service-5754ffbc6d-kntl9,container_cpu_system_seconds_total,0.076
1745322246,kashef-k8s-w1.user-mongodb-7745bbd78-kqpbp,container_cpu_system_seconds_total,0.748
1745322246,kashef-k8s-w1.home-timeline-service-5754ffbc6d-kntl9,container_cpu_system_seconds_total,0.076
1745322246,kashef-k8s-w1.url-shorten-service-66949ddcc4-468ds,container_cpu_system_seconds_total,0.063
1745322246,kashef-k8s-w1.media-mongodb-7b64c59567-pm2pj,container_cpu_system_seconds_total,0.757
1745322246,kashef-k8s-ctl.post-storage-mongodb-5579669d8c-nfwpl,container_cpu_system_seconds_total,0.457
1745322246,kashef-k8s-w1.post-storage-service-66c9966f5f-n629t,container_cpu_system_seconds_total,0.079
1745322246,kashef-k8s-ctl.post-storage-memcached-6b75788fc6-5wwtc,container_cpu_system_seconds_total,0.104
1745322246,kashef-k8s-ctl.user-memcached-59687c864d-wdcgs,container_cpu_system_seconds_total,0.115
1745322246,kashef-k8s-ctl.url-shorten-mongodb-57c886d5f8-jqtpp,container_cpu_system_seconds_total,0.55
1745322246,kashef-k8s-ctl.user-mention-service-5c4f566c5-qlj9z,container_cpu_system_seconds_total,0.08
1745322246,kashef-k8s-w1.user-service-547b88cd8f-lp8p9,container_cpu_system_seconds_total,0.14
1745322246,kashef-k8s-ctl.compose-post-service-f587bf89d-dd7kf,container_cpu_system_seconds_total,0.124
1745322246,kashef-k8s-ctl.media-frontend-6b66b95ff4-42hwg,container_cpu_system_seconds_total,5.992
1745322246,kashef-k8s-w1.home-timeline-redis-6c6647df6f-dv494,container_cpu_system_seconds_total,0.525
1745322246,kashef-k8s-w1.temp-debug-alt,container_cpu_system_seconds_total,0.118
1745322246,kashef-k8s-ctl.url-shorten-memcached-6546746864-btbq8,container_cpu_system_seconds_total,0.069
1745322246,kashef-k8s-w1.media-memcached-7889bdfdfb-4hjbd,container_cpu_system_seconds_total,0.116
1745322246,kashef-k8s-ctl.jaeger-67997f9775-8jsbw,container_cpu_system_seconds_total,0.174
1745322246,kashef-k8s-ctl.user-timeline-service-664c7f6696-hz5xq,container_cpu_system_seconds_total,0.065
1745322246,kashef-k8s-w1.user-timeline-mongodb-6758898d48-4w2f2,container_cpu_system_seconds_total,0.812
1745322246,kashef-k8s-w1.social-graph-mongodb-55df767ff5-wwlmr,container_cpu_system_seconds_total,0.806
1745322246,kashef-k8s-w1.nginx-thrift-79478f9bf5-5zdh4,container_cpu_system_seconds_total,6.023
1745322246,kashef-k8s-w1.social-graph-service-677dbc655c-sg995,container_cpu_system_seconds_total,0.085
1745322246,kashef-k8s-w1.user-timeline-redis-67cc95bc57-2zhdt,container_cpu_system_seconds_total,0.552
1745322246,kashef-k8s-w1.social-graph-redis-5bbd5b7458-7fcvv,container_cpu_system_seconds_total,0.566
1745322246,kashef-k8s-ctl.unique-id-service-694497b678-2p45f,container_cpu_system_seconds_total,0.066
1745322246,kashef-k8s-ctl.text-service-fff64b8bf-wp774,container_cpu_system_seconds_total,0.071
1745322246,kashef-k8s-ctl.media-service-6c665c775d-m5vf4,container_cpu_system_seconds_total,0.065
1745322249,kashef-k8s-w1.post-storage-service-66c9966f5f-n629t,container_cpu_system_seconds_total,0.079
1745322249,kashef-k8s-ctl.post-storage-mongodb-5579669d8c-nfwpl,container_cpu_system_seconds_total,0.457
1745322249,kashef-k8s-ctl.user-memcached-59687c864d-wdcgs,container_cpu_system_seconds_total,0.115
1745322249,kashef-k8s-ctl.media-frontend-6b66b95ff4-42hwg,container_cpu_system_seconds_total,5.992
1745322249,kashef-k8s-w1.social-graph-redis-5bbd5b7458-7fcvv,container_cpu_system_seconds_total,0.566
1745322249,kashef-k8s-w1.home-timeline-service-5754ffbc6d-kntl9,container_cpu_system_seconds_total,0.076
1745322249,kashef-k8s-ctl.user-mention-service-5c4f566c5-qlj9z,container_cpu_system_seconds_total,0.08
1745322249,kashef-k8s-ctl.url-shorten-mongodb-57c886d5f8-jqtpp,container_cpu_system_seconds_total,0.55
1745322249,kashef-k8s-ctl.compose-post-service-f587bf89d-dd7kf,container_cpu_system_seconds_total,0.124
1745322249,kashef-k8s-w1.media-mongodb-7b64c59567-pm2pj,container_cpu_system_seconds_total,0.757
1745322249,kashef-k8s-w1.temp-debug-alt,container_cpu_system_seconds_total,0.118
1745322249,kashef-k8s-w1.home-timeline-redis-6c6647df6f-dv494,container_cpu_system_seconds_total,0.525
1745322249,kashef-k8s-w1.url-shorten-service-66949ddcc4-468ds,container_cpu_system_seconds_total,0.063
1745322249,kashef-k8s-w1.user-timeline-redis-67cc95bc57-2zhdt,container_cpu_system_seconds_total,0.552
1745322249,kashef-k8s-ctl.url-shorten-memcached-6546746864-btbq8,container_cpu_system_seconds_total,0.069
1745322249,kashef-k8s-w1.social-graph-mongodb-55df767ff5-wwlmr,container_cpu_system_seconds_total,0.806
1745322249,kashef-k8s-ctl.text-service-fff64b8bf-wp774,container_cpu_system_seconds_total,0.071
1745322249,kashef-k8s-w1.user-mongodb-7745bbd78-kqpbp,container_cpu_system_seconds_total,0.748
1745322249,kashef-k8s-w1.nginx-thrift-79478f9bf5-5zdh4,container_cpu_system_seconds_total,6.023
1745322249,kashef-k8s-ctl.media-service-6c665c775d-m5vf4,container_cpu_system_seconds_total,0.065
1745322249,kashef-k8s-ctl.user-timeline-service-664c7f6696-hz5xq,container_cpu_system_seconds_total,0.066
1745322249,kashef-k8s-w1.user-timeline-mongodb-6758898d48-4w2f2,container_cpu_system_seconds_total,0.812
1745322249,kashef-k8s-ctl.unique-id-service-694497b678-2p45f,container_cpu_system_seconds_total,0.066
1745322249,kashef-k8s-w1.user-service-547b88cd8f-lp8p9,container_cpu_system_seconds_total,0.14
1745322249,kashef-k8s-ctl.jaeger-67997f9775-8jsbw,container_cpu_system_seconds_total,0.177
1745322249,kashef-k8s-ctl.post-storage-memcached-6b75788fc6-5wwtc,container_cpu_system_seconds_total,0.107
1745322249,kashef-k8s-w1.media-memcached-7889bdfdfb-4hjbd,container_cpu_system_seconds_total,0.116
1745322249,kashef-k8s-w1.social-graph-service-677dbc655c-sg995,container_cpu_system_seconds_total,0.085
1745322252,kashef-k8s-w1.social-graph-mongodb-55df767ff5-wwlmr,container_cpu_system_seconds_total,0.806
1745322252,kashef-k8s-w1.user-service-547b88cd8f-lp8p9,container_cpu_system_seconds_total,0.14
1745322252,kashef-k8s-ctl.jaeger-67997f9775-8jsbw,container_cpu_system_seconds_total,0.177
1745322252,kashef-k8s-w1.social-graph-redis-5bbd5b7458-7fcvv,container_cpu_system_seconds_total,0.566
1745322252,kashef-k8s-w1.media-memcached-7889bdfdfb-4hjbd,container_cpu_system_seconds_total,0.116
1745322252,kashef-k8s-w1.user-mongodb-7745bbd78-kqpbp,container_cpu_system_seconds_total,0.748
1745322252,kashef-k8s-ctl.url-shorten-memcached-6546746864-btbq8,container_cpu_system_seconds_total,0.069
1745322252,kashef-k8s-w1.url-shorten-service-66949ddcc4-468ds,container_cpu_system_seconds_total,0.063
1745322252,kashef-k8s-ctl.media-service-6c665c775d-m5vf4,container_cpu_system_seconds_total,0.065
1745322252,kashef-k8s-w1.social-graph-service-677dbc655c-sg995,container_cpu_system_seconds_total,0.085
1745322252,kashef-k8s-ctl.url-shorten-mongodb-57c886d5f8-jqtpp,container_cpu_system_seconds_total,0.593
1745322252,kashef-k8s-w1.home-timeline-service-5754ffbc6d-kntl9,container_cpu_system_seconds_total,0.076
1745322252,kashef-k8s-ctl.post-storage-mongodb-5579669d8c-nfwpl,container_cpu_system_seconds_total,0.457
1745322252,kashef-k8s-ctl.compose-post-service-f587bf89d-dd7kf,container_cpu_system_seconds_total,0.124
1745322252,kashef-k8s-ctl.post-storage-memcached-6b75788fc6-5wwtc,container_cpu_system_seconds_total,0.107
1745322252,kashef-k8s-ctl.user-mention-service-5c4f566c5-qlj9z,container_cpu_system_seconds_total,0.08
1745322252,kashef-k8s-w1.home-timeline-redis-6c6647df6f-dv494,container_cpu_system_seconds_total,0.525
1745322252,kashef-k8s-w1.post-storage-service-66c9966f5f-n629t,container_cpu_system_seconds_total,0.079
1745322252,kashef-k8s-ctl.user-timeline-service-664c7f6696-hz5xq,container_cpu_system_seconds_total,0.066
1745322252,kashef-k8s-ctl.text-service-fff64b8bf-wp774,container_cpu_system_seconds_total,0.071
1745322252,kashef-k8s-ctl.unique-id-service-694497b678-2p45f,container_cpu_system_seconds_total,0.066
1745322252,kashef-k8s-ctl.user-memcached-59687c864d-wdcgs,container_cpu_system_seconds_total,0.115
1745322252,kashef-k8s-w1.user-timeline-redis-67cc95bc57-2zhdt,container_cpu_system_seconds_total,0.552
1745322252,kashef-k8s-w1.nginx-thrift-79478f9bf5-5zdh4,container_cpu_system_seconds_total,6.023
1745322252,kashef-k8s-w1.user-timeline-mongodb-6758898d48-4w2f2,container_cpu_system_seconds_total,0.812
1745322252,kashef-k8s-w1.temp-debug-alt,container_cpu_system_seconds_total,0.118
1745322252,kashef-k8s-w1.media-mongodb-7b64c59567-pm2pj,container_cpu_system_seconds_total,0.757
1745322252,kashef-k8s-ctl.media-frontend-6b66b95ff4-42hwg,container_cpu_system_seconds_total,5.992
1745322255,kashef-k8s-w1.media-memcached-7889bdfdfb-4hjbd,container_cpu_system_seconds_total,0.116
1745322255,kashef-k8s-ctl.url-shorten-memcached-6546746864-btbq8,container_cpu_system_seconds_total,0.069
1745322255,kashef-k8s-w1.social-graph-redis-5bbd5b7458-7fcvv,container_cpu_system_seconds_total,0.566
1745322255,kashef-k8s-w1.user-service-547b88cd8f-lp8p9,container_cpu_system_seconds_total,0.14
1745322255,kashef-k8s-ctl.url-shorten-mongodb-57c886d5f8-jqtpp,container_cpu_system_seconds_total,0.593
1745322255,kashef-k8s-ctl.compose-post-service-f587bf89d-dd7kf,container_cpu_system_seconds_total,0.124
1745322255,kashef-k8s-w1.home-timeline-service-5754ffbc6d-kntl9,container_cpu_system_seconds_total,0.076
1745322255,kashef-k8s-ctl.post-storage-memcached-6b75788fc6-5wwtc,container_cpu_system_seconds_total,0.107
1745322255,kashef-k8s-w1.media-mongodb-7b64c59567-pm2pj,container_cpu_system_seconds_total,0.757
1745322255,kashef-k8s-w1.home-timeline-redis-6c6647df6f-dv494,container_cpu_system_seconds_total,0.525
1745322255,kashef-k8s-ctl.jaeger-67997f9775-8jsbw,container_cpu_system_seconds_total,0.177
1745322255,kashef-k8s-w1.temp-debug-alt,container_cpu_system_seconds_total,0.118
1745322255,kashef-k8s-ctl.user-mention-service-5c4f566c5-qlj9z,container_cpu_system_seconds_total,0.081
1745322255,kashef-k8s-ctl.media-service-6c665c775d-m5vf4,container_cpu_system_seconds_total,0.065
1745322255,kashef-k8s-w1.social-graph-mongodb-55df767ff5-wwlmr,container_cpu_system_seconds_total,0.806
1745322255,kashef-k8s-w1.url-shorten-service-66949ddcc4-468ds,container_cpu_system_seconds_total,0.063
1745322255,kashef-k8s-ctl.text-service-fff64b8bf-wp774,container_cpu_system_seconds_total,0.071
1745322255,kashef-k8s-w1.user-timeline-mongodb-6758898d48-4w2f2,container_cpu_system_seconds_total,0.812
1745322255,kashef-k8s-ctl.post-storage-mongodb-5579669d8c-nfwpl,container_cpu_system_seconds_total,0.457
1745322255,kashef-k8s-ctl.media-frontend-6b66b95ff4-42hwg,container_cpu_system_seconds_total,5.992
1745322255,kashef-k8s-w1.social-graph-service-677dbc655c-sg995,container_cpu_system_seconds_total,0.085
1745322255,kashef-k8s-ctl.unique-id-service-694497b678-2p45f,container_cpu_system_seconds_total,0.067
1745322255,kashef-k8s-w1.user-mongodb-7745bbd78-kqpbp,container_cpu_system_seconds_total,0.748
1745322255,kashef-k8s-w1.post-storage-service-66c9966f5f-n629t,container_cpu_system_seconds_total,0.079
1745322255,kashef-k8s-ctl.user-memcached-59687c864d-wdcgs,container_cpu_system_seconds_total,0.115
1745322255,kashef-k8s-ctl.user-timeline-service-664c7f6696-hz5xq,container_cpu_system_seconds_total,0.066
1745322255,kashef-k8s-w1.nginx-thrift-79478f9bf5-5zdh4,container_cpu_system_seconds_total,6.023
1745322255,kashef-k8s-w1.user-timeline-redis-67cc95bc57-2zhdt,container_cpu_system_seconds_total,0.552
1745322258,kashef-k8s-w1.nginx-thrift-79478f9bf5-5zdh4,container_cpu_system_seconds_total,6.023
1745322258,kashef-k8s-w1.post-storage-service-66c9966f5f-n629t,container_cpu_system_seconds_total,0.079
1745322258,kashef-k8s-w1.user-timeline-redis-67cc95bc57-2zhdt,container_cpu_system_seconds_total,0.552
1745322258,kashef-k8s-w1.social-graph-service-677dbc655c-sg995,container_cpu_system_seconds_total,0.085
1745322258,kashef-k8s-ctl.user-timeline-service-664c7f6696-hz5xq,container_cpu_system_seconds_total,0.066
1745322258,kashef-k8s-w1.user-service-547b88cd8f-lp8p9,container_cpu_system_seconds_total,0.14
1745322258,kashef-k8s-ctl.media-frontend-6b66b95ff4-42hwg,container_cpu_system_seconds_total,5.992
1745322258,kashef-k8s-w1.user-mongodb-7745bbd78-kqpbp,container_cpu_system_seconds_total,0.748
1745322258,kashef-k8s-ctl.unique-id-service-694497b678-2p45f,container_cpu_system_seconds_total,0.067
1745322258,kashef-k8s-w1.user-timeline-mongodb-6758898d48-4w2f2,container_cpu_system_seconds_total,0.812
1745322258,kashef-k8s-w1.home-timeline-service-5754ffbc6d-kntl9,container_cpu_system_seconds_total,0.076
1745322258,kashef-k8s-ctl.url-shorten-mongodb-57c886d5f8-jqtpp,container_cpu_system_seconds_total,0.593
1745322258,kashef-k8s-w1.temp-debug-alt,container_cpu_system_seconds_total,0.118
1745322258,kashef-k8s-ctl.user-memcached-59687c864d-wdcgs,container_cpu_system_seconds_total,0.12
1745322258,kashef-k8s-ctl.text-service-fff64b8bf-wp774,container_cpu_system_seconds_total,0.071
1745322258,kashef-k8s-ctl.post-storage-memcached-6b75788fc6-5wwtc,container_cpu_system_seconds_total,0.107
1745322258,kashef-k8s-w1.media-mongodb-7b64c59567-pm2pj,container_cpu_system_seconds_total,0.757
1745322258,kashef-k8s-ctl.compose-post-service-f587bf89d-dd7kf,container_cpu_system_seconds_total,0.124
1745322258,kashef-k8s-w1.home-timeline-redis-6c6647df6f-dv494,container_cpu_system_seconds_total,0.525
1745322258,kashef-k8s-ctl.jaeger-67997f9775-8jsbw,container_cpu_system_seconds_total,0.177
1745322258,kashef-k8s-ctl.user-mention-service-5c4f566c5-qlj9z,container_cpu_system_seconds_total,0.081
1745322258,kashef-k8s-ctl.post-storage-mongodb-5579669d8c-nfwpl,container_cpu_system_seconds_total,0.457
1745322258,kashef-k8s-ctl.url-shorten-memcached-6546746864-btbq8,container_cpu_system_seconds_total,0.069
1745322258,kashef-k8s-w1.social-graph-mongodb-55df767ff5-wwlmr,container_cpu_system_seconds_total,0.806
1745322258,kashef-k8s-w1.media-memcached-7889bdfdfb-4hjbd,container_cpu_system_seconds_total,0.116
1745322258,kashef-k8s-ctl.media-service-6c665c775d-m5vf4,container_cpu_system_seconds_total,0.065
1745322258,kashef-k8s-w1.social-graph-redis-5bbd5b7458-7fcvv,container_cpu_system_seconds_total,0.566
1745322258,kashef-k8s-w1.url-shorten-service-66949ddcc4-468ds,container_cpu_system_seconds_total,0.063
1745322261,kashef-k8s-w1.user-timeline-mongodb-6758898d48-4w2f2,container_cpu_system_seconds_total,0.812
1745322261,kashef-k8s-ctl.text-service-fff64b8bf-wp774,container_cpu_system_seconds_total,0.071
1745322261,kashef-k8s-ctl.compose-post-service-f587bf89d-dd7kf,container_cpu_system_seconds_total,0.124
1745322261,kashef-k8s-ctl.url-shorten-mongodb-57c886d5f8-jqtpp,container_cpu_system_seconds_total,0.593
1745322261,kashef-k8s-w1.user-mongodb-7745bbd78-kqpbp,container_cpu_system_seconds_total,0.748
1745322261,kashef-k8s-w1.user-service-547b88cd8f-lp8p9,container_cpu_system_seconds_total,0.14
1745322261,kashef-k8s-w1.social-graph-service-677dbc655c-sg995,container_cpu_system_seconds_total,0.085
1745322261,kashef-k8s-ctl.user-timeline-service-664c7f6696-hz5xq,container_cpu_system_seconds_total,0.066
1745322261,kashef-k8s-ctl.unique-id-service-694497b678-2p45f,container_cpu_system_seconds_total,0.067
1745322261,kashef-k8s-ctl.media-frontend-6b66b95ff4-42hwg,container_cpu_system_seconds_total,5.992
1745322261,kashef-k8s-w1.home-timeline-redis-6c6647df6f-dv494,container_cpu_system_seconds_total,0.525
1745322261,kashef-k8s-ctl.jaeger-67997f9775-8jsbw,container_cpu_system_seconds_total,0.177
1745322261,kashef-k8s-w1.post-storage-service-66c9966f5f-n629t,container_cpu_system_seconds_total,0.079
1745322261,kashef-k8s-w1.home-timeline-service-5754ffbc6d-kntl9,container_cpu_system_seconds_total,0.076
1745322261,kashef-k8s-w1.social-graph-redis-5bbd5b7458-7fcvv,container_cpu_system_seconds_total,0.566
1745322261,kashef-k8s-ctl.post-storage-mongodb-5579669d8c-nfwpl,container_cpu_system_seconds_total,0.475
1745322261,kashef-k8s-ctl.user-mention-service-5c4f566c5-qlj9z,container_cpu_system_seconds_total,0.081
1745322261,kashef-k8s-ctl.post-storage-memcached-6b75788fc6-5wwtc,container_cpu_system_seconds_total,0.107
1745322261,kashef-k8s-w1.media-mongodb-7b64c59567-pm2pj,container_cpu_system_seconds_total,0.783
1745322261,kashef-k8s-w1.media-memcached-7889bdfdfb-4hjbd,container_cpu_system_seconds_total,0.116
1745322261,kashef-k8s-w1.nginx-thrift-79478f9bf5-5zdh4,container_cpu_system_seconds_total,6.023
1745322261,kashef-k8s-ctl.media-service-6c665c775d-m5vf4,container_cpu_system_seconds_total,0.065
1745322261,kashef-k8s-w1.url-shorten-service-66949ddcc4-468ds,container_cpu_system_seconds_total,0.064
1745322261,kashef-k8s-w1.social-graph-mongodb-55df767ff5-wwlmr,container_cpu_system_seconds_total,0.806
1745322261,kashef-k8s-w1.temp-debug-alt,container_cpu_system_seconds_total,0.118
1745322261,kashef-k8s-ctl.user-memcached-59687c864d-wdcgs,container_cpu_system_seconds_total,0.12
1745322261,kashef-k8s-w1.user-timeline-redis-67cc95bc57-2zhdt,container_cpu_system_seconds_total,0.552
1745322261,kashef-k8s-ctl.url-shorten-memcached-6546746864-btbq8,container_cpu_system_seconds_total,0.069
1745322264,kashef-k8s-w1.user-timeline-redis-67cc95bc57-2zhdt,container_cpu_system_seconds_total,0.582
1745322264,kashef-k8s-ctl.post-storage-memcached-6b75788fc6-5wwtc,container_cpu_system_seconds_total,0.107
1745322264,kashef-k8s-ctl.url-shorten-memcached-6546746864-btbq8,container_cpu_system_seconds_total,0.069
1745322264,kashef-k8s-ctl.user-timeline-service-664c7f6696-hz5xq,container_cpu_system_seconds_total,0.066
1745322264,kashef-k8s-w1.media-mongodb-7b64c59567-pm2pj,container_cpu_system_seconds_total,0.783
1745322264,kashef-k8s-ctl.post-storage-mongodb-5579669d8c-nfwpl,container_cpu_system_seconds_total,0.475
1745322264,kashef-k8s-ctl.user-mention-service-5c4f566c5-qlj9z,container_cpu_system_seconds_total,0.081
1745322264,kashef-k8s-ctl.user-memcached-59687c864d-wdcgs,container_cpu_system_seconds_total,0.12
1745322264,kashef-k8s-ctl.media-frontend-6b66b95ff4-42hwg,container_cpu_system_seconds_total,5.992
1745322264,kashef-k8s-w1.social-graph-service-677dbc655c-sg995,container_cpu_system_seconds_total,0.085
1745322264,kashef-k8s-w1.temp-debug-alt,container_cpu_system_seconds_total,0.118
1745322264,kashef-k8s-w1.home-timeline-redis-6c6647df6f-dv494,container_cpu_system_seconds_total,0.558
1745322264,kashef-k8s-w1.user-timeline-mongodb-6758898d48-4w2f2,container_cpu_system_seconds_total,0.812
1745322264,kashef-k8s-w1.home-timeline-service-5754ffbc6d-kntl9,container_cpu_system_seconds_total,0.076
1745322264,kashef-k8s-ctl.jaeger-67997f9775-8jsbw,container_cpu_system_seconds_total,0.177
1745322264,kashef-k8s-ctl.text-service-fff64b8bf-wp774,container_cpu_system_seconds_total,0.071
1745322264,kashef-k8s-w1.user-service-547b88cd8f-lp8p9,container_cpu_system_seconds_total,0.14
1745322264,kashef-k8s-ctl.media-service-6c665c775d-m5vf4,container_cpu_system_seconds_total,0.065
1745322264,kashef-k8s-ctl.url-shorten-mongodb-57c886d5f8-jqtpp,container_cpu_system_seconds_total,0.593
1745322264,kashef-k8s-ctl.unique-id-service-694497b678-2p45f,container_cpu_system_seconds_total,0.067
1745322264,kashef-k8s-w1.post-storage-service-66c9966f5f-n629t,container_cpu_system_seconds_total,0.079
1745322264,kashef-k8s-w1.social-graph-mongodb-55df767ff5-wwlmr,container_cpu_system_seconds_total,0.806
1745322264,kashef-k8s-w1.nginx-thrift-79478f9bf5-5zdh4,container_cpu_system_seconds_total,6.023
1745322264,kashef-k8s-w1.user-mongodb-7745bbd78-kqpbp,container_cpu_system_seconds_total,0.748
1745322264,kashef-k8s-w1.social-graph-redis-5bbd5b7458-7fcvv,container_cpu_system_seconds_total,0.566
1745322264,kashef-k8s-w1.url-shorten-service-66949ddcc4-468ds,container_cpu_system_seconds_total,0.064
1745322264,kashef-k8s-ctl.compose-post-service-f587bf89d-dd7kf,container_cpu_system_seconds_total,0.124
1745322264,kashef-k8s-w1.media-memcached-7889bdfdfb-4hjbd,container_cpu_system_seconds_total,0.118
1745322267,kashef-k8s-w1.user-timeline-redis-67cc95bc57-2zhdt,container_cpu_system_seconds_total,0.582
1745322267,kashef-k8s-w1.social-graph-mongodb-55df767ff5-wwlmr,container_cpu_system_seconds_total,0.806
1745322267,kashef-k8s-ctl.text-service-fff64b8bf-wp774,container_cpu_system_seconds_total,0.071
1745322267,kashef-k8s-w1.url-shorten-service-66949ddcc4-468ds,container_cpu_system_seconds_total,0.064
1745322267,kashef-k8s-ctl.media-service-6c665c775d-m5vf4,container_cpu_system_seconds_total,0.065
1745322267,kashef-k8s-w1.temp-debug-alt,container_cpu_system_seconds_total,0.118
1745322267,kashef-k8s-w1.nginx-thrift-79478f9bf5-5zdh4,container_cpu_system_seconds_total,6.023
1745322267,kashef-k8s-ctl.user-mention-service-5c4f566c5-qlj9z,container_cpu_system_seconds_total,0.081
1745322267,kashef-k8s-w1.media-mongodb-7b64c59567-pm2pj,container_cpu_system_seconds_total,0.783
1745322267,kashef-k8s-w1.post-storage-service-66c9966f5f-n629t,container_cpu_system_seconds_total,0.079
1745322267,kashef-k8s-w1.media-memcached-7889bdfdfb-4hjbd,container_cpu_system_seconds_total,0.118
1745322267,kashef-k8s-ctl.jaeger-67997f9775-8jsbw,container_cpu_system_seconds_total,0.177
1745322267,kashef-k8s-ctl.post-storage-memcached-6b75788fc6-5wwtc,container_cpu_system_seconds_total,0.107
1745322267,kashef-k8s-w1.user-service-547b88cd8f-lp8p9,container_cpu_system_seconds_total,0.14
1745322267,kashef-k8s-w1.social-graph-redis-5bbd5b7458-7fcvv,container_cpu_system_seconds_total,0.612
1745322267,kashef-k8s-ctl.compose-post-service-f587bf89d-dd7kf,container_cpu_system_seconds_total,0.124
1745322267,kashef-k8s-ctl.url-shorten-mongodb-57c886d5f8-jqtpp,container_cpu_system_seconds_total,0.593
1745322267,kashef-k8s-ctl.unique-id-service-694497b678-2p45f,container_cpu_system_seconds_total,0.067
1745322267,kashef-k8s-w1.user-mongodb-7745bbd78-kqpbp,container_cpu_system_seconds_total,0.799
1745322267,kashef-k8s-w1.social-graph-service-677dbc655c-sg995,container_cpu_system_seconds_total,0.085
1745322267,kashef-k8s-w1.home-timeline-service-5754ffbc6d-kntl9,container_cpu_system_seconds_total,0.076
1745322267,kashef-k8s-ctl.url-shorten-memcached-6546746864-btbq8,container_cpu_system_seconds_total,0.069
1745322267,kashef-k8s-w1.user-timeline-mongodb-6758898d48-4w2f2,container_cpu_system_seconds_total,0.812
1745322267,kashef-k8s-ctl.user-timeline-service-664c7f6696-hz5xq,container_cpu_system_seconds_total,0.066
1745322267,kashef-k8s-ctl.user-memcached-59687c864d-wdcgs,container_cpu_system_seconds_total,0.12
1745322267,kashef-k8s-ctl.post-storage-mongodb-5579669d8c-nfwpl,container_cpu_system_seconds_total,0.475
1745322267,kashef-k8s-ctl.media-frontend-6b66b95ff4-42hwg,container_cpu_system_seconds_total,5.992
1745322267,kashef-k8s-w1.home-timeline-redis-6c6647df6f-dv494,container_cpu_system_seconds_total,0.558
1745322270,kashef-k8s-w1.home-timeline-service-5754ffbc6d-kntl9,container_cpu_system_seconds_total,0.076
1745322270,kashef-k8s-ctl.post-storage-mongodb-5579669d8c-nfwpl,container_cpu_system_seconds_total,0.475
1745322270,kashef-k8s-w1.user-service-547b88cd8f-lp8p9,container_cpu_system_seconds_total,0.14
1745322270,kashef-k8s-w1.url-shorten-service-66949ddcc4-468ds,container_cpu_system_seconds_total,0.064
1745322270,kashef-k8s-w1.social-graph-mongodb-55df767ff5-wwlmr,container_cpu_system_seconds_total,0.806
1745322270,kashef-k8s-w1.user-timeline-redis-67cc95bc57-2zhdt,container_cpu_system_seconds_total,0.582
1745322270,kashef-k8s-ctl.jaeger-67997f9775-8jsbw,container_cpu_system_seconds_total,0.177
1745322270,kashef-k8s-ctl.compose-post-service-f587bf89d-dd7kf,container_cpu_system_seconds_total,0.124
1745322270,kashef-k8s-w1.social-graph-redis-5bbd5b7458-7fcvv,container_cpu_system_seconds_total,0.612
1745322270,kashef-k8s-ctl.url-shorten-mongodb-57c886d5f8-jqtpp,container_cpu_system_seconds_total,0.593
1745322270,kashef-k8s-ctl.url-shorten-memcached-6546746864-btbq8,container_cpu_system_seconds_total,0.069
1745322270,kashef-k8s-ctl.text-service-fff64b8bf-wp774,container_cpu_system_seconds_total,0.071
1745322270,kashef-k8s-ctl.media-service-6c665c775d-m5vf4,container_cpu_system_seconds_total,0.065
1745322270,kashef-k8s-w1.nginx-thrift-79478f9bf5-5zdh4,container_cpu_system_seconds_total,6.023
1745322270,kashef-k8s-ctl.unique-id-service-694497b678-2p45f,container_cpu_system_seconds_total,0.067
1745322270,kashef-k8s-w1.social-graph-service-677dbc655c-sg995,container_cpu_system_seconds_total,0.086
1745322270,kashef-k8s-ctl.user-memcached-59687c864d-wdcgs,container_cpu_system_seconds_total,0.12
1745322270,kashef-k8s-w1.media-memcached-7889bdfdfb-4hjbd,container_cpu_system_seconds_total,0.118
1745322270,kashef-k8s-w1.home-timeline-redis-6c6647df6f-dv494,container_cpu_system_seconds_total,0.558
1745322270,kashef-k8s-w1.user-mongodb-7745bbd78-kqpbp,container_cpu_system_seconds_total,0.799
1745322270,kashef-k8s-w1.temp-debug-alt,container_cpu_system_seconds_total,0.118
1745322270,kashef-k8s-w1.post-storage-service-66c9966f5f-n629t,container_cpu_system_seconds_total,0.079
1745322270,kashef-k8s-ctl.post-storage-memcached-6b75788fc6-5wwtc,container_cpu_system_seconds_total,0.107
1745322270,kashef-k8s-ctl.user-timeline-service-664c7f6696-hz5xq,container_cpu_system_seconds_total,0.066
1745322270,kashef-k8s-w1.user-timeline-mongodb-6758898d48-4w2f2,container_cpu_system_seconds_total,0.812
1745322270,kashef-k8s-w1.media-mongodb-7b64c59567-pm2pj,container_cpu_system_seconds_total,0.783
1745322270,kashef-k8s-ctl.media-frontend-6b66b95ff4-42hwg,container_cpu_system_seconds_total,5.992
1745322270,kashef-k8s-ctl.user-mention-service-5c4f566c5-qlj9z,container_cpu_system_seconds_total,0.081
1745322273,kashef-k8s-ctl.url-shorten-memcached-6546746864-btbq8,container_cpu_system_seconds_total,0.069
1745322273,kashef-k8s-w1.media-mongodb-7b64c59567-pm2pj,container_cpu_system_seconds_total,0.783
1745322273,kashef-k8s-w1.social-graph-service-677dbc655c-sg995,container_cpu_system_seconds_total,0.086
1745322273,kashef-k8s-ctl.user-mention-service-5c4f566c5-qlj9z,container_cpu_system_seconds_total,0.081
1745322273,kashef-k8s-ctl.jaeger-67997f9775-8jsbw,container_cpu_system_seconds_total,0.177
1745322273,kashef-k8s-ctl.post-storage-mongodb-5579669d8c-nfwpl,container_cpu_system_seconds_total,0.475
1745322273,kashef-k8s-w1.user-service-547b88cd8f-lp8p9,container_cpu_system_seconds_total,0.14
1745322273,kashef-k8s-w1.temp-debug-alt,container_cpu_system_seconds_total,0.118
1745322273,kashef-k8s-w1.user-timeline-mongodb-6758898d48-4w2f2,container_cpu_system_seconds_total,0.848
1745322273,kashef-k8s-ctl.url-shorten-mongodb-57c886d5f8-jqtpp,container_cpu_system_seconds_total,0.593
1745322273,kashef-k8s-ctl.compose-post-service-f587bf89d-dd7kf,container_cpu_system_seconds_total,0.124
1745322273,kashef-k8s-ctl.unique-id-service-694497b678-2p45f,container_cpu_system_seconds_total,0.067
1745322273,kashef-k8s-w1.media-memcached-7889bdfdfb-4hjbd,container_cpu_system_seconds_total,0.118
1745322273,kashef-k8s-w1.home-timeline-redis-6c6647df6f-dv494,container_cpu_system_seconds_total,0.558
1745322273,kashef-k8s-ctl.user-memcached-59687c864d-wdcgs,container_cpu_system_seconds_total,0.12
1745322273,kashef-k8s-ctl.media-frontend-6b66b95ff4-42hwg,container_cpu_system_seconds_total,5.992
1745322273,kashef-k8s-ctl.post-storage-memcached-6b75788fc6-5wwtc,container_cpu_system_seconds_total,0.107
1745322273,kashef-k8s-w1.user-mongodb-7745bbd78-kqpbp,container_cpu_system_seconds_total,0.799
1745322273,kashef-k8s-ctl.media-service-6c665c775d-m5vf4,container_cpu_system_seconds_total,0.065
1745322273,kashef-k8s-w1.social-graph-redis-5bbd5b7458-7fcvv,container_cpu_system_seconds_total,0.612
1745322273,kashef-k8s-ctl.user-timeline-service-664c7f6696-hz5xq,container_cpu_system_seconds_total,0.066
1745322273,kashef-k8s-w1.user-timeline-redis-67cc95bc57-2zhdt,container_cpu_system_seconds_total,0.582
1745322273,kashef-k8s-w1.nginx-thrift-79478f9bf5-5zdh4,container_cpu_system_seconds_total,6.025
1745322273,kashef-k8s-ctl.text-service-fff64b8bf-wp774,container_cpu_system_seconds_total,0.071
1745322273,kashef-k8s-w1.home-timeline-service-5754ffbc6d-kntl9,container_cpu_system_seconds_total,0.076
1745322273,kashef-k8s-w1.post-storage-service-66c9966f5f-n629t,container_cpu_system_seconds_total,0.079
1745322273,kashef-k8s-w1.url-shorten-service-66949ddcc4-468ds,container_cpu_system_seconds_total,0.064
1745322273,kashef-k8s-w1.social-graph-mongodb-55df767ff5-wwlmr,container_cpu_system_seconds_total,0.863
1745322276,kashef-k8s-w1.user-timeline-redis-67cc95bc57-2zhdt,container_cpu_system_seconds_total,0.582
1745322276,kashef-k8s-w1.url-shorten-service-66949ddcc4-468ds,container_cpu_system_seconds_total,0.064
1745322276,kashef-k8s-w1.nginx-thrift-79478f9bf5-5zdh4,container_cpu_system_seconds_total,6.025
1745322276,kashef-k8s-ctl.text-service-fff64b8bf-wp774,container_cpu_system_seconds_total,0.071
1745322276,kashef-k8s-ctl.user-mention-service-5c4f566c5-qlj9z,container_cpu_system_seconds_total,0.081
1745322276,kashef-k8s-ctl.jaeger-67997f9775-8jsbw,container_cpu_system_seconds_total,0.193
1745322276,kashef-k8s-w1.temp-debug-alt,container_cpu_system_seconds_total,0.118
1745322276,kashef-k8s-ctl.user-memcached-59687c864d-wdcgs,container_cpu_system_seconds_total,0.12
1745322276,kashef-k8s-ctl.post-storage-mongodb-5579669d8c-nfwpl,container_cpu_system_seconds_total,0.475
1745322276,kashef-k8s-ctl.url-shorten-mongodb-57c886d5f8-jqtpp,container_cpu_system_seconds_total,0.593
1745322276,kashef-k8s-w1.user-service-547b88cd8f-lp8p9,container_cpu_system_seconds_total,0.142
1745322276,kashef-k8s-w1.user-timeline-mongodb-6758898d48-4w2f2,container_cpu_system_seconds_total,0.848
1745322276,kashef-k8s-w1.social-graph-redis-5bbd5b7458-7fcvv,container_cpu_system_seconds_total,0.612
1745322276,kashef-k8s-ctl.compose-post-service-f587bf89d-dd7kf,container_cpu_system_seconds_total,0.124
1745322276,kashef-k8s-w1.user-mongodb-7745bbd78-kqpbp,container_cpu_system_seconds_total,0.799
1745322276,kashef-k8s-ctl.unique-id-service-694497b678-2p45f,container_cpu_system_seconds_total,0.067
1745322276,kashef-k8s-w1.home-timeline-redis-6c6647df6f-dv494,container_cpu_system_seconds_total,0.558
1745322276,kashef-k8s-ctl.url-shorten-memcached-6546746864-btbq8,container_cpu_system_seconds_total,0.075
1745322276,kashef-k8s-ctl.media-service-6c665c775d-m5vf4,container_cpu_system_seconds_total,0.065
1745322276,kashef-k8s-ctl.user-timeline-service-664c7f6696-hz5xq,container_cpu_system_seconds_total,0.066
1745322276,kashef-k8s-ctl.media-frontend-6b66b95ff4-42hwg,container_cpu_system_seconds_total,5.992
1745322276,kashef-k8s-ctl.post-storage-memcached-6b75788fc6-5wwtc,container_cpu_system_seconds_total,0.107
1745322276,kashef-k8s-w1.media-memcached-7889bdfdfb-4hjbd,container_cpu_system_seconds_total,0.118
1745322276,kashef-k8s-w1.media-mongodb-7b64c59567-pm2pj,container_cpu_system_seconds_total,0.783
1745322276,kashef-k8s-w1.social-graph-mongodb-55df767ff5-wwlmr,container_cpu_system_seconds_total,0.863
1745322276,kashef-k8s-w1.home-timeline-service-5754ffbc6d-kntl9,container_cpu_system_seconds_total,0.076
1745322276,kashef-k8s-w1.social-graph-service-677dbc655c-sg995,container_cpu_system_seconds_total,0.086
1745322276,kashef-k8s-w1.post-storage-service-66c9966f5f-n629t,container_cpu_system_seconds_total,0.08
1745322279,kashef-k8s-w1.social-graph-service-677dbc655c-sg995,container_cpu_system_seconds_total,0.086
1745322279,kashef-k8s-w1.post-storage-service-66c9966f5f-n629t,container_cpu_system_seconds_total,0.08
1745322279,kashef-k8s-w1.media-memcached-7889bdfdfb-4hjbd,container_cpu_system_seconds_total,0.118
1745322279,kashef-k8s-w1.url-shorten-service-66949ddcc4-468ds,container_cpu_system_seconds_total,0.064
1745322279,kashef-k8s-ctl.post-storage-memcached-6b75788fc6-5wwtc,container_cpu_system_seconds_total,0.109
1745322279,kashef-k8s-ctl.media-service-6c665c775d-m5vf4,container_cpu_system_seconds_total,0.065
1745322279,kashef-k8s-w1.home-timeline-service-5754ffbc6d-kntl9,container_cpu_system_seconds_total,0.076
1745322279,kashef-k8s-w1.social-graph-mongodb-55df767ff5-wwlmr,container_cpu_system_seconds_total,0.863
1745322279,kashef-k8s-w1.home-timeline-redis-6c6647df6f-dv494,container_cpu_system_seconds_total,0.558
1745322279,kashef-k8s-ctl.url-shorten-memcached-6546746864-btbq8,container_cpu_system_seconds_total,0.075
1745322279,kashef-k8s-ctl.text-service-fff64b8bf-wp774,container_cpu_system_seconds_total,0.071
1745322279,kashef-k8s-w1.social-graph-redis-5bbd5b7458-7fcvv,container_cpu_system_seconds_total,0.612
1745322279,kashef-k8s-ctl.user-timeline-service-664c7f6696-hz5xq,container_cpu_system_seconds_total,0.066
1745322279,kashef-k8s-ctl.media-frontend-6b66b95ff4-42hwg,container_cpu_system_seconds_total,5.992
1745322279,kashef-k8s-ctl.unique-id-service-694497b678-2p45f,container_cpu_system_seconds_total,0.067
1745322279,kashef-k8s-w1.user-mongodb-7745bbd78-kqpbp,container_cpu_system_seconds_total,0.799
1745322279,kashef-k8s-ctl.compose-post-service-f587bf89d-dd7kf,container_cpu_system_seconds_total,0.124
1745322279,kashef-k8s-ctl.post-storage-mongodb-5579669d8c-nfwpl,container_cpu_system_seconds_total,0.475
1745322279,kashef-k8s-ctl.user-mention-service-5c4f566c5-qlj9z,container_cpu_system_seconds_total,0.081
1745322279,kashef-k8s-ctl.jaeger-67997f9775-8jsbw,container_cpu_system_seconds_total,0.193
1745322279,kashef-k8s-w1.user-timeline-mongodb-6758898d48-4w2f2,container_cpu_system_seconds_total,0.848
1745322279,kashef-k8s-w1.nginx-thrift-79478f9bf5-5zdh4,container_cpu_system_seconds_total,6.025
1745322279,kashef-k8s-w1.user-timeline-redis-67cc95bc57-2zhdt,container_cpu_system_seconds_total,0.582
1745322279,kashef-k8s-w1.media-mongodb-7b64c59567-pm2pj,container_cpu_system_seconds_total,0.783
1745322279,kashef-k8s-ctl.user-memcached-59687c864d-wdcgs,container_cpu_system_seconds_total,0.12
1745322279,kashef-k8s-w1.temp-debug-alt,container_cpu_system_seconds_total,0.118
1745322279,kashef-k8s-w1.user-service-547b88cd8f-lp8p9,container_cpu_system_seconds_total,0.142
1745322279,kashef-k8s-ctl.url-shorten-mongodb-57c886d5f8-jqtpp,container_cpu_system_seconds_total,0.593
1745322282,kashef-k8s-w1.social-graph-mongodb-55df767ff5-wwlmr,container_cpu_system_seconds_total,0.863
1745322282,kashef-k8s-ctl.post-storage-memcached-6b75788fc6-5wwtc,container_cpu_system_seconds_total,0.109
1745322282,kashef-k8s-w1.social-graph-redis-5bbd5b7458-7fcvv,container_cpu_system_seconds_total,0.612
1745322282,kashef-k8s-w1.home-timeline-service-5754ffbc6d-kntl9,container_cpu_system_seconds_total,0.076
1745322282,kashef-k8s-ctl.compose-post-service-f587bf89d-dd7kf,container_cpu_system_seconds_total,0.124
1745322282,kashef-k8s-ctl.text-service-fff64b8bf-wp774,container_cpu_system_seconds_total,0.071
1745322282,kashef-k8s-ctl.unique-id-service-694497b678-2p45f,container_cpu_system_seconds_total,0.067
1745322282,kashef-k8s-ctl.user-timeline-service-664c7f6696-hz5xq,container_cpu_system_seconds_total,0.066
1745322282,kashef-k8s-ctl.media-frontend-6b66b95ff4-42hwg,container_cpu_system_seconds_total,5.992
1745322282,kashef-k8s-w1.user-mongodb-7745bbd78-kqpbp,container_cpu_system_seconds_total,0.799
1745322282,kashef-k8s-w1.user-timeline-mongodb-6758898d48-4w2f2,container_cpu_system_seconds_total,0.848
1745322282,kashef-k8s-ctl.user-memcached-59687c864d-wdcgs,container_cpu_system_seconds_total,0.124
1745322282,kashef-k8s-w1.url-shorten-service-66949ddcc4-468ds,container_cpu_system_seconds_total,0.064
1745322282,kashef-k8s-ctl.post-storage-mongodb-5579669d8c-nfwpl,container_cpu_system_seconds_total,0.475
1745322282,kashef-k8s-w1.media-memcached-7889bdfdfb-4hjbd,container_cpu_system_seconds_total,0.118
1745322282,kashef-k8s-w1.user-service-547b88cd8f-lp8p9,container_cpu_system_seconds_total,0.142
1745322282,kashef-k8s-w1.temp-debug-alt,container_cpu_system_seconds_total,0.118
1745322282,kashef-k8s-ctl.user-mention-service-5c4f566c5-qlj9z,container_cpu_system_seconds_total,0.082
1745322282,kashef-k8s-ctl.url-shorten-mongodb-57c886d5f8-jqtpp,container_cpu_system_seconds_total,0.628
1745322282,kashef-k8s-w1.home-timeline-redis-6c6647df6f-dv494,container_cpu_system_seconds_total,0.558
1745322282,kashef-k8s-w1.media-mongodb-7b64c59567-pm2pj,container_cpu_system_seconds_total,0.783
1745322282,kashef-k8s-ctl.jaeger-67997f9775-8jsbw,container_cpu_system_seconds_total,0.193
1745322282,kashef-k8s-w1.post-storage-service-66c9966f5f-n629t,container_cpu_system_seconds_total,0.08
1745322282,kashef-k8s-ctl.media-service-6c665c775d-m5vf4,container_cpu_system_seconds_total,0.065
1745322282,kashef-k8s-w1.user-timeline-redis-67cc95bc57-2zhdt,container_cpu_system_seconds_total,0.582
1745322282,kashef-k8s-w1.nginx-thrift-79478f9bf5-5zdh4,container_cpu_system_seconds_total,6.025
1745322282,kashef-k8s-ctl.url-shorten-memcached-6546746864-btbq8,container_cpu_system_seconds_total,0.075
1745322282,kashef-k8s-w1.social-graph-service-677dbc655c-sg995,container_cpu_system_seconds_total,0.086
1745322285,kashef-k8s-w1.social-graph-mongodb-55df767ff5-wwlmr,container_cpu_system_seconds_total,0.863
1745322285,kashef-k8s-w1.social-graph-service-677dbc655c-sg995,container_cpu_system_seconds_total,0.086
1745322285,kashef-k8s-w1.media-mongodb-7b64c59567-pm2pj,container_cpu_system_seconds_total,0.783
1745322285,kashef-k8s-ctl.jaeger-67997f9775-8jsbw,container_cpu_system_seconds_total,0.193
1745322285,kashef-k8s-ctl.user-mention-service-5c4f566c5-qlj9z,container_cpu_system_seconds_total,0.082
1745322285,kashef-k8s-w1.user-service-547b88cd8f-lp8p9,container_cpu_system_seconds_total,0.142
1745322285,kashef-k8s-w1.temp-debug-alt,container_cpu_system_seconds_total,0.118
1745322285,kashef-k8s-w1.home-timeline-redis-6c6647df6f-dv494,container_cpu_system_seconds_total,0.558
1745322285,kashef-k8s-ctl.user-memcached-59687c864d-wdcgs,container_cpu_system_seconds_total,0.124
1745322285,kashef-k8s-ctl.text-service-fff64b8bf-wp774,container_cpu_system_seconds_total,0.071
1745322285,kashef-k8s-ctl.user-timeline-service-664c7f6696-hz5xq,container_cpu_system_seconds_total,0.066
1745322285,kashef-k8s-ctl.post-storage-memcached-6b75788fc6-5wwtc,container_cpu_system_seconds_total,0.109
1745322285,kashef-k8s-ctl.unique-id-service-694497b678-2p45f,container_cpu_system_seconds_total,0.067
1745322285,kashef-k8s-w1.user-timeline-mongodb-6758898d48-4w2f2,container_cpu_system_seconds_total,0.848
1745322285,kashef-k8s-w1.social-graph-redis-5bbd5b7458-7fcvv,container_cpu_system_seconds_total,0.612
1745322285,kashef-k8s-w1.nginx-thrift-79478f9bf5-5zdh4,container_cpu_system_seconds_total,6.025
1745322285,kashef-k8s-w1.user-mongodb-7745bbd78-kqpbp,container_cpu_system_seconds_total,0.799
1745322285,kashef-k8s-ctl.post-storage-mongodb-5579669d8c-nfwpl,container_cpu_system_seconds_total,0.487
1745322285,kashef-k8s-ctl.url-shorten-memcached-6546746864-btbq8,container_cpu_system_seconds_total,0.075
1745322285,kashef-k8s-w1.url-shorten-service-66949ddcc4-468ds,container_cpu_system_seconds_total,0.064
1745322285,kashef-k8s-ctl.media-service-6c665c775d-m5vf4,container_cpu_system_seconds_total,0.065
1745322285,kashef-k8s-w1.post-storage-service-66c9966f5f-n629t,container_cpu_system_seconds_total,0.08
1745322285,kashef-k8s-w1.home-timeline-service-5754ffbc6d-kntl9,container_cpu_system_seconds_total,0.076
1745322285,kashef-k8s-ctl.url-shorten-mongodb-57c886d5f8-jqtpp,container_cpu_system_seconds_total,0.628
1745322285,kashef-k8s-w1.user-timeline-redis-67cc95bc57-2zhdt,container_cpu_system_seconds_total,0.582
1745322285,kashef-k8s-ctl.compose-post-service-f587bf89d-dd7kf,container_cpu_system_seconds_total,0.124
1745322285,kashef-k8s-ctl.media-frontend-6b66b95ff4-42hwg,container_cpu_system_seconds_total,5.992
1745322285,kashef-k8s-w1.media-memcached-7889bdfdfb-4hjbd,container_cpu_system_seconds_total,0.118
1745322288,kashef-k8s-w1.social-graph-redis-5bbd5b7458-7fcvv,container_cpu_system_seconds_total,0.612
1745322288,kashef-k8s-w1.user-timeline-mongodb-6758898d48-4w2f2,container_cpu_system_seconds_total,0.848
1745322288,kashef-k8s-ctl.text-service-fff64b8bf-wp774,container_cpu_system_seconds_total,0.071
1745322288,kashef-k8s-w1.url-shorten-service-66949ddcc4-468ds,container_cpu_system_seconds_total,0.064
1745322288,kashef-k8s-ctl.post-storage-memcached-6b75788fc6-5wwtc,container_cpu_system_seconds_total,0.109
1745322288,kashef-k8s-ctl.user-memcached-59687c864d-wdcgs,container_cpu_system_seconds_total,0.124
1745322288,kashef-k8s-ctl.compose-post-service-f587bf89d-dd7kf,container_cpu_system_seconds_total,0.124
1745322288,kashef-k8s-w1.home-timeline-redis-6c6647df6f-dv494,container_cpu_system_seconds_total,0.558
1745322288,kashef-k8s-w1.temp-debug-alt,container_cpu_system_seconds_total,0.118
1745322288,kashef-k8s-ctl.unique-id-service-694497b678-2p45f,container_cpu_system_seconds_total,0.067
1745322288,kashef-k8s-ctl.user-timeline-service-664c7f6696-hz5xq,container_cpu_system_seconds_total,0.068
1745322288,kashef-k8s-w1.media-memcached-7889bdfdfb-4hjbd,container_cpu_system_seconds_total,0.118
1745322288,kashef-k8s-ctl.jaeger-67997f9775-8jsbw,container_cpu_system_seconds_total,0.193
1745322288,kashef-k8s-w1.social-graph-mongodb-55df767ff5-wwlmr,container_cpu_system_seconds_total,0.863
1745322288,kashef-k8s-w1.media-mongodb-7b64c59567-pm2pj,container_cpu_system_seconds_total,0.783
1745322288,kashef-k8s-ctl.user-mention-service-5c4f566c5-qlj9z,container_cpu_system_seconds_total,0.082
1745322288,kashef-k8s-w1.user-service-547b88cd8f-lp8p9,container_cpu_system_seconds_total,0.142
1745322288,kashef-k8s-ctl.media-frontend-6b66b95ff4-42hwg,container_cpu_system_seconds_total,5.992
1745322288,kashef-k8s-w1.home-timeline-service-5754ffbc6d-kntl9,container_cpu_system_seconds_total,0.076
1745322288,kashef-k8s-w1.nginx-thrift-79478f9bf5-5zdh4,container_cpu_system_seconds_total,6.025
1745322288,kashef-k8s-ctl.url-shorten-mongodb-57c886d5f8-jqtpp,container_cpu_system_seconds_total,0.628
1745322288,kashef-k8s-ctl.url-shorten-memcached-6546746864-btbq8,container_cpu_system_seconds_total,0.075
1745322288,kashef-k8s-w1.user-mongodb-7745bbd78-kqpbp,container_cpu_system_seconds_total,0.799
1745322288,kashef-k8s-w1.user-timeline-redis-67cc95bc57-2zhdt,container_cpu_system_seconds_total,0.582
1745322288,kashef-k8s-w1.post-storage-service-66c9966f5f-n629t,container_cpu_system_seconds_total,0.08
1745322288,kashef-k8s-ctl.media-service-6c665c775d-m5vf4,container_cpu_system_seconds_total,0.065
1745322288,kashef-k8s-w1.social-graph-service-677dbc655c-sg995,container_cpu_system_seconds_total,0.086
1745322288,kashef-k8s-ctl.post-storage-mongodb-5579669d8c-nfwpl,container_cpu_system_seconds_total,0.487
1745322291,kashef-k8s-w1.social-graph-mongodb-55df767ff5-wwlmr,container_cpu_system_seconds_total,0.863
1745322291,kashef-k8s-w1.url-shorten-service-66949ddcc4-468ds,container_cpu_system_seconds_total,0.064
1745322291,kashef-k8s-ctl.url-shorten-memcached-6546746864-btbq8,container_cpu_system_seconds_total,0.075
1745322291,kashef-k8s-ctl.post-storage-mongodb-5579669d8c-nfwpl,container_cpu_system_seconds_total,0.487
1745322291,kashef-k8s-ctl.url-shorten-mongodb-57c886d5f8-jqtpp,container_cpu_system_seconds_total,0.628
1745322291,kashef-k8s-ctl.jaeger-67997f9775-8jsbw,container_cpu_system_seconds_total,0.193
1745322291,kashef-k8s-w1.user-timeline-mongodb-6758898d48-4w2f2,container_cpu_system_seconds_total,0.871
1745322291,kashef-k8s-w1.social-graph-redis-5bbd5b7458-7fcvv,container_cpu_system_seconds_total,0.612
1745322291,kashef-k8s-w1.user-service-547b88cd8f-lp8p9,container_cpu_system_seconds_total,0.142
1745322291,kashef-k8s-w1.media-mongodb-7b64c59567-pm2pj,container_cpu_system_seconds_total,0.783
1745322291,kashef-k8s-w1.user-timeline-redis-67cc95bc57-2zhdt,container_cpu_system_seconds_total,0.582
1745322291,kashef-k8s-w1.user-mongodb-7745bbd78-kqpbp,container_cpu_system_seconds_total,0.799
1745322291,kashef-k8s-ctl.user-memcached-59687c864d-wdcgs,container_cpu_system_seconds_total,0.124
1745322291,kashef-k8s-ctl.text-service-fff64b8bf-wp774,container_cpu_system_seconds_total,0.071
1745322291,kashef-k8s-w1.home-timeline-redis-6c6647df6f-dv494,container_cpu_system_seconds_total,0.558
1745322291,kashef-k8s-ctl.unique-id-service-694497b678-2p45f,container_cpu_system_seconds_total,0.067
1745322291,kashef-k8s-w1.media-memcached-7889bdfdfb-4hjbd,container_cpu_system_seconds_total,0.118
1745322291,kashef-k8s-ctl.compose-post-service-f587bf89d-dd7kf,container_cpu_system_seconds_total,0.124
1745322291,kashef-k8s-ctl.media-frontend-6b66b95ff4-42hwg,container_cpu_system_seconds_total,5.992
1745322291,kashef-k8s-w1.nginx-thrift-79478f9bf5-5zdh4,container_cpu_system_seconds_total,6.025
1745322291,kashef-k8s-ctl.post-storage-memcached-6b75788fc6-5wwtc,container_cpu_system_seconds_total,0.109
1745322291,kashef-k8s-ctl.user-timeline-service-664c7f6696-hz5xq,container_cpu_system_seconds_total,0.068
1745322291,kashef-k8s-w1.social-graph-service-677dbc655c-sg995,container_cpu_system_seconds_total,0.086
1745322291,kashef-k8s-w1.home-timeline-service-5754ffbc6d-kntl9,container_cpu_system_seconds_total,0.076
1745322291,kashef-k8s-w1.post-storage-service-66c9966f5f-n629t,container_cpu_system_seconds_total,0.08
1745322291,kashef-k8s-ctl.user-mention-service-5c4f566c5-qlj9z,container_cpu_system_seconds_total,0.082
1745322291,kashef-k8s-w1.temp-debug-alt,container_cpu_system_seconds_total,0.118
1745322291,kashef-k8s-ctl.media-service-6c665c775d-m5vf4,container_cpu_system_seconds_total,0.065
1745322294,kashef-k8s-w1.temp-debug-alt,container_cpu_system_seconds_total,0.118
1745322294,kashef-k8s-ctl.media-service-6c665c775d-m5vf4,container_cpu_system_seconds_total,0.065
1745322294,kashef-k8s-w1.home-timeline-service-5754ffbc6d-kntl9,container_cpu_system_seconds_total,0.076
1745322294,kashef-k8s-w1.home-timeline-redis-6c6647df6f-dv494,container_cpu_system_seconds_total,0.598
1745322294,kashef-k8s-ctl.post-storage-memcached-6b75788fc6-5wwtc,container_cpu_system_seconds_total,0.109
1745322294,kashef-k8s-ctl.unique-id-service-694497b678-2p45f,container_cpu_system_seconds_total,0.067
1745322294,kashef-k8s-ctl.user-timeline-service-664c7f6696-hz5xq,container_cpu_system_seconds_total,0.068
1745322294,kashef-k8s-ctl.media-frontend-6b66b95ff4-42hwg,container_cpu_system_seconds_total,5.992
1745322294,kashef-k8s-w1.media-memcached-7889bdfdfb-4hjbd,container_cpu_system_seconds_total,0.118
1745322294,kashef-k8s-ctl.compose-post-service-f587bf89d-dd7kf,container_cpu_system_seconds_total,0.124
1745322294,kashef-k8s-ctl.text-service-fff64b8bf-wp774,container_cpu_system_seconds_total,0.071
1745322294,kashef-k8s-ctl.user-memcached-59687c864d-wdcgs,container_cpu_system_seconds_total,0.124
1745322294,kashef-k8s-w1.nginx-thrift-79478f9bf5-5zdh4,container_cpu_system_seconds_total,6.027
1745322294,kashef-k8s-w1.social-graph-mongodb-55df767ff5-wwlmr,container_cpu_system_seconds_total,0.863
1745322294,kashef-k8s-ctl.url-shorten-memcached-6546746864-btbq8,container_cpu_system_seconds_total,0.075
1745322294,kashef-k8s-w1.user-timeline-redis-67cc95bc57-2zhdt,container_cpu_system_seconds_total,0.582
1745322294,kashef-k8s-w1.user-timeline-mongodb-6758898d48-4w2f2,container_cpu_system_seconds_total,0.871
1745322294,kashef-k8s-ctl.post-storage-mongodb-5579669d8c-nfwpl,container_cpu_system_seconds_total,0.487
1745322294,kashef-k8s-w1.post-storage-service-66c9966f5f-n629t,container_cpu_system_seconds_total,0.08
1745322294,kashef-k8s-w1.url-shorten-service-66949ddcc4-468ds,container_cpu_system_seconds_total,0.064
1745322294,kashef-k8s-w1.social-graph-service-677dbc655c-sg995,container_cpu_system_seconds_total,0.086
1745322294,kashef-k8s-ctl.url-shorten-mongodb-57c886d5f8-jqtpp,container_cpu_system_seconds_total,0.628
1745322294,kashef-k8s-ctl.user-mention-service-5c4f566c5-qlj9z,container_cpu_system_seconds_total,0.082
1745322294,kashef-k8s-w1.user-service-547b88cd8f-lp8p9,container_cpu_system_seconds_total,0.143
1745322294,kashef-k8s-w1.user-mongodb-7745bbd78-kqpbp,container_cpu_system_seconds_total,0.844
1745322294,kashef-k8s-w1.social-graph-redis-5bbd5b7458-7fcvv,container_cpu_system_seconds_total,0.612
1745322294,kashef-k8s-w1.media-mongodb-7b64c59567-pm2pj,container_cpu_system_seconds_total,0.834
1745322294,kashef-k8s-ctl.jaeger-67997f9775-8jsbw,container_cpu_system_seconds_total,0.193
1745322297,kashef-k8s-ctl.post-storage-memcached-6b75788fc6-5wwtc,container_cpu_system_seconds_total,0.109
1745322297,kashef-k8s-w1.temp-debug-alt,container_cpu_system_seconds_total,0.118
1745322297,kashef-k8s-ctl.url-shorten-memcached-6546746864-btbq8,container_cpu_system_seconds_total,0.075
1745322297,kashef-k8s-w1.media-mongodb-7b64c59567-pm2pj,container_cpu_system_seconds_total,0.834
1745322297,kashef-k8s-w1.user-timeline-mongodb-6758898d48-4w2f2,container_cpu_system_seconds_total,0.871
1745322297,kashef-k8s-ctl.user-memcached-59687c864d-wdcgs,container_cpu_system_seconds_total,0.124
1745322297,kashef-k8s-w1.media-memcached-7889bdfdfb-4hjbd,container_cpu_system_seconds_total,0.123
1745322297,kashef-k8s-ctl.compose-post-service-f587bf89d-dd7kf,container_cpu_system_seconds_total,0.124
1745322297,kashef-k8s-ctl.user-timeline-service-664c7f6696-hz5xq,container_cpu_system_seconds_total,0.068
1745322297,kashef-k8s-ctl.media-frontend-6b66b95ff4-42hwg,container_cpu_system_seconds_total,5.992
1745322297,kashef-k8s-w1.home-timeline-service-5754ffbc6d-kntl9,container_cpu_system_seconds_total,0.076
1745322297,kashef-k8s-ctl.unique-id-service-694497b678-2p45f,container_cpu_system_seconds_total,0.067
1745322297,kashef-k8s-w1.social-graph-service-677dbc655c-sg995,container_cpu_system_seconds_total,0.086
1745322297,kashef-k8s-w1.url-shorten-service-66949ddcc4-468ds,container_cpu_system_seconds_total,0.064
1745322297,kashef-k8s-ctl.post-storage-mongodb-5579669d8c-nfwpl,container_cpu_system_seconds_total,0.487
1745322297,kashef-k8s-w1.user-mongodb-7745bbd78-kqpbp,container_cpu_system_seconds_total,0.844
1745322297,kashef-k8s-w1.nginx-thrift-79478f9bf5-5zdh4,container_cpu_system_seconds_total,6.027
1745322297,kashef-k8s-ctl.media-service-6c665c775d-m5vf4,container_cpu_system_seconds_total,0.065
1745322297,kashef-k8s-w1.home-timeline-redis-6c6647df6f-dv494,container_cpu_system_seconds_total,0.598
1745322297,kashef-k8s-w1.user-timeline-redis-67cc95bc57-2zhdt,container_cpu_system_seconds_total,0.582
1745322297,kashef-k8s-w1.user-service-547b88cd8f-lp8p9,container_cpu_system_seconds_total,0.143
1745322297,kashef-k8s-ctl.jaeger-67997f9775-8jsbw,container_cpu_system_seconds_total,0.193
1745322297,kashef-k8s-ctl.text-service-fff64b8bf-wp774,container_cpu_system_seconds_total,0.071
1745322297,kashef-k8s-w1.social-graph-redis-5bbd5b7458-7fcvv,container_cpu_system_seconds_total,0.612
1745322297,kashef-k8s-w1.social-graph-mongodb-55df767ff5-wwlmr,container_cpu_system_seconds_total,0.863
1745322297,kashef-k8s-ctl.user-mention-service-5c4f566c5-qlj9z,container_cpu_system_seconds_total,0.082
1745322297,kashef-k8s-ctl.url-shorten-mongodb-57c886d5f8-jqtpp,container_cpu_system_seconds_total,0.628
1745322297,kashef-k8s-w1.post-storage-service-66c9966f5f-n629t,container_cpu_system_seconds_total,0.08
1745322300,kashef-k8s-w1.temp-debug-alt,container_cpu_system_seconds_total,0.118
1745322300,kashef-k8s-ctl.user-timeline-service-664c7f6696-hz5xq,container_cpu_system_seconds_total,0.068
1745322300,kashef-k8s-w1.home-timeline-service-5754ffbc6d-kntl9,container_cpu_system_seconds_total,0.076
1745322300,kashef-k8s-ctl.media-service-6c665c775d-m5vf4,container_cpu_system_seconds_total,0.065
1745322300,kashef-k8s-w1.user-timeline-redis-67cc95bc57-2zhdt,container_cpu_system_seconds_total,0.639
1745322300,kashef-k8s-w1.nginx-thrift-79478f9bf5-5zdh4,container_cpu_system_seconds_total,6.027
1745322300,kashef-k8s-w1.home-timeline-redis-6c6647df6f-dv494,container_cpu_system_seconds_total,0.598
1745322300,kashef-k8s-w1.social-graph-mongodb-55df767ff5-wwlmr,container_cpu_system_seconds_total,0.863
1745322300,kashef-k8s-ctl.user-mention-service-5c4f566c5-qlj9z,container_cpu_system_seconds_total,0.082
1745322300,kashef-k8s-ctl.unique-id-service-694497b678-2p45f,container_cpu_system_seconds_total,0.067
1745322300,kashef-k8s-ctl.post-storage-memcached-6b75788fc6-5wwtc,container_cpu_system_seconds_total,0.109
1745322300,kashef-k8s-ctl.user-memcached-59687c864d-wdcgs,container_cpu_system_seconds_total,0.124
1745322300,kashef-k8s-w1.media-memcached-7889bdfdfb-4hjbd,container_cpu_system_seconds_total,0.123
1745322300,kashef-k8s-w1.post-storage-service-66c9966f5f-n629t,container_cpu_system_seconds_total,0.081
1745322300,kashef-k8s-ctl.compose-post-service-f587bf89d-dd7kf,container_cpu_system_seconds_total,0.124
1745322300,kashef-k8s-ctl.media-frontend-6b66b95ff4-42hwg,container_cpu_system_seconds_total,5.992
1745322300,kashef-k8s-ctl.url-shorten-mongodb-57c886d5f8-jqtpp,container_cpu_system_seconds_total,0.628
1745322300,kashef-k8s-w1.user-mongodb-7745bbd78-kqpbp,container_cpu_system_seconds_total,0.844
1745322300,kashef-k8s-w1.user-service-547b88cd8f-lp8p9,container_cpu_system_seconds_total,0.143
1745322300,kashef-k8s-ctl.jaeger-67997f9775-8jsbw,container_cpu_system_seconds_total,0.193
1745322300,kashef-k8s-w1.user-timeline-mongodb-6758898d48-4w2f2,container_cpu_system_seconds_total,0.871
1745322300,kashef-k8s-ctl.post-storage-mongodb-5579669d8c-nfwpl,container_cpu_system_seconds_total,0.487
1745322300,kashef-k8s-w1.media-mongodb-7b64c59567-pm2pj,container_cpu_system_seconds_total,0.834
1745322300,kashef-k8s-w1.social-graph-redis-5bbd5b7458-7fcvv,container_cpu_system_seconds_total,0.659
1745322300,kashef-k8s-ctl.text-service-fff64b8bf-wp774,container_cpu_system_seconds_total,0.071
1745322300,kashef-k8s-w1.url-shorten-service-66949ddcc4-468ds,container_cpu_system_seconds_total,0.064
1745322300,kashef-k8s-w1.social-graph-service-677dbc655c-sg995,container_cpu_system_seconds_total,0.087
1745322300,kashef-k8s-ctl.url-shorten-memcached-6546746864-btbq8,container_cpu_system_seconds_total,0.075
1745322303,kashef-k8s-ctl.media-service-6c665c775d-m5vf4,container_cpu_system_seconds_total,0.065
1745322303,kashef-k8s-w1.social-graph-service-677dbc655c-sg995,container_cpu_system_seconds_total,0.087
1745322303,kashef-k8s-w1.social-graph-redis-5bbd5b7458-7fcvv,container_cpu_system_seconds_total,0.659
1745322303,kashef-k8s-w1.post-storage-service-66c9966f5f-n629t,container_cpu_system_seconds_total,0.081
1745322303,kashef-k8s-w1.user-timeline-mongodb-6758898d48-4w2f2,container_cpu_system_seconds_total,0.871
1745322303,kashef-k8s-ctl.user-timeline-service-664c7f6696-hz5xq,container_cpu_system_seconds_total,0.068
1745322303,kashef-k8s-w1.nginx-thrift-79478f9bf5-5zdh4,container_cpu_system_seconds_total,6.027
1745322303,kashef-k8s-ctl.text-service-fff64b8bf-wp774,container_cpu_system_seconds_total,0.071
1745322303,kashef-k8s-ctl.url-shorten-mongodb-57c886d5f8-jqtpp,container_cpu_system_seconds_total,0.628
1745322303,kashef-k8s-w1.user-timeline-redis-67cc95bc57-2zhdt,container_cpu_system_seconds_total,0.639
1745322303,kashef-k8s-w1.home-timeline-redis-6c6647df6f-dv494,container_cpu_system_seconds_total,0.598
1745322303,kashef-k8s-w1.social-graph-mongodb-55df767ff5-wwlmr,container_cpu_system_seconds_total,0.863
1745322303,kashef-k8s-w1.user-service-547b88cd8f-lp8p9,container_cpu_system_seconds_total,0.143
1745322303,kashef-k8s-ctl.post-storage-mongodb-5579669d8c-nfwpl,container_cpu_system_seconds_total,0.487
1745322303,kashef-k8s-ctl.media-frontend-6b66b95ff4-42hwg,container_cpu_system_seconds_total,5.992
1745322303,kashef-k8s-w1.user-mongodb-7745bbd78-kqpbp,container_cpu_system_seconds_total,0.844
1745322303,kashef-k8s-w1.url-shorten-service-66949ddcc4-468ds,container_cpu_system_seconds_total,0.064
1745322303,kashef-k8s-ctl.post-storage-memcached-6b75788fc6-5wwtc,container_cpu_system_seconds_total,0.109
1745322303,kashef-k8s-ctl.url-shorten-memcached-6546746864-btbq8,container_cpu_system_seconds_total,0.075
1745322303,kashef-k8s-ctl.jaeger-67997f9775-8jsbw,container_cpu_system_seconds_total,0.193
1745322303,kashef-k8s-ctl.user-mention-service-5c4f566c5-qlj9z,container_cpu_system_seconds_total,0.082
1745322303,kashef-k8s-w1.media-mongodb-7b64c59567-pm2pj,container_cpu_system_seconds_total,0.834
1745322303,kashef-k8s-w1.temp-debug-alt,container_cpu_system_seconds_total,0.118
1745322303,kashef-k8s-w1.home-timeline-service-5754ffbc6d-kntl9,container_cpu_system_seconds_total,0.076
1745322303,kashef-k8s-w1.media-memcached-7889bdfdfb-4hjbd,container_cpu_system_seconds_total,0.123
1745322303,kashef-k8s-ctl.unique-id-service-694497b678-2p45f,container_cpu_system_seconds_total,0.067
1745322303,kashef-k8s-ctl.user-memcached-59687c864d-wdcgs,container_cpu_system_seconds_total,0.124
1745322303,kashef-k8s-ctl.compose-post-service-f587bf89d-dd7kf,container_cpu_system_seconds_total,0.124
1745322306,kashef-k8s-w1.user-timeline-mongodb-6758898d48-4w2f2,container_cpu_system_seconds_total,0.871
1745322306,kashef-k8s-ctl.user-timeline-service-664c7f6696-hz5xq,container_cpu_system_seconds_total,0.068
1745322306,kashef-k8s-w1.nginx-thrift-79478f9bf5-5zdh4,container_cpu_system_seconds_total,6.027
1745322306,kashef-k8s-ctl.media-service-6c665c775d-m5vf4,container_cpu_system_seconds_total,0.065
1745322306,kashef-k8s-ctl.media-frontend-6b66b95ff4-42hwg,container_cpu_system_seconds_total,5.992
1745322306,kashef-k8s-w1.home-timeline-service-5754ffbc6d-kntl9,container_cpu_system_seconds_total,0.076
1745322306,kashef-k8s-w1.home-timeline-redis-6c6647df6f-dv494,container_cpu_system_seconds_total,0.598
1745322306,kashef-k8s-ctl.url-shorten-mongodb-57c886d5f8-jqtpp,container_cpu_system_seconds_total,0.628
1745322306,kashef-k8s-w1.user-mongodb-7745bbd78-kqpbp,container_cpu_system_seconds_total,0.844
1745322306,kashef-k8s-w1.user-timeline-redis-67cc95bc57-2zhdt,container_cpu_system_seconds_total,0.639
1745322306,kashef-k8s-w1.social-graph-mongodb-55df767ff5-wwlmr,container_cpu_system_seconds_total,0.939
1745322306,kashef-k8s-ctl.post-storage-mongodb-5579669d8c-nfwpl,container_cpu_system_seconds_total,0.487
1745322306,kashef-k8s-w1.social-graph-redis-5bbd5b7458-7fcvv,container_cpu_system_seconds_total,0.659
1745322306,kashef-k8s-w1.user-service-547b88cd8f-lp8p9,container_cpu_system_seconds_total,0.143
1745322306,kashef-k8s-w1.social-graph-service-677dbc655c-sg995,container_cpu_system_seconds_total,0.087
1745322306,kashef-k8s-w1.temp-debug-alt,container_cpu_system_seconds_total,0.118
1745322306,kashef-k8s-ctl.unique-id-service-694497b678-2p45f,container_cpu_system_seconds_total,0.067
1745322306,kashef-k8s-w1.media-memcached-7889bdfdfb-4hjbd,container_cpu_system_seconds_total,0.123
1745322306,kashef-k8s-ctl.compose-post-service-f587bf89d-dd7kf,container_cpu_system_seconds_total,0.124
1745322306,kashef-k8s-ctl.user-memcached-59687c864d-wdcgs,container_cpu_system_seconds_total,0.124
1745322306,kashef-k8s-ctl.url-shorten-memcached-6546746864-btbq8,container_cpu_system_seconds_total,0.075
1745322306,kashef-k8s-w1.url-shorten-service-66949ddcc4-468ds,container_cpu_system_seconds_total,0.064
1745322306,kashef-k8s-ctl.jaeger-67997f9775-8jsbw,container_cpu_system_seconds_total,0.193
1745322306,kashef-k8s-w1.media-mongodb-7b64c59567-pm2pj,container_cpu_system_seconds_total,0.834
1745322306,kashef-k8s-ctl.post-storage-memcached-6b75788fc6-5wwtc,container_cpu_system_seconds_total,0.109
1745322306,kashef-k8s-w1.post-storage-service-66c9966f5f-n629t,container_cpu_system_seconds_total,0.081
1745322306,kashef-k8s-ctl.text-service-fff64b8bf-wp774,container_cpu_system_seconds_total,0.071
1745322306,kashef-k8s-ctl.user-mention-service-5c4f566c5-qlj9z,container_cpu_system_seconds_total,0.082
1745322309,kashef-k8s-w1.social-graph-service-677dbc655c-sg995,container_cpu_system_seconds_total,0.087
1745322309,kashef-k8s-w1.post-storage-service-66c9966f5f-n629t,container_cpu_system_seconds_total,0.081
1745322309,kashef-k8s-ctl.user-mention-service-5c4f566c5-qlj9z,container_cpu_system_seconds_total,0.082
1745322309,kashef-k8s-w1.url-shorten-service-66949ddcc4-468ds,container_cpu_system_seconds_total,0.064
1745322309,kashef-k8s-w1.temp-debug-alt,container_cpu_system_seconds_total,0.118
1745322309,kashef-k8s-w1.media-mongodb-7b64c59567-pm2pj,container_cpu_system_seconds_total,0.834
1745322309,kashef-k8s-ctl.jaeger-67997f9775-8jsbw,container_cpu_system_seconds_total,0.194
1745322309,kashef-k8s-ctl.post-storage-mongodb-5579669d8c-nfwpl,container_cpu_system_seconds_total,0.487
1745322309,kashef-k8s-ctl.user-memcached-59687c864d-wdcgs,container_cpu_system_seconds_total,0.124
1745322309,kashef-k8s-w1.media-memcached-7889bdfdfb-4hjbd,container_cpu_system_seconds_total,0.123
1745322309,kashef-k8s-w1.social-graph-mongodb-55df767ff5-wwlmr,container_cpu_system_seconds_total,0.939
1745322309,kashef-k8s-ctl.unique-id-service-694497b678-2p45f,container_cpu_system_seconds_total,0.067
1745322309,kashef-k8s-ctl.url-shorten-mongodb-57c886d5f8-jqtpp,container_cpu_system_seconds_total,0.628
1745322309,kashef-k8s-ctl.media-frontend-6b66b95ff4-42hwg,container_cpu_system_seconds_total,5.992
1745322309,kashef-k8s-ctl.compose-post-service-f587bf89d-dd7kf,container_cpu_system_seconds_total,0.124
1745322309,kashef-k8s-ctl.post-storage-memcached-6b75788fc6-5wwtc,container_cpu_system_seconds_total,0.109
1745322309,kashef-k8s-w1.home-timeline-redis-6c6647df6f-dv494,container_cpu_system_seconds_total,0.598
1745322309,kashef-k8s-w1.home-timeline-service-5754ffbc6d-kntl9,container_cpu_system_seconds_total,0.076
1745322309,kashef-k8s-w1.user-mongodb-7745bbd78-kqpbp,container_cpu_system_seconds_total,0.844
1745322309,kashef-k8s-w1.user-timeline-mongodb-6758898d48-4w2f2,container_cpu_system_seconds_total,0.871
1745322309,kashef-k8s-ctl.url-shorten-memcached-6546746864-btbq8,container_cpu_system_seconds_total,0.075
1745322309,kashef-k8s-ctl.text-service-fff64b8bf-wp774,container_cpu_system_seconds_total,0.071
1745322309,kashef-k8s-w1.user-timeline-redis-67cc95bc57-2zhdt,container_cpu_system_seconds_total,0.639
1745322309,kashef-k8s-w1.nginx-thrift-79478f9bf5-5zdh4,container_cpu_system_seconds_total,6.027
1745322309,kashef-k8s-ctl.user-timeline-service-664c7f6696-hz5xq,container_cpu_system_seconds_total,0.069
1745322309,kashef-k8s-w1.user-service-547b88cd8f-lp8p9,container_cpu_system_seconds_total,0.143
1745322309,kashef-k8s-w1.social-graph-redis-5bbd5b7458-7fcvv,container_cpu_system_seconds_total,0.659
1745322309,kashef-k8s-ctl.media-service-6c665c775d-m5vf4,container_cpu_system_seconds_total,0.065
1745322312,kashef-k8s-w1.post-storage-service-66c9966f5f-n629t,container_cpu_system_seconds_total,0.081
1745322312,kashef-k8s-w1.url-shorten-service-66949ddcc4-468ds,container_cpu_system_seconds_total,0.064
1745322312,kashef-k8s-ctl.media-service-6c665c775d-m5vf4,container_cpu_system_seconds_total,0.065
1745322312,kashef-k8s-ctl.user-timeline-service-664c7f6696-hz5xq,container_cpu_system_seconds_total,0.069
1745322312,kashef-k8s-ctl.post-storage-memcached-6b75788fc6-5wwtc,container_cpu_system_seconds_total,0.109
1745322312,kashef-k8s-w1.home-timeline-redis-6c6647df6f-dv494,container_cpu_system_seconds_total,0.598
1745322312,kashef-k8s-w1.nginx-thrift-79478f9bf5-5zdh4,container_cpu_system_seconds_total,6.027
1745322312,kashef-k8s-w1.user-timeline-redis-67cc95bc57-2zhdt,container_cpu_system_seconds_total,0.639
1745322312,kashef-k8s-w1.media-memcached-7889bdfdfb-4hjbd,container_cpu_system_seconds_total,0.123
1745322312,kashef-k8s-ctl.url-shorten-mongodb-57c886d5f8-jqtpp,container_cpu_system_seconds_total,0.668
1745322312,kashef-k8s-ctl.post-storage-mongodb-5579669d8c-nfwpl,container_cpu_system_seconds_total,0.509
1745322312,kashef-k8s-ctl.unique-id-service-694497b678-2p45f,container_cpu_system_seconds_total,0.067
1745322312,kashef-k8s-ctl.compose-post-service-f587bf89d-dd7kf,container_cpu_system_seconds_total,0.124
1745322312,kashef-k8s-ctl.user-memcached-59687c864d-wdcgs,container_cpu_system_seconds_total,0.124
1745322312,kashef-k8s-w1.social-graph-mongodb-55df767ff5-wwlmr,container_cpu_system_seconds_total,0.939
1745322312,kashef-k8s-ctl.media-frontend-6b66b95ff4-42hwg,container_cpu_system_seconds_total,5.992
1745322312,kashef-k8s-w1.user-timeline-mongodb-6758898d48-4w2f2,container_cpu_system_seconds_total,0.871
1745322312,kashef-k8s-w1.media-mongodb-7b64c59567-pm2pj,container_cpu_system_seconds_total,0.834
1745322312,kashef-k8s-w1.user-mongodb-7745bbd78-kqpbp,container_cpu_system_seconds_total,0.844
1745322312,kashef-k8s-ctl.user-mention-service-5c4f566c5-qlj9z,container_cpu_system_seconds_total,0.082
1745322312,kashef-k8s-ctl.jaeger-67997f9775-8jsbw,container_cpu_system_seconds_total,0.194
1745322312,kashef-k8s-w1.social-graph-service-677dbc655c-sg995,container_cpu_system_seconds_total,0.087
1745322312,kashef-k8s-w1.home-timeline-service-5754ffbc6d-kntl9,container_cpu_system_seconds_total,0.076
1745322312,kashef-k8s-w1.temp-debug-alt,container_cpu_system_seconds_total,0.118
1745322312,kashef-k8s-w1.social-graph-redis-5bbd5b7458-7fcvv,container_cpu_system_seconds_total,0.659
1745322312,kashef-k8s-ctl.text-service-fff64b8bf-wp774,container_cpu_system_seconds_total,0.071
1745322312,kashef-k8s-ctl.url-shorten-memcached-6546746864-btbq8,container_cpu_system_seconds_total,0.086
1745322312,kashef-k8s-w1.user-service-547b88cd8f-lp8p9,container_cpu_system_seconds_total,0.143
1745322315,kashef-k8s-ctl.post-storage-memcached-6b75788fc6-5wwtc,container_cpu_system_seconds_total,0.114
1745322315,kashef-k8s-w1.user-mongodb-7745bbd78-kqpbp,container_cpu_system_seconds_total,0.844
1745322315,kashef-k8s-ctl.unique-id-service-694497b678-2p45f,container_cpu_system_seconds_total,0.067
1745322315,kashef-k8s-w1.url-shorten-service-66949ddcc4-468ds,container_cpu_system_seconds_total,0.064
1745322315,kashef-k8s-ctl.post-storage-mongodb-5579669d8c-nfwpl,container_cpu_system_seconds_total,0.509
1745322315,kashef-k8s-w1.home-timeline-redis-6c6647df6f-dv494,container_cpu_system_seconds_total,0.598
1745322315,kashef-k8s-ctl.compose-post-service-f587bf89d-dd7kf,container_cpu_system_seconds_total,0.124
1745322315,kashef-k8s-w1.media-memcached-7889bdfdfb-4hjbd,container_cpu_system_seconds_total,0.123
1745322315,kashef-k8s-w1.user-timeline-redis-67cc95bc57-2zhdt,container_cpu_system_seconds_total,0.639
1745322315,kashef-k8s-w1.social-graph-mongodb-55df767ff5-wwlmr,container_cpu_system_seconds_total,0.939
1745322315,kashef-k8s-ctl.url-shorten-mongodb-57c886d5f8-jqtpp,container_cpu_system_seconds_total,0.668
1745322315,kashef-k8s-ctl.user-memcached-59687c864d-wdcgs,container_cpu_system_seconds_total,0.129
1745322315,kashef-k8s-w1.social-graph-service-677dbc655c-sg995,container_cpu_system_seconds_total,0.087
1745322315,kashef-k8s-ctl.media-service-6c665c775d-m5vf4,container_cpu_system_seconds_total,0.065
1745322315,kashef-k8s-w1.post-storage-service-66c9966f5f-n629t,container_cpu_system_seconds_total,0.081
1745322315,kashef-k8s-ctl.user-timeline-service-664c7f6696-hz5xq,container_cpu_system_seconds_total,0.069
1745322315,kashef-k8s-w1.nginx-thrift-79478f9bf5-5zdh4,container_cpu_system_seconds_total,6.027
1745322315,kashef-k8s-ctl.text-service-fff64b8bf-wp774,container_cpu_system_seconds_total,0.071
1745322315,kashef-k8s-ctl.media-frontend-6b66b95ff4-42hwg,container_cpu_system_seconds_total,5.992
1745322315,kashef-k8s-w1.social-graph-redis-5bbd5b7458-7fcvv,container_cpu_system_seconds_total,0.659
1745322315,kashef-k8s-w1.media-mongodb-7b64c59567-pm2pj,container_cpu_system_seconds_total,0.834
1745322315,kashef-k8s-w1.user-service-547b88cd8f-lp8p9,container_cpu_system_seconds_total,0.143
1745322315,kashef-k8s-w1.user-timeline-mongodb-6758898d48-4w2f2,container_cpu_system_seconds_total,0.871
1745322315,kashef-k8s-ctl.jaeger-67997f9775-8jsbw,container_cpu_system_seconds_total,0.194
1745322315,kashef-k8s-ctl.url-shorten-memcached-6546746864-btbq8,container_cpu_system_seconds_total,0.086
1745322315,kashef-k8s-ctl.user-mention-service-5c4f566c5-qlj9z,container_cpu_system_seconds_total,0.082
1745322315,kashef-k8s-w1.home-timeline-service-5754ffbc6d-kntl9,container_cpu_system_seconds_total,0.076
1745322315,kashef-k8s-w1.temp-debug-alt,container_cpu_system_seconds_total,0.118
1745322318,kashef-k8s-w1.social-graph-mongodb-55df767ff5-wwlmr,container_cpu_system_seconds_total,0.964
1745322318,kashef-k8s-ctl.user-memcached-59687c864d-wdcgs,container_cpu_system_seconds_total,0.129
1745322318,kashef-k8s-w1.user-service-547b88cd8f-lp8p9,container_cpu_system_seconds_total,0.143
1745322318,kashef-k8s-ctl.post-storage-mongodb-5579669d8c-nfwpl,container_cpu_system_seconds_total,0.509
1745322318,kashef-k8s-w1.url-shorten-service-66949ddcc4-468ds,container_cpu_system_seconds_total,0.065
1745322318,kashef-k8s-w1.post-storage-service-66c9966f5f-n629t,container_cpu_system_seconds_total,0.081
1745322318,kashef-k8s-w1.user-timeline-redis-67cc95bc57-2zhdt,container_cpu_system_seconds_total,0.639
1745322318,kashef-k8s-ctl.post-storage-memcached-6b75788fc6-5wwtc,container_cpu_system_seconds_total,0.114
1745322318,kashef-k8s-w1.home-timeline-redis-6c6647df6f-dv494,container_cpu_system_seconds_total,0.598
1745322318,kashef-k8s-w1.nginx-thrift-79478f9bf5-5zdh4,container_cpu_system_seconds_total,6.027
1745322318,kashef-k8s-w1.media-mongodb-7b64c59567-pm2pj,container_cpu_system_seconds_total,0.834
1745322318,kashef-k8s-ctl.media-frontend-6b66b95ff4-42hwg,container_cpu_system_seconds_total,5.992
1745322318,kashef-k8s-ctl.text-service-fff64b8bf-wp774,container_cpu_system_seconds_total,0.071
1745322318,kashef-k8s-w1.temp-debug-alt,container_cpu_system_seconds_total,0.118
1745322318,kashef-k8s-ctl.unique-id-service-694497b678-2p45f,container_cpu_system_seconds_total,0.067
1745322318,kashef-k8s-w1.media-memcached-7889bdfdfb-4hjbd,container_cpu_system_seconds_total,0.123
1745322318,kashef-k8s-ctl.jaeger-67997f9775-8jsbw,container_cpu_system_seconds_total,0.194
1745322318,kashef-k8s-ctl.media-service-6c665c775d-m5vf4,container_cpu_system_seconds_total,0.065
1745322318,kashef-k8s-ctl.user-mention-service-5c4f566c5-qlj9z,container_cpu_system_seconds_total,0.084
1745322318,kashef-k8s-w1.social-graph-redis-5bbd5b7458-7fcvv,container_cpu_system_seconds_total,0.659
1745322318,kashef-k8s-w1.user-timeline-mongodb-6758898d48-4w2f2,container_cpu_system_seconds_total,0.871
1745322318,kashef-k8s-ctl.user-timeline-service-664c7f6696-hz5xq,container_cpu_system_seconds_total,0.069
1745322318,kashef-k8s-ctl.url-shorten-mongodb-57c886d5f8-jqtpp,container_cpu_system_seconds_total,0.668
1745322318,kashef-k8s-ctl.compose-post-service-f587bf89d-dd7kf,container_cpu_system_seconds_total,0.124
1745322318,kashef-k8s-w1.user-mongodb-7745bbd78-kqpbp,container_cpu_system_seconds_total,0.844
1745322318,kashef-k8s-w1.home-timeline-service-5754ffbc6d-kntl9,container_cpu_system_seconds_total,0.076
1745322318,kashef-k8s-w1.social-graph-service-677dbc655c-sg995,container_cpu_system_seconds_total,0.088
1745322318,kashef-k8s-ctl.url-shorten-memcached-6546746864-btbq8,container_cpu_system_seconds_total,0.086
1745322321,kashef-k8s-w1.user-timeline-redis-67cc95bc57-2zhdt,container_cpu_system_seconds_total,0.639
1745322321,kashef-k8s-ctl.compose-post-service-f587bf89d-dd7kf,container_cpu_system_seconds_total,0.124
1745322321,kashef-k8s-ctl.url-shorten-memcached-6546746864-btbq8,container_cpu_system_seconds_total,0.086
1745322321,kashef-k8s-w1.social-graph-mongodb-55df767ff5-wwlmr,container_cpu_system_seconds_total,0.964
1745322321,kashef-k8s-ctl.user-timeline-service-664c7f6696-hz5xq,container_cpu_system_seconds_total,0.069
1745322321,kashef-k8s-w1.user-timeline-mongodb-6758898d48-4w2f2,container_cpu_system_seconds_total,0.916
1745322321,kashef-k8s-w1.social-graph-service-677dbc655c-sg995,container_cpu_system_seconds_total,0.088
1745322321,kashef-k8s-w1.home-timeline-service-5754ffbc6d-kntl9,container_cpu_system_seconds_total,0.076
1745322321,kashef-k8s-ctl.media-frontend-6b66b95ff4-42hwg,container_cpu_system_seconds_total,5.992
1745322321,kashef-k8s-ctl.text-service-fff64b8bf-wp774,container_cpu_system_seconds_total,0.071
1745322321,kashef-k8s-ctl.unique-id-service-694497b678-2p45f,container_cpu_system_seconds_total,0.067
1745322321,kashef-k8s-w1.temp-debug-alt,container_cpu_system_seconds_total,0.118
1745322321,kashef-k8s-ctl.user-mention-service-5c4f566c5-qlj9z,container_cpu_system_seconds_total,0.084
1745322321,kashef-k8s-ctl.url-shorten-mongodb-57c886d5f8-jqtpp,container_cpu_system_seconds_total,0.668
1745322321,kashef-k8s-w1.media-memcached-7889bdfdfb-4hjbd,container_cpu_system_seconds_total,0.123
1745322321,kashef-k8s-ctl.media-service-6c665c775d-m5vf4,container_cpu_system_seconds_total,0.065
1745322321,kashef-k8s-ctl.jaeger-67997f9775-8jsbw,container_cpu_system_seconds_total,0.194
1745322321,kashef-k8s-ctl.post-storage-mongodb-5579669d8c-nfwpl,container_cpu_system_seconds_total,0.509
1745322321,kashef-k8s-w1.post-storage-service-66c9966f5f-n629t,container_cpu_system_seconds_total,0.081
1745322321,kashef-k8s-w1.url-shorten-service-66949ddcc4-468ds,container_cpu_system_seconds_total,0.065
1745322321,kashef-k8s-ctl.user-memcached-59687c864d-wdcgs,container_cpu_system_seconds_total,0.129
1745322321,kashef-k8s-w1.user-service-547b88cd8f-lp8p9,container_cpu_system_seconds_total,0.143
1745322321,kashef-k8s-w1.user-mongodb-7745bbd78-kqpbp,container_cpu_system_seconds_total,0.86
1745322321,kashef-k8s-w1.social-graph-redis-5bbd5b7458-7fcvv,container_cpu_system_seconds_total,0.659
1745322321,kashef-k8s-w1.home-timeline-redis-6c6647df6f-dv494,container_cpu_system_seconds_total,0.598
1745322321,kashef-k8s-ctl.post-storage-memcached-6b75788fc6-5wwtc,container_cpu_system_seconds_total,0.114
1745322321,kashef-k8s-w1.media-mongodb-7b64c59567-pm2pj,container_cpu_system_seconds_total,0.834
1745322321,kashef-k8s-w1.nginx-thrift-79478f9bf5-5zdh4,container_cpu_system_seconds_total,6.027
1745322324,kashef-k8s-ctl.compose-post-service-f587bf89d-dd7kf,container_cpu_system_seconds_total,0.124
1745322324,kashef-k8s-ctl.user-timeline-service-664c7f6696-hz5xq,container_cpu_system_seconds_total,0.069
1745322324,kashef-k8s-w1.home-timeline-service-5754ffbc6d-kntl9,container_cpu_system_seconds_total,0.076
1745322324,kashef-k8s-w1.user-timeline-mongodb-6758898d48-4w2f2,container_cpu_system_seconds_total,0.916
1745322324,kashef-k8s-w1.temp-debug-alt,container_cpu_system_seconds_total,0.118
1745322324,kashef-k8s-ctl.text-service-fff64b8bf-wp774,container_cpu_system_seconds_total,0.071
1745322324,kashef-k8s-w1.media-memcached-7889bdfdfb-4hjbd,container_cpu_system_seconds_total,0.123
1745322324,kashef-k8s-ctl.jaeger-67997f9775-8jsbw,container_cpu_system_seconds_total,0.194
1745322324,kashef-k8s-ctl.user-mention-service-5c4f566c5-qlj9z,container_cpu_system_seconds_total,0.084
1745322324,kashef-k8s-ctl.media-service-6c665c775d-m5vf4,container_cpu_system_seconds_total,0.065
1745322324,kashef-k8s-w1.social-graph-service-677dbc655c-sg995,container_cpu_system_seconds_total,0.088
1745322324,kashef-k8s-ctl.url-shorten-mongodb-57c886d5f8-jqtpp,container_cpu_system_seconds_total,0.668
1745322324,kashef-k8s-w1.social-graph-mongodb-55df767ff5-wwlmr,container_cpu_system_seconds_total,0.964
1745322324,kashef-k8s-w1.post-storage-service-66c9966f5f-n629t,container_cpu_system_seconds_total,0.081
1745322324,kashef-k8s-w1.user-timeline-redis-67cc95bc57-2zhdt,container_cpu_system_seconds_total,0.639
1745322324,kashef-k8s-ctl.post-storage-memcached-6b75788fc6-5wwtc,container_cpu_system_seconds_total,0.114
1745322324,kashef-k8s-w1.social-graph-redis-5bbd5b7458-7fcvv,container_cpu_system_seconds_total,0.659
1745322324,kashef-k8s-ctl.unique-id-service-694497b678-2p45f,container_cpu_system_seconds_total,0.067
1745322324,kashef-k8s-w1.media-mongodb-7b64c59567-pm2pj,container_cpu_system_seconds_total,0.884
1745322324,kashef-k8s-w1.nginx-thrift-79478f9bf5-5zdh4,container_cpu_system_seconds_total,6.027
1745322324,kashef-k8s-w1.url-shorten-service-66949ddcc4-468ds,container_cpu_system_seconds_total,0.065
1745322324,kashef-k8s-ctl.post-storage-mongodb-5579669d8c-nfwpl,container_cpu_system_seconds_total,0.509
1745322324,kashef-k8s-w1.home-timeline-redis-6c6647df6f-dv494,container_cpu_system_seconds_total,0.598
1745322324,kashef-k8s-ctl.user-memcached-59687c864d-wdcgs,container_cpu_system_seconds_total,0.129
1745322324,kashef-k8s-ctl.media-frontend-6b66b95ff4-42hwg,container_cpu_system_seconds_total,5.992
1745322324,kashef-k8s-w1.user-service-547b88cd8f-lp8p9,container_cpu_system_seconds_total,0.143
1745322324,kashef-k8s-w1.user-mongodb-7745bbd78-kqpbp,container_cpu_system_seconds_total,0.86
1745322324,kashef-k8s-ctl.url-shorten-memcached-6546746864-btbq8,container_cpu_system_seconds_total,0.086
1745322327,kashef-k8s-w1.social-graph-mongodb-55df767ff5-wwlmr,container_cpu_system_seconds_total,0.964
1745322327,kashef-k8s-w1.user-mongodb-7745bbd78-kqpbp,container_cpu_system_seconds_total,0.86
1745322327,kashef-k8s-w1.user-timeline-redis-67cc95bc57-2zhdt,container_cpu_system_seconds_total,0.686
1745322327,kashef-k8s-ctl.compose-post-service-f587bf89d-dd7kf,container_cpu_system_seconds_total,0.124
1745322327,kashef-k8s-w1.url-shorten-service-66949ddcc4-468ds,container_cpu_system_seconds_total,0.065
1745322327,kashef-k8s-ctl.post-storage-memcached-6b75788fc6-5wwtc,container_cpu_system_seconds_total,0.114
1745322327,kashef-k8s-w1.home-timeline-redis-6c6647df6f-dv494,container_cpu_system_seconds_total,0.598
1745322327,kashef-k8s-w1.post-storage-service-66c9966f5f-n629t,container_cpu_system_seconds_total,0.082
1745322327,kashef-k8s-ctl.jaeger-67997f9775-8jsbw,container_cpu_system_seconds_total,0.194
1745322327,kashef-k8s-ctl.post-storage-mongodb-5579669d8c-nfwpl,container_cpu_system_seconds_total,0.509
1745322327,kashef-k8s-ctl.text-service-fff64b8bf-wp774,container_cpu_system_seconds_total,0.071
1745322327,kashef-k8s-w1.user-timeline-mongodb-6758898d48-4w2f2,container_cpu_system_seconds_total,0.916
1745322327,kashef-k8s-w1.temp-debug-alt,container_cpu_system_seconds_total,0.118
1745322327,kashef-k8s-ctl.user-timeline-service-664c7f6696-hz5xq,container_cpu_system_seconds_total,0.069
1745322327,kashef-k8s-ctl.url-shorten-mongodb-57c886d5f8-jqtpp,container_cpu_system_seconds_total,0.668
1745322327,kashef-k8s-ctl.unique-id-service-694497b678-2p45f,container_cpu_system_seconds_total,0.067
1745322327,kashef-k8s-w1.social-graph-redis-5bbd5b7458-7fcvv,container_cpu_system_seconds_total,0.697
1745322327,kashef-k8s-w1.nginx-thrift-79478f9bf5-5zdh4,container_cpu_system_seconds_total,6.027
1745322327,kashef-k8s-ctl.media-frontend-6b66b95ff4-42hwg,container_cpu_system_seconds_total,5.992
1745322327,kashef-k8s-w1.user-service-547b88cd8f-lp8p9,container_cpu_system_seconds_total,0.145
1745322327,kashef-k8s-w1.media-memcached-7889bdfdfb-4hjbd,container_cpu_system_seconds_total,0.128
1745322327,kashef-k8s-ctl.user-memcached-59687c864d-wdcgs,container_cpu_system_seconds_total,0.129
1745322327,kashef-k8s-ctl.url-shorten-memcached-6546746864-btbq8,container_cpu_system_seconds_total,0.086
1745322327,kashef-k8s-w1.home-timeline-service-5754ffbc6d-kntl9,container_cpu_system_seconds_total,0.076
1745322327,kashef-k8s-ctl.media-service-6c665c775d-m5vf4,container_cpu_system_seconds_total,0.065
1745322327,kashef-k8s-w1.media-mongodb-7b64c59567-pm2pj,container_cpu_system_seconds_total,0.884
1745322327,kashef-k8s-w1.social-graph-service-677dbc655c-sg995,container_cpu_system_seconds_total,0.088
1745322327,kashef-k8s-ctl.user-mention-service-5c4f566c5-qlj9z,container_cpu_system_seconds_total,0.084
1745322330,kashef-k8s-ctl.post-storage-memcached-6b75788fc6-5wwtc,container_cpu_system_seconds_total,0.114
1745322330,kashef-k8s-ctl.post-storage-mongodb-5579669d8c-nfwpl,container_cpu_system_seconds_total,0.509
1745322330,kashef-k8s-w1.post-storage-service-66c9966f5f-n629t,container_cpu_system_seconds_total,0.082
1745322330,kashef-k8s-w1.url-shorten-service-66949ddcc4-468ds,container_cpu_system_seconds_total,0.065
1745322330,kashef-k8s-ctl.user-memcached-59687c864d-wdcgs,container_cpu_system_seconds_total,0.129
1745322330,kashef-k8s-w1.social-graph-redis-5bbd5b7458-7fcvv,container_cpu_system_seconds_total,0.697
1745322330,kashef-k8s-w1.user-timeline-mongodb-6758898d48-4w2f2,container_cpu_system_seconds_total,0.916
1745322330,kashef-k8s-ctl.unique-id-service-694497b678-2p45f,container_cpu_system_seconds_total,0.067
1745322330,kashef-k8s-ctl.text-service-fff64b8bf-wp774,container_cpu_system_seconds_total,0.071
1745322330,kashef-k8s-ctl.url-shorten-mongodb-57c886d5f8-jqtpp,container_cpu_system_seconds_total,0.668
1745322330,kashef-k8s-w1.temp-debug-alt,container_cpu_system_seconds_total,0.118
1745322330,kashef-k8s-w1.home-timeline-redis-6c6647df6f-dv494,container_cpu_system_seconds_total,0.647
1745322330,kashef-k8s-ctl.user-timeline-service-664c7f6696-hz5xq,container_cpu_system_seconds_total,0.069
1745322330,kashef-k8s-ctl.jaeger-67997f9775-8jsbw,container_cpu_system_seconds_total,0.194
1745322330,kashef-k8s-ctl.url-shorten-memcached-6546746864-btbq8,container_cpu_system_seconds_total,0.086
1745322330,kashef-k8s-w1.user-timeline-redis-67cc95bc57-2zhdt,container_cpu_system_seconds_total,0.686
1745322330,kashef-k8s-ctl.media-frontend-6b66b95ff4-42hwg,container_cpu_system_seconds_total,5.992
1745322330,kashef-k8s-ctl.media-service-6c665c775d-m5vf4,container_cpu_system_seconds_total,0.065
1745322330,kashef-k8s-ctl.user-mention-service-5c4f566c5-qlj9z,container_cpu_system_seconds_total,0.084
1745322330,kashef-k8s-w1.social-graph-service-677dbc655c-sg995,container_cpu_system_seconds_total,0.088
1745322330,kashef-k8s-w1.user-service-547b88cd8f-lp8p9,container_cpu_system_seconds_total,0.145
1745322330,kashef-k8s-w1.home-timeline-service-5754ffbc6d-kntl9,container_cpu_system_seconds_total,0.076
1745322330,kashef-k8s-w1.media-mongodb-7b64c59567-pm2pj,container_cpu_system_seconds_total,0.884
1745322330,kashef-k8s-w1.nginx-thrift-79478f9bf5-5zdh4,container_cpu_system_seconds_total,6.027
1745322330,kashef-k8s-ctl.compose-post-service-f587bf89d-dd7kf,container_cpu_system_seconds_total,0.124
1745322330,kashef-k8s-w1.media-memcached-7889bdfdfb-4hjbd,container_cpu_system_seconds_total,0.128
1745322330,kashef-k8s-w1.user-mongodb-7745bbd78-kqpbp,container_cpu_system_seconds_total,0.86
1745322330,kashef-k8s-w1.social-graph-mongodb-55df767ff5-wwlmr,container_cpu_system_seconds_total,0.964
1745322333,kashef-k8s-w1.user-mongodb-7745bbd78-kqpbp,container_cpu_system_seconds_total,0.86
1745322333,kashef-k8s-w1.social-graph-mongodb-55df767ff5-wwlmr,container_cpu_system_seconds_total,0.964
1745322333,kashef-k8s-ctl.user-memcached-59687c864d-wdcgs,container_cpu_system_seconds_total,0.129
1745322333,kashef-k8s-w1.media-memcached-7889bdfdfb-4hjbd,container_cpu_system_seconds_total,0.128
1745322333,kashef-k8s-ctl.user-mention-service-5c4f566c5-qlj9z,container_cpu_system_seconds_total,0.084
1745322333,kashef-k8s-ctl.unique-id-service-694497b678-2p45f,container_cpu_system_seconds_total,0.067
1745322333,kashef-k8s-w1.nginx-thrift-79478f9bf5-5zdh4,container_cpu_system_seconds_total,6.029
1745322333,kashef-k8s-w1.social-graph-redis-5bbd5b7458-7fcvv,container_cpu_system_seconds_total,0.697
1745322333,kashef-k8s-ctl.post-storage-mongodb-5579669d8c-nfwpl,container_cpu_system_seconds_total,0.509
1745322333,kashef-k8s-ctl.post-storage-memcached-6b75788fc6-5wwtc,container_cpu_system_seconds_total,0.114
1745322333,kashef-k8s-w1.temp-debug-alt,container_cpu_system_seconds_total,0.118
1745322333,kashef-k8s-ctl.jaeger-67997f9775-8jsbw,container_cpu_system_seconds_total,0.194
1745322333,kashef-k8s-w1.url-shorten-service-66949ddcc4-468ds,container_cpu_system_seconds_total,0.065
1745322333,kashef-k8s-w1.post-storage-service-66c9966f5f-n629t,container_cpu_system_seconds_total,0.082
1745322333,kashef-k8s-ctl.url-shorten-mongodb-57c886d5f8-jqtpp,container_cpu_system_seconds_total,0.668
1745322333,kashef-k8s-w1.home-timeline-redis-6c6647df6f-dv494,container_cpu_system_seconds_total,0.647
1745322333,kashef-k8s-w1.social-graph-service-677dbc655c-sg995,container_cpu_system_seconds_total,0.088
1745322333,kashef-k8s-ctl.text-service-fff64b8bf-wp774,container_cpu_system_seconds_total,0.071
1745322333,kashef-k8s-w1.user-service-547b88cd8f-lp8p9,container_cpu_system_seconds_total,0.145
1745322333,kashef-k8s-ctl.media-frontend-6b66b95ff4-42hwg,container_cpu_system_seconds_total,5.992
1745322333,kashef-k8s-ctl.url-shorten-memcached-6546746864-btbq8,container_cpu_system_seconds_total,0.086
1745322333,kashef-k8s-ctl.compose-post-service-f587bf89d-dd7kf,container_cpu_system_seconds_total,0.124
1745322333,kashef-k8s-w1.user-timeline-redis-67cc95bc57-2zhdt,container_cpu_system_seconds_total,0.686
1745322333,kashef-k8s-w1.home-timeline-service-5754ffbc6d-kntl9,container_cpu_system_seconds_total,0.076
1745322333,kashef-k8s-w1.media-mongodb-7b64c59567-pm2pj,container_cpu_system_seconds_total,0.884
1745322333,kashef-k8s-w1.user-timeline-mongodb-6758898d48-4w2f2,container_cpu_system_seconds_total,0.916
1745322333,kashef-k8s-ctl.user-timeline-service-664c7f6696-hz5xq,container_cpu_system_seconds_total,0.069
1745322333,kashef-k8s-ctl.media-service-6c665c775d-m5vf4,container_cpu_system_seconds_total,0.065
1745322336,kashef-k8s-ctl.unique-id-service-694497b678-2p45f,container_cpu_system_seconds_total,0.067
1745322336,kashef-k8s-ctl.user-mention-service-5c4f566c5-qlj9z,container_cpu_system_seconds_total,0.084
1745322336,kashef-k8s-w1.nginx-thrift-79478f9bf5-5zdh4,container_cpu_system_seconds_total,6.029
1745322336,kashef-k8s-w1.social-graph-mongodb-55df767ff5-wwlmr,container_cpu_system_seconds_total,0.964
1745322336,kashef-k8s-w1.temp-debug-alt,container_cpu_system_seconds_total,0.118
1745322336,kashef-k8s-ctl.jaeger-67997f9775-8jsbw,container_cpu_system_seconds_total,0.194
1745322336,kashef-k8s-w1.url-shorten-service-66949ddcc4-468ds,container_cpu_system_seconds_total,0.065
1745322336,kashef-k8s-ctl.post-storage-mongodb-5579669d8c-nfwpl,container_cpu_system_seconds_total,0.509
1745322336,kashef-k8s-ctl.url-shorten-mongodb-57c886d5f8-jqtpp,container_cpu_system_seconds_total,0.668
1745322336,kashef-k8s-w1.social-graph-redis-5bbd5b7458-7fcvv,container_cpu_system_seconds_total,0.697
1745322336,kashef-k8s-w1.post-storage-service-66c9966f5f-n629t,container_cpu_system_seconds_total,0.082
1745322336,kashef-k8s-ctl.post-storage-memcached-6b75788fc6-5wwtc,container_cpu_system_seconds_total,0.114
1745322336,kashef-k8s-w1.media-memcached-7889bdfdfb-4hjbd,container_cpu_system_seconds_total,0.128
1745322336,kashef-k8s-ctl.url-shorten-memcached-6546746864-btbq8,container_cpu_system_seconds_total,0.086
1745322336,kashef-k8s-w1.user-mongodb-7745bbd78-kqpbp,container_cpu_system_seconds_total,0.86
1745322336,kashef-k8s-ctl.user-memcached-59687c864d-wdcgs,container_cpu_system_seconds_total,0.129
1745322336,kashef-k8s-ctl.media-service-6c665c775d-m5vf4,container_cpu_system_seconds_total,0.065
1745322336,kashef-k8s-w1.user-timeline-mongodb-6758898d48-4w2f2,container_cpu_system_seconds_total,0.916
1745322336,kashef-k8s-w1.home-timeline-redis-6c6647df6f-dv494,container_cpu_system_seconds_total,0.647
1745322336,kashef-k8s-ctl.user-timeline-service-664c7f6696-hz5xq,container_cpu_system_seconds_total,0.069
1745322336,kashef-k8s-w1.user-service-547b88cd8f-lp8p9,container_cpu_system_seconds_total,0.145
1745322336,kashef-k8s-w1.media-mongodb-7b64c59567-pm2pj,container_cpu_system_seconds_total,0.884
1745322336,kashef-k8s-ctl.text-service-fff64b8bf-wp774,container_cpu_system_seconds_total,0.071
1745322336,kashef-k8s-w1.social-graph-service-677dbc655c-sg995,container_cpu_system_seconds_total,0.088
1745322336,kashef-k8s-ctl.media-frontend-6b66b95ff4-42hwg,container_cpu_system_seconds_total,5.992
1745322336,kashef-k8s-ctl.compose-post-service-f587bf89d-dd7kf,container_cpu_system_seconds_total,0.124
1745322336,kashef-k8s-w1.user-timeline-redis-67cc95bc57-2zhdt,container_cpu_system_seconds_total,0.686
1745322336,kashef-k8s-w1.home-timeline-service-5754ffbc6d-kntl9,container_cpu_system_seconds_total,0.076
1745322339,kashef-k8s-ctl.url-shorten-memcached-6546746864-btbq8,container_cpu_system_seconds_total,0.086
1745322339,kashef-k8s-w1.user-mongodb-7745bbd78-kqpbp,container_cpu_system_seconds_total,0.86
1745322339,kashef-k8s-ctl.jaeger-67997f9775-8jsbw,container_cpu_system_seconds_total,0.194
1745322339,kashef-k8s-w1.social-graph-mongodb-55df767ff5-wwlmr,container_cpu_system_seconds_total,0.964
1745322339,kashef-k8s-ctl.post-storage-memcached-6b75788fc6-5wwtc,container_cpu_system_seconds_total,0.114
1745322339,kashef-k8s-ctl.media-frontend-6b66b95ff4-42hwg,container_cpu_system_seconds_total,5.992
1745322339,kashef-k8s-w1.temp-debug-alt,container_cpu_system_seconds_total,0.118
1745322339,kashef-k8s-w1.user-service-547b88cd8f-lp8p9,container_cpu_system_seconds_total,0.145
1745322339,kashef-k8s-ctl.text-service-fff64b8bf-wp774,container_cpu_system_seconds_total,0.071
1745322339,kashef-k8s-ctl.user-timeline-service-664c7f6696-hz5xq,container_cpu_system_seconds_total,0.069
1745322339,kashef-k8s-w1.user-timeline-mongodb-6758898d48-4w2f2,container_cpu_system_seconds_total,0.916
1745322339,kashef-k8s-ctl.unique-id-service-694497b678-2p45f,container_cpu_system_seconds_total,0.067
1745322339,kashef-k8s-ctl.user-mention-service-5c4f566c5-qlj9z,container_cpu_system_seconds_total,0.084
1745322339,kashef-k8s-ctl.post-storage-mongodb-5579669d8c-nfwpl,container_cpu_system_seconds_total,0.509
1745322339,kashef-k8s-w1.home-timeline-redis-6c6647df6f-dv494,container_cpu_system_seconds_total,0.647
1745322339,kashef-k8s-ctl.url-shorten-mongodb-57c886d5f8-jqtpp,container_cpu_system_seconds_total,0.668
1745322339,kashef-k8s-w1.post-storage-service-66c9966f5f-n629t,container_cpu_system_seconds_total,0.082
1745322339,kashef-k8s-w1.url-shorten-service-66949ddcc4-468ds,container_cpu_system_seconds_total,0.065
1745322339,kashef-k8s-w1.media-memcached-7889bdfdfb-4hjbd,container_cpu_system_seconds_total,0.128
1745322339,kashef-k8s-ctl.user-memcached-59687c864d-wdcgs,container_cpu_system_seconds_total,0.129
1745322339,kashef-k8s-ctl.media-service-6c665c775d-m5vf4,container_cpu_system_seconds_total,0.065
1745322339,kashef-k8s-w1.social-graph-service-677dbc655c-sg995,container_cpu_system_seconds_total,0.088
1745322339,kashef-k8s-w1.nginx-thrift-79478f9bf5-5zdh4,container_cpu_system_seconds_total,6.029
1745322339,kashef-k8s-w1.social-graph-redis-5bbd5b7458-7fcvv,container_cpu_system_seconds_total,0.697
1745322339,kashef-k8s-ctl.compose-post-service-f587bf89d-dd7kf,container_cpu_system_seconds_total,0.124
1745322339,kashef-k8s-w1.media-mongodb-7b64c59567-pm2pj,container_cpu_system_seconds_total,0.884
1745322339,kashef-k8s-w1.home-timeline-service-5754ffbc6d-kntl9,container_cpu_system_seconds_total,0.076
1745322339,kashef-k8s-w1.user-timeline-redis-67cc95bc57-2zhdt,container_cpu_system_seconds_total,0.686
1745322342,kashef-k8s-w1.home-timeline-service-5754ffbc6d-kntl9,container_cpu_system_seconds_total,0.076
1745322342,kashef-k8s-w1.social-graph-mongodb-55df767ff5-wwlmr,container_cpu_system_seconds_total,0.964
1745322342,kashef-k8s-ctl.url-shorten-memcached-6546746864-btbq8,container_cpu_system_seconds_total,0.086
1745322342,kashef-k8s-ctl.compose-post-service-f587bf89d-dd7kf,container_cpu_system_seconds_total,0.124
1745322342,kashef-k8s-w1.media-mongodb-7b64c59567-pm2pj,container_cpu_system_seconds_total,0.884
1745322342,kashef-k8s-w1.nginx-thrift-79478f9bf5-5zdh4,container_cpu_system_seconds_total,6.029
1745322342,kashef-k8s-w1.media-memcached-7889bdfdfb-4hjbd,container_cpu_system_seconds_total,0.128
1745322342,kashef-k8s-w1.home-timeline-redis-6c6647df6f-dv494,container_cpu_system_seconds_total,0.647
1745322342,kashef-k8s-w1.post-storage-service-66c9966f5f-n629t,container_cpu_system_seconds_total,0.082
1745322342,kashef-k8s-w1.url-shorten-service-66949ddcc4-468ds,container_cpu_system_seconds_total,0.065
1745322342,kashef-k8s-ctl.post-storage-mongodb-5579669d8c-nfwpl,container_cpu_system_seconds_total,0.509
1745322342,kashef-k8s-ctl.url-shorten-mongodb-57c886d5f8-jqtpp,container_cpu_system_seconds_total,0.668
1745322342,kashef-k8s-w1.social-graph-service-677dbc655c-sg995,container_cpu_system_seconds_total,0.088
1745322342,kashef-k8s-ctl.media-service-6c665c775d-m5vf4,container_cpu_system_seconds_total,0.065
1745322342,kashef-k8s-w1.social-graph-redis-5bbd5b7458-7fcvv,container_cpu_system_seconds_total,0.697
1745322342,kashef-k8s-ctl.unique-id-service-694497b678-2p45f,container_cpu_system_seconds_total,0.067
1745322342,kashef-k8s-w1.user-timeline-mongodb-6758898d48-4w2f2,container_cpu_system_seconds_total,0.916
1745322342,kashef-k8s-ctl.user-timeline-service-664c7f6696-hz5xq,container_cpu_system_seconds_total,0.069
1745322342,kashef-k8s-w1.user-service-547b88cd8f-lp8p9,container_cpu_system_seconds_total,0.145
1745322342,kashef-k8s-ctl.jaeger-67997f9775-8jsbw,container_cpu_system_seconds_total,0.194
1745322342,kashef-k8s-w1.user-mongodb-7745bbd78-kqpbp,container_cpu_system_seconds_total,0.86
1745322342,kashef-k8s-ctl.text-service-fff64b8bf-wp774,container_cpu_system_seconds_total,0.071
1745322342,kashef-k8s-ctl.post-storage-memcached-6b75788fc6-5wwtc,container_cpu_system_seconds_total,0.114
1745322342,kashef-k8s-w1.user-timeline-redis-67cc95bc57-2zhdt,container_cpu_system_seconds_total,0.686
1745322342,kashef-k8s-ctl.user-mention-service-5c4f566c5-qlj9z,container_cpu_system_seconds_total,0.084
1745322342,kashef-k8s-ctl.user-memcached-59687c864d-wdcgs,container_cpu_system_seconds_total,0.129
1745322342,kashef-k8s-w1.temp-debug-alt,container_cpu_system_seconds_total,0.118
1745322342,kashef-k8s-ctl.media-frontend-6b66b95ff4-42hwg,container_cpu_system_seconds_total,5.992
1745322345,kashef-k8s-w1.nginx-thrift-79478f9bf5-5zdh4,container_cpu_system_seconds_total,6.029
1745322345,kashef-k8s-w1.social-graph-redis-5bbd5b7458-7fcvv,container_cpu_system_seconds_total,0.697
1745322345,kashef-k8s-w1.social-graph-service-677dbc655c-sg995,container_cpu_system_seconds_total,0.088
1745322345,kashef-k8s-w1.social-graph-mongodb-55df767ff5-wwlmr,container_cpu_system_seconds_total,0.964
1745322345,kashef-k8s-ctl.post-storage-mongodb-5579669d8c-nfwpl,container_cpu_system_seconds_total,0.509
1745322345,kashef-k8s-w1.url-shorten-service-66949ddcc4-468ds,container_cpu_system_seconds_total,0.065
1745322345,kashef-k8s-ctl.url-shorten-mongodb-57c886d5f8-jqtpp,container_cpu_system_seconds_total,0.668
1745322345,kashef-k8s-w1.post-storage-service-66c9966f5f-n629t,container_cpu_system_seconds_total,0.082
1745322345,kashef-k8s-ctl.media-service-6c665c775d-m5vf4,container_cpu_system_seconds_total,0.065
1745322345,kashef-k8s-ctl.user-memcached-59687c864d-wdcgs,container_cpu_system_seconds_total,0.129
1745322345,kashef-k8s-w1.media-memcached-7889bdfdfb-4hjbd,container_cpu_system_seconds_total,0.128
1745322345,kashef-k8s-w1.home-timeline-service-5754ffbc6d-kntl9,container_cpu_system_seconds_total,0.076
1745322345,kashef-k8s-w1.user-mongodb-7745bbd78-kqpbp,container_cpu_system_seconds_total,0.86
1745322345,kashef-k8s-ctl.url-shorten-memcached-6546746864-btbq8,container_cpu_system_seconds_total,0.086
1745322345,kashef-k8s-w1.user-timeline-redis-67cc95bc57-2zhdt,container_cpu_system_seconds_total,0.686
1745322345,kashef-k8s-w1.media-mongodb-7b64c59567-pm2pj,container_cpu_system_seconds_total,0.884
1745322345,kashef-k8s-ctl.text-service-fff64b8bf-wp774,container_cpu_system_seconds_total,0.071
1745322345,kashef-k8s-ctl.user-mention-service-5c4f566c5-qlj9z,container_cpu_system_seconds_total,0.084
1745322345,kashef-k8s-ctl.post-storage-memcached-6b75788fc6-5wwtc,container_cpu_system_seconds_total,0.114
1745322345,kashef-k8s-w1.home-timeline-redis-6c6647df6f-dv494,container_cpu_system_seconds_total,0.647
1745322345,kashef-k8s-ctl.media-frontend-6b66b95ff4-42hwg,container_cpu_system_seconds_total,5.992
1745322345,kashef-k8s-ctl.user-timeline-service-664c7f6696-hz5xq,container_cpu_system_seconds_total,0.069
1745322345,kashef-k8s-w1.temp-debug-alt,container_cpu_system_seconds_total,0.118
1745322345,kashef-k8s-w1.user-timeline-mongodb-6758898d48-4w2f2,container_cpu_system_seconds_total,0.916
1745322345,kashef-k8s-ctl.unique-id-service-694497b678-2p45f,container_cpu_system_seconds_total,0.067
1745322345,kashef-k8s-w1.user-service-547b88cd8f-lp8p9,container_cpu_system_seconds_total,0.145
1745322345,kashef-k8s-ctl.jaeger-67997f9775-8jsbw,container_cpu_system_seconds_total,0.194
1745322345,kashef-k8s-ctl.compose-post-service-f587bf89d-dd7kf,container_cpu_system_seconds_total,0.124
