timestamp,cmdb_id,kpi_name,value
1745322045,kashef-k8s-w1.social-graph-mongodb-55df767ff5-wwlmr,container_memory_working_set_bytes,59912192.0
1745322045,kashef-k8s-w1.home-timeline-redis-6c6647df6f-dv494,container_memory_working_set_bytes,4050944.0
1745322045,kashef-k8s-ctl.user-memcached-59687c864d-wdcgs,container_memory_working_set_bytes,2699264.0
1745322045,kashef-k8s-w1.social-graph-service-677dbc655c-sg995,container_memory_working_set_bytes,2486272.0
1745322045,kashef-k8s-w1.post-storage-service-66c9966f5f-n629t,container_memory_working_set_bytes,2707456.0
1745322045,kashef-k8s-ctl.compose-post-service-f587bf89d-dd7kf,container_memory_working_set_bytes,2351104.0
1745322045,kashef-k8s-ctl.url-shorten-mongodb-57c886d5f8-jqtpp,container_memory_working_set_bytes,60162048.0
1745322045,kashef-k8s-ctl.url-shorten-memcached-6546746864-btbq8,container_memory_working_set_bytes,2580480.0
1745322045,kashef-k8s-ctl.user-mention-service-5c4f566c5-qlj9z,container_memory_working_set_bytes,2797568.0
1745322045,kashef-k8s-ctl.jaeger-67997f9775-8jsbw,container_memory_working_set_bytes,10727424.0
1745322045,kashef-k8s-w1.media-memcached-7889bdfdfb-4hjbd,container_memory_working_set_bytes,2600960.0
1745322045,kashef-k8s-ctl.post-storage-memcached-6b75788fc6-5wwtc,container_memory_working_set_bytes,2576384.0
1745322045,kashef-k8s-ctl.text-service-fff64b8bf-wp774,container_memory_working_set_bytes,2162688.0
1745322045,kashef-k8s-w1.social-graph-redis-5bbd5b7458-7fcvv,container_memory_working_set_bytes,3915776.0
1745322045,kashef-k8s-ctl.unique-id-service-694497b678-2p45f,container_memory_working_set_bytes,1986560.0
1745322045,kashef-k8s-ctl.post-storage-mongodb-5579669d8c-nfwpl,container_memory_working_set_bytes,59879424.0
1745322045,kashef-k8s-w1.media-mongodb-7b64c59567-pm2pj,container_memory_working_set_bytes,61669376.0
1745322045,kashef-k8s-w1.user-timeline-redis-67cc95bc57-2zhdt,container_memory_working_set_bytes,4034560.0
1745322045,kashef-k8s-ctl.media-service-6c665c775d-m5vf4,container_memory_working_set_bytes,1974272.0
1745322045,kashef-k8s-ctl.user-timeline-service-664c7f6696-hz5xq,container_memory_working_set_bytes,2502656.0
1745322045,kashef-k8s-w1.home-timeline-service-5754ffbc6d-kntl9,container_memory_working_set_bytes,1937408.0
1745322045,kashef-k8s-w1.user-timeline-mongodb-6758898d48-4w2f2,container_memory_working_set_bytes,60002304.0
1745322045,kashef-k8s-w1.temp-debug-alt,container_memory_working_set_bytes,1163264.0
1745322045,kashef-k8s-ctl.media-frontend-6b66b95ff4-42hwg,container_memory_working_set_bytes,62459904.0
1745322045,kashef-k8s-w1.nginx-thrift-79478f9bf5-5zdh4,container_memory_working_set_bytes,87789568.0
1745322045,kashef-k8s-w1.user-mongodb-7745bbd78-kqpbp,container_memory_working_set_bytes,59854848.0
1745322045,kashef-k8s-w1.url-shorten-service-66949ddcc4-468ds,container_memory_working_set_bytes,2838528.0
1745322048,kashef-k8s-ctl.user-memcached-59687c864d-wdcgs,container_memory_working_set_bytes,2699264.0
1745322048,kashef-k8s-w1.post-storage-service-66c9966f5f-n629t,container_memory_working_set_bytes,2707456.0
1745322048,kashef-k8s-w1.user-mongodb-7745bbd78-kqpbp,container_memory_working_set_bytes,59854848.0
1745322048,kashef-k8s-ctl.jaeger-67997f9775-8jsbw,container_memory_working_set_bytes,10809344.0
1745322048,kashef-k8s-w1.media-memcached-7889bdfdfb-4hjbd,container_memory_working_set_bytes,2600960.0
1745322048,kashef-k8s-ctl.url-shorten-mongodb-57c886d5f8-jqtpp,container_memory_working_set_bytes,60162048.0
1745322048,kashef-k8s-ctl.url-shorten-memcached-6546746864-btbq8,container_memory_working_set_bytes,2580480.0
1745322048,kashef-k8s-ctl.compose-post-service-f587bf89d-dd7kf,container_memory_working_set_bytes,2351104.0
1745322048,kashef-k8s-ctl.user-mention-service-5c4f566c5-qlj9z,container_memory_working_set_bytes,2797568.0
1745322048,kashef-k8s-ctl.post-storage-memcached-6b75788fc6-5wwtc,container_memory_working_set_bytes,2576384.0
1745322048,kashef-k8s-w1.nginx-thrift-79478f9bf5-5zdh4,container_memory_working_set_bytes,87789568.0
1745322048,kashef-k8s-ctl.media-frontend-6b66b95ff4-42hwg,container_memory_working_set_bytes,62459904.0
1745322048,kashef-k8s-w1.social-graph-redis-5bbd5b7458-7fcvv,container_memory_working_set_bytes,3915776.0
1745322048,kashef-k8s-ctl.unique-id-service-694497b678-2p45f,container_memory_working_set_bytes,1986560.0
1745322048,kashef-k8s-ctl.text-service-fff64b8bf-wp774,container_memory_working_set_bytes,2162688.0
1745322048,kashef-k8s-ctl.post-storage-mongodb-5579669d8c-nfwpl,container_memory_working_set_bytes,59879424.0
1745322048,kashef-k8s-w1.media-mongodb-7b64c59567-pm2pj,container_memory_working_set_bytes,61669376.0
1745322048,kashef-k8s-w1.home-timeline-service-5754ffbc6d-kntl9,container_memory_working_set_bytes,1937408.0
1745322048,kashef-k8s-ctl.media-service-6c665c775d-m5vf4,container_memory_working_set_bytes,1974272.0
1745322048,kashef-k8s-ctl.user-timeline-service-664c7f6696-hz5xq,container_memory_working_set_bytes,2502656.0
1745322048,kashef-k8s-w1.temp-debug-alt,container_memory_working_set_bytes,1163264.0
1745322048,kashef-k8s-w1.user-timeline-mongodb-6758898d48-4w2f2,container_memory_working_set_bytes,60002304.0
1745322048,kashef-k8s-w1.user-timeline-redis-67cc95bc57-2zhdt,container_memory_working_set_bytes,4034560.0
1745322048,kashef-k8s-w1.url-shorten-service-66949ddcc4-468ds,container_memory_working_set_bytes,2838528.0
1745322048,kashef-k8s-w1.home-timeline-redis-6c6647df6f-dv494,container_memory_working_set_bytes,4050944.0
1745322048,kashef-k8s-w1.social-graph-service-677dbc655c-sg995,container_memory_working_set_bytes,2486272.0
1745322048,kashef-k8s-w1.social-graph-mongodb-55df767ff5-wwlmr,container_memory_working_set_bytes,59912192.0
1745322051,kashef-k8s-ctl.url-shorten-memcached-6546746864-btbq8,container_memory_working_set_bytes,2580480.0
1745322051,kashef-k8s-w1.social-graph-service-677dbc655c-sg995,container_memory_working_set_bytes,2486272.0
1745322051,kashef-k8s-ctl.user-memcached-59687c864d-wdcgs,container_memory_working_set_bytes,2699264.0
1745322051,kashef-k8s-w1.social-graph-mongodb-55df767ff5-wwlmr,container_memory_working_set_bytes,59912192.0
1745322051,kashef-k8s-w1.user-timeline-mongodb-6758898d48-4w2f2,container_memory_working_set_bytes,60002304.0
1745322051,kashef-k8s-w1.nginx-thrift-79478f9bf5-5zdh4,container_memory_working_set_bytes,87785472.0
1745322051,kashef-k8s-w1.home-timeline-redis-6c6647df6f-dv494,container_memory_working_set_bytes,4050944.0
1745322051,kashef-k8s-w1.url-shorten-service-66949ddcc4-468ds,container_memory_working_set_bytes,2838528.0
1745322051,kashef-k8s-w1.temp-debug-alt,container_memory_working_set_bytes,1163264.0
1745322051,kashef-k8s-w1.media-mongodb-7b64c59567-pm2pj,container_memory_working_set_bytes,61669376.0
1745322051,kashef-k8s-ctl.jaeger-67997f9775-8jsbw,container_memory_working_set_bytes,10809344.0
1745322051,kashef-k8s-ctl.unique-id-service-694497b678-2p45f,container_memory_working_set_bytes,1986560.0
1745322051,kashef-k8s-w1.home-timeline-service-5754ffbc6d-kntl9,container_memory_working_set_bytes,1937408.0
1745322051,kashef-k8s-ctl.post-storage-mongodb-5579669d8c-nfwpl,container_memory_working_set_bytes,60272640.0
1745322051,kashef-k8s-w1.user-timeline-redis-67cc95bc57-2zhdt,container_memory_working_set_bytes,4034560.0
1745322051,kashef-k8s-ctl.text-service-fff64b8bf-wp774,container_memory_working_set_bytes,2162688.0
1745322051,kashef-k8s-ctl.compose-post-service-f587bf89d-dd7kf,container_memory_working_set_bytes,2351104.0
1745322051,kashef-k8s-ctl.user-mention-service-5c4f566c5-qlj9z,container_memory_working_set_bytes,2797568.0
1745322051,kashef-k8s-ctl.post-storage-memcached-6b75788fc6-5wwtc,container_memory_working_set_bytes,2576384.0
1745322051,kashef-k8s-w1.media-memcached-7889bdfdfb-4hjbd,container_memory_working_set_bytes,2600960.0
1745322051,kashef-k8s-w1.post-storage-service-66c9966f5f-n629t,container_memory_working_set_bytes,2707456.0
1745322051,kashef-k8s-ctl.user-timeline-service-664c7f6696-hz5xq,container_memory_working_set_bytes,2502656.0
1745322051,kashef-k8s-w1.user-mongodb-7745bbd78-kqpbp,container_memory_working_set_bytes,59854848.0
1745322051,kashef-k8s-ctl.url-shorten-mongodb-57c886d5f8-jqtpp,container_memory_working_set_bytes,60162048.0
1745322051,kashef-k8s-ctl.media-service-6c665c775d-m5vf4,container_memory_working_set_bytes,1974272.0
1745322051,kashef-k8s-w1.social-graph-redis-5bbd5b7458-7fcvv,container_memory_working_set_bytes,4046848.0
1745322051,kashef-k8s-ctl.media-frontend-6b66b95ff4-42hwg,container_memory_working_set_bytes,62459904.0
1745322054,kashef-k8s-w1.social-graph-mongodb-55df767ff5-wwlmr,container_memory_working_set_bytes,59912192.0
1745322054,kashef-k8s-w1.user-timeline-mongodb-6758898d48-4w2f2,container_memory_working_set_bytes,60002304.0
1745322054,kashef-k8s-w1.temp-debug-alt,container_memory_working_set_bytes,1163264.0
1745322054,kashef-k8s-w1.url-shorten-service-66949ddcc4-468ds,container_memory_working_set_bytes,2838528.0
1745322054,kashef-k8s-ctl.user-memcached-59687c864d-wdcgs,container_memory_working_set_bytes,2699264.0
1745322054,kashef-k8s-ctl.jaeger-67997f9775-8jsbw,container_memory_working_set_bytes,10809344.0
1745322054,kashef-k8s-ctl.unique-id-service-694497b678-2p45f,container_memory_working_set_bytes,1986560.0
1745322054,kashef-k8s-ctl.text-service-fff64b8bf-wp774,container_memory_working_set_bytes,2162688.0
1745322054,kashef-k8s-ctl.post-storage-mongodb-5579669d8c-nfwpl,container_memory_working_set_bytes,60272640.0
1745322054,kashef-k8s-w1.media-mongodb-7b64c59567-pm2pj,container_memory_working_set_bytes,61669376.0
1745322054,kashef-k8s-w1.nginx-thrift-79478f9bf5-5zdh4,container_memory_working_set_bytes,87785472.0
1745322054,kashef-k8s-w1.home-timeline-service-5754ffbc6d-kntl9,container_memory_working_set_bytes,1937408.0
1745322054,kashef-k8s-w1.user-timeline-redis-67cc95bc57-2zhdt,container_memory_working_set_bytes,4034560.0
1745322054,kashef-k8s-ctl.post-storage-memcached-6b75788fc6-5wwtc,container_memory_working_set_bytes,2576384.0
1745322054,kashef-k8s-w1.social-graph-service-677dbc655c-sg995,container_memory_working_set_bytes,2486272.0
1745322054,kashef-k8s-ctl.url-shorten-memcached-6546746864-btbq8,container_memory_working_set_bytes,2580480.0
1745322054,kashef-k8s-w1.post-storage-service-66c9966f5f-n629t,container_memory_working_set_bytes,2707456.0
1745322054,kashef-k8s-ctl.media-service-6c665c775d-m5vf4,container_memory_working_set_bytes,1974272.0
1745322054,kashef-k8s-ctl.media-frontend-6b66b95ff4-42hwg,container_memory_working_set_bytes,62459904.0
1745322054,kashef-k8s-w1.social-graph-redis-5bbd5b7458-7fcvv,container_memory_working_set_bytes,4046848.0
1745322054,kashef-k8s-w1.media-memcached-7889bdfdfb-4hjbd,container_memory_working_set_bytes,2600960.0
1745322054,kashef-k8s-ctl.url-shorten-mongodb-57c886d5f8-jqtpp,container_memory_working_set_bytes,60162048.0
1745322054,kashef-k8s-ctl.user-mention-service-5c4f566c5-qlj9z,container_memory_working_set_bytes,2797568.0
1745322054,kashef-k8s-ctl.compose-post-service-f587bf89d-dd7kf,container_memory_working_set_bytes,2351104.0
1745322054,kashef-k8s-w1.home-timeline-redis-6c6647df6f-dv494,container_memory_working_set_bytes,4050944.0
1745322054,kashef-k8s-ctl.user-timeline-service-664c7f6696-hz5xq,container_memory_working_set_bytes,2502656.0
1745322054,kashef-k8s-w1.user-mongodb-7745bbd78-kqpbp,container_memory_working_set_bytes,59854848.0
1745322057,kashef-k8s-w1.url-shorten-service-66949ddcc4-468ds,container_memory_working_set_bytes,2838528.0
1745322057,kashef-k8s-ctl.user-mention-service-5c4f566c5-qlj9z,container_memory_working_set_bytes,2797568.0
1745322057,kashef-k8s-ctl.url-shorten-mongodb-57c886d5f8-jqtpp,container_memory_working_set_bytes,60162048.0
1745322057,kashef-k8s-ctl.compose-post-service-f587bf89d-dd7kf,container_memory_working_set_bytes,2351104.0
1745322057,kashef-k8s-w1.social-graph-service-677dbc655c-sg995,container_memory_working_set_bytes,2486272.0
1745322057,kashef-k8s-w1.post-storage-service-66c9966f5f-n629t,container_memory_working_set_bytes,2707456.0
1745322057,kashef-k8s-w1.home-timeline-service-5754ffbc6d-kntl9,container_memory_working_set_bytes,1937408.0
1745322057,kashef-k8s-ctl.post-storage-memcached-6b75788fc6-5wwtc,container_memory_working_set_bytes,2576384.0
1745322057,kashef-k8s-w1.social-graph-redis-5bbd5b7458-7fcvv,container_memory_working_set_bytes,4046848.0
1745322057,kashef-k8s-w1.user-mongodb-7745bbd78-kqpbp,container_memory_working_set_bytes,60116992.0
1745322057,kashef-k8s-ctl.user-timeline-service-664c7f6696-hz5xq,container_memory_working_set_bytes,2502656.0
1745322057,kashef-k8s-w1.media-memcached-7889bdfdfb-4hjbd,container_memory_working_set_bytes,2600960.0
1745322057,kashef-k8s-ctl.jaeger-67997f9775-8jsbw,container_memory_working_set_bytes,10809344.0
1745322057,kashef-k8s-ctl.post-storage-mongodb-5579669d8c-nfwpl,container_memory_working_set_bytes,60272640.0
1745322057,kashef-k8s-ctl.unique-id-service-694497b678-2p45f,container_memory_working_set_bytes,1986560.0
1745322057,kashef-k8s-w1.temp-debug-alt,container_memory_working_set_bytes,1163264.0
1745322057,kashef-k8s-ctl.media-frontend-6b66b95ff4-42hwg,container_memory_working_set_bytes,62459904.0
1745322057,kashef-k8s-ctl.media-service-6c665c775d-m5vf4,container_memory_working_set_bytes,1974272.0
1745322057,kashef-k8s-w1.media-mongodb-7b64c59567-pm2pj,container_memory_working_set_bytes,61939712.0
1745322057,kashef-k8s-w1.user-timeline-redis-67cc95bc57-2zhdt,container_memory_working_set_bytes,4034560.0
1745322057,kashef-k8s-ctl.text-service-fff64b8bf-wp774,container_memory_working_set_bytes,2162688.0
1745322057,kashef-k8s-w1.nginx-thrift-79478f9bf5-5zdh4,container_memory_working_set_bytes,87785472.0
1745322057,kashef-k8s-w1.user-timeline-mongodb-6758898d48-4w2f2,container_memory_working_set_bytes,60002304.0
1745322057,kashef-k8s-ctl.user-memcached-59687c864d-wdcgs,container_memory_working_set_bytes,2699264.0
1745322057,kashef-k8s-ctl.url-shorten-memcached-6546746864-btbq8,container_memory_working_set_bytes,2580480.0
1745322057,kashef-k8s-w1.home-timeline-redis-6c6647df6f-dv494,container_memory_working_set_bytes,4050944.0
1745322057,kashef-k8s-w1.social-graph-mongodb-55df767ff5-wwlmr,container_memory_working_set_bytes,59912192.0
1745322060,kashef-k8s-ctl.post-storage-mongodb-5579669d8c-nfwpl,container_memory_working_set_bytes,60272640.0
1745322060,kashef-k8s-w1.home-timeline-redis-6c6647df6f-dv494,container_memory_working_set_bytes,4050944.0
1745322060,kashef-k8s-w1.url-shorten-service-66949ddcc4-468ds,container_memory_working_set_bytes,2838528.0
1745322060,kashef-k8s-w1.nginx-thrift-79478f9bf5-5zdh4,container_memory_working_set_bytes,87785472.0
1745322060,kashef-k8s-ctl.text-service-fff64b8bf-wp774,container_memory_working_set_bytes,2162688.0
1745322060,kashef-k8s-ctl.media-service-6c665c775d-m5vf4,container_memory_working_set_bytes,1974272.0
1745322060,kashef-k8s-ctl.user-memcached-59687c864d-wdcgs,container_memory_working_set_bytes,2699264.0
1745322060,kashef-k8s-w1.social-graph-mongodb-55df767ff5-wwlmr,container_memory_working_set_bytes,59912192.0
1745322060,kashef-k8s-w1.user-timeline-redis-67cc95bc57-2zhdt,container_memory_working_set_bytes,4034560.0
1745322060,kashef-k8s-w1.temp-debug-alt,container_memory_working_set_bytes,1163264.0
1745322060,kashef-k8s-ctl.jaeger-67997f9775-8jsbw,container_memory_working_set_bytes,10809344.0
1745322060,kashef-k8s-ctl.media-frontend-6b66b95ff4-42hwg,container_memory_working_set_bytes,62459904.0
1745322060,kashef-k8s-ctl.unique-id-service-694497b678-2p45f,container_memory_working_set_bytes,1986560.0
1745322060,kashef-k8s-w1.media-mongodb-7b64c59567-pm2pj,container_memory_working_set_bytes,61939712.0
1745322060,kashef-k8s-w1.user-timeline-mongodb-6758898d48-4w2f2,container_memory_working_set_bytes,60141568.0
1745322060,kashef-k8s-w1.social-graph-redis-5bbd5b7458-7fcvv,container_memory_working_set_bytes,4046848.0
1745322060,kashef-k8s-w1.home-timeline-service-5754ffbc6d-kntl9,container_memory_working_set_bytes,1937408.0
1745322060,kashef-k8s-ctl.post-storage-memcached-6b75788fc6-5wwtc,container_memory_working_set_bytes,2576384.0
1745322060,kashef-k8s-w1.social-graph-service-677dbc655c-sg995,container_memory_working_set_bytes,2486272.0
1745322060,kashef-k8s-ctl.compose-post-service-f587bf89d-dd7kf,container_memory_working_set_bytes,2351104.0
1745322060,kashef-k8s-w1.media-memcached-7889bdfdfb-4hjbd,container_memory_working_set_bytes,2600960.0
1745322060,kashef-k8s-ctl.user-mention-service-5c4f566c5-qlj9z,container_memory_working_set_bytes,2797568.0
1745322060,kashef-k8s-ctl.url-shorten-mongodb-57c886d5f8-jqtpp,container_memory_working_set_bytes,60162048.0
1745322060,kashef-k8s-w1.post-storage-service-66c9966f5f-n629t,container_memory_working_set_bytes,2707456.0
1745322060,kashef-k8s-ctl.user-timeline-service-664c7f6696-hz5xq,container_memory_working_set_bytes,2502656.0
1745322060,kashef-k8s-ctl.url-shorten-memcached-6546746864-btbq8,container_memory_working_set_bytes,2580480.0
1745322060,kashef-k8s-w1.user-mongodb-7745bbd78-kqpbp,container_memory_working_set_bytes,60116992.0
1745322063,kashef-k8s-w1.post-storage-service-66c9966f5f-n629t,container_memory_working_set_bytes,2707456.0
1745322063,kashef-k8s-ctl.media-service-6c665c775d-m5vf4,container_memory_working_set_bytes,1974272.0
1745322063,kashef-k8s-ctl.text-service-fff64b8bf-wp774,container_memory_working_set_bytes,2162688.0
1745322063,kashef-k8s-w1.social-graph-mongodb-55df767ff5-wwlmr,container_memory_working_set_bytes,60325888.0
1745322063,kashef-k8s-w1.url-shorten-service-66949ddcc4-468ds,container_memory_working_set_bytes,2838528.0
1745322063,kashef-k8s-ctl.jaeger-67997f9775-8jsbw,container_memory_working_set_bytes,10809344.0
1745322063,kashef-k8s-w1.social-graph-service-677dbc655c-sg995,container_memory_working_set_bytes,2486272.0
1745322063,kashef-k8s-ctl.url-shorten-mongodb-57c886d5f8-jqtpp,container_memory_working_set_bytes,60162048.0
1745322063,kashef-k8s-ctl.media-frontend-6b66b95ff4-42hwg,container_memory_working_set_bytes,62459904.0
1745322063,kashef-k8s-w1.temp-debug-alt,container_memory_working_set_bytes,1163264.0
1745322063,kashef-k8s-w1.media-mongodb-7b64c59567-pm2pj,container_memory_working_set_bytes,61939712.0
1745322063,kashef-k8s-w1.user-timeline-redis-67cc95bc57-2zhdt,container_memory_working_set_bytes,4034560.0
1745322063,kashef-k8s-w1.nginx-thrift-79478f9bf5-5zdh4,container_memory_working_set_bytes,87785472.0
1745322063,kashef-k8s-w1.user-timeline-mongodb-6758898d48-4w2f2,container_memory_working_set_bytes,60141568.0
1745322063,kashef-k8s-w1.home-timeline-redis-6c6647df6f-dv494,container_memory_working_set_bytes,4050944.0
1745322063,kashef-k8s-ctl.post-storage-mongodb-5579669d8c-nfwpl,container_memory_working_set_bytes,60272640.0
1745322063,kashef-k8s-ctl.user-memcached-59687c864d-wdcgs,container_memory_working_set_bytes,2699264.0
1745322063,kashef-k8s-ctl.user-timeline-service-664c7f6696-hz5xq,container_memory_working_set_bytes,2502656.0
1745322063,kashef-k8s-w1.user-mongodb-7745bbd78-kqpbp,container_memory_working_set_bytes,60116992.0
1745322063,kashef-k8s-ctl.url-shorten-memcached-6546746864-btbq8,container_memory_working_set_bytes,2580480.0
1745322063,kashef-k8s-w1.social-graph-redis-5bbd5b7458-7fcvv,container_memory_working_set_bytes,4046848.0
1745322063,kashef-k8s-ctl.compose-post-service-f587bf89d-dd7kf,container_memory_working_set_bytes,2351104.0
1745322063,kashef-k8s-ctl.post-storage-memcached-6b75788fc6-5wwtc,container_memory_working_set_bytes,2576384.0
1745322063,kashef-k8s-w1.home-timeline-service-5754ffbc6d-kntl9,container_memory_working_set_bytes,1937408.0
1745322063,kashef-k8s-w1.media-memcached-7889bdfdfb-4hjbd,container_memory_working_set_bytes,2600960.0
1745322063,kashef-k8s-ctl.user-mention-service-5c4f566c5-qlj9z,container_memory_working_set_bytes,2797568.0
1745322063,kashef-k8s-ctl.unique-id-service-694497b678-2p45f,container_memory_working_set_bytes,1986560.0
1745322066,kashef-k8s-w1.url-shorten-service-66949ddcc4-468ds,container_memory_working_set_bytes,2838528.0
1745322066,kashef-k8s-w1.social-graph-mongodb-55df767ff5-wwlmr,container_memory_working_set_bytes,60325888.0
1745322066,kashef-k8s-w1.home-timeline-service-5754ffbc6d-kntl9,container_memory_working_set_bytes,1937408.0
1745322066,kashef-k8s-w1.social-graph-redis-5bbd5b7458-7fcvv,container_memory_working_set_bytes,4046848.0
1745322066,kashef-k8s-ctl.post-storage-memcached-6b75788fc6-5wwtc,container_memory_working_set_bytes,2576384.0
1745322066,kashef-k8s-ctl.compose-post-service-f587bf89d-dd7kf,container_memory_working_set_bytes,2351104.0
1745322066,kashef-k8s-w1.home-timeline-redis-6c6647df6f-dv494,container_memory_working_set_bytes,4050944.0
1745322066,kashef-k8s-ctl.user-timeline-service-664c7f6696-hz5xq,container_memory_working_set_bytes,2502656.0
1745322066,kashef-k8s-w1.user-timeline-mongodb-6758898d48-4w2f2,container_memory_working_set_bytes,60141568.0
1745322066,kashef-k8s-ctl.media-frontend-6b66b95ff4-42hwg,container_memory_working_set_bytes,62459904.0
1745322066,kashef-k8s-w1.temp-debug-alt,container_memory_working_set_bytes,1163264.0
1745322066,kashef-k8s-ctl.unique-id-service-694497b678-2p45f,container_memory_working_set_bytes,1986560.0
1745322066,kashef-k8s-w1.user-timeline-redis-67cc95bc57-2zhdt,container_memory_working_set_bytes,4034560.0
1745322066,kashef-k8s-w1.media-memcached-7889bdfdfb-4hjbd,container_memory_working_set_bytes,2600960.0
1745322066,kashef-k8s-ctl.url-shorten-mongodb-57c886d5f8-jqtpp,container_memory_working_set_bytes,60162048.0
1745322066,kashef-k8s-ctl.jaeger-67997f9775-8jsbw,container_memory_working_set_bytes,10809344.0
1745322066,kashef-k8s-ctl.user-mention-service-5c4f566c5-qlj9z,container_memory_working_set_bytes,2797568.0
1745322066,kashef-k8s-ctl.text-service-fff64b8bf-wp774,container_memory_working_set_bytes,2162688.0
1745322066,kashef-k8s-ctl.url-shorten-memcached-6546746864-btbq8,container_memory_working_set_bytes,2580480.0
1745322066,kashef-k8s-ctl.media-service-6c665c775d-m5vf4,container_memory_working_set_bytes,1974272.0
1745322066,kashef-k8s-w1.nginx-thrift-79478f9bf5-5zdh4,container_memory_working_set_bytes,87785472.0
1745322066,kashef-k8s-w1.media-mongodb-7b64c59567-pm2pj,container_memory_working_set_bytes,61939712.0
1745322066,kashef-k8s-w1.social-graph-service-677dbc655c-sg995,container_memory_working_set_bytes,2486272.0
1745322066,kashef-k8s-ctl.post-storage-mongodb-5579669d8c-nfwpl,container_memory_working_set_bytes,60284928.0
1745322066,kashef-k8s-w1.post-storage-service-66c9966f5f-n629t,container_memory_working_set_bytes,2707456.0
1745322066,kashef-k8s-w1.user-mongodb-7745bbd78-kqpbp,container_memory_working_set_bytes,60116992.0
1745322066,kashef-k8s-ctl.user-memcached-59687c864d-wdcgs,container_memory_working_set_bytes,2699264.0
1745322069,kashef-k8s-w1.home-timeline-redis-6c6647df6f-dv494,container_memory_working_set_bytes,4050944.0
1745322069,kashef-k8s-ctl.user-mention-service-5c4f566c5-qlj9z,container_memory_working_set_bytes,2797568.0
1745322069,kashef-k8s-ctl.user-timeline-service-664c7f6696-hz5xq,container_memory_working_set_bytes,2502656.0
1745322069,kashef-k8s-w1.media-mongodb-7b64c59567-pm2pj,container_memory_working_set_bytes,61939712.0
1745322069,kashef-k8s-ctl.post-storage-memcached-6b75788fc6-5wwtc,container_memory_working_set_bytes,2576384.0
1745322069,kashef-k8s-w1.nginx-thrift-79478f9bf5-5zdh4,container_memory_working_set_bytes,87785472.0
1745322069,kashef-k8s-ctl.url-shorten-memcached-6546746864-btbq8,container_memory_working_set_bytes,2580480.0
1745322069,kashef-k8s-ctl.compose-post-service-f587bf89d-dd7kf,container_memory_working_set_bytes,2351104.0
1745322069,kashef-k8s-ctl.user-memcached-59687c864d-wdcgs,container_memory_working_set_bytes,2699264.0
1745322069,kashef-k8s-w1.media-memcached-7889bdfdfb-4hjbd,container_memory_working_set_bytes,2600960.0
1745322069,kashef-k8s-w1.social-graph-mongodb-55df767ff5-wwlmr,container_memory_working_set_bytes,60325888.0
1745322069,kashef-k8s-ctl.url-shorten-mongodb-57c886d5f8-jqtpp,container_memory_working_set_bytes,60162048.0
1745322069,kashef-k8s-ctl.text-service-fff64b8bf-wp774,container_memory_working_set_bytes,2162688.0
1745322069,kashef-k8s-ctl.media-frontend-6b66b95ff4-42hwg,container_memory_working_set_bytes,62459904.0
1745322069,kashef-k8s-ctl.jaeger-67997f9775-8jsbw,container_memory_working_set_bytes,10809344.0
1745322069,kashef-k8s-w1.social-graph-service-677dbc655c-sg995,container_memory_working_set_bytes,2486272.0
1745322069,kashef-k8s-w1.user-timeline-redis-67cc95bc57-2zhdt,container_memory_working_set_bytes,4034560.0
1745322069,kashef-k8s-w1.user-mongodb-7745bbd78-kqpbp,container_memory_working_set_bytes,60116992.0
1745322069,kashef-k8s-w1.user-timeline-mongodb-6758898d48-4w2f2,container_memory_working_set_bytes,60141568.0
1745322069,kashef-k8s-ctl.post-storage-mongodb-5579669d8c-nfwpl,container_memory_working_set_bytes,60284928.0
1745322069,kashef-k8s-ctl.media-service-6c665c775d-m5vf4,container_memory_working_set_bytes,1974272.0
1745322069,kashef-k8s-w1.home-timeline-service-5754ffbc6d-kntl9,container_memory_working_set_bytes,1937408.0
1745322069,kashef-k8s-w1.url-shorten-service-66949ddcc4-468ds,container_memory_working_set_bytes,2838528.0
1745322069,kashef-k8s-w1.social-graph-redis-5bbd5b7458-7fcvv,container_memory_working_set_bytes,4046848.0
1745322069,kashef-k8s-w1.temp-debug-alt,container_memory_working_set_bytes,1163264.0
1745322069,kashef-k8s-ctl.unique-id-service-694497b678-2p45f,container_memory_working_set_bytes,1986560.0
1745322069,kashef-k8s-w1.post-storage-service-66c9966f5f-n629t,container_memory_working_set_bytes,2707456.0
1745322072,kashef-k8s-w1.nginx-thrift-79478f9bf5-5zdh4,container_memory_working_set_bytes,87785472.0
1745322072,kashef-k8s-ctl.post-storage-memcached-6b75788fc6-5wwtc,container_memory_working_set_bytes,2576384.0
1745322072,kashef-k8s-ctl.url-shorten-memcached-6546746864-btbq8,container_memory_working_set_bytes,2580480.0
1745322072,kashef-k8s-ctl.compose-post-service-f587bf89d-dd7kf,container_memory_working_set_bytes,2351104.0
1745322072,kashef-k8s-w1.media-mongodb-7b64c59567-pm2pj,container_memory_working_set_bytes,61939712.0
1745322072,kashef-k8s-ctl.url-shorten-mongodb-57c886d5f8-jqtpp,container_memory_working_set_bytes,60170240.0
1745322072,kashef-k8s-w1.media-memcached-7889bdfdfb-4hjbd,container_memory_working_set_bytes,2600960.0
1745322072,kashef-k8s-ctl.user-memcached-59687c864d-wdcgs,container_memory_working_set_bytes,2699264.0
1745322072,kashef-k8s-w1.temp-debug-alt,container_memory_working_set_bytes,1163264.0
1745322072,kashef-k8s-ctl.jaeger-67997f9775-8jsbw,container_memory_working_set_bytes,10809344.0
1745322072,kashef-k8s-w1.social-graph-service-677dbc655c-sg995,container_memory_working_set_bytes,2486272.0
1745322072,kashef-k8s-ctl.text-service-fff64b8bf-wp774,container_memory_working_set_bytes,2162688.0
1745322072,kashef-k8s-ctl.media-frontend-6b66b95ff4-42hwg,container_memory_working_set_bytes,62459904.0
1745322072,kashef-k8s-ctl.user-timeline-service-664c7f6696-hz5xq,container_memory_working_set_bytes,2502656.0
1745322072,kashef-k8s-ctl.user-mention-service-5c4f566c5-qlj9z,container_memory_working_set_bytes,2797568.0
1745322072,kashef-k8s-w1.home-timeline-service-5754ffbc6d-kntl9,container_memory_working_set_bytes,1937408.0
1745322072,kashef-k8s-ctl.unique-id-service-694497b678-2p45f,container_memory_working_set_bytes,1986560.0
1745322072,kashef-k8s-w1.user-mongodb-7745bbd78-kqpbp,container_memory_working_set_bytes,60116992.0
1745322072,kashef-k8s-ctl.media-service-6c665c775d-m5vf4,container_memory_working_set_bytes,1974272.0
1745322072,kashef-k8s-w1.post-storage-service-66c9966f5f-n629t,container_memory_working_set_bytes,2707456.0
1745322072,kashef-k8s-w1.user-timeline-redis-67cc95bc57-2zhdt,container_memory_working_set_bytes,4034560.0
1745322072,kashef-k8s-ctl.post-storage-mongodb-5579669d8c-nfwpl,container_memory_working_set_bytes,60284928.0
1745322072,kashef-k8s-w1.url-shorten-service-66949ddcc4-468ds,container_memory_working_set_bytes,2838528.0
1745322072,kashef-k8s-w1.home-timeline-redis-6c6647df6f-dv494,container_memory_working_set_bytes,4050944.0
1745322072,kashef-k8s-w1.user-timeline-mongodb-6758898d48-4w2f2,container_memory_working_set_bytes,60141568.0
1745322072,kashef-k8s-w1.social-graph-redis-5bbd5b7458-7fcvv,container_memory_working_set_bytes,4046848.0
1745322072,kashef-k8s-w1.social-graph-mongodb-55df767ff5-wwlmr,container_memory_working_set_bytes,60325888.0
1745322075,kashef-k8s-w1.user-timeline-mongodb-6758898d48-4w2f2,container_memory_working_set_bytes,60141568.0
1745322075,kashef-k8s-w1.home-timeline-redis-6c6647df6f-dv494,container_memory_working_set_bytes,4050944.0
1745322075,kashef-k8s-w1.user-mongodb-7745bbd78-kqpbp,container_memory_working_set_bytes,60116992.0
1745322075,kashef-k8s-ctl.media-service-6c665c775d-m5vf4,container_memory_working_set_bytes,1974272.0
1745322075,kashef-k8s-ctl.unique-id-service-694497b678-2p45f,container_memory_working_set_bytes,1986560.0
1745322075,kashef-k8s-w1.social-graph-redis-5bbd5b7458-7fcvv,container_memory_working_set_bytes,4046848.0
1745322075,kashef-k8s-w1.url-shorten-service-66949ddcc4-468ds,container_memory_working_set_bytes,2838528.0
1745322075,kashef-k8s-w1.post-storage-service-66c9966f5f-n629t,container_memory_working_set_bytes,2707456.0
1745322075,kashef-k8s-w1.user-timeline-redis-67cc95bc57-2zhdt,container_memory_working_set_bytes,4034560.0
1745322075,kashef-k8s-w1.temp-debug-alt,container_memory_working_set_bytes,1163264.0
1745322075,kashef-k8s-ctl.url-shorten-memcached-6546746864-btbq8,container_memory_working_set_bytes,2580480.0
1745322075,kashef-k8s-ctl.url-shorten-mongodb-57c886d5f8-jqtpp,container_memory_working_set_bytes,60170240.0
1745322075,kashef-k8s-ctl.media-frontend-6b66b95ff4-42hwg,container_memory_working_set_bytes,62459904.0
1745322075,kashef-k8s-ctl.compose-post-service-f587bf89d-dd7kf,container_memory_working_set_bytes,2351104.0
1745322075,kashef-k8s-ctl.user-memcached-59687c864d-wdcgs,container_memory_working_set_bytes,2699264.0
1745322075,kashef-k8s-w1.social-graph-mongodb-55df767ff5-wwlmr,container_memory_working_set_bytes,60325888.0
1745322075,kashef-k8s-ctl.jaeger-67997f9775-8jsbw,container_memory_working_set_bytes,10809344.0
1745322075,kashef-k8s-ctl.text-service-fff64b8bf-wp774,container_memory_working_set_bytes,2162688.0
1745322075,kashef-k8s-w1.media-memcached-7889bdfdfb-4hjbd,container_memory_working_set_bytes,2600960.0
1745322075,kashef-k8s-w1.social-graph-service-677dbc655c-sg995,container_memory_working_set_bytes,2486272.0
1745322075,kashef-k8s-w1.nginx-thrift-79478f9bf5-5zdh4,container_memory_working_set_bytes,87785472.0
1745322075,kashef-k8s-ctl.user-timeline-service-664c7f6696-hz5xq,container_memory_working_set_bytes,2502656.0
1745322075,kashef-k8s-ctl.post-storage-memcached-6b75788fc6-5wwtc,container_memory_working_set_bytes,2576384.0
1745322075,kashef-k8s-ctl.post-storage-mongodb-5579669d8c-nfwpl,container_memory_working_set_bytes,60284928.0
1745322075,kashef-k8s-w1.home-timeline-service-5754ffbc6d-kntl9,container_memory_working_set_bytes,1937408.0
1745322075,kashef-k8s-w1.media-mongodb-7b64c59567-pm2pj,container_memory_working_set_bytes,61939712.0
1745322075,kashef-k8s-ctl.user-mention-service-5c4f566c5-qlj9z,container_memory_working_set_bytes,2797568.0
1745322078,kashef-k8s-w1.url-shorten-service-66949ddcc4-468ds,container_memory_working_set_bytes,2838528.0
1745322078,kashef-k8s-w1.home-timeline-service-5754ffbc6d-kntl9,container_memory_working_set_bytes,1937408.0
1745322078,kashef-k8s-ctl.url-shorten-mongodb-57c886d5f8-jqtpp,container_memory_working_set_bytes,60170240.0
1745322078,kashef-k8s-ctl.unique-id-service-694497b678-2p45f,container_memory_working_set_bytes,1986560.0
1745322078,kashef-k8s-w1.social-graph-mongodb-55df767ff5-wwlmr,container_memory_working_set_bytes,60325888.0
1745322078,kashef-k8s-ctl.post-storage-memcached-6b75788fc6-5wwtc,container_memory_working_set_bytes,2576384.0
1745322078,kashef-k8s-ctl.media-service-6c665c775d-m5vf4,container_memory_working_set_bytes,1974272.0
1745322078,kashef-k8s-ctl.compose-post-service-f587bf89d-dd7kf,container_memory_working_set_bytes,2351104.0
1745322078,kashef-k8s-w1.media-mongodb-7b64c59567-pm2pj,container_memory_working_set_bytes,61939712.0
1745322078,kashef-k8s-ctl.media-frontend-6b66b95ff4-42hwg,container_memory_working_set_bytes,62459904.0
1745322078,kashef-k8s-w1.media-memcached-7889bdfdfb-4hjbd,container_memory_working_set_bytes,2600960.0
1745322078,kashef-k8s-ctl.user-mention-service-5c4f566c5-qlj9z,container_memory_working_set_bytes,2797568.0
1745322078,kashef-k8s-w1.temp-debug-alt,container_memory_working_set_bytes,1163264.0
1745322078,kashef-k8s-ctl.text-service-fff64b8bf-wp774,container_memory_working_set_bytes,2162688.0
1745322078,kashef-k8s-w1.user-timeline-redis-67cc95bc57-2zhdt,container_memory_working_set_bytes,4034560.0
1745322078,kashef-k8s-ctl.jaeger-67997f9775-8jsbw,container_memory_working_set_bytes,10809344.0
1745322078,kashef-k8s-w1.social-graph-service-677dbc655c-sg995,container_memory_working_set_bytes,2486272.0
1745322078,kashef-k8s-w1.nginx-thrift-79478f9bf5-5zdh4,container_memory_working_set_bytes,87785472.0
1745322078,kashef-k8s-w1.user-mongodb-7745bbd78-kqpbp,container_memory_working_set_bytes,60116992.0
1745322078,kashef-k8s-w1.post-storage-service-66c9966f5f-n629t,container_memory_working_set_bytes,2707456.0
1745322078,kashef-k8s-w1.home-timeline-redis-6c6647df6f-dv494,container_memory_working_set_bytes,4050944.0
1745322078,kashef-k8s-ctl.user-timeline-service-664c7f6696-hz5xq,container_memory_working_set_bytes,2502656.0
1745322078,kashef-k8s-w1.social-graph-redis-5bbd5b7458-7fcvv,container_memory_working_set_bytes,4046848.0
1745322078,kashef-k8s-w1.user-timeline-mongodb-6758898d48-4w2f2,container_memory_working_set_bytes,60272640.0
1745322078,kashef-k8s-ctl.post-storage-mongodb-5579669d8c-nfwpl,container_memory_working_set_bytes,60284928.0
1745322078,kashef-k8s-ctl.url-shorten-memcached-6546746864-btbq8,container_memory_working_set_bytes,2580480.0
1745322078,kashef-k8s-ctl.user-memcached-59687c864d-wdcgs,container_memory_working_set_bytes,2699264.0
1745322081,kashef-k8s-w1.social-graph-mongodb-55df767ff5-wwlmr,container_memory_working_set_bytes,60325888.0
1745322081,kashef-k8s-w1.user-timeline-mongodb-6758898d48-4w2f2,container_memory_working_set_bytes,60272640.0
1745322081,kashef-k8s-w1.url-shorten-service-66949ddcc4-468ds,container_memory_working_set_bytes,2838528.0
1745322081,kashef-k8s-w1.user-timeline-redis-67cc95bc57-2zhdt,container_memory_working_set_bytes,4034560.0
1745322081,kashef-k8s-ctl.media-service-6c665c775d-m5vf4,container_memory_working_set_bytes,1974272.0
1745322081,kashef-k8s-w1.media-memcached-7889bdfdfb-4hjbd,container_memory_working_set_bytes,2600960.0
1745322081,kashef-k8s-ctl.user-mention-service-5c4f566c5-qlj9z,container_memory_working_set_bytes,2797568.0
1745322081,kashef-k8s-w1.media-mongodb-7b64c59567-pm2pj,container_memory_working_set_bytes,61939712.0
1745322081,kashef-k8s-w1.home-timeline-service-5754ffbc6d-kntl9,container_memory_working_set_bytes,1937408.0
1745322081,kashef-k8s-ctl.text-service-fff64b8bf-wp774,container_memory_working_set_bytes,2162688.0
1745322081,kashef-k8s-ctl.jaeger-67997f9775-8jsbw,container_memory_working_set_bytes,10809344.0
1745322081,kashef-k8s-w1.temp-debug-alt,container_memory_working_set_bytes,1163264.0
1745322081,kashef-k8s-ctl.post-storage-memcached-6b75788fc6-5wwtc,container_memory_working_set_bytes,2576384.0
1745322081,kashef-k8s-ctl.url-shorten-mongodb-57c886d5f8-jqtpp,container_memory_working_set_bytes,60170240.0
1745322081,kashef-k8s-ctl.unique-id-service-694497b678-2p45f,container_memory_working_set_bytes,1986560.0
1745322081,kashef-k8s-ctl.user-timeline-service-664c7f6696-hz5xq,container_memory_working_set_bytes,2502656.0
1745322081,kashef-k8s-ctl.url-shorten-memcached-6546746864-btbq8,container_memory_working_set_bytes,2580480.0
1745322081,kashef-k8s-ctl.user-memcached-59687c864d-wdcgs,container_memory_working_set_bytes,2699264.0
1745322081,kashef-k8s-ctl.compose-post-service-f587bf89d-dd7kf,container_memory_working_set_bytes,2351104.0
1745322081,kashef-k8s-w1.social-graph-service-677dbc655c-sg995,container_memory_working_set_bytes,2486272.0
1745322081,kashef-k8s-ctl.media-frontend-6b66b95ff4-42hwg,container_memory_working_set_bytes,62459904.0
1745322081,kashef-k8s-w1.post-storage-service-66c9966f5f-n629t,container_memory_working_set_bytes,2707456.0
1745322081,kashef-k8s-w1.nginx-thrift-79478f9bf5-5zdh4,container_memory_working_set_bytes,87785472.0
1745322081,kashef-k8s-w1.home-timeline-redis-6c6647df6f-dv494,container_memory_working_set_bytes,4050944.0
1745322081,kashef-k8s-w1.user-mongodb-7745bbd78-kqpbp,container_memory_working_set_bytes,60116992.0
1745322081,kashef-k8s-ctl.post-storage-mongodb-5579669d8c-nfwpl,container_memory_working_set_bytes,60284928.0
1745322081,kashef-k8s-w1.social-graph-redis-5bbd5b7458-7fcvv,container_memory_working_set_bytes,4046848.0
1745322084,kashef-k8s-w1.social-graph-mongodb-55df767ff5-wwlmr,container_memory_working_set_bytes,60325888.0
1745322084,kashef-k8s-ctl.post-storage-mongodb-5579669d8c-nfwpl,container_memory_working_set_bytes,60284928.0
1745322084,kashef-k8s-w1.post-storage-service-66c9966f5f-n629t,container_memory_working_set_bytes,2707456.0
1745322084,kashef-k8s-ctl.user-memcached-59687c864d-wdcgs,container_memory_working_set_bytes,2699264.0
1745322084,kashef-k8s-w1.nginx-thrift-79478f9bf5-5zdh4,container_memory_working_set_bytes,87785472.0
1745322084,kashef-k8s-ctl.media-service-6c665c775d-m5vf4,container_memory_working_set_bytes,1974272.0
1745322084,kashef-k8s-ctl.url-shorten-mongodb-57c886d5f8-jqtpp,container_memory_working_set_bytes,60170240.0
1745322084,kashef-k8s-ctl.unique-id-service-694497b678-2p45f,container_memory_working_set_bytes,1986560.0
1745322084,kashef-k8s-ctl.post-storage-memcached-6b75788fc6-5wwtc,container_memory_working_set_bytes,2576384.0
1745322084,kashef-k8s-w1.user-service-547b88cd8f-lp8p9,container_memory_working_set_bytes,2723840.0
1745322084,kashef-k8s-w1.user-timeline-redis-67cc95bc57-2zhdt,container_memory_working_set_bytes,4034560.0
1745322084,kashef-k8s-w1.home-timeline-redis-6c6647df6f-dv494,container_memory_working_set_bytes,4050944.0
1745322084,kashef-k8s-ctl.user-timeline-service-664c7f6696-hz5xq,container_memory_working_set_bytes,2502656.0
1745322084,kashef-k8s-ctl.text-service-fff64b8bf-wp774,container_memory_working_set_bytes,2162688.0
1745322084,kashef-k8s-w1.home-timeline-service-5754ffbc6d-kntl9,container_memory_working_set_bytes,1937408.0
1745322084,kashef-k8s-ctl.jaeger-67997f9775-8jsbw,container_memory_working_set_bytes,10809344.0
1745322084,kashef-k8s-w1.media-memcached-7889bdfdfb-4hjbd,container_memory_working_set_bytes,2600960.0
1745322084,kashef-k8s-ctl.user-mention-service-5c4f566c5-qlj9z,container_memory_working_set_bytes,2797568.0
1745322084,kashef-k8s-w1.media-mongodb-7b64c59567-pm2pj,container_memory_working_set_bytes,61939712.0
1745322084,kashef-k8s-ctl.url-shorten-memcached-6546746864-btbq8,container_memory_working_set_bytes,2580480.0
1745322084,kashef-k8s-ctl.compose-post-service-f587bf89d-dd7kf,container_memory_working_set_bytes,2351104.0
1745322084,kashef-k8s-ctl.media-frontend-6b66b95ff4-42hwg,container_memory_working_set_bytes,62459904.0
1745322084,kashef-k8s-w1.social-graph-service-677dbc655c-sg995,container_memory_working_set_bytes,2486272.0
1745322084,kashef-k8s-w1.temp-debug-alt,container_memory_working_set_bytes,1163264.0
1745322084,kashef-k8s-w1.social-graph-redis-5bbd5b7458-7fcvv,container_memory_working_set_bytes,4046848.0
1745322084,kashef-k8s-w1.user-mongodb-7745bbd78-kqpbp,container_memory_working_set_bytes,60116992.0
1745322084,kashef-k8s-w1.url-shorten-service-66949ddcc4-468ds,container_memory_working_set_bytes,2838528.0
1745322084,kashef-k8s-w1.user-timeline-mongodb-6758898d48-4w2f2,container_memory_working_set_bytes,60272640.0
1745322087,kashef-k8s-w1.url-shorten-service-66949ddcc4-468ds,container_memory_working_set_bytes,2838528.0
1745322087,kashef-k8s-w1.user-timeline-mongodb-6758898d48-4w2f2,container_memory_working_set_bytes,60272640.0
1745322087,kashef-k8s-w1.social-graph-mongodb-55df767ff5-wwlmr,container_memory_working_set_bytes,60325888.0
1745322087,kashef-k8s-w1.user-mongodb-7745bbd78-kqpbp,container_memory_working_set_bytes,60395520.0
1745322087,kashef-k8s-ctl.compose-post-service-f587bf89d-dd7kf,container_memory_working_set_bytes,2351104.0
1745322087,kashef-k8s-ctl.user-timeline-service-664c7f6696-hz5xq,container_memory_working_set_bytes,2502656.0
1745322087,kashef-k8s-ctl.user-memcached-59687c864d-wdcgs,container_memory_working_set_bytes,2699264.0
1745322087,kashef-k8s-ctl.user-mention-service-5c4f566c5-qlj9z,container_memory_working_set_bytes,2797568.0
1745322087,kashef-k8s-w1.user-service-547b88cd8f-lp8p9,container_memory_working_set_bytes,2723840.0
1745322087,kashef-k8s-ctl.text-service-fff64b8bf-wp774,container_memory_working_set_bytes,2162688.0
1745322087,kashef-k8s-w1.home-timeline-service-5754ffbc6d-kntl9,container_memory_working_set_bytes,1937408.0
1745322087,kashef-k8s-w1.temp-debug-alt,container_memory_working_set_bytes,1163264.0
1745322087,kashef-k8s-w1.media-memcached-7889bdfdfb-4hjbd,container_memory_working_set_bytes,2600960.0
1745322087,kashef-k8s-ctl.url-shorten-memcached-6546746864-btbq8,container_memory_working_set_bytes,2580480.0
1745322087,kashef-k8s-w1.social-graph-service-677dbc655c-sg995,container_memory_working_set_bytes,2486272.0
1745322087,kashef-k8s-w1.media-mongodb-7b64c59567-pm2pj,container_memory_working_set_bytes,61939712.0
1745322087,kashef-k8s-ctl.unique-id-service-694497b678-2p45f,container_memory_working_set_bytes,1986560.0
1745322087,kashef-k8s-ctl.jaeger-67997f9775-8jsbw,container_memory_working_set_bytes,10809344.0
1745322087,kashef-k8s-ctl.url-shorten-mongodb-57c886d5f8-jqtpp,container_memory_working_set_bytes,60170240.0
1745322087,kashef-k8s-w1.home-timeline-redis-6c6647df6f-dv494,container_memory_working_set_bytes,4050944.0
1745322087,kashef-k8s-ctl.post-storage-mongodb-5579669d8c-nfwpl,container_memory_working_set_bytes,60284928.0
1745322087,kashef-k8s-w1.social-graph-redis-5bbd5b7458-7fcvv,container_memory_working_set_bytes,4050944.0
1745322087,kashef-k8s-w1.post-storage-service-66c9966f5f-n629t,container_memory_working_set_bytes,2707456.0
1745322087,kashef-k8s-w1.nginx-thrift-79478f9bf5-5zdh4,container_memory_working_set_bytes,87785472.0
1745322087,kashef-k8s-w1.user-timeline-redis-67cc95bc57-2zhdt,container_memory_working_set_bytes,4034560.0
1745322087,kashef-k8s-ctl.post-storage-memcached-6b75788fc6-5wwtc,container_memory_working_set_bytes,2576384.0
1745322087,kashef-k8s-ctl.media-frontend-6b66b95ff4-42hwg,container_memory_working_set_bytes,62459904.0
1745322087,kashef-k8s-ctl.media-service-6c665c775d-m5vf4,container_memory_working_set_bytes,1974272.0
1745322090,kashef-k8s-ctl.compose-post-service-f587bf89d-dd7kf,container_memory_working_set_bytes,2351104.0
1745322090,kashef-k8s-ctl.user-memcached-59687c864d-wdcgs,container_memory_working_set_bytes,2699264.0
1745322090,kashef-k8s-w1.user-mongodb-7745bbd78-kqpbp,container_memory_working_set_bytes,60395520.0
1745322090,kashef-k8s-ctl.unique-id-service-694497b678-2p45f,container_memory_working_set_bytes,1986560.0
1745322090,kashef-k8s-w1.home-timeline-service-5754ffbc6d-kntl9,container_memory_working_set_bytes,1937408.0
1745322090,kashef-k8s-ctl.text-service-fff64b8bf-wp774,container_memory_working_set_bytes,2162688.0
1745322090,kashef-k8s-w1.media-memcached-7889bdfdfb-4hjbd,container_memory_working_set_bytes,2600960.0
1745322090,kashef-k8s-ctl.post-storage-mongodb-5579669d8c-nfwpl,container_memory_working_set_bytes,60284928.0
1745322090,kashef-k8s-w1.temp-debug-alt,container_memory_working_set_bytes,1163264.0
1745322090,kashef-k8s-ctl.user-timeline-service-664c7f6696-hz5xq,container_memory_working_set_bytes,2502656.0
1745322090,kashef-k8s-ctl.user-mention-service-5c4f566c5-qlj9z,container_memory_working_set_bytes,2797568.0
1745322090,kashef-k8s-ctl.url-shorten-memcached-6546746864-btbq8,container_memory_working_set_bytes,2580480.0
1745322090,kashef-k8s-w1.social-graph-redis-5bbd5b7458-7fcvv,container_memory_working_set_bytes,4050944.0
1745322090,kashef-k8s-w1.social-graph-mongodb-55df767ff5-wwlmr,container_memory_working_set_bytes,60203008.0
1745322090,kashef-k8s-w1.user-timeline-mongodb-6758898d48-4w2f2,container_memory_working_set_bytes,60272640.0
1745322090,kashef-k8s-w1.url-shorten-service-66949ddcc4-468ds,container_memory_working_set_bytes,2838528.0
1745322090,kashef-k8s-w1.media-mongodb-7b64c59567-pm2pj,container_memory_working_set_bytes,61939712.0
1745322090,kashef-k8s-w1.social-graph-service-677dbc655c-sg995,container_memory_working_set_bytes,2486272.0
1745322090,kashef-k8s-ctl.jaeger-67997f9775-8jsbw,container_memory_working_set_bytes,10809344.0
1745322090,kashef-k8s-w1.home-timeline-redis-6c6647df6f-dv494,container_memory_working_set_bytes,4050944.0
1745322090,kashef-k8s-ctl.url-shorten-mongodb-57c886d5f8-jqtpp,container_memory_working_set_bytes,60170240.0
1745322090,kashef-k8s-ctl.media-service-6c665c775d-m5vf4,container_memory_working_set_bytes,1974272.0
1745322090,kashef-k8s-ctl.post-storage-memcached-6b75788fc6-5wwtc,container_memory_working_set_bytes,2576384.0
1745322090,kashef-k8s-w1.user-timeline-redis-67cc95bc57-2zhdt,container_memory_working_set_bytes,4034560.0
1745322090,kashef-k8s-ctl.media-frontend-6b66b95ff4-42hwg,container_memory_working_set_bytes,62459904.0
1745322090,kashef-k8s-w1.nginx-thrift-79478f9bf5-5zdh4,container_memory_working_set_bytes,87785472.0
1745322090,kashef-k8s-w1.user-service-547b88cd8f-lp8p9,container_memory_working_set_bytes,2723840.0
1745322090,kashef-k8s-w1.post-storage-service-66c9966f5f-n629t,container_memory_working_set_bytes,2707456.0
1745322093,kashef-k8s-w1.social-graph-redis-5bbd5b7458-7fcvv,container_memory_working_set_bytes,4050944.0
1745322093,kashef-k8s-w1.social-graph-mongodb-55df767ff5-wwlmr,container_memory_working_set_bytes,60203008.0
1745322093,kashef-k8s-w1.url-shorten-service-66949ddcc4-468ds,container_memory_working_set_bytes,2838528.0
1745322093,kashef-k8s-ctl.unique-id-service-694497b678-2p45f,container_memory_working_set_bytes,1986560.0
1745322093,kashef-k8s-w1.user-timeline-redis-67cc95bc57-2zhdt,container_memory_working_set_bytes,4034560.0
1745322093,kashef-k8s-w1.home-timeline-redis-6c6647df6f-dv494,container_memory_working_set_bytes,4050944.0
1745322093,kashef-k8s-ctl.media-service-6c665c775d-m5vf4,container_memory_working_set_bytes,1974272.0
1745322093,kashef-k8s-ctl.url-shorten-mongodb-57c886d5f8-jqtpp,container_memory_working_set_bytes,60170240.0
1745322093,kashef-k8s-ctl.jaeger-67997f9775-8jsbw,container_memory_working_set_bytes,10809344.0
1745322093,kashef-k8s-ctl.media-frontend-6b66b95ff4-42hwg,container_memory_working_set_bytes,62459904.0
1745322093,kashef-k8s-w1.social-graph-service-677dbc655c-sg995,container_memory_working_set_bytes,2486272.0
1745322093,kashef-k8s-ctl.user-mention-service-5c4f566c5-qlj9z,container_memory_working_set_bytes,2797568.0
1745322093,kashef-k8s-ctl.post-storage-mongodb-5579669d8c-nfwpl,container_memory_working_set_bytes,60284928.0
1745322093,kashef-k8s-ctl.compose-post-service-f587bf89d-dd7kf,container_memory_working_set_bytes,2351104.0
1745322093,kashef-k8s-w1.home-timeline-service-5754ffbc6d-kntl9,container_memory_working_set_bytes,1937408.0
1745322093,kashef-k8s-w1.temp-debug-alt,container_memory_working_set_bytes,1163264.0
1745322093,kashef-k8s-w1.nginx-thrift-79478f9bf5-5zdh4,container_memory_working_set_bytes,87785472.0
1745322093,kashef-k8s-ctl.user-memcached-59687c864d-wdcgs,container_memory_working_set_bytes,2699264.0
1745322093,kashef-k8s-ctl.url-shorten-memcached-6546746864-btbq8,container_memory_working_set_bytes,2580480.0
1745322093,kashef-k8s-w1.user-timeline-mongodb-6758898d48-4w2f2,container_memory_working_set_bytes,60272640.0
1745322093,kashef-k8s-w1.media-memcached-7889bdfdfb-4hjbd,container_memory_working_set_bytes,2600960.0
1745322093,kashef-k8s-ctl.text-service-fff64b8bf-wp774,container_memory_working_set_bytes,2162688.0
1745322093,kashef-k8s-w1.user-mongodb-7745bbd78-kqpbp,container_memory_working_set_bytes,60395520.0
1745322093,kashef-k8s-ctl.post-storage-memcached-6b75788fc6-5wwtc,container_memory_working_set_bytes,2576384.0
1745322093,kashef-k8s-w1.user-service-547b88cd8f-lp8p9,container_memory_working_set_bytes,2723840.0
1745322093,kashef-k8s-ctl.user-timeline-service-664c7f6696-hz5xq,container_memory_working_set_bytes,2502656.0
1745322093,kashef-k8s-w1.media-mongodb-7b64c59567-pm2pj,container_memory_working_set_bytes,62025728.0
1745322093,kashef-k8s-w1.post-storage-service-66c9966f5f-n629t,container_memory_working_set_bytes,2707456.0
1745322096,kashef-k8s-w1.user-timeline-redis-67cc95bc57-2zhdt,container_memory_working_set_bytes,4034560.0
1745322096,kashef-k8s-ctl.media-service-6c665c775d-m5vf4,container_memory_working_set_bytes,1974272.0
1745322096,kashef-k8s-ctl.url-shorten-mongodb-57c886d5f8-jqtpp,container_memory_working_set_bytes,60170240.0
1745322096,kashef-k8s-w1.temp-debug-alt,container_memory_working_set_bytes,1163264.0
1745322096,kashef-k8s-w1.social-graph-service-677dbc655c-sg995,container_memory_working_set_bytes,2486272.0
1745322096,kashef-k8s-ctl.media-frontend-6b66b95ff4-42hwg,container_memory_working_set_bytes,62459904.0
1745322096,kashef-k8s-ctl.text-service-fff64b8bf-wp774,container_memory_working_set_bytes,2162688.0
1745322096,kashef-k8s-ctl.jaeger-67997f9775-8jsbw,container_memory_working_set_bytes,10809344.0
1745322096,kashef-k8s-ctl.user-mention-service-5c4f566c5-qlj9z,container_memory_working_set_bytes,2797568.0
1745322096,kashef-k8s-w1.home-timeline-redis-6c6647df6f-dv494,container_memory_working_set_bytes,4050944.0
1745322096,kashef-k8s-w1.home-timeline-service-5754ffbc6d-kntl9,container_memory_working_set_bytes,1937408.0
1745322096,kashef-k8s-ctl.post-storage-mongodb-5579669d8c-nfwpl,container_memory_working_set_bytes,60284928.0
1745322096,kashef-k8s-ctl.compose-post-service-f587bf89d-dd7kf,container_memory_working_set_bytes,2351104.0
1745322096,kashef-k8s-ctl.unique-id-service-694497b678-2p45f,container_memory_working_set_bytes,1986560.0
1745322096,kashef-k8s-w1.url-shorten-service-66949ddcc4-468ds,container_memory_working_set_bytes,2838528.0
1745322096,kashef-k8s-w1.social-graph-mongodb-55df767ff5-wwlmr,container_memory_working_set_bytes,60203008.0
1745322096,kashef-k8s-ctl.user-timeline-service-664c7f6696-hz5xq,container_memory_working_set_bytes,2502656.0
1745322096,kashef-k8s-w1.user-service-547b88cd8f-lp8p9,container_memory_working_set_bytes,2723840.0
1745322096,kashef-k8s-w1.post-storage-service-66c9966f5f-n629t,container_memory_working_set_bytes,2707456.0
1745322096,kashef-k8s-w1.media-mongodb-7b64c59567-pm2pj,container_memory_working_set_bytes,62025728.0
1745322096,kashef-k8s-ctl.url-shorten-memcached-6546746864-btbq8,container_memory_working_set_bytes,2580480.0
1745322096,kashef-k8s-w1.user-timeline-mongodb-6758898d48-4w2f2,container_memory_working_set_bytes,60272640.0
1745322096,kashef-k8s-w1.nginx-thrift-79478f9bf5-5zdh4,container_memory_working_set_bytes,87785472.0
1745322096,kashef-k8s-ctl.user-memcached-59687c864d-wdcgs,container_memory_working_set_bytes,2699264.0
1745322096,kashef-k8s-ctl.post-storage-memcached-6b75788fc6-5wwtc,container_memory_working_set_bytes,2576384.0
1745322096,kashef-k8s-w1.media-memcached-7889bdfdfb-4hjbd,container_memory_working_set_bytes,2600960.0
1745322096,kashef-k8s-w1.social-graph-redis-5bbd5b7458-7fcvv,container_memory_working_set_bytes,4050944.0
1745322096,kashef-k8s-w1.user-mongodb-7745bbd78-kqpbp,container_memory_working_set_bytes,60395520.0
1745322099,kashef-k8s-w1.user-timeline-mongodb-6758898d48-4w2f2,container_memory_working_set_bytes,60272640.0
1745322099,kashef-k8s-ctl.media-frontend-6b66b95ff4-42hwg,container_memory_working_set_bytes,62459904.0
1745322099,kashef-k8s-w1.user-timeline-redis-67cc95bc57-2zhdt,container_memory_working_set_bytes,4034560.0
1745322099,kashef-k8s-w1.post-storage-service-66c9966f5f-n629t,container_memory_working_set_bytes,2707456.0
1745322099,kashef-k8s-ctl.jaeger-67997f9775-8jsbw,container_memory_working_set_bytes,10809344.0
1745322099,kashef-k8s-ctl.post-storage-memcached-6b75788fc6-5wwtc,container_memory_working_set_bytes,2576384.0
1745322099,kashef-k8s-ctl.text-service-fff64b8bf-wp774,container_memory_working_set_bytes,2162688.0
1745322099,kashef-k8s-ctl.user-memcached-59687c864d-wdcgs,container_memory_working_set_bytes,2699264.0
1745322099,kashef-k8s-w1.home-timeline-service-5754ffbc6d-kntl9,container_memory_working_set_bytes,1937408.0
1745322099,kashef-k8s-ctl.url-shorten-mongodb-57c886d5f8-jqtpp,container_memory_working_set_bytes,60174336.0
1745322099,kashef-k8s-w1.user-service-547b88cd8f-lp8p9,container_memory_working_set_bytes,2723840.0
1745322099,kashef-k8s-w1.nginx-thrift-79478f9bf5-5zdh4,container_memory_working_set_bytes,87785472.0
1745322099,kashef-k8s-ctl.url-shorten-memcached-6546746864-btbq8,container_memory_working_set_bytes,2580480.0
1745322099,kashef-k8s-w1.media-mongodb-7b64c59567-pm2pj,container_memory_working_set_bytes,62025728.0
1745322099,kashef-k8s-ctl.unique-id-service-694497b678-2p45f,container_memory_working_set_bytes,1986560.0
1745322099,kashef-k8s-w1.temp-debug-alt,container_memory_working_set_bytes,1163264.0
1745322099,kashef-k8s-w1.home-timeline-redis-6c6647df6f-dv494,container_memory_working_set_bytes,4050944.0
1745322099,kashef-k8s-ctl.post-storage-mongodb-5579669d8c-nfwpl,container_memory_working_set_bytes,60284928.0
1745322099,kashef-k8s-w1.social-graph-service-677dbc655c-sg995,container_memory_working_set_bytes,2486272.0
1745322099,kashef-k8s-ctl.user-timeline-service-664c7f6696-hz5xq,container_memory_working_set_bytes,2502656.0
1745322099,kashef-k8s-w1.social-graph-mongodb-55df767ff5-wwlmr,container_memory_working_set_bytes,60203008.0
1745322099,kashef-k8s-w1.url-shorten-service-66949ddcc4-468ds,container_memory_working_set_bytes,2838528.0
1745322099,kashef-k8s-w1.user-mongodb-7745bbd78-kqpbp,container_memory_working_set_bytes,60395520.0
1745322099,kashef-k8s-w1.social-graph-redis-5bbd5b7458-7fcvv,container_memory_working_set_bytes,4050944.0
1745322099,kashef-k8s-ctl.user-mention-service-5c4f566c5-qlj9z,container_memory_working_set_bytes,2797568.0
1745322099,kashef-k8s-w1.media-memcached-7889bdfdfb-4hjbd,container_memory_working_set_bytes,2600960.0
1745322099,kashef-k8s-ctl.media-service-6c665c775d-m5vf4,container_memory_working_set_bytes,1974272.0
1745322099,kashef-k8s-ctl.compose-post-service-f587bf89d-dd7kf,container_memory_working_set_bytes,2351104.0
1745322102,kashef-k8s-ctl.post-storage-memcached-6b75788fc6-5wwtc,container_memory_working_set_bytes,2576384.0
1745322102,kashef-k8s-ctl.text-service-fff64b8bf-wp774,container_memory_working_set_bytes,2162688.0
1745322102,kashef-k8s-ctl.media-frontend-6b66b95ff4-42hwg,container_memory_working_set_bytes,62459904.0
1745322102,kashef-k8s-ctl.user-memcached-59687c864d-wdcgs,container_memory_working_set_bytes,2699264.0
1745322102,kashef-k8s-w1.user-service-547b88cd8f-lp8p9,container_memory_working_set_bytes,2723840.0
1745322102,kashef-k8s-w1.nginx-thrift-79478f9bf5-5zdh4,container_memory_working_set_bytes,87785472.0
1745322102,kashef-k8s-w1.home-timeline-service-5754ffbc6d-kntl9,container_memory_working_set_bytes,1937408.0
1745322102,kashef-k8s-ctl.url-shorten-mongodb-57c886d5f8-jqtpp,container_memory_working_set_bytes,60174336.0
1745322102,kashef-k8s-ctl.unique-id-service-694497b678-2p45f,container_memory_working_set_bytes,1986560.0
1745322102,kashef-k8s-w1.temp-debug-alt,container_memory_working_set_bytes,1163264.0
1745322102,kashef-k8s-ctl.url-shorten-memcached-6546746864-btbq8,container_memory_working_set_bytes,2580480.0
1745322102,kashef-k8s-w1.media-mongodb-7b64c59567-pm2pj,container_memory_working_set_bytes,62025728.0
1745322102,kashef-k8s-w1.user-timeline-redis-67cc95bc57-2zhdt,container_memory_working_set_bytes,4034560.0
1745322102,kashef-k8s-w1.user-timeline-mongodb-6758898d48-4w2f2,container_memory_working_set_bytes,60272640.0
1745322102,kashef-k8s-ctl.jaeger-67997f9775-8jsbw,container_memory_working_set_bytes,10809344.0
1745322102,kashef-k8s-w1.post-storage-service-66c9966f5f-n629t,container_memory_working_set_bytes,2707456.0
1745322102,kashef-k8s-ctl.post-storage-mongodb-5579669d8c-nfwpl,container_memory_working_set_bytes,60284928.0
1745322102,kashef-k8s-ctl.user-mention-service-5c4f566c5-qlj9z,container_memory_working_set_bytes,2797568.0
1745322102,kashef-k8s-w1.media-memcached-7889bdfdfb-4hjbd,container_memory_working_set_bytes,2600960.0
1745322102,kashef-k8s-ctl.compose-post-service-f587bf89d-dd7kf,container_memory_working_set_bytes,2351104.0
1745322102,kashef-k8s-w1.social-graph-service-677dbc655c-sg995,container_memory_working_set_bytes,2486272.0
1745322102,kashef-k8s-ctl.user-timeline-service-664c7f6696-hz5xq,container_memory_working_set_bytes,2502656.0
1745322102,kashef-k8s-w1.home-timeline-redis-6c6647df6f-dv494,container_memory_working_set_bytes,4050944.0
1745322102,kashef-k8s-ctl.media-service-6c665c775d-m5vf4,container_memory_working_set_bytes,1974272.0
1745322102,kashef-k8s-w1.url-shorten-service-66949ddcc4-468ds,container_memory_working_set_bytes,2838528.0
1745322102,kashef-k8s-w1.social-graph-mongodb-55df767ff5-wwlmr,container_memory_working_set_bytes,60203008.0
1745322102,kashef-k8s-w1.social-graph-redis-5bbd5b7458-7fcvv,container_memory_working_set_bytes,4050944.0
1745322102,kashef-k8s-w1.user-mongodb-7745bbd78-kqpbp,container_memory_working_set_bytes,60395520.0
1745322105,kashef-k8s-ctl.user-timeline-service-664c7f6696-hz5xq,container_memory_working_set_bytes,2502656.0
1745322105,kashef-k8s-w1.nginx-thrift-79478f9bf5-5zdh4,container_memory_working_set_bytes,87785472.0
1745322105,kashef-k8s-ctl.post-storage-mongodb-5579669d8c-nfwpl,container_memory_working_set_bytes,60284928.0
1745322105,kashef-k8s-w1.post-storage-service-66c9966f5f-n629t,container_memory_working_set_bytes,2707456.0
1745322105,kashef-k8s-ctl.text-service-fff64b8bf-wp774,container_memory_working_set_bytes,2162688.0
1745322105,kashef-k8s-ctl.media-service-6c665c775d-m5vf4,container_memory_working_set_bytes,1974272.0
1745322105,kashef-k8s-ctl.user-memcached-59687c864d-wdcgs,container_memory_working_set_bytes,2699264.0
1745322105,kashef-k8s-ctl.media-frontend-6b66b95ff4-42hwg,container_memory_working_set_bytes,62459904.0
1745322105,kashef-k8s-ctl.user-mention-service-5c4f566c5-qlj9z,container_memory_working_set_bytes,2797568.0
1745322105,kashef-k8s-w1.media-memcached-7889bdfdfb-4hjbd,container_memory_working_set_bytes,2600960.0
1745322105,kashef-k8s-ctl.unique-id-service-694497b678-2p45f,container_memory_working_set_bytes,1986560.0
1745322105,kashef-k8s-ctl.post-storage-memcached-6b75788fc6-5wwtc,container_memory_working_set_bytes,2576384.0
1745322105,kashef-k8s-w1.social-graph-service-677dbc655c-sg995,container_memory_working_set_bytes,2486272.0
1745322105,kashef-k8s-w1.user-timeline-redis-67cc95bc57-2zhdt,container_memory_working_set_bytes,4034560.0
1745322105,kashef-k8s-w1.home-timeline-redis-6c6647df6f-dv494,container_memory_working_set_bytes,4050944.0
1745322105,kashef-k8s-ctl.url-shorten-mongodb-57c886d5f8-jqtpp,container_memory_working_set_bytes,60174336.0
1745322105,kashef-k8s-w1.user-service-547b88cd8f-lp8p9,container_memory_working_set_bytes,2723840.0
1745322105,kashef-k8s-w1.home-timeline-service-5754ffbc6d-kntl9,container_memory_working_set_bytes,1937408.0
1745322105,kashef-k8s-w1.social-graph-redis-5bbd5b7458-7fcvv,container_memory_working_set_bytes,4050944.0
1745322105,kashef-k8s-w1.user-mongodb-7745bbd78-kqpbp,container_memory_working_set_bytes,60395520.0
1745322105,kashef-k8s-ctl.jaeger-67997f9775-8jsbw,container_memory_working_set_bytes,10809344.0
1745322105,kashef-k8s-w1.url-shorten-service-66949ddcc4-468ds,container_memory_working_set_bytes,2838528.0
1745322105,kashef-k8s-w1.user-timeline-mongodb-6758898d48-4w2f2,container_memory_working_set_bytes,60272640.0
1745322105,kashef-k8s-w1.social-graph-mongodb-55df767ff5-wwlmr,container_memory_working_set_bytes,60203008.0
1745322105,kashef-k8s-ctl.url-shorten-memcached-6546746864-btbq8,container_memory_working_set_bytes,2580480.0
1745322105,kashef-k8s-w1.temp-debug-alt,container_memory_working_set_bytes,1163264.0
1745322105,kashef-k8s-ctl.compose-post-service-f587bf89d-dd7kf,container_memory_working_set_bytes,2351104.0
1745322105,kashef-k8s-w1.media-mongodb-7b64c59567-pm2pj,container_memory_working_set_bytes,62025728.0
1745322108,kashef-k8s-ctl.user-timeline-service-664c7f6696-hz5xq,container_memory_working_set_bytes,2502656.0
1745322108,kashef-k8s-ctl.media-service-6c665c775d-m5vf4,container_memory_working_set_bytes,1974272.0
1745322108,kashef-k8s-ctl.post-storage-mongodb-5579669d8c-nfwpl,container_memory_working_set_bytes,60284928.0
1745322108,kashef-k8s-w1.post-storage-service-66c9966f5f-n629t,container_memory_working_set_bytes,2707456.0
1745322108,kashef-k8s-ctl.unique-id-service-694497b678-2p45f,container_memory_working_set_bytes,1986560.0
1745322108,kashef-k8s-ctl.post-storage-memcached-6b75788fc6-5wwtc,container_memory_working_set_bytes,2576384.0
1745322108,kashef-k8s-ctl.media-frontend-6b66b95ff4-42hwg,container_memory_working_set_bytes,62459904.0
1745322108,kashef-k8s-ctl.user-mention-service-5c4f566c5-qlj9z,container_memory_working_set_bytes,2797568.0
1745322108,kashef-k8s-w1.social-graph-service-677dbc655c-sg995,container_memory_working_set_bytes,2486272.0
1745322108,kashef-k8s-w1.social-graph-redis-5bbd5b7458-7fcvv,container_memory_working_set_bytes,4050944.0
1745322108,kashef-k8s-w1.user-timeline-redis-67cc95bc57-2zhdt,container_memory_working_set_bytes,4034560.0
1745322108,kashef-k8s-ctl.jaeger-67997f9775-8jsbw,container_memory_working_set_bytes,10809344.0
1745322108,kashef-k8s-ctl.url-shorten-mongodb-57c886d5f8-jqtpp,container_memory_working_set_bytes,60174336.0
1745322108,kashef-k8s-w1.user-timeline-mongodb-6758898d48-4w2f2,container_memory_working_set_bytes,60272640.0
1745322108,kashef-k8s-w1.nginx-thrift-79478f9bf5-5zdh4,container_memory_working_set_bytes,87785472.0
1745322108,kashef-k8s-ctl.text-service-fff64b8bf-wp774,container_memory_working_set_bytes,2162688.0
1745322108,kashef-k8s-ctl.user-memcached-59687c864d-wdcgs,container_memory_working_set_bytes,2699264.0
1745322108,kashef-k8s-w1.temp-debug-alt,container_memory_working_set_bytes,1163264.0
1745322108,kashef-k8s-w1.media-memcached-7889bdfdfb-4hjbd,container_memory_working_set_bytes,2600960.0
1745322108,kashef-k8s-ctl.compose-post-service-f587bf89d-dd7kf,container_memory_working_set_bytes,2351104.0
1745322108,kashef-k8s-w1.home-timeline-service-5754ffbc6d-kntl9,container_memory_working_set_bytes,1937408.0
1745322108,kashef-k8s-w1.user-service-547b88cd8f-lp8p9,container_memory_working_set_bytes,2723840.0
1745322108,kashef-k8s-w1.home-timeline-redis-6c6647df6f-dv494,container_memory_working_set_bytes,4050944.0
1745322108,kashef-k8s-ctl.url-shorten-memcached-6546746864-btbq8,container_memory_working_set_bytes,2580480.0
1745322108,kashef-k8s-w1.media-mongodb-7b64c59567-pm2pj,container_memory_working_set_bytes,62025728.0
1745322108,kashef-k8s-w1.social-graph-mongodb-55df767ff5-wwlmr,container_memory_working_set_bytes,60203008.0
1745322108,kashef-k8s-w1.user-mongodb-7745bbd78-kqpbp,container_memory_working_set_bytes,60395520.0
1745322108,kashef-k8s-w1.url-shorten-service-66949ddcc4-468ds,container_memory_working_set_bytes,2838528.0
1745322111,kashef-k8s-w1.post-storage-service-66c9966f5f-n629t,container_memory_working_set_bytes,2707456.0
1745322111,kashef-k8s-w1.url-shorten-service-66949ddcc4-468ds,container_memory_working_set_bytes,2838528.0
1745322111,kashef-k8s-w1.social-graph-mongodb-55df767ff5-wwlmr,container_memory_working_set_bytes,60203008.0
1745322111,kashef-k8s-ctl.url-shorten-memcached-6546746864-btbq8,container_memory_working_set_bytes,2580480.0
1745322111,kashef-k8s-w1.home-timeline-redis-6c6647df6f-dv494,container_memory_working_set_bytes,4050944.0
1745322111,kashef-k8s-w1.media-mongodb-7b64c59567-pm2pj,container_memory_working_set_bytes,62025728.0
1745322111,kashef-k8s-w1.home-timeline-service-5754ffbc6d-kntl9,container_memory_working_set_bytes,1937408.0
1745322111,kashef-k8s-w1.user-service-547b88cd8f-lp8p9,container_memory_working_set_bytes,2723840.0
1745322111,kashef-k8s-ctl.post-storage-memcached-6b75788fc6-5wwtc,container_memory_working_set_bytes,2576384.0
1745322111,kashef-k8s-ctl.unique-id-service-694497b678-2p45f,container_memory_working_set_bytes,1986560.0
1745322111,kashef-k8s-ctl.user-mention-service-5c4f566c5-qlj9z,container_memory_working_set_bytes,2797568.0
1745322111,kashef-k8s-ctl.media-frontend-6b66b95ff4-42hwg,container_memory_working_set_bytes,62459904.0
1745322111,kashef-k8s-w1.temp-debug-alt,container_memory_working_set_bytes,1163264.0
1745322111,kashef-k8s-ctl.compose-post-service-f587bf89d-dd7kf,container_memory_working_set_bytes,2351104.0
1745322111,kashef-k8s-ctl.jaeger-67997f9775-8jsbw,container_memory_working_set_bytes,10809344.0
1745322111,kashef-k8s-w1.media-memcached-7889bdfdfb-4hjbd,container_memory_working_set_bytes,2600960.0
1745322111,kashef-k8s-ctl.post-storage-mongodb-5579669d8c-nfwpl,container_memory_working_set_bytes,60157952.0
1745322111,kashef-k8s-ctl.media-service-6c665c775d-m5vf4,container_memory_working_set_bytes,1974272.0
1745322111,kashef-k8s-w1.user-timeline-redis-67cc95bc57-2zhdt,container_memory_working_set_bytes,4034560.0
1745322111,kashef-k8s-w1.social-graph-service-677dbc655c-sg995,container_memory_working_set_bytes,2486272.0
1745322111,kashef-k8s-w1.user-timeline-mongodb-6758898d48-4w2f2,container_memory_working_set_bytes,60272640.0
1745322111,kashef-k8s-w1.user-mongodb-7745bbd78-kqpbp,container_memory_working_set_bytes,60395520.0
1745322111,kashef-k8s-w1.nginx-thrift-79478f9bf5-5zdh4,container_memory_working_set_bytes,87785472.0
1745322111,kashef-k8s-ctl.user-memcached-59687c864d-wdcgs,container_memory_working_set_bytes,2699264.0
1745322111,kashef-k8s-ctl.user-timeline-service-664c7f6696-hz5xq,container_memory_working_set_bytes,2502656.0
1745322111,kashef-k8s-ctl.url-shorten-mongodb-57c886d5f8-jqtpp,container_memory_working_set_bytes,60174336.0
1745322111,kashef-k8s-w1.social-graph-redis-5bbd5b7458-7fcvv,container_memory_working_set_bytes,4050944.0
1745322111,kashef-k8s-ctl.text-service-fff64b8bf-wp774,container_memory_working_set_bytes,2162688.0
1745322114,kashef-k8s-w1.home-timeline-redis-6c6647df6f-dv494,container_memory_working_set_bytes,4050944.0
1745322114,kashef-k8s-w1.media-mongodb-7b64c59567-pm2pj,container_memory_working_set_bytes,61902848.0
1745322114,kashef-k8s-w1.home-timeline-service-5754ffbc6d-kntl9,container_memory_working_set_bytes,1937408.0
1745322114,kashef-k8s-w1.user-service-547b88cd8f-lp8p9,container_memory_working_set_bytes,2736128.0
1745322114,kashef-k8s-ctl.user-mention-service-5c4f566c5-qlj9z,container_memory_working_set_bytes,2797568.0
1745322114,kashef-k8s-ctl.media-frontend-6b66b95ff4-42hwg,container_memory_working_set_bytes,62459904.0
1745322114,kashef-k8s-ctl.compose-post-service-f587bf89d-dd7kf,container_memory_working_set_bytes,2351104.0
1745322114,kashef-k8s-ctl.unique-id-service-694497b678-2p45f,container_memory_working_set_bytes,1986560.0
1745322114,kashef-k8s-w1.temp-debug-alt,container_memory_working_set_bytes,1163264.0
1745322114,kashef-k8s-ctl.url-shorten-memcached-6546746864-btbq8,container_memory_working_set_bytes,2580480.0
1745322114,kashef-k8s-ctl.jaeger-67997f9775-8jsbw,container_memory_working_set_bytes,10809344.0
1745322114,kashef-k8s-w1.media-memcached-7889bdfdfb-4hjbd,container_memory_working_set_bytes,2600960.0
1745322114,kashef-k8s-ctl.post-storage-memcached-6b75788fc6-5wwtc,container_memory_working_set_bytes,2576384.0
1745322114,kashef-k8s-w1.social-graph-mongodb-55df767ff5-wwlmr,container_memory_working_set_bytes,60203008.0
1745322114,kashef-k8s-w1.url-shorten-service-66949ddcc4-468ds,container_memory_working_set_bytes,2838528.0
1745322114,kashef-k8s-w1.user-timeline-redis-67cc95bc57-2zhdt,container_memory_working_set_bytes,4034560.0
1745322114,kashef-k8s-w1.post-storage-service-66c9966f5f-n629t,container_memory_working_set_bytes,2707456.0
1745322114,kashef-k8s-ctl.user-timeline-service-664c7f6696-hz5xq,container_memory_working_set_bytes,2502656.0
1745322114,kashef-k8s-w1.social-graph-redis-5bbd5b7458-7fcvv,container_memory_working_set_bytes,4050944.0
1745322114,kashef-k8s-ctl.text-service-fff64b8bf-wp774,container_memory_working_set_bytes,2162688.0
1745322114,kashef-k8s-ctl.user-memcached-59687c864d-wdcgs,container_memory_working_set_bytes,2699264.0
1745322114,kashef-k8s-ctl.media-service-6c665c775d-m5vf4,container_memory_working_set_bytes,1974272.0
1745322114,kashef-k8s-ctl.post-storage-mongodb-5579669d8c-nfwpl,container_memory_working_set_bytes,60157952.0
1745322114,kashef-k8s-ctl.url-shorten-mongodb-57c886d5f8-jqtpp,container_memory_working_set_bytes,60174336.0
1745322114,kashef-k8s-w1.user-mongodb-7745bbd78-kqpbp,container_memory_working_set_bytes,60502016.0
1745322114,kashef-k8s-w1.user-timeline-mongodb-6758898d48-4w2f2,container_memory_working_set_bytes,60272640.0
1745322114,kashef-k8s-w1.social-graph-service-677dbc655c-sg995,container_memory_working_set_bytes,2486272.0
1745322114,kashef-k8s-w1.nginx-thrift-79478f9bf5-5zdh4,container_memory_working_set_bytes,87785472.0
1745322117,kashef-k8s-w1.user-timeline-redis-67cc95bc57-2zhdt,container_memory_working_set_bytes,4034560.0
1745322117,kashef-k8s-w1.user-timeline-mongodb-6758898d48-4w2f2,container_memory_working_set_bytes,60272640.0
1745322117,kashef-k8s-w1.social-graph-redis-5bbd5b7458-7fcvv,container_memory_working_set_bytes,4046848.0
1745322117,kashef-k8s-w1.social-graph-service-677dbc655c-sg995,container_memory_working_set_bytes,2486272.0
1745322117,kashef-k8s-w1.nginx-thrift-79478f9bf5-5zdh4,container_memory_working_set_bytes,87785472.0
1745322117,kashef-k8s-w1.home-timeline-redis-6c6647df6f-dv494,container_memory_working_set_bytes,4050944.0
1745322117,kashef-k8s-ctl.media-frontend-6b66b95ff4-42hwg,container_memory_working_set_bytes,62459904.0
1745322117,kashef-k8s-ctl.user-mention-service-5c4f566c5-qlj9z,container_memory_working_set_bytes,2797568.0
1745322117,kashef-k8s-ctl.url-shorten-mongodb-57c886d5f8-jqtpp,container_memory_working_set_bytes,60174336.0
1745322117,kashef-k8s-ctl.post-storage-mongodb-5579669d8c-nfwpl,container_memory_working_set_bytes,60157952.0
1745322117,kashef-k8s-ctl.text-service-fff64b8bf-wp774,container_memory_working_set_bytes,2162688.0
1745322117,kashef-k8s-ctl.unique-id-service-694497b678-2p45f,container_memory_working_set_bytes,1986560.0
1745322117,kashef-k8s-ctl.post-storage-memcached-6b75788fc6-5wwtc,container_memory_working_set_bytes,2576384.0
1745322117,kashef-k8s-ctl.user-timeline-service-664c7f6696-hz5xq,container_memory_working_set_bytes,2502656.0
1745322117,kashef-k8s-ctl.media-service-6c665c775d-m5vf4,container_memory_working_set_bytes,1974272.0
1745322117,kashef-k8s-w1.temp-debug-alt,container_memory_working_set_bytes,1163264.0
1745322117,kashef-k8s-w1.media-mongodb-7b64c59567-pm2pj,container_memory_working_set_bytes,61902848.0
1745322117,kashef-k8s-ctl.url-shorten-memcached-6546746864-btbq8,container_memory_working_set_bytes,2580480.0
1745322117,kashef-k8s-w1.home-timeline-service-5754ffbc6d-kntl9,container_memory_working_set_bytes,1937408.0
1745322117,kashef-k8s-ctl.jaeger-67997f9775-8jsbw,container_memory_working_set_bytes,10809344.0
1745322117,kashef-k8s-ctl.compose-post-service-f587bf89d-dd7kf,container_memory_working_set_bytes,2351104.0
1745322117,kashef-k8s-w1.user-service-547b88cd8f-lp8p9,container_memory_working_set_bytes,2736128.0
1745322117,kashef-k8s-w1.media-memcached-7889bdfdfb-4hjbd,container_memory_working_set_bytes,2600960.0
1745322117,kashef-k8s-ctl.user-memcached-59687c864d-wdcgs,container_memory_working_set_bytes,2699264.0
1745322117,kashef-k8s-w1.url-shorten-service-66949ddcc4-468ds,container_memory_working_set_bytes,2838528.0
1745322117,kashef-k8s-w1.post-storage-service-66c9966f5f-n629t,container_memory_working_set_bytes,2707456.0
1745322117,kashef-k8s-w1.user-mongodb-7745bbd78-kqpbp,container_memory_working_set_bytes,60502016.0
1745322117,kashef-k8s-w1.social-graph-mongodb-55df767ff5-wwlmr,container_memory_working_set_bytes,60329984.0
1745322120,kashef-k8s-w1.post-storage-service-66c9966f5f-n629t,container_memory_working_set_bytes,2707456.0
1745322120,kashef-k8s-ctl.compose-post-service-f587bf89d-dd7kf,container_memory_working_set_bytes,2351104.0
1745322120,kashef-k8s-w1.social-graph-mongodb-55df767ff5-wwlmr,container_memory_working_set_bytes,60329984.0
1745322120,kashef-k8s-w1.user-mongodb-7745bbd78-kqpbp,container_memory_working_set_bytes,60502016.0
1745322120,kashef-k8s-w1.home-timeline-service-5754ffbc6d-kntl9,container_memory_working_set_bytes,1937408.0
1745322120,kashef-k8s-w1.user-service-547b88cd8f-lp8p9,container_memory_working_set_bytes,2736128.0
1745322120,kashef-k8s-ctl.text-service-fff64b8bf-wp774,container_memory_working_set_bytes,2162688.0
1745322120,kashef-k8s-ctl.user-mention-service-5c4f566c5-qlj9z,container_memory_working_set_bytes,2797568.0
1745322120,kashef-k8s-w1.media-mongodb-7b64c59567-pm2pj,container_memory_working_set_bytes,61902848.0
1745322120,kashef-k8s-ctl.url-shorten-memcached-6546746864-btbq8,container_memory_working_set_bytes,2580480.0
1745322120,kashef-k8s-ctl.media-service-6c665c775d-m5vf4,container_memory_working_set_bytes,1974272.0
1745322120,kashef-k8s-ctl.user-timeline-service-664c7f6696-hz5xq,container_memory_working_set_bytes,2502656.0
1745322120,kashef-k8s-w1.temp-debug-alt,container_memory_working_set_bytes,1163264.0
1745322120,kashef-k8s-w1.media-memcached-7889bdfdfb-4hjbd,container_memory_working_set_bytes,2600960.0
1745322120,kashef-k8s-ctl.jaeger-67997f9775-8jsbw,container_memory_working_set_bytes,10809344.0
1745322120,kashef-k8s-ctl.url-shorten-mongodb-57c886d5f8-jqtpp,container_memory_working_set_bytes,60174336.0
1745322120,kashef-k8s-ctl.post-storage-mongodb-5579669d8c-nfwpl,container_memory_working_set_bytes,60157952.0
1745322120,kashef-k8s-w1.social-graph-service-677dbc655c-sg995,container_memory_working_set_bytes,2486272.0
1745322120,kashef-k8s-w1.home-timeline-redis-6c6647df6f-dv494,container_memory_working_set_bytes,4050944.0
1745322120,kashef-k8s-w1.nginx-thrift-79478f9bf5-5zdh4,container_memory_working_set_bytes,87785472.0
1745322120,kashef-k8s-w1.social-graph-redis-5bbd5b7458-7fcvv,container_memory_working_set_bytes,4046848.0
1745322120,kashef-k8s-ctl.user-memcached-59687c864d-wdcgs,container_memory_working_set_bytes,2699264.0
1745322120,kashef-k8s-w1.url-shorten-service-66949ddcc4-468ds,container_memory_working_set_bytes,2838528.0
1745322120,kashef-k8s-w1.user-timeline-redis-67cc95bc57-2zhdt,container_memory_working_set_bytes,4034560.0
1745322120,kashef-k8s-w1.user-timeline-mongodb-6758898d48-4w2f2,container_memory_working_set_bytes,60272640.0
1745322120,kashef-k8s-ctl.unique-id-service-694497b678-2p45f,container_memory_working_set_bytes,1986560.0
1745322120,kashef-k8s-ctl.media-frontend-6b66b95ff4-42hwg,container_memory_working_set_bytes,62459904.0
1745322120,kashef-k8s-ctl.post-storage-memcached-6b75788fc6-5wwtc,container_memory_working_set_bytes,2576384.0
1745322123,kashef-k8s-w1.user-service-547b88cd8f-lp8p9,container_memory_working_set_bytes,2736128.0
1745322123,kashef-k8s-ctl.compose-post-service-f587bf89d-dd7kf,container_memory_working_set_bytes,2351104.0
1745322123,kashef-k8s-ctl.text-service-fff64b8bf-wp774,container_memory_working_set_bytes,2162688.0
1745322123,kashef-k8s-ctl.media-service-6c665c775d-m5vf4,container_memory_working_set_bytes,1974272.0
1745322123,kashef-k8s-ctl.user-timeline-service-664c7f6696-hz5xq,container_memory_working_set_bytes,2502656.0
1745322123,kashef-k8s-ctl.url-shorten-memcached-6546746864-btbq8,container_memory_working_set_bytes,2580480.0
1745322123,kashef-k8s-w1.media-mongodb-7b64c59567-pm2pj,container_memory_working_set_bytes,61902848.0
1745322123,kashef-k8s-w1.media-memcached-7889bdfdfb-4hjbd,container_memory_working_set_bytes,2600960.0
1745322123,kashef-k8s-ctl.post-storage-memcached-6b75788fc6-5wwtc,container_memory_working_set_bytes,2576384.0
1745322123,kashef-k8s-ctl.url-shorten-mongodb-57c886d5f8-jqtpp,container_memory_working_set_bytes,60174336.0
1745322123,kashef-k8s-ctl.jaeger-67997f9775-8jsbw,container_memory_working_set_bytes,10809344.0
1745322123,kashef-k8s-w1.home-timeline-redis-6c6647df6f-dv494,container_memory_working_set_bytes,4050944.0
1745322123,kashef-k8s-w1.user-mongodb-7745bbd78-kqpbp,container_memory_working_set_bytes,60502016.0
1745322123,kashef-k8s-w1.user-timeline-redis-67cc95bc57-2zhdt,container_memory_working_set_bytes,4034560.0
1745322123,kashef-k8s-w1.social-graph-mongodb-55df767ff5-wwlmr,container_memory_working_set_bytes,60329984.0
1745322123,kashef-k8s-ctl.user-memcached-59687c864d-wdcgs,container_memory_working_set_bytes,2699264.0
1745322123,kashef-k8s-ctl.media-frontend-6b66b95ff4-42hwg,container_memory_working_set_bytes,62459904.0
1745322123,kashef-k8s-w1.home-timeline-service-5754ffbc6d-kntl9,container_memory_working_set_bytes,1937408.0
1745322123,kashef-k8s-w1.temp-debug-alt,container_memory_working_set_bytes,1163264.0
1745322123,kashef-k8s-ctl.unique-id-service-694497b678-2p45f,container_memory_working_set_bytes,1986560.0
1745322123,kashef-k8s-w1.nginx-thrift-79478f9bf5-5zdh4,container_memory_working_set_bytes,87785472.0
1745322123,kashef-k8s-w1.social-graph-service-677dbc655c-sg995,container_memory_working_set_bytes,2486272.0
1745322123,kashef-k8s-ctl.post-storage-mongodb-5579669d8c-nfwpl,container_memory_working_set_bytes,60157952.0
1745322123,kashef-k8s-ctl.user-mention-service-5c4f566c5-qlj9z,container_memory_working_set_bytes,2797568.0
1745322123,kashef-k8s-w1.user-timeline-mongodb-6758898d48-4w2f2,container_memory_working_set_bytes,60166144.0
1745322123,kashef-k8s-w1.post-storage-service-66c9966f5f-n629t,container_memory_working_set_bytes,2707456.0
1745322123,kashef-k8s-w1.url-shorten-service-66949ddcc4-468ds,container_memory_working_set_bytes,2838528.0
1745322123,kashef-k8s-w1.social-graph-redis-5bbd5b7458-7fcvv,container_memory_working_set_bytes,4046848.0
1745322126,kashef-k8s-w1.url-shorten-service-66949ddcc4-468ds,container_memory_working_set_bytes,2838528.0
1745322126,kashef-k8s-w1.social-graph-mongodb-55df767ff5-wwlmr,container_memory_working_set_bytes,60329984.0
1745322126,kashef-k8s-ctl.post-storage-mongodb-5579669d8c-nfwpl,container_memory_working_set_bytes,60157952.0
1745322126,kashef-k8s-w1.user-mongodb-7745bbd78-kqpbp,container_memory_working_set_bytes,60502016.0
1745322126,kashef-k8s-w1.home-timeline-redis-6c6647df6f-dv494,container_memory_working_set_bytes,4050944.0
1745322126,kashef-k8s-ctl.media-frontend-6b66b95ff4-42hwg,container_memory_working_set_bytes,62459904.0
1745322126,kashef-k8s-w1.social-graph-service-677dbc655c-sg995,container_memory_working_set_bytes,2486272.0
1745322126,kashef-k8s-w1.nginx-thrift-79478f9bf5-5zdh4,container_memory_working_set_bytes,87785472.0
1745322126,kashef-k8s-ctl.media-service-6c665c775d-m5vf4,container_memory_working_set_bytes,1974272.0
1745322126,kashef-k8s-ctl.compose-post-service-f587bf89d-dd7kf,container_memory_working_set_bytes,2351104.0
1745322126,kashef-k8s-w1.user-service-547b88cd8f-lp8p9,container_memory_working_set_bytes,2736128.0
1745322126,kashef-k8s-w1.media-mongodb-7b64c59567-pm2pj,container_memory_working_set_bytes,61902848.0
1745322126,kashef-k8s-w1.media-memcached-7889bdfdfb-4hjbd,container_memory_working_set_bytes,2600960.0
1745322126,kashef-k8s-ctl.url-shorten-memcached-6546746864-btbq8,container_memory_working_set_bytes,2580480.0
1745322126,kashef-k8s-ctl.user-timeline-service-664c7f6696-hz5xq,container_memory_working_set_bytes,2502656.0
1745322126,kashef-k8s-ctl.user-mention-service-5c4f566c5-qlj9z,container_memory_working_set_bytes,2797568.0
1745322126,kashef-k8s-ctl.jaeger-67997f9775-8jsbw,container_memory_working_set_bytes,10809344.0
1745322126,kashef-k8s-w1.user-timeline-mongodb-6758898d48-4w2f2,container_memory_working_set_bytes,60166144.0
1745322126,kashef-k8s-w1.social-graph-redis-5bbd5b7458-7fcvv,container_memory_working_set_bytes,4046848.0
1745322126,kashef-k8s-w1.temp-debug-alt,container_memory_working_set_bytes,1163264.0
1745322126,kashef-k8s-w1.home-timeline-service-5754ffbc6d-kntl9,container_memory_working_set_bytes,1937408.0
1745322126,kashef-k8s-w1.user-timeline-redis-67cc95bc57-2zhdt,container_memory_working_set_bytes,4034560.0
1745322126,kashef-k8s-ctl.user-memcached-59687c864d-wdcgs,container_memory_working_set_bytes,2699264.0
1745322126,kashef-k8s-w1.post-storage-service-66c9966f5f-n629t,container_memory_working_set_bytes,2707456.0
1745322126,kashef-k8s-ctl.text-service-fff64b8bf-wp774,container_memory_working_set_bytes,2162688.0
1745322126,kashef-k8s-ctl.unique-id-service-694497b678-2p45f,container_memory_working_set_bytes,1986560.0
1745322126,kashef-k8s-ctl.url-shorten-mongodb-57c886d5f8-jqtpp,container_memory_working_set_bytes,60174336.0
1745322126,kashef-k8s-ctl.post-storage-memcached-6b75788fc6-5wwtc,container_memory_working_set_bytes,2576384.0
1745322129,kashef-k8s-w1.home-timeline-redis-6c6647df6f-dv494,container_memory_working_set_bytes,4050944.0
1745322129,kashef-k8s-ctl.media-frontend-6b66b95ff4-42hwg,container_memory_working_set_bytes,62459904.0
1745322129,kashef-k8s-w1.nginx-thrift-79478f9bf5-5zdh4,container_memory_working_set_bytes,87785472.0
1745322129,kashef-k8s-ctl.post-storage-mongodb-5579669d8c-nfwpl,container_memory_working_set_bytes,60157952.0
1745322129,kashef-k8s-w1.user-service-547b88cd8f-lp8p9,container_memory_working_set_bytes,2736128.0
1745322129,kashef-k8s-ctl.jaeger-67997f9775-8jsbw,container_memory_working_set_bytes,10809344.0
1745322129,kashef-k8s-w1.media-mongodb-7b64c59567-pm2pj,container_memory_working_set_bytes,61902848.0
1745322129,kashef-k8s-ctl.media-service-6c665c775d-m5vf4,container_memory_working_set_bytes,1974272.0
1745322129,kashef-k8s-ctl.user-mention-service-5c4f566c5-qlj9z,container_memory_working_set_bytes,2797568.0
1745322129,kashef-k8s-w1.social-graph-service-677dbc655c-sg995,container_memory_working_set_bytes,2486272.0
1745322129,kashef-k8s-ctl.user-timeline-service-664c7f6696-hz5xq,container_memory_working_set_bytes,2502656.0
1745322129,kashef-k8s-ctl.url-shorten-memcached-6546746864-btbq8,container_memory_working_set_bytes,2580480.0
1745322129,kashef-k8s-w1.user-mongodb-7745bbd78-kqpbp,container_memory_working_set_bytes,60502016.0
1745322129,kashef-k8s-w1.user-timeline-redis-67cc95bc57-2zhdt,container_memory_working_set_bytes,4034560.0
1745322129,kashef-k8s-w1.social-graph-mongodb-55df767ff5-wwlmr,container_memory_working_set_bytes,60329984.0
1745322129,kashef-k8s-ctl.post-storage-memcached-6b75788fc6-5wwtc,container_memory_working_set_bytes,2576384.0
1745322129,kashef-k8s-w1.media-memcached-7889bdfdfb-4hjbd,container_memory_working_set_bytes,2600960.0
1745322129,kashef-k8s-ctl.unique-id-service-694497b678-2p45f,container_memory_working_set_bytes,1986560.0
1745322129,kashef-k8s-w1.home-timeline-service-5754ffbc6d-kntl9,container_memory_working_set_bytes,1937408.0
1745322129,kashef-k8s-ctl.compose-post-service-f587bf89d-dd7kf,container_memory_working_set_bytes,2351104.0
1745322129,kashef-k8s-w1.social-graph-redis-5bbd5b7458-7fcvv,container_memory_working_set_bytes,4046848.0
1745322129,kashef-k8s-w1.url-shorten-service-66949ddcc4-468ds,container_memory_working_set_bytes,2838528.0
1745322129,kashef-k8s-w1.temp-debug-alt,container_memory_working_set_bytes,1163264.0
1745322129,kashef-k8s-ctl.text-service-fff64b8bf-wp774,container_memory_working_set_bytes,2162688.0
1745322129,kashef-k8s-ctl.url-shorten-mongodb-57c886d5f8-jqtpp,container_memory_working_set_bytes,60174336.0
1745322129,kashef-k8s-w1.user-timeline-mongodb-6758898d48-4w2f2,container_memory_working_set_bytes,60166144.0
1745322129,kashef-k8s-ctl.user-memcached-59687c864d-wdcgs,container_memory_working_set_bytes,2699264.0
1745322129,kashef-k8s-w1.post-storage-service-66c9966f5f-n629t,container_memory_working_set_bytes,2707456.0
1745322132,kashef-k8s-w1.home-timeline-service-5754ffbc6d-kntl9,container_memory_working_set_bytes,1937408.0
1745322132,kashef-k8s-ctl.compose-post-service-f587bf89d-dd7kf,container_memory_working_set_bytes,2351104.0
1745322132,kashef-k8s-w1.user-mongodb-7745bbd78-kqpbp,container_memory_working_set_bytes,60502016.0
1745322132,kashef-k8s-w1.url-shorten-service-66949ddcc4-468ds,container_memory_working_set_bytes,2838528.0
1745322132,kashef-k8s-ctl.media-service-6c665c775d-m5vf4,container_memory_working_set_bytes,1974272.0
1745322132,kashef-k8s-w1.social-graph-redis-5bbd5b7458-7fcvv,container_memory_working_set_bytes,4046848.0
1745322132,kashef-k8s-w1.home-timeline-redis-6c6647df6f-dv494,container_memory_working_set_bytes,4050944.0
1745322132,kashef-k8s-ctl.text-service-fff64b8bf-wp774,container_memory_working_set_bytes,2162688.0
1745322132,kashef-k8s-ctl.url-shorten-memcached-6546746864-btbq8,container_memory_working_set_bytes,2580480.0
1745322132,kashef-k8s-ctl.user-mention-service-5c4f566c5-qlj9z,container_memory_working_set_bytes,2797568.0
1745322132,kashef-k8s-w1.user-service-547b88cd8f-lp8p9,container_memory_working_set_bytes,2736128.0
1745322132,kashef-k8s-w1.media-memcached-7889bdfdfb-4hjbd,container_memory_working_set_bytes,2600960.0
1745322132,kashef-k8s-w1.temp-debug-alt,container_memory_working_set_bytes,1163264.0
1745322132,kashef-k8s-ctl.unique-id-service-694497b678-2p45f,container_memory_working_set_bytes,1986560.0
1745322132,kashef-k8s-w1.user-timeline-mongodb-6758898d48-4w2f2,container_memory_working_set_bytes,60166144.0
1745322132,kashef-k8s-w1.user-timeline-redis-67cc95bc57-2zhdt,container_memory_working_set_bytes,4034560.0
1745322132,kashef-k8s-w1.social-graph-service-677dbc655c-sg995,container_memory_working_set_bytes,2486272.0
1745322132,kashef-k8s-ctl.post-storage-memcached-6b75788fc6-5wwtc,container_memory_working_set_bytes,2576384.0
1745322132,kashef-k8s-w1.media-mongodb-7b64c59567-pm2pj,container_memory_working_set_bytes,61902848.0
1745322132,kashef-k8s-w1.nginx-thrift-79478f9bf5-5zdh4,container_memory_working_set_bytes,87785472.0
1745322132,kashef-k8s-ctl.url-shorten-mongodb-57c886d5f8-jqtpp,container_memory_working_set_bytes,60174336.0
1745322132,kashef-k8s-w1.social-graph-mongodb-55df767ff5-wwlmr,container_memory_working_set_bytes,60329984.0
1745322132,kashef-k8s-ctl.user-memcached-59687c864d-wdcgs,container_memory_working_set_bytes,2699264.0
1745322132,kashef-k8s-w1.post-storage-service-66c9966f5f-n629t,container_memory_working_set_bytes,2707456.0
1745322132,kashef-k8s-ctl.user-timeline-service-664c7f6696-hz5xq,container_memory_working_set_bytes,2502656.0
1745322132,kashef-k8s-ctl.media-frontend-6b66b95ff4-42hwg,container_memory_working_set_bytes,62459904.0
1745322132,kashef-k8s-ctl.jaeger-67997f9775-8jsbw,container_memory_working_set_bytes,10809344.0
1745322132,kashef-k8s-ctl.post-storage-mongodb-5579669d8c-nfwpl,container_memory_working_set_bytes,60157952.0
1745322135,kashef-k8s-w1.social-graph-redis-5bbd5b7458-7fcvv,container_memory_working_set_bytes,4046848.0
1745322135,kashef-k8s-ctl.url-shorten-memcached-6546746864-btbq8,container_memory_working_set_bytes,2580480.0
1745322135,kashef-k8s-ctl.text-service-fff64b8bf-wp774,container_memory_working_set_bytes,2162688.0
1745322135,kashef-k8s-w1.home-timeline-redis-6c6647df6f-dv494,container_memory_working_set_bytes,4050944.0
1745322135,kashef-k8s-ctl.url-shorten-mongodb-57c886d5f8-jqtpp,container_memory_working_set_bytes,60178432.0
1745322135,kashef-k8s-ctl.media-frontend-6b66b95ff4-42hwg,container_memory_working_set_bytes,62459904.0
1745322135,kashef-k8s-ctl.unique-id-service-694497b678-2p45f,container_memory_working_set_bytes,1986560.0
1745322135,kashef-k8s-w1.temp-debug-alt,container_memory_working_set_bytes,1163264.0
1745322135,kashef-k8s-w1.media-memcached-7889bdfdfb-4hjbd,container_memory_working_set_bytes,2600960.0
1745322135,kashef-k8s-w1.user-timeline-redis-67cc95bc57-2zhdt,container_memory_working_set_bytes,4034560.0
1745322135,kashef-k8s-ctl.media-service-6c665c775d-m5vf4,container_memory_working_set_bytes,1974272.0
1745322135,kashef-k8s-w1.user-timeline-mongodb-6758898d48-4w2f2,container_memory_working_set_bytes,60166144.0
1745322135,kashef-k8s-w1.user-mongodb-7745bbd78-kqpbp,container_memory_working_set_bytes,60502016.0
1745322135,kashef-k8s-w1.url-shorten-service-66949ddcc4-468ds,container_memory_working_set_bytes,2838528.0
1745322135,kashef-k8s-w1.home-timeline-service-5754ffbc6d-kntl9,container_memory_working_set_bytes,1937408.0
1745322135,kashef-k8s-ctl.compose-post-service-f587bf89d-dd7kf,container_memory_working_set_bytes,2351104.0
1745322135,kashef-k8s-ctl.jaeger-67997f9775-8jsbw,container_memory_working_set_bytes,10809344.0
1745322135,kashef-k8s-w1.user-service-547b88cd8f-lp8p9,container_memory_working_set_bytes,2736128.0
1745322135,kashef-k8s-ctl.user-mention-service-5c4f566c5-qlj9z,container_memory_working_set_bytes,2797568.0
1745322135,kashef-k8s-ctl.post-storage-mongodb-5579669d8c-nfwpl,container_memory_working_set_bytes,60157952.0
1745322135,kashef-k8s-w1.nginx-thrift-79478f9bf5-5zdh4,container_memory_working_set_bytes,87785472.0
1745322135,kashef-k8s-ctl.post-storage-memcached-6b75788fc6-5wwtc,container_memory_working_set_bytes,2576384.0
1745322135,kashef-k8s-w1.social-graph-service-677dbc655c-sg995,container_memory_working_set_bytes,2486272.0
1745322135,kashef-k8s-ctl.user-timeline-service-664c7f6696-hz5xq,container_memory_working_set_bytes,2502656.0
1745322135,kashef-k8s-w1.social-graph-mongodb-55df767ff5-wwlmr,container_memory_working_set_bytes,60329984.0
1745322135,kashef-k8s-w1.media-mongodb-7b64c59567-pm2pj,container_memory_working_set_bytes,61902848.0
1745322135,kashef-k8s-w1.post-storage-service-66c9966f5f-n629t,container_memory_working_set_bytes,2707456.0
1745322135,kashef-k8s-ctl.user-memcached-59687c864d-wdcgs,container_memory_working_set_bytes,2699264.0
1745322138,kashef-k8s-ctl.text-service-fff64b8bf-wp774,container_memory_working_set_bytes,2162688.0
1745322138,kashef-k8s-ctl.user-memcached-59687c864d-wdcgs,container_memory_working_set_bytes,2699264.0
1745322138,kashef-k8s-w1.url-shorten-service-66949ddcc4-468ds,container_memory_working_set_bytes,2838528.0
1745322138,kashef-k8s-w1.social-graph-mongodb-55df767ff5-wwlmr,container_memory_working_set_bytes,60329984.0
1745322138,kashef-k8s-w1.media-mongodb-7b64c59567-pm2pj,container_memory_working_set_bytes,61902848.0
1745322138,kashef-k8s-ctl.user-timeline-service-664c7f6696-hz5xq,container_memory_working_set_bytes,2502656.0
1745322138,kashef-k8s-w1.nginx-thrift-79478f9bf5-5zdh4,container_memory_working_set_bytes,87785472.0
1745322138,kashef-k8s-w1.post-storage-service-66c9966f5f-n629t,container_memory_working_set_bytes,2707456.0
1745322138,kashef-k8s-w1.social-graph-service-677dbc655c-sg995,container_memory_working_set_bytes,2486272.0
1745322138,kashef-k8s-ctl.url-shorten-mongodb-57c886d5f8-jqtpp,container_memory_working_set_bytes,60178432.0
1745322138,kashef-k8s-w1.temp-debug-alt,container_memory_working_set_bytes,1163264.0
1745322138,kashef-k8s-w1.user-service-547b88cd8f-lp8p9,container_memory_working_set_bytes,2736128.0
1745322138,kashef-k8s-ctl.user-mention-service-5c4f566c5-qlj9z,container_memory_working_set_bytes,2797568.0
1745322138,kashef-k8s-ctl.post-storage-mongodb-5579669d8c-nfwpl,container_memory_working_set_bytes,60243968.0
1745322138,kashef-k8s-ctl.jaeger-67997f9775-8jsbw,container_memory_working_set_bytes,10809344.0
1745322138,kashef-k8s-ctl.post-storage-memcached-6b75788fc6-5wwtc,container_memory_working_set_bytes,2576384.0
1745322138,kashef-k8s-w1.user-timeline-mongodb-6758898d48-4w2f2,container_memory_working_set_bytes,60166144.0
1745322138,kashef-k8s-w1.social-graph-redis-5bbd5b7458-7fcvv,container_memory_working_set_bytes,4046848.0
1745322138,kashef-k8s-w1.home-timeline-redis-6c6647df6f-dv494,container_memory_working_set_bytes,4050944.0
1745322138,kashef-k8s-w1.user-timeline-redis-67cc95bc57-2zhdt,container_memory_working_set_bytes,4034560.0
1745322138,kashef-k8s-ctl.url-shorten-memcached-6546746864-btbq8,container_memory_working_set_bytes,2580480.0
1745322138,kashef-k8s-w1.user-mongodb-7745bbd78-kqpbp,container_memory_working_set_bytes,60502016.0
1745322138,kashef-k8s-ctl.compose-post-service-f587bf89d-dd7kf,container_memory_working_set_bytes,2351104.0
1745322138,kashef-k8s-w1.home-timeline-service-5754ffbc6d-kntl9,container_memory_working_set_bytes,1937408.0
1745322138,kashef-k8s-ctl.unique-id-service-694497b678-2p45f,container_memory_working_set_bytes,1986560.0
1745322138,kashef-k8s-ctl.media-service-6c665c775d-m5vf4,container_memory_working_set_bytes,1974272.0
1745322138,kashef-k8s-w1.media-memcached-7889bdfdfb-4hjbd,container_memory_working_set_bytes,2600960.0
1745322138,kashef-k8s-ctl.media-frontend-6b66b95ff4-42hwg,container_memory_working_set_bytes,62459904.0
1745322141,kashef-k8s-ctl.user-timeline-service-664c7f6696-hz5xq,container_memory_working_set_bytes,2502656.0
1745322141,kashef-k8s-w1.media-mongodb-7b64c59567-pm2pj,container_memory_working_set_bytes,62144512.0
1745322141,kashef-k8s-w1.post-storage-service-66c9966f5f-n629t,container_memory_working_set_bytes,2707456.0
1745322141,kashef-k8s-w1.nginx-thrift-79478f9bf5-5zdh4,container_memory_working_set_bytes,87785472.0
1745322141,kashef-k8s-w1.temp-debug-alt,container_memory_working_set_bytes,1163264.0
1745322141,kashef-k8s-ctl.url-shorten-mongodb-57c886d5f8-jqtpp,container_memory_working_set_bytes,60178432.0
1745322141,kashef-k8s-ctl.post-storage-mongodb-5579669d8c-nfwpl,container_memory_working_set_bytes,60243968.0
1745322141,kashef-k8s-w1.social-graph-service-677dbc655c-sg995,container_memory_working_set_bytes,2486272.0
1745322141,kashef-k8s-ctl.unique-id-service-694497b678-2p45f,container_memory_working_set_bytes,1986560.0
1745322141,kashef-k8s-ctl.post-storage-memcached-6b75788fc6-5wwtc,container_memory_working_set_bytes,2576384.0
1745322141,kashef-k8s-ctl.jaeger-67997f9775-8jsbw,container_memory_working_set_bytes,10809344.0
1745322141,kashef-k8s-ctl.user-mention-service-5c4f566c5-qlj9z,container_memory_working_set_bytes,2797568.0
1745322141,kashef-k8s-w1.url-shorten-service-66949ddcc4-468ds,container_memory_working_set_bytes,2838528.0
1745322141,kashef-k8s-w1.social-graph-mongodb-55df767ff5-wwlmr,container_memory_working_set_bytes,60329984.0
1745322141,kashef-k8s-ctl.text-service-fff64b8bf-wp774,container_memory_working_set_bytes,2162688.0
1745322141,kashef-k8s-ctl.user-memcached-59687c864d-wdcgs,container_memory_working_set_bytes,2699264.0
1745322141,kashef-k8s-ctl.media-service-6c665c775d-m5vf4,container_memory_working_set_bytes,1974272.0
1745322141,kashef-k8s-w1.media-memcached-7889bdfdfb-4hjbd,container_memory_working_set_bytes,2600960.0
1745322141,kashef-k8s-ctl.media-frontend-6b66b95ff4-42hwg,container_memory_working_set_bytes,62459904.0
1745322141,kashef-k8s-w1.user-service-547b88cd8f-lp8p9,container_memory_working_set_bytes,2736128.0
1745322141,kashef-k8s-w1.home-timeline-redis-6c6647df6f-dv494,container_memory_working_set_bytes,4050944.0
1745322141,kashef-k8s-w1.user-timeline-redis-67cc95bc57-2zhdt,container_memory_working_set_bytes,4034560.0
1745322141,kashef-k8s-w1.user-timeline-mongodb-6758898d48-4w2f2,container_memory_working_set_bytes,60166144.0
1745322141,kashef-k8s-w1.social-graph-redis-5bbd5b7458-7fcvv,container_memory_working_set_bytes,4046848.0
1745322141,kashef-k8s-w1.user-mongodb-7745bbd78-kqpbp,container_memory_working_set_bytes,60502016.0
1745322141,kashef-k8s-ctl.url-shorten-memcached-6546746864-btbq8,container_memory_working_set_bytes,2580480.0
1745322141,kashef-k8s-w1.home-timeline-service-5754ffbc6d-kntl9,container_memory_working_set_bytes,1937408.0
1745322141,kashef-k8s-ctl.compose-post-service-f587bf89d-dd7kf,container_memory_working_set_bytes,2351104.0
1745322144,kashef-k8s-ctl.text-service-fff64b8bf-wp774,container_memory_working_set_bytes,2162688.0
1745322144,kashef-k8s-ctl.unique-id-service-694497b678-2p45f,container_memory_working_set_bytes,1986560.0
1745322144,kashef-k8s-ctl.post-storage-mongodb-5579669d8c-nfwpl,container_memory_working_set_bytes,60243968.0
1745322144,kashef-k8s-ctl.compose-post-service-f587bf89d-dd7kf,container_memory_working_set_bytes,2351104.0
1745322144,kashef-k8s-w1.home-timeline-service-5754ffbc6d-kntl9,container_memory_working_set_bytes,1937408.0
1745322144,kashef-k8s-ctl.url-shorten-memcached-6546746864-btbq8,container_memory_working_set_bytes,2580480.0
1745322144,kashef-k8s-w1.nginx-thrift-79478f9bf5-5zdh4,container_memory_working_set_bytes,87785472.0
1745322144,kashef-k8s-ctl.user-timeline-service-664c7f6696-hz5xq,container_memory_working_set_bytes,2502656.0
1745322144,kashef-k8s-ctl.media-frontend-6b66b95ff4-42hwg,container_memory_working_set_bytes,62459904.0
1745322144,kashef-k8s-ctl.jaeger-67997f9775-8jsbw,container_memory_working_set_bytes,10809344.0
1745322144,kashef-k8s-w1.media-memcached-7889bdfdfb-4hjbd,container_memory_working_set_bytes,2600960.0
1745322144,kashef-k8s-ctl.user-mention-service-5c4f566c5-qlj9z,container_memory_working_set_bytes,2797568.0
1745322144,kashef-k8s-w1.social-graph-mongodb-55df767ff5-wwlmr,container_memory_working_set_bytes,60329984.0
1745322144,kashef-k8s-ctl.media-service-6c665c775d-m5vf4,container_memory_working_set_bytes,1974272.0
1745322144,kashef-k8s-w1.user-timeline-redis-67cc95bc57-2zhdt,container_memory_working_set_bytes,3903488.0
1745322144,kashef-k8s-w1.home-timeline-redis-6c6647df6f-dv494,container_memory_working_set_bytes,4050944.0
1745322144,kashef-k8s-w1.post-storage-service-66c9966f5f-n629t,container_memory_working_set_bytes,2707456.0
1745322144,kashef-k8s-w1.social-graph-redis-5bbd5b7458-7fcvv,container_memory_working_set_bytes,4046848.0
1745322144,kashef-k8s-w1.url-shorten-service-66949ddcc4-468ds,container_memory_working_set_bytes,2838528.0
1745322144,kashef-k8s-w1.social-graph-service-677dbc655c-sg995,container_memory_working_set_bytes,2486272.0
1745322144,kashef-k8s-ctl.post-storage-memcached-6b75788fc6-5wwtc,container_memory_working_set_bytes,2576384.0
1745322144,kashef-k8s-ctl.user-memcached-59687c864d-wdcgs,container_memory_working_set_bytes,2699264.0
1745322144,kashef-k8s-w1.user-mongodb-7745bbd78-kqpbp,container_memory_working_set_bytes,60502016.0
1745322144,kashef-k8s-w1.media-mongodb-7b64c59567-pm2pj,container_memory_working_set_bytes,62144512.0
1745322144,kashef-k8s-ctl.url-shorten-mongodb-57c886d5f8-jqtpp,container_memory_working_set_bytes,60178432.0
1745322144,kashef-k8s-w1.user-service-547b88cd8f-lp8p9,container_memory_working_set_bytes,2859008.0
1745322144,kashef-k8s-w1.user-timeline-mongodb-6758898d48-4w2f2,container_memory_working_set_bytes,60166144.0
1745322144,kashef-k8s-w1.temp-debug-alt,container_memory_working_set_bytes,1163264.0
1745322147,kashef-k8s-w1.post-storage-service-66c9966f5f-n629t,container_memory_working_set_bytes,2707456.0
1745322147,kashef-k8s-w1.user-timeline-redis-67cc95bc57-2zhdt,container_memory_working_set_bytes,3903488.0
1745322147,kashef-k8s-w1.home-timeline-service-5754ffbc6d-kntl9,container_memory_working_set_bytes,1937408.0
1745322147,kashef-k8s-w1.nginx-thrift-79478f9bf5-5zdh4,container_memory_working_set_bytes,87785472.0
1745322147,kashef-k8s-w1.media-memcached-7889bdfdfb-4hjbd,container_memory_working_set_bytes,2600960.0
1745322147,kashef-k8s-ctl.user-timeline-service-664c7f6696-hz5xq,container_memory_working_set_bytes,2502656.0
1745322147,kashef-k8s-ctl.user-mention-service-5c4f566c5-qlj9z,container_memory_working_set_bytes,2797568.0
1745322147,kashef-k8s-ctl.jaeger-67997f9775-8jsbw,container_memory_working_set_bytes,10809344.0
1745322147,kashef-k8s-w1.home-timeline-redis-6c6647df6f-dv494,container_memory_working_set_bytes,4050944.0
1745322147,kashef-k8s-ctl.url-shorten-memcached-6546746864-btbq8,container_memory_working_set_bytes,2580480.0
1745322147,kashef-k8s-ctl.media-service-6c665c775d-m5vf4,container_memory_working_set_bytes,1974272.0
1745322147,kashef-k8s-ctl.text-service-fff64b8bf-wp774,container_memory_working_set_bytes,2162688.0
1745322147,kashef-k8s-ctl.compose-post-service-f587bf89d-dd7kf,container_memory_working_set_bytes,2351104.0
1745322147,kashef-k8s-w1.url-shorten-service-66949ddcc4-468ds,container_memory_working_set_bytes,2838528.0
1745322147,kashef-k8s-w1.user-mongodb-7745bbd78-kqpbp,container_memory_working_set_bytes,60502016.0
1745322147,kashef-k8s-ctl.post-storage-memcached-6b75788fc6-5wwtc,container_memory_working_set_bytes,2576384.0
1745322147,kashef-k8s-ctl.unique-id-service-694497b678-2p45f,container_memory_working_set_bytes,1986560.0
1745322147,kashef-k8s-w1.user-service-547b88cd8f-lp8p9,container_memory_working_set_bytes,2859008.0
1745322147,kashef-k8s-w1.temp-debug-alt,container_memory_working_set_bytes,1163264.0
1745322147,kashef-k8s-ctl.media-frontend-6b66b95ff4-42hwg,container_memory_working_set_bytes,62459904.0
1745322147,kashef-k8s-w1.social-graph-redis-5bbd5b7458-7fcvv,container_memory_working_set_bytes,4046848.0
1745322147,kashef-k8s-w1.social-graph-mongodb-55df767ff5-wwlmr,container_memory_working_set_bytes,60416000.0
1745322147,kashef-k8s-ctl.post-storage-mongodb-5579669d8c-nfwpl,container_memory_working_set_bytes,60243968.0
1745322147,kashef-k8s-w1.social-graph-service-677dbc655c-sg995,container_memory_working_set_bytes,2486272.0
1745322147,kashef-k8s-ctl.url-shorten-mongodb-57c886d5f8-jqtpp,container_memory_working_set_bytes,60178432.0
1745322147,kashef-k8s-w1.user-timeline-mongodb-6758898d48-4w2f2,container_memory_working_set_bytes,60166144.0
1745322147,kashef-k8s-w1.media-mongodb-7b64c59567-pm2pj,container_memory_working_set_bytes,62144512.0
1745322147,kashef-k8s-ctl.user-memcached-59687c864d-wdcgs,container_memory_working_set_bytes,2699264.0
1745322150,kashef-k8s-w1.media-mongodb-7b64c59567-pm2pj,container_memory_working_set_bytes,62144512.0
1745322150,kashef-k8s-w1.social-graph-mongodb-55df767ff5-wwlmr,container_memory_working_set_bytes,60416000.0
1745322150,kashef-k8s-ctl.user-memcached-59687c864d-wdcgs,container_memory_working_set_bytes,2699264.0
1745322150,kashef-k8s-w1.social-graph-redis-5bbd5b7458-7fcvv,container_memory_working_set_bytes,4046848.0
1745322150,kashef-k8s-w1.home-timeline-service-5754ffbc6d-kntl9,container_memory_working_set_bytes,1937408.0
1745322150,kashef-k8s-ctl.unique-id-service-694497b678-2p45f,container_memory_working_set_bytes,1986560.0
1745322150,kashef-k8s-w1.social-graph-service-677dbc655c-sg995,container_memory_working_set_bytes,2486272.0
1745322150,kashef-k8s-ctl.post-storage-mongodb-5579669d8c-nfwpl,container_memory_working_set_bytes,60243968.0
1745322150,kashef-k8s-w1.user-timeline-mongodb-6758898d48-4w2f2,container_memory_working_set_bytes,60166144.0
1745322150,kashef-k8s-ctl.media-service-6c665c775d-m5vf4,container_memory_working_set_bytes,1974272.0
1745322150,kashef-k8s-ctl.user-timeline-service-664c7f6696-hz5xq,container_memory_working_set_bytes,2502656.0
1745322150,kashef-k8s-w1.media-memcached-7889bdfdfb-4hjbd,container_memory_working_set_bytes,2600960.0
1745322150,kashef-k8s-w1.user-service-547b88cd8f-lp8p9,container_memory_working_set_bytes,2859008.0
1745322150,kashef-k8s-ctl.media-frontend-6b66b95ff4-42hwg,container_memory_working_set_bytes,62459904.0
1745322150,kashef-k8s-ctl.jaeger-67997f9775-8jsbw,container_memory_working_set_bytes,10809344.0
1745322150,kashef-k8s-ctl.url-shorten-memcached-6546746864-btbq8,container_memory_working_set_bytes,2580480.0
1745322150,kashef-k8s-w1.user-timeline-redis-67cc95bc57-2zhdt,container_memory_working_set_bytes,3903488.0
1745322150,kashef-k8s-ctl.url-shorten-mongodb-57c886d5f8-jqtpp,container_memory_working_set_bytes,60178432.0
1745322150,kashef-k8s-w1.post-storage-service-66c9966f5f-n629t,container_memory_working_set_bytes,2707456.0
1745322150,kashef-k8s-w1.nginx-thrift-79478f9bf5-5zdh4,container_memory_working_set_bytes,87785472.0
1745322150,kashef-k8s-w1.home-timeline-redis-6c6647df6f-dv494,container_memory_working_set_bytes,4050944.0
1745322150,kashef-k8s-ctl.post-storage-memcached-6b75788fc6-5wwtc,container_memory_working_set_bytes,2576384.0
1745322150,kashef-k8s-w1.user-mongodb-7745bbd78-kqpbp,container_memory_working_set_bytes,60616704.0
1745322150,kashef-k8s-ctl.user-mention-service-5c4f566c5-qlj9z,container_memory_working_set_bytes,2797568.0
1745322150,kashef-k8s-ctl.compose-post-service-f587bf89d-dd7kf,container_memory_working_set_bytes,2351104.0
1745322150,kashef-k8s-w1.temp-debug-alt,container_memory_working_set_bytes,1163264.0
1745322150,kashef-k8s-w1.url-shorten-service-66949ddcc4-468ds,container_memory_working_set_bytes,2838528.0
1745322150,kashef-k8s-ctl.text-service-fff64b8bf-wp774,container_memory_working_set_bytes,2162688.0
1745322153,kashef-k8s-w1.temp-debug-alt,container_memory_working_set_bytes,1163264.0
1745322153,kashef-k8s-w1.url-shorten-service-66949ddcc4-468ds,container_memory_working_set_bytes,2838528.0
1745322153,kashef-k8s-w1.nginx-thrift-79478f9bf5-5zdh4,container_memory_working_set_bytes,87785472.0
1745322153,kashef-k8s-w1.home-timeline-redis-6c6647df6f-dv494,container_memory_working_set_bytes,4050944.0
1745322153,kashef-k8s-ctl.post-storage-mongodb-5579669d8c-nfwpl,container_memory_working_set_bytes,60243968.0
1745322153,kashef-k8s-ctl.user-mention-service-5c4f566c5-qlj9z,container_memory_working_set_bytes,2797568.0
1745322153,kashef-k8s-w1.home-timeline-service-5754ffbc6d-kntl9,container_memory_working_set_bytes,1937408.0
1745322153,kashef-k8s-w1.post-storage-service-66c9966f5f-n629t,container_memory_working_set_bytes,2707456.0
1745322153,kashef-k8s-ctl.url-shorten-mongodb-57c886d5f8-jqtpp,container_memory_working_set_bytes,60178432.0
1745322153,kashef-k8s-ctl.compose-post-service-f587bf89d-dd7kf,container_memory_working_set_bytes,2351104.0
1745322153,kashef-k8s-ctl.post-storage-memcached-6b75788fc6-5wwtc,container_memory_working_set_bytes,2576384.0
1745322153,kashef-k8s-ctl.media-service-6c665c775d-m5vf4,container_memory_working_set_bytes,1974272.0
1745322153,kashef-k8s-w1.user-timeline-redis-67cc95bc57-2zhdt,container_memory_working_set_bytes,3903488.0
1745322153,kashef-k8s-w1.user-mongodb-7745bbd78-kqpbp,container_memory_working_set_bytes,60616704.0
1745322153,kashef-k8s-ctl.url-shorten-memcached-6546746864-btbq8,container_memory_working_set_bytes,2580480.0
1745322153,kashef-k8s-ctl.media-frontend-6b66b95ff4-42hwg,container_memory_working_set_bytes,62459904.0
1745322153,kashef-k8s-w1.media-memcached-7889bdfdfb-4hjbd,container_memory_working_set_bytes,2600960.0
1745322153,kashef-k8s-w1.user-service-547b88cd8f-lp8p9,container_memory_working_set_bytes,2859008.0
1745322153,kashef-k8s-w1.user-timeline-mongodb-6758898d48-4w2f2,container_memory_working_set_bytes,60166144.0
1745322153,kashef-k8s-w1.social-graph-service-677dbc655c-sg995,container_memory_working_set_bytes,2486272.0
1745322153,kashef-k8s-ctl.jaeger-67997f9775-8jsbw,container_memory_working_set_bytes,10809344.0
1745322153,kashef-k8s-ctl.user-timeline-service-664c7f6696-hz5xq,container_memory_working_set_bytes,2502656.0
1745322153,kashef-k8s-ctl.unique-id-service-694497b678-2p45f,container_memory_working_set_bytes,1986560.0
1745322153,kashef-k8s-w1.social-graph-mongodb-55df767ff5-wwlmr,container_memory_working_set_bytes,60416000.0
1745322153,kashef-k8s-ctl.user-memcached-59687c864d-wdcgs,container_memory_working_set_bytes,2699264.0
1745322153,kashef-k8s-w1.media-mongodb-7b64c59567-pm2pj,container_memory_working_set_bytes,62144512.0
1745322153,kashef-k8s-w1.social-graph-redis-5bbd5b7458-7fcvv,container_memory_working_set_bytes,3915776.0
1745322153,kashef-k8s-ctl.text-service-fff64b8bf-wp774,container_memory_working_set_bytes,2162688.0
1745322156,kashef-k8s-ctl.user-memcached-59687c864d-wdcgs,container_memory_working_set_bytes,2699264.0
1745322156,kashef-k8s-w1.social-graph-redis-5bbd5b7458-7fcvv,container_memory_working_set_bytes,3915776.0
1745322156,kashef-k8s-ctl.text-service-fff64b8bf-wp774,container_memory_working_set_bytes,2162688.0
1745322156,kashef-k8s-ctl.url-shorten-memcached-6546746864-btbq8,container_memory_working_set_bytes,2580480.0
1745322156,kashef-k8s-w1.media-memcached-7889bdfdfb-4hjbd,container_memory_working_set_bytes,2600960.0
1745322156,kashef-k8s-w1.user-service-547b88cd8f-lp8p9,container_memory_working_set_bytes,2859008.0
1745322156,kashef-k8s-w1.social-graph-mongodb-55df767ff5-wwlmr,container_memory_working_set_bytes,60416000.0
1745322156,kashef-k8s-ctl.post-storage-mongodb-5579669d8c-nfwpl,container_memory_working_set_bytes,60243968.0
1745322156,kashef-k8s-w1.user-timeline-mongodb-6758898d48-4w2f2,container_memory_working_set_bytes,60166144.0
1745322156,kashef-k8s-w1.user-timeline-redis-67cc95bc57-2zhdt,container_memory_working_set_bytes,3903488.0
1745322156,kashef-k8s-w1.home-timeline-redis-6c6647df6f-dv494,container_memory_working_set_bytes,4050944.0
1745322156,kashef-k8s-w1.media-mongodb-7b64c59567-pm2pj,container_memory_working_set_bytes,62144512.0
1745322156,kashef-k8s-w1.social-graph-service-677dbc655c-sg995,container_memory_working_set_bytes,2486272.0
1745322156,kashef-k8s-ctl.media-service-6c665c775d-m5vf4,container_memory_working_set_bytes,1974272.0
1745322156,kashef-k8s-w1.temp-debug-alt,container_memory_working_set_bytes,1163264.0
1745322156,kashef-k8s-ctl.unique-id-service-694497b678-2p45f,container_memory_working_set_bytes,1986560.0
1745322156,kashef-k8s-w1.post-storage-service-66c9966f5f-n629t,container_memory_working_set_bytes,2707456.0
1745322156,kashef-k8s-ctl.compose-post-service-f587bf89d-dd7kf,container_memory_working_set_bytes,2351104.0
1745322156,kashef-k8s-ctl.user-mention-service-5c4f566c5-qlj9z,container_memory_working_set_bytes,2797568.0
1745322156,kashef-k8s-ctl.url-shorten-mongodb-57c886d5f8-jqtpp,container_memory_working_set_bytes,60178432.0
1745322156,kashef-k8s-w1.home-timeline-service-5754ffbc6d-kntl9,container_memory_working_set_bytes,1937408.0
1745322156,kashef-k8s-w1.nginx-thrift-79478f9bf5-5zdh4,container_memory_working_set_bytes,87785472.0
1745322156,kashef-k8s-w1.url-shorten-service-66949ddcc4-468ds,container_memory_working_set_bytes,2838528.0
1745322156,kashef-k8s-ctl.jaeger-67997f9775-8jsbw,container_memory_working_set_bytes,10809344.0
1745322156,kashef-k8s-ctl.user-timeline-service-664c7f6696-hz5xq,container_memory_working_set_bytes,2502656.0
1745322156,kashef-k8s-w1.user-mongodb-7745bbd78-kqpbp,container_memory_working_set_bytes,60616704.0
1745322156,kashef-k8s-ctl.post-storage-memcached-6b75788fc6-5wwtc,container_memory_working_set_bytes,2576384.0
1745322156,kashef-k8s-ctl.media-frontend-6b66b95ff4-42hwg,container_memory_working_set_bytes,62459904.0
1745322159,kashef-k8s-w1.user-service-547b88cd8f-lp8p9,container_memory_working_set_bytes,2859008.0
1745322159,kashef-k8s-w1.media-memcached-7889bdfdfb-4hjbd,container_memory_working_set_bytes,2600960.0
1745322159,kashef-k8s-w1.social-graph-mongodb-55df767ff5-wwlmr,container_memory_working_set_bytes,60416000.0
1745322159,kashef-k8s-w1.social-graph-service-677dbc655c-sg995,container_memory_working_set_bytes,2486272.0
1745322159,kashef-k8s-w1.user-timeline-redis-67cc95bc57-2zhdt,container_memory_working_set_bytes,3903488.0
1745322159,kashef-k8s-w1.social-graph-redis-5bbd5b7458-7fcvv,container_memory_working_set_bytes,3915776.0
1745322159,kashef-k8s-ctl.unique-id-service-694497b678-2p45f,container_memory_working_set_bytes,1986560.0
1745322159,kashef-k8s-w1.user-timeline-mongodb-6758898d48-4w2f2,container_memory_working_set_bytes,60166144.0
1745322159,kashef-k8s-w1.temp-debug-alt,container_memory_working_set_bytes,1163264.0
1745322159,kashef-k8s-ctl.user-timeline-service-664c7f6696-hz5xq,container_memory_working_set_bytes,2502656.0
1745322159,kashef-k8s-ctl.media-service-6c665c775d-m5vf4,container_memory_working_set_bytes,1974272.0
1745322159,kashef-k8s-w1.post-storage-service-66c9966f5f-n629t,container_memory_working_set_bytes,2707456.0
1745322159,kashef-k8s-w1.url-shorten-service-66949ddcc4-468ds,container_memory_working_set_bytes,2838528.0
1745322159,kashef-k8s-ctl.text-service-fff64b8bf-wp774,container_memory_working_set_bytes,2162688.0
1745322159,kashef-k8s-ctl.user-memcached-59687c864d-wdcgs,container_memory_working_set_bytes,2699264.0
1745322159,kashef-k8s-w1.home-timeline-service-5754ffbc6d-kntl9,container_memory_working_set_bytes,1937408.0
1745322159,kashef-k8s-w1.home-timeline-redis-6c6647df6f-dv494,container_memory_working_set_bytes,4050944.0
1745322159,kashef-k8s-ctl.post-storage-memcached-6b75788fc6-5wwtc,container_memory_working_set_bytes,2576384.0
1745322159,kashef-k8s-ctl.post-storage-mongodb-5579669d8c-nfwpl,container_memory_working_set_bytes,60243968.0
1745322159,kashef-k8s-ctl.media-frontend-6b66b95ff4-42hwg,container_memory_working_set_bytes,62459904.0
1745322159,kashef-k8s-ctl.compose-post-service-f587bf89d-dd7kf,container_memory_working_set_bytes,2351104.0
1745322159,kashef-k8s-ctl.url-shorten-mongodb-57c886d5f8-jqtpp,container_memory_working_set_bytes,60178432.0
1745322159,kashef-k8s-ctl.user-mention-service-5c4f566c5-qlj9z,container_memory_working_set_bytes,2797568.0
1745322159,kashef-k8s-w1.user-mongodb-7745bbd78-kqpbp,container_memory_working_set_bytes,60616704.0
1745322159,kashef-k8s-w1.media-mongodb-7b64c59567-pm2pj,container_memory_working_set_bytes,62144512.0
1745322159,kashef-k8s-w1.nginx-thrift-79478f9bf5-5zdh4,container_memory_working_set_bytes,87785472.0
1745322159,kashef-k8s-ctl.jaeger-67997f9775-8jsbw,container_memory_working_set_bytes,10117120.0
1745322159,kashef-k8s-ctl.url-shorten-memcached-6546746864-btbq8,container_memory_working_set_bytes,2580480.0
1745322162,kashef-k8s-w1.social-graph-redis-5bbd5b7458-7fcvv,container_memory_working_set_bytes,3915776.0
1745322162,kashef-k8s-ctl.user-memcached-59687c864d-wdcgs,container_memory_working_set_bytes,2699264.0
1745322162,kashef-k8s-w1.user-timeline-mongodb-6758898d48-4w2f2,container_memory_working_set_bytes,60166144.0
1745322162,kashef-k8s-w1.home-timeline-service-5754ffbc6d-kntl9,container_memory_working_set_bytes,1937408.0
1745322162,kashef-k8s-ctl.post-storage-memcached-6b75788fc6-5wwtc,container_memory_working_set_bytes,2576384.0
1745322162,kashef-k8s-w1.social-graph-service-677dbc655c-sg995,container_memory_working_set_bytes,2486272.0
1745322162,kashef-k8s-w1.temp-debug-alt,container_memory_working_set_bytes,1163264.0
1745322162,kashef-k8s-w1.nginx-thrift-79478f9bf5-5zdh4,container_memory_working_set_bytes,87785472.0
1745322162,kashef-k8s-ctl.user-timeline-service-664c7f6696-hz5xq,container_memory_working_set_bytes,2502656.0
1745322162,kashef-k8s-ctl.media-service-6c665c775d-m5vf4,container_memory_working_set_bytes,1974272.0
1745322162,kashef-k8s-w1.user-mongodb-7745bbd78-kqpbp,container_memory_working_set_bytes,60616704.0
1745322162,kashef-k8s-w1.user-timeline-redis-67cc95bc57-2zhdt,container_memory_working_set_bytes,3903488.0
1745322162,kashef-k8s-w1.media-memcached-7889bdfdfb-4hjbd,container_memory_working_set_bytes,2600960.0
1745322162,kashef-k8s-ctl.jaeger-67997f9775-8jsbw,container_memory_working_set_bytes,10117120.0
1745322162,kashef-k8s-w1.media-mongodb-7b64c59567-pm2pj,container_memory_working_set_bytes,62144512.0
1745322162,kashef-k8s-w1.post-storage-service-66c9966f5f-n629t,container_memory_working_set_bytes,2707456.0
1745322162,kashef-k8s-ctl.compose-post-service-f587bf89d-dd7kf,container_memory_working_set_bytes,2359296.0
1745322162,kashef-k8s-ctl.text-service-fff64b8bf-wp774,container_memory_working_set_bytes,2162688.0
1745322162,kashef-k8s-ctl.url-shorten-mongodb-57c886d5f8-jqtpp,container_memory_working_set_bytes,60178432.0
1745322162,kashef-k8s-w1.home-timeline-redis-6c6647df6f-dv494,container_memory_working_set_bytes,4050944.0
1745322162,kashef-k8s-ctl.unique-id-service-694497b678-2p45f,container_memory_working_set_bytes,1986560.0
1745322162,kashef-k8s-ctl.post-storage-mongodb-5579669d8c-nfwpl,container_memory_working_set_bytes,60243968.0
1745322162,kashef-k8s-ctl.media-frontend-6b66b95ff4-42hwg,container_memory_working_set_bytes,62459904.0
1745322162,kashef-k8s-w1.social-graph-mongodb-55df767ff5-wwlmr,container_memory_working_set_bytes,60416000.0
1745322162,kashef-k8s-ctl.user-mention-service-5c4f566c5-qlj9z,container_memory_working_set_bytes,2797568.0
1745322162,kashef-k8s-w1.url-shorten-service-66949ddcc4-468ds,container_memory_working_set_bytes,2838528.0
1745322162,kashef-k8s-ctl.url-shorten-memcached-6546746864-btbq8,container_memory_working_set_bytes,2580480.0
1745322162,kashef-k8s-w1.user-service-547b88cd8f-lp8p9,container_memory_working_set_bytes,2859008.0
1745322165,kashef-k8s-w1.nginx-thrift-79478f9bf5-5zdh4,container_memory_working_set_bytes,87785472.0
1745322165,kashef-k8s-w1.url-shorten-service-66949ddcc4-468ds,container_memory_working_set_bytes,2838528.0
1745322165,kashef-k8s-w1.user-service-547b88cd8f-lp8p9,container_memory_working_set_bytes,2859008.0
1745322165,kashef-k8s-ctl.url-shorten-memcached-6546746864-btbq8,container_memory_working_set_bytes,2580480.0
1745322165,kashef-k8s-ctl.post-storage-mongodb-5579669d8c-nfwpl,container_memory_working_set_bytes,60243968.0
1745322165,kashef-k8s-ctl.unique-id-service-694497b678-2p45f,container_memory_working_set_bytes,1986560.0
1745322165,kashef-k8s-ctl.text-service-fff64b8bf-wp774,container_memory_working_set_bytes,2162688.0
1745322165,kashef-k8s-w1.social-graph-mongodb-55df767ff5-wwlmr,container_memory_working_set_bytes,60416000.0
1745322165,kashef-k8s-ctl.jaeger-67997f9775-8jsbw,container_memory_working_set_bytes,10117120.0
1745322165,kashef-k8s-w1.media-memcached-7889bdfdfb-4hjbd,container_memory_working_set_bytes,2600960.0
1745322165,kashef-k8s-ctl.media-service-6c665c775d-m5vf4,container_memory_working_set_bytes,1974272.0
1745322165,kashef-k8s-w1.post-storage-service-66c9966f5f-n629t,container_memory_working_set_bytes,2707456.0
1745322165,kashef-k8s-ctl.compose-post-service-f587bf89d-dd7kf,container_memory_working_set_bytes,2359296.0
1745322165,kashef-k8s-w1.media-mongodb-7b64c59567-pm2pj,container_memory_working_set_bytes,62144512.0
1745322165,kashef-k8s-ctl.media-frontend-6b66b95ff4-42hwg,container_memory_working_set_bytes,62459904.0
1745322165,kashef-k8s-ctl.url-shorten-mongodb-57c886d5f8-jqtpp,container_memory_working_set_bytes,60178432.0
1745322165,kashef-k8s-w1.home-timeline-redis-6c6647df6f-dv494,container_memory_working_set_bytes,4050944.0
1745322165,kashef-k8s-w1.temp-debug-alt,container_memory_working_set_bytes,1163264.0
1745322165,kashef-k8s-w1.social-graph-service-677dbc655c-sg995,container_memory_working_set_bytes,2486272.0
1745322165,kashef-k8s-ctl.post-storage-memcached-6b75788fc6-5wwtc,container_memory_working_set_bytes,2576384.0
1745322165,kashef-k8s-ctl.user-mention-service-5c4f566c5-qlj9z,container_memory_working_set_bytes,2797568.0
1745322165,kashef-k8s-ctl.user-memcached-59687c864d-wdcgs,container_memory_working_set_bytes,2699264.0
1745322165,kashef-k8s-w1.social-graph-redis-5bbd5b7458-7fcvv,container_memory_working_set_bytes,4046848.0
1745322165,kashef-k8s-w1.user-timeline-mongodb-6758898d48-4w2f2,container_memory_working_set_bytes,60166144.0
1745322165,kashef-k8s-w1.user-timeline-redis-67cc95bc57-2zhdt,container_memory_working_set_bytes,3903488.0
1745322165,kashef-k8s-ctl.user-timeline-service-664c7f6696-hz5xq,container_memory_working_set_bytes,2502656.0
1745322165,kashef-k8s-w1.user-mongodb-7745bbd78-kqpbp,container_memory_working_set_bytes,60616704.0
1745322165,kashef-k8s-w1.home-timeline-service-5754ffbc6d-kntl9,container_memory_working_set_bytes,1937408.0
1745322168,kashef-k8s-ctl.post-storage-mongodb-5579669d8c-nfwpl,container_memory_working_set_bytes,60243968.0
1745322168,kashef-k8s-ctl.unique-id-service-694497b678-2p45f,container_memory_working_set_bytes,1986560.0
1745322168,kashef-k8s-w1.social-graph-mongodb-55df767ff5-wwlmr,container_memory_working_set_bytes,60416000.0
1745322168,kashef-k8s-w1.social-graph-redis-5bbd5b7458-7fcvv,container_memory_working_set_bytes,4046848.0
1745322168,kashef-k8s-ctl.media-service-6c665c775d-m5vf4,container_memory_working_set_bytes,1974272.0
1745322168,kashef-k8s-ctl.text-service-fff64b8bf-wp774,container_memory_working_set_bytes,2162688.0
1745322168,kashef-k8s-w1.media-mongodb-7b64c59567-pm2pj,container_memory_working_set_bytes,62144512.0
1745322168,kashef-k8s-w1.media-memcached-7889bdfdfb-4hjbd,container_memory_working_set_bytes,2600960.0
1745322168,kashef-k8s-ctl.post-storage-memcached-6b75788fc6-5wwtc,container_memory_working_set_bytes,2576384.0
1745322168,kashef-k8s-w1.user-service-547b88cd8f-lp8p9,container_memory_working_set_bytes,2859008.0
1745322168,kashef-k8s-ctl.url-shorten-mongodb-57c886d5f8-jqtpp,container_memory_working_set_bytes,60379136.0
1745322168,kashef-k8s-ctl.media-frontend-6b66b95ff4-42hwg,container_memory_working_set_bytes,62459904.0
1745322168,kashef-k8s-ctl.jaeger-67997f9775-8jsbw,container_memory_working_set_bytes,10117120.0
1745322168,kashef-k8s-w1.user-timeline-mongodb-6758898d48-4w2f2,container_memory_working_set_bytes,60166144.0
1745322168,kashef-k8s-w1.nginx-thrift-79478f9bf5-5zdh4,container_memory_working_set_bytes,87785472.0
1745322168,kashef-k8s-w1.url-shorten-service-66949ddcc4-468ds,container_memory_working_set_bytes,2838528.0
1745322168,kashef-k8s-ctl.user-timeline-service-664c7f6696-hz5xq,container_memory_working_set_bytes,2502656.0
1745322168,kashef-k8s-w1.user-timeline-redis-67cc95bc57-2zhdt,container_memory_working_set_bytes,3903488.0
1745322168,kashef-k8s-w1.home-timeline-service-5754ffbc6d-kntl9,container_memory_working_set_bytes,1937408.0
1745322168,kashef-k8s-w1.user-mongodb-7745bbd78-kqpbp,container_memory_working_set_bytes,60747776.0
1745322168,kashef-k8s-w1.temp-debug-alt,container_memory_working_set_bytes,1163264.0
1745322168,kashef-k8s-w1.home-timeline-redis-6c6647df6f-dv494,container_memory_working_set_bytes,4050944.0
1745322168,kashef-k8s-ctl.compose-post-service-f587bf89d-dd7kf,container_memory_working_set_bytes,2359296.0
1745322168,kashef-k8s-w1.social-graph-service-677dbc655c-sg995,container_memory_working_set_bytes,2486272.0
1745322168,kashef-k8s-w1.post-storage-service-66c9966f5f-n629t,container_memory_working_set_bytes,2707456.0
1745322168,kashef-k8s-ctl.user-mention-service-5c4f566c5-qlj9z,container_memory_working_set_bytes,2797568.0
1745322168,kashef-k8s-ctl.user-memcached-59687c864d-wdcgs,container_memory_working_set_bytes,2699264.0
1745322168,kashef-k8s-ctl.url-shorten-memcached-6546746864-btbq8,container_memory_working_set_bytes,2580480.0
1745322171,kashef-k8s-w1.user-timeline-redis-67cc95bc57-2zhdt,container_memory_working_set_bytes,3903488.0
1745322171,kashef-k8s-ctl.url-shorten-memcached-6546746864-btbq8,container_memory_working_set_bytes,2580480.0
1745322171,kashef-k8s-w1.temp-debug-alt,container_memory_working_set_bytes,1163264.0
1745322171,kashef-k8s-w1.media-memcached-7889bdfdfb-4hjbd,container_memory_working_set_bytes,2600960.0
1745322171,kashef-k8s-w1.home-timeline-service-5754ffbc6d-kntl9,container_memory_working_set_bytes,1937408.0
1745322171,kashef-k8s-w1.social-graph-service-677dbc655c-sg995,container_memory_working_set_bytes,2486272.0
1745322171,kashef-k8s-ctl.user-mention-service-5c4f566c5-qlj9z,container_memory_working_set_bytes,2797568.0
1745322171,kashef-k8s-w1.user-mongodb-7745bbd78-kqpbp,container_memory_working_set_bytes,60747776.0
1745322171,kashef-k8s-ctl.post-storage-memcached-6b75788fc6-5wwtc,container_memory_working_set_bytes,2576384.0
1745322171,kashef-k8s-w1.user-service-547b88cd8f-lp8p9,container_memory_working_set_bytes,2859008.0
1745322171,kashef-k8s-w1.home-timeline-redis-6c6647df6f-dv494,container_memory_working_set_bytes,4050944.0
1745322171,kashef-k8s-ctl.compose-post-service-f587bf89d-dd7kf,container_memory_working_set_bytes,2359296.0
1745322171,kashef-k8s-ctl.user-memcached-59687c864d-wdcgs,container_memory_working_set_bytes,2699264.0
1745322171,kashef-k8s-ctl.url-shorten-mongodb-57c886d5f8-jqtpp,container_memory_working_set_bytes,60379136.0
1745322171,kashef-k8s-w1.post-storage-service-66c9966f5f-n629t,container_memory_working_set_bytes,2707456.0
1745322171,kashef-k8s-ctl.media-frontend-6b66b95ff4-42hwg,container_memory_working_set_bytes,62459904.0
1745322171,kashef-k8s-ctl.post-storage-mongodb-5579669d8c-nfwpl,container_memory_working_set_bytes,60252160.0
1745322171,kashef-k8s-ctl.unique-id-service-694497b678-2p45f,container_memory_working_set_bytes,1986560.0
1745322171,kashef-k8s-ctl.user-timeline-service-664c7f6696-hz5xq,container_memory_working_set_bytes,2502656.0
1745322171,kashef-k8s-ctl.text-service-fff64b8bf-wp774,container_memory_working_set_bytes,2162688.0
1745322171,kashef-k8s-ctl.media-service-6c665c775d-m5vf4,container_memory_working_set_bytes,1974272.0
1745322171,kashef-k8s-w1.media-mongodb-7b64c59567-pm2pj,container_memory_working_set_bytes,62144512.0
1745322171,kashef-k8s-ctl.jaeger-67997f9775-8jsbw,container_memory_working_set_bytes,10117120.0
1745322171,kashef-k8s-w1.url-shorten-service-66949ddcc4-468ds,container_memory_working_set_bytes,2838528.0
1745322171,kashef-k8s-w1.nginx-thrift-79478f9bf5-5zdh4,container_memory_working_set_bytes,87785472.0
1745322171,kashef-k8s-w1.social-graph-redis-5bbd5b7458-7fcvv,container_memory_working_set_bytes,4046848.0
1745322171,kashef-k8s-w1.social-graph-mongodb-55df767ff5-wwlmr,container_memory_working_set_bytes,60416000.0
1745322171,kashef-k8s-w1.user-timeline-mongodb-6758898d48-4w2f2,container_memory_working_set_bytes,60166144.0
1745322174,kashef-k8s-w1.social-graph-redis-5bbd5b7458-7fcvv,container_memory_working_set_bytes,4046848.0
1745322174,kashef-k8s-w1.user-timeline-mongodb-6758898d48-4w2f2,container_memory_working_set_bytes,60166144.0
1745322174,kashef-k8s-w1.social-graph-mongodb-55df767ff5-wwlmr,container_memory_working_set_bytes,60416000.0
1745322174,kashef-k8s-ctl.jaeger-67997f9775-8jsbw,container_memory_working_set_bytes,10117120.0
1745322174,kashef-k8s-w1.url-shorten-service-66949ddcc4-468ds,container_memory_working_set_bytes,2838528.0
1745322174,kashef-k8s-w1.social-graph-service-677dbc655c-sg995,container_memory_working_set_bytes,2486272.0
1745322174,kashef-k8s-ctl.text-service-fff64b8bf-wp774,container_memory_working_set_bytes,2162688.0
1745322174,kashef-k8s-ctl.post-storage-memcached-6b75788fc6-5wwtc,container_memory_working_set_bytes,2576384.0
1745322174,kashef-k8s-ctl.post-storage-mongodb-5579669d8c-nfwpl,container_memory_working_set_bytes,60252160.0
1745322174,kashef-k8s-ctl.unique-id-service-694497b678-2p45f,container_memory_working_set_bytes,1986560.0
1745322174,kashef-k8s-w1.post-storage-service-66c9966f5f-n629t,container_memory_working_set_bytes,2707456.0
1745322174,kashef-k8s-ctl.media-frontend-6b66b95ff4-42hwg,container_memory_working_set_bytes,62459904.0
1745322174,kashef-k8s-ctl.media-service-6c665c775d-m5vf4,container_memory_working_set_bytes,1974272.0
1745322174,kashef-k8s-ctl.user-timeline-service-664c7f6696-hz5xq,container_memory_working_set_bytes,2502656.0
1745322174,kashef-k8s-w1.media-mongodb-7b64c59567-pm2pj,container_memory_working_set_bytes,62144512.0
1745322174,kashef-k8s-w1.media-memcached-7889bdfdfb-4hjbd,container_memory_working_set_bytes,2600960.0
1745322174,kashef-k8s-w1.user-service-547b88cd8f-lp8p9,container_memory_working_set_bytes,2859008.0
1745322174,kashef-k8s-ctl.user-memcached-59687c864d-wdcgs,container_memory_working_set_bytes,2699264.0
1745322174,kashef-k8s-w1.nginx-thrift-79478f9bf5-5zdh4,container_memory_working_set_bytes,87785472.0
1745322174,kashef-k8s-w1.home-timeline-redis-6c6647df6f-dv494,container_memory_working_set_bytes,4050944.0
1745322174,kashef-k8s-w1.user-timeline-redis-67cc95bc57-2zhdt,container_memory_working_set_bytes,4034560.0
1745322174,kashef-k8s-w1.temp-debug-alt,container_memory_working_set_bytes,1163264.0
1745322174,kashef-k8s-ctl.url-shorten-memcached-6546746864-btbq8,container_memory_working_set_bytes,2580480.0
1745322174,kashef-k8s-ctl.user-mention-service-5c4f566c5-qlj9z,container_memory_working_set_bytes,2797568.0
1745322174,kashef-k8s-ctl.url-shorten-mongodb-57c886d5f8-jqtpp,container_memory_working_set_bytes,60379136.0
1745322174,kashef-k8s-ctl.compose-post-service-f587bf89d-dd7kf,container_memory_working_set_bytes,2359296.0
1745322174,kashef-k8s-w1.home-timeline-service-5754ffbc6d-kntl9,container_memory_working_set_bytes,1937408.0
1745322174,kashef-k8s-w1.user-mongodb-7745bbd78-kqpbp,container_memory_working_set_bytes,60747776.0
1745322177,kashef-k8s-w1.url-shorten-service-66949ddcc4-468ds,container_memory_working_set_bytes,2838528.0
1745322177,kashef-k8s-ctl.post-storage-memcached-6b75788fc6-5wwtc,container_memory_working_set_bytes,2576384.0
1745322177,kashef-k8s-w1.social-graph-redis-5bbd5b7458-7fcvv,container_memory_working_set_bytes,4046848.0
1745322177,kashef-k8s-w1.user-timeline-mongodb-6758898d48-4w2f2,container_memory_working_set_bytes,60166144.0
1745322177,kashef-k8s-w1.post-storage-service-66c9966f5f-n629t,container_memory_working_set_bytes,2707456.0
1745322177,kashef-k8s-ctl.post-storage-mongodb-5579669d8c-nfwpl,container_memory_working_set_bytes,60252160.0
1745322177,kashef-k8s-w1.media-memcached-7889bdfdfb-4hjbd,container_memory_working_set_bytes,2600960.0
1745322177,kashef-k8s-ctl.unique-id-service-694497b678-2p45f,container_memory_working_set_bytes,1986560.0
1745322177,kashef-k8s-ctl.user-timeline-service-664c7f6696-hz5xq,container_memory_working_set_bytes,2502656.0
1745322177,kashef-k8s-ctl.jaeger-67997f9775-8jsbw,container_memory_working_set_bytes,10117120.0
1745322177,kashef-k8s-ctl.media-frontend-6b66b95ff4-42hwg,container_memory_working_set_bytes,62459904.0
1745322177,kashef-k8s-ctl.user-memcached-59687c864d-wdcgs,container_memory_working_set_bytes,2699264.0
1745322177,kashef-k8s-ctl.url-shorten-memcached-6546746864-btbq8,container_memory_working_set_bytes,2580480.0
1745322177,kashef-k8s-w1.user-timeline-redis-67cc95bc57-2zhdt,container_memory_working_set_bytes,4034560.0
1745322177,kashef-k8s-w1.social-graph-mongodb-55df767ff5-wwlmr,container_memory_working_set_bytes,60416000.0
1745322177,kashef-k8s-w1.media-mongodb-7b64c59567-pm2pj,container_memory_working_set_bytes,61915136.0
1745322177,kashef-k8s-w1.social-graph-service-677dbc655c-sg995,container_memory_working_set_bytes,2486272.0
1745322177,kashef-k8s-w1.home-timeline-service-5754ffbc6d-kntl9,container_memory_working_set_bytes,1937408.0
1745322177,kashef-k8s-ctl.url-shorten-mongodb-57c886d5f8-jqtpp,container_memory_working_set_bytes,60379136.0
1745322177,kashef-k8s-ctl.compose-post-service-f587bf89d-dd7kf,container_memory_working_set_bytes,2359296.0
1745322177,kashef-k8s-ctl.user-mention-service-5c4f566c5-qlj9z,container_memory_working_set_bytes,2797568.0
1745322177,kashef-k8s-ctl.text-service-fff64b8bf-wp774,container_memory_working_set_bytes,2162688.0
1745322177,kashef-k8s-w1.user-service-547b88cd8f-lp8p9,container_memory_working_set_bytes,2859008.0
1745322177,kashef-k8s-w1.user-mongodb-7745bbd78-kqpbp,container_memory_working_set_bytes,60747776.0
1745322177,kashef-k8s-ctl.media-service-6c665c775d-m5vf4,container_memory_working_set_bytes,1974272.0
1745322177,kashef-k8s-w1.nginx-thrift-79478f9bf5-5zdh4,container_memory_working_set_bytes,87785472.0
1745322177,kashef-k8s-w1.temp-debug-alt,container_memory_working_set_bytes,1163264.0
1745322177,kashef-k8s-w1.home-timeline-redis-6c6647df6f-dv494,container_memory_working_set_bytes,4050944.0
1745322180,kashef-k8s-w1.social-graph-redis-5bbd5b7458-7fcvv,container_memory_working_set_bytes,4046848.0
1745322180,kashef-k8s-ctl.user-memcached-59687c864d-wdcgs,container_memory_working_set_bytes,2699264.0
1745322180,kashef-k8s-ctl.unique-id-service-694497b678-2p45f,container_memory_working_set_bytes,1986560.0
1745322180,kashef-k8s-ctl.user-mention-service-5c4f566c5-qlj9z,container_memory_working_set_bytes,2797568.0
1745322180,kashef-k8s-w1.post-storage-service-66c9966f5f-n629t,container_memory_working_set_bytes,2707456.0
1745322180,kashef-k8s-w1.url-shorten-service-66949ddcc4-468ds,container_memory_working_set_bytes,2838528.0
1745322180,kashef-k8s-w1.user-service-547b88cd8f-lp8p9,container_memory_working_set_bytes,2859008.0
1745322180,kashef-k8s-w1.user-mongodb-7745bbd78-kqpbp,container_memory_working_set_bytes,60747776.0
1745322180,kashef-k8s-ctl.text-service-fff64b8bf-wp774,container_memory_working_set_bytes,2162688.0
1745322180,kashef-k8s-w1.media-memcached-7889bdfdfb-4hjbd,container_memory_working_set_bytes,2600960.0
1745322180,kashef-k8s-w1.social-graph-service-677dbc655c-sg995,container_memory_working_set_bytes,2486272.0
1745322180,kashef-k8s-ctl.jaeger-67997f9775-8jsbw,container_memory_working_set_bytes,10117120.0
1745322180,kashef-k8s-ctl.user-timeline-service-664c7f6696-hz5xq,container_memory_working_set_bytes,2502656.0
1745322180,kashef-k8s-ctl.post-storage-mongodb-5579669d8c-nfwpl,container_memory_working_set_bytes,60252160.0
1745322180,kashef-k8s-ctl.media-frontend-6b66b95ff4-42hwg,container_memory_working_set_bytes,62459904.0
1745322180,kashef-k8s-ctl.post-storage-memcached-6b75788fc6-5wwtc,container_memory_working_set_bytes,2576384.0
1745322180,kashef-k8s-w1.media-mongodb-7b64c59567-pm2pj,container_memory_working_set_bytes,61915136.0
1745322180,kashef-k8s-w1.home-timeline-redis-6c6647df6f-dv494,container_memory_working_set_bytes,4050944.0
1745322180,kashef-k8s-w1.nginx-thrift-79478f9bf5-5zdh4,container_memory_working_set_bytes,87785472.0
1745322180,kashef-k8s-w1.home-timeline-service-5754ffbc6d-kntl9,container_memory_working_set_bytes,1937408.0
1745322180,kashef-k8s-w1.user-timeline-redis-67cc95bc57-2zhdt,container_memory_working_set_bytes,4034560.0
1745322180,kashef-k8s-ctl.url-shorten-memcached-6546746864-btbq8,container_memory_working_set_bytes,2580480.0
1745322180,kashef-k8s-w1.social-graph-mongodb-55df767ff5-wwlmr,container_memory_working_set_bytes,60289024.0
1745322180,kashef-k8s-w1.user-timeline-mongodb-6758898d48-4w2f2,container_memory_working_set_bytes,60252160.0
1745322180,kashef-k8s-ctl.media-service-6c665c775d-m5vf4,container_memory_working_set_bytes,1974272.0
1745322180,kashef-k8s-w1.temp-debug-alt,container_memory_working_set_bytes,1163264.0
1745322180,kashef-k8s-ctl.url-shorten-mongodb-57c886d5f8-jqtpp,container_memory_working_set_bytes,60379136.0
1745322180,kashef-k8s-ctl.compose-post-service-f587bf89d-dd7kf,container_memory_working_set_bytes,2359296.0
1745322183,kashef-k8s-w1.url-shorten-service-66949ddcc4-468ds,container_memory_working_set_bytes,2838528.0
1745322183,kashef-k8s-w1.post-storage-service-66c9966f5f-n629t,container_memory_working_set_bytes,2707456.0
1745322183,kashef-k8s-ctl.unique-id-service-694497b678-2p45f,container_memory_working_set_bytes,1986560.0
1745322183,kashef-k8s-w1.user-mongodb-7745bbd78-kqpbp,container_memory_working_set_bytes,60747776.0
1745322183,kashef-k8s-w1.social-graph-service-677dbc655c-sg995,container_memory_working_set_bytes,2486272.0
1745322183,kashef-k8s-w1.media-memcached-7889bdfdfb-4hjbd,container_memory_working_set_bytes,2600960.0
1745322183,kashef-k8s-ctl.text-service-fff64b8bf-wp774,container_memory_working_set_bytes,2162688.0
1745322183,kashef-k8s-ctl.jaeger-67997f9775-8jsbw,container_memory_working_set_bytes,10117120.0
1745322183,kashef-k8s-ctl.user-timeline-service-664c7f6696-hz5xq,container_memory_working_set_bytes,2502656.0
1745322183,kashef-k8s-ctl.post-storage-memcached-6b75788fc6-5wwtc,container_memory_working_set_bytes,2576384.0
1745322183,kashef-k8s-ctl.media-frontend-6b66b95ff4-42hwg,container_memory_working_set_bytes,62459904.0
1745322183,kashef-k8s-ctl.post-storage-mongodb-5579669d8c-nfwpl,container_memory_working_set_bytes,60252160.0
1745322183,kashef-k8s-ctl.user-memcached-59687c864d-wdcgs,container_memory_working_set_bytes,2699264.0
1745322183,kashef-k8s-ctl.user-mention-service-5c4f566c5-qlj9z,container_memory_working_set_bytes,2797568.0
1745322183,kashef-k8s-ctl.url-shorten-memcached-6546746864-btbq8,container_memory_working_set_bytes,2580480.0
1745322183,kashef-k8s-w1.social-graph-redis-5bbd5b7458-7fcvv,container_memory_working_set_bytes,4046848.0
1745322183,kashef-k8s-ctl.media-service-6c665c775d-m5vf4,container_memory_working_set_bytes,1974272.0
1745322183,kashef-k8s-w1.home-timeline-redis-6c6647df6f-dv494,container_memory_working_set_bytes,4055040.0
1745322183,kashef-k8s-ctl.url-shorten-mongodb-57c886d5f8-jqtpp,container_memory_working_set_bytes,60379136.0
1745322183,kashef-k8s-w1.home-timeline-service-5754ffbc6d-kntl9,container_memory_working_set_bytes,1937408.0
1745322183,kashef-k8s-w1.nginx-thrift-79478f9bf5-5zdh4,container_memory_working_set_bytes,87785472.0
1745322183,kashef-k8s-ctl.compose-post-service-f587bf89d-dd7kf,container_memory_working_set_bytes,2359296.0
1745322183,kashef-k8s-w1.temp-debug-alt,container_memory_working_set_bytes,1163264.0
1745322183,kashef-k8s-w1.media-mongodb-7b64c59567-pm2pj,container_memory_working_set_bytes,61915136.0
1745322183,kashef-k8s-w1.user-service-547b88cd8f-lp8p9,container_memory_working_set_bytes,2859008.0
1745322183,kashef-k8s-w1.user-timeline-redis-67cc95bc57-2zhdt,container_memory_working_set_bytes,4034560.0
1745322183,kashef-k8s-w1.user-timeline-mongodb-6758898d48-4w2f2,container_memory_working_set_bytes,60252160.0
1745322183,kashef-k8s-w1.social-graph-mongodb-55df767ff5-wwlmr,container_memory_working_set_bytes,60289024.0
1745322186,kashef-k8s-w1.user-timeline-mongodb-6758898d48-4w2f2,container_memory_working_set_bytes,60252160.0
1745322186,kashef-k8s-w1.social-graph-mongodb-55df767ff5-wwlmr,container_memory_working_set_bytes,60289024.0
1745322186,kashef-k8s-w1.social-graph-redis-5bbd5b7458-7fcvv,container_memory_working_set_bytes,4046848.0
1745322186,kashef-k8s-w1.user-service-547b88cd8f-lp8p9,container_memory_working_set_bytes,2859008.0
1745322186,kashef-k8s-w1.media-mongodb-7b64c59567-pm2pj,container_memory_working_set_bytes,61915136.0
1745322186,kashef-k8s-w1.nginx-thrift-79478f9bf5-5zdh4,container_memory_working_set_bytes,87785472.0
1745322186,kashef-k8s-ctl.compose-post-service-f587bf89d-dd7kf,container_memory_working_set_bytes,2359296.0
1745322186,kashef-k8s-w1.temp-debug-alt,container_memory_working_set_bytes,1163264.0
1745322186,kashef-k8s-w1.home-timeline-redis-6c6647df6f-dv494,container_memory_working_set_bytes,4055040.0
1745322186,kashef-k8s-w1.social-graph-service-677dbc655c-sg995,container_memory_working_set_bytes,2486272.0
1745322186,kashef-k8s-ctl.user-timeline-service-664c7f6696-hz5xq,container_memory_working_set_bytes,2502656.0
1745322186,kashef-k8s-ctl.text-service-fff64b8bf-wp774,container_memory_working_set_bytes,2162688.0
1745322186,kashef-k8s-w1.home-timeline-service-5754ffbc6d-kntl9,container_memory_working_set_bytes,1937408.0
1745322186,kashef-k8s-ctl.url-shorten-mongodb-57c886d5f8-jqtpp,container_memory_working_set_bytes,60383232.0
1745322186,kashef-k8s-ctl.jaeger-67997f9775-8jsbw,container_memory_working_set_bytes,10117120.0
1745322186,kashef-k8s-ctl.media-service-6c665c775d-m5vf4,container_memory_working_set_bytes,1974272.0
1745322186,kashef-k8s-w1.media-memcached-7889bdfdfb-4hjbd,container_memory_working_set_bytes,2600960.0
1745322186,kashef-k8s-w1.post-storage-service-66c9966f5f-n629t,container_memory_working_set_bytes,2707456.0
1745322186,kashef-k8s-w1.user-mongodb-7745bbd78-kqpbp,container_memory_working_set_bytes,60747776.0
1745322186,kashef-k8s-ctl.unique-id-service-694497b678-2p45f,container_memory_working_set_bytes,1986560.0
1745322186,kashef-k8s-ctl.post-storage-memcached-6b75788fc6-5wwtc,container_memory_working_set_bytes,2576384.0
1745322186,kashef-k8s-ctl.user-memcached-59687c864d-wdcgs,container_memory_working_set_bytes,2699264.0
1745322186,kashef-k8s-w1.user-timeline-redis-67cc95bc57-2zhdt,container_memory_working_set_bytes,4034560.0
1745322186,kashef-k8s-ctl.url-shorten-memcached-6546746864-btbq8,container_memory_working_set_bytes,2580480.0
1745322186,kashef-k8s-ctl.user-mention-service-5c4f566c5-qlj9z,container_memory_working_set_bytes,2797568.0
1745322186,kashef-k8s-ctl.post-storage-mongodb-5579669d8c-nfwpl,container_memory_working_set_bytes,60252160.0
1745322186,kashef-k8s-w1.url-shorten-service-66949ddcc4-468ds,container_memory_working_set_bytes,2838528.0
1745322186,kashef-k8s-ctl.media-frontend-6b66b95ff4-42hwg,container_memory_working_set_bytes,62459904.0
1745322189,kashef-k8s-w1.user-timeline-mongodb-6758898d48-4w2f2,container_memory_working_set_bytes,60252160.0
1745322189,kashef-k8s-w1.media-mongodb-7b64c59567-pm2pj,container_memory_working_set_bytes,61915136.0
1745322189,kashef-k8s-ctl.compose-post-service-f587bf89d-dd7kf,container_memory_working_set_bytes,2359296.0
1745322189,kashef-k8s-w1.nginx-thrift-79478f9bf5-5zdh4,container_memory_working_set_bytes,87785472.0
1745322189,kashef-k8s-w1.post-storage-service-66c9966f5f-n629t,container_memory_working_set_bytes,2707456.0
1745322189,kashef-k8s-ctl.media-service-6c665c775d-m5vf4,container_memory_working_set_bytes,1974272.0
1745322189,kashef-k8s-ctl.user-timeline-service-664c7f6696-hz5xq,container_memory_working_set_bytes,2502656.0
1745322189,kashef-k8s-w1.media-memcached-7889bdfdfb-4hjbd,container_memory_working_set_bytes,2600960.0
1745322189,kashef-k8s-ctl.jaeger-67997f9775-8jsbw,container_memory_working_set_bytes,10117120.0
1745322189,kashef-k8s-w1.home-timeline-redis-6c6647df6f-dv494,container_memory_working_set_bytes,4055040.0
1745322189,kashef-k8s-w1.home-timeline-service-5754ffbc6d-kntl9,container_memory_working_set_bytes,1937408.0
1745322189,kashef-k8s-ctl.url-shorten-mongodb-57c886d5f8-jqtpp,container_memory_working_set_bytes,60383232.0
1745322189,kashef-k8s-w1.social-graph-redis-5bbd5b7458-7fcvv,container_memory_working_set_bytes,4046848.0
1745322189,kashef-k8s-w1.user-timeline-redis-67cc95bc57-2zhdt,container_memory_working_set_bytes,4034560.0
1745322189,kashef-k8s-ctl.user-memcached-59687c864d-wdcgs,container_memory_working_set_bytes,2699264.0
1745322189,kashef-k8s-ctl.post-storage-mongodb-5579669d8c-nfwpl,container_memory_working_set_bytes,60252160.0
1745322189,kashef-k8s-w1.user-service-547b88cd8f-lp8p9,container_memory_working_set_bytes,2859008.0
1745322189,kashef-k8s-w1.url-shorten-service-66949ddcc4-468ds,container_memory_working_set_bytes,2838528.0
1745322189,kashef-k8s-ctl.media-frontend-6b66b95ff4-42hwg,container_memory_working_set_bytes,62459904.0
1745322189,kashef-k8s-ctl.text-service-fff64b8bf-wp774,container_memory_working_set_bytes,2162688.0
1745322189,kashef-k8s-w1.user-mongodb-7745bbd78-kqpbp,container_memory_working_set_bytes,60747776.0
1745322189,kashef-k8s-ctl.unique-id-service-694497b678-2p45f,container_memory_working_set_bytes,1986560.0
1745322189,kashef-k8s-w1.temp-debug-alt,container_memory_working_set_bytes,1163264.0
1745322189,kashef-k8s-ctl.post-storage-memcached-6b75788fc6-5wwtc,container_memory_working_set_bytes,2576384.0
1745322189,kashef-k8s-w1.social-graph-service-677dbc655c-sg995,container_memory_working_set_bytes,2486272.0
1745322189,kashef-k8s-ctl.user-mention-service-5c4f566c5-qlj9z,container_memory_working_set_bytes,2797568.0
1745322189,kashef-k8s-ctl.url-shorten-memcached-6546746864-btbq8,container_memory_working_set_bytes,2580480.0
1745322189,kashef-k8s-w1.social-graph-mongodb-55df767ff5-wwlmr,container_memory_working_set_bytes,60289024.0
1745322192,kashef-k8s-w1.user-timeline-mongodb-6758898d48-4w2f2,container_memory_working_set_bytes,60252160.0
1745322192,kashef-k8s-ctl.url-shorten-memcached-6546746864-btbq8,container_memory_working_set_bytes,2580480.0
1745322192,kashef-k8s-w1.user-timeline-redis-67cc95bc57-2zhdt,container_memory_working_set_bytes,4034560.0
1745322192,kashef-k8s-w1.post-storage-service-66c9966f5f-n629t,container_memory_working_set_bytes,2707456.0
1745322192,kashef-k8s-w1.user-service-547b88cd8f-lp8p9,container_memory_working_set_bytes,2859008.0
1745322192,kashef-k8s-w1.social-graph-redis-5bbd5b7458-7fcvv,container_memory_working_set_bytes,4046848.0
1745322192,kashef-k8s-ctl.text-service-fff64b8bf-wp774,container_memory_working_set_bytes,2162688.0
1745322192,kashef-k8s-w1.social-graph-service-677dbc655c-sg995,container_memory_working_set_bytes,2486272.0
1745322192,kashef-k8s-ctl.user-memcached-59687c864d-wdcgs,container_memory_working_set_bytes,2699264.0
1745322192,kashef-k8s-w1.url-shorten-service-66949ddcc4-468ds,container_memory_working_set_bytes,2838528.0
1745322192,kashef-k8s-ctl.post-storage-memcached-6b75788fc6-5wwtc,container_memory_working_set_bytes,2576384.0
1745322192,kashef-k8s-w1.user-mongodb-7745bbd78-kqpbp,container_memory_working_set_bytes,60747776.0
1745322192,kashef-k8s-w1.home-timeline-service-5754ffbc6d-kntl9,container_memory_working_set_bytes,1937408.0
1745322192,kashef-k8s-ctl.user-mention-service-5c4f566c5-qlj9z,container_memory_working_set_bytes,2797568.0
1745322192,kashef-k8s-ctl.jaeger-67997f9775-8jsbw,container_memory_working_set_bytes,10117120.0
1745322192,kashef-k8s-ctl.user-timeline-service-664c7f6696-hz5xq,container_memory_working_set_bytes,2502656.0
1745322192,kashef-k8s-ctl.media-service-6c665c775d-m5vf4,container_memory_working_set_bytes,1974272.0
1745322192,kashef-k8s-ctl.unique-id-service-694497b678-2p45f,container_memory_working_set_bytes,1986560.0
1745322192,kashef-k8s-ctl.compose-post-service-f587bf89d-dd7kf,container_memory_working_set_bytes,2359296.0
1745322192,kashef-k8s-ctl.url-shorten-mongodb-57c886d5f8-jqtpp,container_memory_working_set_bytes,60383232.0
1745322192,kashef-k8s-ctl.media-frontend-6b66b95ff4-42hwg,container_memory_working_set_bytes,62459904.0
1745322192,kashef-k8s-w1.media-memcached-7889bdfdfb-4hjbd,container_memory_working_set_bytes,2600960.0
1745322192,kashef-k8s-w1.home-timeline-redis-6c6647df6f-dv494,container_memory_working_set_bytes,4055040.0
1745322192,kashef-k8s-w1.media-mongodb-7b64c59567-pm2pj,container_memory_working_set_bytes,61915136.0
1745322192,kashef-k8s-w1.nginx-thrift-79478f9bf5-5zdh4,container_memory_working_set_bytes,87785472.0
1745322192,kashef-k8s-w1.temp-debug-alt,container_memory_working_set_bytes,1163264.0
1745322192,kashef-k8s-ctl.post-storage-mongodb-5579669d8c-nfwpl,container_memory_working_set_bytes,60276736.0
1745322192,kashef-k8s-w1.social-graph-mongodb-55df767ff5-wwlmr,container_memory_working_set_bytes,60289024.0
1745322195,kashef-k8s-w1.temp-debug-alt,container_memory_working_set_bytes,1163264.0
1745322195,kashef-k8s-w1.user-timeline-mongodb-6758898d48-4w2f2,container_memory_working_set_bytes,60252160.0
1745322195,kashef-k8s-ctl.post-storage-mongodb-5579669d8c-nfwpl,container_memory_working_set_bytes,60276736.0
1745322195,kashef-k8s-w1.nginx-thrift-79478f9bf5-5zdh4,container_memory_working_set_bytes,87785472.0
1745322195,kashef-k8s-w1.post-storage-service-66c9966f5f-n629t,container_memory_working_set_bytes,2707456.0
1745322195,kashef-k8s-ctl.url-shorten-memcached-6546746864-btbq8,container_memory_working_set_bytes,2580480.0
1745322195,kashef-k8s-w1.social-graph-redis-5bbd5b7458-7fcvv,container_memory_working_set_bytes,4046848.0
1745322195,kashef-k8s-w1.user-service-547b88cd8f-lp8p9,container_memory_working_set_bytes,2859008.0
1745322195,kashef-k8s-w1.home-timeline-redis-6c6647df6f-dv494,container_memory_working_set_bytes,4055040.0
1745322195,kashef-k8s-ctl.user-memcached-59687c864d-wdcgs,container_memory_working_set_bytes,2699264.0
1745322195,kashef-k8s-ctl.text-service-fff64b8bf-wp774,container_memory_working_set_bytes,2162688.0
1745322195,kashef-k8s-w1.url-shorten-service-66949ddcc4-468ds,container_memory_working_set_bytes,2838528.0
1745322195,kashef-k8s-ctl.unique-id-service-694497b678-2p45f,container_memory_working_set_bytes,1986560.0
1745322195,kashef-k8s-ctl.post-storage-memcached-6b75788fc6-5wwtc,container_memory_working_set_bytes,2576384.0
1745322195,kashef-k8s-w1.social-graph-service-677dbc655c-sg995,container_memory_working_set_bytes,2486272.0
1745322195,kashef-k8s-ctl.user-mention-service-5c4f566c5-qlj9z,container_memory_working_set_bytes,2797568.0
1745322195,kashef-k8s-w1.user-mongodb-7745bbd78-kqpbp,container_memory_working_set_bytes,60747776.0
1745322195,kashef-k8s-w1.media-mongodb-7b64c59567-pm2pj,container_memory_working_set_bytes,61915136.0
1745322195,kashef-k8s-ctl.media-frontend-6b66b95ff4-42hwg,container_memory_working_set_bytes,62459904.0
1745322195,kashef-k8s-w1.media-memcached-7889bdfdfb-4hjbd,container_memory_working_set_bytes,2600960.0
1745322195,kashef-k8s-ctl.user-timeline-service-664c7f6696-hz5xq,container_memory_working_set_bytes,2502656.0
1745322195,kashef-k8s-w1.home-timeline-service-5754ffbc6d-kntl9,container_memory_working_set_bytes,1937408.0
1745322195,kashef-k8s-ctl.media-service-6c665c775d-m5vf4,container_memory_working_set_bytes,1974272.0
1745322195,kashef-k8s-ctl.jaeger-67997f9775-8jsbw,container_memory_working_set_bytes,10117120.0
1745322195,kashef-k8s-ctl.compose-post-service-f587bf89d-dd7kf,container_memory_working_set_bytes,2359296.0
1745322195,kashef-k8s-ctl.url-shorten-mongodb-57c886d5f8-jqtpp,container_memory_working_set_bytes,60383232.0
1745322195,kashef-k8s-w1.social-graph-mongodb-55df767ff5-wwlmr,container_memory_working_set_bytes,60289024.0
1745322195,kashef-k8s-w1.user-timeline-redis-67cc95bc57-2zhdt,container_memory_working_set_bytes,4034560.0
1745322198,kashef-k8s-w1.user-timeline-mongodb-6758898d48-4w2f2,container_memory_working_set_bytes,60252160.0
1745322198,kashef-k8s-w1.url-shorten-service-66949ddcc4-468ds,container_memory_working_set_bytes,2838528.0
1745322198,kashef-k8s-ctl.compose-post-service-f587bf89d-dd7kf,container_memory_working_set_bytes,2359296.0
1745322198,kashef-k8s-ctl.text-service-fff64b8bf-wp774,container_memory_working_set_bytes,2162688.0
1745322198,kashef-k8s-w1.social-graph-redis-5bbd5b7458-7fcvv,container_memory_working_set_bytes,4046848.0
1745322198,kashef-k8s-w1.user-service-547b88cd8f-lp8p9,container_memory_working_set_bytes,2859008.0
1745322198,kashef-k8s-ctl.user-memcached-59687c864d-wdcgs,container_memory_working_set_bytes,2699264.0
1745322198,kashef-k8s-w1.nginx-thrift-79478f9bf5-5zdh4,container_memory_working_set_bytes,87785472.0
1745322198,kashef-k8s-w1.home-timeline-redis-6c6647df6f-dv494,container_memory_working_set_bytes,4055040.0
1745322198,kashef-k8s-ctl.jaeger-67997f9775-8jsbw,container_memory_working_set_bytes,10117120.0
1745322198,kashef-k8s-ctl.post-storage-memcached-6b75788fc6-5wwtc,container_memory_working_set_bytes,2576384.0
1745322198,kashef-k8s-w1.social-graph-service-677dbc655c-sg995,container_memory_working_set_bytes,2486272.0
1745322198,kashef-k8s-w1.media-mongodb-7b64c59567-pm2pj,container_memory_working_set_bytes,61915136.0
1745322198,kashef-k8s-ctl.media-frontend-6b66b95ff4-42hwg,container_memory_working_set_bytes,62459904.0
1745322198,kashef-k8s-w1.media-memcached-7889bdfdfb-4hjbd,container_memory_working_set_bytes,2600960.0
1745322198,kashef-k8s-w1.user-mongodb-7745bbd78-kqpbp,container_memory_working_set_bytes,60747776.0
1745322198,kashef-k8s-ctl.url-shorten-mongodb-57c886d5f8-jqtpp,container_memory_working_set_bytes,60383232.0
1745322198,kashef-k8s-ctl.unique-id-service-694497b678-2p45f,container_memory_working_set_bytes,1986560.0
1745322198,kashef-k8s-w1.home-timeline-service-5754ffbc6d-kntl9,container_memory_working_set_bytes,1937408.0
1745322198,kashef-k8s-ctl.media-service-6c665c775d-m5vf4,container_memory_working_set_bytes,1974272.0
1745322198,kashef-k8s-ctl.user-timeline-service-664c7f6696-hz5xq,container_memory_working_set_bytes,2502656.0
1745322198,kashef-k8s-ctl.user-mention-service-5c4f566c5-qlj9z,container_memory_working_set_bytes,2797568.0
1745322198,kashef-k8s-w1.social-graph-mongodb-55df767ff5-wwlmr,container_memory_working_set_bytes,60289024.0
1745322198,kashef-k8s-ctl.url-shorten-memcached-6546746864-btbq8,container_memory_working_set_bytes,2580480.0
1745322198,kashef-k8s-w1.user-timeline-redis-67cc95bc57-2zhdt,container_memory_working_set_bytes,4034560.0
1745322198,kashef-k8s-w1.post-storage-service-66c9966f5f-n629t,container_memory_working_set_bytes,2707456.0
1745322198,kashef-k8s-ctl.post-storage-mongodb-5579669d8c-nfwpl,container_memory_working_set_bytes,60276736.0
1745322198,kashef-k8s-w1.temp-debug-alt,container_memory_working_set_bytes,1163264.0
1745322201,kashef-k8s-ctl.post-storage-mongodb-5579669d8c-nfwpl,container_memory_working_set_bytes,60276736.0
1745322201,kashef-k8s-w1.post-storage-service-66c9966f5f-n629t,container_memory_working_set_bytes,2707456.0
1745322201,kashef-k8s-w1.user-timeline-mongodb-6758898d48-4w2f2,container_memory_working_set_bytes,60252160.0
1745322201,kashef-k8s-w1.social-graph-mongodb-55df767ff5-wwlmr,container_memory_working_set_bytes,60289024.0
1745322201,kashef-k8s-ctl.user-mention-service-5c4f566c5-qlj9z,container_memory_working_set_bytes,2797568.0
1745322201,kashef-k8s-ctl.user-timeline-service-664c7f6696-hz5xq,container_memory_working_set_bytes,2502656.0
1745322201,kashef-k8s-ctl.media-service-6c665c775d-m5vf4,container_memory_working_set_bytes,1974272.0
1745322201,kashef-k8s-w1.user-timeline-redis-67cc95bc57-2zhdt,container_memory_working_set_bytes,4034560.0
1745322201,kashef-k8s-ctl.media-frontend-6b66b95ff4-42hwg,container_memory_working_set_bytes,62459904.0
1745322201,kashef-k8s-w1.social-graph-service-677dbc655c-sg995,container_memory_working_set_bytes,2486272.0
1745322201,kashef-k8s-ctl.compose-post-service-f587bf89d-dd7kf,container_memory_working_set_bytes,2359296.0
1745322201,kashef-k8s-ctl.post-storage-memcached-6b75788fc6-5wwtc,container_memory_working_set_bytes,2576384.0
1745322201,kashef-k8s-w1.social-graph-redis-5bbd5b7458-7fcvv,container_memory_working_set_bytes,4046848.0
1745322201,kashef-k8s-w1.user-mongodb-7745bbd78-kqpbp,container_memory_working_set_bytes,60747776.0
1745322201,kashef-k8s-ctl.unique-id-service-694497b678-2p45f,container_memory_working_set_bytes,1986560.0
1745322201,kashef-k8s-ctl.url-shorten-mongodb-57c886d5f8-jqtpp,container_memory_working_set_bytes,60383232.0
1745322201,kashef-k8s-w1.nginx-thrift-79478f9bf5-5zdh4,container_memory_working_set_bytes,87785472.0
1745322201,kashef-k8s-w1.home-timeline-redis-6c6647df6f-dv494,container_memory_working_set_bytes,4055040.0
1745322201,kashef-k8s-ctl.text-service-fff64b8bf-wp774,container_memory_working_set_bytes,2162688.0
1745322201,kashef-k8s-w1.home-timeline-service-5754ffbc6d-kntl9,container_memory_working_set_bytes,1937408.0
1745322201,kashef-k8s-ctl.url-shorten-memcached-6546746864-btbq8,container_memory_working_set_bytes,2580480.0
1745322201,kashef-k8s-w1.url-shorten-service-66949ddcc4-468ds,container_memory_working_set_bytes,2838528.0
1745322201,kashef-k8s-w1.media-memcached-7889bdfdfb-4hjbd,container_memory_working_set_bytes,2600960.0
1745322201,kashef-k8s-w1.user-service-547b88cd8f-lp8p9,container_memory_working_set_bytes,2859008.0
1745322201,kashef-k8s-ctl.user-memcached-59687c864d-wdcgs,container_memory_working_set_bytes,2699264.0
1745322201,kashef-k8s-w1.temp-debug-alt,container_memory_working_set_bytes,1163264.0
1745322201,kashef-k8s-ctl.jaeger-67997f9775-8jsbw,container_memory_working_set_bytes,10117120.0
1745322201,kashef-k8s-w1.media-mongodb-7b64c59567-pm2pj,container_memory_working_set_bytes,61915136.0
1745322204,kashef-k8s-w1.media-memcached-7889bdfdfb-4hjbd,container_memory_working_set_bytes,2600960.0
1745322204,kashef-k8s-ctl.user-mention-service-5c4f566c5-qlj9z,container_memory_working_set_bytes,2797568.0
1745322204,kashef-k8s-ctl.user-timeline-service-664c7f6696-hz5xq,container_memory_working_set_bytes,2502656.0
1745322204,kashef-k8s-w1.user-timeline-mongodb-6758898d48-4w2f2,container_memory_working_set_bytes,60252160.0
1745322204,kashef-k8s-ctl.compose-post-service-f587bf89d-dd7kf,container_memory_working_set_bytes,2359296.0
1745322204,kashef-k8s-ctl.user-memcached-59687c864d-wdcgs,container_memory_working_set_bytes,2699264.0
1745322204,kashef-k8s-w1.social-graph-service-677dbc655c-sg995,container_memory_working_set_bytes,2486272.0
1745322204,kashef-k8s-w1.social-graph-redis-5bbd5b7458-7fcvv,container_memory_working_set_bytes,4046848.0
1745322204,kashef-k8s-w1.url-shorten-service-66949ddcc4-468ds,container_memory_working_set_bytes,2838528.0
1745322204,kashef-k8s-ctl.unique-id-service-694497b678-2p45f,container_memory_working_set_bytes,1986560.0
1745322204,kashef-k8s-ctl.post-storage-memcached-6b75788fc6-5wwtc,container_memory_working_set_bytes,2576384.0
1745322204,kashef-k8s-ctl.media-service-6c665c775d-m5vf4,container_memory_working_set_bytes,1974272.0
1745322204,kashef-k8s-ctl.media-frontend-6b66b95ff4-42hwg,container_memory_working_set_bytes,62459904.0
1745322204,kashef-k8s-ctl.post-storage-mongodb-5579669d8c-nfwpl,container_memory_working_set_bytes,60276736.0
1745322204,kashef-k8s-w1.post-storage-service-66c9966f5f-n629t,container_memory_working_set_bytes,2707456.0
1745322204,kashef-k8s-w1.user-service-547b88cd8f-lp8p9,container_memory_working_set_bytes,2859008.0
1745322204,kashef-k8s-ctl.text-service-fff64b8bf-wp774,container_memory_working_set_bytes,2162688.0
1745322204,kashef-k8s-ctl.jaeger-67997f9775-8jsbw,container_memory_working_set_bytes,10108928.0
1745322204,kashef-k8s-w1.user-mongodb-7745bbd78-kqpbp,container_memory_working_set_bytes,60747776.0
1745322204,kashef-k8s-ctl.url-shorten-mongodb-57c886d5f8-jqtpp,container_memory_working_set_bytes,60383232.0
1745322204,kashef-k8s-w1.user-timeline-redis-67cc95bc57-2zhdt,container_memory_working_set_bytes,4034560.0
1745322204,kashef-k8s-w1.home-timeline-redis-6c6647df6f-dv494,container_memory_working_set_bytes,4055040.0
1745322204,kashef-k8s-w1.nginx-thrift-79478f9bf5-5zdh4,container_memory_working_set_bytes,87785472.0
1745322204,kashef-k8s-w1.temp-debug-alt,container_memory_working_set_bytes,1163264.0
1745322204,kashef-k8s-ctl.url-shorten-memcached-6546746864-btbq8,container_memory_working_set_bytes,2580480.0
1745322204,kashef-k8s-w1.media-mongodb-7b64c59567-pm2pj,container_memory_working_set_bytes,61915136.0
1745322204,kashef-k8s-w1.home-timeline-service-5754ffbc6d-kntl9,container_memory_working_set_bytes,1937408.0
1745322204,kashef-k8s-w1.social-graph-mongodb-55df767ff5-wwlmr,container_memory_working_set_bytes,60289024.0
1745322207,kashef-k8s-w1.user-mongodb-7745bbd78-kqpbp,container_memory_working_set_bytes,60518400.0
1745322207,kashef-k8s-ctl.media-service-6c665c775d-m5vf4,container_memory_working_set_bytes,1974272.0
1745322207,kashef-k8s-ctl.url-shorten-mongodb-57c886d5f8-jqtpp,container_memory_working_set_bytes,60383232.0
1745322207,kashef-k8s-ctl.user-mention-service-5c4f566c5-qlj9z,container_memory_working_set_bytes,2797568.0
1745322207,kashef-k8s-ctl.compose-post-service-f587bf89d-dd7kf,container_memory_working_set_bytes,2359296.0
1745322207,kashef-k8s-w1.social-graph-service-677dbc655c-sg995,container_memory_working_set_bytes,2486272.0
1745322207,kashef-k8s-w1.home-timeline-redis-6c6647df6f-dv494,container_memory_working_set_bytes,4055040.0
1745322207,kashef-k8s-ctl.user-timeline-service-664c7f6696-hz5xq,container_memory_working_set_bytes,2502656.0
1745322207,kashef-k8s-w1.url-shorten-service-66949ddcc4-468ds,container_memory_working_set_bytes,2838528.0
1745322207,kashef-k8s-ctl.text-service-fff64b8bf-wp774,container_memory_working_set_bytes,2162688.0
1745322207,kashef-k8s-ctl.post-storage-memcached-6b75788fc6-5wwtc,container_memory_working_set_bytes,2576384.0
1745322207,kashef-k8s-ctl.jaeger-67997f9775-8jsbw,container_memory_working_set_bytes,10108928.0
1745322207,kashef-k8s-w1.user-timeline-mongodb-6758898d48-4w2f2,container_memory_working_set_bytes,60252160.0
1745322207,kashef-k8s-ctl.post-storage-mongodb-5579669d8c-nfwpl,container_memory_working_set_bytes,60276736.0
1745322207,kashef-k8s-w1.user-service-547b88cd8f-lp8p9,container_memory_working_set_bytes,2859008.0
1745322207,kashef-k8s-w1.temp-debug-alt,container_memory_working_set_bytes,1163264.0
1745322207,kashef-k8s-w1.media-memcached-7889bdfdfb-4hjbd,container_memory_working_set_bytes,2600960.0
1745322207,kashef-k8s-ctl.user-memcached-59687c864d-wdcgs,container_memory_working_set_bytes,2699264.0
1745322207,kashef-k8s-w1.media-mongodb-7b64c59567-pm2pj,container_memory_working_set_bytes,61915136.0
1745322207,kashef-k8s-w1.social-graph-redis-5bbd5b7458-7fcvv,container_memory_working_set_bytes,4046848.0
1745322207,kashef-k8s-w1.post-storage-service-66c9966f5f-n629t,container_memory_working_set_bytes,2707456.0
1745322207,kashef-k8s-w1.home-timeline-service-5754ffbc6d-kntl9,container_memory_working_set_bytes,1937408.0
1745322207,kashef-k8s-ctl.url-shorten-memcached-6546746864-btbq8,container_memory_working_set_bytes,2580480.0
1745322207,kashef-k8s-w1.user-timeline-redis-67cc95bc57-2zhdt,container_memory_working_set_bytes,4034560.0
1745322207,kashef-k8s-w1.nginx-thrift-79478f9bf5-5zdh4,container_memory_working_set_bytes,87785472.0
1745322207,kashef-k8s-w1.social-graph-mongodb-55df767ff5-wwlmr,container_memory_working_set_bytes,60289024.0
1745322207,kashef-k8s-ctl.unique-id-service-694497b678-2p45f,container_memory_working_set_bytes,1986560.0
1745322207,kashef-k8s-ctl.media-frontend-6b66b95ff4-42hwg,container_memory_working_set_bytes,62459904.0
1745322210,kashef-k8s-ctl.unique-id-service-694497b678-2p45f,container_memory_working_set_bytes,1986560.0
1745322210,kashef-k8s-ctl.media-frontend-6b66b95ff4-42hwg,container_memory_working_set_bytes,62459904.0
1745322210,kashef-k8s-ctl.url-shorten-memcached-6546746864-btbq8,container_memory_working_set_bytes,2580480.0
1745322210,kashef-k8s-w1.user-timeline-redis-67cc95bc57-2zhdt,container_memory_working_set_bytes,4034560.0
1745322210,kashef-k8s-w1.nginx-thrift-79478f9bf5-5zdh4,container_memory_working_set_bytes,87785472.0
1745322210,kashef-k8s-w1.user-service-547b88cd8f-lp8p9,container_memory_working_set_bytes,2859008.0
1745322210,kashef-k8s-ctl.post-storage-memcached-6b75788fc6-5wwtc,container_memory_working_set_bytes,2576384.0
1745322210,kashef-k8s-w1.social-graph-redis-5bbd5b7458-7fcvv,container_memory_working_set_bytes,4046848.0
1745322210,kashef-k8s-w1.post-storage-service-66c9966f5f-n629t,container_memory_working_set_bytes,2707456.0
1745322210,kashef-k8s-ctl.post-storage-mongodb-5579669d8c-nfwpl,container_memory_working_set_bytes,60276736.0
1745322210,kashef-k8s-w1.user-timeline-mongodb-6758898d48-4w2f2,container_memory_working_set_bytes,60395520.0
1745322210,kashef-k8s-ctl.user-timeline-service-664c7f6696-hz5xq,container_memory_working_set_bytes,2502656.0
1745322210,kashef-k8s-w1.media-memcached-7889bdfdfb-4hjbd,container_memory_working_set_bytes,2600960.0
1745322210,kashef-k8s-ctl.jaeger-67997f9775-8jsbw,container_memory_working_set_bytes,10108928.0
1745322210,kashef-k8s-w1.media-mongodb-7b64c59567-pm2pj,container_memory_working_set_bytes,61923328.0
1745322210,kashef-k8s-ctl.user-memcached-59687c864d-wdcgs,container_memory_working_set_bytes,2699264.0
1745322210,kashef-k8s-w1.temp-debug-alt,container_memory_working_set_bytes,1163264.0
1745322210,kashef-k8s-ctl.user-mention-service-5c4f566c5-qlj9z,container_memory_working_set_bytes,2797568.0
1745322210,kashef-k8s-w1.social-graph-mongodb-55df767ff5-wwlmr,container_memory_working_set_bytes,60358656.0
1745322210,kashef-k8s-ctl.compose-post-service-f587bf89d-dd7kf,container_memory_working_set_bytes,2359296.0
1745322210,kashef-k8s-w1.social-graph-service-677dbc655c-sg995,container_memory_working_set_bytes,2486272.0
1745322210,kashef-k8s-w1.user-mongodb-7745bbd78-kqpbp,container_memory_working_set_bytes,60518400.0
1745322210,kashef-k8s-w1.home-timeline-service-5754ffbc6d-kntl9,container_memory_working_set_bytes,1937408.0
1745322210,kashef-k8s-ctl.media-service-6c665c775d-m5vf4,container_memory_working_set_bytes,1974272.0
1745322210,kashef-k8s-ctl.url-shorten-mongodb-57c886d5f8-jqtpp,container_memory_working_set_bytes,60383232.0
1745322210,kashef-k8s-w1.home-timeline-redis-6c6647df6f-dv494,container_memory_working_set_bytes,4050944.0
1745322210,kashef-k8s-ctl.text-service-fff64b8bf-wp774,container_memory_working_set_bytes,2162688.0
1745322210,kashef-k8s-w1.url-shorten-service-66949ddcc4-468ds,container_memory_working_set_bytes,2838528.0
1745322213,kashef-k8s-ctl.media-frontend-6b66b95ff4-42hwg,container_memory_working_set_bytes,62459904.0
1745322213,kashef-k8s-w1.post-storage-service-66c9966f5f-n629t,container_memory_working_set_bytes,2707456.0
1745322213,kashef-k8s-w1.media-mongodb-7b64c59567-pm2pj,container_memory_working_set_bytes,61923328.0
1745322213,kashef-k8s-w1.nginx-thrift-79478f9bf5-5zdh4,container_memory_working_set_bytes,87785472.0
1745322213,kashef-k8s-ctl.user-timeline-service-664c7f6696-hz5xq,container_memory_working_set_bytes,2502656.0
1745322213,kashef-k8s-ctl.post-storage-mongodb-5579669d8c-nfwpl,container_memory_working_set_bytes,60276736.0
1745322213,kashef-k8s-w1.user-timeline-mongodb-6758898d48-4w2f2,container_memory_working_set_bytes,60395520.0
1745322213,kashef-k8s-ctl.post-storage-memcached-6b75788fc6-5wwtc,container_memory_working_set_bytes,2576384.0
1745322213,kashef-k8s-w1.temp-debug-alt,container_memory_working_set_bytes,1163264.0
1745322213,kashef-k8s-w1.user-service-547b88cd8f-lp8p9,container_memory_working_set_bytes,2859008.0
1745322213,kashef-k8s-ctl.user-memcached-59687c864d-wdcgs,container_memory_working_set_bytes,2699264.0
1745322213,kashef-k8s-ctl.jaeger-67997f9775-8jsbw,container_memory_working_set_bytes,10108928.0
1745322213,kashef-k8s-w1.social-graph-redis-5bbd5b7458-7fcvv,container_memory_working_set_bytes,4050944.0
1745322213,kashef-k8s-w1.user-timeline-redis-67cc95bc57-2zhdt,container_memory_working_set_bytes,4034560.0
1745322213,kashef-k8s-ctl.unique-id-service-694497b678-2p45f,container_memory_working_set_bytes,1986560.0
1745322213,kashef-k8s-w1.home-timeline-redis-6c6647df6f-dv494,container_memory_working_set_bytes,4050944.0
1745322213,kashef-k8s-ctl.url-shorten-mongodb-57c886d5f8-jqtpp,container_memory_working_set_bytes,60383232.0
1745322213,kashef-k8s-w1.social-graph-service-677dbc655c-sg995,container_memory_working_set_bytes,2486272.0
1745322213,kashef-k8s-w1.media-memcached-7889bdfdfb-4hjbd,container_memory_working_set_bytes,2600960.0
1745322213,kashef-k8s-ctl.text-service-fff64b8bf-wp774,container_memory_working_set_bytes,2162688.0
1745322213,kashef-k8s-w1.url-shorten-service-66949ddcc4-468ds,container_memory_working_set_bytes,2838528.0
1745322213,kashef-k8s-ctl.compose-post-service-f587bf89d-dd7kf,container_memory_working_set_bytes,2359296.0
1745322213,kashef-k8s-ctl.user-mention-service-5c4f566c5-qlj9z,container_memory_working_set_bytes,2797568.0
1745322213,kashef-k8s-w1.user-mongodb-7745bbd78-kqpbp,container_memory_working_set_bytes,60518400.0
1745322213,kashef-k8s-ctl.media-service-6c665c775d-m5vf4,container_memory_working_set_bytes,1974272.0
1745322213,kashef-k8s-w1.home-timeline-service-5754ffbc6d-kntl9,container_memory_working_set_bytes,1937408.0
1745322213,kashef-k8s-w1.social-graph-mongodb-55df767ff5-wwlmr,container_memory_working_set_bytes,60358656.0
1745322213,kashef-k8s-ctl.url-shorten-memcached-6546746864-btbq8,container_memory_working_set_bytes,2580480.0
1745322216,kashef-k8s-ctl.url-shorten-memcached-6546746864-btbq8,container_memory_working_set_bytes,2580480.0
1745322216,kashef-k8s-w1.url-shorten-service-66949ddcc4-468ds,container_memory_working_set_bytes,2838528.0
1745322216,kashef-k8s-w1.user-mongodb-7745bbd78-kqpbp,container_memory_working_set_bytes,60518400.0
1745322216,kashef-k8s-ctl.media-service-6c665c775d-m5vf4,container_memory_working_set_bytes,1974272.0
1745322216,kashef-k8s-w1.media-memcached-7889bdfdfb-4hjbd,container_memory_working_set_bytes,2600960.0
1745322216,kashef-k8s-ctl.user-mention-service-5c4f566c5-qlj9z,container_memory_working_set_bytes,2797568.0
1745322216,kashef-k8s-ctl.media-frontend-6b66b95ff4-42hwg,container_memory_working_set_bytes,62459904.0
1745322216,kashef-k8s-ctl.unique-id-service-694497b678-2p45f,container_memory_working_set_bytes,1986560.0
1745322216,kashef-k8s-ctl.compose-post-service-f587bf89d-dd7kf,container_memory_working_set_bytes,2359296.0
1745322216,kashef-k8s-w1.home-timeline-redis-6c6647df6f-dv494,container_memory_working_set_bytes,4050944.0
1745322216,kashef-k8s-w1.post-storage-service-66c9966f5f-n629t,container_memory_working_set_bytes,2707456.0
1745322216,kashef-k8s-ctl.url-shorten-mongodb-57c886d5f8-jqtpp,container_memory_working_set_bytes,60383232.0
1745322216,kashef-k8s-w1.social-graph-redis-5bbd5b7458-7fcvv,container_memory_working_set_bytes,4050944.0
1745322216,kashef-k8s-ctl.post-storage-memcached-6b75788fc6-5wwtc,container_memory_working_set_bytes,2576384.0
1745322216,kashef-k8s-w1.social-graph-service-677dbc655c-sg995,container_memory_working_set_bytes,2486272.0
1745322216,kashef-k8s-w1.media-mongodb-7b64c59567-pm2pj,container_memory_working_set_bytes,61923328.0
1745322216,kashef-k8s-w1.user-service-547b88cd8f-lp8p9,container_memory_working_set_bytes,2859008.0
1745322216,kashef-k8s-ctl.post-storage-mongodb-5579669d8c-nfwpl,container_memory_working_set_bytes,60276736.0
1745322216,kashef-k8s-w1.user-timeline-mongodb-6758898d48-4w2f2,container_memory_working_set_bytes,60395520.0
1745322216,kashef-k8s-w1.user-timeline-redis-67cc95bc57-2zhdt,container_memory_working_set_bytes,4034560.0
1745322216,kashef-k8s-w1.social-graph-mongodb-55df767ff5-wwlmr,container_memory_working_set_bytes,60358656.0
1745322216,kashef-k8s-w1.nginx-thrift-79478f9bf5-5zdh4,container_memory_working_set_bytes,87785472.0
1745322216,kashef-k8s-w1.home-timeline-service-5754ffbc6d-kntl9,container_memory_working_set_bytes,1937408.0
1745322216,kashef-k8s-ctl.jaeger-67997f9775-8jsbw,container_memory_working_set_bytes,10108928.0
1745322216,kashef-k8s-w1.temp-debug-alt,container_memory_working_set_bytes,1163264.0
1745322216,kashef-k8s-ctl.user-memcached-59687c864d-wdcgs,container_memory_working_set_bytes,2699264.0
1745322216,kashef-k8s-ctl.user-timeline-service-664c7f6696-hz5xq,container_memory_working_set_bytes,2502656.0
1745322216,kashef-k8s-ctl.text-service-fff64b8bf-wp774,container_memory_working_set_bytes,2162688.0
1745322219,kashef-k8s-w1.nginx-thrift-79478f9bf5-5zdh4,container_memory_working_set_bytes,87785472.0
1745322219,kashef-k8s-w1.media-memcached-7889bdfdfb-4hjbd,container_memory_working_set_bytes,2600960.0
1745322219,kashef-k8s-ctl.media-frontend-6b66b95ff4-42hwg,container_memory_working_set_bytes,62459904.0
1745322219,kashef-k8s-w1.user-timeline-redis-67cc95bc57-2zhdt,container_memory_working_set_bytes,4034560.0
1745322219,kashef-k8s-w1.post-storage-service-66c9966f5f-n629t,container_memory_working_set_bytes,2707456.0
1745322219,kashef-k8s-w1.user-service-547b88cd8f-lp8p9,container_memory_working_set_bytes,2859008.0
1745322219,kashef-k8s-w1.user-timeline-mongodb-6758898d48-4w2f2,container_memory_working_set_bytes,60395520.0
1745322219,kashef-k8s-w1.social-graph-redis-5bbd5b7458-7fcvv,container_memory_working_set_bytes,4050944.0
1745322219,kashef-k8s-ctl.compose-post-service-f587bf89d-dd7kf,container_memory_working_set_bytes,2359296.0
1745322219,kashef-k8s-ctl.user-mention-service-5c4f566c5-qlj9z,container_memory_working_set_bytes,2797568.0
1745322219,kashef-k8s-ctl.media-service-6c665c775d-m5vf4,container_memory_working_set_bytes,1974272.0
1745322219,kashef-k8s-ctl.post-storage-memcached-6b75788fc6-5wwtc,container_memory_working_set_bytes,2576384.0
1745322219,kashef-k8s-w1.social-graph-service-677dbc655c-sg995,container_memory_working_set_bytes,2486272.0
1745322219,kashef-k8s-w1.user-mongodb-7745bbd78-kqpbp,container_memory_working_set_bytes,60518400.0
1745322219,kashef-k8s-w1.url-shorten-service-66949ddcc4-468ds,container_memory_working_set_bytes,2838528.0
1745322219,kashef-k8s-ctl.url-shorten-mongodb-57c886d5f8-jqtpp,container_memory_working_set_bytes,60321792.0
1745322219,kashef-k8s-ctl.unique-id-service-694497b678-2p45f,container_memory_working_set_bytes,1986560.0
1745322219,kashef-k8s-w1.temp-debug-alt,container_memory_working_set_bytes,1163264.0
1745322219,kashef-k8s-w1.media-mongodb-7b64c59567-pm2pj,container_memory_working_set_bytes,61923328.0
1745322219,kashef-k8s-ctl.user-timeline-service-664c7f6696-hz5xq,container_memory_working_set_bytes,2502656.0
1745322219,kashef-k8s-ctl.text-service-fff64b8bf-wp774,container_memory_working_set_bytes,2162688.0
1745322219,kashef-k8s-ctl.post-storage-mongodb-5579669d8c-nfwpl,container_memory_working_set_bytes,60276736.0
1745322219,kashef-k8s-ctl.user-memcached-59687c864d-wdcgs,container_memory_working_set_bytes,2699264.0
1745322219,kashef-k8s-w1.home-timeline-redis-6c6647df6f-dv494,container_memory_working_set_bytes,4050944.0
1745322219,kashef-k8s-ctl.url-shorten-memcached-6546746864-btbq8,container_memory_working_set_bytes,2580480.0
1745322219,kashef-k8s-w1.social-graph-mongodb-55df767ff5-wwlmr,container_memory_working_set_bytes,60358656.0
1745322219,kashef-k8s-ctl.jaeger-67997f9775-8jsbw,container_memory_working_set_bytes,10108928.0
1745322219,kashef-k8s-w1.home-timeline-service-5754ffbc6d-kntl9,container_memory_working_set_bytes,1937408.0
1745322222,kashef-k8s-w1.user-timeline-redis-67cc95bc57-2zhdt,container_memory_working_set_bytes,4034560.0
1745322222,kashef-k8s-w1.nginx-thrift-79478f9bf5-5zdh4,container_memory_working_set_bytes,87785472.0
1745322222,kashef-k8s-w1.home-timeline-service-5754ffbc6d-kntl9,container_memory_working_set_bytes,1937408.0
1745322222,kashef-k8s-w1.social-graph-mongodb-55df767ff5-wwlmr,container_memory_working_set_bytes,60358656.0
1745322222,kashef-k8s-ctl.url-shorten-memcached-6546746864-btbq8,container_memory_working_set_bytes,2580480.0
1745322222,kashef-k8s-ctl.post-storage-mongodb-5579669d8c-nfwpl,container_memory_working_set_bytes,60276736.0
1745322222,kashef-k8s-ctl.post-storage-memcached-6b75788fc6-5wwtc,container_memory_working_set_bytes,2576384.0
1745322222,kashef-k8s-ctl.jaeger-67997f9775-8jsbw,container_memory_working_set_bytes,10108928.0
1745322222,kashef-k8s-w1.temp-debug-alt,container_memory_working_set_bytes,1163264.0
1745322222,kashef-k8s-w1.user-service-547b88cd8f-lp8p9,container_memory_working_set_bytes,2859008.0
1745322222,kashef-k8s-w1.post-storage-service-66c9966f5f-n629t,container_memory_working_set_bytes,2707456.0
1745322222,kashef-k8s-w1.media-mongodb-7b64c59567-pm2pj,container_memory_working_set_bytes,61923328.0
1745322222,kashef-k8s-w1.home-timeline-redis-6c6647df6f-dv494,container_memory_working_set_bytes,4050944.0
1745322222,kashef-k8s-w1.user-timeline-mongodb-6758898d48-4w2f2,container_memory_working_set_bytes,60395520.0
1745322222,kashef-k8s-ctl.user-memcached-59687c864d-wdcgs,container_memory_working_set_bytes,2699264.0
1745322222,kashef-k8s-ctl.text-service-fff64b8bf-wp774,container_memory_working_set_bytes,2162688.0
1745322222,kashef-k8s-ctl.compose-post-service-f587bf89d-dd7kf,container_memory_working_set_bytes,2359296.0
1745322222,kashef-k8s-ctl.media-service-6c665c775d-m5vf4,container_memory_working_set_bytes,1974272.0
1745322222,kashef-k8s-ctl.user-mention-service-5c4f566c5-qlj9z,container_memory_working_set_bytes,2797568.0
1745322222,kashef-k8s-ctl.media-frontend-6b66b95ff4-42hwg,container_memory_working_set_bytes,62459904.0
1745322222,kashef-k8s-w1.media-memcached-7889bdfdfb-4hjbd,container_memory_working_set_bytes,2600960.0
1745322222,kashef-k8s-w1.user-mongodb-7745bbd78-kqpbp,container_memory_working_set_bytes,60518400.0
1745322222,kashef-k8s-ctl.user-timeline-service-664c7f6696-hz5xq,container_memory_working_set_bytes,2502656.0
1745322222,kashef-k8s-ctl.unique-id-service-694497b678-2p45f,container_memory_working_set_bytes,1986560.0
1745322222,kashef-k8s-w1.url-shorten-service-66949ddcc4-468ds,container_memory_working_set_bytes,2838528.0
1745322222,kashef-k8s-w1.social-graph-service-677dbc655c-sg995,container_memory_working_set_bytes,2486272.0
1745322222,kashef-k8s-ctl.url-shorten-mongodb-57c886d5f8-jqtpp,container_memory_working_set_bytes,60321792.0
1745322222,kashef-k8s-w1.social-graph-redis-5bbd5b7458-7fcvv,container_memory_working_set_bytes,4050944.0
1745322225,kashef-k8s-ctl.url-shorten-memcached-6546746864-btbq8,container_memory_working_set_bytes,2580480.0
1745322225,kashef-k8s-ctl.post-storage-memcached-6b75788fc6-5wwtc,container_memory_working_set_bytes,2576384.0
1745322225,kashef-k8s-ctl.post-storage-mongodb-5579669d8c-nfwpl,container_memory_working_set_bytes,60276736.0
1745322225,kashef-k8s-ctl.jaeger-67997f9775-8jsbw,container_memory_working_set_bytes,10108928.0
1745322225,kashef-k8s-ctl.compose-post-service-f587bf89d-dd7kf,container_memory_working_set_bytes,2359296.0
1745322225,kashef-k8s-w1.temp-debug-alt,container_memory_working_set_bytes,1163264.0
1745322225,kashef-k8s-w1.user-mongodb-7745bbd78-kqpbp,container_memory_working_set_bytes,60518400.0
1745322225,kashef-k8s-ctl.text-service-fff64b8bf-wp774,container_memory_working_set_bytes,2162688.0
1745322225,kashef-k8s-ctl.user-memcached-59687c864d-wdcgs,container_memory_working_set_bytes,2699264.0
1745322225,kashef-k8s-w1.post-storage-service-66c9966f5f-n629t,container_memory_working_set_bytes,2707456.0
1745322225,kashef-k8s-w1.user-timeline-mongodb-6758898d48-4w2f2,container_memory_working_set_bytes,60395520.0
1745322225,kashef-k8s-w1.user-service-547b88cd8f-lp8p9,container_memory_working_set_bytes,2859008.0
1745322225,kashef-k8s-w1.social-graph-mongodb-55df767ff5-wwlmr,container_memory_working_set_bytes,60358656.0
1745322225,kashef-k8s-w1.nginx-thrift-79478f9bf5-5zdh4,container_memory_working_set_bytes,87785472.0
1745322225,kashef-k8s-w1.user-timeline-redis-67cc95bc57-2zhdt,container_memory_working_set_bytes,4034560.0
1745322225,kashef-k8s-w1.home-timeline-service-5754ffbc6d-kntl9,container_memory_working_set_bytes,1937408.0
1745322225,kashef-k8s-ctl.url-shorten-mongodb-57c886d5f8-jqtpp,container_memory_working_set_bytes,60321792.0
1745322225,kashef-k8s-w1.social-graph-redis-5bbd5b7458-7fcvv,container_memory_working_set_bytes,4050944.0
1745322225,kashef-k8s-w1.media-mongodb-7b64c59567-pm2pj,container_memory_working_set_bytes,61923328.0
1745322225,kashef-k8s-w1.home-timeline-redis-6c6647df6f-dv494,container_memory_working_set_bytes,4050944.0
1745322225,kashef-k8s-ctl.user-mention-service-5c4f566c5-qlj9z,container_memory_working_set_bytes,2924544.0
1745322225,kashef-k8s-ctl.media-frontend-6b66b95ff4-42hwg,container_memory_working_set_bytes,62459904.0
1745322225,kashef-k8s-w1.social-graph-service-677dbc655c-sg995,container_memory_working_set_bytes,2486272.0
1745322225,kashef-k8s-w1.media-memcached-7889bdfdfb-4hjbd,container_memory_working_set_bytes,2600960.0
1745322225,kashef-k8s-w1.url-shorten-service-66949ddcc4-468ds,container_memory_working_set_bytes,2838528.0
1745322225,kashef-k8s-ctl.media-service-6c665c775d-m5vf4,container_memory_working_set_bytes,1974272.0
1745322225,kashef-k8s-ctl.unique-id-service-694497b678-2p45f,container_memory_working_set_bytes,1986560.0
1745322225,kashef-k8s-ctl.user-timeline-service-664c7f6696-hz5xq,container_memory_working_set_bytes,2502656.0
1745322228,kashef-k8s-w1.user-timeline-redis-67cc95bc57-2zhdt,container_memory_working_set_bytes,4034560.0
1745322228,kashef-k8s-ctl.media-service-6c665c775d-m5vf4,container_memory_working_set_bytes,1974272.0
1745322228,kashef-k8s-ctl.user-memcached-59687c864d-wdcgs,container_memory_working_set_bytes,2699264.0
1745322228,kashef-k8s-w1.nginx-thrift-79478f9bf5-5zdh4,container_memory_working_set_bytes,87785472.0
1745322228,kashef-k8s-ctl.user-timeline-service-664c7f6696-hz5xq,container_memory_working_set_bytes,2502656.0
1745322228,kashef-k8s-ctl.user-mention-service-5c4f566c5-qlj9z,container_memory_working_set_bytes,2924544.0
1745322228,kashef-k8s-ctl.post-storage-memcached-6b75788fc6-5wwtc,container_memory_working_set_bytes,2576384.0
1745322228,kashef-k8s-w1.media-memcached-7889bdfdfb-4hjbd,container_memory_working_set_bytes,2600960.0
1745322228,kashef-k8s-w1.user-timeline-mongodb-6758898d48-4w2f2,container_memory_working_set_bytes,60395520.0
1745322228,kashef-k8s-w1.user-service-547b88cd8f-lp8p9,container_memory_working_set_bytes,2859008.0
1745322228,kashef-k8s-ctl.unique-id-service-694497b678-2p45f,container_memory_working_set_bytes,1986560.0
1745322228,kashef-k8s-w1.home-timeline-service-5754ffbc6d-kntl9,container_memory_working_set_bytes,1937408.0
1745322228,kashef-k8s-ctl.url-shorten-mongodb-57c886d5f8-jqtpp,container_memory_working_set_bytes,60321792.0
1745322228,kashef-k8s-ctl.text-service-fff64b8bf-wp774,container_memory_working_set_bytes,2162688.0
1745322228,kashef-k8s-w1.home-timeline-redis-6c6647df6f-dv494,container_memory_working_set_bytes,4050944.0
1745322228,kashef-k8s-w1.social-graph-service-677dbc655c-sg995,container_memory_working_set_bytes,2486272.0
1745322228,kashef-k8s-ctl.compose-post-service-f587bf89d-dd7kf,container_memory_working_set_bytes,2359296.0
1745322228,kashef-k8s-ctl.jaeger-67997f9775-8jsbw,container_memory_working_set_bytes,10108928.0
1745322228,kashef-k8s-w1.temp-debug-alt,container_memory_working_set_bytes,1163264.0
1745322228,kashef-k8s-ctl.post-storage-mongodb-5579669d8c-nfwpl,container_memory_working_set_bytes,60276736.0
1745322228,kashef-k8s-ctl.url-shorten-memcached-6546746864-btbq8,container_memory_working_set_bytes,2580480.0
1745322228,kashef-k8s-w1.media-mongodb-7b64c59567-pm2pj,container_memory_working_set_bytes,61923328.0
1745322228,kashef-k8s-w1.url-shorten-service-66949ddcc4-468ds,container_memory_working_set_bytes,2838528.0
1745322228,kashef-k8s-w1.social-graph-mongodb-55df767ff5-wwlmr,container_memory_working_set_bytes,60358656.0
1745322228,kashef-k8s-w1.social-graph-redis-5bbd5b7458-7fcvv,container_memory_working_set_bytes,4050944.0
1745322228,kashef-k8s-ctl.media-frontend-6b66b95ff4-42hwg,container_memory_working_set_bytes,62459904.0
1745322228,kashef-k8s-w1.post-storage-service-66c9966f5f-n629t,container_memory_working_set_bytes,2707456.0
1745322228,kashef-k8s-w1.user-mongodb-7745bbd78-kqpbp,container_memory_working_set_bytes,60518400.0
1745322231,kashef-k8s-ctl.user-mention-service-5c4f566c5-qlj9z,container_memory_working_set_bytes,2924544.0
1745322231,kashef-k8s-ctl.url-shorten-mongodb-57c886d5f8-jqtpp,container_memory_working_set_bytes,60321792.0
1745322231,kashef-k8s-ctl.user-memcached-59687c864d-wdcgs,container_memory_working_set_bytes,2699264.0
1745322231,kashef-k8s-w1.media-memcached-7889bdfdfb-4hjbd,container_memory_working_set_bytes,2600960.0
1745322231,kashef-k8s-w1.social-graph-service-677dbc655c-sg995,container_memory_working_set_bytes,2486272.0
1745322231,kashef-k8s-w1.user-service-547b88cd8f-lp8p9,container_memory_working_set_bytes,2859008.0
1745322231,kashef-k8s-ctl.jaeger-67997f9775-8jsbw,container_memory_working_set_bytes,10108928.0
1745322231,kashef-k8s-w1.user-timeline-mongodb-6758898d48-4w2f2,container_memory_working_set_bytes,60395520.0
1745322231,kashef-k8s-w1.home-timeline-service-5754ffbc6d-kntl9,container_memory_working_set_bytes,1937408.0
1745322231,kashef-k8s-ctl.post-storage-memcached-6b75788fc6-5wwtc,container_memory_working_set_bytes,2576384.0
1745322231,kashef-k8s-w1.home-timeline-redis-6c6647df6f-dv494,container_memory_working_set_bytes,4050944.0
1745322231,kashef-k8s-ctl.text-service-fff64b8bf-wp774,container_memory_working_set_bytes,2162688.0
1745322231,kashef-k8s-ctl.user-timeline-service-664c7f6696-hz5xq,container_memory_working_set_bytes,2502656.0
1745322231,kashef-k8s-w1.nginx-thrift-79478f9bf5-5zdh4,container_memory_working_set_bytes,87785472.0
1745322231,kashef-k8s-w1.media-mongodb-7b64c59567-pm2pj,container_memory_working_set_bytes,61923328.0
1745322231,kashef-k8s-ctl.media-service-6c665c775d-m5vf4,container_memory_working_set_bytes,1974272.0
1745322231,kashef-k8s-ctl.media-frontend-6b66b95ff4-42hwg,container_memory_working_set_bytes,62459904.0
1745322231,kashef-k8s-w1.social-graph-redis-5bbd5b7458-7fcvv,container_memory_working_set_bytes,4050944.0
1745322231,kashef-k8s-w1.user-mongodb-7745bbd78-kqpbp,container_memory_working_set_bytes,60518400.0
1745322231,kashef-k8s-w1.post-storage-service-66c9966f5f-n629t,container_memory_working_set_bytes,2707456.0
1745322231,kashef-k8s-w1.temp-debug-alt,container_memory_working_set_bytes,1163264.0
1745322231,kashef-k8s-ctl.post-storage-mongodb-5579669d8c-nfwpl,container_memory_working_set_bytes,60338176.0
1745322231,kashef-k8s-ctl.unique-id-service-694497b678-2p45f,container_memory_working_set_bytes,1986560.0
1745322231,kashef-k8s-ctl.compose-post-service-f587bf89d-dd7kf,container_memory_working_set_bytes,2359296.0
1745322231,kashef-k8s-w1.user-timeline-redis-67cc95bc57-2zhdt,container_memory_working_set_bytes,4034560.0
1745322231,kashef-k8s-ctl.url-shorten-memcached-6546746864-btbq8,container_memory_working_set_bytes,2580480.0
1745322231,kashef-k8s-w1.social-graph-mongodb-55df767ff5-wwlmr,container_memory_working_set_bytes,60358656.0
1745322231,kashef-k8s-w1.url-shorten-service-66949ddcc4-468ds,container_memory_working_set_bytes,2838528.0
1745322234,kashef-k8s-w1.nginx-thrift-79478f9bf5-5zdh4,container_memory_working_set_bytes,87785472.0
1745322234,kashef-k8s-w1.temp-debug-alt,container_memory_working_set_bytes,1163264.0
1745322234,kashef-k8s-ctl.unique-id-service-694497b678-2p45f,container_memory_working_set_bytes,1986560.0
1745322234,kashef-k8s-ctl.compose-post-service-f587bf89d-dd7kf,container_memory_working_set_bytes,2359296.0
1745322234,kashef-k8s-w1.social-graph-redis-5bbd5b7458-7fcvv,container_memory_working_set_bytes,4050944.0
1745322234,kashef-k8s-ctl.user-timeline-service-664c7f6696-hz5xq,container_memory_working_set_bytes,2502656.0
1745322234,kashef-k8s-ctl.user-memcached-59687c864d-wdcgs,container_memory_working_set_bytes,2699264.0
1745322234,kashef-k8s-ctl.media-service-6c665c775d-m5vf4,container_memory_working_set_bytes,1974272.0
1745322234,kashef-k8s-ctl.media-frontend-6b66b95ff4-42hwg,container_memory_working_set_bytes,62459904.0
1745322234,kashef-k8s-w1.media-memcached-7889bdfdfb-4hjbd,container_memory_working_set_bytes,2600960.0
1745322234,kashef-k8s-w1.social-graph-service-677dbc655c-sg995,container_memory_working_set_bytes,2486272.0
1745322234,kashef-k8s-w1.social-graph-mongodb-55df767ff5-wwlmr,container_memory_working_set_bytes,60358656.0
1745322234,kashef-k8s-ctl.user-mention-service-5c4f566c5-qlj9z,container_memory_working_set_bytes,2924544.0
1745322234,kashef-k8s-ctl.post-storage-mongodb-5579669d8c-nfwpl,container_memory_working_set_bytes,60338176.0
1745322234,kashef-k8s-w1.home-timeline-redis-6c6647df6f-dv494,container_memory_working_set_bytes,4050944.0
1745322234,kashef-k8s-ctl.post-storage-memcached-6b75788fc6-5wwtc,container_memory_working_set_bytes,2576384.0
1745322234,kashef-k8s-w1.user-service-547b88cd8f-lp8p9,container_memory_working_set_bytes,2859008.0
1745322234,kashef-k8s-ctl.url-shorten-mongodb-57c886d5f8-jqtpp,container_memory_working_set_bytes,60321792.0
1745322234,kashef-k8s-w1.user-mongodb-7745bbd78-kqpbp,container_memory_working_set_bytes,60518400.0
1745322234,kashef-k8s-w1.user-timeline-mongodb-6758898d48-4w2f2,container_memory_working_set_bytes,60395520.0
1745322234,kashef-k8s-ctl.text-service-fff64b8bf-wp774,container_memory_working_set_bytes,2162688.0
1745322234,kashef-k8s-ctl.jaeger-67997f9775-8jsbw,container_memory_working_set_bytes,10108928.0
1745322234,kashef-k8s-w1.post-storage-service-66c9966f5f-n629t,container_memory_working_set_bytes,2707456.0
1745322234,kashef-k8s-w1.url-shorten-service-66949ddcc4-468ds,container_memory_working_set_bytes,2838528.0
1745322234,kashef-k8s-ctl.url-shorten-memcached-6546746864-btbq8,container_memory_working_set_bytes,2580480.0
1745322234,kashef-k8s-w1.user-timeline-redis-67cc95bc57-2zhdt,container_memory_working_set_bytes,4034560.0
1745322234,kashef-k8s-w1.media-mongodb-7b64c59567-pm2pj,container_memory_working_set_bytes,62050304.0
1745322234,kashef-k8s-w1.home-timeline-service-5754ffbc6d-kntl9,container_memory_working_set_bytes,1937408.0
1745322237,kashef-k8s-w1.media-mongodb-7b64c59567-pm2pj,container_memory_working_set_bytes,62050304.0
1745322237,kashef-k8s-w1.home-timeline-service-5754ffbc6d-kntl9,container_memory_working_set_bytes,1937408.0
1745322237,kashef-k8s-w1.url-shorten-service-66949ddcc4-468ds,container_memory_working_set_bytes,2838528.0
1745322237,kashef-k8s-w1.user-timeline-redis-67cc95bc57-2zhdt,container_memory_working_set_bytes,4034560.0
1745322237,kashef-k8s-ctl.jaeger-67997f9775-8jsbw,container_memory_working_set_bytes,10108928.0
1745322237,kashef-k8s-w1.home-timeline-redis-6c6647df6f-dv494,container_memory_working_set_bytes,4050944.0
1745322237,kashef-k8s-ctl.text-service-fff64b8bf-wp774,container_memory_working_set_bytes,2162688.0
1745322237,kashef-k8s-w1.social-graph-redis-5bbd5b7458-7fcvv,container_memory_working_set_bytes,4050944.0
1745322237,kashef-k8s-w1.user-service-547b88cd8f-lp8p9,container_memory_working_set_bytes,2859008.0
1745322237,kashef-k8s-ctl.url-shorten-mongodb-57c886d5f8-jqtpp,container_memory_working_set_bytes,60321792.0
1745322237,kashef-k8s-ctl.post-storage-mongodb-5579669d8c-nfwpl,container_memory_working_set_bytes,60338176.0
1745322237,kashef-k8s-ctl.user-mention-service-5c4f566c5-qlj9z,container_memory_working_set_bytes,2924544.0
1745322237,kashef-k8s-w1.social-graph-service-677dbc655c-sg995,container_memory_working_set_bytes,2486272.0
1745322237,kashef-k8s-ctl.post-storage-memcached-6b75788fc6-5wwtc,container_memory_working_set_bytes,2576384.0
1745322237,kashef-k8s-w1.user-mongodb-7745bbd78-kqpbp,container_memory_working_set_bytes,60518400.0
1745322237,kashef-k8s-w1.user-timeline-mongodb-6758898d48-4w2f2,container_memory_working_set_bytes,60395520.0
1745322237,kashef-k8s-ctl.user-memcached-59687c864d-wdcgs,container_memory_working_set_bytes,2699264.0
1745322237,kashef-k8s-w1.media-memcached-7889bdfdfb-4hjbd,container_memory_working_set_bytes,2600960.0
1745322237,kashef-k8s-w1.temp-debug-alt,container_memory_working_set_bytes,1163264.0
1745322237,kashef-k8s-ctl.compose-post-service-f587bf89d-dd7kf,container_memory_working_set_bytes,2359296.0
1745322237,kashef-k8s-ctl.media-service-6c665c775d-m5vf4,container_memory_working_set_bytes,1974272.0
1745322237,kashef-k8s-ctl.unique-id-service-694497b678-2p45f,container_memory_working_set_bytes,1986560.0
1745322237,kashef-k8s-w1.nginx-thrift-79478f9bf5-5zdh4,container_memory_working_set_bytes,87785472.0
1745322237,kashef-k8s-ctl.user-timeline-service-664c7f6696-hz5xq,container_memory_working_set_bytes,2502656.0
1745322237,kashef-k8s-w1.post-storage-service-66c9966f5f-n629t,container_memory_working_set_bytes,2707456.0
1745322237,kashef-k8s-w1.social-graph-mongodb-55df767ff5-wwlmr,container_memory_working_set_bytes,60358656.0
1745322237,kashef-k8s-ctl.url-shorten-memcached-6546746864-btbq8,container_memory_working_set_bytes,2580480.0
1745322237,kashef-k8s-ctl.media-frontend-6b66b95ff4-42hwg,container_memory_working_set_bytes,62459904.0
1745322240,kashef-k8s-w1.home-timeline-redis-6c6647df6f-dv494,container_memory_working_set_bytes,4050944.0
1745322240,kashef-k8s-ctl.jaeger-67997f9775-8jsbw,container_memory_working_set_bytes,10108928.0
1745322240,kashef-k8s-ctl.compose-post-service-f587bf89d-dd7kf,container_memory_working_set_bytes,2359296.0
1745322240,kashef-k8s-w1.nginx-thrift-79478f9bf5-5zdh4,container_memory_working_set_bytes,87785472.0
1745322240,kashef-k8s-ctl.post-storage-mongodb-5579669d8c-nfwpl,container_memory_working_set_bytes,60338176.0
1745322240,kashef-k8s-ctl.user-mention-service-5c4f566c5-qlj9z,container_memory_working_set_bytes,2924544.0
1745322240,kashef-k8s-w1.user-service-547b88cd8f-lp8p9,container_memory_working_set_bytes,2859008.0
1745322240,kashef-k8s-ctl.url-shorten-mongodb-57c886d5f8-jqtpp,container_memory_working_set_bytes,60321792.0
1745322240,kashef-k8s-w1.user-mongodb-7745bbd78-kqpbp,container_memory_working_set_bytes,60727296.0
1745322240,kashef-k8s-w1.user-timeline-mongodb-6758898d48-4w2f2,container_memory_working_set_bytes,60321792.0
1745322240,kashef-k8s-w1.social-graph-service-677dbc655c-sg995,container_memory_working_set_bytes,2486272.0
1745322240,kashef-k8s-ctl.post-storage-memcached-6b75788fc6-5wwtc,container_memory_working_set_bytes,2576384.0
1745322240,kashef-k8s-w1.social-graph-mongodb-55df767ff5-wwlmr,container_memory_working_set_bytes,60358656.0
1745322240,kashef-k8s-w1.url-shorten-service-66949ddcc4-468ds,container_memory_working_set_bytes,2838528.0
1745322240,kashef-k8s-w1.home-timeline-service-5754ffbc6d-kntl9,container_memory_working_set_bytes,1937408.0
1745322240,kashef-k8s-w1.media-mongodb-7b64c59567-pm2pj,container_memory_working_set_bytes,62050304.0
1745322240,kashef-k8s-ctl.text-service-fff64b8bf-wp774,container_memory_working_set_bytes,2162688.0
1745322240,kashef-k8s-ctl.media-frontend-6b66b95ff4-42hwg,container_memory_working_set_bytes,62459904.0
1745322240,kashef-k8s-w1.social-graph-redis-5bbd5b7458-7fcvv,container_memory_working_set_bytes,4046848.0
1745322240,kashef-k8s-w1.post-storage-service-66c9966f5f-n629t,container_memory_working_set_bytes,2707456.0
1745322240,kashef-k8s-ctl.media-service-6c665c775d-m5vf4,container_memory_working_set_bytes,1974272.0
1745322240,kashef-k8s-w1.temp-debug-alt,container_memory_working_set_bytes,1163264.0
1745322240,kashef-k8s-ctl.user-memcached-59687c864d-wdcgs,container_memory_working_set_bytes,2699264.0
1745322240,kashef-k8s-w1.media-memcached-7889bdfdfb-4hjbd,container_memory_working_set_bytes,2600960.0
1745322240,kashef-k8s-ctl.unique-id-service-694497b678-2p45f,container_memory_working_set_bytes,1986560.0
1745322240,kashef-k8s-ctl.user-timeline-service-664c7f6696-hz5xq,container_memory_working_set_bytes,2502656.0
1745322240,kashef-k8s-ctl.url-shorten-memcached-6546746864-btbq8,container_memory_working_set_bytes,2580480.0
1745322240,kashef-k8s-w1.user-timeline-redis-67cc95bc57-2zhdt,container_memory_working_set_bytes,4034560.0
1745322243,kashef-k8s-w1.user-timeline-redis-67cc95bc57-2zhdt,container_memory_working_set_bytes,4034560.0
1745322243,kashef-k8s-w1.media-memcached-7889bdfdfb-4hjbd,container_memory_working_set_bytes,2600960.0
1745322243,kashef-k8s-w1.social-graph-mongodb-55df767ff5-wwlmr,container_memory_working_set_bytes,60358656.0
1745322243,kashef-k8s-w1.nginx-thrift-79478f9bf5-5zdh4,container_memory_working_set_bytes,87785472.0
1745322243,kashef-k8s-w1.user-timeline-mongodb-6758898d48-4w2f2,container_memory_working_set_bytes,60321792.0
1745322243,kashef-k8s-ctl.url-shorten-memcached-6546746864-btbq8,container_memory_working_set_bytes,2580480.0
1745322243,kashef-k8s-w1.user-mongodb-7745bbd78-kqpbp,container_memory_working_set_bytes,60727296.0
1745322243,kashef-k8s-w1.social-graph-redis-5bbd5b7458-7fcvv,container_memory_working_set_bytes,4046848.0
1745322243,kashef-k8s-ctl.jaeger-67997f9775-8jsbw,container_memory_working_set_bytes,10108928.0
1745322243,kashef-k8s-w1.user-service-547b88cd8f-lp8p9,container_memory_working_set_bytes,2859008.0
1745322243,kashef-k8s-ctl.media-service-6c665c775d-m5vf4,container_memory_working_set_bytes,1974272.0
1745322243,kashef-k8s-ctl.user-timeline-service-664c7f6696-hz5xq,container_memory_working_set_bytes,2502656.0
1745322243,kashef-k8s-w1.home-timeline-redis-6c6647df6f-dv494,container_memory_working_set_bytes,4050944.0
1745322243,kashef-k8s-ctl.url-shorten-mongodb-57c886d5f8-jqtpp,container_memory_working_set_bytes,60321792.0
1745322243,kashef-k8s-ctl.compose-post-service-f587bf89d-dd7kf,container_memory_working_set_bytes,2359296.0
1745322243,kashef-k8s-ctl.text-service-fff64b8bf-wp774,container_memory_working_set_bytes,2162688.0
1745322243,kashef-k8s-ctl.unique-id-service-694497b678-2p45f,container_memory_working_set_bytes,1986560.0
1745322243,kashef-k8s-w1.social-graph-service-677dbc655c-sg995,container_memory_working_set_bytes,2486272.0
1745322243,kashef-k8s-w1.temp-debug-alt,container_memory_working_set_bytes,1175552.0
1745322243,kashef-k8s-ctl.media-frontend-6b66b95ff4-42hwg,container_memory_working_set_bytes,62459904.0
1745322243,kashef-k8s-ctl.post-storage-mongodb-5579669d8c-nfwpl,container_memory_working_set_bytes,60338176.0
1745322243,kashef-k8s-ctl.user-mention-service-5c4f566c5-qlj9z,container_memory_working_set_bytes,2924544.0
1745322243,kashef-k8s-w1.post-storage-service-66c9966f5f-n629t,container_memory_working_set_bytes,2707456.0
1745322243,kashef-k8s-w1.media-mongodb-7b64c59567-pm2pj,container_memory_working_set_bytes,62050304.0
1745322243,kashef-k8s-ctl.user-memcached-59687c864d-wdcgs,container_memory_working_set_bytes,2699264.0
1745322243,kashef-k8s-ctl.post-storage-memcached-6b75788fc6-5wwtc,container_memory_working_set_bytes,2576384.0
1745322243,kashef-k8s-w1.url-shorten-service-66949ddcc4-468ds,container_memory_working_set_bytes,2838528.0
1745322243,kashef-k8s-w1.home-timeline-service-5754ffbc6d-kntl9,container_memory_working_set_bytes,1937408.0
1745322246,kashef-k8s-w1.user-mongodb-7745bbd78-kqpbp,container_memory_working_set_bytes,60727296.0
1745322246,kashef-k8s-w1.home-timeline-service-5754ffbc6d-kntl9,container_memory_working_set_bytes,1937408.0
1745322246,kashef-k8s-w1.url-shorten-service-66949ddcc4-468ds,container_memory_working_set_bytes,2838528.0
1745322246,kashef-k8s-w1.media-mongodb-7b64c59567-pm2pj,container_memory_working_set_bytes,62050304.0
1745322246,kashef-k8s-ctl.post-storage-mongodb-5579669d8c-nfwpl,container_memory_working_set_bytes,60338176.0
1745322246,kashef-k8s-w1.post-storage-service-66c9966f5f-n629t,container_memory_working_set_bytes,2707456.0
1745322246,kashef-k8s-ctl.post-storage-memcached-6b75788fc6-5wwtc,container_memory_working_set_bytes,2576384.0
1745322246,kashef-k8s-ctl.user-memcached-59687c864d-wdcgs,container_memory_working_set_bytes,2699264.0
1745322246,kashef-k8s-ctl.url-shorten-mongodb-57c886d5f8-jqtpp,container_memory_working_set_bytes,60321792.0
1745322246,kashef-k8s-ctl.user-mention-service-5c4f566c5-qlj9z,container_memory_working_set_bytes,2924544.0
1745322246,kashef-k8s-w1.user-service-547b88cd8f-lp8p9,container_memory_working_set_bytes,2859008.0
1745322246,kashef-k8s-ctl.compose-post-service-f587bf89d-dd7kf,container_memory_working_set_bytes,2359296.0
1745322246,kashef-k8s-ctl.media-frontend-6b66b95ff4-42hwg,container_memory_working_set_bytes,62459904.0
1745322246,kashef-k8s-w1.home-timeline-redis-6c6647df6f-dv494,container_memory_working_set_bytes,4050944.0
1745322246,kashef-k8s-w1.temp-debug-alt,container_memory_working_set_bytes,1175552.0
1745322246,kashef-k8s-ctl.url-shorten-memcached-6546746864-btbq8,container_memory_working_set_bytes,2580480.0
1745322246,kashef-k8s-w1.media-memcached-7889bdfdfb-4hjbd,container_memory_working_set_bytes,2600960.0
1745322246,kashef-k8s-ctl.jaeger-67997f9775-8jsbw,container_memory_working_set_bytes,10108928.0
1745322246,kashef-k8s-ctl.user-timeline-service-664c7f6696-hz5xq,container_memory_working_set_bytes,2502656.0
1745322246,kashef-k8s-w1.user-timeline-mongodb-6758898d48-4w2f2,container_memory_working_set_bytes,60321792.0
1745322246,kashef-k8s-w1.social-graph-mongodb-55df767ff5-wwlmr,container_memory_working_set_bytes,60358656.0
1745322246,kashef-k8s-w1.nginx-thrift-79478f9bf5-5zdh4,container_memory_working_set_bytes,87785472.0
1745322246,kashef-k8s-w1.social-graph-service-677dbc655c-sg995,container_memory_working_set_bytes,2486272.0
1745322246,kashef-k8s-w1.user-timeline-redis-67cc95bc57-2zhdt,container_memory_working_set_bytes,4034560.0
1745322246,kashef-k8s-w1.social-graph-redis-5bbd5b7458-7fcvv,container_memory_working_set_bytes,4046848.0
1745322246,kashef-k8s-ctl.unique-id-service-694497b678-2p45f,container_memory_working_set_bytes,1986560.0
1745322246,kashef-k8s-ctl.text-service-fff64b8bf-wp774,container_memory_working_set_bytes,2162688.0
1745322246,kashef-k8s-ctl.media-service-6c665c775d-m5vf4,container_memory_working_set_bytes,1974272.0
1745322249,kashef-k8s-w1.post-storage-service-66c9966f5f-n629t,container_memory_working_set_bytes,2707456.0
1745322249,kashef-k8s-ctl.post-storage-mongodb-5579669d8c-nfwpl,container_memory_working_set_bytes,60338176.0
1745322249,kashef-k8s-ctl.user-memcached-59687c864d-wdcgs,container_memory_working_set_bytes,2699264.0
1745322249,kashef-k8s-ctl.media-frontend-6b66b95ff4-42hwg,container_memory_working_set_bytes,62459904.0
1745322249,kashef-k8s-w1.social-graph-redis-5bbd5b7458-7fcvv,container_memory_working_set_bytes,4046848.0
1745322249,kashef-k8s-w1.home-timeline-service-5754ffbc6d-kntl9,container_memory_working_set_bytes,1937408.0
1745322249,kashef-k8s-ctl.user-mention-service-5c4f566c5-qlj9z,container_memory_working_set_bytes,2924544.0
1745322249,kashef-k8s-ctl.url-shorten-mongodb-57c886d5f8-jqtpp,container_memory_working_set_bytes,60321792.0
1745322249,kashef-k8s-ctl.compose-post-service-f587bf89d-dd7kf,container_memory_working_set_bytes,2359296.0
1745322249,kashef-k8s-w1.media-mongodb-7b64c59567-pm2pj,container_memory_working_set_bytes,62050304.0
1745322249,kashef-k8s-w1.temp-debug-alt,container_memory_working_set_bytes,1175552.0
1745322249,kashef-k8s-w1.home-timeline-redis-6c6647df6f-dv494,container_memory_working_set_bytes,4050944.0
1745322249,kashef-k8s-w1.url-shorten-service-66949ddcc4-468ds,container_memory_working_set_bytes,2838528.0
1745322249,kashef-k8s-w1.user-timeline-redis-67cc95bc57-2zhdt,container_memory_working_set_bytes,4034560.0
1745322249,kashef-k8s-ctl.url-shorten-memcached-6546746864-btbq8,container_memory_working_set_bytes,2580480.0
1745322249,kashef-k8s-w1.social-graph-mongodb-55df767ff5-wwlmr,container_memory_working_set_bytes,60358656.0
1745322249,kashef-k8s-ctl.text-service-fff64b8bf-wp774,container_memory_working_set_bytes,2162688.0
1745322249,kashef-k8s-w1.user-mongodb-7745bbd78-kqpbp,container_memory_working_set_bytes,60727296.0
1745322249,kashef-k8s-w1.nginx-thrift-79478f9bf5-5zdh4,container_memory_working_set_bytes,87785472.0
1745322249,kashef-k8s-ctl.media-service-6c665c775d-m5vf4,container_memory_working_set_bytes,1974272.0
1745322249,kashef-k8s-ctl.user-timeline-service-664c7f6696-hz5xq,container_memory_working_set_bytes,2502656.0
1745322249,kashef-k8s-w1.user-timeline-mongodb-6758898d48-4w2f2,container_memory_working_set_bytes,60321792.0
1745322249,kashef-k8s-ctl.unique-id-service-694497b678-2p45f,container_memory_working_set_bytes,1986560.0
1745322249,kashef-k8s-w1.user-service-547b88cd8f-lp8p9,container_memory_working_set_bytes,2859008.0
1745322249,kashef-k8s-ctl.jaeger-67997f9775-8jsbw,container_memory_working_set_bytes,10108928.0
1745322249,kashef-k8s-ctl.post-storage-memcached-6b75788fc6-5wwtc,container_memory_working_set_bytes,2576384.0
1745322249,kashef-k8s-w1.media-memcached-7889bdfdfb-4hjbd,container_memory_working_set_bytes,2600960.0
1745322249,kashef-k8s-w1.social-graph-service-677dbc655c-sg995,container_memory_working_set_bytes,2486272.0
1745322252,kashef-k8s-w1.social-graph-mongodb-55df767ff5-wwlmr,container_memory_working_set_bytes,60358656.0
1745322252,kashef-k8s-w1.user-service-547b88cd8f-lp8p9,container_memory_working_set_bytes,2859008.0
1745322252,kashef-k8s-ctl.jaeger-67997f9775-8jsbw,container_memory_working_set_bytes,10108928.0
1745322252,kashef-k8s-w1.social-graph-redis-5bbd5b7458-7fcvv,container_memory_working_set_bytes,4046848.0
1745322252,kashef-k8s-w1.media-memcached-7889bdfdfb-4hjbd,container_memory_working_set_bytes,2600960.0
1745322252,kashef-k8s-w1.user-mongodb-7745bbd78-kqpbp,container_memory_working_set_bytes,60727296.0
1745322252,kashef-k8s-ctl.url-shorten-memcached-6546746864-btbq8,container_memory_working_set_bytes,2580480.0
1745322252,kashef-k8s-w1.url-shorten-service-66949ddcc4-468ds,container_memory_working_set_bytes,2838528.0
1745322252,kashef-k8s-ctl.media-service-6c665c775d-m5vf4,container_memory_working_set_bytes,1974272.0
1745322252,kashef-k8s-w1.social-graph-service-677dbc655c-sg995,container_memory_working_set_bytes,2486272.0
1745322252,kashef-k8s-ctl.url-shorten-mongodb-57c886d5f8-jqtpp,container_memory_working_set_bytes,60329984.0
1745322252,kashef-k8s-w1.home-timeline-service-5754ffbc6d-kntl9,container_memory_working_set_bytes,1937408.0
1745322252,kashef-k8s-ctl.post-storage-mongodb-5579669d8c-nfwpl,container_memory_working_set_bytes,60338176.0
1745322252,kashef-k8s-ctl.compose-post-service-f587bf89d-dd7kf,container_memory_working_set_bytes,2359296.0
1745322252,kashef-k8s-ctl.post-storage-memcached-6b75788fc6-5wwtc,container_memory_working_set_bytes,2576384.0
1745322252,kashef-k8s-ctl.user-mention-service-5c4f566c5-qlj9z,container_memory_working_set_bytes,2924544.0
1745322252,kashef-k8s-w1.home-timeline-redis-6c6647df6f-dv494,container_memory_working_set_bytes,4050944.0
1745322252,kashef-k8s-w1.post-storage-service-66c9966f5f-n629t,container_memory_working_set_bytes,2707456.0
1745322252,kashef-k8s-ctl.user-timeline-service-664c7f6696-hz5xq,container_memory_working_set_bytes,2502656.0
1745322252,kashef-k8s-ctl.text-service-fff64b8bf-wp774,container_memory_working_set_bytes,2162688.0
1745322252,kashef-k8s-ctl.unique-id-service-694497b678-2p45f,container_memory_working_set_bytes,1986560.0
1745322252,kashef-k8s-ctl.user-memcached-59687c864d-wdcgs,container_memory_working_set_bytes,2699264.0
1745322252,kashef-k8s-w1.user-timeline-redis-67cc95bc57-2zhdt,container_memory_working_set_bytes,4034560.0
1745322252,kashef-k8s-w1.nginx-thrift-79478f9bf5-5zdh4,container_memory_working_set_bytes,87785472.0
1745322252,kashef-k8s-w1.user-timeline-mongodb-6758898d48-4w2f2,container_memory_working_set_bytes,60321792.0
1745322252,kashef-k8s-w1.temp-debug-alt,container_memory_working_set_bytes,1175552.0
1745322252,kashef-k8s-w1.media-mongodb-7b64c59567-pm2pj,container_memory_working_set_bytes,62050304.0
1745322252,kashef-k8s-ctl.media-frontend-6b66b95ff4-42hwg,container_memory_working_set_bytes,62459904.0
1745322255,kashef-k8s-w1.media-memcached-7889bdfdfb-4hjbd,container_memory_working_set_bytes,2600960.0
1745322255,kashef-k8s-ctl.url-shorten-memcached-6546746864-btbq8,container_memory_working_set_bytes,2580480.0
1745322255,kashef-k8s-w1.social-graph-redis-5bbd5b7458-7fcvv,container_memory_working_set_bytes,4046848.0
1745322255,kashef-k8s-w1.user-service-547b88cd8f-lp8p9,container_memory_working_set_bytes,2859008.0
1745322255,kashef-k8s-ctl.url-shorten-mongodb-57c886d5f8-jqtpp,container_memory_working_set_bytes,60329984.0
1745322255,kashef-k8s-ctl.compose-post-service-f587bf89d-dd7kf,container_memory_working_set_bytes,2359296.0
1745322255,kashef-k8s-w1.home-timeline-service-5754ffbc6d-kntl9,container_memory_working_set_bytes,1937408.0
1745322255,kashef-k8s-ctl.post-storage-memcached-6b75788fc6-5wwtc,container_memory_working_set_bytes,2576384.0
1745322255,kashef-k8s-w1.media-mongodb-7b64c59567-pm2pj,container_memory_working_set_bytes,62050304.0
1745322255,kashef-k8s-w1.home-timeline-redis-6c6647df6f-dv494,container_memory_working_set_bytes,4050944.0
1745322255,kashef-k8s-ctl.jaeger-67997f9775-8jsbw,container_memory_working_set_bytes,10108928.0
1745322255,kashef-k8s-w1.temp-debug-alt,container_memory_working_set_bytes,1175552.0
1745322255,kashef-k8s-ctl.user-mention-service-5c4f566c5-qlj9z,container_memory_working_set_bytes,2797568.0
1745322255,kashef-k8s-ctl.media-service-6c665c775d-m5vf4,container_memory_working_set_bytes,1974272.0
1745322255,kashef-k8s-w1.social-graph-mongodb-55df767ff5-wwlmr,container_memory_working_set_bytes,60358656.0
1745322255,kashef-k8s-w1.url-shorten-service-66949ddcc4-468ds,container_memory_working_set_bytes,2838528.0
1745322255,kashef-k8s-ctl.text-service-fff64b8bf-wp774,container_memory_working_set_bytes,2162688.0
1745322255,kashef-k8s-w1.user-timeline-mongodb-6758898d48-4w2f2,container_memory_working_set_bytes,60321792.0
1745322255,kashef-k8s-ctl.post-storage-mongodb-5579669d8c-nfwpl,container_memory_working_set_bytes,60338176.0
1745322255,kashef-k8s-ctl.media-frontend-6b66b95ff4-42hwg,container_memory_working_set_bytes,62459904.0
1745322255,kashef-k8s-w1.social-graph-service-677dbc655c-sg995,container_memory_working_set_bytes,2486272.0
1745322255,kashef-k8s-ctl.unique-id-service-694497b678-2p45f,container_memory_working_set_bytes,1986560.0
1745322255,kashef-k8s-w1.user-mongodb-7745bbd78-kqpbp,container_memory_working_set_bytes,60727296.0
1745322255,kashef-k8s-w1.post-storage-service-66c9966f5f-n629t,container_memory_working_set_bytes,2707456.0
1745322255,kashef-k8s-ctl.user-memcached-59687c864d-wdcgs,container_memory_working_set_bytes,2699264.0
1745322255,kashef-k8s-ctl.user-timeline-service-664c7f6696-hz5xq,container_memory_working_set_bytes,2502656.0
1745322255,kashef-k8s-w1.nginx-thrift-79478f9bf5-5zdh4,container_memory_working_set_bytes,87785472.0
1745322255,kashef-k8s-w1.user-timeline-redis-67cc95bc57-2zhdt,container_memory_working_set_bytes,4034560.0
1745322258,kashef-k8s-w1.nginx-thrift-79478f9bf5-5zdh4,container_memory_working_set_bytes,87785472.0
1745322258,kashef-k8s-w1.post-storage-service-66c9966f5f-n629t,container_memory_working_set_bytes,2707456.0
1745322258,kashef-k8s-w1.user-timeline-redis-67cc95bc57-2zhdt,container_memory_working_set_bytes,4034560.0
1745322258,kashef-k8s-w1.social-graph-service-677dbc655c-sg995,container_memory_working_set_bytes,2486272.0
1745322258,kashef-k8s-ctl.user-timeline-service-664c7f6696-hz5xq,container_memory_working_set_bytes,2502656.0
1745322258,kashef-k8s-w1.user-service-547b88cd8f-lp8p9,container_memory_working_set_bytes,2859008.0
1745322258,kashef-k8s-ctl.media-frontend-6b66b95ff4-42hwg,container_memory_working_set_bytes,62459904.0
1745322258,kashef-k8s-w1.user-mongodb-7745bbd78-kqpbp,container_memory_working_set_bytes,60727296.0
1745322258,kashef-k8s-ctl.unique-id-service-694497b678-2p45f,container_memory_working_set_bytes,1986560.0
1745322258,kashef-k8s-w1.user-timeline-mongodb-6758898d48-4w2f2,container_memory_working_set_bytes,60321792.0
1745322258,kashef-k8s-w1.home-timeline-service-5754ffbc6d-kntl9,container_memory_working_set_bytes,1937408.0
1745322258,kashef-k8s-ctl.url-shorten-mongodb-57c886d5f8-jqtpp,container_memory_working_set_bytes,60329984.0
1745322258,kashef-k8s-w1.temp-debug-alt,container_memory_working_set_bytes,1175552.0
1745322258,kashef-k8s-ctl.user-memcached-59687c864d-wdcgs,container_memory_working_set_bytes,2699264.0
1745322258,kashef-k8s-ctl.text-service-fff64b8bf-wp774,container_memory_working_set_bytes,2162688.0
1745322258,kashef-k8s-ctl.post-storage-memcached-6b75788fc6-5wwtc,container_memory_working_set_bytes,2576384.0
1745322258,kashef-k8s-w1.media-mongodb-7b64c59567-pm2pj,container_memory_working_set_bytes,62050304.0
1745322258,kashef-k8s-ctl.compose-post-service-f587bf89d-dd7kf,container_memory_working_set_bytes,2359296.0
1745322258,kashef-k8s-w1.home-timeline-redis-6c6647df6f-dv494,container_memory_working_set_bytes,4050944.0
1745322258,kashef-k8s-ctl.jaeger-67997f9775-8jsbw,container_memory_working_set_bytes,10108928.0
1745322258,kashef-k8s-ctl.user-mention-service-5c4f566c5-qlj9z,container_memory_working_set_bytes,2797568.0
1745322258,kashef-k8s-ctl.post-storage-mongodb-5579669d8c-nfwpl,container_memory_working_set_bytes,60338176.0
1745322258,kashef-k8s-ctl.url-shorten-memcached-6546746864-btbq8,container_memory_working_set_bytes,2580480.0
1745322258,kashef-k8s-w1.social-graph-mongodb-55df767ff5-wwlmr,container_memory_working_set_bytes,60358656.0
1745322258,kashef-k8s-w1.media-memcached-7889bdfdfb-4hjbd,container_memory_working_set_bytes,2600960.0
1745322258,kashef-k8s-ctl.media-service-6c665c775d-m5vf4,container_memory_working_set_bytes,1974272.0
1745322258,kashef-k8s-w1.social-graph-redis-5bbd5b7458-7fcvv,container_memory_working_set_bytes,4046848.0
1745322258,kashef-k8s-w1.url-shorten-service-66949ddcc4-468ds,container_memory_working_set_bytes,2838528.0
1745322261,kashef-k8s-w1.user-timeline-mongodb-6758898d48-4w2f2,container_memory_working_set_bytes,60321792.0
1745322261,kashef-k8s-ctl.text-service-fff64b8bf-wp774,container_memory_working_set_bytes,2162688.0
1745322261,kashef-k8s-ctl.compose-post-service-f587bf89d-dd7kf,container_memory_working_set_bytes,2359296.0
1745322261,kashef-k8s-ctl.url-shorten-mongodb-57c886d5f8-jqtpp,container_memory_working_set_bytes,60329984.0
1745322261,kashef-k8s-w1.user-mongodb-7745bbd78-kqpbp,container_memory_working_set_bytes,60727296.0
1745322261,kashef-k8s-w1.user-service-547b88cd8f-lp8p9,container_memory_working_set_bytes,2859008.0
1745322261,kashef-k8s-w1.social-graph-service-677dbc655c-sg995,container_memory_working_set_bytes,2486272.0
1745322261,kashef-k8s-ctl.user-timeline-service-664c7f6696-hz5xq,container_memory_working_set_bytes,2502656.0
1745322261,kashef-k8s-ctl.unique-id-service-694497b678-2p45f,container_memory_working_set_bytes,1986560.0
1745322261,kashef-k8s-ctl.media-frontend-6b66b95ff4-42hwg,container_memory_working_set_bytes,62459904.0
1745322261,kashef-k8s-w1.home-timeline-redis-6c6647df6f-dv494,container_memory_working_set_bytes,4050944.0
1745322261,kashef-k8s-ctl.jaeger-67997f9775-8jsbw,container_memory_working_set_bytes,10108928.0
1745322261,kashef-k8s-w1.post-storage-service-66c9966f5f-n629t,container_memory_working_set_bytes,2707456.0
1745322261,kashef-k8s-w1.home-timeline-service-5754ffbc6d-kntl9,container_memory_working_set_bytes,1937408.0
1745322261,kashef-k8s-w1.social-graph-redis-5bbd5b7458-7fcvv,container_memory_working_set_bytes,4046848.0
1745322261,kashef-k8s-ctl.post-storage-mongodb-5579669d8c-nfwpl,container_memory_working_set_bytes,60416000.0
1745322261,kashef-k8s-ctl.user-mention-service-5c4f566c5-qlj9z,container_memory_working_set_bytes,2797568.0
1745322261,kashef-k8s-ctl.post-storage-memcached-6b75788fc6-5wwtc,container_memory_working_set_bytes,2576384.0
1745322261,kashef-k8s-w1.media-mongodb-7b64c59567-pm2pj,container_memory_working_set_bytes,62103552.0
1745322261,kashef-k8s-w1.media-memcached-7889bdfdfb-4hjbd,container_memory_working_set_bytes,2600960.0
1745322261,kashef-k8s-w1.nginx-thrift-79478f9bf5-5zdh4,container_memory_working_set_bytes,87785472.0
1745322261,kashef-k8s-ctl.media-service-6c665c775d-m5vf4,container_memory_working_set_bytes,1974272.0
1745322261,kashef-k8s-w1.url-shorten-service-66949ddcc4-468ds,container_memory_working_set_bytes,2838528.0
1745322261,kashef-k8s-w1.social-graph-mongodb-55df767ff5-wwlmr,container_memory_working_set_bytes,60358656.0
1745322261,kashef-k8s-w1.temp-debug-alt,container_memory_working_set_bytes,1175552.0
1745322261,kashef-k8s-ctl.user-memcached-59687c864d-wdcgs,container_memory_working_set_bytes,2699264.0
1745322261,kashef-k8s-w1.user-timeline-redis-67cc95bc57-2zhdt,container_memory_working_set_bytes,4034560.0
1745322261,kashef-k8s-ctl.url-shorten-memcached-6546746864-btbq8,container_memory_working_set_bytes,2580480.0
1745322264,kashef-k8s-w1.user-timeline-redis-67cc95bc57-2zhdt,container_memory_working_set_bytes,4034560.0
1745322264,kashef-k8s-ctl.post-storage-memcached-6b75788fc6-5wwtc,container_memory_working_set_bytes,2576384.0
1745322264,kashef-k8s-ctl.url-shorten-memcached-6546746864-btbq8,container_memory_working_set_bytes,2580480.0
1745322264,kashef-k8s-ctl.user-timeline-service-664c7f6696-hz5xq,container_memory_working_set_bytes,2502656.0
1745322264,kashef-k8s-w1.media-mongodb-7b64c59567-pm2pj,container_memory_working_set_bytes,62103552.0
1745322264,kashef-k8s-ctl.post-storage-mongodb-5579669d8c-nfwpl,container_memory_working_set_bytes,60416000.0
1745322264,kashef-k8s-ctl.user-mention-service-5c4f566c5-qlj9z,container_memory_working_set_bytes,2797568.0
1745322264,kashef-k8s-ctl.user-memcached-59687c864d-wdcgs,container_memory_working_set_bytes,2699264.0
1745322264,kashef-k8s-ctl.media-frontend-6b66b95ff4-42hwg,container_memory_working_set_bytes,62459904.0
1745322264,kashef-k8s-w1.social-graph-service-677dbc655c-sg995,container_memory_working_set_bytes,2486272.0
1745322264,kashef-k8s-w1.temp-debug-alt,container_memory_working_set_bytes,1175552.0
1745322264,kashef-k8s-w1.home-timeline-redis-6c6647df6f-dv494,container_memory_working_set_bytes,4050944.0
1745322264,kashef-k8s-w1.user-timeline-mongodb-6758898d48-4w2f2,container_memory_working_set_bytes,60321792.0
1745322264,kashef-k8s-w1.home-timeline-service-5754ffbc6d-kntl9,container_memory_working_set_bytes,1937408.0
1745322264,kashef-k8s-ctl.jaeger-67997f9775-8jsbw,container_memory_working_set_bytes,10108928.0
1745322264,kashef-k8s-ctl.text-service-fff64b8bf-wp774,container_memory_working_set_bytes,2162688.0
1745322264,kashef-k8s-w1.user-service-547b88cd8f-lp8p9,container_memory_working_set_bytes,2859008.0
1745322264,kashef-k8s-ctl.media-service-6c665c775d-m5vf4,container_memory_working_set_bytes,1974272.0
1745322264,kashef-k8s-ctl.url-shorten-mongodb-57c886d5f8-jqtpp,container_memory_working_set_bytes,60329984.0
1745322264,kashef-k8s-ctl.unique-id-service-694497b678-2p45f,container_memory_working_set_bytes,1986560.0
1745322264,kashef-k8s-w1.post-storage-service-66c9966f5f-n629t,container_memory_working_set_bytes,2707456.0
1745322264,kashef-k8s-w1.social-graph-mongodb-55df767ff5-wwlmr,container_memory_working_set_bytes,60358656.0
1745322264,kashef-k8s-w1.nginx-thrift-79478f9bf5-5zdh4,container_memory_working_set_bytes,87785472.0
1745322264,kashef-k8s-w1.user-mongodb-7745bbd78-kqpbp,container_memory_working_set_bytes,60727296.0
1745322264,kashef-k8s-w1.social-graph-redis-5bbd5b7458-7fcvv,container_memory_working_set_bytes,4046848.0
1745322264,kashef-k8s-w1.url-shorten-service-66949ddcc4-468ds,container_memory_working_set_bytes,2838528.0
1745322264,kashef-k8s-ctl.compose-post-service-f587bf89d-dd7kf,container_memory_working_set_bytes,2359296.0
1745322264,kashef-k8s-w1.media-memcached-7889bdfdfb-4hjbd,container_memory_working_set_bytes,2600960.0
1745322267,kashef-k8s-w1.user-timeline-redis-67cc95bc57-2zhdt,container_memory_working_set_bytes,4034560.0
1745322267,kashef-k8s-w1.social-graph-mongodb-55df767ff5-wwlmr,container_memory_working_set_bytes,60358656.0
1745322267,kashef-k8s-ctl.text-service-fff64b8bf-wp774,container_memory_working_set_bytes,2162688.0
1745322267,kashef-k8s-w1.url-shorten-service-66949ddcc4-468ds,container_memory_working_set_bytes,2838528.0
1745322267,kashef-k8s-ctl.media-service-6c665c775d-m5vf4,container_memory_working_set_bytes,1974272.0
1745322267,kashef-k8s-w1.temp-debug-alt,container_memory_working_set_bytes,1175552.0
1745322267,kashef-k8s-w1.nginx-thrift-79478f9bf5-5zdh4,container_memory_working_set_bytes,87785472.0
1745322267,kashef-k8s-ctl.user-mention-service-5c4f566c5-qlj9z,container_memory_working_set_bytes,2797568.0
1745322267,kashef-k8s-w1.media-mongodb-7b64c59567-pm2pj,container_memory_working_set_bytes,62103552.0
1745322267,kashef-k8s-w1.post-storage-service-66c9966f5f-n629t,container_memory_working_set_bytes,2707456.0
1745322267,kashef-k8s-w1.media-memcached-7889bdfdfb-4hjbd,container_memory_working_set_bytes,2600960.0
1745322267,kashef-k8s-ctl.jaeger-67997f9775-8jsbw,container_memory_working_set_bytes,10108928.0
1745322267,kashef-k8s-ctl.post-storage-memcached-6b75788fc6-5wwtc,container_memory_working_set_bytes,2576384.0
1745322267,kashef-k8s-w1.user-service-547b88cd8f-lp8p9,container_memory_working_set_bytes,2859008.0
1745322267,kashef-k8s-w1.social-graph-redis-5bbd5b7458-7fcvv,container_memory_working_set_bytes,4046848.0
1745322267,kashef-k8s-ctl.compose-post-service-f587bf89d-dd7kf,container_memory_working_set_bytes,2359296.0
1745322267,kashef-k8s-ctl.url-shorten-mongodb-57c886d5f8-jqtpp,container_memory_working_set_bytes,60329984.0
1745322267,kashef-k8s-ctl.unique-id-service-694497b678-2p45f,container_memory_working_set_bytes,1986560.0
1745322267,kashef-k8s-w1.user-mongodb-7745bbd78-kqpbp,container_memory_working_set_bytes,60899328.0
1745322267,kashef-k8s-w1.social-graph-service-677dbc655c-sg995,container_memory_working_set_bytes,2486272.0
1745322267,kashef-k8s-w1.home-timeline-service-5754ffbc6d-kntl9,container_memory_working_set_bytes,1937408.0
1745322267,kashef-k8s-ctl.url-shorten-memcached-6546746864-btbq8,container_memory_working_set_bytes,2580480.0
1745322267,kashef-k8s-w1.user-timeline-mongodb-6758898d48-4w2f2,container_memory_working_set_bytes,60321792.0
1745322267,kashef-k8s-ctl.user-timeline-service-664c7f6696-hz5xq,container_memory_working_set_bytes,2502656.0
1745322267,kashef-k8s-ctl.user-memcached-59687c864d-wdcgs,container_memory_working_set_bytes,2699264.0
1745322267,kashef-k8s-ctl.post-storage-mongodb-5579669d8c-nfwpl,container_memory_working_set_bytes,60416000.0
1745322267,kashef-k8s-ctl.media-frontend-6b66b95ff4-42hwg,container_memory_working_set_bytes,62459904.0
1745322267,kashef-k8s-w1.home-timeline-redis-6c6647df6f-dv494,container_memory_working_set_bytes,4050944.0
1745322270,kashef-k8s-w1.home-timeline-service-5754ffbc6d-kntl9,container_memory_working_set_bytes,1937408.0
1745322270,kashef-k8s-ctl.post-storage-mongodb-5579669d8c-nfwpl,container_memory_working_set_bytes,60416000.0
1745322270,kashef-k8s-w1.user-service-547b88cd8f-lp8p9,container_memory_working_set_bytes,2859008.0
1745322270,kashef-k8s-w1.url-shorten-service-66949ddcc4-468ds,container_memory_working_set_bytes,2838528.0
1745322270,kashef-k8s-w1.social-graph-mongodb-55df767ff5-wwlmr,container_memory_working_set_bytes,60358656.0
1745322270,kashef-k8s-w1.user-timeline-redis-67cc95bc57-2zhdt,container_memory_working_set_bytes,4034560.0
1745322270,kashef-k8s-ctl.jaeger-67997f9775-8jsbw,container_memory_working_set_bytes,10108928.0
1745322270,kashef-k8s-ctl.compose-post-service-f587bf89d-dd7kf,container_memory_working_set_bytes,2359296.0
1745322270,kashef-k8s-w1.social-graph-redis-5bbd5b7458-7fcvv,container_memory_working_set_bytes,4046848.0
1745322270,kashef-k8s-ctl.url-shorten-mongodb-57c886d5f8-jqtpp,container_memory_working_set_bytes,60329984.0
1745322270,kashef-k8s-ctl.url-shorten-memcached-6546746864-btbq8,container_memory_working_set_bytes,2580480.0
1745322270,kashef-k8s-ctl.text-service-fff64b8bf-wp774,container_memory_working_set_bytes,2162688.0
1745322270,kashef-k8s-ctl.media-service-6c665c775d-m5vf4,container_memory_working_set_bytes,1974272.0
1745322270,kashef-k8s-w1.nginx-thrift-79478f9bf5-5zdh4,container_memory_working_set_bytes,87785472.0
1745322270,kashef-k8s-ctl.unique-id-service-694497b678-2p45f,container_memory_working_set_bytes,1986560.0
1745322270,kashef-k8s-w1.social-graph-service-677dbc655c-sg995,container_memory_working_set_bytes,2486272.0
1745322270,kashef-k8s-ctl.user-memcached-59687c864d-wdcgs,container_memory_working_set_bytes,2699264.0
1745322270,kashef-k8s-w1.media-memcached-7889bdfdfb-4hjbd,container_memory_working_set_bytes,2600960.0
1745322270,kashef-k8s-w1.home-timeline-redis-6c6647df6f-dv494,container_memory_working_set_bytes,4050944.0
1745322270,kashef-k8s-w1.user-mongodb-7745bbd78-kqpbp,container_memory_working_set_bytes,60899328.0
1745322270,kashef-k8s-w1.temp-debug-alt,container_memory_working_set_bytes,1175552.0
1745322270,kashef-k8s-w1.post-storage-service-66c9966f5f-n629t,container_memory_working_set_bytes,2707456.0
1745322270,kashef-k8s-ctl.post-storage-memcached-6b75788fc6-5wwtc,container_memory_working_set_bytes,2576384.0
1745322270,kashef-k8s-ctl.user-timeline-service-664c7f6696-hz5xq,container_memory_working_set_bytes,2502656.0
1745322270,kashef-k8s-w1.user-timeline-mongodb-6758898d48-4w2f2,container_memory_working_set_bytes,60321792.0
1745322270,kashef-k8s-w1.media-mongodb-7b64c59567-pm2pj,container_memory_working_set_bytes,62103552.0
1745322270,kashef-k8s-ctl.media-frontend-6b66b95ff4-42hwg,container_memory_working_set_bytes,62459904.0
1745322270,kashef-k8s-ctl.user-mention-service-5c4f566c5-qlj9z,container_memory_working_set_bytes,2797568.0
1745322273,kashef-k8s-ctl.url-shorten-memcached-6546746864-btbq8,container_memory_working_set_bytes,2580480.0
1745322273,kashef-k8s-w1.media-mongodb-7b64c59567-pm2pj,container_memory_working_set_bytes,62103552.0
1745322273,kashef-k8s-w1.social-graph-service-677dbc655c-sg995,container_memory_working_set_bytes,2486272.0
1745322273,kashef-k8s-ctl.user-mention-service-5c4f566c5-qlj9z,container_memory_working_set_bytes,2797568.0
1745322273,kashef-k8s-ctl.jaeger-67997f9775-8jsbw,container_memory_working_set_bytes,10108928.0
1745322273,kashef-k8s-ctl.post-storage-mongodb-5579669d8c-nfwpl,container_memory_working_set_bytes,60416000.0
1745322273,kashef-k8s-w1.user-service-547b88cd8f-lp8p9,container_memory_working_set_bytes,2859008.0
1745322273,kashef-k8s-w1.temp-debug-alt,container_memory_working_set_bytes,1175552.0
1745322273,kashef-k8s-w1.user-timeline-mongodb-6758898d48-4w2f2,container_memory_working_set_bytes,60522496.0
1745322273,kashef-k8s-ctl.url-shorten-mongodb-57c886d5f8-jqtpp,container_memory_working_set_bytes,60329984.0
1745322273,kashef-k8s-ctl.compose-post-service-f587bf89d-dd7kf,container_memory_working_set_bytes,2359296.0
1745322273,kashef-k8s-ctl.unique-id-service-694497b678-2p45f,container_memory_working_set_bytes,1986560.0
1745322273,kashef-k8s-w1.media-memcached-7889bdfdfb-4hjbd,container_memory_working_set_bytes,2600960.0
1745322273,kashef-k8s-w1.home-timeline-redis-6c6647df6f-dv494,container_memory_working_set_bytes,4050944.0
1745322273,kashef-k8s-ctl.user-memcached-59687c864d-wdcgs,container_memory_working_set_bytes,2699264.0
1745322273,kashef-k8s-ctl.media-frontend-6b66b95ff4-42hwg,container_memory_working_set_bytes,62459904.0
1745322273,kashef-k8s-ctl.post-storage-memcached-6b75788fc6-5wwtc,container_memory_working_set_bytes,2576384.0
1745322273,kashef-k8s-w1.user-mongodb-7745bbd78-kqpbp,container_memory_working_set_bytes,60899328.0
1745322273,kashef-k8s-ctl.media-service-6c665c775d-m5vf4,container_memory_working_set_bytes,1974272.0
1745322273,kashef-k8s-w1.social-graph-redis-5bbd5b7458-7fcvv,container_memory_working_set_bytes,4046848.0
1745322273,kashef-k8s-ctl.user-timeline-service-664c7f6696-hz5xq,container_memory_working_set_bytes,2502656.0
1745322273,kashef-k8s-w1.user-timeline-redis-67cc95bc57-2zhdt,container_memory_working_set_bytes,4034560.0
1745322273,kashef-k8s-w1.nginx-thrift-79478f9bf5-5zdh4,container_memory_working_set_bytes,87785472.0
1745322273,kashef-k8s-ctl.text-service-fff64b8bf-wp774,container_memory_working_set_bytes,2162688.0
1745322273,kashef-k8s-w1.home-timeline-service-5754ffbc6d-kntl9,container_memory_working_set_bytes,1937408.0
1745322273,kashef-k8s-w1.post-storage-service-66c9966f5f-n629t,container_memory_working_set_bytes,2707456.0
1745322273,kashef-k8s-w1.url-shorten-service-66949ddcc4-468ds,container_memory_working_set_bytes,2838528.0
1745322273,kashef-k8s-w1.social-graph-mongodb-55df767ff5-wwlmr,container_memory_working_set_bytes,60428288.0
1745322276,kashef-k8s-w1.user-timeline-redis-67cc95bc57-2zhdt,container_memory_working_set_bytes,4034560.0
1745322276,kashef-k8s-w1.url-shorten-service-66949ddcc4-468ds,container_memory_working_set_bytes,2838528.0
1745322276,kashef-k8s-w1.nginx-thrift-79478f9bf5-5zdh4,container_memory_working_set_bytes,87785472.0
1745322276,kashef-k8s-ctl.text-service-fff64b8bf-wp774,container_memory_working_set_bytes,2162688.0
1745322276,kashef-k8s-ctl.user-mention-service-5c4f566c5-qlj9z,container_memory_working_set_bytes,2797568.0
1745322276,kashef-k8s-ctl.jaeger-67997f9775-8jsbw,container_memory_working_set_bytes,10149888.0
1745322276,kashef-k8s-w1.temp-debug-alt,container_memory_working_set_bytes,1175552.0
1745322276,kashef-k8s-ctl.user-memcached-59687c864d-wdcgs,container_memory_working_set_bytes,2699264.0
1745322276,kashef-k8s-ctl.post-storage-mongodb-5579669d8c-nfwpl,container_memory_working_set_bytes,60416000.0
1745322276,kashef-k8s-ctl.url-shorten-mongodb-57c886d5f8-jqtpp,container_memory_working_set_bytes,60329984.0
1745322276,kashef-k8s-w1.user-service-547b88cd8f-lp8p9,container_memory_working_set_bytes,2859008.0
1745322276,kashef-k8s-w1.user-timeline-mongodb-6758898d48-4w2f2,container_memory_working_set_bytes,60522496.0
1745322276,kashef-k8s-w1.social-graph-redis-5bbd5b7458-7fcvv,container_memory_working_set_bytes,4046848.0
1745322276,kashef-k8s-ctl.compose-post-service-f587bf89d-dd7kf,container_memory_working_set_bytes,2359296.0
1745322276,kashef-k8s-w1.user-mongodb-7745bbd78-kqpbp,container_memory_working_set_bytes,60899328.0
1745322276,kashef-k8s-ctl.unique-id-service-694497b678-2p45f,container_memory_working_set_bytes,1986560.0
1745322276,kashef-k8s-w1.home-timeline-redis-6c6647df6f-dv494,container_memory_working_set_bytes,4050944.0
1745322276,kashef-k8s-ctl.url-shorten-memcached-6546746864-btbq8,container_memory_working_set_bytes,2580480.0
1745322276,kashef-k8s-ctl.media-service-6c665c775d-m5vf4,container_memory_working_set_bytes,1974272.0
1745322276,kashef-k8s-ctl.user-timeline-service-664c7f6696-hz5xq,container_memory_working_set_bytes,2502656.0
1745322276,kashef-k8s-ctl.media-frontend-6b66b95ff4-42hwg,container_memory_working_set_bytes,62459904.0
1745322276,kashef-k8s-ctl.post-storage-memcached-6b75788fc6-5wwtc,container_memory_working_set_bytes,2576384.0
1745322276,kashef-k8s-w1.media-memcached-7889bdfdfb-4hjbd,container_memory_working_set_bytes,2600960.0
1745322276,kashef-k8s-w1.media-mongodb-7b64c59567-pm2pj,container_memory_working_set_bytes,62103552.0
1745322276,kashef-k8s-w1.social-graph-mongodb-55df767ff5-wwlmr,container_memory_working_set_bytes,60428288.0
1745322276,kashef-k8s-w1.home-timeline-service-5754ffbc6d-kntl9,container_memory_working_set_bytes,1937408.0
1745322276,kashef-k8s-w1.social-graph-service-677dbc655c-sg995,container_memory_working_set_bytes,2486272.0
1745322276,kashef-k8s-w1.post-storage-service-66c9966f5f-n629t,container_memory_working_set_bytes,2707456.0
1745322279,kashef-k8s-w1.social-graph-service-677dbc655c-sg995,container_memory_working_set_bytes,2486272.0
1745322279,kashef-k8s-w1.post-storage-service-66c9966f5f-n629t,container_memory_working_set_bytes,2707456.0
1745322279,kashef-k8s-w1.media-memcached-7889bdfdfb-4hjbd,container_memory_working_set_bytes,2600960.0
1745322279,kashef-k8s-w1.url-shorten-service-66949ddcc4-468ds,container_memory_working_set_bytes,2838528.0
1745322279,kashef-k8s-ctl.post-storage-memcached-6b75788fc6-5wwtc,container_memory_working_set_bytes,2576384.0
1745322279,kashef-k8s-ctl.media-service-6c665c775d-m5vf4,container_memory_working_set_bytes,1974272.0
1745322279,kashef-k8s-w1.home-timeline-service-5754ffbc6d-kntl9,container_memory_working_set_bytes,1937408.0
1745322279,kashef-k8s-w1.social-graph-mongodb-55df767ff5-wwlmr,container_memory_working_set_bytes,60428288.0
1745322279,kashef-k8s-w1.home-timeline-redis-6c6647df6f-dv494,container_memory_working_set_bytes,4050944.0
1745322279,kashef-k8s-ctl.url-shorten-memcached-6546746864-btbq8,container_memory_working_set_bytes,2580480.0
1745322279,kashef-k8s-ctl.text-service-fff64b8bf-wp774,container_memory_working_set_bytes,2162688.0
1745322279,kashef-k8s-w1.social-graph-redis-5bbd5b7458-7fcvv,container_memory_working_set_bytes,4046848.0
1745322279,kashef-k8s-ctl.user-timeline-service-664c7f6696-hz5xq,container_memory_working_set_bytes,2502656.0
1745322279,kashef-k8s-ctl.media-frontend-6b66b95ff4-42hwg,container_memory_working_set_bytes,62459904.0
1745322279,kashef-k8s-ctl.unique-id-service-694497b678-2p45f,container_memory_working_set_bytes,1986560.0
1745322279,kashef-k8s-w1.user-mongodb-7745bbd78-kqpbp,container_memory_working_set_bytes,60899328.0
1745322279,kashef-k8s-ctl.compose-post-service-f587bf89d-dd7kf,container_memory_working_set_bytes,2359296.0
1745322279,kashef-k8s-ctl.post-storage-mongodb-5579669d8c-nfwpl,container_memory_working_set_bytes,60416000.0
1745322279,kashef-k8s-ctl.user-mention-service-5c4f566c5-qlj9z,container_memory_working_set_bytes,2797568.0
1745322279,kashef-k8s-ctl.jaeger-67997f9775-8jsbw,container_memory_working_set_bytes,10149888.0
1745322279,kashef-k8s-w1.user-timeline-mongodb-6758898d48-4w2f2,container_memory_working_set_bytes,60522496.0
1745322279,kashef-k8s-w1.nginx-thrift-79478f9bf5-5zdh4,container_memory_working_set_bytes,87785472.0
1745322279,kashef-k8s-w1.user-timeline-redis-67cc95bc57-2zhdt,container_memory_working_set_bytes,4034560.0
1745322279,kashef-k8s-w1.media-mongodb-7b64c59567-pm2pj,container_memory_working_set_bytes,62103552.0
1745322279,kashef-k8s-ctl.user-memcached-59687c864d-wdcgs,container_memory_working_set_bytes,2699264.0
1745322279,kashef-k8s-w1.temp-debug-alt,container_memory_working_set_bytes,1175552.0
1745322279,kashef-k8s-w1.user-service-547b88cd8f-lp8p9,container_memory_working_set_bytes,2859008.0
1745322279,kashef-k8s-ctl.url-shorten-mongodb-57c886d5f8-jqtpp,container_memory_working_set_bytes,60329984.0
1745322282,kashef-k8s-w1.social-graph-mongodb-55df767ff5-wwlmr,container_memory_working_set_bytes,60428288.0
1745322282,kashef-k8s-ctl.post-storage-memcached-6b75788fc6-5wwtc,container_memory_working_set_bytes,2576384.0
1745322282,kashef-k8s-w1.social-graph-redis-5bbd5b7458-7fcvv,container_memory_working_set_bytes,4046848.0
1745322282,kashef-k8s-w1.home-timeline-service-5754ffbc6d-kntl9,container_memory_working_set_bytes,1937408.0
1745322282,kashef-k8s-ctl.compose-post-service-f587bf89d-dd7kf,container_memory_working_set_bytes,2359296.0
1745322282,kashef-k8s-ctl.text-service-fff64b8bf-wp774,container_memory_working_set_bytes,2162688.0
1745322282,kashef-k8s-ctl.unique-id-service-694497b678-2p45f,container_memory_working_set_bytes,1986560.0
1745322282,kashef-k8s-ctl.user-timeline-service-664c7f6696-hz5xq,container_memory_working_set_bytes,2502656.0
1745322282,kashef-k8s-ctl.media-frontend-6b66b95ff4-42hwg,container_memory_working_set_bytes,62459904.0
1745322282,kashef-k8s-w1.user-mongodb-7745bbd78-kqpbp,container_memory_working_set_bytes,60899328.0
1745322282,kashef-k8s-w1.user-timeline-mongodb-6758898d48-4w2f2,container_memory_working_set_bytes,60522496.0
1745322282,kashef-k8s-ctl.user-memcached-59687c864d-wdcgs,container_memory_working_set_bytes,2699264.0
1745322282,kashef-k8s-w1.url-shorten-service-66949ddcc4-468ds,container_memory_working_set_bytes,2838528.0
1745322282,kashef-k8s-ctl.post-storage-mongodb-5579669d8c-nfwpl,container_memory_working_set_bytes,60416000.0
1745322282,kashef-k8s-w1.media-memcached-7889bdfdfb-4hjbd,container_memory_working_set_bytes,2600960.0
1745322282,kashef-k8s-w1.user-service-547b88cd8f-lp8p9,container_memory_working_set_bytes,2859008.0
1745322282,kashef-k8s-w1.temp-debug-alt,container_memory_working_set_bytes,1175552.0
1745322282,kashef-k8s-ctl.user-mention-service-5c4f566c5-qlj9z,container_memory_working_set_bytes,2797568.0
1745322282,kashef-k8s-ctl.url-shorten-mongodb-57c886d5f8-jqtpp,container_memory_working_set_bytes,60665856.0
1745322282,kashef-k8s-w1.home-timeline-redis-6c6647df6f-dv494,container_memory_working_set_bytes,4050944.0
1745322282,kashef-k8s-w1.media-mongodb-7b64c59567-pm2pj,container_memory_working_set_bytes,62103552.0
1745322282,kashef-k8s-ctl.jaeger-67997f9775-8jsbw,container_memory_working_set_bytes,10149888.0
1745322282,kashef-k8s-w1.post-storage-service-66c9966f5f-n629t,container_memory_working_set_bytes,2707456.0
1745322282,kashef-k8s-ctl.media-service-6c665c775d-m5vf4,container_memory_working_set_bytes,1974272.0
1745322282,kashef-k8s-w1.user-timeline-redis-67cc95bc57-2zhdt,container_memory_working_set_bytes,4034560.0
1745322282,kashef-k8s-w1.nginx-thrift-79478f9bf5-5zdh4,container_memory_working_set_bytes,87785472.0
1745322282,kashef-k8s-ctl.url-shorten-memcached-6546746864-btbq8,container_memory_working_set_bytes,2580480.0
1745322282,kashef-k8s-w1.social-graph-service-677dbc655c-sg995,container_memory_working_set_bytes,2486272.0
1745322285,kashef-k8s-w1.social-graph-mongodb-55df767ff5-wwlmr,container_memory_working_set_bytes,60428288.0
1745322285,kashef-k8s-w1.social-graph-service-677dbc655c-sg995,container_memory_working_set_bytes,2486272.0
1745322285,kashef-k8s-w1.media-mongodb-7b64c59567-pm2pj,container_memory_working_set_bytes,62103552.0
1745322285,kashef-k8s-ctl.jaeger-67997f9775-8jsbw,container_memory_working_set_bytes,10149888.0
1745322285,kashef-k8s-ctl.user-mention-service-5c4f566c5-qlj9z,container_memory_working_set_bytes,2797568.0
1745322285,kashef-k8s-w1.user-service-547b88cd8f-lp8p9,container_memory_working_set_bytes,2859008.0
1745322285,kashef-k8s-w1.temp-debug-alt,container_memory_working_set_bytes,1175552.0
1745322285,kashef-k8s-w1.home-timeline-redis-6c6647df6f-dv494,container_memory_working_set_bytes,4050944.0
1745322285,kashef-k8s-ctl.user-memcached-59687c864d-wdcgs,container_memory_working_set_bytes,2699264.0
1745322285,kashef-k8s-ctl.text-service-fff64b8bf-wp774,container_memory_working_set_bytes,2162688.0
1745322285,kashef-k8s-ctl.user-timeline-service-664c7f6696-hz5xq,container_memory_working_set_bytes,2502656.0
1745322285,kashef-k8s-ctl.post-storage-memcached-6b75788fc6-5wwtc,container_memory_working_set_bytes,2576384.0
1745322285,kashef-k8s-ctl.unique-id-service-694497b678-2p45f,container_memory_working_set_bytes,1986560.0
1745322285,kashef-k8s-w1.user-timeline-mongodb-6758898d48-4w2f2,container_memory_working_set_bytes,60522496.0
1745322285,kashef-k8s-w1.social-graph-redis-5bbd5b7458-7fcvv,container_memory_working_set_bytes,4046848.0
1745322285,kashef-k8s-w1.nginx-thrift-79478f9bf5-5zdh4,container_memory_working_set_bytes,87785472.0
1745322285,kashef-k8s-w1.user-mongodb-7745bbd78-kqpbp,container_memory_working_set_bytes,60899328.0
1745322285,kashef-k8s-ctl.post-storage-mongodb-5579669d8c-nfwpl,container_memory_working_set_bytes,60542976.0
1745322285,kashef-k8s-ctl.url-shorten-memcached-6546746864-btbq8,container_memory_working_set_bytes,2580480.0
1745322285,kashef-k8s-w1.url-shorten-service-66949ddcc4-468ds,container_memory_working_set_bytes,2838528.0
1745322285,kashef-k8s-ctl.media-service-6c665c775d-m5vf4,container_memory_working_set_bytes,1974272.0
1745322285,kashef-k8s-w1.post-storage-service-66c9966f5f-n629t,container_memory_working_set_bytes,2707456.0
1745322285,kashef-k8s-w1.home-timeline-service-5754ffbc6d-kntl9,container_memory_working_set_bytes,1937408.0
1745322285,kashef-k8s-ctl.url-shorten-mongodb-57c886d5f8-jqtpp,container_memory_working_set_bytes,60665856.0
1745322285,kashef-k8s-w1.user-timeline-redis-67cc95bc57-2zhdt,container_memory_working_set_bytes,4034560.0
1745322285,kashef-k8s-ctl.compose-post-service-f587bf89d-dd7kf,container_memory_working_set_bytes,2359296.0
1745322285,kashef-k8s-ctl.media-frontend-6b66b95ff4-42hwg,container_memory_working_set_bytes,62459904.0
1745322285,kashef-k8s-w1.media-memcached-7889bdfdfb-4hjbd,container_memory_working_set_bytes,2600960.0
1745322288,kashef-k8s-w1.social-graph-redis-5bbd5b7458-7fcvv,container_memory_working_set_bytes,4046848.0
1745322288,kashef-k8s-w1.user-timeline-mongodb-6758898d48-4w2f2,container_memory_working_set_bytes,60522496.0
1745322288,kashef-k8s-ctl.text-service-fff64b8bf-wp774,container_memory_working_set_bytes,2162688.0
1745322288,kashef-k8s-w1.url-shorten-service-66949ddcc4-468ds,container_memory_working_set_bytes,2838528.0
1745322288,kashef-k8s-ctl.post-storage-memcached-6b75788fc6-5wwtc,container_memory_working_set_bytes,2576384.0
1745322288,kashef-k8s-ctl.user-memcached-59687c864d-wdcgs,container_memory_working_set_bytes,2699264.0
1745322288,kashef-k8s-ctl.compose-post-service-f587bf89d-dd7kf,container_memory_working_set_bytes,2359296.0
1745322288,kashef-k8s-w1.home-timeline-redis-6c6647df6f-dv494,container_memory_working_set_bytes,4050944.0
1745322288,kashef-k8s-w1.temp-debug-alt,container_memory_working_set_bytes,1175552.0
1745322288,kashef-k8s-ctl.unique-id-service-694497b678-2p45f,container_memory_working_set_bytes,1986560.0
1745322288,kashef-k8s-ctl.user-timeline-service-664c7f6696-hz5xq,container_memory_working_set_bytes,2502656.0
1745322288,kashef-k8s-w1.media-memcached-7889bdfdfb-4hjbd,container_memory_working_set_bytes,2600960.0
1745322288,kashef-k8s-ctl.jaeger-67997f9775-8jsbw,container_memory_working_set_bytes,10149888.0
1745322288,kashef-k8s-w1.social-graph-mongodb-55df767ff5-wwlmr,container_memory_working_set_bytes,60428288.0
1745322288,kashef-k8s-w1.media-mongodb-7b64c59567-pm2pj,container_memory_working_set_bytes,62103552.0
1745322288,kashef-k8s-ctl.user-mention-service-5c4f566c5-qlj9z,container_memory_working_set_bytes,2797568.0
1745322288,kashef-k8s-w1.user-service-547b88cd8f-lp8p9,container_memory_working_set_bytes,2859008.0
1745322288,kashef-k8s-ctl.media-frontend-6b66b95ff4-42hwg,container_memory_working_set_bytes,62459904.0
1745322288,kashef-k8s-w1.home-timeline-service-5754ffbc6d-kntl9,container_memory_working_set_bytes,1937408.0
1745322288,kashef-k8s-w1.nginx-thrift-79478f9bf5-5zdh4,container_memory_working_set_bytes,87785472.0
1745322288,kashef-k8s-ctl.url-shorten-mongodb-57c886d5f8-jqtpp,container_memory_working_set_bytes,60665856.0
1745322288,kashef-k8s-ctl.url-shorten-memcached-6546746864-btbq8,container_memory_working_set_bytes,2580480.0
1745322288,kashef-k8s-w1.user-mongodb-7745bbd78-kqpbp,container_memory_working_set_bytes,60899328.0
1745322288,kashef-k8s-w1.user-timeline-redis-67cc95bc57-2zhdt,container_memory_working_set_bytes,4034560.0
1745322288,kashef-k8s-w1.post-storage-service-66c9966f5f-n629t,container_memory_working_set_bytes,2707456.0
1745322288,kashef-k8s-ctl.media-service-6c665c775d-m5vf4,container_memory_working_set_bytes,1974272.0
1745322288,kashef-k8s-w1.social-graph-service-677dbc655c-sg995,container_memory_working_set_bytes,2486272.0
1745322288,kashef-k8s-ctl.post-storage-mongodb-5579669d8c-nfwpl,container_memory_working_set_bytes,60542976.0
1745322291,kashef-k8s-w1.social-graph-mongodb-55df767ff5-wwlmr,container_memory_working_set_bytes,60428288.0
1745322291,kashef-k8s-w1.url-shorten-service-66949ddcc4-468ds,container_memory_working_set_bytes,2838528.0
1745322291,kashef-k8s-ctl.url-shorten-memcached-6546746864-btbq8,container_memory_working_set_bytes,2580480.0
1745322291,kashef-k8s-ctl.post-storage-mongodb-5579669d8c-nfwpl,container_memory_working_set_bytes,60542976.0
1745322291,kashef-k8s-ctl.url-shorten-mongodb-57c886d5f8-jqtpp,container_memory_working_set_bytes,60665856.0
1745322291,kashef-k8s-ctl.jaeger-67997f9775-8jsbw,container_memory_working_set_bytes,10149888.0
1745322291,kashef-k8s-w1.user-timeline-mongodb-6758898d48-4w2f2,container_memory_working_set_bytes,60395520.0
1745322291,kashef-k8s-w1.social-graph-redis-5bbd5b7458-7fcvv,container_memory_working_set_bytes,4046848.0
1745322291,kashef-k8s-w1.user-service-547b88cd8f-lp8p9,container_memory_working_set_bytes,2859008.0
1745322291,kashef-k8s-w1.media-mongodb-7b64c59567-pm2pj,container_memory_working_set_bytes,62103552.0
1745322291,kashef-k8s-w1.user-timeline-redis-67cc95bc57-2zhdt,container_memory_working_set_bytes,4034560.0
1745322291,kashef-k8s-w1.user-mongodb-7745bbd78-kqpbp,container_memory_working_set_bytes,60899328.0
1745322291,kashef-k8s-ctl.user-memcached-59687c864d-wdcgs,container_memory_working_set_bytes,2699264.0
1745322291,kashef-k8s-ctl.text-service-fff64b8bf-wp774,container_memory_working_set_bytes,2162688.0
1745322291,kashef-k8s-w1.home-timeline-redis-6c6647df6f-dv494,container_memory_working_set_bytes,4050944.0
1745322291,kashef-k8s-ctl.unique-id-service-694497b678-2p45f,container_memory_working_set_bytes,1986560.0
1745322291,kashef-k8s-w1.media-memcached-7889bdfdfb-4hjbd,container_memory_working_set_bytes,2600960.0
1745322291,kashef-k8s-ctl.compose-post-service-f587bf89d-dd7kf,container_memory_working_set_bytes,2359296.0
1745322291,kashef-k8s-ctl.media-frontend-6b66b95ff4-42hwg,container_memory_working_set_bytes,62459904.0
1745322291,kashef-k8s-w1.nginx-thrift-79478f9bf5-5zdh4,container_memory_working_set_bytes,87785472.0
1745322291,kashef-k8s-ctl.post-storage-memcached-6b75788fc6-5wwtc,container_memory_working_set_bytes,2576384.0
1745322291,kashef-k8s-ctl.user-timeline-service-664c7f6696-hz5xq,container_memory_working_set_bytes,2502656.0
1745322291,kashef-k8s-w1.social-graph-service-677dbc655c-sg995,container_memory_working_set_bytes,2486272.0
1745322291,kashef-k8s-w1.home-timeline-service-5754ffbc6d-kntl9,container_memory_working_set_bytes,1937408.0
1745322291,kashef-k8s-w1.post-storage-service-66c9966f5f-n629t,container_memory_working_set_bytes,2707456.0
1745322291,kashef-k8s-ctl.user-mention-service-5c4f566c5-qlj9z,container_memory_working_set_bytes,2797568.0
1745322291,kashef-k8s-w1.temp-debug-alt,container_memory_working_set_bytes,1175552.0
1745322291,kashef-k8s-ctl.media-service-6c665c775d-m5vf4,container_memory_working_set_bytes,1974272.0
1745322294,kashef-k8s-w1.temp-debug-alt,container_memory_working_set_bytes,1175552.0
1745322294,kashef-k8s-ctl.media-service-6c665c775d-m5vf4,container_memory_working_set_bytes,1974272.0
1745322294,kashef-k8s-w1.home-timeline-service-5754ffbc6d-kntl9,container_memory_working_set_bytes,1937408.0
1745322294,kashef-k8s-w1.home-timeline-redis-6c6647df6f-dv494,container_memory_working_set_bytes,3919872.0
1745322294,kashef-k8s-ctl.post-storage-memcached-6b75788fc6-5wwtc,container_memory_working_set_bytes,2576384.0
1745322294,kashef-k8s-ctl.unique-id-service-694497b678-2p45f,container_memory_working_set_bytes,1986560.0
1745322294,kashef-k8s-ctl.user-timeline-service-664c7f6696-hz5xq,container_memory_working_set_bytes,2502656.0
1745322294,kashef-k8s-ctl.media-frontend-6b66b95ff4-42hwg,container_memory_working_set_bytes,62459904.0
1745322294,kashef-k8s-w1.media-memcached-7889bdfdfb-4hjbd,container_memory_working_set_bytes,2600960.0
1745322294,kashef-k8s-ctl.compose-post-service-f587bf89d-dd7kf,container_memory_working_set_bytes,2359296.0
1745322294,kashef-k8s-ctl.text-service-fff64b8bf-wp774,container_memory_working_set_bytes,2162688.0
1745322294,kashef-k8s-ctl.user-memcached-59687c864d-wdcgs,container_memory_working_set_bytes,2699264.0
1745322294,kashef-k8s-w1.nginx-thrift-79478f9bf5-5zdh4,container_memory_working_set_bytes,87785472.0
1745322294,kashef-k8s-w1.social-graph-mongodb-55df767ff5-wwlmr,container_memory_working_set_bytes,60428288.0
1745322294,kashef-k8s-ctl.url-shorten-memcached-6546746864-btbq8,container_memory_working_set_bytes,2580480.0
1745322294,kashef-k8s-w1.user-timeline-redis-67cc95bc57-2zhdt,container_memory_working_set_bytes,4034560.0
1745322294,kashef-k8s-w1.user-timeline-mongodb-6758898d48-4w2f2,container_memory_working_set_bytes,60395520.0
1745322294,kashef-k8s-ctl.post-storage-mongodb-5579669d8c-nfwpl,container_memory_working_set_bytes,60542976.0
1745322294,kashef-k8s-w1.post-storage-service-66c9966f5f-n629t,container_memory_working_set_bytes,2707456.0
1745322294,kashef-k8s-w1.url-shorten-service-66949ddcc4-468ds,container_memory_working_set_bytes,2838528.0
1745322294,kashef-k8s-w1.social-graph-service-677dbc655c-sg995,container_memory_working_set_bytes,2486272.0
1745322294,kashef-k8s-ctl.url-shorten-mongodb-57c886d5f8-jqtpp,container_memory_working_set_bytes,60665856.0
1745322294,kashef-k8s-ctl.user-mention-service-5c4f566c5-qlj9z,container_memory_working_set_bytes,2797568.0
1745322294,kashef-k8s-w1.user-service-547b88cd8f-lp8p9,container_memory_working_set_bytes,2859008.0
1745322294,kashef-k8s-w1.user-mongodb-7745bbd78-kqpbp,container_memory_working_set_bytes,61009920.0
1745322294,kashef-k8s-w1.social-graph-redis-5bbd5b7458-7fcvv,container_memory_working_set_bytes,4046848.0
1745322294,kashef-k8s-w1.media-mongodb-7b64c59567-pm2pj,container_memory_working_set_bytes,62119936.0
1745322294,kashef-k8s-ctl.jaeger-67997f9775-8jsbw,container_memory_working_set_bytes,10149888.0
1745322297,kashef-k8s-ctl.post-storage-memcached-6b75788fc6-5wwtc,container_memory_working_set_bytes,2576384.0
1745322297,kashef-k8s-w1.temp-debug-alt,container_memory_working_set_bytes,1175552.0
1745322297,kashef-k8s-ctl.url-shorten-memcached-6546746864-btbq8,container_memory_working_set_bytes,2580480.0
1745322297,kashef-k8s-w1.media-mongodb-7b64c59567-pm2pj,container_memory_working_set_bytes,62119936.0
1745322297,kashef-k8s-w1.user-timeline-mongodb-6758898d48-4w2f2,container_memory_working_set_bytes,60395520.0
1745322297,kashef-k8s-ctl.user-memcached-59687c864d-wdcgs,container_memory_working_set_bytes,2699264.0
1745322297,kashef-k8s-w1.media-memcached-7889bdfdfb-4hjbd,container_memory_working_set_bytes,2600960.0
1745322297,kashef-k8s-ctl.compose-post-service-f587bf89d-dd7kf,container_memory_working_set_bytes,2359296.0
1745322297,kashef-k8s-ctl.user-timeline-service-664c7f6696-hz5xq,container_memory_working_set_bytes,2502656.0
1745322297,kashef-k8s-ctl.media-frontend-6b66b95ff4-42hwg,container_memory_working_set_bytes,62459904.0
1745322297,kashef-k8s-w1.home-timeline-service-5754ffbc6d-kntl9,container_memory_working_set_bytes,1937408.0
1745322297,kashef-k8s-ctl.unique-id-service-694497b678-2p45f,container_memory_working_set_bytes,1986560.0
1745322297,kashef-k8s-w1.social-graph-service-677dbc655c-sg995,container_memory_working_set_bytes,2486272.0
1745322297,kashef-k8s-w1.url-shorten-service-66949ddcc4-468ds,container_memory_working_set_bytes,2838528.0
1745322297,kashef-k8s-ctl.post-storage-mongodb-5579669d8c-nfwpl,container_memory_working_set_bytes,60542976.0
1745322297,kashef-k8s-w1.user-mongodb-7745bbd78-kqpbp,container_memory_working_set_bytes,61009920.0
1745322297,kashef-k8s-w1.nginx-thrift-79478f9bf5-5zdh4,container_memory_working_set_bytes,87785472.0
1745322297,kashef-k8s-ctl.media-service-6c665c775d-m5vf4,container_memory_working_set_bytes,1974272.0
1745322297,kashef-k8s-w1.home-timeline-redis-6c6647df6f-dv494,container_memory_working_set_bytes,3919872.0
1745322297,kashef-k8s-w1.user-timeline-redis-67cc95bc57-2zhdt,container_memory_working_set_bytes,4034560.0
1745322297,kashef-k8s-w1.user-service-547b88cd8f-lp8p9,container_memory_working_set_bytes,2859008.0
1745322297,kashef-k8s-ctl.jaeger-67997f9775-8jsbw,container_memory_working_set_bytes,10149888.0
1745322297,kashef-k8s-ctl.text-service-fff64b8bf-wp774,container_memory_working_set_bytes,2162688.0
1745322297,kashef-k8s-w1.social-graph-redis-5bbd5b7458-7fcvv,container_memory_working_set_bytes,4046848.0
1745322297,kashef-k8s-w1.social-graph-mongodb-55df767ff5-wwlmr,container_memory_working_set_bytes,60428288.0
1745322297,kashef-k8s-ctl.user-mention-service-5c4f566c5-qlj9z,container_memory_working_set_bytes,2797568.0
1745322297,kashef-k8s-ctl.url-shorten-mongodb-57c886d5f8-jqtpp,container_memory_working_set_bytes,60665856.0
1745322297,kashef-k8s-w1.post-storage-service-66c9966f5f-n629t,container_memory_working_set_bytes,2707456.0
1745322300,kashef-k8s-w1.temp-debug-alt,container_memory_working_set_bytes,1175552.0
1745322300,kashef-k8s-ctl.user-timeline-service-664c7f6696-hz5xq,container_memory_working_set_bytes,2502656.0
1745322300,kashef-k8s-w1.home-timeline-service-5754ffbc6d-kntl9,container_memory_working_set_bytes,1937408.0
1745322300,kashef-k8s-ctl.media-service-6c665c775d-m5vf4,container_memory_working_set_bytes,1974272.0
1745322300,kashef-k8s-w1.user-timeline-redis-67cc95bc57-2zhdt,container_memory_working_set_bytes,4034560.0
1745322300,kashef-k8s-w1.nginx-thrift-79478f9bf5-5zdh4,container_memory_working_set_bytes,87785472.0
1745322300,kashef-k8s-w1.home-timeline-redis-6c6647df6f-dv494,container_memory_working_set_bytes,3919872.0
1745322300,kashef-k8s-w1.social-graph-mongodb-55df767ff5-wwlmr,container_memory_working_set_bytes,60428288.0
1745322300,kashef-k8s-ctl.user-mention-service-5c4f566c5-qlj9z,container_memory_working_set_bytes,2797568.0
1745322300,kashef-k8s-ctl.unique-id-service-694497b678-2p45f,container_memory_working_set_bytes,1986560.0
1745322300,kashef-k8s-ctl.post-storage-memcached-6b75788fc6-5wwtc,container_memory_working_set_bytes,2576384.0
1745322300,kashef-k8s-ctl.user-memcached-59687c864d-wdcgs,container_memory_working_set_bytes,2699264.0
1745322300,kashef-k8s-w1.media-memcached-7889bdfdfb-4hjbd,container_memory_working_set_bytes,2600960.0
1745322300,kashef-k8s-w1.post-storage-service-66c9966f5f-n629t,container_memory_working_set_bytes,2707456.0
1745322300,kashef-k8s-ctl.compose-post-service-f587bf89d-dd7kf,container_memory_working_set_bytes,2359296.0
1745322300,kashef-k8s-ctl.media-frontend-6b66b95ff4-42hwg,container_memory_working_set_bytes,62459904.0
1745322300,kashef-k8s-ctl.url-shorten-mongodb-57c886d5f8-jqtpp,container_memory_working_set_bytes,60665856.0
1745322300,kashef-k8s-w1.user-mongodb-7745bbd78-kqpbp,container_memory_working_set_bytes,61009920.0
1745322300,kashef-k8s-w1.user-service-547b88cd8f-lp8p9,container_memory_working_set_bytes,2859008.0
1745322300,kashef-k8s-ctl.jaeger-67997f9775-8jsbw,container_memory_working_set_bytes,10149888.0
1745322300,kashef-k8s-w1.user-timeline-mongodb-6758898d48-4w2f2,container_memory_working_set_bytes,60395520.0
1745322300,kashef-k8s-ctl.post-storage-mongodb-5579669d8c-nfwpl,container_memory_working_set_bytes,60542976.0
1745322300,kashef-k8s-w1.media-mongodb-7b64c59567-pm2pj,container_memory_working_set_bytes,62119936.0
1745322300,kashef-k8s-w1.social-graph-redis-5bbd5b7458-7fcvv,container_memory_working_set_bytes,4046848.0
1745322300,kashef-k8s-ctl.text-service-fff64b8bf-wp774,container_memory_working_set_bytes,2162688.0
1745322300,kashef-k8s-w1.url-shorten-service-66949ddcc4-468ds,container_memory_working_set_bytes,2838528.0
1745322300,kashef-k8s-w1.social-graph-service-677dbc655c-sg995,container_memory_working_set_bytes,2486272.0
1745322300,kashef-k8s-ctl.url-shorten-memcached-6546746864-btbq8,container_memory_working_set_bytes,2580480.0
1745322303,kashef-k8s-ctl.media-service-6c665c775d-m5vf4,container_memory_working_set_bytes,1974272.0
1745322303,kashef-k8s-w1.social-graph-service-677dbc655c-sg995,container_memory_working_set_bytes,2486272.0
1745322303,kashef-k8s-w1.social-graph-redis-5bbd5b7458-7fcvv,container_memory_working_set_bytes,4046848.0
1745322303,kashef-k8s-w1.post-storage-service-66c9966f5f-n629t,container_memory_working_set_bytes,2707456.0
1745322303,kashef-k8s-w1.user-timeline-mongodb-6758898d48-4w2f2,container_memory_working_set_bytes,60395520.0
1745322303,kashef-k8s-ctl.user-timeline-service-664c7f6696-hz5xq,container_memory_working_set_bytes,2502656.0
1745322303,kashef-k8s-w1.nginx-thrift-79478f9bf5-5zdh4,container_memory_working_set_bytes,87785472.0
1745322303,kashef-k8s-ctl.text-service-fff64b8bf-wp774,container_memory_working_set_bytes,2162688.0
1745322303,kashef-k8s-ctl.url-shorten-mongodb-57c886d5f8-jqtpp,container_memory_working_set_bytes,60665856.0
1745322303,kashef-k8s-w1.user-timeline-redis-67cc95bc57-2zhdt,container_memory_working_set_bytes,4034560.0
1745322303,kashef-k8s-w1.home-timeline-redis-6c6647df6f-dv494,container_memory_working_set_bytes,3919872.0
1745322303,kashef-k8s-w1.social-graph-mongodb-55df767ff5-wwlmr,container_memory_working_set_bytes,60428288.0
1745322303,kashef-k8s-w1.user-service-547b88cd8f-lp8p9,container_memory_working_set_bytes,2859008.0
1745322303,kashef-k8s-ctl.post-storage-mongodb-5579669d8c-nfwpl,container_memory_working_set_bytes,60542976.0
1745322303,kashef-k8s-ctl.media-frontend-6b66b95ff4-42hwg,container_memory_working_set_bytes,62459904.0
1745322303,kashef-k8s-w1.user-mongodb-7745bbd78-kqpbp,container_memory_working_set_bytes,61009920.0
1745322303,kashef-k8s-w1.url-shorten-service-66949ddcc4-468ds,container_memory_working_set_bytes,2838528.0
1745322303,kashef-k8s-ctl.post-storage-memcached-6b75788fc6-5wwtc,container_memory_working_set_bytes,2576384.0
1745322303,kashef-k8s-ctl.url-shorten-memcached-6546746864-btbq8,container_memory_working_set_bytes,2580480.0
1745322303,kashef-k8s-ctl.jaeger-67997f9775-8jsbw,container_memory_working_set_bytes,10149888.0
1745322303,kashef-k8s-ctl.user-mention-service-5c4f566c5-qlj9z,container_memory_working_set_bytes,2797568.0
1745322303,kashef-k8s-w1.media-mongodb-7b64c59567-pm2pj,container_memory_working_set_bytes,62119936.0
1745322303,kashef-k8s-w1.temp-debug-alt,container_memory_working_set_bytes,1175552.0
1745322303,kashef-k8s-w1.home-timeline-service-5754ffbc6d-kntl9,container_memory_working_set_bytes,1937408.0
1745322303,kashef-k8s-w1.media-memcached-7889bdfdfb-4hjbd,container_memory_working_set_bytes,2600960.0
1745322303,kashef-k8s-ctl.unique-id-service-694497b678-2p45f,container_memory_working_set_bytes,1986560.0
1745322303,kashef-k8s-ctl.user-memcached-59687c864d-wdcgs,container_memory_working_set_bytes,2699264.0
1745322303,kashef-k8s-ctl.compose-post-service-f587bf89d-dd7kf,container_memory_working_set_bytes,2359296.0
1745322306,kashef-k8s-w1.user-timeline-mongodb-6758898d48-4w2f2,container_memory_working_set_bytes,60395520.0
1745322306,kashef-k8s-ctl.user-timeline-service-664c7f6696-hz5xq,container_memory_working_set_bytes,2502656.0
1745322306,kashef-k8s-w1.nginx-thrift-79478f9bf5-5zdh4,container_memory_working_set_bytes,87785472.0
1745322306,kashef-k8s-ctl.media-service-6c665c775d-m5vf4,container_memory_working_set_bytes,1974272.0
1745322306,kashef-k8s-ctl.media-frontend-6b66b95ff4-42hwg,container_memory_working_set_bytes,62459904.0
1745322306,kashef-k8s-w1.home-timeline-service-5754ffbc6d-kntl9,container_memory_working_set_bytes,1937408.0
1745322306,kashef-k8s-w1.home-timeline-redis-6c6647df6f-dv494,container_memory_working_set_bytes,3919872.0
1745322306,kashef-k8s-ctl.url-shorten-mongodb-57c886d5f8-jqtpp,container_memory_working_set_bytes,60665856.0
1745322306,kashef-k8s-w1.user-mongodb-7745bbd78-kqpbp,container_memory_working_set_bytes,61009920.0
1745322306,kashef-k8s-w1.user-timeline-redis-67cc95bc57-2zhdt,container_memory_working_set_bytes,4034560.0
1745322306,kashef-k8s-w1.social-graph-mongodb-55df767ff5-wwlmr,container_memory_working_set_bytes,60567552.0
1745322306,kashef-k8s-ctl.post-storage-mongodb-5579669d8c-nfwpl,container_memory_working_set_bytes,60542976.0
1745322306,kashef-k8s-w1.social-graph-redis-5bbd5b7458-7fcvv,container_memory_working_set_bytes,4046848.0
1745322306,kashef-k8s-w1.user-service-547b88cd8f-lp8p9,container_memory_working_set_bytes,2859008.0
1745322306,kashef-k8s-w1.social-graph-service-677dbc655c-sg995,container_memory_working_set_bytes,2486272.0
1745322306,kashef-k8s-w1.temp-debug-alt,container_memory_working_set_bytes,1175552.0
1745322306,kashef-k8s-ctl.unique-id-service-694497b678-2p45f,container_memory_working_set_bytes,1986560.0
1745322306,kashef-k8s-w1.media-memcached-7889bdfdfb-4hjbd,container_memory_working_set_bytes,2600960.0
1745322306,kashef-k8s-ctl.compose-post-service-f587bf89d-dd7kf,container_memory_working_set_bytes,2359296.0
1745322306,kashef-k8s-ctl.user-memcached-59687c864d-wdcgs,container_memory_working_set_bytes,2699264.0
1745322306,kashef-k8s-ctl.url-shorten-memcached-6546746864-btbq8,container_memory_working_set_bytes,2580480.0
1745322306,kashef-k8s-w1.url-shorten-service-66949ddcc4-468ds,container_memory_working_set_bytes,2838528.0
1745322306,kashef-k8s-ctl.jaeger-67997f9775-8jsbw,container_memory_working_set_bytes,10149888.0
1745322306,kashef-k8s-w1.media-mongodb-7b64c59567-pm2pj,container_memory_working_set_bytes,62119936.0
1745322306,kashef-k8s-ctl.post-storage-memcached-6b75788fc6-5wwtc,container_memory_working_set_bytes,2576384.0
1745322306,kashef-k8s-w1.post-storage-service-66c9966f5f-n629t,container_memory_working_set_bytes,2707456.0
1745322306,kashef-k8s-ctl.text-service-fff64b8bf-wp774,container_memory_working_set_bytes,2162688.0
1745322306,kashef-k8s-ctl.user-mention-service-5c4f566c5-qlj9z,container_memory_working_set_bytes,2797568.0
1745322309,kashef-k8s-w1.social-graph-service-677dbc655c-sg995,container_memory_working_set_bytes,2486272.0
1745322309,kashef-k8s-w1.post-storage-service-66c9966f5f-n629t,container_memory_working_set_bytes,2707456.0
1745322309,kashef-k8s-ctl.user-mention-service-5c4f566c5-qlj9z,container_memory_working_set_bytes,2797568.0
1745322309,kashef-k8s-w1.url-shorten-service-66949ddcc4-468ds,container_memory_working_set_bytes,2838528.0
1745322309,kashef-k8s-w1.temp-debug-alt,container_memory_working_set_bytes,1175552.0
1745322309,kashef-k8s-w1.media-mongodb-7b64c59567-pm2pj,container_memory_working_set_bytes,62119936.0
1745322309,kashef-k8s-ctl.jaeger-67997f9775-8jsbw,container_memory_working_set_bytes,10141696.0
1745322309,kashef-k8s-ctl.post-storage-mongodb-5579669d8c-nfwpl,container_memory_working_set_bytes,60542976.0
1745322309,kashef-k8s-ctl.user-memcached-59687c864d-wdcgs,container_memory_working_set_bytes,2699264.0
1745322309,kashef-k8s-w1.media-memcached-7889bdfdfb-4hjbd,container_memory_working_set_bytes,2600960.0
1745322309,kashef-k8s-w1.social-graph-mongodb-55df767ff5-wwlmr,container_memory_working_set_bytes,60567552.0
1745322309,kashef-k8s-ctl.unique-id-service-694497b678-2p45f,container_memory_working_set_bytes,1986560.0
1745322309,kashef-k8s-ctl.url-shorten-mongodb-57c886d5f8-jqtpp,container_memory_working_set_bytes,60665856.0
1745322309,kashef-k8s-ctl.media-frontend-6b66b95ff4-42hwg,container_memory_working_set_bytes,62459904.0
1745322309,kashef-k8s-ctl.compose-post-service-f587bf89d-dd7kf,container_memory_working_set_bytes,2359296.0
1745322309,kashef-k8s-ctl.post-storage-memcached-6b75788fc6-5wwtc,container_memory_working_set_bytes,2576384.0
1745322309,kashef-k8s-w1.home-timeline-redis-6c6647df6f-dv494,container_memory_working_set_bytes,3919872.0
1745322309,kashef-k8s-w1.home-timeline-service-5754ffbc6d-kntl9,container_memory_working_set_bytes,1937408.0
1745322309,kashef-k8s-w1.user-mongodb-7745bbd78-kqpbp,container_memory_working_set_bytes,61009920.0
1745322309,kashef-k8s-w1.user-timeline-mongodb-6758898d48-4w2f2,container_memory_working_set_bytes,60395520.0
1745322309,kashef-k8s-ctl.url-shorten-memcached-6546746864-btbq8,container_memory_working_set_bytes,2580480.0
1745322309,kashef-k8s-ctl.text-service-fff64b8bf-wp774,container_memory_working_set_bytes,2162688.0
1745322309,kashef-k8s-w1.user-timeline-redis-67cc95bc57-2zhdt,container_memory_working_set_bytes,4034560.0
1745322309,kashef-k8s-w1.nginx-thrift-79478f9bf5-5zdh4,container_memory_working_set_bytes,87785472.0
1745322309,kashef-k8s-ctl.user-timeline-service-664c7f6696-hz5xq,container_memory_working_set_bytes,2502656.0
1745322309,kashef-k8s-w1.user-service-547b88cd8f-lp8p9,container_memory_working_set_bytes,2859008.0
1745322309,kashef-k8s-w1.social-graph-redis-5bbd5b7458-7fcvv,container_memory_working_set_bytes,4046848.0
1745322309,kashef-k8s-ctl.media-service-6c665c775d-m5vf4,container_memory_working_set_bytes,1974272.0
1745322312,kashef-k8s-w1.post-storage-service-66c9966f5f-n629t,container_memory_working_set_bytes,2707456.0
1745322312,kashef-k8s-w1.url-shorten-service-66949ddcc4-468ds,container_memory_working_set_bytes,2838528.0
1745322312,kashef-k8s-ctl.media-service-6c665c775d-m5vf4,container_memory_working_set_bytes,1974272.0
1745322312,kashef-k8s-ctl.user-timeline-service-664c7f6696-hz5xq,container_memory_working_set_bytes,2502656.0
1745322312,kashef-k8s-ctl.post-storage-memcached-6b75788fc6-5wwtc,container_memory_working_set_bytes,2576384.0
1745322312,kashef-k8s-w1.home-timeline-redis-6c6647df6f-dv494,container_memory_working_set_bytes,3919872.0
1745322312,kashef-k8s-w1.nginx-thrift-79478f9bf5-5zdh4,container_memory_working_set_bytes,87785472.0
1745322312,kashef-k8s-w1.user-timeline-redis-67cc95bc57-2zhdt,container_memory_working_set_bytes,4034560.0
1745322312,kashef-k8s-w1.media-memcached-7889bdfdfb-4hjbd,container_memory_working_set_bytes,2600960.0
1745322312,kashef-k8s-ctl.url-shorten-mongodb-57c886d5f8-jqtpp,container_memory_working_set_bytes,60407808.0
1745322312,kashef-k8s-ctl.post-storage-mongodb-5579669d8c-nfwpl,container_memory_working_set_bytes,60620800.0
1745322312,kashef-k8s-ctl.unique-id-service-694497b678-2p45f,container_memory_working_set_bytes,1986560.0
1745322312,kashef-k8s-ctl.compose-post-service-f587bf89d-dd7kf,container_memory_working_set_bytes,2359296.0
1745322312,kashef-k8s-ctl.user-memcached-59687c864d-wdcgs,container_memory_working_set_bytes,2699264.0
1745322312,kashef-k8s-w1.social-graph-mongodb-55df767ff5-wwlmr,container_memory_working_set_bytes,60567552.0
1745322312,kashef-k8s-ctl.media-frontend-6b66b95ff4-42hwg,container_memory_working_set_bytes,62459904.0
1745322312,kashef-k8s-w1.user-timeline-mongodb-6758898d48-4w2f2,container_memory_working_set_bytes,60395520.0
1745322312,kashef-k8s-w1.media-mongodb-7b64c59567-pm2pj,container_memory_working_set_bytes,62119936.0
1745322312,kashef-k8s-w1.user-mongodb-7745bbd78-kqpbp,container_memory_working_set_bytes,61009920.0
1745322312,kashef-k8s-ctl.user-mention-service-5c4f566c5-qlj9z,container_memory_working_set_bytes,2797568.0
1745322312,kashef-k8s-ctl.jaeger-67997f9775-8jsbw,container_memory_working_set_bytes,10141696.0
1745322312,kashef-k8s-w1.social-graph-service-677dbc655c-sg995,container_memory_working_set_bytes,2486272.0
1745322312,kashef-k8s-w1.home-timeline-service-5754ffbc6d-kntl9,container_memory_working_set_bytes,1937408.0
1745322312,kashef-k8s-w1.temp-debug-alt,container_memory_working_set_bytes,1175552.0
1745322312,kashef-k8s-w1.social-graph-redis-5bbd5b7458-7fcvv,container_memory_working_set_bytes,4046848.0
1745322312,kashef-k8s-ctl.text-service-fff64b8bf-wp774,container_memory_working_set_bytes,2162688.0
1745322312,kashef-k8s-ctl.url-shorten-memcached-6546746864-btbq8,container_memory_working_set_bytes,2580480.0
1745322312,kashef-k8s-w1.user-service-547b88cd8f-lp8p9,container_memory_working_set_bytes,2859008.0
1745322315,kashef-k8s-ctl.post-storage-memcached-6b75788fc6-5wwtc,container_memory_working_set_bytes,2576384.0
1745322315,kashef-k8s-w1.user-mongodb-7745bbd78-kqpbp,container_memory_working_set_bytes,61009920.0
1745322315,kashef-k8s-ctl.unique-id-service-694497b678-2p45f,container_memory_working_set_bytes,1986560.0
1745322315,kashef-k8s-w1.url-shorten-service-66949ddcc4-468ds,container_memory_working_set_bytes,2838528.0
1745322315,kashef-k8s-ctl.post-storage-mongodb-5579669d8c-nfwpl,container_memory_working_set_bytes,60620800.0
1745322315,kashef-k8s-w1.home-timeline-redis-6c6647df6f-dv494,container_memory_working_set_bytes,3919872.0
1745322315,kashef-k8s-ctl.compose-post-service-f587bf89d-dd7kf,container_memory_working_set_bytes,2359296.0
1745322315,kashef-k8s-w1.media-memcached-7889bdfdfb-4hjbd,container_memory_working_set_bytes,2600960.0
1745322315,kashef-k8s-w1.user-timeline-redis-67cc95bc57-2zhdt,container_memory_working_set_bytes,4034560.0
1745322315,kashef-k8s-w1.social-graph-mongodb-55df767ff5-wwlmr,container_memory_working_set_bytes,60567552.0
1745322315,kashef-k8s-ctl.url-shorten-mongodb-57c886d5f8-jqtpp,container_memory_working_set_bytes,60407808.0
1745322315,kashef-k8s-ctl.user-memcached-59687c864d-wdcgs,container_memory_working_set_bytes,2699264.0
1745322315,kashef-k8s-w1.social-graph-service-677dbc655c-sg995,container_memory_working_set_bytes,2486272.0
1745322315,kashef-k8s-ctl.media-service-6c665c775d-m5vf4,container_memory_working_set_bytes,1974272.0
1745322315,kashef-k8s-w1.post-storage-service-66c9966f5f-n629t,container_memory_working_set_bytes,2707456.0
1745322315,kashef-k8s-ctl.user-timeline-service-664c7f6696-hz5xq,container_memory_working_set_bytes,2502656.0
1745322315,kashef-k8s-w1.nginx-thrift-79478f9bf5-5zdh4,container_memory_working_set_bytes,87785472.0
1745322315,kashef-k8s-ctl.text-service-fff64b8bf-wp774,container_memory_working_set_bytes,2162688.0
1745322315,kashef-k8s-ctl.media-frontend-6b66b95ff4-42hwg,container_memory_working_set_bytes,62459904.0
1745322315,kashef-k8s-w1.social-graph-redis-5bbd5b7458-7fcvv,container_memory_working_set_bytes,4046848.0
1745322315,kashef-k8s-w1.media-mongodb-7b64c59567-pm2pj,container_memory_working_set_bytes,62119936.0
1745322315,kashef-k8s-w1.user-service-547b88cd8f-lp8p9,container_memory_working_set_bytes,2859008.0
1745322315,kashef-k8s-w1.user-timeline-mongodb-6758898d48-4w2f2,container_memory_working_set_bytes,60395520.0
1745322315,kashef-k8s-ctl.jaeger-67997f9775-8jsbw,container_memory_working_set_bytes,10141696.0
1745322315,kashef-k8s-ctl.url-shorten-memcached-6546746864-btbq8,container_memory_working_set_bytes,2580480.0
1745322315,kashef-k8s-ctl.user-mention-service-5c4f566c5-qlj9z,container_memory_working_set_bytes,2797568.0
1745322315,kashef-k8s-w1.home-timeline-service-5754ffbc6d-kntl9,container_memory_working_set_bytes,1937408.0
1745322315,kashef-k8s-w1.temp-debug-alt,container_memory_working_set_bytes,1175552.0
1745322318,kashef-k8s-w1.social-graph-mongodb-55df767ff5-wwlmr,container_memory_working_set_bytes,60616704.0
1745322318,kashef-k8s-ctl.user-memcached-59687c864d-wdcgs,container_memory_working_set_bytes,2699264.0
1745322318,kashef-k8s-w1.user-service-547b88cd8f-lp8p9,container_memory_working_set_bytes,2859008.0
1745322318,kashef-k8s-ctl.post-storage-mongodb-5579669d8c-nfwpl,container_memory_working_set_bytes,60620800.0
1745322318,kashef-k8s-w1.url-shorten-service-66949ddcc4-468ds,container_memory_working_set_bytes,2838528.0
1745322318,kashef-k8s-w1.post-storage-service-66c9966f5f-n629t,container_memory_working_set_bytes,2707456.0
1745322318,kashef-k8s-w1.user-timeline-redis-67cc95bc57-2zhdt,container_memory_working_set_bytes,4034560.0
1745322318,kashef-k8s-ctl.post-storage-memcached-6b75788fc6-5wwtc,container_memory_working_set_bytes,2576384.0
1745322318,kashef-k8s-w1.home-timeline-redis-6c6647df6f-dv494,container_memory_working_set_bytes,3919872.0
1745322318,kashef-k8s-w1.nginx-thrift-79478f9bf5-5zdh4,container_memory_working_set_bytes,87785472.0
1745322318,kashef-k8s-w1.media-mongodb-7b64c59567-pm2pj,container_memory_working_set_bytes,62119936.0
1745322318,kashef-k8s-ctl.media-frontend-6b66b95ff4-42hwg,container_memory_working_set_bytes,62459904.0
1745322318,kashef-k8s-ctl.text-service-fff64b8bf-wp774,container_memory_working_set_bytes,2162688.0
1745322318,kashef-k8s-w1.temp-debug-alt,container_memory_working_set_bytes,1175552.0
1745322318,kashef-k8s-ctl.unique-id-service-694497b678-2p45f,container_memory_working_set_bytes,1986560.0
1745322318,kashef-k8s-w1.media-memcached-7889bdfdfb-4hjbd,container_memory_working_set_bytes,2600960.0
1745322318,kashef-k8s-ctl.jaeger-67997f9775-8jsbw,container_memory_working_set_bytes,10141696.0
1745322318,kashef-k8s-ctl.media-service-6c665c775d-m5vf4,container_memory_working_set_bytes,1974272.0
1745322318,kashef-k8s-ctl.user-mention-service-5c4f566c5-qlj9z,container_memory_working_set_bytes,2797568.0
1745322318,kashef-k8s-w1.social-graph-redis-5bbd5b7458-7fcvv,container_memory_working_set_bytes,4046848.0
1745322318,kashef-k8s-w1.user-timeline-mongodb-6758898d48-4w2f2,container_memory_working_set_bytes,60395520.0
1745322318,kashef-k8s-ctl.user-timeline-service-664c7f6696-hz5xq,container_memory_working_set_bytes,2502656.0
1745322318,kashef-k8s-ctl.url-shorten-mongodb-57c886d5f8-jqtpp,container_memory_working_set_bytes,60407808.0
1745322318,kashef-k8s-ctl.compose-post-service-f587bf89d-dd7kf,container_memory_working_set_bytes,2359296.0
1745322318,kashef-k8s-w1.user-mongodb-7745bbd78-kqpbp,container_memory_working_set_bytes,61009920.0
1745322318,kashef-k8s-w1.home-timeline-service-5754ffbc6d-kntl9,container_memory_working_set_bytes,1937408.0
1745322318,kashef-k8s-w1.social-graph-service-677dbc655c-sg995,container_memory_working_set_bytes,2486272.0
1745322318,kashef-k8s-ctl.url-shorten-memcached-6546746864-btbq8,container_memory_working_set_bytes,2580480.0
1745322321,kashef-k8s-w1.user-timeline-redis-67cc95bc57-2zhdt,container_memory_working_set_bytes,4034560.0
1745322321,kashef-k8s-ctl.compose-post-service-f587bf89d-dd7kf,container_memory_working_set_bytes,2359296.0
1745322321,kashef-k8s-ctl.url-shorten-memcached-6546746864-btbq8,container_memory_working_set_bytes,2580480.0
1745322321,kashef-k8s-w1.social-graph-mongodb-55df767ff5-wwlmr,container_memory_working_set_bytes,60616704.0
1745322321,kashef-k8s-ctl.user-timeline-service-664c7f6696-hz5xq,container_memory_working_set_bytes,2502656.0
1745322321,kashef-k8s-w1.user-timeline-mongodb-6758898d48-4w2f2,container_memory_working_set_bytes,60530688.0
1745322321,kashef-k8s-w1.social-graph-service-677dbc655c-sg995,container_memory_working_set_bytes,2486272.0
1745322321,kashef-k8s-w1.home-timeline-service-5754ffbc6d-kntl9,container_memory_working_set_bytes,1937408.0
1745322321,kashef-k8s-ctl.media-frontend-6b66b95ff4-42hwg,container_memory_working_set_bytes,62459904.0
1745322321,kashef-k8s-ctl.text-service-fff64b8bf-wp774,container_memory_working_set_bytes,2162688.0
1745322321,kashef-k8s-ctl.unique-id-service-694497b678-2p45f,container_memory_working_set_bytes,1986560.0
1745322321,kashef-k8s-w1.temp-debug-alt,container_memory_working_set_bytes,1175552.0
1745322321,kashef-k8s-ctl.user-mention-service-5c4f566c5-qlj9z,container_memory_working_set_bytes,2797568.0
1745322321,kashef-k8s-ctl.url-shorten-mongodb-57c886d5f8-jqtpp,container_memory_working_set_bytes,60407808.0
1745322321,kashef-k8s-w1.media-memcached-7889bdfdfb-4hjbd,container_memory_working_set_bytes,2600960.0
1745322321,kashef-k8s-ctl.media-service-6c665c775d-m5vf4,container_memory_working_set_bytes,1974272.0
1745322321,kashef-k8s-ctl.jaeger-67997f9775-8jsbw,container_memory_working_set_bytes,10141696.0
1745322321,kashef-k8s-ctl.post-storage-mongodb-5579669d8c-nfwpl,container_memory_working_set_bytes,60620800.0
1745322321,kashef-k8s-w1.post-storage-service-66c9966f5f-n629t,container_memory_working_set_bytes,2707456.0
1745322321,kashef-k8s-w1.url-shorten-service-66949ddcc4-468ds,container_memory_working_set_bytes,2838528.0
1745322321,kashef-k8s-ctl.user-memcached-59687c864d-wdcgs,container_memory_working_set_bytes,2699264.0
1745322321,kashef-k8s-w1.user-service-547b88cd8f-lp8p9,container_memory_working_set_bytes,2859008.0
1745322321,kashef-k8s-w1.user-mongodb-7745bbd78-kqpbp,container_memory_working_set_bytes,60768256.0
1745322321,kashef-k8s-w1.social-graph-redis-5bbd5b7458-7fcvv,container_memory_working_set_bytes,4046848.0
1745322321,kashef-k8s-w1.home-timeline-redis-6c6647df6f-dv494,container_memory_working_set_bytes,3919872.0
1745322321,kashef-k8s-ctl.post-storage-memcached-6b75788fc6-5wwtc,container_memory_working_set_bytes,2576384.0
1745322321,kashef-k8s-w1.media-mongodb-7b64c59567-pm2pj,container_memory_working_set_bytes,62119936.0
1745322321,kashef-k8s-w1.nginx-thrift-79478f9bf5-5zdh4,container_memory_working_set_bytes,87785472.0
1745322324,kashef-k8s-ctl.compose-post-service-f587bf89d-dd7kf,container_memory_working_set_bytes,2359296.0
1745322324,kashef-k8s-ctl.user-timeline-service-664c7f6696-hz5xq,container_memory_working_set_bytes,2502656.0
1745322324,kashef-k8s-w1.home-timeline-service-5754ffbc6d-kntl9,container_memory_working_set_bytes,1937408.0
1745322324,kashef-k8s-w1.user-timeline-mongodb-6758898d48-4w2f2,container_memory_working_set_bytes,60530688.0
1745322324,kashef-k8s-w1.temp-debug-alt,container_memory_working_set_bytes,1175552.0
1745322324,kashef-k8s-ctl.text-service-fff64b8bf-wp774,container_memory_working_set_bytes,2162688.0
1745322324,kashef-k8s-w1.media-memcached-7889bdfdfb-4hjbd,container_memory_working_set_bytes,2600960.0
1745322324,kashef-k8s-ctl.jaeger-67997f9775-8jsbw,container_memory_working_set_bytes,10141696.0
1745322324,kashef-k8s-ctl.user-mention-service-5c4f566c5-qlj9z,container_memory_working_set_bytes,2797568.0
1745322324,kashef-k8s-ctl.media-service-6c665c775d-m5vf4,container_memory_working_set_bytes,1974272.0
1745322324,kashef-k8s-w1.social-graph-service-677dbc655c-sg995,container_memory_working_set_bytes,2486272.0
1745322324,kashef-k8s-ctl.url-shorten-mongodb-57c886d5f8-jqtpp,container_memory_working_set_bytes,60407808.0
1745322324,kashef-k8s-w1.social-graph-mongodb-55df767ff5-wwlmr,container_memory_working_set_bytes,60616704.0
1745322324,kashef-k8s-w1.post-storage-service-66c9966f5f-n629t,container_memory_working_set_bytes,2707456.0
1745322324,kashef-k8s-w1.user-timeline-redis-67cc95bc57-2zhdt,container_memory_working_set_bytes,4034560.0
1745322324,kashef-k8s-ctl.post-storage-memcached-6b75788fc6-5wwtc,container_memory_working_set_bytes,2576384.0
1745322324,kashef-k8s-w1.social-graph-redis-5bbd5b7458-7fcvv,container_memory_working_set_bytes,4046848.0
1745322324,kashef-k8s-ctl.unique-id-service-694497b678-2p45f,container_memory_working_set_bytes,1986560.0
1745322324,kashef-k8s-w1.media-mongodb-7b64c59567-pm2pj,container_memory_working_set_bytes,62070784.0
1745322324,kashef-k8s-w1.nginx-thrift-79478f9bf5-5zdh4,container_memory_working_set_bytes,87785472.0
1745322324,kashef-k8s-w1.url-shorten-service-66949ddcc4-468ds,container_memory_working_set_bytes,2838528.0
1745322324,kashef-k8s-ctl.post-storage-mongodb-5579669d8c-nfwpl,container_memory_working_set_bytes,60620800.0
1745322324,kashef-k8s-w1.home-timeline-redis-6c6647df6f-dv494,container_memory_working_set_bytes,3919872.0
1745322324,kashef-k8s-ctl.user-memcached-59687c864d-wdcgs,container_memory_working_set_bytes,2699264.0
1745322324,kashef-k8s-ctl.media-frontend-6b66b95ff4-42hwg,container_memory_working_set_bytes,62459904.0
1745322324,kashef-k8s-w1.user-service-547b88cd8f-lp8p9,container_memory_working_set_bytes,2859008.0
1745322324,kashef-k8s-w1.user-mongodb-7745bbd78-kqpbp,container_memory_working_set_bytes,60768256.0
1745322324,kashef-k8s-ctl.url-shorten-memcached-6546746864-btbq8,container_memory_working_set_bytes,2580480.0
1745322327,kashef-k8s-w1.social-graph-mongodb-55df767ff5-wwlmr,container_memory_working_set_bytes,60616704.0
1745322327,kashef-k8s-w1.user-mongodb-7745bbd78-kqpbp,container_memory_working_set_bytes,60768256.0
1745322327,kashef-k8s-w1.user-timeline-redis-67cc95bc57-2zhdt,container_memory_working_set_bytes,4034560.0
1745322327,kashef-k8s-ctl.compose-post-service-f587bf89d-dd7kf,container_memory_working_set_bytes,2359296.0
1745322327,kashef-k8s-w1.url-shorten-service-66949ddcc4-468ds,container_memory_working_set_bytes,2838528.0
1745322327,kashef-k8s-ctl.post-storage-memcached-6b75788fc6-5wwtc,container_memory_working_set_bytes,2576384.0
1745322327,kashef-k8s-w1.home-timeline-redis-6c6647df6f-dv494,container_memory_working_set_bytes,3919872.0
1745322327,kashef-k8s-w1.post-storage-service-66c9966f5f-n629t,container_memory_working_set_bytes,2707456.0
1745322327,kashef-k8s-ctl.jaeger-67997f9775-8jsbw,container_memory_working_set_bytes,10141696.0
1745322327,kashef-k8s-ctl.post-storage-mongodb-5579669d8c-nfwpl,container_memory_working_set_bytes,60620800.0
1745322327,kashef-k8s-ctl.text-service-fff64b8bf-wp774,container_memory_working_set_bytes,2162688.0
1745322327,kashef-k8s-w1.user-timeline-mongodb-6758898d48-4w2f2,container_memory_working_set_bytes,60530688.0
1745322327,kashef-k8s-w1.temp-debug-alt,container_memory_working_set_bytes,1175552.0
1745322327,kashef-k8s-ctl.user-timeline-service-664c7f6696-hz5xq,container_memory_working_set_bytes,2502656.0
1745322327,kashef-k8s-ctl.url-shorten-mongodb-57c886d5f8-jqtpp,container_memory_working_set_bytes,60407808.0
1745322327,kashef-k8s-ctl.unique-id-service-694497b678-2p45f,container_memory_working_set_bytes,1986560.0
1745322327,kashef-k8s-w1.social-graph-redis-5bbd5b7458-7fcvv,container_memory_working_set_bytes,4046848.0
1745322327,kashef-k8s-w1.nginx-thrift-79478f9bf5-5zdh4,container_memory_working_set_bytes,87785472.0
1745322327,kashef-k8s-ctl.media-frontend-6b66b95ff4-42hwg,container_memory_working_set_bytes,62459904.0
1745322327,kashef-k8s-w1.user-service-547b88cd8f-lp8p9,container_memory_working_set_bytes,2863104.0
1745322327,kashef-k8s-w1.media-memcached-7889bdfdfb-4hjbd,container_memory_working_set_bytes,2600960.0
1745322327,kashef-k8s-ctl.user-memcached-59687c864d-wdcgs,container_memory_working_set_bytes,2699264.0
1745322327,kashef-k8s-ctl.url-shorten-memcached-6546746864-btbq8,container_memory_working_set_bytes,2580480.0
1745322327,kashef-k8s-w1.home-timeline-service-5754ffbc6d-kntl9,container_memory_working_set_bytes,1937408.0
1745322327,kashef-k8s-ctl.media-service-6c665c775d-m5vf4,container_memory_working_set_bytes,1974272.0
1745322327,kashef-k8s-w1.media-mongodb-7b64c59567-pm2pj,container_memory_working_set_bytes,62070784.0
1745322327,kashef-k8s-w1.social-graph-service-677dbc655c-sg995,container_memory_working_set_bytes,2486272.0
1745322327,kashef-k8s-ctl.user-mention-service-5c4f566c5-qlj9z,container_memory_working_set_bytes,2797568.0
1745322330,kashef-k8s-ctl.post-storage-memcached-6b75788fc6-5wwtc,container_memory_working_set_bytes,2576384.0
1745322330,kashef-k8s-ctl.post-storage-mongodb-5579669d8c-nfwpl,container_memory_working_set_bytes,60620800.0
1745322330,kashef-k8s-w1.post-storage-service-66c9966f5f-n629t,container_memory_working_set_bytes,2707456.0
1745322330,kashef-k8s-w1.url-shorten-service-66949ddcc4-468ds,container_memory_working_set_bytes,2838528.0
1745322330,kashef-k8s-ctl.user-memcached-59687c864d-wdcgs,container_memory_working_set_bytes,2699264.0
1745322330,kashef-k8s-w1.social-graph-redis-5bbd5b7458-7fcvv,container_memory_working_set_bytes,4046848.0
1745322330,kashef-k8s-w1.user-timeline-mongodb-6758898d48-4w2f2,container_memory_working_set_bytes,60530688.0
1745322330,kashef-k8s-ctl.unique-id-service-694497b678-2p45f,container_memory_working_set_bytes,1986560.0
1745322330,kashef-k8s-ctl.text-service-fff64b8bf-wp774,container_memory_working_set_bytes,2162688.0
1745322330,kashef-k8s-ctl.url-shorten-mongodb-57c886d5f8-jqtpp,container_memory_working_set_bytes,60407808.0
1745322330,kashef-k8s-w1.temp-debug-alt,container_memory_working_set_bytes,1175552.0
1745322330,kashef-k8s-w1.home-timeline-redis-6c6647df6f-dv494,container_memory_working_set_bytes,3919872.0
1745322330,kashef-k8s-ctl.user-timeline-service-664c7f6696-hz5xq,container_memory_working_set_bytes,2502656.0
1745322330,kashef-k8s-ctl.jaeger-67997f9775-8jsbw,container_memory_working_set_bytes,10141696.0
1745322330,kashef-k8s-ctl.url-shorten-memcached-6546746864-btbq8,container_memory_working_set_bytes,2580480.0
1745322330,kashef-k8s-w1.user-timeline-redis-67cc95bc57-2zhdt,container_memory_working_set_bytes,4034560.0
1745322330,kashef-k8s-ctl.media-frontend-6b66b95ff4-42hwg,container_memory_working_set_bytes,62459904.0
1745322330,kashef-k8s-ctl.media-service-6c665c775d-m5vf4,container_memory_working_set_bytes,1974272.0
1745322330,kashef-k8s-ctl.user-mention-service-5c4f566c5-qlj9z,container_memory_working_set_bytes,2797568.0
1745322330,kashef-k8s-w1.social-graph-service-677dbc655c-sg995,container_memory_working_set_bytes,2486272.0
1745322330,kashef-k8s-w1.user-service-547b88cd8f-lp8p9,container_memory_working_set_bytes,2863104.0
1745322330,kashef-k8s-w1.home-timeline-service-5754ffbc6d-kntl9,container_memory_working_set_bytes,1937408.0
1745322330,kashef-k8s-w1.media-mongodb-7b64c59567-pm2pj,container_memory_working_set_bytes,62070784.0
1745322330,kashef-k8s-w1.nginx-thrift-79478f9bf5-5zdh4,container_memory_working_set_bytes,87785472.0
1745322330,kashef-k8s-ctl.compose-post-service-f587bf89d-dd7kf,container_memory_working_set_bytes,2359296.0
1745322330,kashef-k8s-w1.media-memcached-7889bdfdfb-4hjbd,container_memory_working_set_bytes,2600960.0
1745322330,kashef-k8s-w1.user-mongodb-7745bbd78-kqpbp,container_memory_working_set_bytes,60768256.0
1745322330,kashef-k8s-w1.social-graph-mongodb-55df767ff5-wwlmr,container_memory_working_set_bytes,60616704.0
1745322333,kashef-k8s-w1.user-mongodb-7745bbd78-kqpbp,container_memory_working_set_bytes,60768256.0
1745322333,kashef-k8s-w1.social-graph-mongodb-55df767ff5-wwlmr,container_memory_working_set_bytes,60616704.0
1745322333,kashef-k8s-ctl.user-memcached-59687c864d-wdcgs,container_memory_working_set_bytes,2699264.0
1745322333,kashef-k8s-w1.media-memcached-7889bdfdfb-4hjbd,container_memory_working_set_bytes,2600960.0
1745322333,kashef-k8s-ctl.user-mention-service-5c4f566c5-qlj9z,container_memory_working_set_bytes,2797568.0
1745322333,kashef-k8s-ctl.unique-id-service-694497b678-2p45f,container_memory_working_set_bytes,1986560.0
1745322333,kashef-k8s-w1.nginx-thrift-79478f9bf5-5zdh4,container_memory_working_set_bytes,87785472.0
1745322333,kashef-k8s-w1.social-graph-redis-5bbd5b7458-7fcvv,container_memory_working_set_bytes,4046848.0
1745322333,kashef-k8s-ctl.post-storage-mongodb-5579669d8c-nfwpl,container_memory_working_set_bytes,60620800.0
1745322333,kashef-k8s-ctl.post-storage-memcached-6b75788fc6-5wwtc,container_memory_working_set_bytes,2576384.0
1745322333,kashef-k8s-w1.temp-debug-alt,container_memory_working_set_bytes,1175552.0
1745322333,kashef-k8s-ctl.jaeger-67997f9775-8jsbw,container_memory_working_set_bytes,10141696.0
1745322333,kashef-k8s-w1.url-shorten-service-66949ddcc4-468ds,container_memory_working_set_bytes,2838528.0
1745322333,kashef-k8s-w1.post-storage-service-66c9966f5f-n629t,container_memory_working_set_bytes,2707456.0
1745322333,kashef-k8s-ctl.url-shorten-mongodb-57c886d5f8-jqtpp,container_memory_working_set_bytes,60407808.0
1745322333,kashef-k8s-w1.home-timeline-redis-6c6647df6f-dv494,container_memory_working_set_bytes,3919872.0
1745322333,kashef-k8s-w1.social-graph-service-677dbc655c-sg995,container_memory_working_set_bytes,2486272.0
1745322333,kashef-k8s-ctl.text-service-fff64b8bf-wp774,container_memory_working_set_bytes,2162688.0
1745322333,kashef-k8s-w1.user-service-547b88cd8f-lp8p9,container_memory_working_set_bytes,2863104.0
1745322333,kashef-k8s-ctl.media-frontend-6b66b95ff4-42hwg,container_memory_working_set_bytes,62459904.0
1745322333,kashef-k8s-ctl.url-shorten-memcached-6546746864-btbq8,container_memory_working_set_bytes,2580480.0
1745322333,kashef-k8s-ctl.compose-post-service-f587bf89d-dd7kf,container_memory_working_set_bytes,2359296.0
1745322333,kashef-k8s-w1.user-timeline-redis-67cc95bc57-2zhdt,container_memory_working_set_bytes,4034560.0
1745322333,kashef-k8s-w1.home-timeline-service-5754ffbc6d-kntl9,container_memory_working_set_bytes,1937408.0
1745322333,kashef-k8s-w1.media-mongodb-7b64c59567-pm2pj,container_memory_working_set_bytes,62070784.0
1745322333,kashef-k8s-w1.user-timeline-mongodb-6758898d48-4w2f2,container_memory_working_set_bytes,60530688.0
1745322333,kashef-k8s-ctl.user-timeline-service-664c7f6696-hz5xq,container_memory_working_set_bytes,2502656.0
1745322333,kashef-k8s-ctl.media-service-6c665c775d-m5vf4,container_memory_working_set_bytes,1974272.0
1745322336,kashef-k8s-ctl.unique-id-service-694497b678-2p45f,container_memory_working_set_bytes,1986560.0
1745322336,kashef-k8s-ctl.user-mention-service-5c4f566c5-qlj9z,container_memory_working_set_bytes,2797568.0
1745322336,kashef-k8s-w1.nginx-thrift-79478f9bf5-5zdh4,container_memory_working_set_bytes,87785472.0
1745322336,kashef-k8s-w1.social-graph-mongodb-55df767ff5-wwlmr,container_memory_working_set_bytes,60616704.0
1745322336,kashef-k8s-w1.temp-debug-alt,container_memory_working_set_bytes,1175552.0
1745322336,kashef-k8s-ctl.jaeger-67997f9775-8jsbw,container_memory_working_set_bytes,10141696.0
1745322336,kashef-k8s-w1.url-shorten-service-66949ddcc4-468ds,container_memory_working_set_bytes,2838528.0
1745322336,kashef-k8s-ctl.post-storage-mongodb-5579669d8c-nfwpl,container_memory_working_set_bytes,60620800.0
1745322336,kashef-k8s-ctl.url-shorten-mongodb-57c886d5f8-jqtpp,container_memory_working_set_bytes,60407808.0
1745322336,kashef-k8s-w1.social-graph-redis-5bbd5b7458-7fcvv,container_memory_working_set_bytes,4046848.0
1745322336,kashef-k8s-w1.post-storage-service-66c9966f5f-n629t,container_memory_working_set_bytes,2707456.0
1745322336,kashef-k8s-ctl.post-storage-memcached-6b75788fc6-5wwtc,container_memory_working_set_bytes,2576384.0
1745322336,kashef-k8s-w1.media-memcached-7889bdfdfb-4hjbd,container_memory_working_set_bytes,2600960.0
1745322336,kashef-k8s-ctl.url-shorten-memcached-6546746864-btbq8,container_memory_working_set_bytes,2580480.0
1745322336,kashef-k8s-w1.user-mongodb-7745bbd78-kqpbp,container_memory_working_set_bytes,60768256.0
1745322336,kashef-k8s-ctl.user-memcached-59687c864d-wdcgs,container_memory_working_set_bytes,2699264.0
1745322336,kashef-k8s-ctl.media-service-6c665c775d-m5vf4,container_memory_working_set_bytes,1974272.0
1745322336,kashef-k8s-w1.user-timeline-mongodb-6758898d48-4w2f2,container_memory_working_set_bytes,60530688.0
1745322336,kashef-k8s-w1.home-timeline-redis-6c6647df6f-dv494,container_memory_working_set_bytes,3919872.0
1745322336,kashef-k8s-ctl.user-timeline-service-664c7f6696-hz5xq,container_memory_working_set_bytes,2502656.0
1745322336,kashef-k8s-w1.user-service-547b88cd8f-lp8p9,container_memory_working_set_bytes,2863104.0
1745322336,kashef-k8s-w1.media-mongodb-7b64c59567-pm2pj,container_memory_working_set_bytes,62070784.0
1745322336,kashef-k8s-ctl.text-service-fff64b8bf-wp774,container_memory_working_set_bytes,2162688.0
1745322336,kashef-k8s-w1.social-graph-service-677dbc655c-sg995,container_memory_working_set_bytes,2486272.0
1745322336,kashef-k8s-ctl.media-frontend-6b66b95ff4-42hwg,container_memory_working_set_bytes,62459904.0
1745322336,kashef-k8s-ctl.compose-post-service-f587bf89d-dd7kf,container_memory_working_set_bytes,2359296.0
1745322336,kashef-k8s-w1.user-timeline-redis-67cc95bc57-2zhdt,container_memory_working_set_bytes,4034560.0
1745322336,kashef-k8s-w1.home-timeline-service-5754ffbc6d-kntl9,container_memory_working_set_bytes,1937408.0
1745322339,kashef-k8s-ctl.url-shorten-memcached-6546746864-btbq8,container_memory_working_set_bytes,2580480.0
1745322339,kashef-k8s-w1.user-mongodb-7745bbd78-kqpbp,container_memory_working_set_bytes,60768256.0
1745322339,kashef-k8s-ctl.jaeger-67997f9775-8jsbw,container_memory_working_set_bytes,10141696.0
1745322339,kashef-k8s-w1.social-graph-mongodb-55df767ff5-wwlmr,container_memory_working_set_bytes,60616704.0
1745322339,kashef-k8s-ctl.post-storage-memcached-6b75788fc6-5wwtc,container_memory_working_set_bytes,2576384.0
1745322339,kashef-k8s-ctl.media-frontend-6b66b95ff4-42hwg,container_memory_working_set_bytes,62459904.0
1745322339,kashef-k8s-w1.temp-debug-alt,container_memory_working_set_bytes,1175552.0
1745322339,kashef-k8s-w1.user-service-547b88cd8f-lp8p9,container_memory_working_set_bytes,2863104.0
1745322339,kashef-k8s-ctl.text-service-fff64b8bf-wp774,container_memory_working_set_bytes,2162688.0
1745322339,kashef-k8s-ctl.user-timeline-service-664c7f6696-hz5xq,container_memory_working_set_bytes,2502656.0
1745322339,kashef-k8s-w1.user-timeline-mongodb-6758898d48-4w2f2,container_memory_working_set_bytes,60530688.0
1745322339,kashef-k8s-ctl.unique-id-service-694497b678-2p45f,container_memory_working_set_bytes,1986560.0
1745322339,kashef-k8s-ctl.user-mention-service-5c4f566c5-qlj9z,container_memory_working_set_bytes,2797568.0
1745322339,kashef-k8s-ctl.post-storage-mongodb-5579669d8c-nfwpl,container_memory_working_set_bytes,60620800.0
1745322339,kashef-k8s-w1.home-timeline-redis-6c6647df6f-dv494,container_memory_working_set_bytes,3919872.0
1745322339,kashef-k8s-ctl.url-shorten-mongodb-57c886d5f8-jqtpp,container_memory_working_set_bytes,60407808.0
1745322339,kashef-k8s-w1.post-storage-service-66c9966f5f-n629t,container_memory_working_set_bytes,2707456.0
1745322339,kashef-k8s-w1.url-shorten-service-66949ddcc4-468ds,container_memory_working_set_bytes,2838528.0
1745322339,kashef-k8s-w1.media-memcached-7889bdfdfb-4hjbd,container_memory_working_set_bytes,2600960.0
1745322339,kashef-k8s-ctl.user-memcached-59687c864d-wdcgs,container_memory_working_set_bytes,2699264.0
1745322339,kashef-k8s-ctl.media-service-6c665c775d-m5vf4,container_memory_working_set_bytes,1974272.0
1745322339,kashef-k8s-w1.social-graph-service-677dbc655c-sg995,container_memory_working_set_bytes,2486272.0
1745322339,kashef-k8s-w1.nginx-thrift-79478f9bf5-5zdh4,container_memory_working_set_bytes,87785472.0
1745322339,kashef-k8s-w1.social-graph-redis-5bbd5b7458-7fcvv,container_memory_working_set_bytes,4046848.0
1745322339,kashef-k8s-ctl.compose-post-service-f587bf89d-dd7kf,container_memory_working_set_bytes,2359296.0
1745322339,kashef-k8s-w1.media-mongodb-7b64c59567-pm2pj,container_memory_working_set_bytes,62070784.0
1745322339,kashef-k8s-w1.home-timeline-service-5754ffbc6d-kntl9,container_memory_working_set_bytes,1937408.0
1745322339,kashef-k8s-w1.user-timeline-redis-67cc95bc57-2zhdt,container_memory_working_set_bytes,4034560.0
1745322342,kashef-k8s-w1.home-timeline-service-5754ffbc6d-kntl9,container_memory_working_set_bytes,1937408.0
1745322342,kashef-k8s-w1.social-graph-mongodb-55df767ff5-wwlmr,container_memory_working_set_bytes,60616704.0
1745322342,kashef-k8s-ctl.url-shorten-memcached-6546746864-btbq8,container_memory_working_set_bytes,2580480.0
1745322342,kashef-k8s-ctl.compose-post-service-f587bf89d-dd7kf,container_memory_working_set_bytes,2359296.0
1745322342,kashef-k8s-w1.media-mongodb-7b64c59567-pm2pj,container_memory_working_set_bytes,62070784.0
1745322342,kashef-k8s-w1.nginx-thrift-79478f9bf5-5zdh4,container_memory_working_set_bytes,87785472.0
1745322342,kashef-k8s-w1.media-memcached-7889bdfdfb-4hjbd,container_memory_working_set_bytes,2600960.0
1745322342,kashef-k8s-w1.home-timeline-redis-6c6647df6f-dv494,container_memory_working_set_bytes,3919872.0
1745322342,kashef-k8s-w1.post-storage-service-66c9966f5f-n629t,container_memory_working_set_bytes,2707456.0
1745322342,kashef-k8s-w1.url-shorten-service-66949ddcc4-468ds,container_memory_working_set_bytes,2838528.0
1745322342,kashef-k8s-ctl.post-storage-mongodb-5579669d8c-nfwpl,container_memory_working_set_bytes,60620800.0
1745322342,kashef-k8s-ctl.url-shorten-mongodb-57c886d5f8-jqtpp,container_memory_working_set_bytes,60407808.0
1745322342,kashef-k8s-w1.social-graph-service-677dbc655c-sg995,container_memory_working_set_bytes,2486272.0
1745322342,kashef-k8s-ctl.media-service-6c665c775d-m5vf4,container_memory_working_set_bytes,1974272.0
1745322342,kashef-k8s-w1.social-graph-redis-5bbd5b7458-7fcvv,container_memory_working_set_bytes,4046848.0
1745322342,kashef-k8s-ctl.unique-id-service-694497b678-2p45f,container_memory_working_set_bytes,1986560.0
1745322342,kashef-k8s-w1.user-timeline-mongodb-6758898d48-4w2f2,container_memory_working_set_bytes,60530688.0
1745322342,kashef-k8s-ctl.user-timeline-service-664c7f6696-hz5xq,container_memory_working_set_bytes,2502656.0
1745322342,kashef-k8s-w1.user-service-547b88cd8f-lp8p9,container_memory_working_set_bytes,2863104.0
1745322342,kashef-k8s-ctl.jaeger-67997f9775-8jsbw,container_memory_working_set_bytes,10141696.0
1745322342,kashef-k8s-w1.user-mongodb-7745bbd78-kqpbp,container_memory_working_set_bytes,60768256.0
1745322342,kashef-k8s-ctl.text-service-fff64b8bf-wp774,container_memory_working_set_bytes,2162688.0
1745322342,kashef-k8s-ctl.post-storage-memcached-6b75788fc6-5wwtc,container_memory_working_set_bytes,2576384.0
1745322342,kashef-k8s-w1.user-timeline-redis-67cc95bc57-2zhdt,container_memory_working_set_bytes,4034560.0
1745322342,kashef-k8s-ctl.user-mention-service-5c4f566c5-qlj9z,container_memory_working_set_bytes,2797568.0
1745322342,kashef-k8s-ctl.user-memcached-59687c864d-wdcgs,container_memory_working_set_bytes,2699264.0
1745322342,kashef-k8s-w1.temp-debug-alt,container_memory_working_set_bytes,1175552.0
1745322342,kashef-k8s-ctl.media-frontend-6b66b95ff4-42hwg,container_memory_working_set_bytes,62459904.0
1745322345,kashef-k8s-w1.nginx-thrift-79478f9bf5-5zdh4,container_memory_working_set_bytes,87785472.0
1745322345,kashef-k8s-w1.social-graph-redis-5bbd5b7458-7fcvv,container_memory_working_set_bytes,4046848.0
1745322345,kashef-k8s-w1.social-graph-service-677dbc655c-sg995,container_memory_working_set_bytes,2486272.0
1745322345,kashef-k8s-w1.social-graph-mongodb-55df767ff5-wwlmr,container_memory_working_set_bytes,60616704.0
1745322345,kashef-k8s-ctl.post-storage-mongodb-5579669d8c-nfwpl,container_memory_working_set_bytes,60620800.0
1745322345,kashef-k8s-w1.url-shorten-service-66949ddcc4-468ds,container_memory_working_set_bytes,2838528.0
1745322345,kashef-k8s-ctl.url-shorten-mongodb-57c886d5f8-jqtpp,container_memory_working_set_bytes,60407808.0
1745322345,kashef-k8s-w1.post-storage-service-66c9966f5f-n629t,container_memory_working_set_bytes,2707456.0
1745322345,kashef-k8s-ctl.media-service-6c665c775d-m5vf4,container_memory_working_set_bytes,1974272.0
1745322345,kashef-k8s-ctl.user-memcached-59687c864d-wdcgs,container_memory_working_set_bytes,2699264.0
1745322345,kashef-k8s-w1.media-memcached-7889bdfdfb-4hjbd,container_memory_working_set_bytes,2600960.0
1745322345,kashef-k8s-w1.home-timeline-service-5754ffbc6d-kntl9,container_memory_working_set_bytes,1937408.0
1745322345,kashef-k8s-w1.user-mongodb-7745bbd78-kqpbp,container_memory_working_set_bytes,60768256.0
1745322345,kashef-k8s-ctl.url-shorten-memcached-6546746864-btbq8,container_memory_working_set_bytes,2580480.0
1745322345,kashef-k8s-w1.user-timeline-redis-67cc95bc57-2zhdt,container_memory_working_set_bytes,4034560.0
1745322345,kashef-k8s-w1.media-mongodb-7b64c59567-pm2pj,container_memory_working_set_bytes,62070784.0
1745322345,kashef-k8s-ctl.text-service-fff64b8bf-wp774,container_memory_working_set_bytes,2162688.0
1745322345,kashef-k8s-ctl.user-mention-service-5c4f566c5-qlj9z,container_memory_working_set_bytes,2797568.0
1745322345,kashef-k8s-ctl.post-storage-memcached-6b75788fc6-5wwtc,container_memory_working_set_bytes,2576384.0
1745322345,kashef-k8s-w1.home-timeline-redis-6c6647df6f-dv494,container_memory_working_set_bytes,3919872.0
1745322345,kashef-k8s-ctl.media-frontend-6b66b95ff4-42hwg,container_memory_working_set_bytes,62459904.0
1745322345,kashef-k8s-ctl.user-timeline-service-664c7f6696-hz5xq,container_memory_working_set_bytes,2502656.0
1745322345,kashef-k8s-w1.temp-debug-alt,container_memory_working_set_bytes,1175552.0
1745322345,kashef-k8s-w1.user-timeline-mongodb-6758898d48-4w2f2,container_memory_working_set_bytes,60530688.0
1745322345,kashef-k8s-ctl.unique-id-service-694497b678-2p45f,container_memory_working_set_bytes,1986560.0
1745322345,kashef-k8s-w1.user-service-547b88cd8f-lp8p9,container_memory_working_set_bytes,2863104.0
1745322345,kashef-k8s-ctl.jaeger-67997f9775-8jsbw,container_memory_working_set_bytes,10141696.0
1745322345,kashef-k8s-ctl.compose-post-service-f587bf89d-dd7kf,container_memory_working_set_bytes,2359296.0
