timestamp,cmdb_id,kpi_name,value
1744825909,kashef-k8s-ctl.text-service-fff64b8bf-5sdbh,container_memory_working_set_bytes,0.0
1744825909,kashef-k8s-ctl.post-storage-memcached-6b75788fc6-dczcn,container_memory_working_set_bytes,0.0
1744825909,kashef-k8s-w1.url-shorten-service-66949ddcc4-d9skw,container_memory_working_set_bytes,0.0
1744825909,kashef-k8s-ctl.home-timeline-redis-6c6647df6f-6mqbs,container_memory_working_set_bytes,0.0
1744825909,kashef-k8s-w1.media-mongodb-7b64c59567-xkqmm,container_memory_working_set_bytes,0.0
1744825909,kashef-k8s-w1.social-graph-mongodb-55df767ff5-6wxnq,container_memory_working_set_bytes,0.0
1744825909,kashef-k8s-ctl.user-timeline-service-664c7f6696-vkhzh,container_memory_working_set_bytes,0.0
1744825915,kashef-k8s-ctl.post-storage-memcached-6b75788fc6-dczcn,container_memory_working_set_bytes,0.0
1744825915,kashef-k8s-w1.media-mongodb-7b64c59567-xkqmm,container_memory_working_set_bytes,0.0
1744825915,kashef-k8s-w1.url-shorten-service-66949ddcc4-d9skw,container_memory_working_set_bytes,0.0
1744825915,kashef-k8s-ctl.home-timeline-service-5754ffbc6d-64trn,container_memory_working_set_bytes,0.0
1744825915,kashef-k8s-ctl.user-service-547b88cd8f-psqtx,container_memory_working_set_bytes,0.0
1744825915,kashef-k8s-w1.user-timeline-redis-67cc95bc57-7l2xp,container_memory_working_set_bytes,0.0
1744825915,kashef-k8s-ctl.user-mongodb-7745bbd78-m5dgv,container_memory_working_set_bytes,0.0
1744825915,kashef-k8s-ctl.unique-id-service-694497b678-tczdq,container_memory_working_set_bytes,0.0
1744825915,kashef-k8s-ctl.home-timeline-redis-6c6647df6f-6mqbs,container_memory_working_set_bytes,0.0
1744825915,kashef-k8s-w1.social-graph-mongodb-55df767ff5-6wxnq,container_memory_working_set_bytes,0.0
1744825915,kashef-k8s-w1.nginx-thrift-79478f9bf5-gtwqc,container_memory_working_set_bytes,0.0
1744825915,kashef-k8s-w1.compose-post-service-f587bf89d-6vtgc,container_memory_working_set_bytes,0.0
1744825915,kashef-k8s-ctl.media-service-6c665c775d-mctbz,container_memory_working_set_bytes,0.0
1744825915,kashef-k8s-ctl.user-timeline-mongodb-6758898d48-p852t,container_memory_working_set_bytes,0.0
1744825915,kashef-k8s-ctl.user-timeline-service-664c7f6696-vkhzh,container_memory_working_set_bytes,0.0
1744825915,kashef-k8s-ctl.text-service-fff64b8bf-5sdbh,container_memory_working_set_bytes,0.0
1744825921,kashef-k8s-w1.url-shorten-service-66949ddcc4-d9skw,container_memory_working_set_bytes,0.0
1744825921,kashef-k8s-w1.media-memcached-7889bdfdfb-2p7ff,container_memory_working_set_bytes,2621440.0
1744825921,kashef-k8s-ctl.user-mongodb-7745bbd78-m5dgv,container_memory_working_set_bytes,0.0
1744825921,kashef-k8s-w1.user-timeline-redis-67cc95bc57-7l2xp,container_memory_working_set_bytes,0.0
1744825921,kashef-k8s-ctl.home-timeline-redis-6c6647df6f-6mqbs,container_memory_working_set_bytes,0.0
1744825921,kashef-k8s-ctl.media-service-6c665c775d-mctbz,container_memory_working_set_bytes,0.0
1744825921,kashef-k8s-w1.social-graph-redis-5bbd5b7458-pt87k,container_memory_working_set_bytes,3919872.0
1744825921,kashef-k8s-ctl.text-service-fff64b8bf-5sdbh,container_memory_working_set_bytes,0.0
1744825921,kashef-k8s-ctl.post-storage-memcached-6b75788fc6-dczcn,container_memory_working_set_bytes,0.0
1744825921,kashef-k8s-ctl.user-service-547b88cd8f-psqtx,container_memory_working_set_bytes,0.0
1744825921,kashef-k8s-ctl.home-timeline-service-5754ffbc6d-64trn,container_memory_working_set_bytes,0.0
1744825921,kashef-k8s-w1.social-graph-mongodb-55df767ff5-6wxnq,container_memory_working_set_bytes,0.0
1744825921,kashef-k8s-w1.media-mongodb-7b64c59567-xkqmm,container_memory_working_set_bytes,0.0
1744825921,kashef-k8s-ctl.unique-id-service-694497b678-tczdq,container_memory_working_set_bytes,0.0
1744825921,kashef-k8s-w1.compose-post-service-f587bf89d-6vtgc,container_memory_working_set_bytes,0.0
1744825921,kashef-k8s-ctl.user-timeline-service-664c7f6696-vkhzh,container_memory_working_set_bytes,0.0
1744825921,kashef-k8s-w1.nginx-thrift-79478f9bf5-gtwqc,container_memory_working_set_bytes,0.0
1744825921,kashef-k8s-ctl.user-timeline-mongodb-6758898d48-p852t,container_memory_working_set_bytes,0.0
1744825927,kashef-k8s-w1.social-graph-service-677dbc655c-n2fps,container_memory_working_set_bytes,2482176.0
1744825927,kashef-k8s-ctl.url-shorten-memcached-6546746864-jcsj8,container_memory_working_set_bytes,704512.0
1744825927,kashef-k8s-ctl.user-timeline-mongodb-6758898d48-p852t,container_memory_working_set_bytes,0.0
1744825927,kashef-k8s-ctl.user-timeline-service-664c7f6696-vkhzh,container_memory_working_set_bytes,0.0
1744825927,kashef-k8s-ctl.post-storage-memcached-6b75788fc6-dczcn,container_memory_working_set_bytes,0.0
1744825927,kashef-k8s-ctl.text-service-fff64b8bf-5sdbh,container_memory_working_set_bytes,0.0
1744825927,kashef-k8s-w1.url-shorten-mongodb-57c886d5f8-69qth,container_memory_working_set_bytes,696320.0
1744825927,kashef-k8s-w1.media-mongodb-7b64c59567-xkqmm,container_memory_working_set_bytes,0.0
1744825927,kashef-k8s-ctl.home-timeline-redis-6c6647df6f-6mqbs,container_memory_working_set_bytes,0.0
1744825927,kashef-k8s-ctl.unique-id-service-694497b678-tczdq,container_memory_working_set_bytes,0.0
1744825927,kashef-k8s-w1.social-graph-mongodb-55df767ff5-6wxnq,container_memory_working_set_bytes,0.0
1744825927,kashef-k8s-w1.nginx-thrift-79478f9bf5-gtwqc,container_memory_working_set_bytes,0.0
1744825927,kashef-k8s-ctl.user-service-547b88cd8f-psqtx,container_memory_working_set_bytes,0.0
1744825927,kashef-k8s-w1.url-shorten-service-66949ddcc4-d9skw,container_memory_working_set_bytes,0.0
1744825927,kashef-k8s-w1.user-timeline-redis-67cc95bc57-7l2xp,container_memory_working_set_bytes,0.0
1744825927,kashef-k8s-ctl.user-mongodb-7745bbd78-m5dgv,container_memory_working_set_bytes,0.0
1744825927,kashef-k8s-w1.user-memcached-59687c864d-7gpmp,container_memory_working_set_bytes,2588672.0
1744825927,kashef-k8s-w1.media-memcached-7889bdfdfb-2p7ff,container_memory_working_set_bytes,2621440.0
1744825927,kashef-k8s-w1.compose-post-service-f587bf89d-6vtgc,container_memory_working_set_bytes,0.0
1744825927,kashef-k8s-ctl.home-timeline-service-5754ffbc6d-64trn,container_memory_working_set_bytes,1933312.0
1744825927,kashef-k8s-w1.user-mention-service-5c4f566c5-qxrfp,container_memory_working_set_bytes,692224.0
1744825927,kashef-k8s-w1.post-storage-mongodb-5579669d8c-4qthh,container_memory_working_set_bytes,696320.0
1744825927,kashef-k8s-ctl.media-service-6c665c775d-mctbz,container_memory_working_set_bytes,0.0
1744825927,kashef-k8s-w1.social-graph-redis-5bbd5b7458-pt87k,container_memory_working_set_bytes,3919872.0
1744825933,kashef-k8s-w1.post-storage-mongodb-5579669d8c-4qthh,container_memory_working_set_bytes,696320.0
1744825933,kashef-k8s-ctl.media-service-6c665c775d-mctbz,container_memory_working_set_bytes,0.0
1744825933,kashef-k8s-w1.social-graph-redis-5bbd5b7458-pt87k,container_memory_working_set_bytes,3919872.0
1744825933,kashef-k8s-w1.user-mention-service-5c4f566c5-qxrfp,container_memory_working_set_bytes,692224.0
1744825933,kashef-k8s-ctl.user-timeline-mongodb-6758898d48-p852t,container_memory_working_set_bytes,0.0
1744825933,kashef-k8s-w1.compose-post-service-f587bf89d-6vtgc,container_memory_working_set_bytes,0.0
1744825933,kashef-k8s-ctl.url-shorten-memcached-6546746864-jcsj8,container_memory_working_set_bytes,704512.0
1744825933,kashef-k8s-w1.nginx-thrift-79478f9bf5-gtwqc,container_memory_working_set_bytes,0.0
1744825933,kashef-k8s-ctl.user-service-547b88cd8f-psqtx,container_memory_working_set_bytes,2736128.0
1744825933,kashef-k8s-w1.user-timeline-redis-67cc95bc57-7l2xp,container_memory_working_set_bytes,0.0
1744825933,kashef-k8s-w1.social-graph-mongodb-55df767ff5-6wxnq,container_memory_working_set_bytes,0.0
1744825933,kashef-k8s-w1.media-memcached-7889bdfdfb-2p7ff,container_memory_working_set_bytes,2621440.0
1744825933,kashef-k8s-w1.url-shorten-service-66949ddcc4-d9skw,container_memory_working_set_bytes,0.0
1744825933,kashef-k8s-w1.user-memcached-59687c864d-7gpmp,container_memory_working_set_bytes,2588672.0
1744825933,kashef-k8s-ctl.user-mongodb-7745bbd78-m5dgv,container_memory_working_set_bytes,59129856.0
1744825933,kashef-k8s-ctl.home-timeline-service-5754ffbc6d-64trn,container_memory_working_set_bytes,1933312.0
1744825933,kashef-k8s-w1.url-shorten-mongodb-57c886d5f8-69qth,container_memory_working_set_bytes,696320.0
1744825933,kashef-k8s-w1.social-graph-service-677dbc655c-n2fps,container_memory_working_set_bytes,2482176.0
1744825933,kashef-k8s-ctl.text-service-fff64b8bf-5sdbh,container_memory_working_set_bytes,0.0
1744825933,kashef-k8s-ctl.media-frontend-6b66b95ff4-gmf7r,container_memory_working_set_bytes,696320.0
1744825933,kashef-k8s-ctl.unique-id-service-694497b678-tczdq,container_memory_working_set_bytes,1921024.0
1744825933,kashef-k8s-ctl.post-storage-memcached-6b75788fc6-dczcn,container_memory_working_set_bytes,0.0
1744825933,kashef-k8s-w1.media-mongodb-7b64c59567-xkqmm,container_memory_working_set_bytes,0.0
1744825933,kashef-k8s-ctl.home-timeline-redis-6c6647df6f-6mqbs,container_memory_working_set_bytes,0.0
1744825933,kashef-k8s-ctl.user-timeline-service-664c7f6696-vkhzh,container_memory_working_set_bytes,0.0
1744825939,kashef-k8s-w1.compose-post-service-f587bf89d-6vtgc,container_memory_working_set_bytes,0.0
1744825939,kashef-k8s-w1.url-shorten-mongodb-57c886d5f8-69qth,container_memory_working_set_bytes,696320.0
1744825939,kashef-k8s-w1.user-memcached-59687c864d-7gpmp,container_memory_working_set_bytes,2588672.0
1744825939,kashef-k8s-ctl.user-timeline-mongodb-6758898d48-p852t,container_memory_working_set_bytes,94400512.0
1744825939,kashef-k8s-w1.social-graph-redis-5bbd5b7458-pt87k,container_memory_working_set_bytes,3919872.0
1744825939,kashef-k8s-w1.social-graph-service-677dbc655c-n2fps,container_memory_working_set_bytes,2482176.0
1744825939,kashef-k8s-w1.user-mention-service-5c4f566c5-qxrfp,container_memory_working_set_bytes,692224.0
1744825939,kashef-k8s-w1.nginx-thrift-79478f9bf5-gtwqc,container_memory_working_set_bytes,0.0
1744825939,kashef-k8s-w1.user-timeline-redis-67cc95bc57-7l2xp,container_memory_working_set_bytes,0.0
1744825939,kashef-k8s-w1.media-memcached-7889bdfdfb-2p7ff,container_memory_working_set_bytes,2621440.0
1744825939,kashef-k8s-w1.url-shorten-service-66949ddcc4-d9skw,container_memory_working_set_bytes,0.0
1744825939,kashef-k8s-ctl.user-mongodb-7745bbd78-m5dgv,container_memory_working_set_bytes,59129856.0
1744825939,kashef-k8s-w1.media-mongodb-7b64c59567-xkqmm,container_memory_working_set_bytes,0.0
1744825939,kashef-k8s-ctl.home-timeline-service-5754ffbc6d-64trn,container_memory_working_set_bytes,1933312.0
1744825939,kashef-k8s-w1.post-storage-mongodb-5579669d8c-4qthh,container_memory_working_set_bytes,59506688.0
1744825939,kashef-k8s-ctl.unique-id-service-694497b678-tczdq,container_memory_working_set_bytes,1921024.0
1744825939,kashef-k8s-ctl.media-service-6c665c775d-mctbz,container_memory_working_set_bytes,1916928.0
1744825939,kashef-k8s-ctl.text-service-fff64b8bf-5sdbh,container_memory_working_set_bytes,2928640.0
1744825939,kashef-k8s-ctl.post-storage-memcached-6b75788fc6-dczcn,container_memory_working_set_bytes,3399680.0
1744825939,kashef-k8s-w1.social-graph-mongodb-55df767ff5-6wxnq,container_memory_working_set_bytes,0.0
1744825939,kashef-k8s-ctl.url-shorten-memcached-6546746864-jcsj8,container_memory_working_set_bytes,704512.0
1744825939,kashef-k8s-ctl.user-service-547b88cd8f-psqtx,container_memory_working_set_bytes,2736128.0
1744825939,kashef-k8s-ctl.post-storage-service-66c9966f5f-6d7sl,container_memory_working_set_bytes,2691072.0
1744825939,kashef-k8s-ctl.home-timeline-redis-6c6647df6f-6mqbs,container_memory_working_set_bytes,5378048.0
1744825939,kashef-k8s-ctl.media-frontend-6b66b95ff4-gmf7r,container_memory_working_set_bytes,696320.0
1744825939,kashef-k8s-ctl.user-timeline-service-664c7f6696-vkhzh,container_memory_working_set_bytes,0.0
1744825945,kashef-k8s-w1.social-graph-redis-5bbd5b7458-pt87k,container_memory_working_set_bytes,3919872.0
1744825945,kashef-k8s-ctl.user-timeline-mongodb-6758898d48-p852t,container_memory_working_set_bytes,94400512.0
1744825945,kashef-k8s-w1.social-graph-service-677dbc655c-n2fps,container_memory_working_set_bytes,2482176.0
1744825945,kashef-k8s-w1.user-memcached-59687c864d-7gpmp,container_memory_working_set_bytes,2588672.0
1744825945,kashef-k8s-ctl.post-storage-memcached-6b75788fc6-dczcn,container_memory_working_set_bytes,3399680.0
1744825945,kashef-k8s-w1.user-timeline-redis-67cc95bc57-7l2xp,container_memory_working_set_bytes,0.0
1744825945,kashef-k8s-w1.url-shorten-service-66949ddcc4-d9skw,container_memory_working_set_bytes,0.0
1744825945,kashef-k8s-ctl.user-mongodb-7745bbd78-m5dgv,container_memory_working_set_bytes,59129856.0
1744825945,kashef-k8s-w1.nginx-thrift-79478f9bf5-gtwqc,container_memory_working_set_bytes,51290112.0
1744825945,kashef-k8s-ctl.post-storage-service-66c9966f5f-6d7sl,container_memory_working_set_bytes,2691072.0
1744825945,kashef-k8s-w1.post-storage-mongodb-5579669d8c-4qthh,container_memory_working_set_bytes,59506688.0
1744825945,kashef-k8s-w1.media-mongodb-7b64c59567-xkqmm,container_memory_working_set_bytes,61108224.0
1744825945,kashef-k8s-ctl.user-service-547b88cd8f-psqtx,container_memory_working_set_bytes,2736128.0
1744825945,kashef-k8s-ctl.text-service-fff64b8bf-5sdbh,container_memory_working_set_bytes,2928640.0
1744825945,kashef-k8s-ctl.jaeger-67997f9775-njj8l,container_memory_working_set_bytes,11100160.0
1744825945,kashef-k8s-ctl.unique-id-service-694497b678-tczdq,container_memory_working_set_bytes,1921024.0
1744825945,kashef-k8s-w1.url-shorten-mongodb-57c886d5f8-69qth,container_memory_working_set_bytes,696320.0
1744825945,kashef-k8s-ctl.home-timeline-redis-6c6647df6f-6mqbs,container_memory_working_set_bytes,5378048.0
1744825945,kashef-k8s-ctl.media-service-6c665c775d-mctbz,container_memory_working_set_bytes,1916928.0
1744825945,kashef-k8s-ctl.home-timeline-service-5754ffbc6d-64trn,container_memory_working_set_bytes,1933312.0
1744825945,kashef-k8s-w1.user-mention-service-5c4f566c5-qxrfp,container_memory_working_set_bytes,692224.0
1744825945,kashef-k8s-w1.social-graph-mongodb-55df767ff5-6wxnq,container_memory_working_set_bytes,59805696.0
1744825945,kashef-k8s-ctl.url-shorten-memcached-6546746864-jcsj8,container_memory_working_set_bytes,704512.0
1744825945,kashef-k8s-ctl.media-frontend-6b66b95ff4-gmf7r,container_memory_working_set_bytes,696320.0
1744825945,kashef-k8s-w1.media-memcached-7889bdfdfb-2p7ff,container_memory_working_set_bytes,2621440.0
1744825945,kashef-k8s-w1.compose-post-service-f587bf89d-6vtgc,container_memory_working_set_bytes,0.0
1744825945,kashef-k8s-ctl.user-timeline-service-664c7f6696-vkhzh,container_memory_working_set_bytes,2723840.0
1744825951,kashef-k8s-ctl.jaeger-67997f9775-njj8l,container_memory_working_set_bytes,11100160.0
1744825951,kashef-k8s-ctl.user-mongodb-7745bbd78-m5dgv,container_memory_working_set_bytes,59129856.0
1744825951,kashef-k8s-w1.user-memcached-59687c864d-7gpmp,container_memory_working_set_bytes,2588672.0
1744825951,kashef-k8s-w1.user-timeline-redis-67cc95bc57-7l2xp,container_memory_working_set_bytes,4038656.0
1744825951,kashef-k8s-w1.url-shorten-service-66949ddcc4-d9skw,container_memory_working_set_bytes,2711552.0
1744825951,kashef-k8s-w1.post-storage-mongodb-5579669d8c-4qthh,container_memory_working_set_bytes,59506688.0
1744825951,kashef-k8s-ctl.post-storage-service-66c9966f5f-6d7sl,container_memory_working_set_bytes,2691072.0
1744825951,kashef-k8s-ctl.home-timeline-redis-6c6647df6f-6mqbs,container_memory_working_set_bytes,5378048.0
1744825951,kashef-k8s-w1.nginx-thrift-79478f9bf5-gtwqc,container_memory_working_set_bytes,51290112.0
1744825951,kashef-k8s-ctl.unique-id-service-694497b678-tczdq,container_memory_working_set_bytes,1921024.0
1744825951,kashef-k8s-ctl.text-service-fff64b8bf-5sdbh,container_memory_working_set_bytes,2928640.0
1744825951,kashef-k8s-ctl.user-service-547b88cd8f-psqtx,container_memory_working_set_bytes,2736128.0
1744825951,kashef-k8s-w1.media-mongodb-7b64c59567-xkqmm,container_memory_working_set_bytes,61108224.0
1744825951,kashef-k8s-ctl.post-storage-memcached-6b75788fc6-dczcn,container_memory_working_set_bytes,3399680.0
1744825951,kashef-k8s-w1.social-graph-service-677dbc655c-n2fps,container_memory_working_set_bytes,2482176.0
1744825951,kashef-k8s-ctl.user-timeline-mongodb-6758898d48-p852t,container_memory_working_set_bytes,94400512.0
1744825951,kashef-k8s-w1.compose-post-service-f587bf89d-6vtgc,container_memory_working_set_bytes,1933312.0
1744825951,kashef-k8s-w1.url-shorten-mongodb-57c886d5f8-69qth,container_memory_working_set_bytes,59490304.0
1744825951,kashef-k8s-w1.media-memcached-7889bdfdfb-2p7ff,container_memory_working_set_bytes,2621440.0
1744825951,kashef-k8s-ctl.user-timeline-service-664c7f6696-vkhzh,container_memory_working_set_bytes,2723840.0
1744825951,kashef-k8s-ctl.home-timeline-service-5754ffbc6d-64trn,container_memory_working_set_bytes,1933312.0
1744825951,kashef-k8s-ctl.media-service-6c665c775d-mctbz,container_memory_working_set_bytes,1916928.0
1744825951,kashef-k8s-w1.social-graph-redis-5bbd5b7458-pt87k,container_memory_working_set_bytes,3919872.0
1744825951,kashef-k8s-w1.user-mention-service-5c4f566c5-qxrfp,container_memory_working_set_bytes,2617344.0
1744825951,kashef-k8s-ctl.url-shorten-memcached-6546746864-jcsj8,container_memory_working_set_bytes,704512.0
1744825951,kashef-k8s-w1.social-graph-mongodb-55df767ff5-6wxnq,container_memory_working_set_bytes,59805696.0
1744825951,kashef-k8s-ctl.media-frontend-6b66b95ff4-gmf7r,container_memory_working_set_bytes,696320.0
1744825957,kashef-k8s-w1.user-timeline-redis-67cc95bc57-7l2xp,container_memory_working_set_bytes,4038656.0
1744825957,kashef-k8s-w1.social-graph-mongodb-55df767ff5-6wxnq,container_memory_working_set_bytes,59805696.0
1744825957,kashef-k8s-ctl.media-frontend-6b66b95ff4-gmf7r,container_memory_working_set_bytes,696320.0
1744825957,kashef-k8s-w1.social-graph-redis-5bbd5b7458-pt87k,container_memory_working_set_bytes,3919872.0
1744825957,kashef-k8s-ctl.media-service-6c665c775d-mctbz,container_memory_working_set_bytes,1916928.0
1744825957,kashef-k8s-ctl.url-shorten-memcached-6546746864-jcsj8,container_memory_working_set_bytes,704512.0
1744825957,kashef-k8s-ctl.user-timeline-mongodb-6758898d48-p852t,container_memory_working_set_bytes,94400512.0
1744825957,kashef-k8s-ctl.home-timeline-service-5754ffbc6d-64trn,container_memory_working_set_bytes,1933312.0
1744825957,kashef-k8s-w1.user-mention-service-5c4f566c5-qxrfp,container_memory_working_set_bytes,2617344.0
1744825957,kashef-k8s-w1.url-shorten-mongodb-57c886d5f8-69qth,container_memory_working_set_bytes,59490304.0
1744825957,kashef-k8s-w1.media-memcached-7889bdfdfb-2p7ff,container_memory_working_set_bytes,2621440.0
1744825957,kashef-k8s-w1.compose-post-service-f587bf89d-6vtgc,container_memory_working_set_bytes,1933312.0
1744825957,kashef-k8s-w1.media-mongodb-7b64c59567-xkqmm,container_memory_working_set_bytes,61108224.0
1744825957,kashef-k8s-w1.post-storage-mongodb-5579669d8c-4qthh,container_memory_working_set_bytes,59506688.0
1744825957,kashef-k8s-ctl.user-timeline-service-664c7f6696-vkhzh,container_memory_working_set_bytes,2723840.0
1744825957,kashef-k8s-ctl.home-timeline-redis-6c6647df6f-6mqbs,container_memory_working_set_bytes,5378048.0
1744825957,kashef-k8s-w1.nginx-thrift-79478f9bf5-gtwqc,container_memory_working_set_bytes,51290112.0
1744825957,kashef-k8s-ctl.post-storage-service-66c9966f5f-6d7sl,container_memory_working_set_bytes,2691072.0
1744825957,kashef-k8s-ctl.text-service-fff64b8bf-5sdbh,container_memory_working_set_bytes,2928640.0
1744825957,kashef-k8s-ctl.user-service-547b88cd8f-psqtx,container_memory_working_set_bytes,2736128.0
1744825957,kashef-k8s-ctl.post-storage-memcached-6b75788fc6-dczcn,container_memory_working_set_bytes,3399680.0
1744825957,kashef-k8s-ctl.unique-id-service-694497b678-tczdq,container_memory_working_set_bytes,1921024.0
1744825957,kashef-k8s-w1.user-memcached-59687c864d-7gpmp,container_memory_working_set_bytes,2588672.0
1744825957,kashef-k8s-ctl.jaeger-67997f9775-njj8l,container_memory_working_set_bytes,11100160.0
1744825957,kashef-k8s-ctl.user-mongodb-7745bbd78-m5dgv,container_memory_working_set_bytes,59129856.0
1744825957,kashef-k8s-w1.url-shorten-service-66949ddcc4-d9skw,container_memory_working_set_bytes,2711552.0
1744825957,kashef-k8s-w1.social-graph-service-677dbc655c-n2fps,container_memory_working_set_bytes,2482176.0
1744825963,kashef-k8s-ctl.media-service-6c665c775d-mctbz,container_memory_working_set_bytes,1974272.0
1744825963,kashef-k8s-ctl.media-frontend-6b66b95ff4-gmf7r,container_memory_working_set_bytes,69464064.0
1744825963,kashef-k8s-w1.social-graph-service-677dbc655c-n2fps,container_memory_working_set_bytes,2482176.0
1744825963,kashef-k8s-ctl.user-timeline-mongodb-6758898d48-p852t,container_memory_working_set_bytes,94400512.0
1744825963,kashef-k8s-ctl.post-storage-service-66c9966f5f-6d7sl,container_memory_working_set_bytes,2908160.0
1744825963,kashef-k8s-w1.user-mention-service-5c4f566c5-qxrfp,container_memory_working_set_bytes,2617344.0
1744825963,kashef-k8s-ctl.url-shorten-memcached-6546746864-jcsj8,container_memory_working_set_bytes,2605056.0
1744825963,kashef-k8s-w1.media-mongodb-7b64c59567-xkqmm,container_memory_working_set_bytes,61108224.0
1744825963,kashef-k8s-ctl.home-timeline-service-5754ffbc6d-64trn,container_memory_working_set_bytes,1933312.0
1744825963,kashef-k8s-w1.url-shorten-service-66949ddcc4-d9skw,container_memory_working_set_bytes,2711552.0
1744825963,kashef-k8s-ctl.home-timeline-redis-6c6647df6f-6mqbs,container_memory_working_set_bytes,5378048.0
1744825963,kashef-k8s-w1.user-memcached-59687c864d-7gpmp,container_memory_working_set_bytes,2588672.0
1744825963,kashef-k8s-ctl.text-service-fff64b8bf-5sdbh,container_memory_working_set_bytes,2928640.0
1744825963,kashef-k8s-w1.nginx-thrift-79478f9bf5-gtwqc,container_memory_working_set_bytes,51290112.0
1744825963,kashef-k8s-w1.media-memcached-7889bdfdfb-2p7ff,container_memory_working_set_bytes,2621440.0
1744825963,kashef-k8s-w1.post-storage-mongodb-5579669d8c-4qthh,container_memory_working_set_bytes,59506688.0
1744825963,kashef-k8s-w1.url-shorten-mongodb-57c886d5f8-69qth,container_memory_working_set_bytes,59490304.0
1744825963,kashef-k8s-ctl.post-storage-memcached-6b75788fc6-dczcn,container_memory_working_set_bytes,3399680.0
1744825963,kashef-k8s-w1.social-graph-redis-5bbd5b7458-pt87k,container_memory_working_set_bytes,3919872.0
1744825963,kashef-k8s-w1.user-timeline-redis-67cc95bc57-7l2xp,container_memory_working_set_bytes,4038656.0
1744825963,kashef-k8s-ctl.user-service-547b88cd8f-psqtx,container_memory_working_set_bytes,2781184.0
1744825963,kashef-k8s-w1.social-graph-mongodb-55df767ff5-6wxnq,container_memory_working_set_bytes,59805696.0
1744825963,kashef-k8s-w1.compose-post-service-f587bf89d-6vtgc,container_memory_working_set_bytes,1933312.0
1744825963,kashef-k8s-ctl.user-timeline-service-664c7f6696-vkhzh,container_memory_working_set_bytes,2723840.0
1744825963,kashef-k8s-ctl.jaeger-67997f9775-njj8l,container_memory_working_set_bytes,11100160.0
1744825963,kashef-k8s-ctl.user-mongodb-7745bbd78-m5dgv,container_memory_working_set_bytes,59756544.0
1744825963,kashef-k8s-ctl.unique-id-service-694497b678-tczdq,container_memory_working_set_bytes,1974272.0
1744825969,kashef-k8s-w1.user-mention-service-5c4f566c5-qxrfp,container_memory_working_set_bytes,2617344.0
1744825969,kashef-k8s-ctl.post-storage-memcached-6b75788fc6-dczcn,container_memory_working_set_bytes,3399680.0
1744825969,kashef-k8s-w1.media-mongodb-7b64c59567-xkqmm,container_memory_working_set_bytes,61108224.0
1744825969,kashef-k8s-w1.social-graph-service-677dbc655c-n2fps,container_memory_working_set_bytes,2482176.0
1744825969,kashef-k8s-ctl.user-service-547b88cd8f-psqtx,container_memory_working_set_bytes,2781184.0
1744825969,kashef-k8s-ctl.home-timeline-redis-6c6647df6f-6mqbs,container_memory_working_set_bytes,5533696.0
1744825969,kashef-k8s-w1.user-memcached-59687c864d-7gpmp,container_memory_working_set_bytes,2699264.0
1744825969,kashef-k8s-ctl.text-service-fff64b8bf-5sdbh,container_memory_working_set_bytes,3121152.0
1744825969,kashef-k8s-w1.url-shorten-service-66949ddcc4-d9skw,container_memory_working_set_bytes,2711552.0
1744825969,kashef-k8s-w1.post-storage-mongodb-5579669d8c-4qthh,container_memory_working_set_bytes,59506688.0
1744825969,kashef-k8s-w1.user-timeline-redis-67cc95bc57-7l2xp,container_memory_working_set_bytes,4038656.0
1744825969,kashef-k8s-w1.media-memcached-7889bdfdfb-2p7ff,container_memory_working_set_bytes,2621440.0
1744825969,kashef-k8s-w1.nginx-thrift-79478f9bf5-gtwqc,container_memory_working_set_bytes,51290112.0
1744825969,kashef-k8s-ctl.home-timeline-service-5754ffbc6d-64trn,container_memory_working_set_bytes,1933312.0
1744825969,kashef-k8s-ctl.url-shorten-memcached-6546746864-jcsj8,container_memory_working_set_bytes,2605056.0
1744825969,kashef-k8s-ctl.media-frontend-6b66b95ff4-gmf7r,container_memory_working_set_bytes,69464064.0
1744825969,kashef-k8s-ctl.unique-id-service-694497b678-tczdq,container_memory_working_set_bytes,1974272.0
1744825969,kashef-k8s-ctl.user-mongodb-7745bbd78-m5dgv,container_memory_working_set_bytes,59756544.0
1744825969,kashef-k8s-w1.url-shorten-mongodb-57c886d5f8-69qth,container_memory_working_set_bytes,59490304.0
1744825969,kashef-k8s-w1.social-graph-redis-5bbd5b7458-pt87k,container_memory_working_set_bytes,3919872.0
1744825969,kashef-k8s-ctl.jaeger-67997f9775-njj8l,container_memory_working_set_bytes,11100160.0
1744825969,kashef-k8s-w1.compose-post-service-f587bf89d-6vtgc,container_memory_working_set_bytes,1933312.0
1744825969,kashef-k8s-ctl.user-timeline-service-664c7f6696-vkhzh,container_memory_working_set_bytes,3313664.0
1744825969,kashef-k8s-ctl.post-storage-service-66c9966f5f-6d7sl,container_memory_working_set_bytes,2908160.0
1744825969,kashef-k8s-ctl.media-service-6c665c775d-mctbz,container_memory_working_set_bytes,1974272.0
1744825969,kashef-k8s-w1.social-graph-mongodb-55df767ff5-6wxnq,container_memory_working_set_bytes,59805696.0
1744825969,kashef-k8s-ctl.user-timeline-mongodb-6758898d48-p852t,container_memory_working_set_bytes,94527488.0
1744825975,kashef-k8s-ctl.post-storage-service-66c9966f5f-6d7sl,container_memory_working_set_bytes,2908160.0
1744825975,kashef-k8s-ctl.media-frontend-6b66b95ff4-gmf7r,container_memory_working_set_bytes,69464064.0
1744825975,kashef-k8s-ctl.user-timeline-mongodb-6758898d48-p852t,container_memory_working_set_bytes,94527488.0
1744825975,kashef-k8s-w1.social-graph-redis-5bbd5b7458-pt87k,container_memory_working_set_bytes,3919872.0
1744825975,kashef-k8s-ctl.media-service-6c665c775d-mctbz,container_memory_working_set_bytes,1974272.0
1744825975,kashef-k8s-w1.user-timeline-redis-67cc95bc57-7l2xp,container_memory_working_set_bytes,4038656.0
1744825975,kashef-k8s-w1.media-mongodb-7b64c59567-xkqmm,container_memory_working_set_bytes,61128704.0
1744825975,kashef-k8s-w1.compose-post-service-f587bf89d-6vtgc,container_memory_working_set_bytes,1933312.0
1744825975,kashef-k8s-ctl.jaeger-67997f9775-njj8l,container_memory_working_set_bytes,11100160.0
1744825975,kashef-k8s-w1.url-shorten-mongodb-57c886d5f8-69qth,container_memory_working_set_bytes,59490304.0
1744825975,kashef-k8s-ctl.user-timeline-service-664c7f6696-vkhzh,container_memory_working_set_bytes,3313664.0
1744825975,kashef-k8s-w1.url-shorten-service-66949ddcc4-d9skw,container_memory_working_set_bytes,2711552.0
1744825975,kashef-k8s-ctl.user-mongodb-7745bbd78-m5dgv,container_memory_working_set_bytes,59756544.0
1744825975,kashef-k8s-w1.nginx-thrift-79478f9bf5-gtwqc,container_memory_working_set_bytes,51290112.0
1744825975,kashef-k8s-ctl.home-timeline-redis-6c6647df6f-6mqbs,container_memory_working_set_bytes,5533696.0
1744825975,kashef-k8s-ctl.unique-id-service-694497b678-tczdq,container_memory_working_set_bytes,1974272.0
1744825975,kashef-k8s-ctl.text-service-fff64b8bf-5sdbh,container_memory_working_set_bytes,3121152.0
1744825975,kashef-k8s-w1.user-memcached-59687c864d-7gpmp,container_memory_working_set_bytes,2699264.0
1744825975,kashef-k8s-w1.post-storage-mongodb-5579669d8c-4qthh,container_memory_working_set_bytes,59719680.0
1744825975,kashef-k8s-w1.media-memcached-7889bdfdfb-2p7ff,container_memory_working_set_bytes,2621440.0
1744825975,kashef-k8s-ctl.user-service-547b88cd8f-psqtx,container_memory_working_set_bytes,2781184.0
1744825975,kashef-k8s-w1.user-mention-service-5c4f566c5-qxrfp,container_memory_working_set_bytes,2617344.0
1744825975,kashef-k8s-ctl.home-timeline-service-5754ffbc6d-64trn,container_memory_working_set_bytes,1933312.0
1744825975,kashef-k8s-w1.social-graph-service-677dbc655c-n2fps,container_memory_working_set_bytes,2482176.0
1744825975,kashef-k8s-w1.social-graph-mongodb-55df767ff5-6wxnq,container_memory_working_set_bytes,59777024.0
1744825975,kashef-k8s-ctl.post-storage-memcached-6b75788fc6-dczcn,container_memory_working_set_bytes,3399680.0
1744825975,kashef-k8s-ctl.url-shorten-memcached-6546746864-jcsj8,container_memory_working_set_bytes,2605056.0
1744825981,kashef-k8s-ctl.post-storage-service-66c9966f5f-6d7sl,container_memory_working_set_bytes,2908160.0
1744825981,kashef-k8s-ctl.media-frontend-6b66b95ff4-gmf7r,container_memory_working_set_bytes,69464064.0
1744825981,kashef-k8s-ctl.user-timeline-mongodb-6758898d48-p852t,container_memory_working_set_bytes,94527488.0
1744825981,kashef-k8s-w1.social-graph-redis-5bbd5b7458-pt87k,container_memory_working_set_bytes,3919872.0
1744825981,kashef-k8s-w1.social-graph-mongodb-55df767ff5-6wxnq,container_memory_working_set_bytes,59777024.0
1744825981,kashef-k8s-w1.user-memcached-59687c864d-7gpmp,container_memory_working_set_bytes,2699264.0
1744825981,kashef-k8s-w1.social-graph-service-677dbc655c-n2fps,container_memory_working_set_bytes,2588672.0
1744825981,kashef-k8s-w1.url-shorten-service-66949ddcc4-d9skw,container_memory_working_set_bytes,2711552.0
1744825981,kashef-k8s-w1.url-shorten-mongodb-57c886d5f8-69qth,container_memory_working_set_bytes,59490304.0
1744825981,kashef-k8s-ctl.user-mongodb-7745bbd78-m5dgv,container_memory_working_set_bytes,59756544.0
1744825981,kashef-k8s-ctl.text-service-fff64b8bf-5sdbh,container_memory_working_set_bytes,3121152.0
1744825981,kashef-k8s-w1.user-timeline-redis-67cc95bc57-7l2xp,container_memory_working_set_bytes,3973120.0
1744825981,kashef-k8s-ctl.jaeger-67997f9775-njj8l,container_memory_working_set_bytes,11100160.0
1744825981,kashef-k8s-ctl.user-timeline-service-664c7f6696-vkhzh,container_memory_working_set_bytes,3313664.0
1744825981,kashef-k8s-w1.compose-post-service-f587bf89d-6vtgc,container_memory_working_set_bytes,1933312.0
1744825981,kashef-k8s-ctl.home-timeline-redis-6c6647df6f-6mqbs,container_memory_working_set_bytes,5533696.0
1744825981,kashef-k8s-w1.media-mongodb-7b64c59567-xkqmm,container_memory_working_set_bytes,61128704.0
1744825981,kashef-k8s-w1.media-memcached-7889bdfdfb-2p7ff,container_memory_working_set_bytes,2621440.0
1744825981,kashef-k8s-w1.nginx-thrift-79478f9bf5-gtwqc,container_memory_working_set_bytes,51290112.0
1744825981,kashef-k8s-ctl.home-timeline-service-5754ffbc6d-64trn,container_memory_working_set_bytes,1933312.0
1744825981,kashef-k8s-w1.post-storage-mongodb-5579669d8c-4qthh,container_memory_working_set_bytes,59719680.0
1744825981,kashef-k8s-ctl.user-service-547b88cd8f-psqtx,container_memory_working_set_bytes,2781184.0
1744825981,kashef-k8s-w1.user-mention-service-5c4f566c5-qxrfp,container_memory_working_set_bytes,2809856.0
1744825981,kashef-k8s-ctl.unique-id-service-694497b678-tczdq,container_memory_working_set_bytes,1974272.0
1744825981,kashef-k8s-ctl.post-storage-memcached-6b75788fc6-dczcn,container_memory_working_set_bytes,3399680.0
1744825981,kashef-k8s-ctl.url-shorten-memcached-6546746864-jcsj8,container_memory_working_set_bytes,2605056.0
1744825981,kashef-k8s-ctl.media-service-6c665c775d-mctbz,container_memory_working_set_bytes,1974272.0
1744825987,kashef-k8s-ctl.media-frontend-6b66b95ff4-gmf7r,container_memory_working_set_bytes,69464064.0
1744825987,kashef-k8s-w1.social-graph-redis-5bbd5b7458-pt87k,container_memory_working_set_bytes,4071424.0
1744825987,kashef-k8s-ctl.user-timeline-mongodb-6758898d48-p852t,container_memory_working_set_bytes,94527488.0
1744825987,kashef-k8s-ctl.post-storage-service-66c9966f5f-6d7sl,container_memory_working_set_bytes,2908160.0
1744825987,kashef-k8s-ctl.unique-id-service-694497b678-tczdq,container_memory_working_set_bytes,1974272.0
1744825987,kashef-k8s-ctl.home-timeline-redis-6c6647df6f-6mqbs,container_memory_working_set_bytes,5533696.0
1744825987,kashef-k8s-w1.media-mongodb-7b64c59567-xkqmm,container_memory_working_set_bytes,61128704.0
1744825987,kashef-k8s-ctl.post-storage-memcached-6b75788fc6-dczcn,container_memory_working_set_bytes,3399680.0
1744825987,kashef-k8s-w1.url-shorten-mongodb-57c886d5f8-69qth,container_memory_working_set_bytes,59879424.0
1744825987,kashef-k8s-w1.social-graph-service-677dbc655c-n2fps,container_memory_working_set_bytes,2588672.0
1744825987,kashef-k8s-w1.url-shorten-service-66949ddcc4-d9skw,container_memory_working_set_bytes,2957312.0
1744825987,kashef-k8s-ctl.text-service-fff64b8bf-5sdbh,container_memory_working_set_bytes,3121152.0
1744825987,kashef-k8s-w1.user-timeline-redis-67cc95bc57-7l2xp,container_memory_working_set_bytes,3973120.0
1744825987,kashef-k8s-w1.user-memcached-59687c864d-7gpmp,container_memory_working_set_bytes,2699264.0
1744825987,kashef-k8s-ctl.user-mongodb-7745bbd78-m5dgv,container_memory_working_set_bytes,59756544.0
1744825987,kashef-k8s-ctl.jaeger-67997f9775-njj8l,container_memory_working_set_bytes,11100160.0
1744825987,kashef-k8s-w1.media-memcached-7889bdfdfb-2p7ff,container_memory_working_set_bytes,2621440.0
1744825987,kashef-k8s-w1.nginx-thrift-79478f9bf5-gtwqc,container_memory_working_set_bytes,96788480.0
1744825987,kashef-k8s-w1.post-storage-mongodb-5579669d8c-4qthh,container_memory_working_set_bytes,59719680.0
1744825987,kashef-k8s-ctl.home-timeline-service-5754ffbc6d-64trn,container_memory_working_set_bytes,1933312.0
1744825987,kashef-k8s-w1.user-mention-service-5c4f566c5-qxrfp,container_memory_working_set_bytes,2809856.0
1744825987,kashef-k8s-ctl.user-service-547b88cd8f-psqtx,container_memory_working_set_bytes,2781184.0
1744825987,kashef-k8s-ctl.media-service-6c665c775d-mctbz,container_memory_working_set_bytes,1974272.0
1744825987,kashef-k8s-w1.compose-post-service-f587bf89d-6vtgc,container_memory_working_set_bytes,2818048.0
1744825987,kashef-k8s-ctl.user-timeline-service-664c7f6696-vkhzh,container_memory_working_set_bytes,3313664.0
1744825987,kashef-k8s-w1.social-graph-mongodb-55df767ff5-6wxnq,container_memory_working_set_bytes,59777024.0
1744825987,kashef-k8s-ctl.url-shorten-memcached-6546746864-jcsj8,container_memory_working_set_bytes,2605056.0
1744825993,kashef-k8s-ctl.user-timeline-mongodb-6758898d48-p852t,container_memory_working_set_bytes,94527488.0
1744825993,kashef-k8s-w1.compose-post-service-f587bf89d-6vtgc,container_memory_working_set_bytes,2818048.0
1744825993,kashef-k8s-ctl.user-service-547b88cd8f-psqtx,container_memory_working_set_bytes,2928640.0
1744825993,kashef-k8s-w1.user-timeline-redis-67cc95bc57-7l2xp,container_memory_working_set_bytes,3973120.0
1744825993,kashef-k8s-w1.url-shorten-mongodb-57c886d5f8-69qth,container_memory_working_set_bytes,59879424.0
1744825993,kashef-k8s-ctl.unique-id-service-694497b678-tczdq,container_memory_working_set_bytes,1974272.0
1744825993,kashef-k8s-ctl.jaeger-67997f9775-njj8l,container_memory_working_set_bytes,12312576.0
1744825993,kashef-k8s-w1.social-graph-mongodb-55df767ff5-6wxnq,container_memory_working_set_bytes,59777024.0
1744825993,kashef-k8s-w1.media-memcached-7889bdfdfb-2p7ff,container_memory_working_set_bytes,2621440.0
1744825993,kashef-k8s-w1.post-storage-mongodb-5579669d8c-4qthh,container_memory_working_set_bytes,59719680.0
1744825993,kashef-k8s-w1.social-graph-service-677dbc655c-n2fps,container_memory_working_set_bytes,2588672.0
1744825993,kashef-k8s-w1.user-mention-service-5c4f566c5-qxrfp,container_memory_working_set_bytes,2809856.0
1744825993,kashef-k8s-ctl.post-storage-memcached-6b75788fc6-dczcn,container_memory_working_set_bytes,3399680.0
1744825993,kashef-k8s-w1.media-mongodb-7b64c59567-xkqmm,container_memory_working_set_bytes,61128704.0
1744825993,kashef-k8s-ctl.media-service-6c665c775d-mctbz,container_memory_working_set_bytes,1974272.0
1744825993,kashef-k8s-ctl.home-timeline-redis-6c6647df6f-6mqbs,container_memory_working_set_bytes,5533696.0
1744825993,kashef-k8s-ctl.user-mongodb-7745bbd78-m5dgv,container_memory_working_set_bytes,59756544.0
1744825993,kashef-k8s-w1.nginx-thrift-79478f9bf5-gtwqc,container_memory_working_set_bytes,96788480.0
1744825993,kashef-k8s-ctl.media-frontend-6b66b95ff4-gmf7r,container_memory_working_set_bytes,69464064.0
1744825993,kashef-k8s-ctl.user-timeline-service-664c7f6696-vkhzh,container_memory_working_set_bytes,3313664.0
1744825993,kashef-k8s-ctl.post-storage-service-66c9966f5f-6d7sl,container_memory_working_set_bytes,3072000.0
1744825993,kashef-k8s-ctl.url-shorten-memcached-6546746864-jcsj8,container_memory_working_set_bytes,2605056.0
1744825993,kashef-k8s-w1.social-graph-redis-5bbd5b7458-pt87k,container_memory_working_set_bytes,4071424.0
1744825993,kashef-k8s-ctl.home-timeline-service-5754ffbc6d-64trn,container_memory_working_set_bytes,2256896.0
1744825993,kashef-k8s-w1.user-memcached-59687c864d-7gpmp,container_memory_working_set_bytes,2699264.0
1744825993,kashef-k8s-ctl.text-service-fff64b8bf-5sdbh,container_memory_working_set_bytes,3121152.0
1744825993,kashef-k8s-w1.url-shorten-service-66949ddcc4-d9skw,container_memory_working_set_bytes,2957312.0
1744825999,kashef-k8s-ctl.user-mongodb-7745bbd78-m5dgv,container_memory_working_set_bytes,60108800.0
1744825999,kashef-k8s-w1.url-shorten-mongodb-57c886d5f8-69qth,container_memory_working_set_bytes,60141568.0
1744825999,kashef-k8s-ctl.jaeger-67997f9775-njj8l,container_memory_working_set_bytes,12312576.0
1744825999,kashef-k8s-w1.social-graph-mongodb-55df767ff5-6wxnq,container_memory_working_set_bytes,59777024.0
1744825999,kashef-k8s-ctl.user-service-547b88cd8f-psqtx,container_memory_working_set_bytes,2928640.0
1744825999,kashef-k8s-w1.user-mention-service-5c4f566c5-qxrfp,container_memory_working_set_bytes,2809856.0
1744825999,kashef-k8s-w1.post-storage-mongodb-5579669d8c-4qthh,container_memory_working_set_bytes,59719680.0
1744825999,kashef-k8s-w1.nginx-thrift-79478f9bf5-gtwqc,container_memory_working_set_bytes,96788480.0
1744825999,kashef-k8s-w1.media-memcached-7889bdfdfb-2p7ff,container_memory_working_set_bytes,2621440.0
1744825999,kashef-k8s-ctl.unique-id-service-694497b678-tczdq,container_memory_working_set_bytes,1974272.0
1744825999,kashef-k8s-w1.media-mongodb-7b64c59567-xkqmm,container_memory_working_set_bytes,61128704.0
1744825999,kashef-k8s-ctl.post-storage-memcached-6b75788fc6-dczcn,container_memory_working_set_bytes,3399680.0
1744825999,kashef-k8s-ctl.home-timeline-redis-6c6647df6f-6mqbs,container_memory_working_set_bytes,5529600.0
1744825999,kashef-k8s-ctl.media-service-6c665c775d-mctbz,container_memory_working_set_bytes,1978368.0
1744825999,kashef-k8s-w1.user-timeline-redis-67cc95bc57-7l2xp,container_memory_working_set_bytes,3973120.0
1744825999,kashef-k8s-ctl.home-timeline-service-5754ffbc6d-64trn,container_memory_working_set_bytes,2256896.0
1744825999,kashef-k8s-w1.compose-post-service-f587bf89d-6vtgc,container_memory_working_set_bytes,2818048.0
1744825999,kashef-k8s-ctl.text-service-fff64b8bf-5sdbh,container_memory_working_set_bytes,3162112.0
1744825999,kashef-k8s-w1.user-memcached-59687c864d-7gpmp,container_memory_working_set_bytes,2699264.0
1744825999,kashef-k8s-w1.social-graph-service-677dbc655c-n2fps,container_memory_working_set_bytes,2588672.0
1744825999,kashef-k8s-w1.url-shorten-service-66949ddcc4-d9skw,container_memory_working_set_bytes,2957312.0
1744825999,kashef-k8s-ctl.user-timeline-service-664c7f6696-vkhzh,container_memory_working_set_bytes,3313664.0
1744825999,kashef-k8s-ctl.media-frontend-6b66b95ff4-gmf7r,container_memory_working_set_bytes,69464064.0
1744825999,kashef-k8s-ctl.user-timeline-mongodb-6758898d48-p852t,container_memory_working_set_bytes,94990336.0
1744825999,kashef-k8s-ctl.post-storage-service-66c9966f5f-6d7sl,container_memory_working_set_bytes,3072000.0
1744825999,kashef-k8s-ctl.url-shorten-memcached-6546746864-jcsj8,container_memory_working_set_bytes,2605056.0
1744825999,kashef-k8s-w1.social-graph-redis-5bbd5b7458-pt87k,container_memory_working_set_bytes,4071424.0
1744826005,kashef-k8s-ctl.url-shorten-memcached-6546746864-jcsj8,container_memory_working_set_bytes,2605056.0
1744826005,kashef-k8s-w1.social-graph-redis-5bbd5b7458-pt87k,container_memory_working_set_bytes,4071424.0
1744826005,kashef-k8s-ctl.user-timeline-mongodb-6758898d48-p852t,container_memory_working_set_bytes,94990336.0
1744826005,kashef-k8s-ctl.user-timeline-service-664c7f6696-vkhzh,container_memory_working_set_bytes,3248128.0
1744826005,kashef-k8s-w1.user-memcached-59687c864d-7gpmp,container_memory_working_set_bytes,2699264.0
1744826005,kashef-k8s-w1.nginx-thrift-79478f9bf5-gtwqc,container_memory_working_set_bytes,96788480.0
1744826005,kashef-k8s-ctl.text-service-fff64b8bf-5sdbh,container_memory_working_set_bytes,3162112.0
1744826005,kashef-k8s-w1.media-memcached-7889bdfdfb-2p7ff,container_memory_working_set_bytes,2621440.0
1744826005,kashef-k8s-w1.url-shorten-service-66949ddcc4-d9skw,container_memory_working_set_bytes,2957312.0
1744826005,kashef-k8s-w1.user-mention-service-5c4f566c5-qxrfp,container_memory_working_set_bytes,2801664.0
1744826005,kashef-k8s-ctl.home-timeline-redis-6c6647df6f-6mqbs,container_memory_working_set_bytes,5529600.0
1744826005,kashef-k8s-w1.social-graph-service-677dbc655c-n2fps,container_memory_working_set_bytes,2588672.0
1744826005,kashef-k8s-ctl.unique-id-service-694497b678-tczdq,container_memory_working_set_bytes,1990656.0
1744826005,kashef-k8s-ctl.media-service-6c665c775d-mctbz,container_memory_working_set_bytes,1978368.0
1744826005,kashef-k8s-w1.post-storage-mongodb-5579669d8c-4qthh,container_memory_working_set_bytes,60375040.0
1744826005,kashef-k8s-w1.media-mongodb-7b64c59567-xkqmm,container_memory_working_set_bytes,61128704.0
1744826005,kashef-k8s-ctl.user-service-547b88cd8f-psqtx,container_memory_working_set_bytes,2928640.0
1744826005,kashef-k8s-ctl.post-storage-service-66c9966f5f-6d7sl,container_memory_working_set_bytes,3072000.0
1744826005,kashef-k8s-ctl.post-storage-memcached-6b75788fc6-dczcn,container_memory_working_set_bytes,3399680.0
1744826005,kashef-k8s-ctl.jaeger-67997f9775-njj8l,container_memory_working_set_bytes,12312576.0
1744826005,kashef-k8s-w1.url-shorten-mongodb-57c886d5f8-69qth,container_memory_working_set_bytes,60141568.0
1744826005,kashef-k8s-ctl.media-frontend-6b66b95ff4-gmf7r,container_memory_working_set_bytes,69464064.0
1744826005,kashef-k8s-w1.social-graph-mongodb-55df767ff5-6wxnq,container_memory_working_set_bytes,59777024.0
1744826005,kashef-k8s-ctl.user-mongodb-7745bbd78-m5dgv,container_memory_working_set_bytes,60108800.0
1744826005,kashef-k8s-ctl.home-timeline-service-5754ffbc6d-64trn,container_memory_working_set_bytes,2256896.0
1744826005,kashef-k8s-w1.compose-post-service-f587bf89d-6vtgc,container_memory_working_set_bytes,2396160.0
1744826005,kashef-k8s-w1.user-timeline-redis-67cc95bc57-7l2xp,container_memory_working_set_bytes,4210688.0
1744826011,kashef-k8s-w1.social-graph-redis-5bbd5b7458-pt87k,container_memory_working_set_bytes,4075520.0
1744826011,kashef-k8s-w1.social-graph-mongodb-55df767ff5-6wxnq,container_memory_working_set_bytes,59801600.0
1744826011,kashef-k8s-ctl.user-service-547b88cd8f-psqtx,container_memory_working_set_bytes,2928640.0
1744826011,kashef-k8s-ctl.post-storage-service-66c9966f5f-6d7sl,container_memory_working_set_bytes,3072000.0
1744826011,kashef-k8s-w1.media-mongodb-7b64c59567-xkqmm,container_memory_working_set_bytes,61378560.0
1744826011,kashef-k8s-ctl.home-timeline-redis-6c6647df6f-6mqbs,container_memory_working_set_bytes,5529600.0
1744826011,kashef-k8s-w1.url-shorten-service-66949ddcc4-d9skw,container_memory_working_set_bytes,2850816.0
1744826011,kashef-k8s-ctl.home-timeline-service-5754ffbc6d-64trn,container_memory_working_set_bytes,2256896.0
1744826011,kashef-k8s-ctl.user-mongodb-7745bbd78-m5dgv,container_memory_working_set_bytes,60108800.0
1744826011,kashef-k8s-ctl.unique-id-service-694497b678-tczdq,container_memory_working_set_bytes,1990656.0
1744826011,kashef-k8s-ctl.user-timeline-service-664c7f6696-vkhzh,container_memory_working_set_bytes,3248128.0
1744826011,kashef-k8s-w1.social-graph-service-677dbc655c-n2fps,container_memory_working_set_bytes,2588672.0
1744826011,kashef-k8s-w1.user-mention-service-5c4f566c5-qxrfp,container_memory_working_set_bytes,2801664.0
1744826011,kashef-k8s-w1.nginx-thrift-79478f9bf5-gtwqc,container_memory_working_set_bytes,96940032.0
1744826011,kashef-k8s-w1.media-memcached-7889bdfdfb-2p7ff,container_memory_working_set_bytes,2621440.0
1744826011,kashef-k8s-w1.user-memcached-59687c864d-7gpmp,container_memory_working_set_bytes,2699264.0
1744826011,kashef-k8s-w1.compose-post-service-f587bf89d-6vtgc,container_memory_working_set_bytes,2396160.0
1744826011,kashef-k8s-w1.user-timeline-redis-67cc95bc57-7l2xp,container_memory_working_set_bytes,4210688.0
1744826011,kashef-k8s-ctl.text-service-fff64b8bf-5sdbh,container_memory_working_set_bytes,3162112.0
1744826011,kashef-k8s-ctl.jaeger-67997f9775-njj8l,container_memory_working_set_bytes,12312576.0
1744826011,kashef-k8s-ctl.post-storage-memcached-6b75788fc6-dczcn,container_memory_working_set_bytes,3399680.0
1744826011,kashef-k8s-w1.post-storage-mongodb-5579669d8c-4qthh,container_memory_working_set_bytes,60375040.0
1744826011,kashef-k8s-w1.url-shorten-mongodb-57c886d5f8-69qth,container_memory_working_set_bytes,60141568.0
1744826011,kashef-k8s-ctl.user-timeline-mongodb-6758898d48-p852t,container_memory_working_set_bytes,94990336.0
1744826011,kashef-k8s-ctl.media-frontend-6b66b95ff4-gmf7r,container_memory_working_set_bytes,69464064.0
1744826011,kashef-k8s-ctl.media-service-6c665c775d-mctbz,container_memory_working_set_bytes,1978368.0
1744826011,kashef-k8s-ctl.url-shorten-memcached-6546746864-jcsj8,container_memory_working_set_bytes,2605056.0
1744826017,kashef-k8s-ctl.post-storage-service-66c9966f5f-6d7sl,container_memory_working_set_bytes,3072000.0
1744826017,kashef-k8s-w1.post-storage-mongodb-5579669d8c-4qthh,container_memory_working_set_bytes,60375040.0
1744826017,kashef-k8s-w1.media-memcached-7889bdfdfb-2p7ff,container_memory_working_set_bytes,2621440.0
1744826017,kashef-k8s-w1.nginx-thrift-79478f9bf5-gtwqc,container_memory_working_set_bytes,96940032.0
1744826017,kashef-k8s-ctl.unique-id-service-694497b678-tczdq,container_memory_working_set_bytes,1990656.0
1744826017,kashef-k8s-w1.social-graph-service-677dbc655c-n2fps,container_memory_working_set_bytes,2576384.0
1744826017,kashef-k8s-w1.compose-post-service-f587bf89d-6vtgc,container_memory_working_set_bytes,2396160.0
1744826017,kashef-k8s-w1.user-memcached-59687c864d-7gpmp,container_memory_working_set_bytes,2707456.0
1744826017,kashef-k8s-ctl.user-timeline-service-664c7f6696-vkhzh,container_memory_working_set_bytes,3272704.0
1744826017,kashef-k8s-w1.url-shorten-mongodb-57c886d5f8-69qth,container_memory_working_set_bytes,60141568.0
1744826017,kashef-k8s-ctl.post-storage-memcached-6b75788fc6-dczcn,container_memory_working_set_bytes,3399680.0
1744826017,kashef-k8s-ctl.home-timeline-service-5754ffbc6d-64trn,container_memory_working_set_bytes,2256896.0
1744826017,kashef-k8s-ctl.text-service-fff64b8bf-5sdbh,container_memory_working_set_bytes,3162112.0
1744826017,kashef-k8s-w1.url-shorten-service-66949ddcc4-d9skw,container_memory_working_set_bytes,2850816.0
1744826017,kashef-k8s-ctl.jaeger-67997f9775-njj8l,container_memory_working_set_bytes,12312576.0
1744826017,kashef-k8s-ctl.user-mongodb-7745bbd78-m5dgv,container_memory_working_set_bytes,60108800.0
1744826017,kashef-k8s-ctl.user-service-547b88cd8f-psqtx,container_memory_working_set_bytes,2928640.0
1744826017,kashef-k8s-w1.media-mongodb-7b64c59567-xkqmm,container_memory_working_set_bytes,61378560.0
1744826017,kashef-k8s-w1.user-timeline-redis-67cc95bc57-7l2xp,container_memory_working_set_bytes,4210688.0
1744826017,kashef-k8s-ctl.home-timeline-redis-6c6647df6f-6mqbs,container_memory_working_set_bytes,5541888.0
1744826017,kashef-k8s-ctl.user-timeline-mongodb-6758898d48-p852t,container_memory_working_set_bytes,94990336.0
1744826017,kashef-k8s-ctl.media-service-6c665c775d-mctbz,container_memory_working_set_bytes,1978368.0
1744826017,kashef-k8s-w1.social-graph-mongodb-55df767ff5-6wxnq,container_memory_working_set_bytes,59801600.0
1744826017,kashef-k8s-w1.user-mention-service-5c4f566c5-qxrfp,container_memory_working_set_bytes,2801664.0
1744826017,kashef-k8s-ctl.url-shorten-memcached-6546746864-jcsj8,container_memory_working_set_bytes,2605056.0
1744826017,kashef-k8s-ctl.media-frontend-6b66b95ff4-gmf7r,container_memory_working_set_bytes,69464064.0
1744826017,kashef-k8s-w1.social-graph-redis-5bbd5b7458-pt87k,container_memory_working_set_bytes,4075520.0
1744826023,kashef-k8s-ctl.media-frontend-6b66b95ff4-gmf7r,container_memory_working_set_bytes,69464064.0
1744826023,kashef-k8s-w1.social-graph-redis-5bbd5b7458-pt87k,container_memory_working_set_bytes,4075520.0
1744826023,kashef-k8s-ctl.media-service-6c665c775d-mctbz,container_memory_working_set_bytes,1978368.0
1744826023,kashef-k8s-ctl.url-shorten-memcached-6546746864-jcsj8,container_memory_working_set_bytes,2605056.0
1744826023,kashef-k8s-ctl.home-timeline-redis-6c6647df6f-6mqbs,container_memory_working_set_bytes,5541888.0
1744826023,kashef-k8s-w1.user-timeline-redis-67cc95bc57-7l2xp,container_memory_working_set_bytes,4210688.0
1744826023,kashef-k8s-w1.media-mongodb-7b64c59567-xkqmm,container_memory_working_set_bytes,61378560.0
1744826023,kashef-k8s-w1.social-graph-mongodb-55df767ff5-6wxnq,container_memory_working_set_bytes,59801600.0
1744826023,kashef-k8s-w1.url-shorten-service-66949ddcc4-d9skw,container_memory_working_set_bytes,2850816.0
1744826023,kashef-k8s-w1.url-shorten-mongodb-57c886d5f8-69qth,container_memory_working_set_bytes,60141568.0
1744826023,kashef-k8s-w1.compose-post-service-f587bf89d-6vtgc,container_memory_working_set_bytes,2396160.0
1744826023,kashef-k8s-ctl.post-storage-memcached-6b75788fc6-dczcn,container_memory_working_set_bytes,3399680.0
1744826023,kashef-k8s-ctl.text-service-fff64b8bf-5sdbh,container_memory_working_set_bytes,3162112.0
1744826023,kashef-k8s-ctl.home-timeline-service-5754ffbc6d-64trn,container_memory_working_set_bytes,2256896.0
1744826023,kashef-k8s-ctl.user-mongodb-7745bbd78-m5dgv,container_memory_working_set_bytes,60203008.0
1744826023,kashef-k8s-ctl.jaeger-67997f9775-njj8l,container_memory_working_set_bytes,12312576.0
1744826023,kashef-k8s-ctl.user-service-547b88cd8f-psqtx,container_memory_working_set_bytes,2928640.0
1744826023,kashef-k8s-w1.social-graph-service-677dbc655c-n2fps,container_memory_working_set_bytes,2576384.0
1744826023,kashef-k8s-w1.nginx-thrift-79478f9bf5-gtwqc,container_memory_working_set_bytes,96940032.0
1744826023,kashef-k8s-w1.user-mention-service-5c4f566c5-qxrfp,container_memory_working_set_bytes,2801664.0
1744826023,kashef-k8s-ctl.unique-id-service-694497b678-tczdq,container_memory_working_set_bytes,1990656.0
1744826023,kashef-k8s-ctl.post-storage-service-66c9966f5f-6d7sl,container_memory_working_set_bytes,3067904.0
1744826023,kashef-k8s-ctl.user-timeline-mongodb-6758898d48-p852t,container_memory_working_set_bytes,94990336.0
1744826023,kashef-k8s-w1.post-storage-mongodb-5579669d8c-4qthh,container_memory_working_set_bytes,60375040.0
1744826023,kashef-k8s-ctl.user-timeline-service-664c7f6696-vkhzh,container_memory_working_set_bytes,3272704.0
1744826023,kashef-k8s-w1.media-memcached-7889bdfdfb-2p7ff,container_memory_working_set_bytes,2621440.0
1744826023,kashef-k8s-w1.user-memcached-59687c864d-7gpmp,container_memory_working_set_bytes,2707456.0
1744826029,kashef-k8s-w1.user-timeline-redis-67cc95bc57-7l2xp,container_memory_working_set_bytes,4210688.0
1744826029,kashef-k8s-w1.social-graph-redis-5bbd5b7458-pt87k,container_memory_working_set_bytes,4075520.0
1744826029,kashef-k8s-w1.url-shorten-service-66949ddcc4-d9skw,container_memory_working_set_bytes,2850816.0
1744826029,kashef-k8s-w1.media-mongodb-7b64c59567-xkqmm,container_memory_working_set_bytes,61378560.0
1744826029,kashef-k8s-ctl.media-service-6c665c775d-mctbz,container_memory_working_set_bytes,1978368.0
1744826029,kashef-k8s-w1.compose-post-service-f587bf89d-6vtgc,container_memory_working_set_bytes,2396160.0
1744826029,kashef-k8s-ctl.text-service-fff64b8bf-5sdbh,container_memory_working_set_bytes,3194880.0
1744826029,kashef-k8s-ctl.post-storage-memcached-6b75788fc6-dczcn,container_memory_working_set_bytes,3399680.0
1744826029,kashef-k8s-w1.url-shorten-mongodb-57c886d5f8-69qth,container_memory_working_set_bytes,60141568.0
1744826029,kashef-k8s-w1.post-storage-mongodb-5579669d8c-4qthh,container_memory_working_set_bytes,60375040.0
1744826029,kashef-k8s-ctl.home-timeline-service-5754ffbc6d-64trn,container_memory_working_set_bytes,2256896.0
1744826029,kashef-k8s-ctl.home-timeline-redis-6c6647df6f-6mqbs,container_memory_working_set_bytes,5541888.0
1744826029,kashef-k8s-ctl.user-mongodb-7745bbd78-m5dgv,container_memory_working_set_bytes,60203008.0
1744826029,kashef-k8s-ctl.jaeger-67997f9775-njj8l,container_memory_working_set_bytes,12677120.0
1744826029,kashef-k8s-ctl.user-timeline-mongodb-6758898d48-p852t,container_memory_working_set_bytes,95051776.0
1744826029,kashef-k8s-ctl.media-frontend-6b66b95ff4-gmf7r,container_memory_working_set_bytes,69464064.0
1744826029,kashef-k8s-w1.media-memcached-7889bdfdfb-2p7ff,container_memory_working_set_bytes,2621440.0
1744826029,kashef-k8s-w1.user-memcached-59687c864d-7gpmp,container_memory_working_set_bytes,2707456.0
1744826029,kashef-k8s-ctl.user-timeline-service-664c7f6696-vkhzh,container_memory_working_set_bytes,3272704.0
1744826029,kashef-k8s-ctl.url-shorten-memcached-6546746864-jcsj8,container_memory_working_set_bytes,2605056.0
1744826029,kashef-k8s-ctl.unique-id-service-694497b678-tczdq,container_memory_working_set_bytes,1990656.0
1744826029,kashef-k8s-w1.social-graph-mongodb-55df767ff5-6wxnq,container_memory_working_set_bytes,59801600.0
1744826029,kashef-k8s-w1.nginx-thrift-79478f9bf5-gtwqc,container_memory_working_set_bytes,96940032.0
1744826029,kashef-k8s-w1.user-mention-service-5c4f566c5-qxrfp,container_memory_working_set_bytes,2801664.0
1744826029,kashef-k8s-w1.social-graph-service-677dbc655c-n2fps,container_memory_working_set_bytes,2576384.0
1744826029,kashef-k8s-ctl.post-storage-service-66c9966f5f-6d7sl,container_memory_working_set_bytes,3067904.0
1744826029,kashef-k8s-ctl.user-service-547b88cd8f-psqtx,container_memory_working_set_bytes,2928640.0
1744826035,kashef-k8s-ctl.user-timeline-mongodb-6758898d48-p852t,container_memory_working_set_bytes,95051776.0
1744826035,kashef-k8s-w1.user-mention-service-5c4f566c5-qxrfp,container_memory_working_set_bytes,2801664.0
1744826035,kashef-k8s-w1.social-graph-redis-5bbd5b7458-pt87k,container_memory_working_set_bytes,4075520.0
1744826035,kashef-k8s-w1.media-memcached-7889bdfdfb-2p7ff,container_memory_working_set_bytes,2621440.0
1744826035,kashef-k8s-ctl.post-storage-memcached-6b75788fc6-dczcn,container_memory_working_set_bytes,3399680.0
1744826035,kashef-k8s-w1.post-storage-mongodb-5579669d8c-4qthh,container_memory_working_set_bytes,60375040.0
1744826035,kashef-k8s-w1.social-graph-service-677dbc655c-n2fps,container_memory_working_set_bytes,2576384.0
1744826035,kashef-k8s-ctl.media-service-6c665c775d-mctbz,container_memory_working_set_bytes,1978368.0
1744826035,kashef-k8s-ctl.user-service-547b88cd8f-psqtx,container_memory_working_set_bytes,2813952.0
1744826035,kashef-k8s-ctl.user-timeline-service-664c7f6696-vkhzh,container_memory_working_set_bytes,3272704.0
1744826035,kashef-k8s-ctl.url-shorten-memcached-6546746864-jcsj8,container_memory_working_set_bytes,2605056.0
1744826035,kashef-k8s-w1.media-mongodb-7b64c59567-xkqmm,container_memory_working_set_bytes,61378560.0
1744826035,kashef-k8s-w1.url-shorten-mongodb-57c886d5f8-69qth,container_memory_working_set_bytes,60141568.0
1744826035,kashef-k8s-w1.url-shorten-service-66949ddcc4-d9skw,container_memory_working_set_bytes,2850816.0
1744826035,kashef-k8s-ctl.unique-id-service-694497b678-tczdq,container_memory_working_set_bytes,2011136.0
1744826035,kashef-k8s-w1.social-graph-mongodb-55df767ff5-6wxnq,container_memory_working_set_bytes,59801600.0
1744826035,kashef-k8s-ctl.post-storage-service-66c9966f5f-6d7sl,container_memory_working_set_bytes,3067904.0
1744826035,kashef-k8s-ctl.home-timeline-service-5754ffbc6d-64trn,container_memory_working_set_bytes,2256896.0
1744826035,kashef-k8s-ctl.home-timeline-redis-6c6647df6f-6mqbs,container_memory_working_set_bytes,5541888.0
1744826035,kashef-k8s-w1.user-timeline-redis-67cc95bc57-7l2xp,container_memory_working_set_bytes,4210688.0
1744826035,kashef-k8s-ctl.jaeger-67997f9775-njj8l,container_memory_working_set_bytes,12677120.0
1744826035,kashef-k8s-w1.user-memcached-59687c864d-7gpmp,container_memory_working_set_bytes,2707456.0
1744826035,kashef-k8s-ctl.media-frontend-6b66b95ff4-gmf7r,container_memory_working_set_bytes,69464064.0
1744826035,kashef-k8s-w1.nginx-thrift-79478f9bf5-gtwqc,container_memory_working_set_bytes,96940032.0
1744826035,kashef-k8s-ctl.user-mongodb-7745bbd78-m5dgv,container_memory_working_set_bytes,60203008.0
1744826035,kashef-k8s-ctl.text-service-fff64b8bf-5sdbh,container_memory_working_set_bytes,3194880.0
1744826035,kashef-k8s-w1.compose-post-service-f587bf89d-6vtgc,container_memory_working_set_bytes,2396160.0
1744826041,kashef-k8s-ctl.post-storage-memcached-6b75788fc6-dczcn,container_memory_working_set_bytes,3399680.0
1744826041,kashef-k8s-w1.user-mention-service-5c4f566c5-qxrfp,container_memory_working_set_bytes,2801664.0
1744826041,kashef-k8s-ctl.media-service-6c665c775d-mctbz,container_memory_working_set_bytes,1978368.0
1744826041,kashef-k8s-w1.social-graph-redis-5bbd5b7458-pt87k,container_memory_working_set_bytes,4075520.0
1744826041,kashef-k8s-w1.social-graph-service-677dbc655c-n2fps,container_memory_working_set_bytes,2576384.0
1744826041,kashef-k8s-ctl.home-timeline-service-5754ffbc6d-64trn,container_memory_working_set_bytes,2256896.0
1744826041,kashef-k8s-ctl.user-timeline-service-664c7f6696-vkhzh,container_memory_working_set_bytes,3272704.0
1744826041,kashef-k8s-ctl.post-storage-service-66c9966f5f-6d7sl,container_memory_working_set_bytes,3067904.0
1744826041,kashef-k8s-ctl.unique-id-service-694497b678-tczdq,container_memory_working_set_bytes,2011136.0
1744826041,kashef-k8s-w1.media-mongodb-7b64c59567-xkqmm,container_memory_working_set_bytes,61378560.0
1744826041,kashef-k8s-w1.social-graph-mongodb-55df767ff5-6wxnq,container_memory_working_set_bytes,60006400.0
1744826041,kashef-k8s-ctl.user-service-547b88cd8f-psqtx,container_memory_working_set_bytes,2813952.0
1744826041,kashef-k8s-w1.url-shorten-mongodb-57c886d5f8-69qth,container_memory_working_set_bytes,60645376.0
1744826041,kashef-k8s-w1.url-shorten-service-66949ddcc4-d9skw,container_memory_working_set_bytes,2850816.0
1744826041,kashef-k8s-w1.media-memcached-7889bdfdfb-2p7ff,container_memory_working_set_bytes,2621440.0
1744826041,kashef-k8s-w1.user-memcached-59687c864d-7gpmp,container_memory_working_set_bytes,2707456.0
1744826041,kashef-k8s-w1.compose-post-service-f587bf89d-6vtgc,container_memory_working_set_bytes,2396160.0
1744826041,kashef-k8s-ctl.url-shorten-memcached-6546746864-jcsj8,container_memory_working_set_bytes,2605056.0
1744826041,kashef-k8s-ctl.jaeger-67997f9775-njj8l,container_memory_working_set_bytes,12677120.0
1744826041,kashef-k8s-ctl.home-timeline-redis-6c6647df6f-6mqbs,container_memory_working_set_bytes,5541888.0
1744826041,kashef-k8s-ctl.text-service-fff64b8bf-5sdbh,container_memory_working_set_bytes,3194880.0
1744826041,kashef-k8s-ctl.user-timeline-mongodb-6758898d48-p852t,container_memory_working_set_bytes,95051776.0
1744826041,kashef-k8s-w1.user-timeline-redis-67cc95bc57-7l2xp,container_memory_working_set_bytes,3956736.0
1744826041,kashef-k8s-ctl.media-frontend-6b66b95ff4-gmf7r,container_memory_working_set_bytes,69464064.0
1744826041,kashef-k8s-w1.nginx-thrift-79478f9bf5-gtwqc,container_memory_working_set_bytes,96940032.0
1744826041,kashef-k8s-w1.post-storage-mongodb-5579669d8c-4qthh,container_memory_working_set_bytes,60375040.0
1744826041,kashef-k8s-ctl.user-mongodb-7745bbd78-m5dgv,container_memory_working_set_bytes,60203008.0
1744826047,kashef-k8s-ctl.media-frontend-6b66b95ff4-gmf7r,container_memory_working_set_bytes,69464064.0
1744826047,kashef-k8s-w1.compose-post-service-f587bf89d-6vtgc,container_memory_working_set_bytes,2396160.0
1744826047,kashef-k8s-w1.post-storage-mongodb-5579669d8c-4qthh,container_memory_working_set_bytes,60375040.0
1744826047,kashef-k8s-ctl.user-mongodb-7745bbd78-m5dgv,container_memory_working_set_bytes,60203008.0
1744826047,kashef-k8s-ctl.user-timeline-mongodb-6758898d48-p852t,container_memory_working_set_bytes,95051776.0
1744826047,kashef-k8s-ctl.home-timeline-redis-6c6647df6f-6mqbs,container_memory_working_set_bytes,5541888.0
1744826047,kashef-k8s-ctl.url-shorten-memcached-6546746864-jcsj8,container_memory_working_set_bytes,2605056.0
1744826047,kashef-k8s-w1.user-timeline-redis-67cc95bc57-7l2xp,container_memory_working_set_bytes,3956736.0
1744826047,kashef-k8s-w1.user-memcached-59687c864d-7gpmp,container_memory_working_set_bytes,2699264.0
1744826047,kashef-k8s-ctl.user-service-547b88cd8f-psqtx,container_memory_working_set_bytes,2813952.0
1744826047,kashef-k8s-w1.social-graph-service-677dbc655c-n2fps,container_memory_working_set_bytes,2576384.0
1744826047,kashef-k8s-w1.url-shorten-mongodb-57c886d5f8-69qth,container_memory_working_set_bytes,60645376.0
1744826047,kashef-k8s-w1.media-mongodb-7b64c59567-xkqmm,container_memory_working_set_bytes,61534208.0
1744826047,kashef-k8s-ctl.home-timeline-service-5754ffbc6d-64trn,container_memory_working_set_bytes,2256896.0
1744826047,kashef-k8s-ctl.jaeger-67997f9775-njj8l,container_memory_working_set_bytes,12677120.0
1744826047,kashef-k8s-ctl.text-service-fff64b8bf-5sdbh,container_memory_working_set_bytes,3194880.0
1744826047,kashef-k8s-ctl.post-storage-service-66c9966f5f-6d7sl,container_memory_working_set_bytes,3067904.0
1744826047,kashef-k8s-ctl.post-storage-memcached-6b75788fc6-dczcn,container_memory_working_set_bytes,3399680.0
1744826047,kashef-k8s-w1.social-graph-redis-5bbd5b7458-pt87k,container_memory_working_set_bytes,4071424.0
1744826047,kashef-k8s-w1.url-shorten-service-66949ddcc4-d9skw,container_memory_working_set_bytes,2850816.0
1744826047,kashef-k8s-w1.user-mention-service-5c4f566c5-qxrfp,container_memory_working_set_bytes,2826240.0
1744826047,kashef-k8s-w1.social-graph-mongodb-55df767ff5-6wxnq,container_memory_working_set_bytes,60006400.0
1744826047,kashef-k8s-ctl.media-service-6c665c775d-mctbz,container_memory_working_set_bytes,1978368.0
1744826047,kashef-k8s-w1.media-memcached-7889bdfdfb-2p7ff,container_memory_working_set_bytes,2621440.0
1744826047,kashef-k8s-w1.nginx-thrift-79478f9bf5-gtwqc,container_memory_working_set_bytes,97062912.0
1744826047,kashef-k8s-ctl.user-timeline-service-664c7f6696-vkhzh,container_memory_working_set_bytes,3272704.0
1744826047,kashef-k8s-ctl.unique-id-service-694497b678-tczdq,container_memory_working_set_bytes,2011136.0
1744826053,kashef-k8s-ctl.home-timeline-redis-6c6647df6f-6mqbs,container_memory_working_set_bytes,4005888.0
1744826053,kashef-k8s-w1.post-storage-mongodb-5579669d8c-4qthh,container_memory_working_set_bytes,60375040.0
1744826053,kashef-k8s-w1.compose-post-service-f587bf89d-6vtgc,container_memory_working_set_bytes,2650112.0
1744826053,kashef-k8s-ctl.user-timeline-mongodb-6758898d48-p852t,container_memory_working_set_bytes,95051776.0
1744826053,kashef-k8s-w1.user-memcached-59687c864d-7gpmp,container_memory_working_set_bytes,2699264.0
1744826053,kashef-k8s-w1.social-graph-service-677dbc655c-n2fps,container_memory_working_set_bytes,2596864.0
1744826053,kashef-k8s-w1.nginx-thrift-79478f9bf5-gtwqc,container_memory_working_set_bytes,97062912.0
1744826053,kashef-k8s-ctl.post-storage-service-66c9966f5f-6d7sl,container_memory_working_set_bytes,2842624.0
1744826053,kashef-k8s-ctl.user-service-547b88cd8f-psqtx,container_memory_working_set_bytes,2772992.0
1744826053,kashef-k8s-ctl.text-service-fff64b8bf-5sdbh,container_memory_working_set_bytes,2183168.0
1744826053,kashef-k8s-ctl.home-timeline-service-5754ffbc6d-64trn,container_memory_working_set_bytes,2256896.0
1744826053,kashef-k8s-ctl.jaeger-67997f9775-njj8l,container_memory_working_set_bytes,13045760.0
1744826053,kashef-k8s-w1.media-mongodb-7b64c59567-xkqmm,container_memory_working_set_bytes,61534208.0
1744826053,kashef-k8s-ctl.url-shorten-memcached-6546746864-jcsj8,container_memory_working_set_bytes,2605056.0
1744826053,kashef-k8s-ctl.media-frontend-6b66b95ff4-gmf7r,container_memory_working_set_bytes,16048128.0
1744826053,kashef-k8s-w1.social-graph-mongodb-55df767ff5-6wxnq,container_memory_working_set_bytes,60006400.0
1744826053,kashef-k8s-ctl.unique-id-service-694497b678-tczdq,container_memory_working_set_bytes,1953792.0
1744826053,kashef-k8s-ctl.post-storage-memcached-6b75788fc6-dczcn,container_memory_working_set_bytes,3399680.0
1744826053,kashef-k8s-ctl.user-mongodb-7745bbd78-m5dgv,container_memory_working_set_bytes,61775872.0
1744826053,kashef-k8s-w1.url-shorten-mongodb-57c886d5f8-69qth,container_memory_working_set_bytes,60645376.0
1744826053,kashef-k8s-ctl.user-timeline-service-664c7f6696-vkhzh,container_memory_working_set_bytes,130091827200.0
1744826053,kashef-k8s-w1.social-graph-redis-5bbd5b7458-pt87k,container_memory_working_set_bytes,4071424.0
1744826053,kashef-k8s-w1.url-shorten-service-66949ddcc4-d9skw,container_memory_working_set_bytes,2846720.0
1744826053,kashef-k8s-w1.user-mention-service-5c4f566c5-qxrfp,container_memory_working_set_bytes,2826240.0
1744826053,kashef-k8s-w1.user-timeline-redis-67cc95bc57-7l2xp,container_memory_working_set_bytes,3956736.0
1744826053,kashef-k8s-w1.media-memcached-7889bdfdfb-2p7ff,container_memory_working_set_bytes,2621440.0
1744826053,kashef-k8s-ctl.media-service-6c665c775d-mctbz,container_memory_working_set_bytes,1896448.0
1744826059,kashef-k8s-w1.media-memcached-7889bdfdfb-2p7ff,container_memory_working_set_bytes,2621440.0
1744826059,kashef-k8s-w1.user-memcached-59687c864d-7gpmp,container_memory_working_set_bytes,2699264.0
1744826059,kashef-k8s-w1.nginx-thrift-79478f9bf5-gtwqc,container_memory_working_set_bytes,97062912.0
1744826059,kashef-k8s-w1.social-graph-redis-5bbd5b7458-pt87k,container_memory_working_set_bytes,4071424.0
1744826059,kashef-k8s-w1.social-graph-service-677dbc655c-n2fps,container_memory_working_set_bytes,2596864.0
1744826059,kashef-k8s-ctl.url-shorten-memcached-6546746864-jcsj8,container_memory_working_set_bytes,2510848.0
1744826059,kashef-k8s-w1.url-shorten-service-66949ddcc4-d9skw,container_memory_working_set_bytes,2846720.0
1744826059,kashef-k8s-ctl.unique-id-service-694497b678-tczdq,container_memory_working_set_bytes,1953792.0
1744826059,kashef-k8s-ctl.user-service-547b88cd8f-psqtx,container_memory_working_set_bytes,2772992.0
1744826059,kashef-k8s-ctl.text-service-fff64b8bf-5sdbh,container_memory_working_set_bytes,2183168.0
1744826059,kashef-k8s-ctl.post-storage-memcached-6b75788fc6-dczcn,container_memory_working_set_bytes,2621440.0
1744826059,kashef-k8s-w1.post-storage-mongodb-5579669d8c-4qthh,container_memory_working_set_bytes,60375040.0
1744826059,kashef-k8s-ctl.home-timeline-redis-6c6647df6f-6mqbs,container_memory_working_set_bytes,4005888.0
1744826059,kashef-k8s-ctl.user-mongodb-7745bbd78-m5dgv,container_memory_working_set_bytes,61775872.0
1744826059,kashef-k8s-ctl.home-timeline-service-5754ffbc6d-64trn,container_memory_working_set_bytes,2252800.0
1744826059,kashef-k8s-w1.user-mention-service-5c4f566c5-qxrfp,container_memory_working_set_bytes,2826240.0
1744826059,kashef-k8s-ctl.user-timeline-mongodb-6758898d48-p852t,container_memory_working_set_bytes,95051776.0
1744826059,kashef-k8s-w1.user-timeline-redis-67cc95bc57-7l2xp,container_memory_working_set_bytes,3956736.0
1744826059,kashef-k8s-ctl.jaeger-67997f9775-njj8l,container_memory_working_set_bytes,13045760.0
1744826059,kashef-k8s-w1.social-graph-mongodb-55df767ff5-6wxnq,container_memory_working_set_bytes,60006400.0
1744826059,kashef-k8s-w1.url-shorten-mongodb-57c886d5f8-69qth,container_memory_working_set_bytes,60645376.0
1744826059,kashef-k8s-ctl.user-timeline-service-664c7f6696-vkhzh,container_memory_working_set_bytes,130091827200.0
1744826059,kashef-k8s-w1.compose-post-service-f587bf89d-6vtgc,container_memory_working_set_bytes,2650112.0
1744826059,kashef-k8s-w1.media-mongodb-7b64c59567-xkqmm,container_memory_working_set_bytes,61534208.0
1744826059,kashef-k8s-ctl.post-storage-service-66c9966f5f-6d7sl,container_memory_working_set_bytes,2842624.0
1744826059,kashef-k8s-ctl.media-service-6c665c775d-mctbz,container_memory_working_set_bytes,1896448.0
1744826059,kashef-k8s-ctl.media-frontend-6b66b95ff4-gmf7r,container_memory_working_set_bytes,16048128.0
1744826065,kashef-k8s-ctl.post-storage-service-66c9966f5f-6d7sl,container_memory_working_set_bytes,2842624.0
1744826065,kashef-k8s-ctl.media-service-6c665c775d-mctbz,container_memory_working_set_bytes,1896448.0
1744826065,kashef-k8s-w1.post-storage-mongodb-5579669d8c-4qthh,container_memory_working_set_bytes,60375040.0
1744826065,kashef-k8s-ctl.media-frontend-6b66b95ff4-gmf7r,container_memory_working_set_bytes,16048128.0
1744826065,kashef-k8s-w1.media-mongodb-7b64c59567-xkqmm,container_memory_working_set_bytes,61673472.0
1744826065,kashef-k8s-w1.url-shorten-mongodb-57c886d5f8-69qth,container_memory_working_set_bytes,60645376.0
1744826065,kashef-k8s-w1.url-shorten-service-66949ddcc4-d9skw,container_memory_working_set_bytes,2846720.0
1744826065,kashef-k8s-ctl.home-timeline-redis-6c6647df6f-6mqbs,container_memory_working_set_bytes,4005888.0
1744826065,kashef-k8s-w1.media-memcached-7889bdfdfb-2p7ff,container_memory_working_set_bytes,2621440.0
1744826065,kashef-k8s-ctl.home-timeline-service-5754ffbc6d-64trn,container_memory_working_set_bytes,2252800.0
1744826065,kashef-k8s-ctl.url-shorten-memcached-6546746864-jcsj8,container_memory_working_set_bytes,2510848.0
1744826065,kashef-k8s-w1.user-mention-service-5c4f566c5-qxrfp,container_memory_working_set_bytes,2826240.0
1744826065,kashef-k8s-w1.social-graph-mongodb-55df767ff5-6wxnq,container_memory_working_set_bytes,60006400.0
1744826065,kashef-k8s-ctl.text-service-fff64b8bf-5sdbh,container_memory_working_set_bytes,2183168.0
1744826065,kashef-k8s-ctl.jaeger-67997f9775-njj8l,container_memory_working_set_bytes,13045760.0
1744826065,kashef-k8s-ctl.user-timeline-service-664c7f6696-vkhzh,container_memory_working_set_bytes,130091827200.0
1744826065,kashef-k8s-w1.user-memcached-59687c864d-7gpmp,container_memory_working_set_bytes,2826240.0
1744826065,kashef-k8s-ctl.user-service-547b88cd8f-psqtx,container_memory_working_set_bytes,2772992.0
1744826065,kashef-k8s-w1.social-graph-service-677dbc655c-n2fps,container_memory_working_set_bytes,2596864.0
1744826065,kashef-k8s-w1.user-timeline-redis-67cc95bc57-7l2xp,container_memory_working_set_bytes,3956736.0
1744826065,kashef-k8s-ctl.post-storage-memcached-6b75788fc6-dczcn,container_memory_working_set_bytes,2621440.0
1744826065,kashef-k8s-ctl.unique-id-service-694497b678-tczdq,container_memory_working_set_bytes,1953792.0
1744826065,kashef-k8s-ctl.user-timeline-mongodb-6758898d48-p852t,container_memory_working_set_bytes,61423616.0
1744826065,kashef-k8s-w1.nginx-thrift-79478f9bf5-gtwqc,container_memory_working_set_bytes,97062912.0
1744826065,kashef-k8s-w1.compose-post-service-f587bf89d-6vtgc,container_memory_working_set_bytes,2650112.0
1744826065,kashef-k8s-w1.social-graph-redis-5bbd5b7458-pt87k,container_memory_working_set_bytes,4071424.0
1744826065,kashef-k8s-ctl.user-mongodb-7745bbd78-m5dgv,container_memory_working_set_bytes,61775872.0
1744826071,kashef-k8s-w1.social-graph-mongodb-55df767ff5-6wxnq,container_memory_working_set_bytes,60162048.0
1744826071,kashef-k8s-w1.post-storage-mongodb-5579669d8c-4qthh,container_memory_working_set_bytes,60596224.0
1744826071,kashef-k8s-w1.url-shorten-mongodb-57c886d5f8-69qth,container_memory_working_set_bytes,60854272.0
1744826071,kashef-k8s-ctl.text-service-fff64b8bf-5sdbh,container_memory_working_set_bytes,2183168.0
1744826071,kashef-k8s-w1.url-shorten-service-66949ddcc4-d9skw,container_memory_working_set_bytes,2846720.0
1744826071,kashef-k8s-ctl.home-timeline-redis-6c6647df6f-6mqbs,container_memory_working_set_bytes,4005888.0
1744826071,kashef-k8s-ctl.home-timeline-service-5754ffbc6d-64trn,container_memory_working_set_bytes,2252800.0
1744826071,kashef-k8s-ctl.url-shorten-memcached-6546746864-jcsj8,container_memory_working_set_bytes,2510848.0
1744826071,kashef-k8s-w1.media-memcached-7889bdfdfb-2p7ff,container_memory_working_set_bytes,2621440.0
1744826071,kashef-k8s-ctl.unique-id-service-694497b678-tczdq,container_memory_working_set_bytes,1953792.0
1744826071,kashef-k8s-ctl.jaeger-67997f9775-njj8l,container_memory_working_set_bytes,13045760.0
1744826071,kashef-k8s-w1.user-mention-service-5c4f566c5-qxrfp,container_memory_working_set_bytes,2826240.0
1744826071,kashef-k8s-ctl.media-service-6c665c775d-mctbz,container_memory_working_set_bytes,1896448.0
1744826071,kashef-k8s-ctl.user-timeline-mongodb-6758898d48-p852t,container_memory_working_set_bytes,61423616.0
1744826071,kashef-k8s-w1.media-mongodb-7b64c59567-xkqmm,container_memory_working_set_bytes,61673472.0
1744826071,kashef-k8s-ctl.post-storage-service-66c9966f5f-6d7sl,container_memory_working_set_bytes,2842624.0
1744826071,kashef-k8s-ctl.user-service-547b88cd8f-psqtx,container_memory_working_set_bytes,2772992.0
1744826071,kashef-k8s-w1.social-graph-redis-5bbd5b7458-pt87k,container_memory_working_set_bytes,4071424.0
1744826071,kashef-k8s-ctl.post-storage-memcached-6b75788fc6-dczcn,container_memory_working_set_bytes,2621440.0
1744826071,kashef-k8s-ctl.user-mongodb-7745bbd78-m5dgv,container_memory_working_set_bytes,61775872.0
1744826071,kashef-k8s-w1.compose-post-service-f587bf89d-6vtgc,container_memory_working_set_bytes,2650112.0
1744826071,kashef-k8s-ctl.user-timeline-service-664c7f6696-vkhzh,container_memory_working_set_bytes,130091827200.0
1744826071,kashef-k8s-w1.social-graph-service-677dbc655c-n2fps,container_memory_working_set_bytes,2596864.0
1744826071,kashef-k8s-w1.user-timeline-redis-67cc95bc57-7l2xp,container_memory_working_set_bytes,4083712.0
1744826071,kashef-k8s-w1.nginx-thrift-79478f9bf5-gtwqc,container_memory_working_set_bytes,97046528.0
1744826071,kashef-k8s-w1.user-memcached-59687c864d-7gpmp,container_memory_working_set_bytes,2826240.0
1744826071,kashef-k8s-ctl.media-frontend-6b66b95ff4-gmf7r,container_memory_working_set_bytes,16048128.0
1744826077,kashef-k8s-ctl.media-service-6c665c775d-mctbz,container_memory_working_set_bytes,1896448.0
1744826077,kashef-k8s-w1.media-mongodb-7b64c59567-xkqmm,container_memory_working_set_bytes,61673472.0
1744826077,kashef-k8s-ctl.post-storage-service-66c9966f5f-6d7sl,container_memory_working_set_bytes,2842624.0
1744826077,kashef-k8s-ctl.user-mongodb-7745bbd78-m5dgv,container_memory_working_set_bytes,61775872.0
1744826077,kashef-k8s-ctl.jaeger-67997f9775-njj8l,container_memory_working_set_bytes,13045760.0
1744826077,kashef-k8s-w1.social-graph-service-677dbc655c-n2fps,container_memory_working_set_bytes,2654208.0
1744826077,kashef-k8s-w1.compose-post-service-f587bf89d-6vtgc,container_memory_working_set_bytes,2473984.0
1744826077,kashef-k8s-w1.user-memcached-59687c864d-7gpmp,container_memory_working_set_bytes,2826240.0
1744826077,kashef-k8s-ctl.home-timeline-service-5754ffbc6d-64trn,container_memory_working_set_bytes,2252800.0
1744826077,kashef-k8s-ctl.home-timeline-redis-6c6647df6f-6mqbs,container_memory_working_set_bytes,4005888.0
1744826077,kashef-k8s-ctl.url-shorten-memcached-6546746864-jcsj8,container_memory_working_set_bytes,2510848.0
1744826077,kashef-k8s-ctl.post-storage-memcached-6b75788fc6-dczcn,container_memory_working_set_bytes,2621440.0
1744826077,kashef-k8s-w1.user-mention-service-5c4f566c5-qxrfp,container_memory_working_set_bytes,2826240.0
1744826077,kashef-k8s-w1.media-memcached-7889bdfdfb-2p7ff,container_memory_working_set_bytes,2621440.0
1744826077,kashef-k8s-w1.url-shorten-mongodb-57c886d5f8-69qth,container_memory_working_set_bytes,60854272.0
1744826077,kashef-k8s-w1.social-graph-mongodb-55df767ff5-6wxnq,container_memory_working_set_bytes,60162048.0
1744826077,kashef-k8s-ctl.unique-id-service-694497b678-tczdq,container_memory_working_set_bytes,1953792.0
1744826077,kashef-k8s-ctl.user-timeline-service-664c7f6696-vkhzh,container_memory_working_set_bytes,130091827200.0
1744826077,kashef-k8s-ctl.text-service-fff64b8bf-5sdbh,container_memory_working_set_bytes,2183168.0
1744826077,kashef-k8s-w1.nginx-thrift-79478f9bf5-gtwqc,container_memory_working_set_bytes,97046528.0
1744826077,kashef-k8s-w1.user-timeline-redis-67cc95bc57-7l2xp,container_memory_working_set_bytes,4083712.0
1744826077,kashef-k8s-ctl.user-service-547b88cd8f-psqtx,container_memory_working_set_bytes,2772992.0
1744826077,kashef-k8s-w1.social-graph-redis-5bbd5b7458-pt87k,container_memory_working_set_bytes,3948544.0
1744826077,kashef-k8s-w1.url-shorten-service-66949ddcc4-d9skw,container_memory_working_set_bytes,2846720.0
1744826077,kashef-k8s-w1.post-storage-mongodb-5579669d8c-4qthh,container_memory_working_set_bytes,60596224.0
1744826077,kashef-k8s-ctl.media-frontend-6b66b95ff4-gmf7r,container_memory_working_set_bytes,16048128.0
1744826077,kashef-k8s-ctl.user-timeline-mongodb-6758898d48-p852t,container_memory_working_set_bytes,61423616.0
1744826083,kashef-k8s-w1.media-mongodb-7b64c59567-xkqmm,container_memory_working_set_bytes,61673472.0
1744826083,kashef-k8s-ctl.media-frontend-6b66b95ff4-gmf7r,container_memory_working_set_bytes,16048128.0
1744826083,kashef-k8s-w1.media-memcached-7889bdfdfb-2p7ff,container_memory_working_set_bytes,2621440.0
1744826083,kashef-k8s-w1.user-memcached-59687c864d-7gpmp,container_memory_working_set_bytes,2826240.0
1744826083,kashef-k8s-w1.user-mention-service-5c4f566c5-qxrfp,container_memory_working_set_bytes,2826240.0
1744826083,kashef-k8s-w1.compose-post-service-f587bf89d-6vtgc,container_memory_working_set_bytes,2473984.0
1744826083,kashef-k8s-ctl.post-storage-memcached-6b75788fc6-dczcn,container_memory_working_set_bytes,2502656.0
1744826083,kashef-k8s-w1.social-graph-service-677dbc655c-n2fps,container_memory_working_set_bytes,2654208.0
1744826083,kashef-k8s-w1.post-storage-mongodb-5579669d8c-4qthh,container_memory_working_set_bytes,60596224.0
1744826083,kashef-k8s-ctl.user-mongodb-7745bbd78-m5dgv,container_memory_working_set_bytes,61202432.0
1744826083,kashef-k8s-ctl.jaeger-67997f9775-njj8l,container_memory_working_set_bytes,13856768.0
1744826083,kashef-k8s-ctl.home-timeline-service-5754ffbc6d-64trn,container_memory_working_set_bytes,2572288.0
1744826083,kashef-k8s-ctl.home-timeline-redis-6c6647df6f-6mqbs,container_memory_working_set_bytes,4018176.0
1744826083,kashef-k8s-w1.social-graph-mongodb-55df767ff5-6wxnq,container_memory_working_set_bytes,60162048.0
1744826083,kashef-k8s-ctl.unique-id-service-694497b678-tczdq,container_memory_working_set_bytes,1949696.0
1744826083,kashef-k8s-ctl.user-timeline-service-664c7f6696-vkhzh,container_memory_working_set_bytes,130091827200.0
1744826083,kashef-k8s-ctl.text-service-fff64b8bf-5sdbh,container_memory_working_set_bytes,2179072.0
1744826083,kashef-k8s-ctl.url-shorten-memcached-6546746864-jcsj8,container_memory_working_set_bytes,2502656.0
1744826083,kashef-k8s-w1.social-graph-redis-5bbd5b7458-pt87k,container_memory_working_set_bytes,3948544.0
1744826083,kashef-k8s-w1.nginx-thrift-79478f9bf5-gtwqc,container_memory_working_set_bytes,97046528.0
1744826083,kashef-k8s-w1.user-timeline-redis-67cc95bc57-7l2xp,container_memory_working_set_bytes,4083712.0
1744826083,kashef-k8s-ctl.user-service-547b88cd8f-psqtx,container_memory_working_set_bytes,2781184.0
1744826083,kashef-k8s-w1.url-shorten-mongodb-57c886d5f8-69qth,container_memory_working_set_bytes,60854272.0
1744826083,kashef-k8s-ctl.media-service-6c665c775d-mctbz,container_memory_working_set_bytes,1896448.0
1744826083,kashef-k8s-ctl.post-storage-service-66c9966f5f-6d7sl,container_memory_working_set_bytes,2883584.0
1744826083,kashef-k8s-w1.url-shorten-service-66949ddcc4-d9skw,container_memory_working_set_bytes,2846720.0
1744826083,kashef-k8s-ctl.user-timeline-mongodb-6758898d48-p852t,container_memory_working_set_bytes,61329408.0
1744826089,kashef-k8s-ctl.media-frontend-6b66b95ff4-gmf7r,container_memory_working_set_bytes,16048128.0
1744826089,kashef-k8s-w1.media-mongodb-7b64c59567-xkqmm,container_memory_working_set_bytes,61673472.0
1744826089,kashef-k8s-w1.post-storage-mongodb-5579669d8c-4qthh,container_memory_working_set_bytes,60596224.0
1744826089,kashef-k8s-w1.social-graph-service-677dbc655c-n2fps,container_memory_working_set_bytes,2654208.0
1744826089,kashef-k8s-ctl.text-service-fff64b8bf-5sdbh,container_memory_working_set_bytes,2179072.0
1744826089,kashef-k8s-w1.url-shorten-mongodb-57c886d5f8-69qth,container_memory_working_set_bytes,60854272.0
1744826089,kashef-k8s-w1.user-mention-service-5c4f566c5-qxrfp,container_memory_working_set_bytes,2826240.0
1744826089,kashef-k8s-w1.user-memcached-59687c864d-7gpmp,container_memory_working_set_bytes,2826240.0
1744826089,kashef-k8s-w1.media-memcached-7889bdfdfb-2p7ff,container_memory_working_set_bytes,2621440.0
1744826089,kashef-k8s-ctl.user-timeline-service-664c7f6696-vkhzh,container_memory_working_set_bytes,130091827200.0
1744826089,kashef-k8s-ctl.unique-id-service-694497b678-tczdq,container_memory_working_set_bytes,1949696.0
1744826089,kashef-k8s-ctl.home-timeline-service-5754ffbc6d-64trn,container_memory_working_set_bytes,2572288.0
1744826089,kashef-k8s-w1.compose-post-service-f587bf89d-6vtgc,container_memory_working_set_bytes,2543616.0
1744826089,kashef-k8s-ctl.home-timeline-redis-6c6647df6f-6mqbs,container_memory_working_set_bytes,4018176.0
1744826089,kashef-k8s-ctl.jaeger-67997f9775-njj8l,container_memory_working_set_bytes,13856768.0
1744826089,kashef-k8s-ctl.post-storage-memcached-6b75788fc6-dczcn,container_memory_working_set_bytes,2502656.0
1744826089,kashef-k8s-ctl.user-timeline-mongodb-6758898d48-p852t,container_memory_working_set_bytes,61329408.0
1744826089,kashef-k8s-w1.social-graph-mongodb-55df767ff5-6wxnq,container_memory_working_set_bytes,60162048.0
1744826089,kashef-k8s-w1.url-shorten-service-66949ddcc4-d9skw,container_memory_working_set_bytes,2846720.0
1744826089,kashef-k8s-ctl.post-storage-service-66c9966f5f-6d7sl,container_memory_working_set_bytes,2883584.0
1744826089,kashef-k8s-w1.user-timeline-redis-67cc95bc57-7l2xp,container_memory_working_set_bytes,4083712.0
1744826089,kashef-k8s-w1.social-graph-redis-5bbd5b7458-pt87k,container_memory_working_set_bytes,3948544.0
1744826089,kashef-k8s-ctl.media-service-6c665c775d-mctbz,container_memory_working_set_bytes,1896448.0
1744826089,kashef-k8s-w1.nginx-thrift-79478f9bf5-gtwqc,container_memory_working_set_bytes,97046528.0
1744826089,kashef-k8s-ctl.user-service-547b88cd8f-psqtx,container_memory_working_set_bytes,2781184.0
1744826089,kashef-k8s-ctl.user-mongodb-7745bbd78-m5dgv,container_memory_working_set_bytes,61202432.0
1744826089,kashef-k8s-ctl.url-shorten-memcached-6546746864-jcsj8,container_memory_working_set_bytes,2502656.0
1744826095,kashef-k8s-w1.compose-post-service-f587bf89d-6vtgc,container_memory_working_set_bytes,2543616.0
1744826095,kashef-k8s-w1.post-storage-mongodb-5579669d8c-4qthh,container_memory_working_set_bytes,60596224.0
1744826095,kashef-k8s-ctl.media-frontend-6b66b95ff4-gmf7r,container_memory_working_set_bytes,16048128.0
1744826095,kashef-k8s-ctl.text-service-fff64b8bf-5sdbh,container_memory_working_set_bytes,2179072.0
1744826095,kashef-k8s-w1.media-memcached-7889bdfdfb-2p7ff,container_memory_working_set_bytes,2621440.0
1744826095,kashef-k8s-ctl.unique-id-service-694497b678-tczdq,container_memory_working_set_bytes,1949696.0
1744826095,kashef-k8s-ctl.home-timeline-service-5754ffbc6d-64trn,container_memory_working_set_bytes,2572288.0
1744826095,kashef-k8s-ctl.user-timeline-mongodb-6758898d48-p852t,container_memory_working_set_bytes,61329408.0
1744826095,kashef-k8s-ctl.user-timeline-service-664c7f6696-vkhzh,container_memory_working_set_bytes,119111696384.0
1744826095,kashef-k8s-ctl.post-storage-memcached-6b75788fc6-dczcn,container_memory_working_set_bytes,2502656.0
1744826095,kashef-k8s-w1.url-shorten-mongodb-57c886d5f8-69qth,container_memory_working_set_bytes,60854272.0
1744826095,kashef-k8s-ctl.jaeger-67997f9775-njj8l,container_memory_working_set_bytes,13856768.0
1744826095,kashef-k8s-w1.user-mention-service-5c4f566c5-qxrfp,container_memory_working_set_bytes,2826240.0
1744826095,kashef-k8s-w1.user-memcached-59687c864d-7gpmp,container_memory_working_set_bytes,2703360.0
1744826095,kashef-k8s-w1.social-graph-service-677dbc655c-n2fps,container_memory_working_set_bytes,2654208.0
1744826095,kashef-k8s-w1.social-graph-redis-5bbd5b7458-pt87k,container_memory_working_set_bytes,3948544.0
1744826095,kashef-k8s-w1.user-timeline-redis-67cc95bc57-7l2xp,container_memory_working_set_bytes,4083712.0
1744826095,kashef-k8s-ctl.user-service-547b88cd8f-psqtx,container_memory_working_set_bytes,2781184.0
1744826095,kashef-k8s-w1.url-shorten-service-66949ddcc4-d9skw,container_memory_working_set_bytes,2846720.0
1744826095,kashef-k8s-ctl.user-mongodb-7745bbd78-m5dgv,container_memory_working_set_bytes,61202432.0
1744826095,kashef-k8s-ctl.url-shorten-memcached-6546746864-jcsj8,container_memory_working_set_bytes,2502656.0
1744826095,kashef-k8s-ctl.post-storage-service-66c9966f5f-6d7sl,container_memory_working_set_bytes,2883584.0
1744826095,kashef-k8s-ctl.home-timeline-redis-6c6647df6f-6mqbs,container_memory_working_set_bytes,4018176.0
1744826095,kashef-k8s-w1.media-mongodb-7b64c59567-xkqmm,container_memory_working_set_bytes,61743104.0
1744826095,kashef-k8s-ctl.media-service-6c665c775d-mctbz,container_memory_working_set_bytes,1941504.0
1744826095,kashef-k8s-w1.social-graph-mongodb-55df767ff5-6wxnq,container_memory_working_set_bytes,60293120.0
1744826095,kashef-k8s-w1.nginx-thrift-79478f9bf5-gtwqc,container_memory_working_set_bytes,97046528.0
1744826101,kashef-k8s-ctl.post-storage-service-66c9966f5f-6d7sl,container_memory_working_set_bytes,2883584.0
1744826101,kashef-k8s-w1.social-graph-mongodb-55df767ff5-6wxnq,container_memory_working_set_bytes,60293120.0
1744826101,kashef-k8s-ctl.home-timeline-service-5754ffbc6d-64trn,container_memory_working_set_bytes,2572288.0
1744826101,kashef-k8s-ctl.jaeger-67997f9775-njj8l,container_memory_working_set_bytes,13856768.0
1744826101,kashef-k8s-w1.media-mongodb-7b64c59567-xkqmm,container_memory_working_set_bytes,61743104.0
1744826101,kashef-k8s-w1.media-memcached-7889bdfdfb-2p7ff,container_memory_working_set_bytes,2621440.0
1744826101,kashef-k8s-w1.compose-post-service-f587bf89d-6vtgc,container_memory_working_set_bytes,2543616.0
1744826101,kashef-k8s-ctl.home-timeline-redis-6c6647df6f-6mqbs,container_memory_working_set_bytes,4018176.0
1744826101,kashef-k8s-ctl.unique-id-service-694497b678-tczdq,container_memory_working_set_bytes,1949696.0
1744826101,kashef-k8s-ctl.user-mongodb-7745bbd78-m5dgv,container_memory_working_set_bytes,61202432.0
1744826101,kashef-k8s-w1.user-mention-service-5c4f566c5-qxrfp,container_memory_working_set_bytes,2826240.0
1744826101,kashef-k8s-ctl.post-storage-memcached-6b75788fc6-dczcn,container_memory_working_set_bytes,2502656.0
1744826101,kashef-k8s-w1.social-graph-redis-5bbd5b7458-pt87k,container_memory_working_set_bytes,3948544.0
1744826101,kashef-k8s-w1.url-shorten-mongodb-57c886d5f8-69qth,container_memory_working_set_bytes,61132800.0
1744826101,kashef-k8s-w1.social-graph-service-677dbc655c-n2fps,container_memory_working_set_bytes,2654208.0
1744826101,kashef-k8s-ctl.user-timeline-service-664c7f6696-vkhzh,container_memory_working_set_bytes,119111696384.0
1744826101,kashef-k8s-w1.post-storage-mongodb-5579669d8c-4qthh,container_memory_working_set_bytes,60596224.0
1744826101,kashef-k8s-ctl.text-service-fff64b8bf-5sdbh,container_memory_working_set_bytes,2179072.0
1744826101,kashef-k8s-w1.user-timeline-redis-67cc95bc57-7l2xp,container_memory_working_set_bytes,3964928.0
1744826101,kashef-k8s-ctl.user-service-547b88cd8f-psqtx,container_memory_working_set_bytes,2781184.0
1744826101,kashef-k8s-w1.user-memcached-59687c864d-7gpmp,container_memory_working_set_bytes,2703360.0
1744826101,kashef-k8s-w1.nginx-thrift-79478f9bf5-gtwqc,container_memory_working_set_bytes,97636352.0
1744826101,kashef-k8s-ctl.user-timeline-mongodb-6758898d48-p852t,container_memory_working_set_bytes,61329408.0
1744826101,kashef-k8s-ctl.media-frontend-6b66b95ff4-gmf7r,container_memory_working_set_bytes,16048128.0
1744826101,kashef-k8s-ctl.media-service-6c665c775d-mctbz,container_memory_working_set_bytes,1941504.0
1744826101,kashef-k8s-w1.url-shorten-service-66949ddcc4-d9skw,container_memory_working_set_bytes,2846720.0
1744826101,kashef-k8s-ctl.url-shorten-memcached-6546746864-jcsj8,container_memory_working_set_bytes,2502656.0
1744826107,kashef-k8s-w1.media-mongodb-7b64c59567-xkqmm,container_memory_working_set_bytes,61743104.0
1744826107,kashef-k8s-w1.url-shorten-service-66949ddcc4-d9skw,container_memory_working_set_bytes,2846720.0
1744826107,kashef-k8s-w1.nginx-thrift-79478f9bf5-gtwqc,container_memory_working_set_bytes,97636352.0
1744826107,kashef-k8s-ctl.post-storage-service-66c9966f5f-6d7sl,container_memory_working_set_bytes,3182592.0
1744826107,kashef-k8s-ctl.user-service-547b88cd8f-psqtx,container_memory_working_set_bytes,2781184.0
1744826107,kashef-k8s-w1.user-memcached-59687c864d-7gpmp,container_memory_working_set_bytes,2703360.0
1744826107,kashef-k8s-w1.social-graph-redis-5bbd5b7458-pt87k,container_memory_working_set_bytes,4075520.0
1744826107,kashef-k8s-w1.post-storage-mongodb-5579669d8c-4qthh,container_memory_working_set_bytes,60682240.0
1744826107,kashef-k8s-ctl.user-timeline-service-664c7f6696-vkhzh,container_memory_working_set_bytes,119111696384.0
1744826107,kashef-k8s-ctl.url-shorten-memcached-6546746864-jcsj8,container_memory_working_set_bytes,2502656.0
1744826107,kashef-k8s-w1.user-mention-service-5c4f566c5-qxrfp,container_memory_working_set_bytes,2846720.0
1744826107,kashef-k8s-ctl.post-storage-memcached-6b75788fc6-dczcn,container_memory_working_set_bytes,2502656.0
1744826107,kashef-k8s-w1.user-timeline-redis-67cc95bc57-7l2xp,container_memory_working_set_bytes,3964928.0
1744826107,kashef-k8s-w1.url-shorten-mongodb-57c886d5f8-69qth,container_memory_working_set_bytes,61132800.0
1744826107,kashef-k8s-ctl.text-service-fff64b8bf-5sdbh,container_memory_working_set_bytes,2179072.0
1744826107,kashef-k8s-ctl.unique-id-service-694497b678-tczdq,container_memory_working_set_bytes,1949696.0
1744826107,kashef-k8s-ctl.home-timeline-redis-6c6647df6f-6mqbs,container_memory_working_set_bytes,4018176.0
1744826107,kashef-k8s-ctl.media-frontend-6b66b95ff4-gmf7r,container_memory_working_set_bytes,16048128.0
1744826107,kashef-k8s-ctl.jaeger-67997f9775-njj8l,container_memory_working_set_bytes,13856768.0
1744826107,kashef-k8s-w1.compose-post-service-f587bf89d-6vtgc,container_memory_working_set_bytes,2543616.0
1744826107,kashef-k8s-ctl.media-service-6c665c775d-mctbz,container_memory_working_set_bytes,1941504.0
1744826107,kashef-k8s-w1.social-graph-mongodb-55df767ff5-6wxnq,container_memory_working_set_bytes,60293120.0
1744826107,kashef-k8s-ctl.user-timeline-mongodb-6758898d48-p852t,container_memory_working_set_bytes,61329408.0
1744826107,kashef-k8s-ctl.home-timeline-service-5754ffbc6d-64trn,container_memory_working_set_bytes,2572288.0
1744826107,kashef-k8s-w1.media-memcached-7889bdfdfb-2p7ff,container_memory_working_set_bytes,2621440.0
1744826107,kashef-k8s-w1.social-graph-service-677dbc655c-n2fps,container_memory_working_set_bytes,2654208.0
1744826107,kashef-k8s-ctl.user-mongodb-7745bbd78-m5dgv,container_memory_working_set_bytes,61202432.0
1744826113,kashef-k8s-w1.social-graph-redis-5bbd5b7458-pt87k,container_memory_working_set_bytes,4075520.0
1744826113,kashef-k8s-w1.user-memcached-59687c864d-7gpmp,container_memory_working_set_bytes,2703360.0
1744826113,kashef-k8s-ctl.user-service-547b88cd8f-psqtx,container_memory_working_set_bytes,2781184.0
1744826113,kashef-k8s-w1.media-mongodb-7b64c59567-xkqmm,container_memory_working_set_bytes,61743104.0
1744826113,kashef-k8s-ctl.user-mongodb-7745bbd78-m5dgv,container_memory_working_set_bytes,63504384.0
1744826113,kashef-k8s-ctl.user-timeline-service-664c7f6696-vkhzh,container_memory_working_set_bytes,119111696384.0
1744826113,kashef-k8s-ctl.post-storage-memcached-6b75788fc6-dczcn,container_memory_working_set_bytes,2838528.0
1744826113,kashef-k8s-w1.user-mention-service-5c4f566c5-qxrfp,container_memory_working_set_bytes,2846720.0
1744826113,kashef-k8s-ctl.url-shorten-memcached-6546746864-jcsj8,container_memory_working_set_bytes,2949120.0
1744826113,kashef-k8s-w1.post-storage-mongodb-5579669d8c-4qthh,container_memory_working_set_bytes,60682240.0
1744826113,kashef-k8s-ctl.text-service-fff64b8bf-5sdbh,container_memory_working_set_bytes,2179072.0
1744826113,kashef-k8s-w1.user-timeline-redis-67cc95bc57-7l2xp,container_memory_working_set_bytes,3964928.0
1744826113,kashef-k8s-w1.url-shorten-mongodb-57c886d5f8-69qth,container_memory_working_set_bytes,61132800.0
1744826113,kashef-k8s-w1.nginx-thrift-79478f9bf5-gtwqc,container_memory_working_set_bytes,97636352.0
1744826113,kashef-k8s-ctl.post-storage-service-66c9966f5f-6d7sl,container_memory_working_set_bytes,3182592.0
1744826113,kashef-k8s-w1.url-shorten-service-66949ddcc4-d9skw,container_memory_working_set_bytes,2846720.0
1744826113,kashef-k8s-ctl.user-timeline-mongodb-6758898d48-p852t,container_memory_working_set_bytes,61329408.0
1744826113,kashef-k8s-ctl.home-timeline-redis-6c6647df6f-6mqbs,container_memory_working_set_bytes,4018176.0
1744826113,kashef-k8s-w1.media-memcached-7889bdfdfb-2p7ff,container_memory_working_set_bytes,2621440.0
1744826113,kashef-k8s-ctl.unique-id-service-694497b678-tczdq,container_memory_working_set_bytes,1998848.0
1744826113,kashef-k8s-w1.social-graph-service-677dbc655c-n2fps,container_memory_working_set_bytes,2654208.0
1744826113,kashef-k8s-ctl.home-timeline-service-5754ffbc6d-64trn,container_memory_working_set_bytes,2572288.0
1744826113,kashef-k8s-ctl.jaeger-67997f9775-njj8l,container_memory_working_set_bytes,13856768.0
1744826113,kashef-k8s-w1.compose-post-service-f587bf89d-6vtgc,container_memory_working_set_bytes,2543616.0
1744826113,kashef-k8s-ctl.media-frontend-6b66b95ff4-gmf7r,container_memory_working_set_bytes,16048128.0
1744826113,kashef-k8s-ctl.media-service-6c665c775d-mctbz,container_memory_working_set_bytes,2048000.0
1744826113,kashef-k8s-w1.social-graph-mongodb-55df767ff5-6wxnq,container_memory_working_set_bytes,60293120.0
1744826119,kashef-k8s-w1.nginx-thrift-79478f9bf5-gtwqc,container_memory_working_set_bytes,97636352.0
1744826119,kashef-k8s-w1.social-graph-mongodb-55df767ff5-6wxnq,container_memory_working_set_bytes,60293120.0
1744826119,kashef-k8s-ctl.media-service-6c665c775d-mctbz,container_memory_working_set_bytes,2048000.0
1744826119,kashef-k8s-ctl.media-frontend-6b66b95ff4-gmf7r,container_memory_working_set_bytes,16048128.0
1744826119,kashef-k8s-ctl.home-timeline-redis-6c6647df6f-6mqbs,container_memory_working_set_bytes,5062656.0
1744826119,kashef-k8s-ctl.home-timeline-service-5754ffbc6d-64trn,container_memory_working_set_bytes,2572288.0
1744826119,kashef-k8s-ctl.user-mongodb-7745bbd78-m5dgv,container_memory_working_set_bytes,63504384.0
1744826119,kashef-k8s-w1.user-timeline-redis-67cc95bc57-7l2xp,container_memory_working_set_bytes,3964928.0
1744826119,kashef-k8s-ctl.user-timeline-service-664c7f6696-vkhzh,container_memory_working_set_bytes,119111696384.0
1744826119,kashef-k8s-ctl.unique-id-service-694497b678-tczdq,container_memory_working_set_bytes,1998848.0
1744826119,kashef-k8s-w1.post-storage-mongodb-5579669d8c-4qthh,container_memory_working_set_bytes,60682240.0
1744826119,kashef-k8s-w1.url-shorten-mongodb-57c886d5f8-69qth,container_memory_working_set_bytes,61132800.0
1744826119,kashef-k8s-w1.media-memcached-7889bdfdfb-2p7ff,container_memory_working_set_bytes,2621440.0
1744826119,kashef-k8s-w1.social-graph-service-677dbc655c-n2fps,container_memory_working_set_bytes,2654208.0
1744826119,kashef-k8s-w1.compose-post-service-f587bf89d-6vtgc,container_memory_working_set_bytes,2543616.0
1744826119,kashef-k8s-ctl.jaeger-67997f9775-njj8l,container_memory_working_set_bytes,15073280.0
1744826119,kashef-k8s-w1.user-mention-service-5c4f566c5-qxrfp,container_memory_working_set_bytes,2846720.0
1744826119,kashef-k8s-ctl.post-storage-memcached-6b75788fc6-dczcn,container_memory_working_set_bytes,2838528.0
1744826119,kashef-k8s-ctl.post-storage-service-66c9966f5f-6d7sl,container_memory_working_set_bytes,3182592.0
1744826119,kashef-k8s-ctl.url-shorten-memcached-6546746864-jcsj8,container_memory_working_set_bytes,2949120.0
1744826119,kashef-k8s-w1.user-memcached-59687c864d-7gpmp,container_memory_working_set_bytes,2703360.0
1744826119,kashef-k8s-w1.url-shorten-service-66949ddcc4-d9skw,container_memory_working_set_bytes,2846720.0
1744826119,kashef-k8s-ctl.user-timeline-mongodb-6758898d48-p852t,container_memory_working_set_bytes,61329408.0
1744826119,kashef-k8s-w1.media-mongodb-7b64c59567-xkqmm,container_memory_working_set_bytes,61743104.0
1744826119,kashef-k8s-ctl.user-service-547b88cd8f-psqtx,container_memory_working_set_bytes,3284992.0
1744826119,kashef-k8s-w1.social-graph-redis-5bbd5b7458-pt87k,container_memory_working_set_bytes,4075520.0
1744826119,kashef-k8s-ctl.text-service-fff64b8bf-5sdbh,container_memory_working_set_bytes,2224128.0
1744826125,kashef-k8s-w1.media-memcached-7889bdfdfb-2p7ff,container_memory_working_set_bytes,2621440.0
1744826125,kashef-k8s-ctl.jaeger-67997f9775-njj8l,container_memory_working_set_bytes,15073280.0
1744826125,kashef-k8s-ctl.home-timeline-service-5754ffbc6d-64trn,container_memory_working_set_bytes,2273280.0
1744826125,kashef-k8s-ctl.home-timeline-redis-6c6647df6f-6mqbs,container_memory_working_set_bytes,5062656.0
1744826125,kashef-k8s-ctl.user-mongodb-7745bbd78-m5dgv,container_memory_working_set_bytes,63504384.0
1744826125,kashef-k8s-w1.post-storage-mongodb-5579669d8c-4qthh,container_memory_working_set_bytes,60682240.0
1744826125,kashef-k8s-w1.user-timeline-redis-67cc95bc57-7l2xp,container_memory_working_set_bytes,3964928.0
1744826125,kashef-k8s-ctl.user-timeline-service-664c7f6696-vkhzh,container_memory_working_set_bytes,4325376.0
1744826125,kashef-k8s-ctl.unique-id-service-694497b678-tczdq,container_memory_working_set_bytes,1998848.0
1744826125,kashef-k8s-w1.social-graph-service-677dbc655c-n2fps,container_memory_working_set_bytes,2654208.0
1744826125,kashef-k8s-w1.compose-post-service-f587bf89d-6vtgc,container_memory_working_set_bytes,2543616.0
1744826125,kashef-k8s-w1.url-shorten-mongodb-57c886d5f8-69qth,container_memory_working_set_bytes,61132800.0
1744826125,kashef-k8s-w1.social-graph-mongodb-55df767ff5-6wxnq,container_memory_working_set_bytes,60293120.0
1744826125,kashef-k8s-ctl.media-service-6c665c775d-mctbz,container_memory_working_set_bytes,2048000.0
1744826125,kashef-k8s-ctl.media-frontend-6b66b95ff4-gmf7r,container_memory_working_set_bytes,16048128.0
1744826125,kashef-k8s-w1.nginx-thrift-79478f9bf5-gtwqc,container_memory_working_set_bytes,97636352.0
1744826125,kashef-k8s-ctl.post-storage-service-66c9966f5f-6d7sl,container_memory_working_set_bytes,3182592.0
1744826125,kashef-k8s-ctl.url-shorten-memcached-6546746864-jcsj8,container_memory_working_set_bytes,2949120.0
1744826125,kashef-k8s-ctl.text-service-fff64b8bf-5sdbh,container_memory_working_set_bytes,2224128.0
1744826125,kashef-k8s-ctl.post-storage-memcached-6b75788fc6-dczcn,container_memory_working_set_bytes,2838528.0
1744826125,kashef-k8s-w1.user-memcached-59687c864d-7gpmp,container_memory_working_set_bytes,2703360.0
1744826125,kashef-k8s-w1.social-graph-redis-5bbd5b7458-pt87k,container_memory_working_set_bytes,4075520.0
1744826125,kashef-k8s-ctl.user-service-547b88cd8f-psqtx,container_memory_working_set_bytes,3284992.0
1744826125,kashef-k8s-w1.user-mention-service-5c4f566c5-qxrfp,container_memory_working_set_bytes,2846720.0
1744826125,kashef-k8s-w1.url-shorten-service-66949ddcc4-d9skw,container_memory_working_set_bytes,2846720.0
1744826125,kashef-k8s-ctl.user-timeline-mongodb-6758898d48-p852t,container_memory_working_set_bytes,62713856.0
1744826125,kashef-k8s-w1.media-mongodb-7b64c59567-xkqmm,container_memory_working_set_bytes,61743104.0
