timestamp,cmdb_id,kpi_name,value
1744883466,kashef-k8s-w1.post-storage-mongodb-5579669d8c-w7cbx,container_memory_working_set_bytes,0.0
1744883466,kashef-k8s-w1.social-graph-service-677dbc655c-5gm4m,container_memory_working_set_bytes,0.0
1744883466,kashef-k8s-w1.home-timeline-service-5754ffbc6d-vtsfd,container_memory_working_set_bytes,0.0
1744883466,kashef-k8s-w1.unique-id-service-694497b678-f6kk2,container_memory_working_set_bytes,0.0
1744883466,kashef-k8s-w1.social-graph-mongodb-55df767ff5-xn9hs,container_memory_working_set_bytes,0.0
1744883466,kashef-k8s-w1.user-timeline-service-664c7f6696-z92fq,container_memory_working_set_bytes,0.0
1744883466,kashef-k8s-w1.media-memcached-7889bdfdfb-bhmrc,container_memory_working_set_bytes,0.0
1744883466,kashef-k8s-w1.url-shorten-memcached-6546746864-trxbv,container_memory_working_set_bytes,0.0
1744883466,kashef-k8s-w1.text-service-fff64b8bf-tq7rc,container_memory_working_set_bytes,0.0
1744883466,kashef-k8s-w1.media-service-6c665c775d-2lkpq,container_memory_working_set_bytes,0.0
1744883466,kashef-k8s-w1.user-mongodb-7745bbd78-5l85k,container_memory_working_set_bytes,0.0
1744883466,kashef-k8s-w1.compose-post-service-f587bf89d-rl4k4,container_memory_working_set_bytes,0.0
1744883466,kashef-k8s-ctl.url-shorten-service-66949ddcc4-lwrt8,container_memory_working_set_bytes,0.0
1744883472,kashef-k8s-w1.media-service-6c665c775d-2lkpq,container_memory_working_set_bytes,0.0
1744883472,kashef-k8s-w1.text-service-fff64b8bf-tq7rc,container_memory_working_set_bytes,0.0
1744883472,kashef-k8s-w1.media-memcached-7889bdfdfb-bhmrc,container_memory_working_set_bytes,0.0
1744883472,kashef-k8s-w1.user-timeline-service-664c7f6696-z92fq,container_memory_working_set_bytes,0.0
1744883472,kashef-k8s-w1.url-shorten-memcached-6546746864-trxbv,container_memory_working_set_bytes,0.0
1744883472,kashef-k8s-w1.user-mongodb-7745bbd78-5l85k,container_memory_working_set_bytes,0.0
1744883472,kashef-k8s-w1.unique-id-service-694497b678-f6kk2,container_memory_working_set_bytes,0.0
1744883472,kashef-k8s-w1.social-graph-mongodb-55df767ff5-xn9hs,container_memory_working_set_bytes,0.0
1744883472,kashef-k8s-w1.social-graph-service-677dbc655c-5gm4m,container_memory_working_set_bytes,0.0
1744883472,kashef-k8s-w1.home-timeline-service-5754ffbc6d-vtsfd,container_memory_working_set_bytes,0.0
1744883472,kashef-k8s-ctl.user-timeline-mongodb-6758898d48-znmp7,container_memory_working_set_bytes,696320.0
1744883472,kashef-k8s-w1.compose-post-service-f587bf89d-rl4k4,container_memory_working_set_bytes,0.0
1744883472,kashef-k8s-ctl.url-shorten-service-66949ddcc4-lwrt8,container_memory_working_set_bytes,0.0
1744883472,kashef-k8s-w1.post-storage-mongodb-5579669d8c-w7cbx,container_memory_working_set_bytes,0.0
1744883478,kashef-k8s-ctl.post-storage-service-66c9966f5f-v954l,container_memory_working_set_bytes,4042752.0
1744883478,kashef-k8s-w1.home-timeline-service-5754ffbc6d-vtsfd,container_memory_working_set_bytes,0.0
1744883478,kashef-k8s-w1.social-graph-service-677dbc655c-5gm4m,container_memory_working_set_bytes,0.0
1744883478,kashef-k8s-ctl.social-graph-redis-5bbd5b7458-p8gts,container_memory_working_set_bytes,3919872.0
1744883478,kashef-k8s-w1.social-graph-mongodb-55df767ff5-xn9hs,container_memory_working_set_bytes,0.0
1744883478,kashef-k8s-w1.user-timeline-service-664c7f6696-z92fq,container_memory_working_set_bytes,0.0
1744883478,kashef-k8s-ctl.user-timeline-redis-67cc95bc57-dwn45,container_memory_working_set_bytes,8073216.0
1744883478,kashef-k8s-w1.text-service-fff64b8bf-tq7rc,container_memory_working_set_bytes,0.0
1744883478,kashef-k8s-ctl.user-mention-service-5c4f566c5-7vqxk,container_memory_working_set_bytes,2613248.0
1744883478,kashef-k8s-w1.url-shorten-memcached-6546746864-trxbv,container_memory_working_set_bytes,0.0
1744883478,kashef-k8s-w1.media-service-6c665c775d-2lkpq,container_memory_working_set_bytes,0.0
1744883478,kashef-k8s-ctl.url-shorten-mongodb-57c886d5f8-5f5n7,container_memory_working_set_bytes,59797504.0
1744883478,kashef-k8s-w1.media-memcached-7889bdfdfb-bhmrc,container_memory_working_set_bytes,0.0
1744883478,kashef-k8s-ctl.jaeger-67997f9775-qj544,container_memory_working_set_bytes,700416.0
1744883478,kashef-k8s-ctl.url-shorten-service-66949ddcc4-lwrt8,container_memory_working_set_bytes,0.0
1744883478,kashef-k8s-ctl.media-mongodb-7b64c59567-cwngq,container_memory_working_set_bytes,688128.0
1744883478,kashef-k8s-w1.unique-id-service-694497b678-f6kk2,container_memory_working_set_bytes,0.0
1744883478,kashef-k8s-ctl.home-timeline-redis-6c6647df6f-5hbsq,container_memory_working_set_bytes,4042752.0
1744883478,kashef-k8s-w1.user-mongodb-7745bbd78-5l85k,container_memory_working_set_bytes,0.0
1744883478,kashef-k8s-ctl.user-service-547b88cd8f-t4c8d,container_memory_working_set_bytes,696320.0
1744883478,kashef-k8s-w1.post-storage-mongodb-5579669d8c-w7cbx,container_memory_working_set_bytes,0.0
1744883478,kashef-k8s-ctl.user-timeline-mongodb-6758898d48-znmp7,container_memory_working_set_bytes,696320.0
1744883478,kashef-k8s-w1.compose-post-service-f587bf89d-rl4k4,container_memory_working_set_bytes,0.0
1744883484,kashef-k8s-ctl.post-storage-memcached-6b75788fc6-mngwq,container_memory_working_set_bytes,696320.0
1744883484,kashef-k8s-w1.user-mongodb-7745bbd78-5l85k,container_memory_working_set_bytes,0.0
1744883484,kashef-k8s-ctl.post-storage-service-66c9966f5f-v954l,container_memory_working_set_bytes,4042752.0
1744883484,kashef-k8s-ctl.user-service-547b88cd8f-t4c8d,container_memory_working_set_bytes,696320.0
1744883484,kashef-k8s-ctl.home-timeline-redis-6c6647df6f-5hbsq,container_memory_working_set_bytes,4042752.0
1744883484,kashef-k8s-ctl.url-shorten-service-66949ddcc4-lwrt8,container_memory_working_set_bytes,0.0
1744883484,kashef-k8s-ctl.social-graph-redis-5bbd5b7458-p8gts,container_memory_working_set_bytes,3919872.0
1744883484,kashef-k8s-ctl.jaeger-67997f9775-qj544,container_memory_working_set_bytes,700416.0
1744883484,kashef-k8s-w1.user-timeline-service-664c7f6696-z92fq,container_memory_working_set_bytes,0.0
1744883484,kashef-k8s-w1.text-service-fff64b8bf-tq7rc,container_memory_working_set_bytes,0.0
1744883484,kashef-k8s-ctl.user-timeline-redis-67cc95bc57-dwn45,container_memory_working_set_bytes,8073216.0
1744883484,kashef-k8s-w1.unique-id-service-694497b678-f6kk2,container_memory_working_set_bytes,2007040.0
1744883484,kashef-k8s-w1.home-timeline-service-5754ffbc6d-vtsfd,container_memory_working_set_bytes,1929216.0
1744883484,kashef-k8s-ctl.media-mongodb-7b64c59567-cwngq,container_memory_working_set_bytes,688128.0
1744883484,kashef-k8s-ctl.nginx-thrift-79478f9bf5-9zm7k,container_memory_working_set_bytes,5697536.0
1744883484,kashef-k8s-w1.media-memcached-7889bdfdfb-bhmrc,container_memory_working_set_bytes,0.0
1744883484,kashef-k8s-ctl.url-shorten-mongodb-57c886d5f8-5f5n7,container_memory_working_set_bytes,59797504.0
1744883484,kashef-k8s-ctl.user-timeline-mongodb-6758898d48-znmp7,container_memory_working_set_bytes,696320.0
1744883484,kashef-k8s-w1.compose-post-service-f587bf89d-rl4k4,container_memory_working_set_bytes,0.0
1744883484,kashef-k8s-w1.media-service-6c665c775d-2lkpq,container_memory_working_set_bytes,0.0
1744883484,kashef-k8s-w1.social-graph-mongodb-55df767ff5-xn9hs,container_memory_working_set_bytes,0.0
1744883484,kashef-k8s-w1.social-graph-service-677dbc655c-5gm4m,container_memory_working_set_bytes,0.0
1744883484,kashef-k8s-w1.user-memcached-59687c864d-n5wgx,container_memory_working_set_bytes,696320.0
1744883484,kashef-k8s-w1.post-storage-mongodb-5579669d8c-w7cbx,container_memory_working_set_bytes,0.0
1744883484,kashef-k8s-w1.url-shorten-memcached-6546746864-trxbv,container_memory_working_set_bytes,2600960.0
1744883484,kashef-k8s-ctl.user-mention-service-5c4f566c5-7vqxk,container_memory_working_set_bytes,2613248.0
1744883490,kashef-k8s-w1.social-graph-mongodb-55df767ff5-xn9hs,container_memory_working_set_bytes,0.0
1744883490,kashef-k8s-ctl.user-service-547b88cd8f-t4c8d,container_memory_working_set_bytes,696320.0
1744883490,kashef-k8s-ctl.media-mongodb-7b64c59567-cwngq,container_memory_working_set_bytes,688128.0
1744883490,kashef-k8s-ctl.url-shorten-service-66949ddcc4-lwrt8,container_memory_working_set_bytes,0.0
1744883490,kashef-k8s-ctl.home-timeline-redis-6c6647df6f-5hbsq,container_memory_working_set_bytes,4042752.0
1744883490,kashef-k8s-w1.user-mongodb-7745bbd78-5l85k,container_memory_working_set_bytes,59654144.0
1744883490,kashef-k8s-ctl.url-shorten-mongodb-57c886d5f8-5f5n7,container_memory_working_set_bytes,59797504.0
1744883490,kashef-k8s-ctl.user-timeline-redis-67cc95bc57-dwn45,container_memory_working_set_bytes,8073216.0
1744883490,kashef-k8s-w1.text-service-fff64b8bf-tq7rc,container_memory_working_set_bytes,0.0
1744883490,kashef-k8s-w1.user-timeline-service-664c7f6696-z92fq,container_memory_working_set_bytes,0.0
1744883490,kashef-k8s-w1.unique-id-service-694497b678-f6kk2,container_memory_working_set_bytes,2007040.0
1744883490,kashef-k8s-ctl.jaeger-67997f9775-qj544,container_memory_working_set_bytes,700416.0
1744883490,kashef-k8s-ctl.nginx-thrift-79478f9bf5-9zm7k,container_memory_working_set_bytes,5697536.0
1744883490,kashef-k8s-w1.home-timeline-service-5754ffbc6d-vtsfd,container_memory_working_set_bytes,1929216.0
1744883490,kashef-k8s-ctl.post-storage-service-66c9966f5f-v954l,container_memory_working_set_bytes,4042752.0
1744883490,kashef-k8s-ctl.user-timeline-mongodb-6758898d48-znmp7,container_memory_working_set_bytes,696320.0
1744883490,kashef-k8s-ctl.post-storage-memcached-6b75788fc6-mngwq,container_memory_working_set_bytes,696320.0
1744883490,kashef-k8s-ctl.user-mention-service-5c4f566c5-7vqxk,container_memory_working_set_bytes,2613248.0
1744883490,kashef-k8s-w1.media-service-6c665c775d-2lkpq,container_memory_working_set_bytes,0.0
1744883490,kashef-k8s-w1.compose-post-service-f587bf89d-rl4k4,container_memory_working_set_bytes,1921024.0
1744883490,kashef-k8s-w1.media-memcached-7889bdfdfb-bhmrc,container_memory_working_set_bytes,0.0
1744883490,kashef-k8s-w1.url-shorten-memcached-6546746864-trxbv,container_memory_working_set_bytes,2600960.0
1744883490,kashef-k8s-ctl.social-graph-redis-5bbd5b7458-p8gts,container_memory_working_set_bytes,3919872.0
1744883490,kashef-k8s-w1.post-storage-mongodb-5579669d8c-w7cbx,container_memory_working_set_bytes,59371520.0
1744883490,kashef-k8s-w1.user-memcached-59687c864d-n5wgx,container_memory_working_set_bytes,696320.0
1744883490,kashef-k8s-w1.media-frontend-6b66b95ff4-jdmkk,container_memory_working_set_bytes,10289152.0
1744883490,kashef-k8s-w1.social-graph-service-677dbc655c-5gm4m,container_memory_working_set_bytes,2473984.0
1744883496,kashef-k8s-ctl.social-graph-redis-5bbd5b7458-p8gts,container_memory_working_set_bytes,3919872.0
1744883496,kashef-k8s-w1.social-graph-service-677dbc655c-5gm4m,container_memory_working_set_bytes,2473984.0
1744883496,kashef-k8s-w1.user-memcached-59687c864d-n5wgx,container_memory_working_set_bytes,696320.0
1744883496,kashef-k8s-w1.compose-post-service-f587bf89d-rl4k4,container_memory_working_set_bytes,1921024.0
1744883496,kashef-k8s-w1.post-storage-mongodb-5579669d8c-w7cbx,container_memory_working_set_bytes,59371520.0
1744883496,kashef-k8s-ctl.user-timeline-redis-67cc95bc57-dwn45,container_memory_working_set_bytes,8073216.0
1744883496,kashef-k8s-ctl.user-mention-service-5c4f566c5-7vqxk,container_memory_working_set_bytes,2613248.0
1744883496,kashef-k8s-w1.media-service-6c665c775d-2lkpq,container_memory_working_set_bytes,1933312.0
1744883496,kashef-k8s-w1.media-memcached-7889bdfdfb-bhmrc,container_memory_working_set_bytes,2600960.0
1744883496,kashef-k8s-w1.url-shorten-memcached-6546746864-trxbv,container_memory_working_set_bytes,2600960.0
1744883496,kashef-k8s-w1.user-timeline-service-664c7f6696-z92fq,container_memory_working_set_bytes,2482176.0
1744883496,kashef-k8s-w1.text-service-fff64b8bf-tq7rc,container_memory_working_set_bytes,1921024.0
1744883496,kashef-k8s-ctl.url-shorten-service-66949ddcc4-lwrt8,container_memory_working_set_bytes,0.0
1744883496,kashef-k8s-w1.home-timeline-service-5754ffbc6d-vtsfd,container_memory_working_set_bytes,1929216.0
1744883496,kashef-k8s-w1.unique-id-service-694497b678-f6kk2,container_memory_working_set_bytes,2007040.0
1744883496,kashef-k8s-w1.social-graph-mongodb-55df767ff5-xn9hs,container_memory_working_set_bytes,59625472.0
1744883496,kashef-k8s-ctl.jaeger-67997f9775-qj544,container_memory_working_set_bytes,700416.0
1744883496,kashef-k8s-ctl.nginx-thrift-79478f9bf5-9zm7k,container_memory_working_set_bytes,5697536.0
1744883496,kashef-k8s-ctl.user-service-547b88cd8f-t4c8d,container_memory_working_set_bytes,2732032.0
1744883496,kashef-k8s-ctl.url-shorten-mongodb-57c886d5f8-5f5n7,container_memory_working_set_bytes,59797504.0
1744883496,kashef-k8s-ctl.home-timeline-redis-6c6647df6f-5hbsq,container_memory_working_set_bytes,4042752.0
1744883496,kashef-k8s-ctl.user-timeline-mongodb-6758898d48-znmp7,container_memory_working_set_bytes,696320.0
1744883496,kashef-k8s-ctl.media-mongodb-7b64c59567-cwngq,container_memory_working_set_bytes,688128.0
1744883496,kashef-k8s-ctl.post-storage-service-66c9966f5f-v954l,container_memory_working_set_bytes,4042752.0
1744883496,kashef-k8s-ctl.post-storage-memcached-6b75788fc6-mngwq,container_memory_working_set_bytes,696320.0
1744883496,kashef-k8s-w1.media-frontend-6b66b95ff4-jdmkk,container_memory_working_set_bytes,10289152.0
1744883496,kashef-k8s-w1.user-mongodb-7745bbd78-5l85k,container_memory_working_set_bytes,59654144.0
1744883502,kashef-k8s-w1.compose-post-service-f587bf89d-rl4k4,container_memory_working_set_bytes,1921024.0
1744883502,kashef-k8s-w1.media-frontend-6b66b95ff4-jdmkk,container_memory_working_set_bytes,10289152.0
1744883502,kashef-k8s-ctl.media-mongodb-7b64c59567-cwngq,container_memory_working_set_bytes,688128.0
1744883502,kashef-k8s-w1.home-timeline-service-5754ffbc6d-vtsfd,container_memory_working_set_bytes,1929216.0
1744883502,kashef-k8s-ctl.user-timeline-redis-67cc95bc57-dwn45,container_memory_working_set_bytes,7942144.0
1744883502,kashef-k8s-w1.text-service-fff64b8bf-tq7rc,container_memory_working_set_bytes,1921024.0
1744883502,kashef-k8s-ctl.url-shorten-service-66949ddcc4-lwrt8,container_memory_working_set_bytes,2727936.0
1744883502,kashef-k8s-w1.media-memcached-7889bdfdfb-bhmrc,container_memory_working_set_bytes,2600960.0
1744883502,kashef-k8s-ctl.user-mention-service-5c4f566c5-7vqxk,container_memory_working_set_bytes,2613248.0
1744883502,kashef-k8s-ctl.jaeger-67997f9775-qj544,container_memory_working_set_bytes,700416.0
1744883502,kashef-k8s-w1.social-graph-service-677dbc655c-5gm4m,container_memory_working_set_bytes,2473984.0
1744883502,kashef-k8s-ctl.user-timeline-mongodb-6758898d48-znmp7,container_memory_working_set_bytes,696320.0
1744883502,kashef-k8s-ctl.user-service-547b88cd8f-t4c8d,container_memory_working_set_bytes,2732032.0
1744883502,kashef-k8s-ctl.url-shorten-mongodb-57c886d5f8-5f5n7,container_memory_working_set_bytes,63660032.0
1744883502,kashef-k8s-w1.url-shorten-memcached-6546746864-trxbv,container_memory_working_set_bytes,2600960.0
1744883502,kashef-k8s-w1.user-mongodb-7745bbd78-5l85k,container_memory_working_set_bytes,59654144.0
1744883502,kashef-k8s-ctl.home-timeline-redis-6c6647df6f-5hbsq,container_memory_working_set_bytes,4042752.0
1744883502,kashef-k8s-w1.social-graph-mongodb-55df767ff5-xn9hs,container_memory_working_set_bytes,59625472.0
1744883502,kashef-k8s-w1.unique-id-service-694497b678-f6kk2,container_memory_working_set_bytes,2007040.0
1744883502,kashef-k8s-w1.media-service-6c665c775d-2lkpq,container_memory_working_set_bytes,1933312.0
1744883502,kashef-k8s-ctl.nginx-thrift-79478f9bf5-9zm7k,container_memory_working_set_bytes,5697536.0
1744883502,kashef-k8s-w1.user-timeline-service-664c7f6696-z92fq,container_memory_working_set_bytes,2482176.0
1744883502,kashef-k8s-w1.post-storage-mongodb-5579669d8c-w7cbx,container_memory_working_set_bytes,59371520.0
1744883502,kashef-k8s-ctl.social-graph-redis-5bbd5b7458-p8gts,container_memory_working_set_bytes,3919872.0
1744883502,kashef-k8s-ctl.post-storage-service-66c9966f5f-v954l,container_memory_working_set_bytes,3932160.0
1744883502,kashef-k8s-w1.user-memcached-59687c864d-n5wgx,container_memory_working_set_bytes,696320.0
1744883502,kashef-k8s-ctl.post-storage-memcached-6b75788fc6-mngwq,container_memory_working_set_bytes,3129344.0
1744883508,kashef-k8s-w1.text-service-fff64b8bf-tq7rc,container_memory_working_set_bytes,1921024.0
1744883508,kashef-k8s-w1.user-memcached-59687c864d-n5wgx,container_memory_working_set_bytes,696320.0
1744883508,kashef-k8s-w1.compose-post-service-f587bf89d-rl4k4,container_memory_working_set_bytes,1921024.0
1744883508,kashef-k8s-w1.post-storage-mongodb-5579669d8c-w7cbx,container_memory_working_set_bytes,59371520.0
1744883508,kashef-k8s-ctl.post-storage-service-66c9966f5f-v954l,container_memory_working_set_bytes,3932160.0
1744883508,kashef-k8s-ctl.nginx-thrift-79478f9bf5-9zm7k,container_memory_working_set_bytes,5697536.0
1744883508,kashef-k8s-ctl.social-graph-redis-5bbd5b7458-p8gts,container_memory_working_set_bytes,3919872.0
1744883508,kashef-k8s-w1.user-timeline-service-664c7f6696-z92fq,container_memory_working_set_bytes,2482176.0
1744883508,kashef-k8s-w1.media-service-6c665c775d-2lkpq,container_memory_working_set_bytes,1933312.0
1744883508,kashef-k8s-w1.url-shorten-memcached-6546746864-trxbv,container_memory_working_set_bytes,2600960.0
1744883508,kashef-k8s-ctl.user-service-547b88cd8f-t4c8d,container_memory_working_set_bytes,2732032.0
1744883508,kashef-k8s-w1.user-mongodb-7745bbd78-5l85k,container_memory_working_set_bytes,59654144.0
1744883508,kashef-k8s-w1.unique-id-service-694497b678-f6kk2,container_memory_working_set_bytes,1925120.0
1744883508,kashef-k8s-w1.social-graph-mongodb-55df767ff5-xn9hs,container_memory_working_set_bytes,59625472.0
1744883508,kashef-k8s-ctl.home-timeline-redis-6c6647df6f-5hbsq,container_memory_working_set_bytes,4042752.0
1744883508,kashef-k8s-ctl.url-shorten-mongodb-57c886d5f8-5f5n7,container_memory_working_set_bytes,63660032.0
1744883508,kashef-k8s-w1.media-memcached-7889bdfdfb-bhmrc,container_memory_working_set_bytes,2600960.0
1744883508,kashef-k8s-ctl.user-mention-service-5c4f566c5-7vqxk,container_memory_working_set_bytes,2613248.0
1744883508,kashef-k8s-w1.home-timeline-service-5754ffbc6d-vtsfd,container_memory_working_set_bytes,1929216.0
1744883508,kashef-k8s-ctl.url-shorten-service-66949ddcc4-lwrt8,container_memory_working_set_bytes,2727936.0
1744883508,kashef-k8s-w1.media-frontend-6b66b95ff4-jdmkk,container_memory_working_set_bytes,10289152.0
1744883508,kashef-k8s-ctl.media-mongodb-7b64c59567-cwngq,container_memory_working_set_bytes,58908672.0
1744883508,kashef-k8s-w1.social-graph-service-677dbc655c-5gm4m,container_memory_working_set_bytes,2473984.0
1744883508,kashef-k8s-ctl.user-timeline-redis-67cc95bc57-dwn45,container_memory_working_set_bytes,7942144.0
1744883508,kashef-k8s-ctl.jaeger-67997f9775-qj544,container_memory_working_set_bytes,700416.0
1744883508,kashef-k8s-ctl.user-timeline-mongodb-6758898d48-znmp7,container_memory_working_set_bytes,59531264.0
1744883508,kashef-k8s-ctl.post-storage-memcached-6b75788fc6-mngwq,container_memory_working_set_bytes,3129344.0
1744883514,kashef-k8s-ctl.jaeger-67997f9775-qj544,container_memory_working_set_bytes,11321344.0
1744883514,kashef-k8s-w1.media-service-6c665c775d-2lkpq,container_memory_working_set_bytes,1933312.0
1744883514,kashef-k8s-ctl.post-storage-memcached-6b75788fc6-mngwq,container_memory_working_set_bytes,3129344.0
1744883514,kashef-k8s-ctl.nginx-thrift-79478f9bf5-9zm7k,container_memory_working_set_bytes,93007872.0
1744883514,kashef-k8s-w1.user-memcached-59687c864d-n5wgx,container_memory_working_set_bytes,696320.0
1744883514,kashef-k8s-w1.media-memcached-7889bdfdfb-bhmrc,container_memory_working_set_bytes,2600960.0
1744883514,kashef-k8s-w1.url-shorten-memcached-6546746864-trxbv,container_memory_working_set_bytes,2600960.0
1744883514,kashef-k8s-ctl.url-shorten-mongodb-57c886d5f8-5f5n7,container_memory_working_set_bytes,63660032.0
1744883514,kashef-k8s-w1.user-mongodb-7745bbd78-5l85k,container_memory_working_set_bytes,59654144.0
1744883514,kashef-k8s-ctl.home-timeline-redis-6c6647df6f-5hbsq,container_memory_working_set_bytes,4042752.0
1744883514,kashef-k8s-w1.social-graph-mongodb-55df767ff5-xn9hs,container_memory_working_set_bytes,59625472.0
1744883514,kashef-k8s-w1.unique-id-service-694497b678-f6kk2,container_memory_working_set_bytes,1925120.0
1744883514,kashef-k8s-w1.user-timeline-service-664c7f6696-z92fq,container_memory_working_set_bytes,2482176.0
1744883514,kashef-k8s-w1.compose-post-service-f587bf89d-rl4k4,container_memory_working_set_bytes,1921024.0
1744883514,kashef-k8s-w1.post-storage-mongodb-5579669d8c-w7cbx,container_memory_working_set_bytes,59371520.0
1744883514,kashef-k8s-w1.text-service-fff64b8bf-tq7rc,container_memory_working_set_bytes,1921024.0
1744883514,kashef-k8s-ctl.social-graph-redis-5bbd5b7458-p8gts,container_memory_working_set_bytes,3919872.0
1744883514,kashef-k8s-ctl.user-mention-service-5c4f566c5-7vqxk,container_memory_working_set_bytes,2613248.0
1744883514,kashef-k8s-ctl.url-shorten-service-66949ddcc4-lwrt8,container_memory_working_set_bytes,2727936.0
1744883514,kashef-k8s-w1.social-graph-service-677dbc655c-5gm4m,container_memory_working_set_bytes,2473984.0
1744883514,kashef-k8s-ctl.user-timeline-mongodb-6758898d48-znmp7,container_memory_working_set_bytes,59531264.0
1744883514,kashef-k8s-ctl.user-timeline-redis-67cc95bc57-dwn45,container_memory_working_set_bytes,7942144.0
1744883514,kashef-k8s-ctl.user-service-547b88cd8f-t4c8d,container_memory_working_set_bytes,2732032.0
1744883514,kashef-k8s-w1.home-timeline-service-5754ffbc6d-vtsfd,container_memory_working_set_bytes,1929216.0
1744883514,kashef-k8s-w1.media-frontend-6b66b95ff4-jdmkk,container_memory_working_set_bytes,10289152.0
1744883514,kashef-k8s-ctl.post-storage-service-66c9966f5f-v954l,container_memory_working_set_bytes,3932160.0
1744883514,kashef-k8s-ctl.media-mongodb-7b64c59567-cwngq,container_memory_working_set_bytes,58908672.0
1744883520,kashef-k8s-w1.media-frontend-6b66b95ff4-jdmkk,container_memory_working_set_bytes,11440128.0
1744883520,kashef-k8s-w1.compose-post-service-f587bf89d-rl4k4,container_memory_working_set_bytes,1921024.0
1744883520,kashef-k8s-w1.user-timeline-service-664c7f6696-z92fq,container_memory_working_set_bytes,2482176.0
1744883520,kashef-k8s-ctl.user-service-547b88cd8f-t4c8d,container_memory_working_set_bytes,2732032.0
1744883520,kashef-k8s-w1.text-service-fff64b8bf-tq7rc,container_memory_working_set_bytes,1921024.0
1744883520,kashef-k8s-ctl.media-mongodb-7b64c59567-cwngq,container_memory_working_set_bytes,58908672.0
1744883520,kashef-k8s-ctl.post-storage-service-66c9966f5f-v954l,container_memory_working_set_bytes,3932160.0
1744883520,kashef-k8s-w1.user-memcached-59687c864d-n5wgx,container_memory_working_set_bytes,2605056.0
1744883520,kashef-k8s-w1.home-timeline-service-5754ffbc6d-vtsfd,container_memory_working_set_bytes,1929216.0
1744883520,kashef-k8s-ctl.nginx-thrift-79478f9bf5-9zm7k,container_memory_working_set_bytes,93007872.0
1744883520,kashef-k8s-w1.media-memcached-7889bdfdfb-bhmrc,container_memory_working_set_bytes,2600960.0
1744883520,kashef-k8s-w1.url-shorten-memcached-6546746864-trxbv,container_memory_working_set_bytes,2600960.0
1744883520,kashef-k8s-ctl.url-shorten-service-66949ddcc4-lwrt8,container_memory_working_set_bytes,2727936.0
1744883520,kashef-k8s-ctl.user-timeline-mongodb-6758898d48-znmp7,container_memory_working_set_bytes,59531264.0
1744883520,kashef-k8s-ctl.jaeger-67997f9775-qj544,container_memory_working_set_bytes,11321344.0
1744883520,kashef-k8s-ctl.user-mention-service-5c4f566c5-7vqxk,container_memory_working_set_bytes,2613248.0
1744883520,kashef-k8s-w1.media-service-6c665c775d-2lkpq,container_memory_working_set_bytes,1933312.0
1744883520,kashef-k8s-w1.unique-id-service-694497b678-f6kk2,container_memory_working_set_bytes,1925120.0
1744883520,kashef-k8s-w1.social-graph-service-677dbc655c-5gm4m,container_memory_working_set_bytes,2473984.0
1744883520,kashef-k8s-w1.user-mongodb-7745bbd78-5l85k,container_memory_working_set_bytes,59502592.0
1744883520,kashef-k8s-ctl.url-shorten-mongodb-57c886d5f8-5f5n7,container_memory_working_set_bytes,63660032.0
1744883520,kashef-k8s-w1.post-storage-mongodb-5579669d8c-w7cbx,container_memory_working_set_bytes,59641856.0
1744883520,kashef-k8s-ctl.user-timeline-redis-67cc95bc57-dwn45,container_memory_working_set_bytes,7942144.0
1744883520,kashef-k8s-ctl.social-graph-redis-5bbd5b7458-p8gts,container_memory_working_set_bytes,3919872.0
1744883520,kashef-k8s-ctl.home-timeline-redis-6c6647df6f-5hbsq,container_memory_working_set_bytes,4042752.0
1744883520,kashef-k8s-ctl.post-storage-memcached-6b75788fc6-mngwq,container_memory_working_set_bytes,3129344.0
1744883520,kashef-k8s-w1.social-graph-mongodb-55df767ff5-xn9hs,container_memory_working_set_bytes,59625472.0
1744883526,kashef-k8s-w1.text-service-fff64b8bf-tq7rc,container_memory_working_set_bytes,1921024.0
1744883526,kashef-k8s-ctl.user-timeline-redis-67cc95bc57-dwn45,container_memory_working_set_bytes,7942144.0
1744883526,kashef-k8s-ctl.media-mongodb-7b64c59567-cwngq,container_memory_working_set_bytes,58908672.0
1744883526,kashef-k8s-w1.user-memcached-59687c864d-n5wgx,container_memory_working_set_bytes,2605056.0
1744883526,kashef-k8s-ctl.post-storage-service-66c9966f5f-v954l,container_memory_working_set_bytes,3932160.0
1744883526,kashef-k8s-w1.url-shorten-memcached-6546746864-trxbv,container_memory_working_set_bytes,2600960.0
1744883526,kashef-k8s-w1.user-timeline-service-664c7f6696-z92fq,container_memory_working_set_bytes,2482176.0
1744883526,kashef-k8s-ctl.home-timeline-redis-6c6647df6f-5hbsq,container_memory_working_set_bytes,4042752.0
1744883526,kashef-k8s-ctl.nginx-thrift-79478f9bf5-9zm7k,container_memory_working_set_bytes,93007872.0
1744883526,kashef-k8s-ctl.user-timeline-mongodb-6758898d48-znmp7,container_memory_working_set_bytes,59531264.0
1744883526,kashef-k8s-ctl.user-mention-service-5c4f566c5-7vqxk,container_memory_working_set_bytes,2613248.0
1744883526,kashef-k8s-w1.home-timeline-service-5754ffbc6d-vtsfd,container_memory_working_set_bytes,1929216.0
1744883526,kashef-k8s-ctl.url-shorten-service-66949ddcc4-lwrt8,container_memory_working_set_bytes,2727936.0
1744883526,kashef-k8s-ctl.jaeger-67997f9775-qj544,container_memory_working_set_bytes,11321344.0
1744883526,kashef-k8s-ctl.user-service-547b88cd8f-t4c8d,container_memory_working_set_bytes,2732032.0
1744883526,kashef-k8s-w1.media-frontend-6b66b95ff4-jdmkk,container_memory_working_set_bytes,11440128.0
1744883526,kashef-k8s-ctl.url-shorten-mongodb-57c886d5f8-5f5n7,container_memory_working_set_bytes,63660032.0
1744883526,kashef-k8s-w1.media-service-6c665c775d-2lkpq,container_memory_working_set_bytes,1933312.0
1744883526,kashef-k8s-ctl.post-storage-memcached-6b75788fc6-mngwq,container_memory_working_set_bytes,3129344.0
1744883526,kashef-k8s-w1.media-memcached-7889bdfdfb-bhmrc,container_memory_working_set_bytes,2600960.0
1744883526,kashef-k8s-w1.social-graph-service-677dbc655c-5gm4m,container_memory_working_set_bytes,2473984.0
1744883526,kashef-k8s-w1.social-graph-mongodb-55df767ff5-xn9hs,container_memory_working_set_bytes,59600896.0
1744883526,kashef-k8s-w1.user-mongodb-7745bbd78-5l85k,container_memory_working_set_bytes,59502592.0
1744883526,kashef-k8s-w1.unique-id-service-694497b678-f6kk2,container_memory_working_set_bytes,1925120.0
1744883526,kashef-k8s-w1.compose-post-service-f587bf89d-rl4k4,container_memory_working_set_bytes,1921024.0
1744883526,kashef-k8s-ctl.social-graph-redis-5bbd5b7458-p8gts,container_memory_working_set_bytes,3919872.0
1744883526,kashef-k8s-w1.post-storage-mongodb-5579669d8c-w7cbx,container_memory_working_set_bytes,59641856.0
1744883532,kashef-k8s-w1.user-memcached-59687c864d-n5wgx,container_memory_working_set_bytes,2605056.0
1744883532,kashef-k8s-w1.post-storage-mongodb-5579669d8c-w7cbx,container_memory_working_set_bytes,59641856.0
1744883532,kashef-k8s-w1.user-mongodb-7745bbd78-5l85k,container_memory_working_set_bytes,59502592.0
1744883532,kashef-k8s-w1.social-graph-service-677dbc655c-5gm4m,container_memory_working_set_bytes,2473984.0
1744883532,kashef-k8s-w1.url-shorten-memcached-6546746864-trxbv,container_memory_working_set_bytes,2600960.0
1744883532,kashef-k8s-w1.social-graph-mongodb-55df767ff5-xn9hs,container_memory_working_set_bytes,59600896.0
1744883532,kashef-k8s-ctl.social-graph-redis-5bbd5b7458-p8gts,container_memory_working_set_bytes,3919872.0
1744883532,kashef-k8s-w1.compose-post-service-f587bf89d-rl4k4,container_memory_working_set_bytes,1921024.0
1744883532,kashef-k8s-ctl.post-storage-memcached-6b75788fc6-mngwq,container_memory_working_set_bytes,3129344.0
1744883532,kashef-k8s-ctl.home-timeline-redis-6c6647df6f-5hbsq,container_memory_working_set_bytes,4042752.0
1744883532,kashef-k8s-w1.media-memcached-7889bdfdfb-bhmrc,container_memory_working_set_bytes,2600960.0
1744883532,kashef-k8s-w1.user-timeline-service-664c7f6696-z92fq,container_memory_working_set_bytes,2482176.0
1744883532,kashef-k8s-ctl.post-storage-service-66c9966f5f-v954l,container_memory_working_set_bytes,3932160.0
1744883532,kashef-k8s-w1.unique-id-service-694497b678-f6kk2,container_memory_working_set_bytes,1925120.0
1744883532,kashef-k8s-ctl.url-shorten-mongodb-57c886d5f8-5f5n7,container_memory_working_set_bytes,63660032.0
1744883532,kashef-k8s-w1.media-service-6c665c775d-2lkpq,container_memory_working_set_bytes,1933312.0
1744883532,kashef-k8s-ctl.user-timeline-mongodb-6758898d48-znmp7,container_memory_working_set_bytes,59531264.0
1744883532,kashef-k8s-ctl.media-mongodb-7b64c59567-cwngq,container_memory_working_set_bytes,59015168.0
1744883532,kashef-k8s-ctl.user-mention-service-5c4f566c5-7vqxk,container_memory_working_set_bytes,2613248.0
1744883532,kashef-k8s-w1.home-timeline-service-5754ffbc6d-vtsfd,container_memory_working_set_bytes,1929216.0
1744883532,kashef-k8s-w1.text-service-fff64b8bf-tq7rc,container_memory_working_set_bytes,1921024.0
1744883532,kashef-k8s-ctl.user-timeline-redis-67cc95bc57-dwn45,container_memory_working_set_bytes,8073216.0
1744883532,kashef-k8s-w1.media-frontend-6b66b95ff4-jdmkk,container_memory_working_set_bytes,11440128.0
1744883532,kashef-k8s-ctl.user-service-547b88cd8f-t4c8d,container_memory_working_set_bytes,2732032.0
1744883532,kashef-k8s-ctl.url-shorten-service-66949ddcc4-lwrt8,container_memory_working_set_bytes,2727936.0
1744883532,kashef-k8s-ctl.jaeger-67997f9775-qj544,container_memory_working_set_bytes,11321344.0
1744883532,kashef-k8s-ctl.nginx-thrift-79478f9bf5-9zm7k,container_memory_working_set_bytes,93007872.0
1744883538,kashef-k8s-w1.social-graph-service-677dbc655c-5gm4m,container_memory_working_set_bytes,2473984.0
1744883538,kashef-k8s-w1.post-storage-mongodb-5579669d8c-w7cbx,container_memory_working_set_bytes,59641856.0
1744883538,kashef-k8s-w1.url-shorten-memcached-6546746864-trxbv,container_memory_working_set_bytes,2600960.0
1744883538,kashef-k8s-w1.social-graph-mongodb-55df767ff5-xn9hs,container_memory_working_set_bytes,59600896.0
1744883538,kashef-k8s-w1.user-memcached-59687c864d-n5wgx,container_memory_working_set_bytes,2605056.0
1744883538,kashef-k8s-ctl.home-timeline-redis-6c6647df6f-5hbsq,container_memory_working_set_bytes,4042752.0
1744883538,kashef-k8s-w1.unique-id-service-694497b678-f6kk2,container_memory_working_set_bytes,1925120.0
1744883538,kashef-k8s-ctl.post-storage-memcached-6b75788fc6-mngwq,container_memory_working_set_bytes,3129344.0
1744883538,kashef-k8s-w1.text-service-fff64b8bf-tq7rc,container_memory_working_set_bytes,1921024.0
1744883538,kashef-k8s-w1.media-memcached-7889bdfdfb-bhmrc,container_memory_working_set_bytes,2600960.0
1744883538,kashef-k8s-w1.media-service-6c665c775d-2lkpq,container_memory_working_set_bytes,1933312.0
1744883538,kashef-k8s-ctl.url-shorten-mongodb-57c886d5f8-5f5n7,container_memory_working_set_bytes,63660032.0
1744883538,kashef-k8s-ctl.post-storage-service-66c9966f5f-v954l,container_memory_working_set_bytes,3932160.0
1744883538,kashef-k8s-w1.media-frontend-6b66b95ff4-jdmkk,container_memory_working_set_bytes,66260992.0
1744883538,kashef-k8s-w1.user-mongodb-7745bbd78-5l85k,container_memory_working_set_bytes,59502592.0
1744883538,kashef-k8s-ctl.social-graph-redis-5bbd5b7458-p8gts,container_memory_working_set_bytes,4079616.0
1744883538,kashef-k8s-ctl.jaeger-67997f9775-qj544,container_memory_working_set_bytes,11321344.0
1744883538,kashef-k8s-w1.compose-post-service-f587bf89d-rl4k4,container_memory_working_set_bytes,1921024.0
1744883538,kashef-k8s-ctl.nginx-thrift-79478f9bf5-9zm7k,container_memory_working_set_bytes,93007872.0
1744883538,kashef-k8s-ctl.url-shorten-service-66949ddcc4-lwrt8,container_memory_working_set_bytes,3006464.0
1744883538,kashef-k8s-w1.user-timeline-service-664c7f6696-z92fq,container_memory_working_set_bytes,2482176.0
1744883538,kashef-k8s-w1.home-timeline-service-5754ffbc6d-vtsfd,container_memory_working_set_bytes,1929216.0
1744883538,kashef-k8s-ctl.media-mongodb-7b64c59567-cwngq,container_memory_working_set_bytes,59015168.0
1744883538,kashef-k8s-ctl.user-timeline-mongodb-6758898d48-znmp7,container_memory_working_set_bytes,59518976.0
1744883538,kashef-k8s-ctl.user-timeline-redis-67cc95bc57-dwn45,container_memory_working_set_bytes,8073216.0
1744883538,kashef-k8s-ctl.user-mention-service-5c4f566c5-7vqxk,container_memory_working_set_bytes,2613248.0
1744883538,kashef-k8s-ctl.user-service-547b88cd8f-t4c8d,container_memory_working_set_bytes,2732032.0
1744883544,kashef-k8s-w1.media-frontend-6b66b95ff4-jdmkk,container_memory_working_set_bytes,66260992.0
1744883544,kashef-k8s-w1.user-memcached-59687c864d-n5wgx,container_memory_working_set_bytes,2605056.0
1744883544,kashef-k8s-w1.compose-post-service-f587bf89d-rl4k4,container_memory_working_set_bytes,2322432.0
1744883544,kashef-k8s-ctl.social-graph-redis-5bbd5b7458-p8gts,container_memory_working_set_bytes,4079616.0
1744883544,kashef-k8s-w1.user-mongodb-7745bbd78-5l85k,container_memory_working_set_bytes,60207104.0
1744883544,kashef-k8s-w1.unique-id-service-694497b678-f6kk2,container_memory_working_set_bytes,1925120.0
1744883544,kashef-k8s-ctl.home-timeline-redis-6c6647df6f-5hbsq,container_memory_working_set_bytes,4042752.0
1744883544,kashef-k8s-w1.user-timeline-service-664c7f6696-z92fq,container_memory_working_set_bytes,2482176.0
1744883544,kashef-k8s-ctl.url-shorten-service-66949ddcc4-lwrt8,container_memory_working_set_bytes,3006464.0
1744883544,kashef-k8s-ctl.nginx-thrift-79478f9bf5-9zm7k,container_memory_working_set_bytes,93007872.0
1744883544,kashef-k8s-ctl.url-shorten-mongodb-57c886d5f8-5f5n7,container_memory_working_set_bytes,63639552.0
1744883544,kashef-k8s-w1.text-service-fff64b8bf-tq7rc,container_memory_working_set_bytes,2113536.0
1744883544,kashef-k8s-ctl.user-timeline-redis-67cc95bc57-dwn45,container_memory_working_set_bytes,8073216.0
1744883544,kashef-k8s-w1.home-timeline-service-5754ffbc6d-vtsfd,container_memory_working_set_bytes,1929216.0
1744883544,kashef-k8s-w1.media-service-6c665c775d-2lkpq,container_memory_working_set_bytes,1933312.0
1744883544,kashef-k8s-w1.social-graph-mongodb-55df767ff5-xn9hs,container_memory_working_set_bytes,59600896.0
1744883544,kashef-k8s-w1.url-shorten-memcached-6546746864-trxbv,container_memory_working_set_bytes,2600960.0
1744883544,kashef-k8s-w1.media-memcached-7889bdfdfb-bhmrc,container_memory_working_set_bytes,2600960.0
1744883544,kashef-k8s-ctl.user-mention-service-5c4f566c5-7vqxk,container_memory_working_set_bytes,2781184.0
1744883544,kashef-k8s-ctl.user-service-547b88cd8f-t4c8d,container_memory_working_set_bytes,2732032.0
1744883544,kashef-k8s-ctl.post-storage-service-66c9966f5f-v954l,container_memory_working_set_bytes,3932160.0
1744883544,kashef-k8s-w1.social-graph-service-677dbc655c-5gm4m,container_memory_working_set_bytes,2473984.0
1744883544,kashef-k8s-ctl.jaeger-67997f9775-qj544,container_memory_working_set_bytes,11321344.0
1744883544,kashef-k8s-ctl.media-mongodb-7b64c59567-cwngq,container_memory_working_set_bytes,59015168.0
1744883544,kashef-k8s-ctl.user-timeline-mongodb-6758898d48-znmp7,container_memory_working_set_bytes,59518976.0
1744883544,kashef-k8s-ctl.post-storage-memcached-6b75788fc6-mngwq,container_memory_working_set_bytes,3129344.0
1744883544,kashef-k8s-w1.post-storage-mongodb-5579669d8c-w7cbx,container_memory_working_set_bytes,59641856.0
1744883550,kashef-k8s-w1.post-storage-mongodb-5579669d8c-w7cbx,container_memory_working_set_bytes,59879424.0
1744883550,kashef-k8s-w1.media-frontend-6b66b95ff4-jdmkk,container_memory_working_set_bytes,66260992.0
1744883550,kashef-k8s-ctl.user-timeline-mongodb-6758898d48-znmp7,container_memory_working_set_bytes,59518976.0
1744883550,kashef-k8s-ctl.jaeger-67997f9775-qj544,container_memory_working_set_bytes,11321344.0
1744883550,kashef-k8s-w1.user-mongodb-7745bbd78-5l85k,container_memory_working_set_bytes,60207104.0
1744883550,kashef-k8s-ctl.home-timeline-redis-6c6647df6f-5hbsq,container_memory_working_set_bytes,4042752.0
1744883550,kashef-k8s-ctl.media-mongodb-7b64c59567-cwngq,container_memory_working_set_bytes,59015168.0
1744883550,kashef-k8s-w1.social-graph-service-677dbc655c-5gm4m,container_memory_working_set_bytes,2641920.0
1744883550,kashef-k8s-w1.media-memcached-7889bdfdfb-bhmrc,container_memory_working_set_bytes,2600960.0
1744883550,kashef-k8s-ctl.user-mention-service-5c4f566c5-7vqxk,container_memory_working_set_bytes,2781184.0
1744883550,kashef-k8s-w1.url-shorten-memcached-6546746864-trxbv,container_memory_working_set_bytes,2600960.0
1744883550,kashef-k8s-w1.unique-id-service-694497b678-f6kk2,container_memory_working_set_bytes,2011136.0
1744883550,kashef-k8s-ctl.url-shorten-service-66949ddcc4-lwrt8,container_memory_working_set_bytes,3006464.0
1744883550,kashef-k8s-w1.user-timeline-service-664c7f6696-z92fq,container_memory_working_set_bytes,2985984.0
1744883550,kashef-k8s-ctl.post-storage-service-66c9966f5f-v954l,container_memory_working_set_bytes,3932160.0
1744883550,kashef-k8s-ctl.user-service-547b88cd8f-t4c8d,container_memory_working_set_bytes,2732032.0
1744883550,kashef-k8s-w1.media-service-6c665c775d-2lkpq,container_memory_working_set_bytes,2015232.0
1744883550,kashef-k8s-w1.social-graph-mongodb-55df767ff5-xn9hs,container_memory_working_set_bytes,60002304.0
1744883550,kashef-k8s-w1.home-timeline-service-5754ffbc6d-vtsfd,container_memory_working_set_bytes,2625536.0
1744883550,kashef-k8s-ctl.url-shorten-mongodb-57c886d5f8-5f5n7,container_memory_working_set_bytes,63639552.0
1744883550,kashef-k8s-ctl.user-timeline-redis-67cc95bc57-dwn45,container_memory_working_set_bytes,8073216.0
1744883550,kashef-k8s-w1.user-memcached-59687c864d-n5wgx,container_memory_working_set_bytes,2711552.0
1744883550,kashef-k8s-ctl.post-storage-memcached-6b75788fc6-mngwq,container_memory_working_set_bytes,3129344.0
1744883550,kashef-k8s-w1.compose-post-service-f587bf89d-rl4k4,container_memory_working_set_bytes,2322432.0
1744883550,kashef-k8s-ctl.nginx-thrift-79478f9bf5-9zm7k,container_memory_working_set_bytes,93007872.0
1744883550,kashef-k8s-w1.text-service-fff64b8bf-tq7rc,container_memory_working_set_bytes,2113536.0
1744883550,kashef-k8s-ctl.social-graph-redis-5bbd5b7458-p8gts,container_memory_working_set_bytes,4079616.0
1744883556,kashef-k8s-ctl.home-timeline-redis-6c6647df6f-5hbsq,container_memory_working_set_bytes,4042752.0
1744883556,kashef-k8s-w1.user-mongodb-7745bbd78-5l85k,container_memory_working_set_bytes,60207104.0
1744883556,kashef-k8s-ctl.media-mongodb-7b64c59567-cwngq,container_memory_working_set_bytes,59015168.0
1744883556,kashef-k8s-w1.media-frontend-6b66b95ff4-jdmkk,container_memory_working_set_bytes,66260992.0
1744883556,kashef-k8s-w1.social-graph-service-677dbc655c-5gm4m,container_memory_working_set_bytes,2641920.0
1744883556,kashef-k8s-w1.social-graph-mongodb-55df767ff5-xn9hs,container_memory_working_set_bytes,60002304.0
1744883556,kashef-k8s-ctl.post-storage-service-66c9966f5f-v954l,container_memory_working_set_bytes,3932160.0
1744883556,kashef-k8s-ctl.url-shorten-service-66949ddcc4-lwrt8,container_memory_working_set_bytes,3006464.0
1744883556,kashef-k8s-ctl.user-mention-service-5c4f566c5-7vqxk,container_memory_working_set_bytes,2834432.0
1744883556,kashef-k8s-w1.media-memcached-7889bdfdfb-bhmrc,container_memory_working_set_bytes,2600960.0
1744883556,kashef-k8s-ctl.user-service-547b88cd8f-t4c8d,container_memory_working_set_bytes,2732032.0
1744883556,kashef-k8s-w1.user-timeline-service-664c7f6696-z92fq,container_memory_working_set_bytes,2985984.0
1744883556,kashef-k8s-w1.unique-id-service-694497b678-f6kk2,container_memory_working_set_bytes,2011136.0
1744883556,kashef-k8s-ctl.jaeger-67997f9775-qj544,container_memory_working_set_bytes,11321344.0
1744883556,kashef-k8s-ctl.user-timeline-mongodb-6758898d48-znmp7,container_memory_working_set_bytes,59518976.0
1744883556,kashef-k8s-w1.compose-post-service-f587bf89d-rl4k4,container_memory_working_set_bytes,2322432.0
1744883556,kashef-k8s-w1.media-service-6c665c775d-2lkpq,container_memory_working_set_bytes,2015232.0
1744883556,kashef-k8s-w1.url-shorten-memcached-6546746864-trxbv,container_memory_working_set_bytes,2600960.0
1744883556,kashef-k8s-w1.text-service-fff64b8bf-tq7rc,container_memory_working_set_bytes,2113536.0
1744883556,kashef-k8s-ctl.nginx-thrift-79478f9bf5-9zm7k,container_memory_working_set_bytes,93007872.0
1744883556,kashef-k8s-ctl.social-graph-redis-5bbd5b7458-p8gts,container_memory_working_set_bytes,4079616.0
1744883556,kashef-k8s-ctl.user-timeline-redis-67cc95bc57-dwn45,container_memory_working_set_bytes,8073216.0
1744883556,kashef-k8s-ctl.url-shorten-mongodb-57c886d5f8-5f5n7,container_memory_working_set_bytes,63639552.0
1744883556,kashef-k8s-w1.home-timeline-service-5754ffbc6d-vtsfd,container_memory_working_set_bytes,2625536.0
1744883556,kashef-k8s-w1.user-memcached-59687c864d-n5wgx,container_memory_working_set_bytes,2711552.0
1744883556,kashef-k8s-w1.post-storage-mongodb-5579669d8c-w7cbx,container_memory_working_set_bytes,59879424.0
1744883556,kashef-k8s-ctl.post-storage-memcached-6b75788fc6-mngwq,container_memory_working_set_bytes,3129344.0
1744883562,kashef-k8s-ctl.url-shorten-mongodb-57c886d5f8-5f5n7,container_memory_working_set_bytes,64073728.0
1744883562,kashef-k8s-ctl.user-timeline-redis-67cc95bc57-dwn45,container_memory_working_set_bytes,7983104.0
1744883562,kashef-k8s-ctl.media-mongodb-7b64c59567-cwngq,container_memory_working_set_bytes,59015168.0
1744883562,kashef-k8s-w1.user-mongodb-7745bbd78-5l85k,container_memory_working_set_bytes,60207104.0
1744883562,kashef-k8s-w1.social-graph-service-677dbc655c-5gm4m,container_memory_working_set_bytes,2641920.0
1744883562,kashef-k8s-ctl.home-timeline-redis-6c6647df6f-5hbsq,container_memory_working_set_bytes,4042752.0
1744883562,kashef-k8s-w1.user-timeline-service-664c7f6696-z92fq,container_memory_working_set_bytes,2985984.0
1744883562,kashef-k8s-ctl.user-service-547b88cd8f-t4c8d,container_memory_working_set_bytes,2940928.0
1744883562,kashef-k8s-w1.social-graph-mongodb-55df767ff5-xn9hs,container_memory_working_set_bytes,60002304.0
1744883562,kashef-k8s-w1.home-timeline-service-5754ffbc6d-vtsfd,container_memory_working_set_bytes,2625536.0
1744883562,kashef-k8s-w1.media-service-6c665c775d-2lkpq,container_memory_working_set_bytes,2015232.0
1744883562,kashef-k8s-ctl.user-timeline-mongodb-6758898d48-znmp7,container_memory_working_set_bytes,59518976.0
1744883562,kashef-k8s-ctl.url-shorten-service-66949ddcc4-lwrt8,container_memory_working_set_bytes,3006464.0
1744883562,kashef-k8s-ctl.user-mention-service-5c4f566c5-7vqxk,container_memory_working_set_bytes,2834432.0
1744883562,kashef-k8s-ctl.social-graph-redis-5bbd5b7458-p8gts,container_memory_working_set_bytes,4214784.0
1744883562,kashef-k8s-ctl.post-storage-service-66c9966f5f-v954l,container_memory_working_set_bytes,4247552.0
1744883562,kashef-k8s-w1.media-memcached-7889bdfdfb-bhmrc,container_memory_working_set_bytes,2600960.0
1744883562,kashef-k8s-w1.unique-id-service-694497b678-f6kk2,container_memory_working_set_bytes,2011136.0
1744883562,kashef-k8s-ctl.nginx-thrift-79478f9bf5-9zm7k,container_memory_working_set_bytes,93007872.0
1744883562,kashef-k8s-w1.text-service-fff64b8bf-tq7rc,container_memory_working_set_bytes,2113536.0
1744883562,kashef-k8s-w1.url-shorten-memcached-6546746864-trxbv,container_memory_working_set_bytes,2600960.0
1744883562,kashef-k8s-w1.media-frontend-6b66b95ff4-jdmkk,container_memory_working_set_bytes,66260992.0
1744883562,kashef-k8s-w1.user-memcached-59687c864d-n5wgx,container_memory_working_set_bytes,2711552.0
1744883562,kashef-k8s-ctl.post-storage-memcached-6b75788fc6-mngwq,container_memory_working_set_bytes,3129344.0
1744883562,kashef-k8s-w1.post-storage-mongodb-5579669d8c-w7cbx,container_memory_working_set_bytes,59879424.0
1744883562,kashef-k8s-ctl.jaeger-67997f9775-qj544,container_memory_working_set_bytes,12451840.0
1744883562,kashef-k8s-w1.compose-post-service-f587bf89d-rl4k4,container_memory_working_set_bytes,2322432.0
1744883568,kashef-k8s-w1.user-memcached-59687c864d-n5wgx,container_memory_working_set_bytes,2711552.0
1744883568,kashef-k8s-w1.post-storage-mongodb-5579669d8c-w7cbx,container_memory_working_set_bytes,59879424.0
1744883568,kashef-k8s-ctl.jaeger-67997f9775-qj544,container_memory_working_set_bytes,12451840.0
1744883568,kashef-k8s-ctl.post-storage-memcached-6b75788fc6-mngwq,container_memory_working_set_bytes,3129344.0
1744883568,kashef-k8s-w1.compose-post-service-f587bf89d-rl4k4,container_memory_working_set_bytes,2322432.0
1744883568,kashef-k8s-ctl.social-graph-redis-5bbd5b7458-p8gts,container_memory_working_set_bytes,4214784.0
1744883568,kashef-k8s-w1.text-service-fff64b8bf-tq7rc,container_memory_working_set_bytes,2113536.0
1744883568,kashef-k8s-w1.media-frontend-6b66b95ff4-jdmkk,container_memory_working_set_bytes,66260992.0
1744883568,kashef-k8s-w1.url-shorten-memcached-6546746864-trxbv,container_memory_working_set_bytes,2600960.0
1744883568,kashef-k8s-w1.home-timeline-service-5754ffbc6d-vtsfd,container_memory_working_set_bytes,2625536.0
1744883568,kashef-k8s-ctl.user-mention-service-5c4f566c5-7vqxk,container_memory_working_set_bytes,2834432.0
1744883568,kashef-k8s-w1.media-service-6c665c775d-2lkpq,container_memory_working_set_bytes,2015232.0
1744883568,kashef-k8s-ctl.url-shorten-service-66949ddcc4-lwrt8,container_memory_working_set_bytes,2838528.0
1744883568,kashef-k8s-w1.unique-id-service-694497b678-f6kk2,container_memory_working_set_bytes,2011136.0
1744883568,kashef-k8s-w1.media-memcached-7889bdfdfb-bhmrc,container_memory_working_set_bytes,2600960.0
1744883568,kashef-k8s-ctl.post-storage-service-66c9966f5f-v954l,container_memory_working_set_bytes,4247552.0
1744883568,kashef-k8s-w1.user-timeline-service-664c7f6696-z92fq,container_memory_working_set_bytes,2985984.0
1744883568,kashef-k8s-w1.social-graph-mongodb-55df767ff5-xn9hs,container_memory_working_set_bytes,60002304.0
1744883568,kashef-k8s-w1.user-mongodb-7745bbd78-5l85k,container_memory_working_set_bytes,60207104.0
1744883568,kashef-k8s-ctl.user-timeline-mongodb-6758898d48-znmp7,container_memory_working_set_bytes,60022784.0
1744883568,kashef-k8s-ctl.nginx-thrift-79478f9bf5-9zm7k,container_memory_working_set_bytes,97677312.0
1744883568,kashef-k8s-ctl.home-timeline-redis-6c6647df6f-5hbsq,container_memory_working_set_bytes,3952640.0
1744883568,kashef-k8s-w1.social-graph-service-677dbc655c-5gm4m,container_memory_working_set_bytes,2641920.0
1744883568,kashef-k8s-ctl.user-timeline-redis-67cc95bc57-dwn45,container_memory_working_set_bytes,7983104.0
1744883568,kashef-k8s-ctl.url-shorten-mongodb-57c886d5f8-5f5n7,container_memory_working_set_bytes,64073728.0
1744883568,kashef-k8s-ctl.media-mongodb-7b64c59567-cwngq,container_memory_working_set_bytes,59146240.0
1744883568,kashef-k8s-ctl.user-service-547b88cd8f-t4c8d,container_memory_working_set_bytes,2940928.0
1744883574,kashef-k8s-w1.media-frontend-6b66b95ff4-jdmkk,container_memory_working_set_bytes,66260992.0
1744883574,kashef-k8s-w1.compose-post-service-f587bf89d-rl4k4,container_memory_working_set_bytes,2379776.0
1744883574,kashef-k8s-ctl.post-storage-memcached-6b75788fc6-mngwq,container_memory_working_set_bytes,3129344.0
1744883574,kashef-k8s-w1.post-storage-mongodb-5579669d8c-w7cbx,container_memory_working_set_bytes,60227584.0
1744883574,kashef-k8s-w1.text-service-fff64b8bf-tq7rc,container_memory_working_set_bytes,2174976.0
1744883574,kashef-k8s-ctl.user-mention-service-5c4f566c5-7vqxk,container_memory_working_set_bytes,2834432.0
1744883574,kashef-k8s-w1.home-timeline-service-5754ffbc6d-vtsfd,container_memory_working_set_bytes,2625536.0
1744883574,kashef-k8s-w1.social-graph-mongodb-55df767ff5-xn9hs,container_memory_working_set_bytes,60002304.0
1744883574,kashef-k8s-w1.media-memcached-7889bdfdfb-bhmrc,container_memory_working_set_bytes,2600960.0
1744883574,kashef-k8s-ctl.post-storage-service-66c9966f5f-v954l,container_memory_working_set_bytes,4247552.0
1744883574,kashef-k8s-w1.unique-id-service-694497b678-f6kk2,container_memory_working_set_bytes,2011136.0
1744883574,kashef-k8s-ctl.url-shorten-service-66949ddcc4-lwrt8,container_memory_working_set_bytes,2838528.0
1744883574,kashef-k8s-w1.url-shorten-memcached-6546746864-trxbv,container_memory_working_set_bytes,2600960.0
1744883574,kashef-k8s-w1.media-service-6c665c775d-2lkpq,container_memory_working_set_bytes,2015232.0
1744883574,kashef-k8s-ctl.jaeger-67997f9775-qj544,container_memory_working_set_bytes,12451840.0
1744883574,kashef-k8s-ctl.nginx-thrift-79478f9bf5-9zm7k,container_memory_working_set_bytes,97677312.0
1744883574,kashef-k8s-ctl.home-timeline-redis-6c6647df6f-5hbsq,container_memory_working_set_bytes,3952640.0
1744883574,kashef-k8s-ctl.media-mongodb-7b64c59567-cwngq,container_memory_working_set_bytes,59146240.0
1744883574,kashef-k8s-w1.social-graph-service-677dbc655c-5gm4m,container_memory_working_set_bytes,2641920.0
1744883574,kashef-k8s-w1.user-timeline-service-664c7f6696-z92fq,container_memory_working_set_bytes,2985984.0
1744883574,kashef-k8s-ctl.user-service-547b88cd8f-t4c8d,container_memory_working_set_bytes,2940928.0
1744883574,kashef-k8s-w1.user-mongodb-7745bbd78-5l85k,container_memory_working_set_bytes,60207104.0
1744883574,kashef-k8s-ctl.social-graph-redis-5bbd5b7458-p8gts,container_memory_working_set_bytes,4214784.0
1744883574,kashef-k8s-ctl.user-timeline-mongodb-6758898d48-znmp7,container_memory_working_set_bytes,60022784.0
1744883574,kashef-k8s-ctl.url-shorten-mongodb-57c886d5f8-5f5n7,container_memory_working_set_bytes,64073728.0
1744883574,kashef-k8s-ctl.user-timeline-redis-67cc95bc57-dwn45,container_memory_working_set_bytes,7983104.0
1744883574,kashef-k8s-w1.user-memcached-59687c864d-n5wgx,container_memory_working_set_bytes,2711552.0
1744883580,kashef-k8s-ctl.post-storage-memcached-6b75788fc6-mngwq,container_memory_working_set_bytes,3129344.0
1744883580,kashef-k8s-w1.user-memcached-59687c864d-n5wgx,container_memory_working_set_bytes,2711552.0
1744883580,kashef-k8s-w1.user-mongodb-7745bbd78-5l85k,container_memory_working_set_bytes,60076032.0
1744883580,kashef-k8s-ctl.social-graph-redis-5bbd5b7458-p8gts,container_memory_working_set_bytes,4214784.0
1744883580,kashef-k8s-ctl.media-mongodb-7b64c59567-cwngq,container_memory_working_set_bytes,59146240.0
1744883580,kashef-k8s-ctl.user-service-547b88cd8f-t4c8d,container_memory_working_set_bytes,2940928.0
1744883580,kashef-k8s-w1.social-graph-service-677dbc655c-5gm4m,container_memory_working_set_bytes,2752512.0
1744883580,kashef-k8s-w1.home-timeline-service-5754ffbc6d-vtsfd,container_memory_working_set_bytes,2383872.0
1744883580,kashef-k8s-ctl.user-mention-service-5c4f566c5-7vqxk,container_memory_working_set_bytes,2834432.0
1744883580,kashef-k8s-w1.media-memcached-7889bdfdfb-bhmrc,container_memory_working_set_bytes,2600960.0
1744883580,kashef-k8s-w1.url-shorten-memcached-6546746864-trxbv,container_memory_working_set_bytes,2600960.0
1744883580,kashef-k8s-w1.media-service-6c665c775d-2lkpq,container_memory_working_set_bytes,2007040.0
1744883580,kashef-k8s-w1.social-graph-mongodb-55df767ff5-xn9hs,container_memory_working_set_bytes,60002304.0
1744883580,kashef-k8s-ctl.url-shorten-mongodb-57c886d5f8-5f5n7,container_memory_working_set_bytes,64073728.0
1744883580,kashef-k8s-ctl.user-timeline-redis-67cc95bc57-dwn45,container_memory_working_set_bytes,7983104.0
1744883580,kashef-k8s-w1.text-service-fff64b8bf-tq7rc,container_memory_working_set_bytes,2174976.0
1744883580,kashef-k8s-ctl.post-storage-service-66c9966f5f-v954l,container_memory_working_set_bytes,4247552.0
1744883580,kashef-k8s-w1.unique-id-service-694497b678-f6kk2,container_memory_working_set_bytes,2011136.0
1744883580,kashef-k8s-w1.user-timeline-service-664c7f6696-z92fq,container_memory_working_set_bytes,3448832.0
1744883580,kashef-k8s-ctl.url-shorten-service-66949ddcc4-lwrt8,container_memory_working_set_bytes,2838528.0
1744883580,kashef-k8s-ctl.nginx-thrift-79478f9bf5-9zm7k,container_memory_working_set_bytes,97677312.0
1744883580,kashef-k8s-ctl.home-timeline-redis-6c6647df6f-5hbsq,container_memory_working_set_bytes,3952640.0
1744883580,kashef-k8s-w1.media-frontend-6b66b95ff4-jdmkk,container_memory_working_set_bytes,66260992.0
1744883580,kashef-k8s-ctl.jaeger-67997f9775-qj544,container_memory_working_set_bytes,12451840.0
1744883580,kashef-k8s-ctl.user-timeline-mongodb-6758898d48-znmp7,container_memory_working_set_bytes,60022784.0
1744883580,kashef-k8s-w1.compose-post-service-f587bf89d-rl4k4,container_memory_working_set_bytes,2379776.0
1744883580,kashef-k8s-w1.post-storage-mongodb-5579669d8c-w7cbx,container_memory_working_set_bytes,60227584.0
1744883586,kashef-k8s-ctl.home-timeline-redis-6c6647df6f-5hbsq,container_memory_working_set_bytes,3952640.0
1744883586,kashef-k8s-ctl.post-storage-memcached-6b75788fc6-mngwq,container_memory_working_set_bytes,3129344.0
1744883586,kashef-k8s-w1.compose-post-service-f587bf89d-rl4k4,container_memory_working_set_bytes,2379776.0
1744883586,kashef-k8s-w1.social-graph-mongodb-55df767ff5-xn9hs,container_memory_working_set_bytes,60198912.0
1744883586,kashef-k8s-w1.social-graph-service-677dbc655c-5gm4m,container_memory_working_set_bytes,2752512.0
1744883586,kashef-k8s-w1.url-shorten-memcached-6546746864-trxbv,container_memory_working_set_bytes,2600960.0
1744883586,kashef-k8s-w1.media-service-6c665c775d-2lkpq,container_memory_working_set_bytes,2007040.0
1744883586,kashef-k8s-w1.home-timeline-service-5754ffbc6d-vtsfd,container_memory_working_set_bytes,2383872.0
1744883586,kashef-k8s-w1.text-service-fff64b8bf-tq7rc,container_memory_working_set_bytes,2174976.0
1744883586,kashef-k8s-ctl.nginx-thrift-79478f9bf5-9zm7k,container_memory_working_set_bytes,97677312.0
1744883586,kashef-k8s-ctl.post-storage-service-66c9966f5f-v954l,container_memory_working_set_bytes,4247552.0
1744883586,kashef-k8s-w1.unique-id-service-694497b678-f6kk2,container_memory_working_set_bytes,2011136.0
1744883586,kashef-k8s-ctl.url-shorten-service-66949ddcc4-lwrt8,container_memory_working_set_bytes,2838528.0
1744883586,kashef-k8s-ctl.media-mongodb-7b64c59567-cwngq,container_memory_working_set_bytes,59146240.0
1744883586,kashef-k8s-ctl.user-service-547b88cd8f-t4c8d,container_memory_working_set_bytes,2940928.0
1744883586,kashef-k8s-ctl.jaeger-67997f9775-qj544,container_memory_working_set_bytes,12451840.0
1744883586,kashef-k8s-ctl.url-shorten-mongodb-57c886d5f8-5f5n7,container_memory_working_set_bytes,64073728.0
1744883586,kashef-k8s-ctl.user-timeline-redis-67cc95bc57-dwn45,container_memory_working_set_bytes,7983104.0
1744883586,kashef-k8s-ctl.social-graph-redis-5bbd5b7458-p8gts,container_memory_working_set_bytes,4214784.0
1744883586,kashef-k8s-w1.user-timeline-service-664c7f6696-z92fq,container_memory_working_set_bytes,3448832.0
1744883586,kashef-k8s-ctl.user-mention-service-5c4f566c5-7vqxk,container_memory_working_set_bytes,2834432.0
1744883586,kashef-k8s-w1.post-storage-mongodb-5579669d8c-w7cbx,container_memory_working_set_bytes,60227584.0
1744883586,kashef-k8s-ctl.user-timeline-mongodb-6758898d48-znmp7,container_memory_working_set_bytes,60301312.0
1744883586,kashef-k8s-w1.media-memcached-7889bdfdfb-bhmrc,container_memory_working_set_bytes,2600960.0
1744883586,kashef-k8s-w1.user-memcached-59687c864d-n5wgx,container_memory_working_set_bytes,2711552.0
1744883586,kashef-k8s-w1.user-mongodb-7745bbd78-5l85k,container_memory_working_set_bytes,60076032.0
1744883586,kashef-k8s-w1.media-frontend-6b66b95ff4-jdmkk,container_memory_working_set_bytes,66260992.0
1744883592,kashef-k8s-w1.user-memcached-59687c864d-n5wgx,container_memory_working_set_bytes,2711552.0
1744883592,kashef-k8s-w1.media-frontend-6b66b95ff4-jdmkk,container_memory_working_set_bytes,66260992.0
1744883592,kashef-k8s-ctl.post-storage-memcached-6b75788fc6-mngwq,container_memory_working_set_bytes,3129344.0
1744883592,kashef-k8s-ctl.user-timeline-mongodb-6758898d48-znmp7,container_memory_working_set_bytes,60301312.0
1744883592,kashef-k8s-w1.user-timeline-service-664c7f6696-z92fq,container_memory_working_set_bytes,3448832.0
1744883592,kashef-k8s-ctl.user-mention-service-5c4f566c5-7vqxk,container_memory_working_set_bytes,2834432.0
1744883592,kashef-k8s-w1.post-storage-mongodb-5579669d8c-w7cbx,container_memory_working_set_bytes,60227584.0
1744883592,kashef-k8s-ctl.url-shorten-service-66949ddcc4-lwrt8,container_memory_working_set_bytes,2863104.0
1744883592,kashef-k8s-w1.media-service-6c665c775d-2lkpq,container_memory_working_set_bytes,2007040.0
1744883592,kashef-k8s-ctl.media-mongodb-7b64c59567-cwngq,container_memory_working_set_bytes,59146240.0
1744883592,kashef-k8s-ctl.url-shorten-mongodb-57c886d5f8-5f5n7,container_memory_working_set_bytes,64073728.0
1744883592,kashef-k8s-ctl.user-timeline-redis-67cc95bc57-dwn45,container_memory_working_set_bytes,7983104.0
1744883592,kashef-k8s-ctl.social-graph-redis-5bbd5b7458-p8gts,container_memory_working_set_bytes,4214784.0
1744883592,kashef-k8s-ctl.jaeger-67997f9775-qj544,container_memory_working_set_bytes,12451840.0
1744883592,kashef-k8s-w1.user-mongodb-7745bbd78-5l85k,container_memory_working_set_bytes,60076032.0
1744883592,kashef-k8s-w1.unique-id-service-694497b678-f6kk2,container_memory_working_set_bytes,2011136.0
1744883592,kashef-k8s-w1.home-timeline-service-5754ffbc6d-vtsfd,container_memory_working_set_bytes,2383872.0
1744883592,kashef-k8s-w1.media-memcached-7889bdfdfb-bhmrc,container_memory_working_set_bytes,2600960.0
1744883592,kashef-k8s-w1.url-shorten-memcached-6546746864-trxbv,container_memory_working_set_bytes,2600960.0
1744883592,kashef-k8s-w1.social-graph-service-677dbc655c-5gm4m,container_memory_working_set_bytes,2752512.0
1744883592,kashef-k8s-ctl.user-service-547b88cd8f-t4c8d,container_memory_working_set_bytes,2940928.0
1744883592,kashef-k8s-ctl.home-timeline-redis-6c6647df6f-5hbsq,container_memory_working_set_bytes,3944448.0
1744883592,kashef-k8s-ctl.nginx-thrift-79478f9bf5-9zm7k,container_memory_working_set_bytes,97677312.0
1744883592,kashef-k8s-w1.compose-post-service-f587bf89d-rl4k4,container_memory_working_set_bytes,2379776.0
1744883592,kashef-k8s-w1.text-service-fff64b8bf-tq7rc,container_memory_working_set_bytes,2174976.0
1744883592,kashef-k8s-ctl.post-storage-service-66c9966f5f-v954l,container_memory_working_set_bytes,4247552.0
1744883592,kashef-k8s-w1.social-graph-mongodb-55df767ff5-xn9hs,container_memory_working_set_bytes,60198912.0
1744883598,kashef-k8s-w1.media-service-6c665c775d-2lkpq,container_memory_working_set_bytes,2007040.0
1744883598,kashef-k8s-w1.post-storage-mongodb-5579669d8c-w7cbx,container_memory_working_set_bytes,60227584.0
1744883598,kashef-k8s-ctl.user-mention-service-5c4f566c5-7vqxk,container_memory_working_set_bytes,2818048.0
1744883598,kashef-k8s-w1.user-timeline-service-664c7f6696-z92fq,container_memory_working_set_bytes,3448832.0
1744883598,kashef-k8s-ctl.jaeger-67997f9775-qj544,container_memory_working_set_bytes,12623872.0
1744883598,kashef-k8s-w1.text-service-fff64b8bf-tq7rc,container_memory_working_set_bytes,2174976.0
1744883598,kashef-k8s-ctl.url-shorten-service-66949ddcc4-lwrt8,container_memory_working_set_bytes,2863104.0
1744883598,kashef-k8s-ctl.url-shorten-mongodb-57c886d5f8-5f5n7,container_memory_working_set_bytes,64729088.0
1744883598,kashef-k8s-ctl.media-mongodb-7b64c59567-cwngq,container_memory_working_set_bytes,59428864.0
1744883598,kashef-k8s-w1.user-mongodb-7745bbd78-5l85k,container_memory_working_set_bytes,60076032.0
1744883598,kashef-k8s-w1.unique-id-service-694497b678-f6kk2,container_memory_working_set_bytes,2011136.0
1744883598,kashef-k8s-ctl.social-graph-redis-5bbd5b7458-p8gts,container_memory_working_set_bytes,4214784.0
1744883598,kashef-k8s-w1.user-memcached-59687c864d-n5wgx,container_memory_working_set_bytes,2711552.0
1744883598,kashef-k8s-ctl.user-timeline-mongodb-6758898d48-znmp7,container_memory_working_set_bytes,60301312.0
1744883598,kashef-k8s-w1.media-frontend-6b66b95ff4-jdmkk,container_memory_working_set_bytes,66260992.0
1744883598,kashef-k8s-w1.url-shorten-memcached-6546746864-trxbv,container_memory_working_set_bytes,2600960.0
1744883598,kashef-k8s-ctl.user-service-547b88cd8f-t4c8d,container_memory_working_set_bytes,2940928.0
1744883598,kashef-k8s-w1.media-memcached-7889bdfdfb-bhmrc,container_memory_working_set_bytes,2600960.0
1744883598,kashef-k8s-w1.social-graph-mongodb-55df767ff5-xn9hs,container_memory_working_set_bytes,60198912.0
1744883598,kashef-k8s-ctl.post-storage-service-66c9966f5f-v954l,container_memory_working_set_bytes,4481024.0
1744883598,kashef-k8s-ctl.home-timeline-redis-6c6647df6f-5hbsq,container_memory_working_set_bytes,3944448.0
1744883598,kashef-k8s-w1.social-graph-service-677dbc655c-5gm4m,container_memory_working_set_bytes,2752512.0
1744883598,kashef-k8s-ctl.user-timeline-redis-67cc95bc57-dwn45,container_memory_working_set_bytes,7983104.0
1744883598,kashef-k8s-w1.home-timeline-service-5754ffbc6d-vtsfd,container_memory_working_set_bytes,2383872.0
1744883598,kashef-k8s-w1.compose-post-service-f587bf89d-rl4k4,container_memory_working_set_bytes,2379776.0
1744883598,kashef-k8s-ctl.nginx-thrift-79478f9bf5-9zm7k,container_memory_working_set_bytes,97677312.0
1744883598,kashef-k8s-ctl.post-storage-memcached-6b75788fc6-mngwq,container_memory_working_set_bytes,3129344.0
1744883604,kashef-k8s-w1.compose-post-service-f587bf89d-rl4k4,container_memory_working_set_bytes,2633728.0
1744883604,kashef-k8s-w1.url-shorten-memcached-6546746864-trxbv,container_memory_working_set_bytes,2600960.0
1744883604,kashef-k8s-w1.media-memcached-7889bdfdfb-bhmrc,container_memory_working_set_bytes,2600960.0
1744883604,kashef-k8s-w1.social-graph-service-677dbc655c-5gm4m,container_memory_working_set_bytes,2752512.0
1744883604,kashef-k8s-ctl.user-timeline-redis-67cc95bc57-dwn45,container_memory_working_set_bytes,8122368.0
1744883604,kashef-k8s-ctl.user-service-547b88cd8f-t4c8d,container_memory_working_set_bytes,2805760.0
1744883604,kashef-k8s-w1.post-storage-mongodb-5579669d8c-w7cbx,container_memory_working_set_bytes,60882944.0
1744883604,kashef-k8s-ctl.post-storage-memcached-6b75788fc6-mngwq,container_memory_working_set_bytes,3129344.0
1744883604,kashef-k8s-w1.home-timeline-service-5754ffbc6d-vtsfd,container_memory_working_set_bytes,2383872.0
1744883604,kashef-k8s-w1.user-timeline-service-664c7f6696-z92fq,container_memory_working_set_bytes,3448832.0
1744883604,kashef-k8s-ctl.url-shorten-service-66949ddcc4-lwrt8,container_memory_working_set_bytes,2863104.0
1744883604,kashef-k8s-ctl.home-timeline-redis-6c6647df6f-5hbsq,container_memory_working_set_bytes,3944448.0
1744883604,kashef-k8s-w1.text-service-fff64b8bf-tq7rc,container_memory_working_set_bytes,2174976.0
1744883604,kashef-k8s-ctl.nginx-thrift-79478f9bf5-9zm7k,container_memory_working_set_bytes,98017280.0
1744883604,kashef-k8s-ctl.post-storage-service-66c9966f5f-v954l,container_memory_working_set_bytes,4481024.0
1744883604,kashef-k8s-w1.social-graph-mongodb-55df767ff5-xn9hs,container_memory_working_set_bytes,60198912.0
1744883604,kashef-k8s-w1.media-frontend-6b66b95ff4-jdmkk,container_memory_working_set_bytes,66260992.0
1744883604,kashef-k8s-ctl.social-graph-redis-5bbd5b7458-p8gts,container_memory_working_set_bytes,4079616.0
1744883604,kashef-k8s-w1.media-service-6c665c775d-2lkpq,container_memory_working_set_bytes,2007040.0
1744883604,kashef-k8s-ctl.user-mention-service-5c4f566c5-7vqxk,container_memory_working_set_bytes,2818048.0
1744883604,kashef-k8s-ctl.media-mongodb-7b64c59567-cwngq,container_memory_working_set_bytes,59428864.0
1744883604,kashef-k8s-w1.user-memcached-59687c864d-n5wgx,container_memory_working_set_bytes,2711552.0
1744883604,kashef-k8s-w1.unique-id-service-694497b678-f6kk2,container_memory_working_set_bytes,2011136.0
1744883604,kashef-k8s-ctl.user-timeline-mongodb-6758898d48-znmp7,container_memory_working_set_bytes,60301312.0
1744883604,kashef-k8s-w1.user-mongodb-7745bbd78-5l85k,container_memory_working_set_bytes,60076032.0
1744883604,kashef-k8s-ctl.url-shorten-mongodb-57c886d5f8-5f5n7,container_memory_working_set_bytes,64729088.0
1744883604,kashef-k8s-ctl.jaeger-67997f9775-qj544,container_memory_working_set_bytes,12623872.0
1744883610,kashef-k8s-w1.media-memcached-7889bdfdfb-bhmrc,container_memory_working_set_bytes,2600960.0
1744883610,kashef-k8s-w1.user-memcached-59687c864d-n5wgx,container_memory_working_set_bytes,2711552.0
1744883610,kashef-k8s-w1.post-storage-mongodb-5579669d8c-w7cbx,container_memory_working_set_bytes,60882944.0
1744883610,kashef-k8s-ctl.post-storage-memcached-6b75788fc6-mngwq,container_memory_working_set_bytes,3129344.0
1744883610,kashef-k8s-w1.social-graph-service-677dbc655c-5gm4m,container_memory_working_set_bytes,2613248.0
1744883610,kashef-k8s-ctl.url-shorten-service-66949ddcc4-lwrt8,container_memory_working_set_bytes,2863104.0
1744883610,kashef-k8s-ctl.nginx-thrift-79478f9bf5-9zm7k,container_memory_working_set_bytes,98017280.0
1744883610,kashef-k8s-w1.user-timeline-service-664c7f6696-z92fq,container_memory_working_set_bytes,85397573632.0
1744883610,kashef-k8s-w1.home-timeline-service-5754ffbc6d-vtsfd,container_memory_working_set_bytes,2383872.0
1744883610,kashef-k8s-ctl.user-service-547b88cd8f-t4c8d,container_memory_working_set_bytes,2805760.0
1744883610,kashef-k8s-ctl.home-timeline-redis-6c6647df6f-5hbsq,container_memory_working_set_bytes,3944448.0
1744883610,kashef-k8s-ctl.user-timeline-mongodb-6758898d48-znmp7,container_memory_working_set_bytes,60301312.0
1744883610,kashef-k8s-ctl.post-storage-service-66c9966f5f-v954l,container_memory_working_set_bytes,4481024.0
1744883610,kashef-k8s-w1.social-graph-mongodb-55df767ff5-xn9hs,container_memory_working_set_bytes,60198912.0
1744883610,kashef-k8s-w1.url-shorten-memcached-6546746864-trxbv,container_memory_working_set_bytes,2600960.0
1744883610,kashef-k8s-w1.compose-post-service-f587bf89d-rl4k4,container_memory_working_set_bytes,2633728.0
1744883610,kashef-k8s-ctl.jaeger-67997f9775-qj544,container_memory_working_set_bytes,12623872.0
1744883610,kashef-k8s-ctl.user-mention-service-5c4f566c5-7vqxk,container_memory_working_set_bytes,2818048.0
1744883610,kashef-k8s-ctl.url-shorten-mongodb-57c886d5f8-5f5n7,container_memory_working_set_bytes,64729088.0
1744883610,kashef-k8s-w1.user-mongodb-7745bbd78-5l85k,container_memory_working_set_bytes,60416000.0
1744883610,kashef-k8s-w1.text-service-fff64b8bf-tq7rc,container_memory_working_set_bytes,2363392.0
1744883610,kashef-k8s-w1.media-service-6c665c775d-2lkpq,container_memory_working_set_bytes,2011136.0
1744883610,kashef-k8s-ctl.user-timeline-redis-67cc95bc57-dwn45,container_memory_working_set_bytes,8122368.0
1744883610,kashef-k8s-ctl.media-mongodb-7b64c59567-cwngq,container_memory_working_set_bytes,59428864.0
1744883610,kashef-k8s-ctl.social-graph-redis-5bbd5b7458-p8gts,container_memory_working_set_bytes,4079616.0
1744883610,kashef-k8s-w1.unique-id-service-694497b678-f6kk2,container_memory_working_set_bytes,2011136.0
1744883610,kashef-k8s-w1.media-frontend-6b66b95ff4-jdmkk,container_memory_working_set_bytes,66260992.0
1744883616,kashef-k8s-w1.unique-id-service-694497b678-f6kk2,container_memory_working_set_bytes,2011136.0
1744883616,kashef-k8s-ctl.user-timeline-mongodb-6758898d48-znmp7,container_memory_working_set_bytes,60731392.0
1744883616,kashef-k8s-w1.media-frontend-6b66b95ff4-jdmkk,container_memory_working_set_bytes,66260992.0
1744883616,kashef-k8s-w1.user-memcached-59687c864d-n5wgx,container_memory_working_set_bytes,2834432.0
1744883616,kashef-k8s-ctl.user-timeline-redis-67cc95bc57-dwn45,container_memory_working_set_bytes,8122368.0
1744883616,kashef-k8s-w1.media-service-6c665c775d-2lkpq,container_memory_working_set_bytes,2011136.0
1744883616,kashef-k8s-ctl.media-mongodb-7b64c59567-cwngq,container_memory_working_set_bytes,59428864.0
1744883616,kashef-k8s-ctl.jaeger-67997f9775-qj544,container_memory_working_set_bytes,12623872.0
1744883616,kashef-k8s-w1.user-mongodb-7745bbd78-5l85k,container_memory_working_set_bytes,60416000.0
1744883616,kashef-k8s-w1.user-timeline-service-664c7f6696-z92fq,container_memory_working_set_bytes,85397573632.0
1744883616,kashef-k8s-w1.text-service-fff64b8bf-tq7rc,container_memory_working_set_bytes,2363392.0
1744883616,kashef-k8s-ctl.url-shorten-service-66949ddcc4-lwrt8,container_memory_working_set_bytes,2863104.0
1744883616,kashef-k8s-ctl.url-shorten-mongodb-57c886d5f8-5f5n7,container_memory_working_set_bytes,64729088.0
1744883616,kashef-k8s-ctl.user-mention-service-5c4f566c5-7vqxk,container_memory_working_set_bytes,2818048.0
1744883616,kashef-k8s-ctl.social-graph-redis-5bbd5b7458-p8gts,container_memory_working_set_bytes,4079616.0
1744883616,kashef-k8s-ctl.nginx-thrift-79478f9bf5-9zm7k,container_memory_working_set_bytes,98017280.0
1744883616,kashef-k8s-w1.url-shorten-memcached-6546746864-trxbv,container_memory_working_set_bytes,2600960.0
1744883616,kashef-k8s-ctl.user-service-547b88cd8f-t4c8d,container_memory_working_set_bytes,2805760.0
1744883616,kashef-k8s-ctl.post-storage-memcached-6b75788fc6-mngwq,container_memory_working_set_bytes,3129344.0
1744883616,kashef-k8s-w1.media-memcached-7889bdfdfb-bhmrc,container_memory_working_set_bytes,2600960.0
1744883616,kashef-k8s-w1.post-storage-mongodb-5579669d8c-w7cbx,container_memory_working_set_bytes,60882944.0
1744883616,kashef-k8s-w1.home-timeline-service-5754ffbc6d-vtsfd,container_memory_working_set_bytes,2379776.0
1744883616,kashef-k8s-w1.compose-post-service-f587bf89d-rl4k4,container_memory_working_set_bytes,2633728.0
1744883616,kashef-k8s-w1.social-graph-service-677dbc655c-5gm4m,container_memory_working_set_bytes,2613248.0
1744883616,kashef-k8s-ctl.post-storage-service-66c9966f5f-v954l,container_memory_working_set_bytes,4235264.0
1744883616,kashef-k8s-w1.social-graph-mongodb-55df767ff5-xn9hs,container_memory_working_set_bytes,60334080.0
1744883616,kashef-k8s-ctl.home-timeline-redis-6c6647df6f-5hbsq,container_memory_working_set_bytes,3944448.0
1744883622,kashef-k8s-ctl.url-shorten-mongodb-57c886d5f8-5f5n7,container_memory_working_set_bytes,64536576.0
1744883622,kashef-k8s-w1.media-service-6c665c775d-2lkpq,container_memory_working_set_bytes,2011136.0
1744883622,kashef-k8s-ctl.user-timeline-redis-67cc95bc57-dwn45,container_memory_working_set_bytes,8122368.0
1744883622,kashef-k8s-ctl.url-shorten-service-66949ddcc4-lwrt8,container_memory_working_set_bytes,2863104.0
1744883622,kashef-k8s-ctl.user-timeline-mongodb-6758898d48-znmp7,container_memory_working_set_bytes,60731392.0
1744883622,kashef-k8s-w1.text-service-fff64b8bf-tq7rc,container_memory_working_set_bytes,2363392.0
1744883622,kashef-k8s-w1.user-mongodb-7745bbd78-5l85k,container_memory_working_set_bytes,60416000.0
1744883622,kashef-k8s-w1.unique-id-service-694497b678-f6kk2,container_memory_working_set_bytes,2011136.0
1744883622,kashef-k8s-ctl.user-service-547b88cd8f-t4c8d,container_memory_working_set_bytes,2805760.0
1744883622,kashef-k8s-ctl.social-graph-redis-5bbd5b7458-p8gts,container_memory_working_set_bytes,4079616.0
1744883622,kashef-k8s-ctl.jaeger-67997f9775-qj544,container_memory_working_set_bytes,12623872.0
1744883622,kashef-k8s-ctl.user-mention-service-5c4f566c5-7vqxk,container_memory_working_set_bytes,2818048.0
1744883622,kashef-k8s-w1.user-timeline-service-664c7f6696-z92fq,container_memory_working_set_bytes,85397573632.0
1744883622,kashef-k8s-w1.user-memcached-59687c864d-n5wgx,container_memory_working_set_bytes,2834432.0
1744883622,kashef-k8s-w1.media-frontend-6b66b95ff4-jdmkk,container_memory_working_set_bytes,66260992.0
1744883622,kashef-k8s-w1.post-storage-mongodb-5579669d8c-w7cbx,container_memory_working_set_bytes,60882944.0
1744883622,kashef-k8s-w1.social-graph-service-677dbc655c-5gm4m,container_memory_working_set_bytes,2613248.0
1744883622,kashef-k8s-ctl.post-storage-service-66c9966f5f-v954l,container_memory_working_set_bytes,4235264.0
1744883622,kashef-k8s-w1.compose-post-service-f587bf89d-rl4k4,container_memory_working_set_bytes,2633728.0
1744883622,kashef-k8s-ctl.nginx-thrift-79478f9bf5-9zm7k,container_memory_working_set_bytes,98017280.0
1744883622,kashef-k8s-w1.media-memcached-7889bdfdfb-bhmrc,container_memory_working_set_bytes,2600960.0
1744883622,kashef-k8s-ctl.home-timeline-redis-6c6647df6f-5hbsq,container_memory_working_set_bytes,4071424.0
1744883622,kashef-k8s-w1.social-graph-mongodb-55df767ff5-xn9hs,container_memory_working_set_bytes,60334080.0
1744883622,kashef-k8s-ctl.media-mongodb-7b64c59567-cwngq,container_memory_working_set_bytes,59428864.0
1744883622,kashef-k8s-w1.url-shorten-memcached-6546746864-trxbv,container_memory_working_set_bytes,2600960.0
1744883622,kashef-k8s-w1.home-timeline-service-5754ffbc6d-vtsfd,container_memory_working_set_bytes,2379776.0
1744883622,kashef-k8s-ctl.post-storage-memcached-6b75788fc6-mngwq,container_memory_working_set_bytes,3129344.0
1744883628,kashef-k8s-w1.post-storage-mongodb-5579669d8c-w7cbx,container_memory_working_set_bytes,60882944.0
1744883628,kashef-k8s-ctl.social-graph-redis-5bbd5b7458-p8gts,container_memory_working_set_bytes,4079616.0
1744883628,kashef-k8s-w1.media-memcached-7889bdfdfb-bhmrc,container_memory_working_set_bytes,2600960.0
1744883628,kashef-k8s-w1.social-graph-mongodb-55df767ff5-xn9hs,container_memory_working_set_bytes,60334080.0
1744883628,kashef-k8s-w1.user-mongodb-7745bbd78-5l85k,container_memory_working_set_bytes,60416000.0
1744883628,kashef-k8s-ctl.url-shorten-service-66949ddcc4-lwrt8,container_memory_working_set_bytes,2863104.0
1744883628,kashef-k8s-w1.home-timeline-service-5754ffbc6d-vtsfd,container_memory_working_set_bytes,2379776.0
1744883628,kashef-k8s-ctl.user-service-547b88cd8f-t4c8d,container_memory_working_set_bytes,2805760.0
1744883628,kashef-k8s-ctl.user-mention-service-5c4f566c5-7vqxk,container_memory_working_set_bytes,2875392.0
1744883628,kashef-k8s-w1.social-graph-service-677dbc655c-5gm4m,container_memory_working_set_bytes,2613248.0
1744883628,kashef-k8s-w1.unique-id-service-694497b678-f6kk2,container_memory_working_set_bytes,2011136.0
1744883628,kashef-k8s-ctl.url-shorten-mongodb-57c886d5f8-5f5n7,container_memory_working_set_bytes,64536576.0
1744883628,kashef-k8s-ctl.media-mongodb-7b64c59567-cwngq,container_memory_working_set_bytes,59650048.0
1744883628,kashef-k8s-w1.media-service-6c665c775d-2lkpq,container_memory_working_set_bytes,2011136.0
1744883628,kashef-k8s-ctl.jaeger-67997f9775-qj544,container_memory_working_set_bytes,13017088.0
1744883628,kashef-k8s-ctl.user-timeline-redis-67cc95bc57-dwn45,container_memory_working_set_bytes,7995392.0
1744883628,kashef-k8s-w1.url-shorten-memcached-6546746864-trxbv,container_memory_working_set_bytes,2600960.0
1744883628,kashef-k8s-ctl.post-storage-service-66c9966f5f-v954l,container_memory_working_set_bytes,4235264.0
1744883628,kashef-k8s-w1.user-timeline-service-664c7f6696-z92fq,container_memory_working_set_bytes,85397573632.0
1744883628,kashef-k8s-w1.media-frontend-6b66b95ff4-jdmkk,container_memory_working_set_bytes,66260992.0
1744883628,kashef-k8s-w1.compose-post-service-f587bf89d-rl4k4,container_memory_working_set_bytes,2633728.0
1744883628,kashef-k8s-ctl.user-timeline-mongodb-6758898d48-znmp7,container_memory_working_set_bytes,60731392.0
1744883628,kashef-k8s-w1.text-service-fff64b8bf-tq7rc,container_memory_working_set_bytes,2363392.0
1744883628,kashef-k8s-ctl.nginx-thrift-79478f9bf5-9zm7k,container_memory_working_set_bytes,97935360.0
1744883628,kashef-k8s-w1.user-memcached-59687c864d-n5wgx,container_memory_working_set_bytes,2834432.0
1744883628,kashef-k8s-ctl.post-storage-memcached-6b75788fc6-mngwq,container_memory_working_set_bytes,3129344.0
1744883628,kashef-k8s-ctl.home-timeline-redis-6c6647df6f-5hbsq,container_memory_working_set_bytes,4071424.0
1744883634,kashef-k8s-w1.social-graph-mongodb-55df767ff5-xn9hs,container_memory_working_set_bytes,60334080.0
1744883634,kashef-k8s-w1.user-mongodb-7745bbd78-5l85k,container_memory_working_set_bytes,60416000.0
1744883634,kashef-k8s-w1.social-graph-service-677dbc655c-5gm4m,container_memory_working_set_bytes,2613248.0
1744883634,kashef-k8s-w1.compose-post-service-f587bf89d-rl4k4,container_memory_working_set_bytes,2633728.0
1744883634,kashef-k8s-w1.text-service-fff64b8bf-tq7rc,container_memory_working_set_bytes,2232320.0
1744883634,kashef-k8s-w1.media-frontend-6b66b95ff4-jdmkk,container_memory_working_set_bytes,66260992.0
1744883634,kashef-k8s-ctl.nginx-thrift-79478f9bf5-9zm7k,container_memory_working_set_bytes,97935360.0
1744883634,kashef-k8s-w1.media-memcached-7889bdfdfb-bhmrc,container_memory_working_set_bytes,2600960.0
1744883634,kashef-k8s-w1.user-timeline-service-664c7f6696-z92fq,container_memory_working_set_bytes,85397573632.0
1744883634,kashef-k8s-w1.home-timeline-service-5754ffbc6d-vtsfd,container_memory_working_set_bytes,2379776.0
1744883634,kashef-k8s-w1.post-storage-mongodb-5579669d8c-w7cbx,container_memory_working_set_bytes,60882944.0
1744883634,kashef-k8s-ctl.social-graph-redis-5bbd5b7458-p8gts,container_memory_working_set_bytes,4206592.0
1744883634,kashef-k8s-w1.media-service-6c665c775d-2lkpq,container_memory_working_set_bytes,2244608.0
1744883634,kashef-k8s-ctl.post-storage-service-66c9966f5f-v954l,container_memory_working_set_bytes,4235264.0
1744883634,kashef-k8s-w1.unique-id-service-694497b678-f6kk2,container_memory_working_set_bytes,2011136.0
1744883634,kashef-k8s-ctl.url-shorten-service-66949ddcc4-lwrt8,container_memory_working_set_bytes,2863104.0
1744883634,kashef-k8s-ctl.user-mention-service-5c4f566c5-7vqxk,container_memory_working_set_bytes,2875392.0
1744883634,kashef-k8s-ctl.post-storage-memcached-6b75788fc6-mngwq,container_memory_working_set_bytes,3129344.0
1744883634,kashef-k8s-ctl.user-timeline-redis-67cc95bc57-dwn45,container_memory_working_set_bytes,7995392.0
1744883634,kashef-k8s-ctl.url-shorten-mongodb-57c886d5f8-5f5n7,container_memory_working_set_bytes,64536576.0
1744883634,kashef-k8s-ctl.media-mongodb-7b64c59567-cwngq,container_memory_working_set_bytes,59650048.0
1744883634,kashef-k8s-w1.url-shorten-memcached-6546746864-trxbv,container_memory_working_set_bytes,2600960.0
1744883634,kashef-k8s-ctl.home-timeline-redis-6c6647df6f-5hbsq,container_memory_working_set_bytes,4071424.0
1744883634,kashef-k8s-w1.user-memcached-59687c864d-n5wgx,container_memory_working_set_bytes,3342336.0
1744883634,kashef-k8s-ctl.user-timeline-mongodb-6758898d48-znmp7,container_memory_working_set_bytes,60731392.0
1744883634,kashef-k8s-ctl.jaeger-67997f9775-qj544,container_memory_working_set_bytes,13017088.0
1744883634,kashef-k8s-ctl.user-service-547b88cd8f-t4c8d,container_memory_working_set_bytes,2813952.0
1744883640,kashef-k8s-ctl.social-graph-redis-5bbd5b7458-p8gts,container_memory_working_set_bytes,4206592.0
1744883640,kashef-k8s-ctl.home-timeline-redis-6c6647df6f-5hbsq,container_memory_working_set_bytes,4071424.0
1744883640,kashef-k8s-w1.social-graph-mongodb-55df767ff5-xn9hs,container_memory_working_set_bytes,60334080.0
1744883640,kashef-k8s-ctl.nginx-thrift-79478f9bf5-9zm7k,container_memory_working_set_bytes,97935360.0
1744883640,kashef-k8s-w1.media-frontend-6b66b95ff4-jdmkk,container_memory_working_set_bytes,16232448.0
1744883640,kashef-k8s-w1.post-storage-mongodb-5579669d8c-w7cbx,container_memory_working_set_bytes,60882944.0
1744883640,kashef-k8s-w1.home-timeline-service-5754ffbc6d-vtsfd,container_memory_working_set_bytes,2379776.0
1744883640,kashef-k8s-ctl.user-mention-service-5c4f566c5-7vqxk,container_memory_working_set_bytes,2875392.0
1744883640,kashef-k8s-w1.media-memcached-7889bdfdfb-bhmrc,container_memory_working_set_bytes,2543616.0
1744883640,kashef-k8s-w1.user-timeline-service-664c7f6696-z92fq,container_memory_working_set_bytes,130193948672.0
1744883640,kashef-k8s-ctl.url-shorten-service-66949ddcc4-lwrt8,container_memory_working_set_bytes,2863104.0
1744883640,kashef-k8s-ctl.jaeger-67997f9775-qj544,container_memory_working_set_bytes,13017088.0
1744883640,kashef-k8s-ctl.post-storage-service-66c9966f5f-v954l,container_memory_working_set_bytes,4235264.0
1744883640,kashef-k8s-w1.social-graph-service-677dbc655c-5gm4m,container_memory_working_set_bytes,2613248.0
1744883640,kashef-k8s-w1.compose-post-service-f587bf89d-rl4k4,container_memory_working_set_bytes,2654208.0
1744883640,kashef-k8s-ctl.user-timeline-redis-67cc95bc57-dwn45,container_memory_working_set_bytes,7995392.0
1744883640,kashef-k8s-w1.url-shorten-memcached-6546746864-trxbv,container_memory_working_set_bytes,2600960.0
1744883640,kashef-k8s-ctl.media-mongodb-7b64c59567-cwngq,container_memory_working_set_bytes,59650048.0
1744883640,kashef-k8s-w1.media-service-6c665c775d-2lkpq,container_memory_working_set_bytes,2244608.0
1744883640,kashef-k8s-ctl.user-timeline-mongodb-6758898d48-znmp7,container_memory_working_set_bytes,60731392.0
1744883640,kashef-k8s-ctl.url-shorten-mongodb-57c886d5f8-5f5n7,container_memory_working_set_bytes,64536576.0
1744883640,kashef-k8s-w1.unique-id-service-694497b678-f6kk2,container_memory_working_set_bytes,2068480.0
1744883640,kashef-k8s-ctl.user-service-547b88cd8f-t4c8d,container_memory_working_set_bytes,2813952.0
1744883640,kashef-k8s-w1.user-mongodb-7745bbd78-5l85k,container_memory_working_set_bytes,60416000.0
1744883640,kashef-k8s-ctl.post-storage-memcached-6b75788fc6-mngwq,container_memory_working_set_bytes,3129344.0
1744883640,kashef-k8s-w1.text-service-fff64b8bf-tq7rc,container_memory_working_set_bytes,2232320.0
1744883640,kashef-k8s-w1.user-memcached-59687c864d-n5wgx,container_memory_working_set_bytes,3342336.0
1744883646,kashef-k8s-w1.text-service-fff64b8bf-tq7rc,container_memory_working_set_bytes,2232320.0
1744883646,kashef-k8s-w1.user-memcached-59687c864d-n5wgx,container_memory_working_set_bytes,3342336.0
1744883646,kashef-k8s-w1.user-mongodb-7745bbd78-5l85k,container_memory_working_set_bytes,62492672.0
1744883646,kashef-k8s-ctl.home-timeline-redis-6c6647df6f-5hbsq,container_memory_working_set_bytes,4071424.0
1744883646,kashef-k8s-w1.unique-id-service-694497b678-f6kk2,container_memory_working_set_bytes,2068480.0
1744883646,kashef-k8s-ctl.url-shorten-mongodb-57c886d5f8-5f5n7,container_memory_working_set_bytes,64536576.0
1744883646,kashef-k8s-w1.url-shorten-memcached-6546746864-trxbv,container_memory_working_set_bytes,2732032.0
1744883646,kashef-k8s-ctl.user-service-547b88cd8f-t4c8d,container_memory_working_set_bytes,2813952.0
1744883646,kashef-k8s-ctl.media-mongodb-7b64c59567-cwngq,container_memory_working_set_bytes,59650048.0
1744883646,kashef-k8s-ctl.user-mention-service-5c4f566c5-7vqxk,container_memory_working_set_bytes,2875392.0
1744883646,kashef-k8s-ctl.post-storage-memcached-6b75788fc6-mngwq,container_memory_working_set_bytes,3129344.0
1744883646,kashef-k8s-ctl.user-timeline-redis-67cc95bc57-dwn45,container_memory_working_set_bytes,7995392.0
1744883646,kashef-k8s-w1.social-graph-service-677dbc655c-5gm4m,container_memory_working_set_bytes,2994176.0
1744883646,kashef-k8s-ctl.user-timeline-mongodb-6758898d48-znmp7,container_memory_working_set_bytes,60731392.0
1744883646,kashef-k8s-w1.media-service-6c665c775d-2lkpq,container_memory_working_set_bytes,2244608.0
1744883646,kashef-k8s-w1.home-timeline-service-5754ffbc6d-vtsfd,container_memory_working_set_bytes,3940352.0
1744883646,kashef-k8s-w1.user-timeline-service-664c7f6696-z92fq,container_memory_working_set_bytes,130193948672.0
1744883646,kashef-k8s-w1.media-frontend-6b66b95ff4-jdmkk,container_memory_working_set_bytes,16232448.0
1744883646,kashef-k8s-ctl.nginx-thrift-79478f9bf5-9zm7k,container_memory_working_set_bytes,97832960.0
1744883646,kashef-k8s-w1.media-memcached-7889bdfdfb-bhmrc,container_memory_working_set_bytes,2543616.0
1744883646,kashef-k8s-w1.post-storage-mongodb-5579669d8c-w7cbx,container_memory_working_set_bytes,61648896.0
1744883646,kashef-k8s-w1.compose-post-service-f587bf89d-rl4k4,container_memory_working_set_bytes,2654208.0
1744883646,kashef-k8s-w1.social-graph-mongodb-55df767ff5-xn9hs,container_memory_working_set_bytes,61632512.0
1744883646,kashef-k8s-ctl.url-shorten-service-66949ddcc4-lwrt8,container_memory_working_set_bytes,2863104.0
1744883646,kashef-k8s-ctl.post-storage-service-66c9966f5f-v954l,container_memory_working_set_bytes,4235264.0
1744883646,kashef-k8s-ctl.social-graph-redis-5bbd5b7458-p8gts,container_memory_working_set_bytes,4206592.0
1744883646,kashef-k8s-ctl.jaeger-67997f9775-qj544,container_memory_working_set_bytes,13017088.0
1744883652,kashef-k8s-ctl.user-service-547b88cd8f-t4c8d,container_memory_working_set_bytes,2809856.0
1744883652,kashef-k8s-w1.unique-id-service-694497b678-f6kk2,container_memory_working_set_bytes,2068480.0
1744883652,kashef-k8s-w1.url-shorten-memcached-6546746864-trxbv,container_memory_working_set_bytes,2732032.0
1744883652,kashef-k8s-w1.user-mongodb-7745bbd78-5l85k,container_memory_working_set_bytes,62492672.0
1744883652,kashef-k8s-ctl.home-timeline-redis-6c6647df6f-5hbsq,container_memory_working_set_bytes,4071424.0
1744883652,kashef-k8s-ctl.user-timeline-redis-67cc95bc57-dwn45,container_memory_working_set_bytes,7995392.0
1744883652,kashef-k8s-ctl.media-mongodb-7b64c59567-cwngq,container_memory_working_set_bytes,59588608.0
1744883652,kashef-k8s-ctl.url-shorten-service-66949ddcc4-lwrt8,container_memory_working_set_bytes,2879488.0
1744883652,kashef-k8s-ctl.post-storage-service-66c9966f5f-v954l,container_memory_working_set_bytes,4235264.0
1744883652,kashef-k8s-w1.media-service-6c665c775d-2lkpq,container_memory_working_set_bytes,2244608.0
1744883652,kashef-k8s-w1.social-graph-service-677dbc655c-5gm4m,container_memory_working_set_bytes,2994176.0
1744883652,kashef-k8s-ctl.user-mention-service-5c4f566c5-7vqxk,container_memory_working_set_bytes,2871296.0
1744883652,kashef-k8s-ctl.user-timeline-mongodb-6758898d48-znmp7,container_memory_working_set_bytes,60911616.0
1744883652,kashef-k8s-ctl.url-shorten-mongodb-57c886d5f8-5f5n7,container_memory_working_set_bytes,64839680.0
1744883652,kashef-k8s-w1.social-graph-mongodb-55df767ff5-xn9hs,container_memory_working_set_bytes,61632512.0
1744883652,kashef-k8s-w1.text-service-fff64b8bf-tq7rc,container_memory_working_set_bytes,2232320.0
1744883652,kashef-k8s-w1.user-memcached-59687c864d-n5wgx,container_memory_working_set_bytes,3342336.0
1744883652,kashef-k8s-w1.media-memcached-7889bdfdfb-bhmrc,container_memory_working_set_bytes,2543616.0
1744883652,kashef-k8s-ctl.social-graph-redis-5bbd5b7458-p8gts,container_memory_working_set_bytes,4083712.0
1744883652,kashef-k8s-w1.home-timeline-service-5754ffbc6d-vtsfd,container_memory_working_set_bytes,3940352.0
1744883652,kashef-k8s-ctl.jaeger-67997f9775-qj544,container_memory_working_set_bytes,13017088.0
1744883652,kashef-k8s-ctl.nginx-thrift-79478f9bf5-9zm7k,container_memory_working_set_bytes,97832960.0
1744883652,kashef-k8s-w1.user-timeline-service-664c7f6696-z92fq,container_memory_working_set_bytes,130193948672.0
1744883652,kashef-k8s-ctl.post-storage-memcached-6b75788fc6-mngwq,container_memory_working_set_bytes,3129344.0
1744883652,kashef-k8s-w1.post-storage-mongodb-5579669d8c-w7cbx,container_memory_working_set_bytes,61648896.0
1744883652,kashef-k8s-w1.compose-post-service-f587bf89d-rl4k4,container_memory_working_set_bytes,2654208.0
1744883652,kashef-k8s-w1.media-frontend-6b66b95ff4-jdmkk,container_memory_working_set_bytes,16232448.0
1744883658,kashef-k8s-w1.user-memcached-59687c864d-n5wgx,container_memory_working_set_bytes,3342336.0
1744883658,kashef-k8s-ctl.user-service-547b88cd8f-t4c8d,container_memory_working_set_bytes,2809856.0
1744883658,kashef-k8s-ctl.user-timeline-redis-67cc95bc57-dwn45,container_memory_working_set_bytes,7995392.0
1744883658,kashef-k8s-ctl.url-shorten-service-66949ddcc4-lwrt8,container_memory_working_set_bytes,2879488.0
1744883658,kashef-k8s-w1.text-service-fff64b8bf-tq7rc,container_memory_working_set_bytes,2232320.0
1744883658,kashef-k8s-w1.unique-id-service-694497b678-f6kk2,container_memory_working_set_bytes,2068480.0
1744883658,kashef-k8s-w1.compose-post-service-f587bf89d-rl4k4,container_memory_working_set_bytes,2654208.0
1744883658,kashef-k8s-ctl.user-timeline-mongodb-6758898d48-znmp7,container_memory_working_set_bytes,60911616.0
1744883658,kashef-k8s-w1.post-storage-mongodb-5579669d8c-w7cbx,container_memory_working_set_bytes,63594496.0
1744883658,kashef-k8s-w1.media-memcached-7889bdfdfb-bhmrc,container_memory_working_set_bytes,2543616.0
1744883658,kashef-k8s-ctl.social-graph-redis-5bbd5b7458-p8gts,container_memory_working_set_bytes,4083712.0
1744883658,kashef-k8s-w1.user-timeline-service-664c7f6696-z92fq,container_memory_working_set_bytes,130193948672.0
1744883658,kashef-k8s-w1.media-frontend-6b66b95ff4-jdmkk,container_memory_working_set_bytes,16232448.0
1744883658,kashef-k8s-w1.media-service-6c665c775d-2lkpq,container_memory_working_set_bytes,2244608.0
1744883658,kashef-k8s-ctl.url-shorten-mongodb-57c886d5f8-5f5n7,container_memory_working_set_bytes,64839680.0
1744883658,kashef-k8s-ctl.post-storage-service-66c9966f5f-v954l,container_memory_working_set_bytes,4333568.0
1744883658,kashef-k8s-ctl.jaeger-67997f9775-qj544,container_memory_working_set_bytes,13017088.0
1744883658,kashef-k8s-w1.home-timeline-service-5754ffbc6d-vtsfd,container_memory_working_set_bytes,3940352.0
1744883658,kashef-k8s-ctl.media-mongodb-7b64c59567-cwngq,container_memory_working_set_bytes,59588608.0
1744883658,kashef-k8s-ctl.user-mention-service-5c4f566c5-7vqxk,container_memory_working_set_bytes,2871296.0
1744883658,kashef-k8s-w1.url-shorten-memcached-6546746864-trxbv,container_memory_working_set_bytes,2732032.0
1744883658,kashef-k8s-w1.social-graph-service-677dbc655c-5gm4m,container_memory_working_set_bytes,2994176.0
1744883658,kashef-k8s-ctl.post-storage-memcached-6b75788fc6-mngwq,container_memory_working_set_bytes,3129344.0
1744883658,kashef-k8s-w1.social-graph-mongodb-55df767ff5-xn9hs,container_memory_working_set_bytes,61632512.0
1744883658,kashef-k8s-ctl.nginx-thrift-79478f9bf5-9zm7k,container_memory_working_set_bytes,97832960.0
1744883658,kashef-k8s-w1.user-mongodb-7745bbd78-5l85k,container_memory_working_set_bytes,62492672.0
1744883658,kashef-k8s-ctl.home-timeline-redis-6c6647df6f-5hbsq,container_memory_working_set_bytes,3944448.0
1744883664,kashef-k8s-w1.user-mongodb-7745bbd78-5l85k,container_memory_working_set_bytes,62492672.0
1744883664,kashef-k8s-ctl.home-timeline-redis-6c6647df6f-5hbsq,container_memory_working_set_bytes,3944448.0
1744883664,kashef-k8s-ctl.post-storage-memcached-6b75788fc6-mngwq,container_memory_working_set_bytes,3129344.0
1744883664,kashef-k8s-w1.user-memcached-59687c864d-n5wgx,container_memory_working_set_bytes,3342336.0
1744883664,kashef-k8s-ctl.jaeger-67997f9775-qj544,container_memory_working_set_bytes,13025280.0
1744883664,kashef-k8s-w1.social-graph-service-677dbc655c-5gm4m,container_memory_working_set_bytes,2990080.0
1744883664,kashef-k8s-ctl.post-storage-service-66c9966f5f-v954l,container_memory_working_set_bytes,4333568.0
1744883664,kashef-k8s-ctl.user-mention-service-5c4f566c5-7vqxk,container_memory_working_set_bytes,2871296.0
1744883664,kashef-k8s-w1.media-frontend-6b66b95ff4-jdmkk,container_memory_working_set_bytes,16232448.0
1744883664,kashef-k8s-ctl.url-shorten-mongodb-57c886d5f8-5f5n7,container_memory_working_set_bytes,64839680.0
1744883664,kashef-k8s-ctl.nginx-thrift-79478f9bf5-9zm7k,container_memory_working_set_bytes,97832960.0
1744883664,kashef-k8s-w1.user-timeline-service-664c7f6696-z92fq,container_memory_working_set_bytes,130193948672.0
1744883664,kashef-k8s-ctl.media-mongodb-7b64c59567-cwngq,container_memory_working_set_bytes,59588608.0
1744883664,kashef-k8s-w1.media-service-6c665c775d-2lkpq,container_memory_working_set_bytes,2244608.0
1744883664,kashef-k8s-w1.home-timeline-service-5754ffbc6d-vtsfd,container_memory_working_set_bytes,3608576.0
1744883664,kashef-k8s-ctl.url-shorten-service-66949ddcc4-lwrt8,container_memory_working_set_bytes,2879488.0
1744883664,kashef-k8s-w1.post-storage-mongodb-5579669d8c-w7cbx,container_memory_working_set_bytes,63594496.0
1744883664,kashef-k8s-w1.unique-id-service-694497b678-f6kk2,container_memory_working_set_bytes,2068480.0
1744883664,kashef-k8s-w1.text-service-fff64b8bf-tq7rc,container_memory_working_set_bytes,2232320.0
1744883664,kashef-k8s-w1.compose-post-service-f587bf89d-rl4k4,container_memory_working_set_bytes,2654208.0
1744883664,kashef-k8s-w1.url-shorten-memcached-6546746864-trxbv,container_memory_working_set_bytes,2732032.0
1744883664,kashef-k8s-ctl.user-service-547b88cd8f-t4c8d,container_memory_working_set_bytes,2809856.0
1744883664,kashef-k8s-ctl.user-timeline-redis-67cc95bc57-dwn45,container_memory_working_set_bytes,8126464.0
1744883664,kashef-k8s-ctl.user-timeline-mongodb-6758898d48-znmp7,container_memory_working_set_bytes,60911616.0
1744883664,kashef-k8s-ctl.social-graph-redis-5bbd5b7458-p8gts,container_memory_working_set_bytes,4083712.0
1744883664,kashef-k8s-w1.media-memcached-7889bdfdfb-bhmrc,container_memory_working_set_bytes,2543616.0
1744883664,kashef-k8s-w1.social-graph-mongodb-55df767ff5-xn9hs,container_memory_working_set_bytes,61632512.0
1744883670,kashef-k8s-ctl.user-service-547b88cd8f-t4c8d,container_memory_working_set_bytes,2809856.0
1744883670,kashef-k8s-ctl.jaeger-67997f9775-qj544,container_memory_working_set_bytes,13025280.0
1744883670,kashef-k8s-ctl.post-storage-memcached-6b75788fc6-mngwq,container_memory_working_set_bytes,3129344.0
1744883670,kashef-k8s-w1.social-graph-mongodb-55df767ff5-xn9hs,container_memory_working_set_bytes,61632512.0
1744883670,kashef-k8s-w1.user-memcached-59687c864d-n5wgx,container_memory_working_set_bytes,2646016.0
1744883670,kashef-k8s-ctl.post-storage-service-66c9966f5f-v954l,container_memory_working_set_bytes,4333568.0
1744883670,kashef-k8s-ctl.nginx-thrift-79478f9bf5-9zm7k,container_memory_working_set_bytes,97832960.0
1744883670,kashef-k8s-w1.media-service-6c665c775d-2lkpq,container_memory_working_set_bytes,1998848.0
1744883670,kashef-k8s-w1.social-graph-service-677dbc655c-5gm4m,container_memory_working_set_bytes,2990080.0
1744883670,kashef-k8s-ctl.url-shorten-service-66949ddcc4-lwrt8,container_memory_working_set_bytes,2879488.0
1744883670,kashef-k8s-w1.home-timeline-service-5754ffbc6d-vtsfd,container_memory_working_set_bytes,3608576.0
1744883670,kashef-k8s-ctl.media-mongodb-7b64c59567-cwngq,container_memory_working_set_bytes,59588608.0
1744883670,kashef-k8s-ctl.url-shorten-mongodb-57c886d5f8-5f5n7,container_memory_working_set_bytes,64839680.0
1744883670,kashef-k8s-ctl.user-mention-service-5c4f566c5-7vqxk,container_memory_working_set_bytes,2871296.0
1744883670,kashef-k8s-ctl.home-timeline-redis-6c6647df6f-5hbsq,container_memory_working_set_bytes,3944448.0
1744883670,kashef-k8s-w1.user-mongodb-7745bbd78-5l85k,container_memory_working_set_bytes,62787584.0
1744883670,kashef-k8s-w1.user-timeline-service-664c7f6696-z92fq,container_memory_working_set_bytes,4980736.0
1744883670,kashef-k8s-w1.post-storage-mongodb-5579669d8c-w7cbx,container_memory_working_set_bytes,63594496.0
1744883670,kashef-k8s-w1.media-frontend-6b66b95ff4-jdmkk,container_memory_working_set_bytes,16232448.0
1744883670,kashef-k8s-w1.media-memcached-7889bdfdfb-bhmrc,container_memory_working_set_bytes,2682880.0
1744883670,kashef-k8s-ctl.social-graph-redis-5bbd5b7458-p8gts,container_memory_working_set_bytes,4083712.0
1744883670,kashef-k8s-ctl.user-timeline-mongodb-6758898d48-znmp7,container_memory_working_set_bytes,60911616.0
1744883670,kashef-k8s-w1.compose-post-service-f587bf89d-rl4k4,container_memory_working_set_bytes,2367488.0
1744883670,kashef-k8s-w1.unique-id-service-694497b678-f6kk2,container_memory_working_set_bytes,1994752.0
1744883670,kashef-k8s-w1.text-service-fff64b8bf-tq7rc,container_memory_working_set_bytes,2260992.0
1744883670,kashef-k8s-w1.url-shorten-memcached-6546746864-trxbv,container_memory_working_set_bytes,2732032.0
1744883670,kashef-k8s-ctl.user-timeline-redis-67cc95bc57-dwn45,container_memory_working_set_bytes,8126464.0
1744883676,kashef-k8s-w1.user-memcached-59687c864d-n5wgx,container_memory_working_set_bytes,2646016.0
1744883676,kashef-k8s-ctl.post-storage-memcached-6b75788fc6-mngwq,container_memory_working_set_bytes,3129344.0
1744883676,kashef-k8s-w1.media-frontend-6b66b95ff4-jdmkk,container_memory_working_set_bytes,16232448.0
1744883676,kashef-k8s-w1.post-storage-mongodb-5579669d8c-w7cbx,container_memory_working_set_bytes,63594496.0
1744883676,kashef-k8s-ctl.post-storage-service-66c9966f5f-v954l,container_memory_working_set_bytes,4333568.0
1744883676,kashef-k8s-w1.user-timeline-service-664c7f6696-z92fq,container_memory_working_set_bytes,4980736.0
1744883676,kashef-k8s-ctl.url-shorten-mongodb-57c886d5f8-5f5n7,container_memory_working_set_bytes,64839680.0
1744883676,kashef-k8s-w1.unique-id-service-694497b678-f6kk2,container_memory_working_set_bytes,1994752.0
1744883676,kashef-k8s-ctl.social-graph-redis-5bbd5b7458-p8gts,container_memory_working_set_bytes,4083712.0
1744883676,kashef-k8s-ctl.media-mongodb-7b64c59567-cwngq,container_memory_working_set_bytes,59588608.0
1744883676,kashef-k8s-ctl.jaeger-67997f9775-qj544,container_memory_working_set_bytes,13025280.0
1744883676,kashef-k8s-ctl.user-timeline-redis-67cc95bc57-dwn45,container_memory_working_set_bytes,8126464.0
1744883676,kashef-k8s-w1.media-service-6c665c775d-2lkpq,container_memory_working_set_bytes,1998848.0
1744883676,kashef-k8s-ctl.url-shorten-service-66949ddcc4-lwrt8,container_memory_working_set_bytes,2879488.0
1744883676,kashef-k8s-ctl.nginx-thrift-79478f9bf5-9zm7k,container_memory_working_set_bytes,97832960.0
1744883676,kashef-k8s-w1.social-graph-service-677dbc655c-5gm4m,container_memory_working_set_bytes,2990080.0
1744883676,kashef-k8s-ctl.user-service-547b88cd8f-t4c8d,container_memory_working_set_bytes,2805760.0
1744883676,kashef-k8s-w1.media-memcached-7889bdfdfb-bhmrc,container_memory_working_set_bytes,2682880.0
1744883676,kashef-k8s-ctl.user-timeline-mongodb-6758898d48-znmp7,container_memory_working_set_bytes,60911616.0
1744883676,kashef-k8s-w1.social-graph-mongodb-55df767ff5-xn9hs,container_memory_working_set_bytes,61878272.0
1744883676,kashef-k8s-w1.compose-post-service-f587bf89d-rl4k4,container_memory_working_set_bytes,2367488.0
1744883676,kashef-k8s-w1.text-service-fff64b8bf-tq7rc,container_memory_working_set_bytes,2260992.0
1744883676,kashef-k8s-ctl.home-timeline-redis-6c6647df6f-5hbsq,container_memory_working_set_bytes,3944448.0
1744883676,kashef-k8s-w1.user-mongodb-7745bbd78-5l85k,container_memory_working_set_bytes,62787584.0
1744883676,kashef-k8s-ctl.user-mention-service-5c4f566c5-7vqxk,container_memory_working_set_bytes,2871296.0
1744883676,kashef-k8s-w1.url-shorten-memcached-6546746864-trxbv,container_memory_working_set_bytes,2732032.0
1744883676,kashef-k8s-w1.home-timeline-service-5754ffbc6d-vtsfd,container_memory_working_set_bytes,3608576.0
1744883682,kashef-k8s-ctl.post-storage-memcached-6b75788fc6-mngwq,container_memory_working_set_bytes,3129344.0
1744883682,kashef-k8s-w1.url-shorten-memcached-6546746864-trxbv,container_memory_working_set_bytes,2732032.0
1744883682,kashef-k8s-w1.user-timeline-service-664c7f6696-z92fq,container_memory_working_set_bytes,4980736.0
1744883682,kashef-k8s-w1.unique-id-service-694497b678-f6kk2,container_memory_working_set_bytes,1994752.0
1744883682,kashef-k8s-w1.media-frontend-6b66b95ff4-jdmkk,container_memory_working_set_bytes,16232448.0
1744883682,kashef-k8s-ctl.user-timeline-redis-67cc95bc57-dwn45,container_memory_working_set_bytes,8126464.0
1744883682,kashef-k8s-ctl.social-graph-redis-5bbd5b7458-p8gts,container_memory_working_set_bytes,4083712.0
1744883682,kashef-k8s-ctl.jaeger-67997f9775-qj544,container_memory_working_set_bytes,13025280.0
1744883682,kashef-k8s-ctl.media-mongodb-7b64c59567-cwngq,container_memory_working_set_bytes,59600896.0
1744883682,kashef-k8s-ctl.url-shorten-mongodb-57c886d5f8-5f5n7,container_memory_working_set_bytes,64839680.0
1744883682,kashef-k8s-ctl.nginx-thrift-79478f9bf5-9zm7k,container_memory_working_set_bytes,97832960.0
1744883682,kashef-k8s-ctl.url-shorten-service-66949ddcc4-lwrt8,container_memory_working_set_bytes,2863104.0
1744883682,kashef-k8s-ctl.user-mention-service-5c4f566c5-7vqxk,container_memory_working_set_bytes,2871296.0
1744883682,kashef-k8s-w1.media-service-6c665c775d-2lkpq,container_memory_working_set_bytes,1998848.0
1744883682,kashef-k8s-w1.compose-post-service-f587bf89d-rl4k4,container_memory_working_set_bytes,2367488.0
1744883682,kashef-k8s-w1.user-memcached-59687c864d-n5wgx,container_memory_working_set_bytes,2646016.0
1744883682,kashef-k8s-ctl.post-storage-service-66c9966f5f-v954l,container_memory_working_set_bytes,4333568.0
1744883682,kashef-k8s-w1.media-memcached-7889bdfdfb-bhmrc,container_memory_working_set_bytes,2682880.0
1744883682,kashef-k8s-ctl.user-service-547b88cd8f-t4c8d,container_memory_working_set_bytes,2805760.0
1744883682,kashef-k8s-w1.social-graph-service-677dbc655c-5gm4m,container_memory_working_set_bytes,2990080.0
1744883682,kashef-k8s-w1.home-timeline-service-5754ffbc6d-vtsfd,container_memory_working_set_bytes,3608576.0
1744883682,kashef-k8s-ctl.user-timeline-mongodb-6758898d48-znmp7,container_memory_working_set_bytes,60911616.0
1744883682,kashef-k8s-w1.user-mongodb-7745bbd78-5l85k,container_memory_working_set_bytes,62787584.0
1744883682,kashef-k8s-w1.social-graph-mongodb-55df767ff5-xn9hs,container_memory_working_set_bytes,61878272.0
1744883682,kashef-k8s-w1.text-service-fff64b8bf-tq7rc,container_memory_working_set_bytes,2260992.0
1744883682,kashef-k8s-ctl.home-timeline-redis-6c6647df6f-5hbsq,container_memory_working_set_bytes,3944448.0
1744883682,kashef-k8s-w1.post-storage-mongodb-5579669d8c-w7cbx,container_memory_working_set_bytes,63594496.0
1744883688,kashef-k8s-w1.text-service-fff64b8bf-tq7rc,container_memory_working_set_bytes,2260992.0
1744883688,kashef-k8s-ctl.home-timeline-redis-6c6647df6f-5hbsq,container_memory_working_set_bytes,4071424.0
1744883688,kashef-k8s-w1.post-storage-mongodb-5579669d8c-w7cbx,container_memory_working_set_bytes,63594496.0
1744883688,kashef-k8s-w1.user-mongodb-7745bbd78-5l85k,container_memory_working_set_bytes,62787584.0
1744883688,kashef-k8s-ctl.user-timeline-mongodb-6758898d48-znmp7,container_memory_working_set_bytes,60911616.0
1744883688,kashef-k8s-w1.social-graph-mongodb-55df767ff5-xn9hs,container_memory_working_set_bytes,61878272.0
1744883688,kashef-k8s-ctl.user-service-547b88cd8f-t4c8d,container_memory_working_set_bytes,2805760.0
1744883688,kashef-k8s-w1.media-memcached-7889bdfdfb-bhmrc,container_memory_working_set_bytes,2682880.0
1744883688,kashef-k8s-w1.social-graph-service-677dbc655c-5gm4m,container_memory_working_set_bytes,2990080.0
1744883688,kashef-k8s-ctl.url-shorten-mongodb-57c886d5f8-5f5n7,container_memory_working_set_bytes,64847872.0
1744883688,kashef-k8s-w1.url-shorten-memcached-6546746864-trxbv,container_memory_working_set_bytes,2732032.0
1744883688,kashef-k8s-ctl.user-mention-service-5c4f566c5-7vqxk,container_memory_working_set_bytes,2871296.0
1744883688,kashef-k8s-ctl.url-shorten-service-66949ddcc4-lwrt8,container_memory_working_set_bytes,2863104.0
1744883688,kashef-k8s-ctl.user-timeline-redis-67cc95bc57-dwn45,container_memory_working_set_bytes,8118272.0
1744883688,kashef-k8s-ctl.social-graph-redis-5bbd5b7458-p8gts,container_memory_working_set_bytes,4083712.0
1744883688,kashef-k8s-w1.home-timeline-service-5754ffbc6d-vtsfd,container_memory_working_set_bytes,3608576.0
1744883688,kashef-k8s-w1.media-service-6c665c775d-2lkpq,container_memory_working_set_bytes,1998848.0
1744883688,kashef-k8s-ctl.jaeger-67997f9775-qj544,container_memory_working_set_bytes,13336576.0
1744883688,kashef-k8s-ctl.post-storage-service-66c9966f5f-v954l,container_memory_working_set_bytes,4333568.0
1744883688,kashef-k8s-ctl.media-mongodb-7b64c59567-cwngq,container_memory_working_set_bytes,59600896.0
1744883688,kashef-k8s-w1.unique-id-service-694497b678-f6kk2,container_memory_working_set_bytes,1994752.0
1744883688,kashef-k8s-w1.media-frontend-6b66b95ff4-jdmkk,container_memory_working_set_bytes,16232448.0
1744883688,kashef-k8s-w1.user-timeline-service-664c7f6696-z92fq,container_memory_working_set_bytes,4980736.0
1744883688,kashef-k8s-w1.user-memcached-59687c864d-n5wgx,container_memory_working_set_bytes,2646016.0
1744883688,kashef-k8s-w1.compose-post-service-f587bf89d-rl4k4,container_memory_working_set_bytes,2367488.0
1744883688,kashef-k8s-ctl.post-storage-memcached-6b75788fc6-mngwq,container_memory_working_set_bytes,3129344.0
1744883688,kashef-k8s-ctl.nginx-thrift-79478f9bf5-9zm7k,container_memory_working_set_bytes,97832960.0
1744883694,kashef-k8s-ctl.url-shorten-mongodb-57c886d5f8-5f5n7,container_memory_working_set_bytes,64847872.0
1744883694,kashef-k8s-w1.user-mongodb-7745bbd78-5l85k,container_memory_working_set_bytes,62787584.0
1744883694,kashef-k8s-w1.social-graph-mongodb-55df767ff5-xn9hs,container_memory_working_set_bytes,61878272.0
1744883694,kashef-k8s-w1.media-memcached-7889bdfdfb-bhmrc,container_memory_working_set_bytes,2682880.0
1744883694,kashef-k8s-ctl.user-timeline-redis-67cc95bc57-dwn45,container_memory_working_set_bytes,8118272.0
1744883694,kashef-k8s-w1.media-service-6c665c775d-2lkpq,container_memory_working_set_bytes,1998848.0
1744883694,kashef-k8s-ctl.media-mongodb-7b64c59567-cwngq,container_memory_working_set_bytes,59600896.0
1744883694,kashef-k8s-ctl.user-mention-service-5c4f566c5-7vqxk,container_memory_working_set_bytes,2871296.0
1744883694,kashef-k8s-ctl.jaeger-67997f9775-qj544,container_memory_working_set_bytes,13336576.0
1744883694,kashef-k8s-ctl.social-graph-redis-5bbd5b7458-p8gts,container_memory_working_set_bytes,3940352.0
1744883694,kashef-k8s-w1.social-graph-service-677dbc655c-5gm4m,container_memory_working_set_bytes,2990080.0
1744883694,kashef-k8s-ctl.url-shorten-service-66949ddcc4-lwrt8,container_memory_working_set_bytes,2863104.0
1744883694,kashef-k8s-w1.home-timeline-service-5754ffbc6d-vtsfd,container_memory_working_set_bytes,3608576.0
1744883694,kashef-k8s-ctl.user-service-547b88cd8f-t4c8d,container_memory_working_set_bytes,2805760.0
1744883694,kashef-k8s-ctl.user-timeline-mongodb-6758898d48-znmp7,container_memory_working_set_bytes,60911616.0
1744883694,kashef-k8s-w1.user-memcached-59687c864d-n5wgx,container_memory_working_set_bytes,2646016.0
1744883694,kashef-k8s-ctl.home-timeline-redis-6c6647df6f-5hbsq,container_memory_working_set_bytes,4071424.0
1744883694,kashef-k8s-w1.user-timeline-service-664c7f6696-z92fq,container_memory_working_set_bytes,4980736.0
1744883694,kashef-k8s-ctl.post-storage-memcached-6b75788fc6-mngwq,container_memory_working_set_bytes,3129344.0
1744883694,kashef-k8s-w1.text-service-fff64b8bf-tq7rc,container_memory_working_set_bytes,2260992.0
1744883694,kashef-k8s-ctl.nginx-thrift-79478f9bf5-9zm7k,container_memory_working_set_bytes,97804288.0
1744883694,kashef-k8s-ctl.post-storage-service-66c9966f5f-v954l,container_memory_working_set_bytes,4333568.0
1744883694,kashef-k8s-w1.url-shorten-memcached-6546746864-trxbv,container_memory_working_set_bytes,2732032.0
1744883694,kashef-k8s-w1.compose-post-service-f587bf89d-rl4k4,container_memory_working_set_bytes,2367488.0
1744883694,kashef-k8s-w1.unique-id-service-694497b678-f6kk2,container_memory_working_set_bytes,1994752.0
1744883694,kashef-k8s-w1.post-storage-mongodb-5579669d8c-w7cbx,container_memory_working_set_bytes,63594496.0
1744883694,kashef-k8s-w1.media-frontend-6b66b95ff4-jdmkk,container_memory_working_set_bytes,16232448.0
