timestamp,cmdb_id,kpi_name,value
1745322432,kashef-k8s-w1.temp-debug-alt,container_memory_mapped_file,0.0
1745322435,kashef-k8s-w1.temp-debug-alt,container_memory_mapped_file,0.0
1745322438,kashef-k8s-w1.temp-debug-alt,container_memory_mapped_file,0.0
1745322441,kashef-k8s-w1.temp-debug-alt,container_memory_mapped_file,0.0
1745322444,kashef-k8s-w1.temp-debug-alt,container_memory_mapped_file,0.0
1745322447,kashef-k8s-w1.temp-debug-alt,container_memory_mapped_file,0.0
1745322450,kashef-k8s-w1.temp-debug-alt,container_memory_mapped_file,0.0
1745322453,kashef-k8s-w1.social-graph-service-677dbc655c-g8qbp,container_memory_mapped_file,0.0
1745322453,kashef-k8s-w1.user-memcached-59687c864d-tbvff,container_memory_mapped_file,0.0
1745322453,kashef-k8s-w1.compose-post-service-f587bf89d-b4qsv,container_memory_mapped_file,0.0
1745322453,kashef-k8s-w1.url-shorten-mongodb-57c886d5f8-9pbzv,container_memory_mapped_file,0.0
1745322453,kashef-k8s-w1.home-timeline-redis-6c6647df6f-twn7p,container_memory_mapped_file,0.0
1745322453,kashef-k8s-w1.user-timeline-mongodb-6758898d48-s2r24,container_memory_mapped_file,0.0
1745322453,kashef-k8s-w1.media-service-6c665c775d-hg6fb,container_memory_mapped_file,0.0
1745322453,kashef-k8s-w1.media-memcached-7889bdfdfb-lxrsq,container_memory_mapped_file,0.0
1745322453,kashef-k8s-w1.user-timeline-service-664c7f6696-9hrr8,container_memory_mapped_file,0.0
1745322453,kashef-k8s-w1.post-storage-mongodb-5579669d8c-ddkkh,container_memory_mapped_file,0.0
1745322453,kashef-k8s-w1.url-shorten-memcached-6546746864-zdsn5,container_memory_mapped_file,0.0
1745322453,kashef-k8s-w1.temp-debug-alt,container_memory_mapped_file,0.0
1745322456,kashef-k8s-w1.user-timeline-mongodb-6758898d48-s2r24,container_memory_mapped_file,0.0
1745322456,kashef-k8s-w1.media-memcached-7889bdfdfb-lxrsq,container_memory_mapped_file,0.0
1745322456,kashef-k8s-w1.user-timeline-service-664c7f6696-9hrr8,container_memory_mapped_file,0.0
1745322456,kashef-k8s-w1.user-memcached-59687c864d-tbvff,container_memory_mapped_file,0.0
1745322456,kashef-k8s-w1.url-shorten-memcached-6546746864-zdsn5,container_memory_mapped_file,0.0
1745322456,kashef-k8s-w1.compose-post-service-f587bf89d-b4qsv,container_memory_mapped_file,0.0
1745322456,kashef-k8s-w1.temp-debug-alt,container_memory_mapped_file,0.0
1745322456,kashef-k8s-w1.home-timeline-redis-6c6647df6f-twn7p,container_memory_mapped_file,0.0
1745322456,kashef-k8s-w1.url-shorten-mongodb-57c886d5f8-9pbzv,container_memory_mapped_file,0.0
1745322456,kashef-k8s-ctl.nginx-thrift-79478f9bf5-dqxlb,container_memory_mapped_file,0.0
1745322456,kashef-k8s-w1.media-service-6c665c775d-hg6fb,container_memory_mapped_file,0.0
1745322456,kashef-k8s-w1.url-shorten-service-66949ddcc4-lzqzz,container_memory_mapped_file,0.0
1745322456,kashef-k8s-w1.social-graph-service-677dbc655c-g8qbp,container_memory_mapped_file,0.0
1745322456,kashef-k8s-w1.post-storage-mongodb-5579669d8c-ddkkh,container_memory_mapped_file,0.0
1745322459,kashef-k8s-w1.temp-debug-alt,container_memory_mapped_file,0.0
1745322459,kashef-k8s-w1.user-memcached-59687c864d-tbvff,container_memory_mapped_file,0.0
1745322459,kashef-k8s-w1.url-shorten-mongodb-57c886d5f8-9pbzv,container_memory_mapped_file,0.0
1745322459,kashef-k8s-w1.url-shorten-service-66949ddcc4-lzqzz,container_memory_mapped_file,0.0
1745322459,kashef-k8s-w1.media-memcached-7889bdfdfb-lxrsq,container_memory_mapped_file,0.0
1745322459,kashef-k8s-w1.user-timeline-service-664c7f6696-9hrr8,container_memory_mapped_file,0.0
1745322459,kashef-k8s-ctl.nginx-thrift-79478f9bf5-dqxlb,container_memory_mapped_file,0.0
1745322459,kashef-k8s-w1.media-service-6c665c775d-hg6fb,container_memory_mapped_file,0.0
1745322459,kashef-k8s-w1.user-timeline-mongodb-6758898d48-s2r24,container_memory_mapped_file,0.0
1745322459,kashef-k8s-w1.url-shorten-memcached-6546746864-zdsn5,container_memory_mapped_file,0.0
1745322459,kashef-k8s-w1.compose-post-service-f587bf89d-b4qsv,container_memory_mapped_file,0.0
1745322459,kashef-k8s-w1.social-graph-service-677dbc655c-g8qbp,container_memory_mapped_file,0.0
1745322459,kashef-k8s-w1.home-timeline-redis-6c6647df6f-twn7p,container_memory_mapped_file,0.0
1745322459,kashef-k8s-w1.post-storage-mongodb-5579669d8c-ddkkh,container_memory_mapped_file,0.0
1745322462,kashef-k8s-w1.post-storage-mongodb-5579669d8c-ddkkh,container_memory_mapped_file,0.0
1745322462,kashef-k8s-w1.url-shorten-memcached-6546746864-zdsn5,container_memory_mapped_file,0.0
1745322462,kashef-k8s-w1.url-shorten-service-66949ddcc4-lzqzz,container_memory_mapped_file,0.0
1745322462,kashef-k8s-w1.media-service-6c665c775d-hg6fb,container_memory_mapped_file,0.0
1745322462,kashef-k8s-ctl.social-graph-redis-5bbd5b7458-gjgpw,container_memory_mapped_file,0.0
1745322462,kashef-k8s-w1.home-timeline-redis-6c6647df6f-twn7p,container_memory_mapped_file,0.0
1745322462,kashef-k8s-w1.media-memcached-7889bdfdfb-lxrsq,container_memory_mapped_file,0.0
1745322462,kashef-k8s-w1.user-timeline-service-664c7f6696-9hrr8,container_memory_mapped_file,0.0
1745322462,kashef-k8s-ctl.social-graph-mongodb-55df767ff5-26cq9,container_memory_mapped_file,0.0
1745322462,kashef-k8s-w1.user-timeline-mongodb-6758898d48-s2r24,container_memory_mapped_file,0.0
1745322462,kashef-k8s-w1.compose-post-service-f587bf89d-b4qsv,container_memory_mapped_file,0.0
1745322462,kashef-k8s-w1.url-shorten-mongodb-57c886d5f8-9pbzv,container_memory_mapped_file,0.0
1745322462,kashef-k8s-w1.user-memcached-59687c864d-tbvff,container_memory_mapped_file,0.0
1745322462,kashef-k8s-ctl.nginx-thrift-79478f9bf5-dqxlb,container_memory_mapped_file,0.0
1745322462,kashef-k8s-w1.social-graph-service-677dbc655c-g8qbp,container_memory_mapped_file,0.0
1745322462,kashef-k8s-w1.temp-debug-alt,container_memory_mapped_file,0.0
1745322465,kashef-k8s-w1.home-timeline-redis-6c6647df6f-twn7p,container_memory_mapped_file,0.0
1745322465,kashef-k8s-w1.media-service-6c665c775d-hg6fb,container_memory_mapped_file,0.0
1745322465,kashef-k8s-w1.media-memcached-7889bdfdfb-lxrsq,container_memory_mapped_file,0.0
1745322465,kashef-k8s-ctl.nginx-thrift-79478f9bf5-dqxlb,container_memory_mapped_file,0.0
1745322465,kashef-k8s-w1.user-timeline-service-664c7f6696-9hrr8,container_memory_mapped_file,0.0
1745322465,kashef-k8s-w1.post-storage-mongodb-5579669d8c-ddkkh,container_memory_mapped_file,0.0
1745322465,kashef-k8s-w1.url-shorten-memcached-6546746864-zdsn5,container_memory_mapped_file,0.0
1745322465,kashef-k8s-ctl.social-graph-mongodb-55df767ff5-26cq9,container_memory_mapped_file,0.0
1745322465,kashef-k8s-ctl.unique-id-service-694497b678-4plln,container_memory_mapped_file,0.0
1745322465,kashef-k8s-ctl.post-storage-memcached-6b75788fc6-k6jch,container_memory_mapped_file,0.0
1745322465,kashef-k8s-w1.user-memcached-59687c864d-tbvff,container_memory_mapped_file,0.0
1745322465,kashef-k8s-ctl.jaeger-67997f9775-qpx72,container_memory_mapped_file,0.0
1745322465,kashef-k8s-ctl.social-graph-redis-5bbd5b7458-gjgpw,container_memory_mapped_file,0.0
1745322465,kashef-k8s-ctl.user-mongodb-7745bbd78-zwzzt,container_memory_mapped_file,0.0
1745322465,kashef-k8s-w1.url-shorten-service-66949ddcc4-lzqzz,container_memory_mapped_file,0.0
1745322465,kashef-k8s-w1.user-timeline-mongodb-6758898d48-s2r24,container_memory_mapped_file,0.0
1745322465,kashef-k8s-w1.url-shorten-mongodb-57c886d5f8-9pbzv,container_memory_mapped_file,0.0
1745322465,kashef-k8s-w1.compose-post-service-f587bf89d-b4qsv,container_memory_mapped_file,0.0
1745322465,kashef-k8s-w1.temp-debug-alt,container_memory_mapped_file,0.0
1745322465,kashef-k8s-w1.social-graph-service-677dbc655c-g8qbp,container_memory_mapped_file,0.0
1745322468,kashef-k8s-w1.post-storage-mongodb-5579669d8c-ddkkh,container_memory_mapped_file,0.0
1745322468,kashef-k8s-w1.url-shorten-memcached-6546746864-zdsn5,container_memory_mapped_file,0.0
1745322468,kashef-k8s-ctl.media-frontend-6b66b95ff4-czttt,container_memory_mapped_file,0.0
1745322468,kashef-k8s-w1.social-graph-service-677dbc655c-g8qbp,container_memory_mapped_file,0.0
1745322468,kashef-k8s-w1.compose-post-service-f587bf89d-b4qsv,container_memory_mapped_file,0.0
1745322468,kashef-k8s-w1.temp-debug-alt,container_memory_mapped_file,0.0
1745322468,kashef-k8s-w1.media-memcached-7889bdfdfb-lxrsq,container_memory_mapped_file,0.0
1745322468,kashef-k8s-ctl.user-mention-service-5c4f566c5-rxnwj,container_memory_mapped_file,0.0
1745322468,kashef-k8s-ctl.post-storage-service-66c9966f5f-5bn6s,container_memory_mapped_file,0.0
1745322468,kashef-k8s-w1.media-service-6c665c775d-hg6fb,container_memory_mapped_file,0.0
1745322468,kashef-k8s-w1.home-timeline-redis-6c6647df6f-twn7p,container_memory_mapped_file,0.0
1745322468,kashef-k8s-ctl.social-graph-mongodb-55df767ff5-26cq9,container_memory_mapped_file,0.0
1745322468,kashef-k8s-w1.url-shorten-mongodb-57c886d5f8-9pbzv,container_memory_mapped_file,0.0
1745322468,kashef-k8s-ctl.user-mongodb-7745bbd78-zwzzt,container_memory_mapped_file,0.0
1745322468,kashef-k8s-ctl.jaeger-67997f9775-qpx72,container_memory_mapped_file,0.0
1745322468,kashef-k8s-ctl.text-service-fff64b8bf-q96h7,container_memory_mapped_file,0.0
1745322468,kashef-k8s-ctl.social-graph-redis-5bbd5b7458-gjgpw,container_memory_mapped_file,0.0
1745322468,kashef-k8s-ctl.media-mongodb-7b64c59567-68bdt,container_memory_mapped_file,0.0
1745322468,kashef-k8s-w1.user-timeline-service-664c7f6696-9hrr8,container_memory_mapped_file,0.0
1745322468,kashef-k8s-ctl.post-storage-memcached-6b75788fc6-k6jch,container_memory_mapped_file,0.0
1745322468,kashef-k8s-ctl.unique-id-service-694497b678-4plln,container_memory_mapped_file,0.0
1745322468,kashef-k8s-w1.user-memcached-59687c864d-tbvff,container_memory_mapped_file,0.0
1745322468,kashef-k8s-ctl.nginx-thrift-79478f9bf5-dqxlb,container_memory_mapped_file,0.0
1745322468,kashef-k8s-w1.url-shorten-service-66949ddcc4-lzqzz,container_memory_mapped_file,0.0
1745322468,kashef-k8s-w1.user-timeline-mongodb-6758898d48-s2r24,container_memory_mapped_file,0.0
1745322471,kashef-k8s-ctl.nginx-thrift-79478f9bf5-dqxlb,container_memory_mapped_file,0.0
1745322471,kashef-k8s-w1.user-timeline-mongodb-6758898d48-s2r24,container_memory_mapped_file,0.0
1745322471,kashef-k8s-ctl.media-frontend-6b66b95ff4-czttt,container_memory_mapped_file,0.0
1745322471,kashef-k8s-w1.url-shorten-service-66949ddcc4-lzqzz,container_memory_mapped_file,0.0
1745322471,kashef-k8s-w1.post-storage-mongodb-5579669d8c-ddkkh,container_memory_mapped_file,0.0
1745322471,kashef-k8s-ctl.post-storage-memcached-6b75788fc6-k6jch,container_memory_mapped_file,0.0
1745322471,kashef-k8s-ctl.home-timeline-service-5754ffbc6d-82vw2,container_memory_mapped_file,0.0
1745322471,kashef-k8s-ctl.unique-id-service-694497b678-4plln,container_memory_mapped_file,0.0
1745322471,kashef-k8s-ctl.jaeger-67997f9775-qpx72,container_memory_mapped_file,0.0
1745322471,kashef-k8s-ctl.text-service-fff64b8bf-q96h7,container_memory_mapped_file,0.0
1745322471,kashef-k8s-w1.url-shorten-mongodb-57c886d5f8-9pbzv,container_memory_mapped_file,0.0
1745322471,kashef-k8s-ctl.social-graph-redis-5bbd5b7458-gjgpw,container_memory_mapped_file,0.0
1745322471,kashef-k8s-ctl.media-mongodb-7b64c59567-68bdt,container_memory_mapped_file,0.0
1745322471,kashef-k8s-w1.user-timeline-service-664c7f6696-9hrr8,container_memory_mapped_file,0.0
1745322471,kashef-k8s-w1.user-memcached-59687c864d-tbvff,container_memory_mapped_file,0.0
1745322471,kashef-k8s-ctl.user-mongodb-7745bbd78-zwzzt,container_memory_mapped_file,0.0
1745322471,kashef-k8s-ctl.user-timeline-redis-67cc95bc57-9fdqx,container_memory_mapped_file,0.0
1745322471,kashef-k8s-ctl.user-mention-service-5c4f566c5-rxnwj,container_memory_mapped_file,0.0
1745322471,kashef-k8s-w1.social-graph-service-677dbc655c-g8qbp,container_memory_mapped_file,12288.0
1745322471,kashef-k8s-ctl.post-storage-service-66c9966f5f-5bn6s,container_memory_mapped_file,0.0
1745322471,kashef-k8s-w1.temp-debug-alt,container_memory_mapped_file,0.0
1745322471,kashef-k8s-ctl.social-graph-mongodb-55df767ff5-26cq9,container_memory_mapped_file,0.0
1745322471,kashef-k8s-w1.url-shorten-memcached-6546746864-zdsn5,container_memory_mapped_file,0.0
1745322471,kashef-k8s-w1.media-memcached-7889bdfdfb-lxrsq,container_memory_mapped_file,0.0
1745322471,kashef-k8s-w1.compose-post-service-f587bf89d-b4qsv,container_memory_mapped_file,0.0
1745322471,kashef-k8s-w1.home-timeline-redis-6c6647df6f-twn7p,container_memory_mapped_file,0.0
1745322471,kashef-k8s-w1.media-service-6c665c775d-hg6fb,container_memory_mapped_file,0.0
1745322474,kashef-k8s-ctl.home-timeline-service-5754ffbc6d-82vw2,container_memory_mapped_file,0.0
1745322474,kashef-k8s-ctl.post-storage-memcached-6b75788fc6-k6jch,container_memory_mapped_file,0.0
1745322474,kashef-k8s-ctl.user-mongodb-7745bbd78-zwzzt,container_memory_mapped_file,0.0
1745322474,kashef-k8s-w1.post-storage-mongodb-5579669d8c-ddkkh,container_memory_mapped_file,0.0
1745322474,kashef-k8s-w1.media-memcached-7889bdfdfb-lxrsq,container_memory_mapped_file,0.0
1745322474,kashef-k8s-w1.url-shorten-mongodb-57c886d5f8-9pbzv,container_memory_mapped_file,0.0
1745322474,kashef-k8s-ctl.jaeger-67997f9775-qpx72,container_memory_mapped_file,0.0
1745322474,kashef-k8s-w1.user-timeline-service-664c7f6696-9hrr8,container_memory_mapped_file,0.0
1745322474,kashef-k8s-ctl.text-service-fff64b8bf-q96h7,container_memory_mapped_file,0.0
1745322474,kashef-k8s-w1.user-memcached-59687c864d-tbvff,container_memory_mapped_file,0.0
1745322474,kashef-k8s-ctl.unique-id-service-694497b678-4plln,container_memory_mapped_file,0.0
1745322474,kashef-k8s-ctl.media-mongodb-7b64c59567-68bdt,container_memory_mapped_file,0.0
1745322474,kashef-k8s-w1.home-timeline-redis-6c6647df6f-twn7p,container_memory_mapped_file,0.0
1745322474,kashef-k8s-ctl.media-frontend-6b66b95ff4-czttt,container_memory_mapped_file,0.0
1745322474,kashef-k8s-ctl.post-storage-service-66c9966f5f-5bn6s,container_memory_mapped_file,0.0
1745322474,kashef-k8s-ctl.nginx-thrift-79478f9bf5-dqxlb,container_memory_mapped_file,0.0
1745322474,kashef-k8s-w1.user-timeline-mongodb-6758898d48-s2r24,container_memory_mapped_file,0.0
1745322474,kashef-k8s-w1.compose-post-service-f587bf89d-b4qsv,container_memory_mapped_file,0.0
1745322474,kashef-k8s-w1.media-service-6c665c775d-hg6fb,container_memory_mapped_file,0.0
1745322474,kashef-k8s-w1.temp-debug-alt,container_memory_mapped_file,0.0
1745322474,kashef-k8s-ctl.social-graph-redis-5bbd5b7458-gjgpw,container_memory_mapped_file,0.0
1745322474,kashef-k8s-w1.social-graph-service-677dbc655c-g8qbp,container_memory_mapped_file,12288.0
1745322474,kashef-k8s-ctl.user-mention-service-5c4f566c5-rxnwj,container_memory_mapped_file,0.0
1745322474,kashef-k8s-ctl.user-timeline-redis-67cc95bc57-9fdqx,container_memory_mapped_file,0.0
1745322474,kashef-k8s-ctl.social-graph-mongodb-55df767ff5-26cq9,container_memory_mapped_file,0.0
1745322474,kashef-k8s-w1.url-shorten-memcached-6546746864-zdsn5,container_memory_mapped_file,0.0
1745322474,kashef-k8s-w1.url-shorten-service-66949ddcc4-lzqzz,container_memory_mapped_file,12288.0
1745322477,kashef-k8s-w1.post-storage-mongodb-5579669d8c-ddkkh,container_memory_mapped_file,0.0
1745322477,kashef-k8s-w1.social-graph-service-677dbc655c-g8qbp,container_memory_mapped_file,12288.0
1745322477,kashef-k8s-ctl.post-storage-service-66c9966f5f-5bn6s,container_memory_mapped_file,0.0
1745322477,kashef-k8s-ctl.nginx-thrift-79478f9bf5-dqxlb,container_memory_mapped_file,0.0
1745322477,kashef-k8s-ctl.user-mention-service-5c4f566c5-rxnwj,container_memory_mapped_file,0.0
1745322477,kashef-k8s-ctl.home-timeline-service-5754ffbc6d-82vw2,container_memory_mapped_file,0.0
1745322477,kashef-k8s-w1.compose-post-service-f587bf89d-b4qsv,container_memory_mapped_file,0.0
1745322477,kashef-k8s-ctl.social-graph-mongodb-55df767ff5-26cq9,container_memory_mapped_file,0.0
1745322477,kashef-k8s-ctl.text-service-fff64b8bf-q96h7,container_memory_mapped_file,0.0
1745322477,kashef-k8s-ctl.social-graph-redis-5bbd5b7458-gjgpw,container_memory_mapped_file,0.0
1745322477,kashef-k8s-ctl.user-timeline-redis-67cc95bc57-9fdqx,container_memory_mapped_file,0.0
1745322477,kashef-k8s-w1.url-shorten-mongodb-57c886d5f8-9pbzv,container_memory_mapped_file,0.0
1745322477,kashef-k8s-ctl.jaeger-67997f9775-qpx72,container_memory_mapped_file,0.0
1745322477,kashef-k8s-w1.media-service-6c665c775d-hg6fb,container_memory_mapped_file,0.0
1745322477,kashef-k8s-w1.url-shorten-memcached-6546746864-zdsn5,container_memory_mapped_file,0.0
1745322477,kashef-k8s-w1.home-timeline-redis-6c6647df6f-twn7p,container_memory_mapped_file,0.0
1745322477,kashef-k8s-w1.user-timeline-service-664c7f6696-9hrr8,container_memory_mapped_file,12288.0
1745322477,kashef-k8s-ctl.user-mongodb-7745bbd78-zwzzt,container_memory_mapped_file,0.0
1745322477,kashef-k8s-w1.temp-debug-alt,container_memory_mapped_file,0.0
1745322477,kashef-k8s-w1.user-memcached-59687c864d-tbvff,container_memory_mapped_file,0.0
1745322477,kashef-k8s-ctl.media-mongodb-7b64c59567-68bdt,container_memory_mapped_file,0.0
1745322477,kashef-k8s-ctl.unique-id-service-694497b678-4plln,container_memory_mapped_file,0.0
1745322477,kashef-k8s-ctl.post-storage-memcached-6b75788fc6-k6jch,container_memory_mapped_file,0.0
1745322477,kashef-k8s-ctl.media-frontend-6b66b95ff4-czttt,container_memory_mapped_file,0.0
1745322477,kashef-k8s-w1.media-memcached-7889bdfdfb-lxrsq,container_memory_mapped_file,0.0
1745322477,kashef-k8s-w1.user-timeline-mongodb-6758898d48-s2r24,container_memory_mapped_file,0.0
1745322477,kashef-k8s-w1.url-shorten-service-66949ddcc4-lzqzz,container_memory_mapped_file,12288.0
1745322480,kashef-k8s-ctl.nginx-thrift-79478f9bf5-dqxlb,container_memory_mapped_file,0.0
1745322480,kashef-k8s-w1.media-memcached-7889bdfdfb-lxrsq,container_memory_mapped_file,0.0
1745322480,kashef-k8s-ctl.post-storage-memcached-6b75788fc6-k6jch,container_memory_mapped_file,0.0
1745322480,kashef-k8s-ctl.user-mongodb-7745bbd78-zwzzt,container_memory_mapped_file,0.0
1745322480,kashef-k8s-ctl.text-service-fff64b8bf-q96h7,container_memory_mapped_file,0.0
1745322480,kashef-k8s-ctl.social-graph-redis-5bbd5b7458-gjgpw,container_memory_mapped_file,0.0
1745322480,kashef-k8s-ctl.home-timeline-service-5754ffbc6d-82vw2,container_memory_mapped_file,0.0
1745322480,kashef-k8s-w1.user-timeline-mongodb-6758898d48-s2r24,container_memory_mapped_file,0.0
1745322480,kashef-k8s-ctl.user-timeline-redis-67cc95bc57-9fdqx,container_memory_mapped_file,0.0
1745322480,kashef-k8s-w1.compose-post-service-f587bf89d-b4qsv,container_memory_mapped_file,0.0
1745322480,kashef-k8s-w1.user-memcached-59687c864d-tbvff,container_memory_mapped_file,0.0
1745322480,kashef-k8s-ctl.media-mongodb-7b64c59567-68bdt,container_memory_mapped_file,0.0
1745322480,kashef-k8s-ctl.unique-id-service-694497b678-4plln,container_memory_mapped_file,0.0
1745322480,kashef-k8s-w1.url-shorten-mongodb-57c886d5f8-9pbzv,container_memory_mapped_file,0.0
1745322480,kashef-k8s-ctl.social-graph-mongodb-55df767ff5-26cq9,container_memory_mapped_file,0.0
1745322480,kashef-k8s-w1.url-shorten-memcached-6546746864-zdsn5,container_memory_mapped_file,0.0
1745322480,kashef-k8s-ctl.jaeger-67997f9775-qpx72,container_memory_mapped_file,0.0
1745322480,kashef-k8s-w1.temp-debug-alt,container_memory_mapped_file,0.0
1745322480,kashef-k8s-w1.user-timeline-service-664c7f6696-9hrr8,container_memory_mapped_file,12288.0
1745322480,kashef-k8s-w1.home-timeline-redis-6c6647df6f-twn7p,container_memory_mapped_file,0.0
1745322480,kashef-k8s-w1.media-service-6c665c775d-hg6fb,container_memory_mapped_file,0.0
1745322480,kashef-k8s-w1.url-shorten-service-66949ddcc4-lzqzz,container_memory_mapped_file,12288.0
1745322480,kashef-k8s-ctl.media-frontend-6b66b95ff4-czttt,container_memory_mapped_file,0.0
1745322480,kashef-k8s-ctl.post-storage-service-66c9966f5f-5bn6s,container_memory_mapped_file,0.0
1745322480,kashef-k8s-ctl.user-mention-service-5c4f566c5-rxnwj,container_memory_mapped_file,0.0
1745322480,kashef-k8s-w1.social-graph-service-677dbc655c-g8qbp,container_memory_mapped_file,12288.0
1745322480,kashef-k8s-w1.post-storage-mongodb-5579669d8c-ddkkh,container_memory_mapped_file,0.0
1745322483,kashef-k8s-w1.media-memcached-7889bdfdfb-lxrsq,container_memory_mapped_file,0.0
1745322483,kashef-k8s-ctl.user-mention-service-5c4f566c5-rxnwj,container_memory_mapped_file,0.0
1745322483,kashef-k8s-w1.url-shorten-service-66949ddcc4-lzqzz,container_memory_mapped_file,12288.0
1745322483,kashef-k8s-ctl.nginx-thrift-79478f9bf5-dqxlb,container_memory_mapped_file,0.0
1745322483,kashef-k8s-w1.user-memcached-59687c864d-tbvff,container_memory_mapped_file,0.0
1745322483,kashef-k8s-w1.home-timeline-redis-6c6647df6f-twn7p,container_memory_mapped_file,0.0
1745322483,kashef-k8s-ctl.media-frontend-6b66b95ff4-czttt,container_memory_mapped_file,0.0
1745322483,kashef-k8s-w1.post-storage-mongodb-5579669d8c-ddkkh,container_memory_mapped_file,0.0
1745322483,kashef-k8s-w1.media-service-6c665c775d-hg6fb,container_memory_mapped_file,0.0
1745322483,kashef-k8s-w1.url-shorten-mongodb-57c886d5f8-9pbzv,container_memory_mapped_file,0.0
1745322483,kashef-k8s-ctl.social-graph-mongodb-55df767ff5-26cq9,container_memory_mapped_file,0.0
1745322483,kashef-k8s-ctl.text-service-fff64b8bf-q96h7,container_memory_mapped_file,0.0
1745322483,kashef-k8s-w1.user-timeline-service-664c7f6696-9hrr8,container_memory_mapped_file,12288.0
1745322483,kashef-k8s-w1.url-shorten-memcached-6546746864-zdsn5,container_memory_mapped_file,0.0
1745322483,kashef-k8s-w1.temp-debug-alt,container_memory_mapped_file,0.0
1745322483,kashef-k8s-ctl.jaeger-67997f9775-qpx72,container_memory_mapped_file,0.0
1745322483,kashef-k8s-ctl.post-storage-service-66c9966f5f-5bn6s,container_memory_mapped_file,0.0
1745322483,kashef-k8s-ctl.social-graph-redis-5bbd5b7458-gjgpw,container_memory_mapped_file,0.0
1745322483,kashef-k8s-ctl.unique-id-service-694497b678-4plln,container_memory_mapped_file,0.0
1745322483,kashef-k8s-ctl.home-timeline-service-5754ffbc6d-82vw2,container_memory_mapped_file,0.0
1745322483,kashef-k8s-ctl.user-timeline-redis-67cc95bc57-9fdqx,container_memory_mapped_file,0.0
1745322483,kashef-k8s-w1.compose-post-service-f587bf89d-b4qsv,container_memory_mapped_file,0.0
1745322483,kashef-k8s-ctl.media-mongodb-7b64c59567-68bdt,container_memory_mapped_file,0.0
1745322483,kashef-k8s-ctl.post-storage-memcached-6b75788fc6-k6jch,container_memory_mapped_file,0.0
1745322483,kashef-k8s-w1.user-timeline-mongodb-6758898d48-s2r24,container_memory_mapped_file,0.0
1745322483,kashef-k8s-w1.social-graph-service-677dbc655c-g8qbp,container_memory_mapped_file,12288.0
1745322483,kashef-k8s-ctl.user-mongodb-7745bbd78-zwzzt,container_memory_mapped_file,0.0
1745322486,kashef-k8s-w1.home-timeline-redis-6c6647df6f-twn7p,container_memory_mapped_file,0.0
1745322486,kashef-k8s-w1.media-memcached-7889bdfdfb-lxrsq,container_memory_mapped_file,0.0
1745322486,kashef-k8s-ctl.media-frontend-6b66b95ff4-czttt,container_memory_mapped_file,0.0
1745322486,kashef-k8s-ctl.nginx-thrift-79478f9bf5-dqxlb,container_memory_mapped_file,0.0
1745322486,kashef-k8s-w1.user-memcached-59687c864d-tbvff,container_memory_mapped_file,0.0
1745322486,kashef-k8s-ctl.post-storage-service-66c9966f5f-5bn6s,container_memory_mapped_file,0.0
1745322486,kashef-k8s-w1.url-shorten-mongodb-57c886d5f8-9pbzv,container_memory_mapped_file,0.0
1745322486,kashef-k8s-ctl.text-service-fff64b8bf-q96h7,container_memory_mapped_file,0.0
1745322486,kashef-k8s-ctl.social-graph-redis-5bbd5b7458-gjgpw,container_memory_mapped_file,0.0
1745322486,kashef-k8s-w1.temp-debug-alt,container_memory_mapped_file,0.0
1745322486,kashef-k8s-ctl.jaeger-67997f9775-qpx72,container_memory_mapped_file,0.0
1745322486,kashef-k8s-w1.user-timeline-service-664c7f6696-9hrr8,container_memory_mapped_file,12288.0
1745322486,kashef-k8s-w1.media-service-6c665c775d-hg6fb,container_memory_mapped_file,0.0
1745322486,kashef-k8s-w1.url-shorten-service-66949ddcc4-lzqzz,container_memory_mapped_file,12288.0
1745322486,kashef-k8s-w1.url-shorten-memcached-6546746864-zdsn5,container_memory_mapped_file,0.0
1745322486,kashef-k8s-ctl.media-mongodb-7b64c59567-68bdt,container_memory_mapped_file,0.0
1745322486,kashef-k8s-w1.post-storage-mongodb-5579669d8c-ddkkh,container_memory_mapped_file,0.0
1745322486,kashef-k8s-ctl.post-storage-memcached-6b75788fc6-k6jch,container_memory_mapped_file,0.0
1745322486,kashef-k8s-ctl.user-mongodb-7745bbd78-zwzzt,container_memory_mapped_file,0.0
1745322486,kashef-k8s-ctl.user-mention-service-5c4f566c5-rxnwj,container_memory_mapped_file,0.0
1745322486,kashef-k8s-ctl.social-graph-mongodb-55df767ff5-26cq9,container_memory_mapped_file,0.0
1745322486,kashef-k8s-ctl.home-timeline-service-5754ffbc6d-82vw2,container_memory_mapped_file,0.0
1745322486,kashef-k8s-w1.compose-post-service-f587bf89d-b4qsv,container_memory_mapped_file,0.0
1745322486,kashef-k8s-ctl.user-timeline-redis-67cc95bc57-9fdqx,container_memory_mapped_file,0.0
1745322486,kashef-k8s-w1.user-timeline-mongodb-6758898d48-s2r24,container_memory_mapped_file,0.0
1745322486,kashef-k8s-w1.social-graph-service-677dbc655c-g8qbp,container_memory_mapped_file,12288.0
1745322486,kashef-k8s-ctl.unique-id-service-694497b678-4plln,container_memory_mapped_file,0.0
1745322489,kashef-k8s-w1.url-shorten-service-66949ddcc4-lzqzz,container_memory_mapped_file,12288.0
1745322489,kashef-k8s-ctl.media-frontend-6b66b95ff4-czttt,container_memory_mapped_file,0.0
1745322489,kashef-k8s-w1.media-memcached-7889bdfdfb-lxrsq,container_memory_mapped_file,0.0
1745322489,kashef-k8s-ctl.social-graph-redis-5bbd5b7458-gjgpw,container_memory_mapped_file,0.0
1745322489,kashef-k8s-w1.temp-debug-alt,container_memory_mapped_file,0.0
1745322489,kashef-k8s-w1.media-service-6c665c775d-hg6fb,container_memory_mapped_file,0.0
1745322489,kashef-k8s-ctl.user-mongodb-7745bbd78-zwzzt,container_memory_mapped_file,0.0
1745322489,kashef-k8s-ctl.home-timeline-service-5754ffbc6d-82vw2,container_memory_mapped_file,0.0
1745322489,kashef-k8s-ctl.jaeger-67997f9775-qpx72,container_memory_mapped_file,0.0
1745322489,kashef-k8s-w1.social-graph-service-677dbc655c-g8qbp,container_memory_mapped_file,12288.0
1745322489,kashef-k8s-ctl.post-storage-service-66c9966f5f-5bn6s,container_memory_mapped_file,0.0
1745322489,kashef-k8s-ctl.nginx-thrift-79478f9bf5-dqxlb,container_memory_mapped_file,0.0
1745322489,kashef-k8s-ctl.media-mongodb-7b64c59567-68bdt,container_memory_mapped_file,0.0
1745322489,kashef-k8s-ctl.unique-id-service-694497b678-4plln,container_memory_mapped_file,0.0
1745322489,kashef-k8s-w1.user-timeline-service-664c7f6696-9hrr8,container_memory_mapped_file,12288.0
1745322489,kashef-k8s-w1.home-timeline-redis-6c6647df6f-twn7p,container_memory_mapped_file,0.0
1745322489,kashef-k8s-w1.user-memcached-59687c864d-tbvff,container_memory_mapped_file,0.0
1745322489,kashef-k8s-w1.user-timeline-mongodb-6758898d48-s2r24,container_memory_mapped_file,0.0
1745322489,kashef-k8s-ctl.user-mention-service-5c4f566c5-rxnwj,container_memory_mapped_file,0.0
1745322489,kashef-k8s-w1.compose-post-service-f587bf89d-b4qsv,container_memory_mapped_file,0.0
1745322489,kashef-k8s-ctl.post-storage-memcached-6b75788fc6-k6jch,container_memory_mapped_file,0.0
1745322489,kashef-k8s-ctl.social-graph-mongodb-55df767ff5-26cq9,container_memory_mapped_file,0.0
1745322489,kashef-k8s-w1.url-shorten-memcached-6546746864-zdsn5,container_memory_mapped_file,0.0
1745322489,kashef-k8s-w1.url-shorten-mongodb-57c886d5f8-9pbzv,container_memory_mapped_file,0.0
1745322489,kashef-k8s-w1.post-storage-mongodb-5579669d8c-ddkkh,container_memory_mapped_file,0.0
1745322489,kashef-k8s-ctl.user-timeline-redis-67cc95bc57-9fdqx,container_memory_mapped_file,0.0
1745322489,kashef-k8s-ctl.text-service-fff64b8bf-q96h7,container_memory_mapped_file,0.0
1745322492,kashef-k8s-ctl.media-frontend-6b66b95ff4-czttt,container_memory_mapped_file,0.0
1745322492,kashef-k8s-w1.media-service-6c665c775d-hg6fb,container_memory_mapped_file,0.0
1745322492,kashef-k8s-ctl.user-mention-service-5c4f566c5-rxnwj,container_memory_mapped_file,0.0
1745322492,kashef-k8s-ctl.social-graph-redis-5bbd5b7458-gjgpw,container_memory_mapped_file,0.0
1745322492,kashef-k8s-w1.temp-debug-alt,container_memory_mapped_file,0.0
1745322492,kashef-k8s-ctl.user-mongodb-7745bbd78-zwzzt,container_memory_mapped_file,0.0
1745322492,kashef-k8s-ctl.text-service-fff64b8bf-q96h7,container_memory_mapped_file,0.0
1745322492,kashef-k8s-w1.social-graph-service-677dbc655c-g8qbp,container_memory_mapped_file,12288.0
1745322492,kashef-k8s-w1.home-timeline-redis-6c6647df6f-twn7p,container_memory_mapped_file,0.0
1745322492,kashef-k8s-ctl.jaeger-67997f9775-qpx72,container_memory_mapped_file,0.0
1745322492,kashef-k8s-w1.url-shorten-mongodb-57c886d5f8-9pbzv,container_memory_mapped_file,0.0
1745322492,kashef-k8s-ctl.social-graph-mongodb-55df767ff5-26cq9,container_memory_mapped_file,0.0
1745322492,kashef-k8s-w1.url-shorten-memcached-6546746864-zdsn5,container_memory_mapped_file,0.0
1745322492,kashef-k8s-ctl.home-timeline-service-5754ffbc6d-82vw2,container_memory_mapped_file,0.0
1745322492,kashef-k8s-ctl.nginx-thrift-79478f9bf5-dqxlb,container_memory_mapped_file,0.0
1745322492,kashef-k8s-ctl.media-mongodb-7b64c59567-68bdt,container_memory_mapped_file,0.0
1745322492,kashef-k8s-ctl.unique-id-service-694497b678-4plln,container_memory_mapped_file,0.0
1745322492,kashef-k8s-w1.user-memcached-59687c864d-tbvff,container_memory_mapped_file,0.0
1745322492,kashef-k8s-ctl.post-storage-memcached-6b75788fc6-k6jch,container_memory_mapped_file,0.0
1745322492,kashef-k8s-w1.compose-post-service-f587bf89d-b4qsv,container_memory_mapped_file,0.0
1745322492,kashef-k8s-w1.user-timeline-service-664c7f6696-9hrr8,container_memory_mapped_file,12288.0
1745322492,kashef-k8s-ctl.post-storage-service-66c9966f5f-5bn6s,container_memory_mapped_file,0.0
1745322492,kashef-k8s-w1.post-storage-mongodb-5579669d8c-ddkkh,container_memory_mapped_file,0.0
1745322492,kashef-k8s-w1.media-memcached-7889bdfdfb-lxrsq,container_memory_mapped_file,0.0
1745322492,kashef-k8s-w1.url-shorten-service-66949ddcc4-lzqzz,container_memory_mapped_file,12288.0
1745322492,kashef-k8s-ctl.user-timeline-redis-67cc95bc57-9fdqx,container_memory_mapped_file,0.0
1745322492,kashef-k8s-w1.user-timeline-mongodb-6758898d48-s2r24,container_memory_mapped_file,0.0
1745322495,kashef-k8s-ctl.jaeger-67997f9775-qpx72,container_memory_mapped_file,0.0
1745322495,kashef-k8s-ctl.post-storage-memcached-6b75788fc6-k6jch,container_memory_mapped_file,0.0
1745322495,kashef-k8s-w1.user-memcached-59687c864d-tbvff,container_memory_mapped_file,0.0
1745322495,kashef-k8s-ctl.nginx-thrift-79478f9bf5-dqxlb,container_memory_mapped_file,0.0
1745322495,kashef-k8s-ctl.media-mongodb-7b64c59567-68bdt,container_memory_mapped_file,0.0
1745322495,kashef-k8s-ctl.unique-id-service-694497b678-4plln,container_memory_mapped_file,0.0
1745322495,kashef-k8s-ctl.home-timeline-service-5754ffbc6d-82vw2,container_memory_mapped_file,0.0
1745322495,kashef-k8s-ctl.user-timeline-redis-67cc95bc57-9fdqx,container_memory_mapped_file,0.0
1745322495,kashef-k8s-w1.url-shorten-mongodb-57c886d5f8-9pbzv,container_memory_mapped_file,0.0
1745322495,kashef-k8s-ctl.social-graph-mongodb-55df767ff5-26cq9,container_memory_mapped_file,0.0
1745322495,kashef-k8s-w1.media-memcached-7889bdfdfb-lxrsq,container_memory_mapped_file,0.0
1745322495,kashef-k8s-w1.social-graph-service-677dbc655c-g8qbp,container_memory_mapped_file,12288.0
1745322495,kashef-k8s-w1.home-timeline-redis-6c6647df6f-twn7p,container_memory_mapped_file,0.0
1745322495,kashef-k8s-ctl.user-mongodb-7745bbd78-zwzzt,container_memory_mapped_file,0.0
1745322495,kashef-k8s-w1.temp-debug-alt,container_memory_mapped_file,0.0
1745322495,kashef-k8s-ctl.text-service-fff64b8bf-q96h7,container_memory_mapped_file,0.0
1745322495,kashef-k8s-ctl.social-graph-redis-5bbd5b7458-gjgpw,container_memory_mapped_file,0.0
1745322495,kashef-k8s-ctl.media-frontend-6b66b95ff4-czttt,container_memory_mapped_file,0.0
1745322495,kashef-k8s-w1.user-timeline-mongodb-6758898d48-s2r24,container_memory_mapped_file,0.0
1745322495,kashef-k8s-w1.url-shorten-service-66949ddcc4-lzqzz,container_memory_mapped_file,12288.0
1745322495,kashef-k8s-ctl.user-mention-service-5c4f566c5-rxnwj,container_memory_mapped_file,12288.0
1745322495,kashef-k8s-w1.post-storage-mongodb-5579669d8c-ddkkh,container_memory_mapped_file,0.0
1745322495,kashef-k8s-w1.media-service-6c665c775d-hg6fb,container_memory_mapped_file,0.0
1745322495,kashef-k8s-w1.compose-post-service-f587bf89d-b4qsv,container_memory_mapped_file,0.0
1745322495,kashef-k8s-w1.user-timeline-service-664c7f6696-9hrr8,container_memory_mapped_file,12288.0
1745322495,kashef-k8s-w1.url-shorten-memcached-6546746864-zdsn5,container_memory_mapped_file,0.0
1745322495,kashef-k8s-ctl.post-storage-service-66c9966f5f-5bn6s,container_memory_mapped_file,12288.0
1745322498,kashef-k8s-ctl.social-graph-mongodb-55df767ff5-26cq9,container_memory_mapped_file,0.0
1745322498,kashef-k8s-ctl.social-graph-redis-5bbd5b7458-gjgpw,container_memory_mapped_file,0.0
1745322498,kashef-k8s-ctl.user-mention-service-5c4f566c5-rxnwj,container_memory_mapped_file,12288.0
1745322498,kashef-k8s-ctl.jaeger-67997f9775-qpx72,container_memory_mapped_file,0.0
1745322498,kashef-k8s-w1.social-graph-service-677dbc655c-g8qbp,container_memory_mapped_file,12288.0
1745322498,kashef-k8s-w1.home-timeline-redis-6c6647df6f-twn7p,container_memory_mapped_file,0.0
1745322498,kashef-k8s-ctl.user-mongodb-7745bbd78-zwzzt,container_memory_mapped_file,0.0
1745322498,kashef-k8s-ctl.text-service-fff64b8bf-q96h7,container_memory_mapped_file,0.0
1745322498,kashef-k8s-w1.compose-post-service-f587bf89d-b4qsv,container_memory_mapped_file,0.0
1745322498,kashef-k8s-w1.temp-debug-alt,container_memory_mapped_file,0.0
1745322498,kashef-k8s-w1.media-memcached-7889bdfdfb-lxrsq,container_memory_mapped_file,0.0
1745322498,kashef-k8s-w1.user-timeline-mongodb-6758898d48-s2r24,container_memory_mapped_file,0.0
1745322498,kashef-k8s-w1.url-shorten-service-66949ddcc4-lzqzz,container_memory_mapped_file,12288.0
1745322498,kashef-k8s-w1.post-storage-mongodb-5579669d8c-ddkkh,container_memory_mapped_file,0.0
1745322498,kashef-k8s-w1.media-service-6c665c775d-hg6fb,container_memory_mapped_file,0.0
1745322498,kashef-k8s-ctl.media-frontend-6b66b95ff4-czttt,container_memory_mapped_file,16384.0
1745322498,kashef-k8s-ctl.post-storage-memcached-6b75788fc6-k6jch,container_memory_mapped_file,0.0
1745322498,kashef-k8s-w1.user-timeline-service-664c7f6696-9hrr8,container_memory_mapped_file,12288.0
1745322498,kashef-k8s-w1.url-shorten-mongodb-57c886d5f8-9pbzv,container_memory_mapped_file,0.0
1745322498,kashef-k8s-ctl.post-storage-service-66c9966f5f-5bn6s,container_memory_mapped_file,12288.0
1745322498,kashef-k8s-w1.user-memcached-59687c864d-tbvff,container_memory_mapped_file,0.0
1745322498,kashef-k8s-w1.url-shorten-memcached-6546746864-zdsn5,container_memory_mapped_file,0.0
1745322498,kashef-k8s-ctl.media-mongodb-7b64c59567-68bdt,container_memory_mapped_file,0.0
1745322498,kashef-k8s-ctl.unique-id-service-694497b678-4plln,container_memory_mapped_file,0.0
1745322498,kashef-k8s-ctl.nginx-thrift-79478f9bf5-dqxlb,container_memory_mapped_file,0.0
1745322498,kashef-k8s-ctl.user-timeline-redis-67cc95bc57-9fdqx,container_memory_mapped_file,0.0
1745322498,kashef-k8s-ctl.home-timeline-service-5754ffbc6d-82vw2,container_memory_mapped_file,0.0
1745322501,kashef-k8s-ctl.text-service-fff64b8bf-q96h7,container_memory_mapped_file,0.0
1745322501,kashef-k8s-ctl.user-mention-service-5c4f566c5-rxnwj,container_memory_mapped_file,12288.0
1745322501,kashef-k8s-ctl.media-frontend-6b66b95ff4-czttt,container_memory_mapped_file,16384.0
1745322501,kashef-k8s-ctl.post-storage-memcached-6b75788fc6-k6jch,container_memory_mapped_file,0.0
1745322501,kashef-k8s-ctl.social-graph-mongodb-55df767ff5-26cq9,container_memory_mapped_file,0.0
1745322501,kashef-k8s-w1.url-shorten-mongodb-57c886d5f8-9pbzv,container_memory_mapped_file,0.0
1745322501,kashef-k8s-w1.url-shorten-memcached-6546746864-zdsn5,container_memory_mapped_file,0.0
1745322501,kashef-k8s-w1.post-storage-mongodb-5579669d8c-ddkkh,container_memory_mapped_file,0.0
1745322501,kashef-k8s-w1.user-timeline-mongodb-6758898d48-s2r24,container_memory_mapped_file,0.0
1745322501,kashef-k8s-w1.media-memcached-7889bdfdfb-lxrsq,container_memory_mapped_file,0.0
1745322501,kashef-k8s-ctl.home-timeline-service-5754ffbc6d-82vw2,container_memory_mapped_file,0.0
1745322501,kashef-k8s-w1.temp-debug-alt,container_memory_mapped_file,0.0
1745322501,kashef-k8s-ctl.user-timeline-redis-67cc95bc57-9fdqx,container_memory_mapped_file,0.0
1745322501,kashef-k8s-w1.social-graph-service-677dbc655c-g8qbp,container_memory_mapped_file,12288.0
1745322501,kashef-k8s-ctl.jaeger-67997f9775-qpx72,container_memory_mapped_file,0.0
1745322501,kashef-k8s-w1.compose-post-service-f587bf89d-b4qsv,container_memory_mapped_file,0.0
1745322501,kashef-k8s-ctl.media-mongodb-7b64c59567-68bdt,container_memory_mapped_file,0.0
1745322501,kashef-k8s-ctl.user-mongodb-7745bbd78-zwzzt,container_memory_mapped_file,0.0
1745322501,kashef-k8s-ctl.nginx-thrift-79478f9bf5-dqxlb,container_memory_mapped_file,0.0
1745322501,kashef-k8s-ctl.post-storage-service-66c9966f5f-5bn6s,container_memory_mapped_file,12288.0
1745322501,kashef-k8s-w1.home-timeline-redis-6c6647df6f-twn7p,container_memory_mapped_file,0.0
1745322501,kashef-k8s-ctl.unique-id-service-694497b678-4plln,container_memory_mapped_file,0.0
1745322501,kashef-k8s-w1.url-shorten-service-66949ddcc4-lzqzz,container_memory_mapped_file,12288.0
1745322501,kashef-k8s-w1.user-memcached-59687c864d-tbvff,container_memory_mapped_file,0.0
1745322501,kashef-k8s-w1.user-timeline-service-664c7f6696-9hrr8,container_memory_mapped_file,12288.0
1745322501,kashef-k8s-w1.media-service-6c665c775d-hg6fb,container_memory_mapped_file,0.0
1745322501,kashef-k8s-ctl.social-graph-redis-5bbd5b7458-gjgpw,container_memory_mapped_file,0.0
1745322504,kashef-k8s-w1.post-storage-mongodb-5579669d8c-ddkkh,container_memory_mapped_file,0.0
1745322504,kashef-k8s-w1.temp-debug-alt,container_memory_mapped_file,0.0
1745322504,kashef-k8s-w1.media-service-6c665c775d-hg6fb,container_memory_mapped_file,0.0
1745322504,kashef-k8s-ctl.text-service-fff64b8bf-q96h7,container_memory_mapped_file,0.0
1745322504,kashef-k8s-ctl.user-mongodb-7745bbd78-zwzzt,container_memory_mapped_file,0.0
1745322504,kashef-k8s-w1.user-timeline-service-664c7f6696-9hrr8,container_memory_mapped_file,12288.0
1745322504,kashef-k8s-w1.user-memcached-59687c864d-tbvff,container_memory_mapped_file,0.0
1745322504,kashef-k8s-w1.social-graph-service-677dbc655c-g8qbp,container_memory_mapped_file,12288.0
1745322504,kashef-k8s-ctl.media-frontend-6b66b95ff4-czttt,container_memory_mapped_file,16384.0
1745322504,kashef-k8s-w1.url-shorten-mongodb-57c886d5f8-9pbzv,container_memory_mapped_file,0.0
1745322504,kashef-k8s-ctl.social-graph-redis-5bbd5b7458-gjgpw,container_memory_mapped_file,0.0
1745322504,kashef-k8s-ctl.jaeger-67997f9775-qpx72,container_memory_mapped_file,0.0
1745322504,kashef-k8s-ctl.nginx-thrift-79478f9bf5-dqxlb,container_memory_mapped_file,0.0
1745322504,kashef-k8s-w1.url-shorten-memcached-6546746864-zdsn5,container_memory_mapped_file,0.0
1745322504,kashef-k8s-w1.user-timeline-mongodb-6758898d48-s2r24,container_memory_mapped_file,0.0
1745322504,kashef-k8s-ctl.post-storage-service-66c9966f5f-5bn6s,container_memory_mapped_file,12288.0
1745322504,kashef-k8s-ctl.social-graph-mongodb-55df767ff5-26cq9,container_memory_mapped_file,0.0
1745322504,kashef-k8s-w1.home-timeline-redis-6c6647df6f-twn7p,container_memory_mapped_file,0.0
1745322504,kashef-k8s-ctl.home-timeline-service-5754ffbc6d-82vw2,container_memory_mapped_file,0.0
1745322504,kashef-k8s-ctl.media-mongodb-7b64c59567-68bdt,container_memory_mapped_file,0.0
1745322504,kashef-k8s-ctl.post-storage-memcached-6b75788fc6-k6jch,container_memory_mapped_file,0.0
1745322504,kashef-k8s-w1.compose-post-service-f587bf89d-b4qsv,container_memory_mapped_file,0.0
1745322504,kashef-k8s-ctl.unique-id-service-694497b678-4plln,container_memory_mapped_file,0.0
1745322504,kashef-k8s-ctl.user-timeline-redis-67cc95bc57-9fdqx,container_memory_mapped_file,0.0
1745322504,kashef-k8s-ctl.user-mention-service-5c4f566c5-rxnwj,container_memory_mapped_file,12288.0
1745322504,kashef-k8s-w1.url-shorten-service-66949ddcc4-lzqzz,container_memory_mapped_file,12288.0
1745322504,kashef-k8s-w1.media-memcached-7889bdfdfb-lxrsq,container_memory_mapped_file,0.0
1745322507,kashef-k8s-ctl.media-frontend-6b66b95ff4-czttt,container_memory_mapped_file,16384.0
1745322507,kashef-k8s-w1.url-shorten-service-66949ddcc4-lzqzz,container_memory_mapped_file,12288.0
1745322507,kashef-k8s-w1.post-storage-mongodb-5579669d8c-ddkkh,container_memory_mapped_file,0.0
1745322507,kashef-k8s-w1.media-memcached-7889bdfdfb-lxrsq,container_memory_mapped_file,0.0
1745322507,kashef-k8s-ctl.unique-id-service-694497b678-4plln,container_memory_mapped_file,0.0
1745322507,kashef-k8s-ctl.user-timeline-redis-67cc95bc57-9fdqx,container_memory_mapped_file,0.0
1745322507,kashef-k8s-ctl.text-service-fff64b8bf-q96h7,container_memory_mapped_file,0.0
1745322507,kashef-k8s-ctl.user-mention-service-5c4f566c5-rxnwj,container_memory_mapped_file,12288.0
1745322507,kashef-k8s-ctl.jaeger-67997f9775-qpx72,container_memory_mapped_file,0.0
1745322507,kashef-k8s-ctl.home-timeline-service-5754ffbc6d-82vw2,container_memory_mapped_file,0.0
1745322507,kashef-k8s-ctl.post-storage-service-66c9966f5f-5bn6s,container_memory_mapped_file,12288.0
1745322507,kashef-k8s-w1.home-timeline-redis-6c6647df6f-twn7p,container_memory_mapped_file,0.0
1745322507,kashef-k8s-ctl.media-mongodb-7b64c59567-68bdt,container_memory_mapped_file,0.0
1745322507,kashef-k8s-ctl.post-storage-memcached-6b75788fc6-k6jch,container_memory_mapped_file,0.0
1745322507,kashef-k8s-w1.compose-post-service-f587bf89d-b4qsv,container_memory_mapped_file,0.0
1745322507,kashef-k8s-w1.user-timeline-service-664c7f6696-9hrr8,container_memory_mapped_file,12288.0
1745322507,kashef-k8s-w1.social-graph-service-677dbc655c-g8qbp,container_memory_mapped_file,12288.0
1745322507,kashef-k8s-ctl.social-graph-redis-5bbd5b7458-gjgpw,container_memory_mapped_file,0.0
1745322507,kashef-k8s-w1.user-memcached-59687c864d-tbvff,container_memory_mapped_file,0.0
1745322507,kashef-k8s-w1.media-service-6c665c775d-hg6fb,container_memory_mapped_file,0.0
1745322507,kashef-k8s-w1.url-shorten-mongodb-57c886d5f8-9pbzv,container_memory_mapped_file,0.0
1745322507,kashef-k8s-w1.user-timeline-mongodb-6758898d48-s2r24,container_memory_mapped_file,0.0
1745322507,kashef-k8s-w1.temp-debug-alt,container_memory_mapped_file,0.0
1745322507,kashef-k8s-ctl.user-mongodb-7745bbd78-zwzzt,container_memory_mapped_file,0.0
1745322507,kashef-k8s-ctl.social-graph-mongodb-55df767ff5-26cq9,container_memory_mapped_file,0.0
1745322507,kashef-k8s-ctl.nginx-thrift-79478f9bf5-dqxlb,container_memory_mapped_file,0.0
1745322507,kashef-k8s-w1.url-shorten-memcached-6546746864-zdsn5,container_memory_mapped_file,0.0
1745322510,kashef-k8s-ctl.unique-id-service-694497b678-4plln,container_memory_mapped_file,0.0
1745322510,kashef-k8s-w1.url-shorten-service-66949ddcc4-lzqzz,container_memory_mapped_file,12288.0
1745322510,kashef-k8s-ctl.text-service-fff64b8bf-q96h7,container_memory_mapped_file,0.0
1745322510,kashef-k8s-w1.social-graph-service-677dbc655c-g8qbp,container_memory_mapped_file,12288.0
1745322510,kashef-k8s-ctl.user-mention-service-5c4f566c5-rxnwj,container_memory_mapped_file,12288.0
1745322510,kashef-k8s-w1.compose-post-service-f587bf89d-b4qsv,container_memory_mapped_file,0.0
1745322510,kashef-k8s-w1.home-timeline-redis-6c6647df6f-twn7p,container_memory_mapped_file,0.0
1745322510,kashef-k8s-ctl.jaeger-67997f9775-qpx72,container_memory_mapped_file,0.0
1745322510,kashef-k8s-w1.url-shorten-mongodb-57c886d5f8-9pbzv,container_memory_mapped_file,0.0
1745322510,kashef-k8s-w1.user-timeline-service-664c7f6696-9hrr8,container_memory_mapped_file,12288.0
1745322510,kashef-k8s-ctl.post-storage-memcached-6b75788fc6-k6jch,container_memory_mapped_file,0.0
1745322510,kashef-k8s-ctl.user-timeline-redis-67cc95bc57-9fdqx,container_memory_mapped_file,0.0
1745322510,kashef-k8s-ctl.media-mongodb-7b64c59567-68bdt,container_memory_mapped_file,0.0
1745322510,kashef-k8s-w1.post-storage-mongodb-5579669d8c-ddkkh,container_memory_mapped_file,0.0
1745322510,kashef-k8s-w1.media-memcached-7889bdfdfb-lxrsq,container_memory_mapped_file,0.0
1745322510,kashef-k8s-ctl.media-frontend-6b66b95ff4-czttt,container_memory_mapped_file,16384.0
1745322510,kashef-k8s-ctl.social-graph-redis-5bbd5b7458-gjgpw,container_memory_mapped_file,0.0
1745322510,kashef-k8s-ctl.post-storage-service-66c9966f5f-5bn6s,container_memory_mapped_file,12288.0
1745322510,kashef-k8s-ctl.social-graph-mongodb-55df767ff5-26cq9,container_memory_mapped_file,0.0
1745322510,kashef-k8s-w1.user-timeline-mongodb-6758898d48-s2r24,container_memory_mapped_file,0.0
1745322510,kashef-k8s-w1.url-shorten-memcached-6546746864-zdsn5,container_memory_mapped_file,0.0
1745322510,kashef-k8s-w1.user-memcached-59687c864d-tbvff,container_memory_mapped_file,0.0
1745322510,kashef-k8s-w1.media-service-6c665c775d-hg6fb,container_memory_mapped_file,0.0
1745322510,kashef-k8s-ctl.nginx-thrift-79478f9bf5-dqxlb,container_memory_mapped_file,0.0
1745322510,kashef-k8s-ctl.home-timeline-service-5754ffbc6d-82vw2,container_memory_mapped_file,0.0
1745322510,kashef-k8s-w1.temp-debug-alt,container_memory_mapped_file,0.0
1745322510,kashef-k8s-ctl.user-mongodb-7745bbd78-zwzzt,container_memory_mapped_file,0.0
1745322513,kashef-k8s-w1.url-shorten-memcached-6546746864-zdsn5,container_memory_mapped_file,0.0
1745322513,kashef-k8s-ctl.user-mention-service-5c4f566c5-rxnwj,container_memory_mapped_file,12288.0
1745322513,kashef-k8s-w1.media-service-6c665c775d-hg6fb,container_memory_mapped_file,0.0
1745322513,kashef-k8s-ctl.media-mongodb-7b64c59567-68bdt,container_memory_mapped_file,0.0
1745322513,kashef-k8s-ctl.user-timeline-redis-67cc95bc57-9fdqx,container_memory_mapped_file,0.0
1745322513,kashef-k8s-ctl.media-frontend-6b66b95ff4-czttt,container_memory_mapped_file,16384.0
1745322513,kashef-k8s-ctl.home-timeline-service-5754ffbc6d-82vw2,container_memory_mapped_file,0.0
1745322513,kashef-k8s-w1.user-memcached-59687c864d-tbvff,container_memory_mapped_file,0.0
1745322513,kashef-k8s-ctl.nginx-thrift-79478f9bf5-dqxlb,container_memory_mapped_file,0.0
1745322513,kashef-k8s-ctl.jaeger-67997f9775-qpx72,container_memory_mapped_file,0.0
1745322513,kashef-k8s-ctl.user-mongodb-7745bbd78-zwzzt,container_memory_mapped_file,0.0
1745322513,kashef-k8s-ctl.unique-id-service-694497b678-4plln,container_memory_mapped_file,0.0
1745322513,kashef-k8s-ctl.post-storage-service-66c9966f5f-5bn6s,container_memory_mapped_file,12288.0
1745322513,kashef-k8s-ctl.post-storage-memcached-6b75788fc6-k6jch,container_memory_mapped_file,0.0
1745322513,kashef-k8s-w1.url-shorten-mongodb-57c886d5f8-9pbzv,container_memory_mapped_file,0.0
1745322513,kashef-k8s-w1.temp-debug-alt,container_memory_mapped_file,0.0
1745322513,kashef-k8s-w1.post-storage-mongodb-5579669d8c-ddkkh,container_memory_mapped_file,0.0
1745322513,kashef-k8s-w1.home-timeline-redis-6c6647df6f-twn7p,container_memory_mapped_file,0.0
1745322513,kashef-k8s-ctl.social-graph-mongodb-55df767ff5-26cq9,container_memory_mapped_file,0.0
1745322513,kashef-k8s-w1.compose-post-service-f587bf89d-b4qsv,container_memory_mapped_file,0.0
1745322513,kashef-k8s-ctl.text-service-fff64b8bf-q96h7,container_memory_mapped_file,0.0
1745322513,kashef-k8s-w1.social-graph-service-677dbc655c-g8qbp,container_memory_mapped_file,12288.0
1745322513,kashef-k8s-w1.user-timeline-mongodb-6758898d48-s2r24,container_memory_mapped_file,0.0
1745322513,kashef-k8s-w1.url-shorten-service-66949ddcc4-lzqzz,container_memory_mapped_file,12288.0
1745322513,kashef-k8s-w1.user-timeline-service-664c7f6696-9hrr8,container_memory_mapped_file,12288.0
1745322513,kashef-k8s-ctl.social-graph-redis-5bbd5b7458-gjgpw,container_memory_mapped_file,0.0
1745322513,kashef-k8s-w1.media-memcached-7889bdfdfb-lxrsq,container_memory_mapped_file,0.0
1745322516,kashef-k8s-ctl.media-frontend-6b66b95ff4-czttt,container_memory_mapped_file,16384.0
1745322516,kashef-k8s-w1.user-timeline-service-664c7f6696-9hrr8,container_memory_mapped_file,12288.0
1745322516,kashef-k8s-ctl.social-graph-redis-5bbd5b7458-gjgpw,container_memory_mapped_file,0.0
1745322516,kashef-k8s-w1.media-memcached-7889bdfdfb-lxrsq,container_memory_mapped_file,0.0
1745322516,kashef-k8s-w1.social-graph-service-677dbc655c-g8qbp,container_memory_mapped_file,12288.0
1745322516,kashef-k8s-ctl.user-mongodb-7745bbd78-zwzzt,container_memory_mapped_file,0.0
1745322516,kashef-k8s-ctl.text-service-fff64b8bf-q96h7,container_memory_mapped_file,0.0
1745322516,kashef-k8s-w1.url-shorten-service-66949ddcc4-lzqzz,container_memory_mapped_file,12288.0
1745322516,kashef-k8s-w1.temp-debug-alt,container_memory_mapped_file,0.0
1745322516,kashef-k8s-w1.compose-post-service-f587bf89d-b4qsv,container_memory_mapped_file,0.0
1745322516,kashef-k8s-ctl.unique-id-service-694497b678-4plln,container_memory_mapped_file,0.0
1745322516,kashef-k8s-ctl.post-storage-service-66c9966f5f-5bn6s,container_memory_mapped_file,12288.0
1745322516,kashef-k8s-ctl.social-graph-mongodb-55df767ff5-26cq9,container_memory_mapped_file,0.0
1745322516,kashef-k8s-w1.home-timeline-redis-6c6647df6f-twn7p,container_memory_mapped_file,0.0
1745322516,kashef-k8s-w1.post-storage-mongodb-5579669d8c-ddkkh,container_memory_mapped_file,0.0
1745322516,kashef-k8s-w1.url-shorten-mongodb-57c886d5f8-9pbzv,container_memory_mapped_file,0.0
1745322516,kashef-k8s-ctl.post-storage-memcached-6b75788fc6-k6jch,container_memory_mapped_file,0.0
1745322516,kashef-k8s-ctl.home-timeline-service-5754ffbc6d-82vw2,container_memory_mapped_file,0.0
1745322516,kashef-k8s-ctl.user-timeline-redis-67cc95bc57-9fdqx,container_memory_mapped_file,0.0
1745322516,kashef-k8s-ctl.media-mongodb-7b64c59567-68bdt,container_memory_mapped_file,0.0
1745322516,kashef-k8s-ctl.jaeger-67997f9775-qpx72,container_memory_mapped_file,0.0
1745322516,kashef-k8s-w1.media-service-6c665c775d-hg6fb,container_memory_mapped_file,0.0
1745322516,kashef-k8s-ctl.user-mention-service-5c4f566c5-rxnwj,container_memory_mapped_file,12288.0
1745322516,kashef-k8s-w1.user-timeline-mongodb-6758898d48-s2r24,container_memory_mapped_file,0.0
1745322516,kashef-k8s-w1.url-shorten-memcached-6546746864-zdsn5,container_memory_mapped_file,0.0
1745322516,kashef-k8s-w1.user-memcached-59687c864d-tbvff,container_memory_mapped_file,0.0
1745322516,kashef-k8s-ctl.nginx-thrift-79478f9bf5-dqxlb,container_memory_mapped_file,0.0
1745322519,kashef-k8s-ctl.user-mongodb-7745bbd78-zwzzt,container_memory_mapped_file,0.0
1745322519,kashef-k8s-w1.media-memcached-7889bdfdfb-lxrsq,container_memory_mapped_file,0.0
1745322519,kashef-k8s-w1.user-timeline-service-664c7f6696-9hrr8,container_memory_mapped_file,12288.0
1745322519,kashef-k8s-w1.url-shorten-service-66949ddcc4-lzqzz,container_memory_mapped_file,12288.0
1745322519,kashef-k8s-ctl.text-service-fff64b8bf-q96h7,container_memory_mapped_file,0.0
1745322519,kashef-k8s-ctl.post-storage-memcached-6b75788fc6-k6jch,container_memory_mapped_file,0.0
1745322519,kashef-k8s-w1.compose-post-service-f587bf89d-b4qsv,container_memory_mapped_file,0.0
1745322519,kashef-k8s-w1.url-shorten-mongodb-57c886d5f8-9pbzv,container_memory_mapped_file,0.0
1745322519,kashef-k8s-ctl.media-frontend-6b66b95ff4-czttt,container_memory_mapped_file,16384.0
1745322519,kashef-k8s-ctl.user-mention-service-5c4f566c5-rxnwj,container_memory_mapped_file,12288.0
1745322519,kashef-k8s-ctl.post-storage-service-66c9966f5f-5bn6s,container_memory_mapped_file,12288.0
1745322519,kashef-k8s-ctl.social-graph-mongodb-55df767ff5-26cq9,container_memory_mapped_file,0.0
1745322519,kashef-k8s-w1.home-timeline-redis-6c6647df6f-twn7p,container_memory_mapped_file,0.0
1745322519,kashef-k8s-ctl.unique-id-service-694497b678-4plln,container_memory_mapped_file,0.0
1745322519,kashef-k8s-ctl.social-graph-redis-5bbd5b7458-gjgpw,container_memory_mapped_file,0.0
1745322519,kashef-k8s-w1.temp-debug-alt,container_memory_mapped_file,0.0
1745322519,kashef-k8s-w1.media-service-6c665c775d-hg6fb,container_memory_mapped_file,0.0
1745322519,kashef-k8s-ctl.home-timeline-service-5754ffbc6d-82vw2,container_memory_mapped_file,0.0
1745322519,kashef-k8s-ctl.jaeger-67997f9775-qpx72,container_memory_mapped_file,0.0
1745322519,kashef-k8s-ctl.nginx-thrift-79478f9bf5-dqxlb,container_memory_mapped_file,0.0
1745322519,kashef-k8s-w1.user-memcached-59687c864d-tbvff,container_memory_mapped_file,0.0
1745322519,kashef-k8s-w1.post-storage-mongodb-5579669d8c-ddkkh,container_memory_mapped_file,0.0
1745322519,kashef-k8s-ctl.user-timeline-redis-67cc95bc57-9fdqx,container_memory_mapped_file,0.0
1745322519,kashef-k8s-ctl.media-mongodb-7b64c59567-68bdt,container_memory_mapped_file,0.0
1745322519,kashef-k8s-w1.url-shorten-memcached-6546746864-zdsn5,container_memory_mapped_file,0.0
1745322519,kashef-k8s-w1.user-timeline-mongodb-6758898d48-s2r24,container_memory_mapped_file,0.0
1745322519,kashef-k8s-w1.social-graph-service-677dbc655c-g8qbp,container_memory_mapped_file,12288.0
1745322522,kashef-k8s-w1.url-shorten-service-66949ddcc4-lzqzz,container_memory_mapped_file,12288.0
1745322522,kashef-k8s-ctl.media-mongodb-7b64c59567-68bdt,container_memory_mapped_file,0.0
1745322522,kashef-k8s-w1.url-shorten-memcached-6546746864-zdsn5,container_memory_mapped_file,0.0
1745322522,kashef-k8s-ctl.post-storage-memcached-6b75788fc6-k6jch,container_memory_mapped_file,0.0
1745322522,kashef-k8s-ctl.post-storage-service-66c9966f5f-5bn6s,container_memory_mapped_file,12288.0
1745322522,kashef-k8s-ctl.user-mongodb-7745bbd78-zwzzt,container_memory_mapped_file,0.0
1745322522,kashef-k8s-ctl.nginx-thrift-79478f9bf5-dqxlb,container_memory_mapped_file,0.0
1745322522,kashef-k8s-w1.home-timeline-redis-6c6647df6f-twn7p,container_memory_mapped_file,0.0
1745322522,kashef-k8s-w1.media-service-6c665c775d-hg6fb,container_memory_mapped_file,0.0
1745322522,kashef-k8s-w1.user-timeline-mongodb-6758898d48-s2r24,container_memory_mapped_file,0.0
1745322522,kashef-k8s-ctl.text-service-fff64b8bf-q96h7,container_memory_mapped_file,0.0
1745322522,kashef-k8s-w1.user-memcached-59687c864d-tbvff,container_memory_mapped_file,0.0
1745322522,kashef-k8s-ctl.media-frontend-6b66b95ff4-czttt,container_memory_mapped_file,16384.0
1745322522,kashef-k8s-w1.compose-post-service-f587bf89d-b4qsv,container_memory_mapped_file,0.0
1745322522,kashef-k8s-ctl.home-timeline-service-5754ffbc6d-82vw2,container_memory_mapped_file,0.0
1745322522,kashef-k8s-w1.temp-debug-alt,container_memory_mapped_file,0.0
1745322522,kashef-k8s-ctl.unique-id-service-694497b678-4plln,container_memory_mapped_file,0.0
1745322522,kashef-k8s-ctl.jaeger-67997f9775-qpx72,container_memory_mapped_file,0.0
1745322522,kashef-k8s-w1.url-shorten-mongodb-57c886d5f8-9pbzv,container_memory_mapped_file,0.0
1745322522,kashef-k8s-ctl.user-mention-service-5c4f566c5-rxnwj,container_memory_mapped_file,12288.0
1745322522,kashef-k8s-ctl.user-timeline-redis-67cc95bc57-9fdqx,container_memory_mapped_file,0.0
1745322522,kashef-k8s-w1.user-timeline-service-664c7f6696-9hrr8,container_memory_mapped_file,12288.0
1745322522,kashef-k8s-w1.post-storage-mongodb-5579669d8c-ddkkh,container_memory_mapped_file,0.0
1745322522,kashef-k8s-ctl.social-graph-mongodb-55df767ff5-26cq9,container_memory_mapped_file,0.0
1745322522,kashef-k8s-w1.social-graph-service-677dbc655c-g8qbp,container_memory_mapped_file,12288.0
1745322522,kashef-k8s-w1.media-memcached-7889bdfdfb-lxrsq,container_memory_mapped_file,0.0
1745322522,kashef-k8s-ctl.social-graph-redis-5bbd5b7458-gjgpw,container_memory_mapped_file,0.0
1745322525,kashef-k8s-ctl.social-graph-redis-5bbd5b7458-gjgpw,container_memory_mapped_file,0.0
1745322525,kashef-k8s-w1.media-memcached-7889bdfdfb-lxrsq,container_memory_mapped_file,0.0
1745322525,kashef-k8s-ctl.user-timeline-redis-67cc95bc57-9fdqx,container_memory_mapped_file,0.0
1745322525,kashef-k8s-ctl.user-mention-service-5c4f566c5-rxnwj,container_memory_mapped_file,12288.0
1745322525,kashef-k8s-w1.url-shorten-mongodb-57c886d5f8-9pbzv,container_memory_mapped_file,0.0
1745322525,kashef-k8s-ctl.home-timeline-service-5754ffbc6d-82vw2,container_memory_mapped_file,0.0
1745322525,kashef-k8s-ctl.jaeger-67997f9775-qpx72,container_memory_mapped_file,0.0
1745322525,kashef-k8s-w1.temp-debug-alt,container_memory_mapped_file,0.0
1745322525,kashef-k8s-w1.post-storage-mongodb-5579669d8c-ddkkh,container_memory_mapped_file,0.0
1745322525,kashef-k8s-ctl.text-service-fff64b8bf-q96h7,container_memory_mapped_file,0.0
1745322525,kashef-k8s-w1.url-shorten-memcached-6546746864-zdsn5,container_memory_mapped_file,0.0
1745322525,kashef-k8s-w1.compose-post-service-f587bf89d-b4qsv,container_memory_mapped_file,0.0
1745322525,kashef-k8s-w1.user-memcached-59687c864d-tbvff,container_memory_mapped_file,0.0
1745322525,kashef-k8s-ctl.media-frontend-6b66b95ff4-czttt,container_memory_mapped_file,16384.0
1745322525,kashef-k8s-ctl.unique-id-service-694497b678-4plln,container_memory_mapped_file,0.0
1745322525,kashef-k8s-w1.social-graph-service-677dbc655c-g8qbp,container_memory_mapped_file,12288.0
1745322525,kashef-k8s-ctl.social-graph-mongodb-55df767ff5-26cq9,container_memory_mapped_file,0.0
1745322525,kashef-k8s-ctl.post-storage-service-66c9966f5f-5bn6s,container_memory_mapped_file,12288.0
1745322525,kashef-k8s-ctl.post-storage-memcached-6b75788fc6-k6jch,container_memory_mapped_file,0.0
1745322525,kashef-k8s-ctl.nginx-thrift-79478f9bf5-dqxlb,container_memory_mapped_file,16384.0
1745322525,kashef-k8s-w1.url-shorten-service-66949ddcc4-lzqzz,container_memory_mapped_file,12288.0
1745322525,kashef-k8s-w1.user-timeline-service-664c7f6696-9hrr8,container_memory_mapped_file,12288.0
1745322525,kashef-k8s-ctl.media-mongodb-7b64c59567-68bdt,container_memory_mapped_file,0.0
1745322525,kashef-k8s-w1.home-timeline-redis-6c6647df6f-twn7p,container_memory_mapped_file,0.0
1745322525,kashef-k8s-w1.user-timeline-mongodb-6758898d48-s2r24,container_memory_mapped_file,0.0
1745322525,kashef-k8s-ctl.user-mongodb-7745bbd78-zwzzt,container_memory_mapped_file,0.0
1745322525,kashef-k8s-w1.media-service-6c665c775d-hg6fb,container_memory_mapped_file,0.0
1745322528,kashef-k8s-ctl.unique-id-service-694497b678-4plln,container_memory_mapped_file,0.0
1745322528,kashef-k8s-ctl.user-mention-service-5c4f566c5-rxnwj,container_memory_mapped_file,12288.0
1745322528,kashef-k8s-w1.url-shorten-mongodb-57c886d5f8-9pbzv,container_memory_mapped_file,0.0
1745322528,kashef-k8s-w1.media-service-6c665c775d-hg6fb,container_memory_mapped_file,0.0
1745322528,kashef-k8s-w1.social-graph-service-677dbc655c-g8qbp,container_memory_mapped_file,12288.0
1745322528,kashef-k8s-ctl.home-timeline-service-5754ffbc6d-82vw2,container_memory_mapped_file,0.0
1745322528,kashef-k8s-ctl.jaeger-67997f9775-qpx72,container_memory_mapped_file,0.0
1745322528,kashef-k8s-ctl.post-storage-memcached-6b75788fc6-k6jch,container_memory_mapped_file,0.0
1745322528,kashef-k8s-ctl.text-service-fff64b8bf-q96h7,container_memory_mapped_file,0.0
1745322528,kashef-k8s-w1.compose-post-service-f587bf89d-b4qsv,container_memory_mapped_file,0.0
1745322528,kashef-k8s-w1.temp-debug-alt,container_memory_mapped_file,0.0
1745322528,kashef-k8s-ctl.media-frontend-6b66b95ff4-czttt,container_memory_mapped_file,16384.0
1745322528,kashef-k8s-w1.user-memcached-59687c864d-tbvff,container_memory_mapped_file,0.0
1745322528,kashef-k8s-ctl.user-timeline-redis-67cc95bc57-9fdqx,container_memory_mapped_file,0.0
1745322528,kashef-k8s-ctl.social-graph-redis-5bbd5b7458-gjgpw,container_memory_mapped_file,0.0
1745322528,kashef-k8s-w1.url-shorten-service-66949ddcc4-lzqzz,container_memory_mapped_file,12288.0
1745322528,kashef-k8s-w1.user-timeline-mongodb-6758898d48-s2r24,container_memory_mapped_file,0.0
1745322528,kashef-k8s-w1.post-storage-mongodb-5579669d8c-ddkkh,container_memory_mapped_file,0.0
1745322528,kashef-k8s-ctl.user-mongodb-7745bbd78-zwzzt,container_memory_mapped_file,0.0
1745322528,kashef-k8s-ctl.media-mongodb-7b64c59567-68bdt,container_memory_mapped_file,0.0
1745322528,kashef-k8s-w1.url-shorten-memcached-6546746864-zdsn5,container_memory_mapped_file,0.0
1745322528,kashef-k8s-ctl.post-storage-service-66c9966f5f-5bn6s,container_memory_mapped_file,12288.0
1745322528,kashef-k8s-ctl.nginx-thrift-79478f9bf5-dqxlb,container_memory_mapped_file,16384.0
1745322528,kashef-k8s-ctl.social-graph-mongodb-55df767ff5-26cq9,container_memory_mapped_file,0.0
1745322528,kashef-k8s-w1.user-timeline-service-664c7f6696-9hrr8,container_memory_mapped_file,12288.0
1745322528,kashef-k8s-w1.home-timeline-redis-6c6647df6f-twn7p,container_memory_mapped_file,0.0
1745322528,kashef-k8s-w1.media-memcached-7889bdfdfb-lxrsq,container_memory_mapped_file,0.0
1745322531,kashef-k8s-ctl.social-graph-redis-5bbd5b7458-gjgpw,container_memory_mapped_file,0.0
1745322531,kashef-k8s-ctl.social-graph-mongodb-55df767ff5-26cq9,container_memory_mapped_file,0.0
1745322531,kashef-k8s-w1.post-storage-mongodb-5579669d8c-ddkkh,container_memory_mapped_file,0.0
1745322531,kashef-k8s-ctl.nginx-thrift-79478f9bf5-dqxlb,container_memory_mapped_file,16384.0
1745322531,kashef-k8s-w1.home-timeline-redis-6c6647df6f-twn7p,container_memory_mapped_file,0.0
1745322531,kashef-k8s-w1.url-shorten-memcached-6546746864-zdsn5,container_memory_mapped_file,0.0
1745322531,kashef-k8s-ctl.post-storage-memcached-6b75788fc6-k6jch,container_memory_mapped_file,0.0
1745322531,kashef-k8s-w1.user-timeline-mongodb-6758898d48-s2r24,container_memory_mapped_file,0.0
1745322531,kashef-k8s-w1.media-service-6c665c775d-hg6fb,container_memory_mapped_file,0.0
1745322531,kashef-k8s-ctl.jaeger-67997f9775-qpx72,container_memory_mapped_file,0.0
1745322531,kashef-k8s-w1.url-shorten-mongodb-57c886d5f8-9pbzv,container_memory_mapped_file,0.0
1745322531,kashef-k8s-w1.user-timeline-service-664c7f6696-9hrr8,container_memory_mapped_file,12288.0
1745322531,kashef-k8s-ctl.unique-id-service-694497b678-4plln,container_memory_mapped_file,0.0
1745322531,kashef-k8s-ctl.user-mention-service-5c4f566c5-rxnwj,container_memory_mapped_file,12288.0
1745322531,kashef-k8s-ctl.media-frontend-6b66b95ff4-czttt,container_memory_mapped_file,16384.0
1745322531,kashef-k8s-w1.temp-debug-alt,container_memory_mapped_file,0.0
1745322531,kashef-k8s-ctl.media-mongodb-7b64c59567-68bdt,container_memory_mapped_file,0.0
1745322531,kashef-k8s-w1.user-memcached-59687c864d-tbvff,container_memory_mapped_file,0.0
1745322531,kashef-k8s-ctl.user-mongodb-7745bbd78-zwzzt,container_memory_mapped_file,0.0
1745322531,kashef-k8s-ctl.home-timeline-service-5754ffbc6d-82vw2,container_memory_mapped_file,0.0
1745322531,kashef-k8s-ctl.text-service-fff64b8bf-q96h7,container_memory_mapped_file,0.0
1745322531,kashef-k8s-w1.compose-post-service-f587bf89d-b4qsv,container_memory_mapped_file,0.0
1745322531,kashef-k8s-w1.social-graph-service-677dbc655c-g8qbp,container_memory_mapped_file,12288.0
1745322531,kashef-k8s-ctl.post-storage-service-66c9966f5f-5bn6s,container_memory_mapped_file,12288.0
1745322531,kashef-k8s-w1.url-shorten-service-66949ddcc4-lzqzz,container_memory_mapped_file,12288.0
1745322531,kashef-k8s-ctl.user-timeline-redis-67cc95bc57-9fdqx,container_memory_mapped_file,0.0
1745322531,kashef-k8s-w1.media-memcached-7889bdfdfb-lxrsq,container_memory_mapped_file,0.0
1745322534,kashef-k8s-ctl.social-graph-redis-5bbd5b7458-gjgpw,container_memory_mapped_file,0.0
1745322534,kashef-k8s-w1.url-shorten-service-66949ddcc4-lzqzz,container_memory_mapped_file,12288.0
1745322534,kashef-k8s-w1.media-memcached-7889bdfdfb-lxrsq,container_memory_mapped_file,0.0
1745322534,kashef-k8s-w1.user-timeline-mongodb-6758898d48-s2r24,container_memory_mapped_file,0.0
1745322534,kashef-k8s-ctl.user-mongodb-7745bbd78-zwzzt,container_memory_mapped_file,0.0
1745322534,kashef-k8s-ctl.text-service-fff64b8bf-q96h7,container_memory_mapped_file,0.0
1745322534,kashef-k8s-w1.compose-post-service-f587bf89d-b4qsv,container_memory_mapped_file,0.0
1745322534,kashef-k8s-w1.social-graph-service-677dbc655c-g8qbp,container_memory_mapped_file,12288.0
1745322534,kashef-k8s-w1.temp-debug-alt,container_memory_mapped_file,0.0
1745322534,kashef-k8s-ctl.media-frontend-6b66b95ff4-czttt,container_memory_mapped_file,16384.0
1745322534,kashef-k8s-w1.url-shorten-mongodb-57c886d5f8-9pbzv,container_memory_mapped_file,0.0
1745322534,kashef-k8s-w1.user-timeline-service-664c7f6696-9hrr8,container_memory_mapped_file,12288.0
1745322534,kashef-k8s-ctl.unique-id-service-694497b678-4plln,container_memory_mapped_file,0.0
1745322534,kashef-k8s-w1.home-timeline-redis-6c6647df6f-twn7p,container_memory_mapped_file,0.0
1745322534,kashef-k8s-w1.user-memcached-59687c864d-tbvff,container_memory_mapped_file,0.0
1745322534,kashef-k8s-ctl.media-mongodb-7b64c59567-68bdt,container_memory_mapped_file,0.0
1745322534,kashef-k8s-ctl.post-storage-memcached-6b75788fc6-k6jch,container_memory_mapped_file,0.0
1745322534,kashef-k8s-ctl.social-graph-mongodb-55df767ff5-26cq9,container_memory_mapped_file,0.0
1745322534,kashef-k8s-ctl.user-timeline-redis-67cc95bc57-9fdqx,container_memory_mapped_file,0.0
1745322534,kashef-k8s-w1.url-shorten-memcached-6546746864-zdsn5,container_memory_mapped_file,0.0
1745322534,kashef-k8s-w1.media-service-6c665c775d-hg6fb,container_memory_mapped_file,0.0
1745322534,kashef-k8s-ctl.post-storage-service-66c9966f5f-5bn6s,container_memory_mapped_file,12288.0
1745322534,kashef-k8s-w1.post-storage-mongodb-5579669d8c-ddkkh,container_memory_mapped_file,0.0
1745322534,kashef-k8s-ctl.nginx-thrift-79478f9bf5-dqxlb,container_memory_mapped_file,16384.0
1745322534,kashef-k8s-ctl.jaeger-67997f9775-qpx72,container_memory_mapped_file,0.0
1745322534,kashef-k8s-ctl.user-mention-service-5c4f566c5-rxnwj,container_memory_mapped_file,12288.0
1745322534,kashef-k8s-ctl.home-timeline-service-5754ffbc6d-82vw2,container_memory_mapped_file,0.0
1745322537,kashef-k8s-ctl.nginx-thrift-79478f9bf5-dqxlb,container_memory_mapped_file,16384.0
1745322537,kashef-k8s-w1.url-shorten-service-66949ddcc4-lzqzz,container_memory_mapped_file,12288.0
1745322537,kashef-k8s-w1.media-memcached-7889bdfdfb-lxrsq,container_memory_mapped_file,0.0
1745322537,kashef-k8s-w1.social-graph-service-677dbc655c-g8qbp,container_memory_mapped_file,12288.0
1745322537,kashef-k8s-w1.user-memcached-59687c864d-tbvff,container_memory_mapped_file,0.0
1745322537,kashef-k8s-ctl.post-storage-service-66c9966f5f-5bn6s,container_memory_mapped_file,12288.0
1745322537,kashef-k8s-w1.user-timeline-service-664c7f6696-9hrr8,container_memory_mapped_file,12288.0
1745322537,kashef-k8s-ctl.unique-id-service-694497b678-4plln,container_memory_mapped_file,0.0
1745322537,kashef-k8s-w1.compose-post-service-f587bf89d-b4qsv,container_memory_mapped_file,0.0
1745322537,kashef-k8s-w1.temp-debug-alt,container_memory_mapped_file,0.0
1745322537,kashef-k8s-w1.url-shorten-mongodb-57c886d5f8-9pbzv,container_memory_mapped_file,0.0
1745322537,kashef-k8s-ctl.media-mongodb-7b64c59567-68bdt,container_memory_mapped_file,0.0
1745322537,kashef-k8s-w1.home-timeline-redis-6c6647df6f-twn7p,container_memory_mapped_file,0.0
1745322537,kashef-k8s-w1.user-timeline-mongodb-6758898d48-s2r24,container_memory_mapped_file,0.0
1745322537,kashef-k8s-ctl.media-frontend-6b66b95ff4-czttt,container_memory_mapped_file,16384.0
1745322537,kashef-k8s-ctl.social-graph-redis-5bbd5b7458-gjgpw,container_memory_mapped_file,0.0
1745322537,kashef-k8s-ctl.home-timeline-service-5754ffbc6d-82vw2,container_memory_mapped_file,0.0
1745322537,kashef-k8s-ctl.user-mention-service-5c4f566c5-rxnwj,container_memory_mapped_file,12288.0
1745322537,kashef-k8s-ctl.jaeger-67997f9775-qpx72,container_memory_mapped_file,0.0
1745322537,kashef-k8s-ctl.user-mongodb-7745bbd78-zwzzt,container_memory_mapped_file,0.0
1745322537,kashef-k8s-w1.post-storage-mongodb-5579669d8c-ddkkh,container_memory_mapped_file,0.0
1745322537,kashef-k8s-ctl.user-timeline-redis-67cc95bc57-9fdqx,container_memory_mapped_file,0.0
1745322537,kashef-k8s-w1.url-shorten-memcached-6546746864-zdsn5,container_memory_mapped_file,0.0
1745322537,kashef-k8s-ctl.text-service-fff64b8bf-q96h7,container_memory_mapped_file,0.0
1745322537,kashef-k8s-w1.media-service-6c665c775d-hg6fb,container_memory_mapped_file,0.0
1745322537,kashef-k8s-ctl.post-storage-memcached-6b75788fc6-k6jch,container_memory_mapped_file,0.0
1745322537,kashef-k8s-ctl.social-graph-mongodb-55df767ff5-26cq9,container_memory_mapped_file,0.0
1745322540,kashef-k8s-w1.media-memcached-7889bdfdfb-lxrsq,container_memory_mapped_file,0.0
1745322540,kashef-k8s-ctl.user-mention-service-5c4f566c5-rxnwj,container_memory_mapped_file,12288.0
1745322540,kashef-k8s-w1.home-timeline-redis-6c6647df6f-twn7p,container_memory_mapped_file,0.0
1745322540,kashef-k8s-w1.media-service-6c665c775d-hg6fb,container_memory_mapped_file,0.0
1745322540,kashef-k8s-ctl.user-timeline-redis-67cc95bc57-9fdqx,container_memory_mapped_file,0.0
1745322540,kashef-k8s-w1.user-memcached-59687c864d-tbvff,container_memory_mapped_file,0.0
1745322540,kashef-k8s-ctl.media-mongodb-7b64c59567-68bdt,container_memory_mapped_file,0.0
1745322540,kashef-k8s-ctl.post-storage-memcached-6b75788fc6-k6jch,container_memory_mapped_file,0.0
1745322540,kashef-k8s-w1.temp-debug-alt,container_memory_mapped_file,0.0
1745322540,kashef-k8s-ctl.nginx-thrift-79478f9bf5-dqxlb,container_memory_mapped_file,16384.0
1745322540,kashef-k8s-ctl.media-frontend-6b66b95ff4-czttt,container_memory_mapped_file,16384.0
1745322540,kashef-k8s-w1.user-timeline-mongodb-6758898d48-s2r24,container_memory_mapped_file,0.0
1745322540,kashef-k8s-w1.url-shorten-mongodb-57c886d5f8-9pbzv,container_memory_mapped_file,0.0
1745322540,kashef-k8s-w1.compose-post-service-f587bf89d-b4qsv,container_memory_mapped_file,0.0
1745322540,kashef-k8s-ctl.post-storage-service-66c9966f5f-5bn6s,container_memory_mapped_file,12288.0
1745322540,kashef-k8s-ctl.unique-id-service-694497b678-4plln,container_memory_mapped_file,0.0
1745322540,kashef-k8s-w1.user-timeline-service-664c7f6696-9hrr8,container_memory_mapped_file,12288.0
1745322540,kashef-k8s-ctl.jaeger-67997f9775-qpx72,container_memory_mapped_file,0.0
1745322540,kashef-k8s-ctl.home-timeline-service-5754ffbc6d-82vw2,container_memory_mapped_file,0.0
1745322540,kashef-k8s-ctl.social-graph-mongodb-55df767ff5-26cq9,container_memory_mapped_file,0.0
1745322540,kashef-k8s-ctl.user-mongodb-7745bbd78-zwzzt,container_memory_mapped_file,0.0
1745322540,kashef-k8s-ctl.text-service-fff64b8bf-q96h7,container_memory_mapped_file,0.0
1745322540,kashef-k8s-w1.post-storage-mongodb-5579669d8c-ddkkh,container_memory_mapped_file,0.0
1745322540,kashef-k8s-ctl.social-graph-redis-5bbd5b7458-gjgpw,container_memory_mapped_file,0.0
1745322540,kashef-k8s-w1.url-shorten-memcached-6546746864-zdsn5,container_memory_mapped_file,0.0
1745322540,kashef-k8s-w1.social-graph-service-677dbc655c-g8qbp,container_memory_mapped_file,12288.0
1745322540,kashef-k8s-w1.url-shorten-service-66949ddcc4-lzqzz,container_memory_mapped_file,12288.0
1745322543,kashef-k8s-w1.url-shorten-service-66949ddcc4-lzqzz,container_memory_mapped_file,12288.0
1745322543,kashef-k8s-w1.media-memcached-7889bdfdfb-lxrsq,container_memory_mapped_file,0.0
1745322543,kashef-k8s-ctl.user-mention-service-5c4f566c5-rxnwj,container_memory_mapped_file,12288.0
1745322543,kashef-k8s-ctl.social-graph-redis-5bbd5b7458-gjgpw,container_memory_mapped_file,0.0
1745322543,kashef-k8s-ctl.text-service-fff64b8bf-q96h7,container_memory_mapped_file,0.0
1745322543,kashef-k8s-w1.post-storage-mongodb-5579669d8c-ddkkh,container_memory_mapped_file,0.0
1745322543,kashef-k8s-ctl.jaeger-67997f9775-qpx72,container_memory_mapped_file,0.0
1745322543,kashef-k8s-ctl.user-mongodb-7745bbd78-zwzzt,container_memory_mapped_file,0.0
1745322543,kashef-k8s-ctl.unique-id-service-694497b678-4plln,container_memory_mapped_file,0.0
1745322543,kashef-k8s-w1.user-timeline-mongodb-6758898d48-s2r24,container_memory_mapped_file,0.0
1745322543,kashef-k8s-w1.url-shorten-mongodb-57c886d5f8-9pbzv,container_memory_mapped_file,0.0
1745322543,kashef-k8s-w1.compose-post-service-f587bf89d-b4qsv,container_memory_mapped_file,0.0
1745322543,kashef-k8s-ctl.home-timeline-service-5754ffbc6d-82vw2,container_memory_mapped_file,0.0
1745322543,kashef-k8s-ctl.social-graph-mongodb-55df767ff5-26cq9,container_memory_mapped_file,0.0
1745322543,kashef-k8s-w1.user-timeline-service-664c7f6696-9hrr8,container_memory_mapped_file,12288.0
1745322543,kashef-k8s-ctl.post-storage-service-66c9966f5f-5bn6s,container_memory_mapped_file,12288.0
1745322543,kashef-k8s-ctl.post-storage-memcached-6b75788fc6-k6jch,container_memory_mapped_file,0.0
1745322543,kashef-k8s-ctl.media-mongodb-7b64c59567-68bdt,container_memory_mapped_file,0.0
1745322543,kashef-k8s-w1.media-service-6c665c775d-hg6fb,container_memory_mapped_file,0.0
1745322543,kashef-k8s-w1.user-memcached-59687c864d-tbvff,container_memory_mapped_file,0.0
1745322543,kashef-k8s-w1.social-graph-service-677dbc655c-g8qbp,container_memory_mapped_file,12288.0
1745322543,kashef-k8s-w1.url-shorten-memcached-6546746864-zdsn5,container_memory_mapped_file,0.0
1745322543,kashef-k8s-w1.home-timeline-redis-6c6647df6f-twn7p,container_memory_mapped_file,0.0
1745322543,kashef-k8s-w1.temp-debug-alt,container_memory_mapped_file,0.0
1745322543,kashef-k8s-ctl.media-frontend-6b66b95ff4-czttt,container_memory_mapped_file,16384.0
1745322543,kashef-k8s-ctl.user-timeline-redis-67cc95bc57-9fdqx,container_memory_mapped_file,0.0
1745322543,kashef-k8s-ctl.nginx-thrift-79478f9bf5-dqxlb,container_memory_mapped_file,16384.0
1745322546,kashef-k8s-w1.user-timeline-mongodb-6758898d48-s2r24,container_memory_mapped_file,0.0
1745322546,kashef-k8s-ctl.jaeger-67997f9775-qpx72,container_memory_mapped_file,0.0
1745322546,kashef-k8s-ctl.text-service-fff64b8bf-q96h7,container_memory_mapped_file,0.0
1745322546,kashef-k8s-ctl.social-graph-redis-5bbd5b7458-gjgpw,container_memory_mapped_file,0.0
1745322546,kashef-k8s-w1.media-memcached-7889bdfdfb-lxrsq,container_memory_mapped_file,0.0
1745322546,kashef-k8s-ctl.user-mongodb-7745bbd78-zwzzt,container_memory_mapped_file,0.0
1745322546,kashef-k8s-ctl.unique-id-service-694497b678-4plln,container_memory_mapped_file,0.0
1745322546,kashef-k8s-ctl.user-timeline-redis-67cc95bc57-9fdqx,container_memory_mapped_file,0.0
1745322546,kashef-k8s-ctl.social-graph-mongodb-55df767ff5-26cq9,container_memory_mapped_file,0.0
1745322546,kashef-k8s-ctl.home-timeline-service-5754ffbc6d-82vw2,container_memory_mapped_file,0.0
1745322546,kashef-k8s-w1.post-storage-mongodb-5579669d8c-ddkkh,container_memory_mapped_file,0.0
1745322546,kashef-k8s-w1.compose-post-service-f587bf89d-b4qsv,container_memory_mapped_file,0.0
1745322546,kashef-k8s-w1.media-service-6c665c775d-hg6fb,container_memory_mapped_file,0.0
1745322546,kashef-k8s-w1.social-graph-service-677dbc655c-g8qbp,container_memory_mapped_file,12288.0
1745322546,kashef-k8s-ctl.user-mention-service-5c4f566c5-rxnwj,container_memory_mapped_file,12288.0
1745322546,kashef-k8s-ctl.media-mongodb-7b64c59567-68bdt,container_memory_mapped_file,0.0
1745322546,kashef-k8s-w1.url-shorten-service-66949ddcc4-lzqzz,container_memory_mapped_file,12288.0
1745322546,kashef-k8s-ctl.post-storage-memcached-6b75788fc6-k6jch,container_memory_mapped_file,0.0
1745322546,kashef-k8s-ctl.media-frontend-6b66b95ff4-czttt,container_memory_mapped_file,16384.0
1745322546,kashef-k8s-ctl.post-storage-service-66c9966f5f-5bn6s,container_memory_mapped_file,12288.0
1745322546,kashef-k8s-ctl.nginx-thrift-79478f9bf5-dqxlb,container_memory_mapped_file,16384.0
1745322546,kashef-k8s-w1.temp-debug-alt,container_memory_mapped_file,0.0
1745322546,kashef-k8s-w1.user-timeline-service-664c7f6696-9hrr8,container_memory_mapped_file,12288.0
1745322546,kashef-k8s-w1.user-memcached-59687c864d-tbvff,container_memory_mapped_file,0.0
1745322546,kashef-k8s-w1.url-shorten-memcached-6546746864-zdsn5,container_memory_mapped_file,0.0
1745322546,kashef-k8s-w1.url-shorten-mongodb-57c886d5f8-9pbzv,container_memory_mapped_file,0.0
1745322546,kashef-k8s-w1.home-timeline-redis-6c6647df6f-twn7p,container_memory_mapped_file,0.0
1745322549,kashef-k8s-w1.social-graph-service-677dbc655c-g8qbp,container_memory_mapped_file,12288.0
1745322549,kashef-k8s-w1.media-service-6c665c775d-hg6fb,container_memory_mapped_file,0.0
1745322549,kashef-k8s-ctl.media-mongodb-7b64c59567-68bdt,container_memory_mapped_file,0.0
1745322549,kashef-k8s-w1.user-memcached-59687c864d-tbvff,container_memory_mapped_file,0.0
1745322549,kashef-k8s-w1.home-timeline-redis-6c6647df6f-twn7p,container_memory_mapped_file,0.0
1745322549,kashef-k8s-w1.url-shorten-memcached-6546746864-zdsn5,container_memory_mapped_file,0.0
1745322549,kashef-k8s-w1.url-shorten-mongodb-57c886d5f8-9pbzv,container_memory_mapped_file,0.0
1745322549,kashef-k8s-ctl.user-mongodb-7745bbd78-zwzzt,container_memory_mapped_file,0.0
1745322549,kashef-k8s-w1.post-storage-mongodb-5579669d8c-ddkkh,container_memory_mapped_file,0.0
1745322549,kashef-k8s-w1.temp-debug-alt,container_memory_mapped_file,0.0
1745322549,kashef-k8s-ctl.post-storage-memcached-6b75788fc6-k6jch,container_memory_mapped_file,0.0
1745322549,kashef-k8s-ctl.nginx-thrift-79478f9bf5-dqxlb,container_memory_mapped_file,16384.0
1745322549,kashef-k8s-ctl.text-service-fff64b8bf-q96h7,container_memory_mapped_file,0.0
1745322549,kashef-k8s-ctl.home-timeline-service-5754ffbc6d-82vw2,container_memory_mapped_file,0.0
1745322549,kashef-k8s-ctl.user-timeline-redis-67cc95bc57-9fdqx,container_memory_mapped_file,0.0
1745322549,kashef-k8s-ctl.jaeger-67997f9775-qpx72,container_memory_mapped_file,0.0
1745322549,kashef-k8s-ctl.unique-id-service-694497b678-4plln,container_memory_mapped_file,0.0
1745322549,kashef-k8s-w1.compose-post-service-f587bf89d-b4qsv,container_memory_mapped_file,0.0
1745322549,kashef-k8s-ctl.social-graph-mongodb-55df767ff5-26cq9,container_memory_mapped_file,0.0
1745322549,kashef-k8s-w1.user-timeline-service-664c7f6696-9hrr8,container_memory_mapped_file,12288.0
1745322549,kashef-k8s-ctl.media-frontend-6b66b95ff4-czttt,container_memory_mapped_file,16384.0
1745322549,kashef-k8s-ctl.post-storage-service-66c9966f5f-5bn6s,container_memory_mapped_file,12288.0
1745322549,kashef-k8s-ctl.user-mention-service-5c4f566c5-rxnwj,container_memory_mapped_file,12288.0
1745322549,kashef-k8s-w1.media-memcached-7889bdfdfb-lxrsq,container_memory_mapped_file,0.0
1745322549,kashef-k8s-w1.url-shorten-service-66949ddcc4-lzqzz,container_memory_mapped_file,12288.0
1745322549,kashef-k8s-w1.user-timeline-mongodb-6758898d48-s2r24,container_memory_mapped_file,0.0
1745322549,kashef-k8s-ctl.social-graph-redis-5bbd5b7458-gjgpw,container_memory_mapped_file,0.0
1745322552,kashef-k8s-w1.user-timeline-mongodb-6758898d48-s2r24,container_memory_mapped_file,0.0
1745322552,kashef-k8s-ctl.user-mention-service-5c4f566c5-rxnwj,container_memory_mapped_file,12288.0
1745322552,kashef-k8s-w1.social-graph-service-677dbc655c-g8qbp,container_memory_mapped_file,12288.0
1745322552,kashef-k8s-ctl.social-graph-redis-5bbd5b7458-gjgpw,container_memory_mapped_file,0.0
1745322552,kashef-k8s-w1.user-timeline-service-664c7f6696-9hrr8,container_memory_mapped_file,12288.0
1745322552,kashef-k8s-ctl.post-storage-service-66c9966f5f-5bn6s,container_memory_mapped_file,12288.0
1745322552,kashef-k8s-w1.media-memcached-7889bdfdfb-lxrsq,container_memory_mapped_file,0.0
1745322552,kashef-k8s-ctl.unique-id-service-694497b678-4plln,container_memory_mapped_file,0.0
1745322552,kashef-k8s-ctl.home-timeline-service-5754ffbc6d-82vw2,container_memory_mapped_file,0.0
1745322552,kashef-k8s-ctl.text-service-fff64b8bf-q96h7,container_memory_mapped_file,0.0
1745322552,kashef-k8s-ctl.jaeger-67997f9775-qpx72,container_memory_mapped_file,0.0
1745322552,kashef-k8s-ctl.media-frontend-6b66b95ff4-czttt,container_memory_mapped_file,16384.0
1745322552,kashef-k8s-w1.compose-post-service-f587bf89d-b4qsv,container_memory_mapped_file,0.0
1745322552,kashef-k8s-ctl.social-graph-mongodb-55df767ff5-26cq9,container_memory_mapped_file,0.0
1745322552,kashef-k8s-w1.temp-debug-alt,container_memory_mapped_file,0.0
1745322552,kashef-k8s-ctl.user-timeline-redis-67cc95bc57-9fdqx,container_memory_mapped_file,0.0
1745322552,kashef-k8s-w1.post-storage-mongodb-5579669d8c-ddkkh,container_memory_mapped_file,0.0
1745322552,kashef-k8s-w1.url-shorten-mongodb-57c886d5f8-9pbzv,container_memory_mapped_file,0.0
1745322552,kashef-k8s-ctl.user-mongodb-7745bbd78-zwzzt,container_memory_mapped_file,0.0
1745322552,kashef-k8s-w1.user-memcached-59687c864d-tbvff,container_memory_mapped_file,0.0
1745322552,kashef-k8s-w1.url-shorten-service-66949ddcc4-lzqzz,container_memory_mapped_file,12288.0
1745322552,kashef-k8s-ctl.media-mongodb-7b64c59567-68bdt,container_memory_mapped_file,0.0
1745322552,kashef-k8s-w1.home-timeline-redis-6c6647df6f-twn7p,container_memory_mapped_file,0.0
1745322552,kashef-k8s-w1.url-shorten-memcached-6546746864-zdsn5,container_memory_mapped_file,0.0
1745322552,kashef-k8s-ctl.post-storage-memcached-6b75788fc6-k6jch,container_memory_mapped_file,0.0
1745322552,kashef-k8s-w1.media-service-6c665c775d-hg6fb,container_memory_mapped_file,0.0
1745322552,kashef-k8s-ctl.nginx-thrift-79478f9bf5-dqxlb,container_memory_mapped_file,16384.0
1745322555,kashef-k8s-w1.media-memcached-7889bdfdfb-lxrsq,container_memory_mapped_file,0.0
1745322555,kashef-k8s-ctl.post-storage-service-66c9966f5f-5bn6s,container_memory_mapped_file,12288.0
1745322555,kashef-k8s-w1.temp-debug-alt,container_memory_mapped_file,0.0
1745322555,kashef-k8s-ctl.social-graph-redis-5bbd5b7458-gjgpw,container_memory_mapped_file,0.0
1745322555,kashef-k8s-ctl.user-mention-service-5c4f566c5-rxnwj,container_memory_mapped_file,12288.0
1745322555,kashef-k8s-ctl.text-service-fff64b8bf-q96h7,container_memory_mapped_file,0.0
1745322555,kashef-k8s-w1.media-service-6c665c775d-hg6fb,container_memory_mapped_file,0.0
1745322555,kashef-k8s-w1.post-storage-mongodb-5579669d8c-ddkkh,container_memory_mapped_file,0.0
1745322555,kashef-k8s-ctl.jaeger-67997f9775-qpx72,container_memory_mapped_file,0.0
1745322555,kashef-k8s-ctl.media-frontend-6b66b95ff4-czttt,container_memory_mapped_file,16384.0
1745322555,kashef-k8s-w1.user-timeline-service-664c7f6696-9hrr8,container_memory_mapped_file,12288.0
1745322555,kashef-k8s-ctl.social-graph-mongodb-55df767ff5-26cq9,container_memory_mapped_file,0.0
1745322555,kashef-k8s-ctl.home-timeline-service-5754ffbc6d-82vw2,container_memory_mapped_file,0.0
1745322555,kashef-k8s-ctl.unique-id-service-694497b678-4plln,container_memory_mapped_file,0.0
1745322555,kashef-k8s-w1.user-timeline-mongodb-6758898d48-s2r24,container_memory_mapped_file,0.0
1745322555,kashef-k8s-w1.url-shorten-service-66949ddcc4-lzqzz,container_memory_mapped_file,12288.0
1745322555,kashef-k8s-w1.social-graph-service-677dbc655c-g8qbp,container_memory_mapped_file,12288.0
1745322555,kashef-k8s-ctl.nginx-thrift-79478f9bf5-dqxlb,container_memory_mapped_file,16384.0
1745322555,kashef-k8s-w1.compose-post-service-f587bf89d-b4qsv,container_memory_mapped_file,0.0
1745322555,kashef-k8s-ctl.user-mongodb-7745bbd78-zwzzt,container_memory_mapped_file,0.0
1745322555,kashef-k8s-ctl.post-storage-memcached-6b75788fc6-k6jch,container_memory_mapped_file,0.0
1745322555,kashef-k8s-w1.home-timeline-redis-6c6647df6f-twn7p,container_memory_mapped_file,0.0
1745322555,kashef-k8s-ctl.user-timeline-redis-67cc95bc57-9fdqx,container_memory_mapped_file,0.0
1745322555,kashef-k8s-w1.url-shorten-mongodb-57c886d5f8-9pbzv,container_memory_mapped_file,0.0
1745322555,kashef-k8s-w1.url-shorten-memcached-6546746864-zdsn5,container_memory_mapped_file,0.0
1745322555,kashef-k8s-ctl.media-mongodb-7b64c59567-68bdt,container_memory_mapped_file,0.0
1745322555,kashef-k8s-w1.user-memcached-59687c864d-tbvff,container_memory_mapped_file,0.0
1745322558,kashef-k8s-w1.post-storage-mongodb-5579669d8c-ddkkh,container_memory_mapped_file,0.0
1745322558,kashef-k8s-w1.media-memcached-7889bdfdfb-lxrsq,container_memory_mapped_file,0.0
1745322558,kashef-k8s-w1.temp-debug-alt,container_memory_mapped_file,0.0
1745322558,kashef-k8s-ctl.user-mongodb-7745bbd78-zwzzt,container_memory_mapped_file,0.0
1745322558,kashef-k8s-ctl.media-frontend-6b66b95ff4-czttt,container_memory_mapped_file,16384.0
1745322558,kashef-k8s-w1.url-shorten-service-66949ddcc4-lzqzz,container_memory_mapped_file,12288.0
1745322558,kashef-k8s-ctl.home-timeline-service-5754ffbc6d-82vw2,container_memory_mapped_file,0.0
1745322558,kashef-k8s-w1.home-timeline-redis-6c6647df6f-twn7p,container_memory_mapped_file,0.0
1745322558,kashef-k8s-ctl.jaeger-67997f9775-qpx72,container_memory_mapped_file,0.0
1745322558,kashef-k8s-ctl.user-mention-service-5c4f566c5-rxnwj,container_memory_mapped_file,12288.0
1745322558,kashef-k8s-ctl.text-service-fff64b8bf-q96h7,container_memory_mapped_file,0.0
1745322558,kashef-k8s-ctl.user-timeline-redis-67cc95bc57-9fdqx,container_memory_mapped_file,0.0
1745322558,kashef-k8s-w1.user-memcached-59687c864d-tbvff,container_memory_mapped_file,0.0
1745322558,kashef-k8s-ctl.post-storage-memcached-6b75788fc6-k6jch,container_memory_mapped_file,0.0
1745322558,kashef-k8s-ctl.post-storage-service-66c9966f5f-5bn6s,container_memory_mapped_file,12288.0
1745322558,kashef-k8s-ctl.media-mongodb-7b64c59567-68bdt,container_memory_mapped_file,0.0
1745322558,kashef-k8s-w1.url-shorten-memcached-6546746864-zdsn5,container_memory_mapped_file,0.0
1745322558,kashef-k8s-w1.user-timeline-service-664c7f6696-9hrr8,container_memory_mapped_file,12288.0
1745322558,kashef-k8s-ctl.nginx-thrift-79478f9bf5-dqxlb,container_memory_mapped_file,16384.0
1745322558,kashef-k8s-w1.media-service-6c665c775d-hg6fb,container_memory_mapped_file,0.0
1745322558,kashef-k8s-ctl.unique-id-service-694497b678-4plln,container_memory_mapped_file,0.0
1745322558,kashef-k8s-w1.user-timeline-mongodb-6758898d48-s2r24,container_memory_mapped_file,0.0
1745322558,kashef-k8s-w1.social-graph-service-677dbc655c-g8qbp,container_memory_mapped_file,12288.0
1745322558,kashef-k8s-ctl.social-graph-redis-5bbd5b7458-gjgpw,container_memory_mapped_file,0.0
1745322558,kashef-k8s-ctl.social-graph-mongodb-55df767ff5-26cq9,container_memory_mapped_file,0.0
1745322558,kashef-k8s-w1.compose-post-service-f587bf89d-b4qsv,container_memory_mapped_file,0.0
1745322558,kashef-k8s-w1.url-shorten-mongodb-57c886d5f8-9pbzv,container_memory_mapped_file,0.0
1745322561,kashef-k8s-ctl.user-mongodb-7745bbd78-zwzzt,container_memory_mapped_file,0.0
1745322561,kashef-k8s-ctl.home-timeline-service-5754ffbc6d-82vw2,container_memory_mapped_file,0.0
1745322561,kashef-k8s-w1.user-timeline-mongodb-6758898d48-s2r24,container_memory_mapped_file,0.0
1745322561,kashef-k8s-w1.temp-debug-alt,container_memory_mapped_file,0.0
1745322561,kashef-k8s-w1.social-graph-service-677dbc655c-g8qbp,container_memory_mapped_file,12288.0
1745322561,kashef-k8s-ctl.text-service-fff64b8bf-q96h7,container_memory_mapped_file,0.0
1745322561,kashef-k8s-ctl.user-mention-service-5c4f566c5-rxnwj,container_memory_mapped_file,12288.0
1745322561,kashef-k8s-ctl.jaeger-67997f9775-qpx72,container_memory_mapped_file,0.0
1745322561,kashef-k8s-ctl.media-mongodb-7b64c59567-68bdt,container_memory_mapped_file,0.0
1745322561,kashef-k8s-w1.home-timeline-redis-6c6647df6f-twn7p,container_memory_mapped_file,0.0
1745322561,kashef-k8s-ctl.post-storage-service-66c9966f5f-5bn6s,container_memory_mapped_file,12288.0
1745322561,kashef-k8s-ctl.media-frontend-6b66b95ff4-czttt,container_memory_mapped_file,16384.0
1745322561,kashef-k8s-w1.user-memcached-59687c864d-tbvff,container_memory_mapped_file,0.0
1745322561,kashef-k8s-w1.media-memcached-7889bdfdfb-lxrsq,container_memory_mapped_file,0.0
1745322561,kashef-k8s-w1.post-storage-mongodb-5579669d8c-ddkkh,container_memory_mapped_file,0.0
1745322561,kashef-k8s-w1.url-shorten-service-66949ddcc4-lzqzz,container_memory_mapped_file,12288.0
1745322561,kashef-k8s-ctl.user-timeline-redis-67cc95bc57-9fdqx,container_memory_mapped_file,0.0
1745322561,kashef-k8s-ctl.social-graph-mongodb-55df767ff5-26cq9,container_memory_mapped_file,0.0
1745322561,kashef-k8s-w1.media-service-6c665c775d-hg6fb,container_memory_mapped_file,0.0
1745322561,kashef-k8s-w1.compose-post-service-f587bf89d-b4qsv,container_memory_mapped_file,0.0
1745322561,kashef-k8s-w1.url-shorten-mongodb-57c886d5f8-9pbzv,container_memory_mapped_file,0.0
1745322561,kashef-k8s-ctl.nginx-thrift-79478f9bf5-dqxlb,container_memory_mapped_file,16384.0
1745322561,kashef-k8s-w1.user-timeline-service-664c7f6696-9hrr8,container_memory_mapped_file,12288.0
1745322561,kashef-k8s-w1.url-shorten-memcached-6546746864-zdsn5,container_memory_mapped_file,0.0
1745322561,kashef-k8s-ctl.post-storage-memcached-6b75788fc6-k6jch,container_memory_mapped_file,0.0
1745322561,kashef-k8s-ctl.social-graph-redis-5bbd5b7458-gjgpw,container_memory_mapped_file,0.0
1745322561,kashef-k8s-ctl.unique-id-service-694497b678-4plln,container_memory_mapped_file,0.0
1745322564,kashef-k8s-w1.media-memcached-7889bdfdfb-lxrsq,container_memory_mapped_file,0.0
1745322564,kashef-k8s-ctl.social-graph-redis-5bbd5b7458-gjgpw,container_memory_mapped_file,0.0
1745322564,kashef-k8s-w1.user-timeline-mongodb-6758898d48-s2r24,container_memory_mapped_file,0.0
1745322564,kashef-k8s-w1.post-storage-mongodb-5579669d8c-ddkkh,container_memory_mapped_file,0.0
1745322564,kashef-k8s-ctl.media-frontend-6b66b95ff4-czttt,container_memory_mapped_file,16384.0
1745322564,kashef-k8s-w1.temp-debug-alt,container_memory_mapped_file,0.0
1745322564,kashef-k8s-w1.url-shorten-memcached-6546746864-zdsn5,container_memory_mapped_file,0.0
1745322564,kashef-k8s-ctl.text-service-fff64b8bf-q96h7,container_memory_mapped_file,0.0
1745322564,kashef-k8s-w1.user-memcached-59687c864d-tbvff,container_memory_mapped_file,0.0
1745322564,kashef-k8s-w1.home-timeline-redis-6c6647df6f-twn7p,container_memory_mapped_file,0.0
1745322564,kashef-k8s-ctl.social-graph-mongodb-55df767ff5-26cq9,container_memory_mapped_file,0.0
1745322564,kashef-k8s-w1.media-service-6c665c775d-hg6fb,container_memory_mapped_file,0.0
1745322564,kashef-k8s-ctl.post-storage-memcached-6b75788fc6-k6jch,container_memory_mapped_file,0.0
1745322564,kashef-k8s-ctl.nginx-thrift-79478f9bf5-dqxlb,container_memory_mapped_file,16384.0
1745322564,kashef-k8s-ctl.post-storage-service-66c9966f5f-5bn6s,container_memory_mapped_file,12288.0
1745322564,kashef-k8s-ctl.home-timeline-service-5754ffbc6d-82vw2,container_memory_mapped_file,0.0
1745322564,kashef-k8s-w1.compose-post-service-f587bf89d-b4qsv,container_memory_mapped_file,0.0
1745322564,kashef-k8s-w1.url-shorten-mongodb-57c886d5f8-9pbzv,container_memory_mapped_file,0.0
1745322564,kashef-k8s-w1.social-graph-service-677dbc655c-g8qbp,container_memory_mapped_file,12288.0
1745322564,kashef-k8s-w1.url-shorten-service-66949ddcc4-lzqzz,container_memory_mapped_file,12288.0
1745322564,kashef-k8s-w1.user-timeline-service-664c7f6696-9hrr8,container_memory_mapped_file,12288.0
1745322564,kashef-k8s-ctl.user-mongodb-7745bbd78-zwzzt,container_memory_mapped_file,0.0
1745322564,kashef-k8s-ctl.user-timeline-redis-67cc95bc57-9fdqx,container_memory_mapped_file,0.0
1745322564,kashef-k8s-ctl.unique-id-service-694497b678-4plln,container_memory_mapped_file,0.0
1745322564,kashef-k8s-ctl.jaeger-67997f9775-qpx72,container_memory_mapped_file,0.0
1745322564,kashef-k8s-ctl.media-mongodb-7b64c59567-68bdt,container_memory_mapped_file,0.0
1745322564,kashef-k8s-ctl.user-mention-service-5c4f566c5-rxnwj,container_memory_mapped_file,12288.0
1745322567,kashef-k8s-ctl.media-frontend-6b66b95ff4-czttt,container_memory_mapped_file,16384.0
1745322567,kashef-k8s-ctl.social-graph-redis-5bbd5b7458-gjgpw,container_memory_mapped_file,0.0
1745322567,kashef-k8s-w1.url-shorten-memcached-6546746864-zdsn5,container_memory_mapped_file,0.0
1745322567,kashef-k8s-ctl.user-mention-service-5c4f566c5-rxnwj,container_memory_mapped_file,12288.0
1745322567,kashef-k8s-ctl.jaeger-67997f9775-qpx72,container_memory_mapped_file,0.0
1745322567,kashef-k8s-w1.media-service-6c665c775d-hg6fb,container_memory_mapped_file,0.0
1745322567,kashef-k8s-w1.home-timeline-redis-6c6647df6f-twn7p,container_memory_mapped_file,0.0
1745322567,kashef-k8s-w1.user-memcached-59687c864d-tbvff,container_memory_mapped_file,0.0
1745322567,kashef-k8s-ctl.post-storage-memcached-6b75788fc6-k6jch,container_memory_mapped_file,0.0
1745322567,kashef-k8s-w1.url-shorten-service-66949ddcc4-lzqzz,container_memory_mapped_file,12288.0
1745322567,kashef-k8s-ctl.post-storage-service-66c9966f5f-5bn6s,container_memory_mapped_file,12288.0
1745322567,kashef-k8s-ctl.nginx-thrift-79478f9bf5-dqxlb,container_memory_mapped_file,16384.0
1745322567,kashef-k8s-w1.media-memcached-7889bdfdfb-lxrsq,container_memory_mapped_file,0.0
1745322567,kashef-k8s-w1.temp-debug-alt,container_memory_mapped_file,0.0
1745322567,kashef-k8s-w1.user-timeline-mongodb-6758898d48-s2r24,container_memory_mapped_file,0.0
1745322567,kashef-k8s-ctl.home-timeline-service-5754ffbc6d-82vw2,container_memory_mapped_file,0.0
1745322567,kashef-k8s-ctl.social-graph-mongodb-55df767ff5-26cq9,container_memory_mapped_file,0.0
1745322567,kashef-k8s-w1.url-shorten-mongodb-57c886d5f8-9pbzv,container_memory_mapped_file,0.0
1745322567,kashef-k8s-w1.user-timeline-service-664c7f6696-9hrr8,container_memory_mapped_file,12288.0
1745322567,kashef-k8s-ctl.media-mongodb-7b64c59567-68bdt,container_memory_mapped_file,0.0
1745322567,kashef-k8s-ctl.text-service-fff64b8bf-q96h7,container_memory_mapped_file,0.0
1745322567,kashef-k8s-ctl.user-timeline-redis-67cc95bc57-9fdqx,container_memory_mapped_file,0.0
1745322567,kashef-k8s-w1.social-graph-service-677dbc655c-g8qbp,container_memory_mapped_file,12288.0
1745322567,kashef-k8s-w1.compose-post-service-f587bf89d-b4qsv,container_memory_mapped_file,0.0
1745322567,kashef-k8s-ctl.user-mongodb-7745bbd78-zwzzt,container_memory_mapped_file,0.0
1745322567,kashef-k8s-w1.post-storage-mongodb-5579669d8c-ddkkh,container_memory_mapped_file,0.0
1745322567,kashef-k8s-ctl.unique-id-service-694497b678-4plln,container_memory_mapped_file,0.0
1745322570,kashef-k8s-w1.post-storage-mongodb-5579669d8c-ddkkh,container_memory_mapped_file,0.0
1745322570,kashef-k8s-ctl.unique-id-service-694497b678-4plln,container_memory_mapped_file,0.0
1745322570,kashef-k8s-w1.compose-post-service-f587bf89d-b4qsv,container_memory_mapped_file,0.0
1745322570,kashef-k8s-w1.social-graph-service-677dbc655c-g8qbp,container_memory_mapped_file,12288.0
1745322570,kashef-k8s-ctl.social-graph-mongodb-55df767ff5-26cq9,container_memory_mapped_file,0.0
1745322570,kashef-k8s-ctl.home-timeline-service-5754ffbc6d-82vw2,container_memory_mapped_file,0.0
1745322570,kashef-k8s-w1.user-timeline-service-664c7f6696-9hrr8,container_memory_mapped_file,12288.0
1745322570,kashef-k8s-w1.url-shorten-mongodb-57c886d5f8-9pbzv,container_memory_mapped_file,0.0
1745322570,kashef-k8s-w1.home-timeline-redis-6c6647df6f-twn7p,container_memory_mapped_file,0.0
1745322570,kashef-k8s-ctl.nginx-thrift-79478f9bf5-dqxlb,container_memory_mapped_file,16384.0
1745322570,kashef-k8s-ctl.user-mention-service-5c4f566c5-rxnwj,container_memory_mapped_file,12288.0
1745322570,kashef-k8s-ctl.post-storage-memcached-6b75788fc6-k6jch,container_memory_mapped_file,0.0
1745322570,kashef-k8s-ctl.text-service-fff64b8bf-q96h7,container_memory_mapped_file,0.0
1745322570,kashef-k8s-w1.user-memcached-59687c864d-tbvff,container_memory_mapped_file,0.0
1745322570,kashef-k8s-ctl.media-mongodb-7b64c59567-68bdt,container_memory_mapped_file,0.0
1745322570,kashef-k8s-w1.media-service-6c665c775d-hg6fb,container_memory_mapped_file,0.0
1745322570,kashef-k8s-ctl.social-graph-redis-5bbd5b7458-gjgpw,container_memory_mapped_file,0.0
1745322570,kashef-k8s-w1.url-shorten-memcached-6546746864-zdsn5,container_memory_mapped_file,0.0
1745322570,kashef-k8s-ctl.user-mongodb-7745bbd78-zwzzt,container_memory_mapped_file,0.0
1745322570,kashef-k8s-w1.temp-debug-alt,container_memory_mapped_file,0.0
1745322570,kashef-k8s-ctl.jaeger-67997f9775-qpx72,container_memory_mapped_file,0.0
1745322570,kashef-k8s-w1.user-timeline-mongodb-6758898d48-s2r24,container_memory_mapped_file,0.0
1745322570,kashef-k8s-w1.media-memcached-7889bdfdfb-lxrsq,container_memory_mapped_file,0.0
1745322570,kashef-k8s-ctl.user-timeline-redis-67cc95bc57-9fdqx,container_memory_mapped_file,0.0
1745322570,kashef-k8s-w1.url-shorten-service-66949ddcc4-lzqzz,container_memory_mapped_file,12288.0
1745322570,kashef-k8s-ctl.media-frontend-6b66b95ff4-czttt,container_memory_mapped_file,16384.0
1745322570,kashef-k8s-ctl.post-storage-service-66c9966f5f-5bn6s,container_memory_mapped_file,12288.0
1745322573,kashef-k8s-ctl.social-graph-mongodb-55df767ff5-26cq9,container_memory_mapped_file,0.0
1745322573,kashef-k8s-ctl.unique-id-service-694497b678-4plln,container_memory_mapped_file,0.0
1745322573,kashef-k8s-w1.user-timeline-service-664c7f6696-9hrr8,container_memory_mapped_file,12288.0
1745322573,kashef-k8s-w1.url-shorten-mongodb-57c886d5f8-9pbzv,container_memory_mapped_file,0.0
1745322573,kashef-k8s-ctl.text-service-fff64b8bf-q96h7,container_memory_mapped_file,0.0
1745322573,kashef-k8s-ctl.user-mention-service-5c4f566c5-rxnwj,container_memory_mapped_file,12288.0
1745322573,kashef-k8s-ctl.post-storage-memcached-6b75788fc6-k6jch,container_memory_mapped_file,0.0
1745322573,kashef-k8s-w1.home-timeline-redis-6c6647df6f-twn7p,container_memory_mapped_file,0.0
1745322573,kashef-k8s-ctl.nginx-thrift-79478f9bf5-dqxlb,container_memory_mapped_file,16384.0
1745322573,kashef-k8s-ctl.home-timeline-service-5754ffbc6d-82vw2,container_memory_mapped_file,0.0
1745322573,kashef-k8s-w1.user-memcached-59687c864d-tbvff,container_memory_mapped_file,0.0
1745322573,kashef-k8s-w1.media-service-6c665c775d-hg6fb,container_memory_mapped_file,0.0
1745322573,kashef-k8s-ctl.media-mongodb-7b64c59567-68bdt,container_memory_mapped_file,0.0
1745322573,kashef-k8s-w1.compose-post-service-f587bf89d-b4qsv,container_memory_mapped_file,0.0
1745322573,kashef-k8s-w1.social-graph-service-677dbc655c-g8qbp,container_memory_mapped_file,12288.0
1745322573,kashef-k8s-w1.post-storage-mongodb-5579669d8c-ddkkh,container_memory_mapped_file,0.0
1745322573,kashef-k8s-w1.url-shorten-service-66949ddcc4-lzqzz,container_memory_mapped_file,12288.0
1745322573,kashef-k8s-w1.user-timeline-mongodb-6758898d48-s2r24,container_memory_mapped_file,0.0
1745322573,kashef-k8s-ctl.user-timeline-redis-67cc95bc57-9fdqx,container_memory_mapped_file,0.0
1745322573,kashef-k8s-ctl.media-frontend-6b66b95ff4-czttt,container_memory_mapped_file,16384.0
1745322573,kashef-k8s-ctl.post-storage-service-66c9966f5f-5bn6s,container_memory_mapped_file,12288.0
1745322573,kashef-k8s-ctl.user-mongodb-7745bbd78-zwzzt,container_memory_mapped_file,0.0
1745322573,kashef-k8s-w1.temp-debug-alt,container_memory_mapped_file,0.0
1745322573,kashef-k8s-ctl.jaeger-67997f9775-qpx72,container_memory_mapped_file,0.0
1745322573,kashef-k8s-w1.url-shorten-memcached-6546746864-zdsn5,container_memory_mapped_file,0.0
1745322573,kashef-k8s-ctl.social-graph-redis-5bbd5b7458-gjgpw,container_memory_mapped_file,0.0
1745322573,kashef-k8s-w1.media-memcached-7889bdfdfb-lxrsq,container_memory_mapped_file,0.0
1745322576,kashef-k8s-ctl.text-service-fff64b8bf-q96h7,container_memory_mapped_file,0.0
1745322576,kashef-k8s-w1.url-shorten-service-66949ddcc4-lzqzz,container_memory_mapped_file,12288.0
1745322576,kashef-k8s-w1.home-timeline-redis-6c6647df6f-twn7p,container_memory_mapped_file,0.0
1745322576,kashef-k8s-ctl.user-mention-service-5c4f566c5-rxnwj,container_memory_mapped_file,12288.0
1745322576,kashef-k8s-ctl.social-graph-redis-5bbd5b7458-gjgpw,container_memory_mapped_file,0.0
1745322576,kashef-k8s-ctl.post-storage-service-66c9966f5f-5bn6s,container_memory_mapped_file,12288.0
1745322576,kashef-k8s-w1.social-graph-service-677dbc655c-g8qbp,container_memory_mapped_file,12288.0
1745322576,kashef-k8s-ctl.nginx-thrift-79478f9bf5-dqxlb,container_memory_mapped_file,16384.0
1745322576,kashef-k8s-w1.user-timeline-service-664c7f6696-9hrr8,container_memory_mapped_file,12288.0
1745322576,kashef-k8s-ctl.media-frontend-6b66b95ff4-czttt,container_memory_mapped_file,16384.0
1745322576,kashef-k8s-ctl.home-timeline-service-5754ffbc6d-82vw2,container_memory_mapped_file,0.0
1745322576,kashef-k8s-w1.user-memcached-59687c864d-tbvff,container_memory_mapped_file,0.0
1745322576,kashef-k8s-w1.media-service-6c665c775d-hg6fb,container_memory_mapped_file,0.0
1745322576,kashef-k8s-ctl.post-storage-memcached-6b75788fc6-k6jch,container_memory_mapped_file,0.0
1745322576,kashef-k8s-w1.user-timeline-mongodb-6758898d48-s2r24,container_memory_mapped_file,0.0
1745322576,kashef-k8s-w1.url-shorten-memcached-6546746864-zdsn5,container_memory_mapped_file,0.0
1745322576,kashef-k8s-ctl.unique-id-service-694497b678-4plln,container_memory_mapped_file,0.0
1745322576,kashef-k8s-ctl.user-mongodb-7745bbd78-zwzzt,container_memory_mapped_file,0.0
1745322576,kashef-k8s-w1.compose-post-service-f587bf89d-b4qsv,container_memory_mapped_file,0.0
1745322576,kashef-k8s-w1.temp-debug-alt,container_memory_mapped_file,0.0
1745322576,kashef-k8s-ctl.jaeger-67997f9775-qpx72,container_memory_mapped_file,0.0
1745322576,kashef-k8s-ctl.user-timeline-redis-67cc95bc57-9fdqx,container_memory_mapped_file,0.0
1745322576,kashef-k8s-w1.media-memcached-7889bdfdfb-lxrsq,container_memory_mapped_file,0.0
1745322576,kashef-k8s-w1.post-storage-mongodb-5579669d8c-ddkkh,container_memory_mapped_file,0.0
1745322576,kashef-k8s-ctl.media-mongodb-7b64c59567-68bdt,container_memory_mapped_file,0.0
1745322576,kashef-k8s-w1.url-shorten-mongodb-57c886d5f8-9pbzv,container_memory_mapped_file,0.0
1745322576,kashef-k8s-ctl.social-graph-mongodb-55df767ff5-26cq9,container_memory_mapped_file,0.0
1745322579,kashef-k8s-ctl.unique-id-service-694497b678-4plln,container_memory_mapped_file,0.0
1745322579,kashef-k8s-ctl.media-frontend-6b66b95ff4-czttt,container_memory_mapped_file,16384.0
1745322579,kashef-k8s-w1.url-shorten-service-66949ddcc4-lzqzz,container_memory_mapped_file,12288.0
1745322579,kashef-k8s-w1.home-timeline-redis-6c6647df6f-twn7p,container_memory_mapped_file,0.0
1745322579,kashef-k8s-ctl.social-graph-redis-5bbd5b7458-gjgpw,container_memory_mapped_file,0.0
1745322579,kashef-k8s-ctl.home-timeline-service-5754ffbc6d-82vw2,container_memory_mapped_file,0.0
1745322579,kashef-k8s-ctl.user-mention-service-5c4f566c5-rxnwj,container_memory_mapped_file,12288.0
1745322579,kashef-k8s-ctl.social-graph-mongodb-55df767ff5-26cq9,container_memory_mapped_file,0.0
1745322579,kashef-k8s-ctl.jaeger-67997f9775-qpx72,container_memory_mapped_file,0.0
1745322579,kashef-k8s-w1.media-service-6c665c775d-hg6fb,container_memory_mapped_file,0.0
1745322579,kashef-k8s-ctl.media-mongodb-7b64c59567-68bdt,container_memory_mapped_file,0.0
1745322579,kashef-k8s-ctl.post-storage-memcached-6b75788fc6-k6jch,container_memory_mapped_file,0.0
1745322579,kashef-k8s-w1.url-shorten-memcached-6546746864-zdsn5,container_memory_mapped_file,0.0
1745322579,kashef-k8s-w1.user-timeline-mongodb-6758898d48-s2r24,container_memory_mapped_file,0.0
1745322579,kashef-k8s-w1.user-timeline-service-664c7f6696-9hrr8,container_memory_mapped_file,12288.0
1745322579,kashef-k8s-w1.social-graph-service-677dbc655c-g8qbp,container_memory_mapped_file,12288.0
1745322579,kashef-k8s-ctl.user-timeline-redis-67cc95bc57-9fdqx,container_memory_mapped_file,0.0
1745322579,kashef-k8s-ctl.user-mongodb-7745bbd78-zwzzt,container_memory_mapped_file,0.0
1745322579,kashef-k8s-w1.user-memcached-59687c864d-tbvff,container_memory_mapped_file,0.0
1745322579,kashef-k8s-ctl.nginx-thrift-79478f9bf5-dqxlb,container_memory_mapped_file,16384.0
1745322579,kashef-k8s-w1.url-shorten-mongodb-57c886d5f8-9pbzv,container_memory_mapped_file,0.0
1745322579,kashef-k8s-w1.temp-debug-alt,container_memory_mapped_file,0.0
1745322579,kashef-k8s-ctl.post-storage-service-66c9966f5f-5bn6s,container_memory_mapped_file,12288.0
1745322579,kashef-k8s-w1.compose-post-service-f587bf89d-b4qsv,container_memory_mapped_file,0.0
1745322579,kashef-k8s-ctl.text-service-fff64b8bf-q96h7,container_memory_mapped_file,0.0
1745322579,kashef-k8s-w1.post-storage-mongodb-5579669d8c-ddkkh,container_memory_mapped_file,0.0
1745322579,kashef-k8s-w1.media-memcached-7889bdfdfb-lxrsq,container_memory_mapped_file,0.0
1745322582,kashef-k8s-ctl.text-service-fff64b8bf-q96h7,container_memory_mapped_file,0.0
1745322582,kashef-k8s-w1.media-memcached-7889bdfdfb-lxrsq,container_memory_mapped_file,0.0
1745322582,kashef-k8s-w1.temp-debug-alt,container_memory_mapped_file,0.0
1745322582,kashef-k8s-ctl.user-timeline-redis-67cc95bc57-9fdqx,container_memory_mapped_file,0.0
1745322582,kashef-k8s-w1.user-memcached-59687c864d-tbvff,container_memory_mapped_file,0.0
1745322582,kashef-k8s-ctl.post-storage-service-66c9966f5f-5bn6s,container_memory_mapped_file,12288.0
1745322582,kashef-k8s-ctl.user-mongodb-7745bbd78-zwzzt,container_memory_mapped_file,0.0
1745322582,kashef-k8s-ctl.post-storage-memcached-6b75788fc6-k6jch,container_memory_mapped_file,0.0
1745322582,kashef-k8s-ctl.unique-id-service-694497b678-4plln,container_memory_mapped_file,0.0
1745322582,kashef-k8s-w1.user-timeline-service-664c7f6696-9hrr8,container_memory_mapped_file,12288.0
1745322582,kashef-k8s-ctl.social-graph-redis-5bbd5b7458-gjgpw,container_memory_mapped_file,0.0
1745322582,kashef-k8s-ctl.social-graph-mongodb-55df767ff5-26cq9,container_memory_mapped_file,0.0
1745322582,kashef-k8s-w1.url-shorten-mongodb-57c886d5f8-9pbzv,container_memory_mapped_file,0.0
1745322582,kashef-k8s-ctl.user-mention-service-5c4f566c5-rxnwj,container_memory_mapped_file,12288.0
1745322582,kashef-k8s-ctl.jaeger-67997f9775-qpx72,container_memory_mapped_file,0.0
1745322582,kashef-k8s-ctl.media-mongodb-7b64c59567-68bdt,container_memory_mapped_file,0.0
1745322582,kashef-k8s-w1.home-timeline-redis-6c6647df6f-twn7p,container_memory_mapped_file,0.0
1745322582,kashef-k8s-w1.url-shorten-service-66949ddcc4-lzqzz,container_memory_mapped_file,12288.0
1745322582,kashef-k8s-w1.compose-post-service-f587bf89d-b4qsv,container_memory_mapped_file,0.0
1745322582,kashef-k8s-w1.user-timeline-mongodb-6758898d48-s2r24,container_memory_mapped_file,0.0
1745322582,kashef-k8s-ctl.media-frontend-6b66b95ff4-czttt,container_memory_mapped_file,16384.0
1745322582,kashef-k8s-ctl.nginx-thrift-79478f9bf5-dqxlb,container_memory_mapped_file,16384.0
1745322582,kashef-k8s-w1.social-graph-service-677dbc655c-g8qbp,container_memory_mapped_file,12288.0
1745322582,kashef-k8s-w1.post-storage-mongodb-5579669d8c-ddkkh,container_memory_mapped_file,0.0
1745322582,kashef-k8s-w1.media-service-6c665c775d-hg6fb,container_memory_mapped_file,0.0
1745322582,kashef-k8s-w1.url-shorten-memcached-6546746864-zdsn5,container_memory_mapped_file,0.0
1745322582,kashef-k8s-ctl.home-timeline-service-5754ffbc6d-82vw2,container_memory_mapped_file,0.0
1745322585,kashef-k8s-w1.home-timeline-redis-6c6647df6f-twn7p,container_memory_mapped_file,0.0
1745322585,kashef-k8s-ctl.post-storage-service-66c9966f5f-5bn6s,container_memory_mapped_file,12288.0
1745322585,kashef-k8s-w1.url-shorten-mongodb-57c886d5f8-9pbzv,container_memory_mapped_file,0.0
1745322585,kashef-k8s-w1.user-memcached-59687c864d-tbvff,container_memory_mapped_file,0.0
1745322585,kashef-k8s-ctl.text-service-fff64b8bf-q96h7,container_memory_mapped_file,0.0
1745322585,kashef-k8s-ctl.nginx-thrift-79478f9bf5-dqxlb,container_memory_mapped_file,16384.0
1745322585,kashef-k8s-ctl.social-graph-redis-5bbd5b7458-gjgpw,container_memory_mapped_file,0.0
1745322585,kashef-k8s-ctl.unique-id-service-694497b678-4plln,container_memory_mapped_file,0.0
1745322585,kashef-k8s-ctl.user-mongodb-7745bbd78-zwzzt,container_memory_mapped_file,0.0
1745322585,kashef-k8s-ctl.user-mention-service-5c4f566c5-rxnwj,container_memory_mapped_file,12288.0
1745322585,kashef-k8s-ctl.jaeger-67997f9775-qpx72,container_memory_mapped_file,0.0
1745322585,kashef-k8s-ctl.social-graph-mongodb-55df767ff5-26cq9,container_memory_mapped_file,0.0
1745322585,kashef-k8s-w1.social-graph-service-677dbc655c-g8qbp,container_memory_mapped_file,12288.0
1745322585,kashef-k8s-ctl.user-timeline-redis-67cc95bc57-9fdqx,container_memory_mapped_file,0.0
1745322585,kashef-k8s-w1.media-memcached-7889bdfdfb-lxrsq,container_memory_mapped_file,0.0
1745322585,kashef-k8s-w1.url-shorten-service-66949ddcc4-lzqzz,container_memory_mapped_file,12288.0
1745322585,kashef-k8s-w1.post-storage-mongodb-5579669d8c-ddkkh,container_memory_mapped_file,0.0
1745322585,kashef-k8s-w1.media-service-6c665c775d-hg6fb,container_memory_mapped_file,0.0
1745322585,kashef-k8s-ctl.home-timeline-service-5754ffbc6d-82vw2,container_memory_mapped_file,0.0
1745322585,kashef-k8s-w1.user-timeline-service-664c7f6696-9hrr8,container_memory_mapped_file,12288.0
1745322585,kashef-k8s-ctl.media-mongodb-7b64c59567-68bdt,container_memory_mapped_file,0.0
1745322585,kashef-k8s-w1.compose-post-service-f587bf89d-b4qsv,container_memory_mapped_file,0.0
1745322585,kashef-k8s-w1.user-timeline-mongodb-6758898d48-s2r24,container_memory_mapped_file,0.0
1745322585,kashef-k8s-ctl.post-storage-memcached-6b75788fc6-k6jch,container_memory_mapped_file,0.0
1745322585,kashef-k8s-w1.url-shorten-memcached-6546746864-zdsn5,container_memory_mapped_file,0.0
1745322585,kashef-k8s-ctl.media-frontend-6b66b95ff4-czttt,container_memory_mapped_file,16384.0
1745322585,kashef-k8s-w1.temp-debug-alt,container_memory_mapped_file,0.0
1745322588,kashef-k8s-ctl.text-service-fff64b8bf-q96h7,container_memory_mapped_file,0.0
1745322588,kashef-k8s-w1.social-graph-service-677dbc655c-g8qbp,container_memory_mapped_file,12288.0
1745322588,kashef-k8s-w1.user-timeline-mongodb-6758898d48-s2r24,container_memory_mapped_file,0.0
1745322588,kashef-k8s-w1.url-shorten-service-66949ddcc4-lzqzz,container_memory_mapped_file,12288.0
1745322588,kashef-k8s-ctl.post-storage-memcached-6b75788fc6-k6jch,container_memory_mapped_file,0.0
1745322588,kashef-k8s-ctl.unique-id-service-694497b678-4plln,container_memory_mapped_file,0.0
1745322588,kashef-k8s-w1.media-service-6c665c775d-hg6fb,container_memory_mapped_file,0.0
1745322588,kashef-k8s-w1.compose-post-service-f587bf89d-b4qsv,container_memory_mapped_file,0.0
1745322588,kashef-k8s-ctl.nginx-thrift-79478f9bf5-dqxlb,container_memory_mapped_file,16384.0
1745322588,kashef-k8s-w1.post-storage-mongodb-5579669d8c-ddkkh,container_memory_mapped_file,0.0
1745322588,kashef-k8s-w1.url-shorten-mongodb-57c886d5f8-9pbzv,container_memory_mapped_file,0.0
1745322588,kashef-k8s-w1.user-memcached-59687c864d-tbvff,container_memory_mapped_file,0.0
1745322588,kashef-k8s-ctl.social-graph-mongodb-55df767ff5-26cq9,container_memory_mapped_file,0.0
1745322588,kashef-k8s-ctl.social-graph-redis-5bbd5b7458-gjgpw,container_memory_mapped_file,0.0
1745322588,kashef-k8s-w1.temp-debug-alt,container_memory_mapped_file,0.0
1745322588,kashef-k8s-ctl.user-mongodb-7745bbd78-zwzzt,container_memory_mapped_file,0.0
1745322588,kashef-k8s-ctl.post-storage-service-66c9966f5f-5bn6s,container_memory_mapped_file,12288.0
1745322588,kashef-k8s-ctl.media-frontend-6b66b95ff4-czttt,container_memory_mapped_file,16384.0
1745322588,kashef-k8s-w1.url-shorten-memcached-6546746864-zdsn5,container_memory_mapped_file,0.0
1745322588,kashef-k8s-ctl.media-mongodb-7b64c59567-68bdt,container_memory_mapped_file,0.0
1745322588,kashef-k8s-ctl.jaeger-67997f9775-qpx72,container_memory_mapped_file,0.0
1745322588,kashef-k8s-w1.user-timeline-service-664c7f6696-9hrr8,container_memory_mapped_file,12288.0
1745322588,kashef-k8s-w1.media-memcached-7889bdfdfb-lxrsq,container_memory_mapped_file,0.0
1745322588,kashef-k8s-ctl.user-timeline-redis-67cc95bc57-9fdqx,container_memory_mapped_file,0.0
1745322588,kashef-k8s-w1.home-timeline-redis-6c6647df6f-twn7p,container_memory_mapped_file,0.0
1745322588,kashef-k8s-ctl.user-mention-service-5c4f566c5-rxnwj,container_memory_mapped_file,12288.0
1745322588,kashef-k8s-ctl.home-timeline-service-5754ffbc6d-82vw2,container_memory_mapped_file,0.0
1745322591,kashef-k8s-ctl.nginx-thrift-79478f9bf5-dqxlb,container_memory_mapped_file,16384.0
1745322591,kashef-k8s-w1.social-graph-service-677dbc655c-g8qbp,container_memory_mapped_file,12288.0
1745322591,kashef-k8s-ctl.text-service-fff64b8bf-q96h7,container_memory_mapped_file,0.0
1745322591,kashef-k8s-ctl.post-storage-memcached-6b75788fc6-k6jch,container_memory_mapped_file,0.0
1745322591,kashef-k8s-w1.media-service-6c665c775d-hg6fb,container_memory_mapped_file,0.0
1745322591,kashef-k8s-w1.user-memcached-59687c864d-tbvff,container_memory_mapped_file,0.0
1745322591,kashef-k8s-w1.post-storage-mongodb-5579669d8c-ddkkh,container_memory_mapped_file,0.0
1745322591,kashef-k8s-w1.url-shorten-mongodb-57c886d5f8-9pbzv,container_memory_mapped_file,0.0
1745322591,kashef-k8s-ctl.post-storage-service-66c9966f5f-5bn6s,container_memory_mapped_file,12288.0
1745322591,kashef-k8s-ctl.user-mongodb-7745bbd78-zwzzt,container_memory_mapped_file,0.0
1745322591,kashef-k8s-ctl.unique-id-service-694497b678-4plln,container_memory_mapped_file,0.0
1745322591,kashef-k8s-ctl.social-graph-mongodb-55df767ff5-26cq9,container_memory_mapped_file,0.0
1745322591,kashef-k8s-ctl.social-graph-redis-5bbd5b7458-gjgpw,container_memory_mapped_file,0.0
1745322591,kashef-k8s-w1.compose-post-service-f587bf89d-b4qsv,container_memory_mapped_file,0.0
1745322591,kashef-k8s-w1.user-timeline-mongodb-6758898d48-s2r24,container_memory_mapped_file,0.0
1745322591,kashef-k8s-ctl.jaeger-67997f9775-qpx72,container_memory_mapped_file,0.0
1745322591,kashef-k8s-ctl.media-mongodb-7b64c59567-68bdt,container_memory_mapped_file,0.0
1745322591,kashef-k8s-w1.temp-debug-alt,container_memory_mapped_file,0.0
1745322591,kashef-k8s-ctl.home-timeline-service-5754ffbc6d-82vw2,container_memory_mapped_file,0.0
1745322591,kashef-k8s-w1.home-timeline-redis-6c6647df6f-twn7p,container_memory_mapped_file,0.0
1745322591,kashef-k8s-ctl.user-mention-service-5c4f566c5-rxnwj,container_memory_mapped_file,12288.0
1745322591,kashef-k8s-w1.user-timeline-service-664c7f6696-9hrr8,container_memory_mapped_file,12288.0
1745322591,kashef-k8s-w1.url-shorten-memcached-6546746864-zdsn5,container_memory_mapped_file,0.0
1745322591,kashef-k8s-ctl.media-frontend-6b66b95ff4-czttt,container_memory_mapped_file,16384.0
1745322591,kashef-k8s-ctl.user-timeline-redis-67cc95bc57-9fdqx,container_memory_mapped_file,0.0
1745322591,kashef-k8s-w1.url-shorten-service-66949ddcc4-lzqzz,container_memory_mapped_file,12288.0
1745322591,kashef-k8s-w1.media-memcached-7889bdfdfb-lxrsq,container_memory_mapped_file,0.0
1745322594,kashef-k8s-ctl.media-frontend-6b66b95ff4-czttt,container_memory_mapped_file,16384.0
1745322594,kashef-k8s-w1.media-service-6c665c775d-hg6fb,container_memory_mapped_file,0.0
1745322594,kashef-k8s-w1.home-timeline-redis-6c6647df6f-twn7p,container_memory_mapped_file,0.0
1745322594,kashef-k8s-w1.user-timeline-service-664c7f6696-9hrr8,container_memory_mapped_file,12288.0
1745322594,kashef-k8s-ctl.home-timeline-service-5754ffbc6d-82vw2,container_memory_mapped_file,0.0
1745322594,kashef-k8s-ctl.social-graph-mongodb-55df767ff5-26cq9,container_memory_mapped_file,0.0
1745322594,kashef-k8s-ctl.unique-id-service-694497b678-4plln,container_memory_mapped_file,0.0
1745322594,kashef-k8s-ctl.user-mention-service-5c4f566c5-rxnwj,container_memory_mapped_file,12288.0
1745322594,kashef-k8s-w1.social-graph-service-677dbc655c-g8qbp,container_memory_mapped_file,12288.0
1745322594,kashef-k8s-w1.url-shorten-mongodb-57c886d5f8-9pbzv,container_memory_mapped_file,0.0
1745322594,kashef-k8s-ctl.user-timeline-redis-67cc95bc57-9fdqx,container_memory_mapped_file,0.0
1745322594,kashef-k8s-w1.post-storage-mongodb-5579669d8c-ddkkh,container_memory_mapped_file,0.0
1745322594,kashef-k8s-w1.compose-post-service-f587bf89d-b4qsv,container_memory_mapped_file,0.0
1745322594,kashef-k8s-ctl.jaeger-67997f9775-qpx72,container_memory_mapped_file,0.0
1745322594,kashef-k8s-ctl.post-storage-service-66c9966f5f-5bn6s,container_memory_mapped_file,12288.0
1745322594,kashef-k8s-w1.url-shorten-memcached-6546746864-zdsn5,container_memory_mapped_file,0.0
1745322594,kashef-k8s-w1.user-memcached-59687c864d-tbvff,container_memory_mapped_file,0.0
1745322594,kashef-k8s-w1.user-timeline-mongodb-6758898d48-s2r24,container_memory_mapped_file,0.0
1745322594,kashef-k8s-w1.media-memcached-7889bdfdfb-lxrsq,container_memory_mapped_file,0.0
1745322594,kashef-k8s-ctl.nginx-thrift-79478f9bf5-dqxlb,container_memory_mapped_file,16384.0
1745322594,kashef-k8s-ctl.text-service-fff64b8bf-q96h7,container_memory_mapped_file,0.0
1745322594,kashef-k8s-ctl.post-storage-memcached-6b75788fc6-k6jch,container_memory_mapped_file,0.0
1745322594,kashef-k8s-w1.url-shorten-service-66949ddcc4-lzqzz,container_memory_mapped_file,12288.0
1745322594,kashef-k8s-w1.temp-debug-alt,container_memory_mapped_file,0.0
1745322594,kashef-k8s-ctl.social-graph-redis-5bbd5b7458-gjgpw,container_memory_mapped_file,0.0
1745322594,kashef-k8s-ctl.media-mongodb-7b64c59567-68bdt,container_memory_mapped_file,0.0
1745322594,kashef-k8s-ctl.user-mongodb-7745bbd78-zwzzt,container_memory_mapped_file,0.0
1745322597,kashef-k8s-ctl.social-graph-mongodb-55df767ff5-26cq9,container_memory_mapped_file,0.0
1745322597,kashef-k8s-w1.home-timeline-redis-6c6647df6f-twn7p,container_memory_mapped_file,0.0
1745322597,kashef-k8s-w1.media-service-6c665c775d-hg6fb,container_memory_mapped_file,0.0
1745322597,kashef-k8s-w1.user-memcached-59687c864d-tbvff,container_memory_mapped_file,0.0
1745322597,kashef-k8s-ctl.home-timeline-service-5754ffbc6d-82vw2,container_memory_mapped_file,0.0
1745322597,kashef-k8s-ctl.user-timeline-redis-67cc95bc57-9fdqx,container_memory_mapped_file,0.0
1745322597,kashef-k8s-w1.post-storage-mongodb-5579669d8c-ddkkh,container_memory_mapped_file,0.0
1745322597,kashef-k8s-w1.url-shorten-mongodb-57c886d5f8-9pbzv,container_memory_mapped_file,0.0
1745322597,kashef-k8s-ctl.user-mongodb-7745bbd78-zwzzt,container_memory_mapped_file,0.0
1745322597,kashef-k8s-ctl.post-storage-service-66c9966f5f-5bn6s,container_memory_mapped_file,12288.0
1745322597,kashef-k8s-w1.url-shorten-memcached-6546746864-zdsn5,container_memory_mapped_file,0.0
1745322597,kashef-k8s-w1.compose-post-service-f587bf89d-b4qsv,container_memory_mapped_file,0.0
1745322597,kashef-k8s-ctl.jaeger-67997f9775-qpx72,container_memory_mapped_file,0.0
1745322597,kashef-k8s-ctl.user-mention-service-5c4f566c5-rxnwj,container_memory_mapped_file,12288.0
1745322597,kashef-k8s-w1.user-timeline-service-664c7f6696-9hrr8,container_memory_mapped_file,12288.0
1745322597,kashef-k8s-ctl.text-service-fff64b8bf-q96h7,container_memory_mapped_file,0.0
1745322597,kashef-k8s-ctl.post-storage-memcached-6b75788fc6-k6jch,container_memory_mapped_file,0.0
1745322597,kashef-k8s-ctl.social-graph-redis-5bbd5b7458-gjgpw,container_memory_mapped_file,0.0
1745322597,kashef-k8s-w1.user-timeline-mongodb-6758898d48-s2r24,container_memory_mapped_file,0.0
1745322597,kashef-k8s-ctl.media-mongodb-7b64c59567-68bdt,container_memory_mapped_file,0.0
1745322597,kashef-k8s-ctl.nginx-thrift-79478f9bf5-dqxlb,container_memory_mapped_file,16384.0
1745322597,kashef-k8s-ctl.media-frontend-6b66b95ff4-czttt,container_memory_mapped_file,16384.0
1745322597,kashef-k8s-w1.temp-debug-alt,container_memory_mapped_file,0.0
1745322597,kashef-k8s-w1.media-memcached-7889bdfdfb-lxrsq,container_memory_mapped_file,0.0
1745322597,kashef-k8s-ctl.unique-id-service-694497b678-4plln,container_memory_mapped_file,0.0
1745322597,kashef-k8s-w1.url-shorten-service-66949ddcc4-lzqzz,container_memory_mapped_file,12288.0
1745322597,kashef-k8s-w1.social-graph-service-677dbc655c-g8qbp,container_memory_mapped_file,12288.0
1745322600,kashef-k8s-w1.social-graph-service-677dbc655c-g8qbp,container_memory_mapped_file,12288.0
1745322600,kashef-k8s-ctl.text-service-fff64b8bf-q96h7,container_memory_mapped_file,0.0
1745322600,kashef-k8s-ctl.unique-id-service-694497b678-4plln,container_memory_mapped_file,0.0
1745322600,kashef-k8s-w1.url-shorten-service-66949ddcc4-lzqzz,container_memory_mapped_file,12288.0
1745322600,kashef-k8s-w1.temp-debug-alt,container_memory_mapped_file,0.0
1745322600,kashef-k8s-w1.home-timeline-redis-6c6647df6f-twn7p,container_memory_mapped_file,0.0
1745322600,kashef-k8s-ctl.user-mention-service-5c4f566c5-rxnwj,container_memory_mapped_file,12288.0
1745322600,kashef-k8s-w1.user-timeline-mongodb-6758898d48-s2r24,container_memory_mapped_file,0.0
1745322600,kashef-k8s-ctl.jaeger-67997f9775-qpx72,container_memory_mapped_file,0.0
1745322600,kashef-k8s-ctl.media-mongodb-7b64c59567-68bdt,container_memory_mapped_file,0.0
1745322600,kashef-k8s-ctl.user-mongodb-7745bbd78-zwzzt,container_memory_mapped_file,0.0
1745322600,kashef-k8s-w1.url-shorten-mongodb-57c886d5f8-9pbzv,container_memory_mapped_file,0.0
1745322600,kashef-k8s-ctl.user-timeline-redis-67cc95bc57-9fdqx,container_memory_mapped_file,0.0
1745322600,kashef-k8s-ctl.post-storage-memcached-6b75788fc6-k6jch,container_memory_mapped_file,0.0
1745322600,kashef-k8s-w1.compose-post-service-f587bf89d-b4qsv,container_memory_mapped_file,0.0
1745322600,kashef-k8s-w1.post-storage-mongodb-5579669d8c-ddkkh,container_memory_mapped_file,0.0
1745322600,kashef-k8s-ctl.home-timeline-service-5754ffbc6d-82vw2,container_memory_mapped_file,0.0
1745322600,kashef-k8s-ctl.post-storage-service-66c9966f5f-5bn6s,container_memory_mapped_file,12288.0
1745322600,kashef-k8s-ctl.social-graph-redis-5bbd5b7458-gjgpw,container_memory_mapped_file,0.0
1745322600,kashef-k8s-ctl.nginx-thrift-79478f9bf5-dqxlb,container_memory_mapped_file,16384.0
1745322600,kashef-k8s-ctl.social-graph-mongodb-55df767ff5-26cq9,container_memory_mapped_file,0.0
1745322600,kashef-k8s-w1.user-timeline-service-664c7f6696-9hrr8,container_memory_mapped_file,12288.0
1745322600,kashef-k8s-w1.url-shorten-memcached-6546746864-zdsn5,container_memory_mapped_file,0.0
1745322600,kashef-k8s-w1.user-memcached-59687c864d-tbvff,container_memory_mapped_file,0.0
1745322600,kashef-k8s-ctl.media-frontend-6b66b95ff4-czttt,container_memory_mapped_file,16384.0
1745322600,kashef-k8s-w1.media-service-6c665c775d-hg6fb,container_memory_mapped_file,0.0
1745322600,kashef-k8s-w1.media-memcached-7889bdfdfb-lxrsq,container_memory_mapped_file,0.0
1745322603,kashef-k8s-w1.url-shorten-service-66949ddcc4-lzqzz,container_memory_mapped_file,12288.0
1745322603,kashef-k8s-w1.social-graph-service-677dbc655c-g8qbp,container_memory_mapped_file,12288.0
1745322603,kashef-k8s-ctl.user-mention-service-5c4f566c5-rxnwj,container_memory_mapped_file,12288.0
1745322603,kashef-k8s-w1.user-memcached-59687c864d-tbvff,container_memory_mapped_file,0.0
1745322603,kashef-k8s-ctl.media-mongodb-7b64c59567-68bdt,container_memory_mapped_file,0.0
1745322603,kashef-k8s-w1.user-timeline-mongodb-6758898d48-s2r24,container_memory_mapped_file,0.0
1745322603,kashef-k8s-w1.post-storage-mongodb-5579669d8c-ddkkh,container_memory_mapped_file,0.0
1745322603,kashef-k8s-w1.compose-post-service-f587bf89d-b4qsv,container_memory_mapped_file,0.0
1745322603,kashef-k8s-ctl.jaeger-67997f9775-qpx72,container_memory_mapped_file,0.0
1745322603,kashef-k8s-ctl.post-storage-memcached-6b75788fc6-k6jch,container_memory_mapped_file,0.0
1745322603,kashef-k8s-ctl.user-timeline-redis-67cc95bc57-9fdqx,container_memory_mapped_file,0.0
1745322603,kashef-k8s-ctl.home-timeline-service-5754ffbc6d-82vw2,container_memory_mapped_file,0.0
1745322603,kashef-k8s-ctl.user-mongodb-7745bbd78-zwzzt,container_memory_mapped_file,0.0
1745322603,kashef-k8s-w1.url-shorten-mongodb-57c886d5f8-9pbzv,container_memory_mapped_file,0.0
1745322603,kashef-k8s-ctl.text-service-fff64b8bf-q96h7,container_memory_mapped_file,0.0
1745322603,kashef-k8s-ctl.nginx-thrift-79478f9bf5-dqxlb,container_memory_mapped_file,16384.0
1745322603,kashef-k8s-ctl.post-storage-service-66c9966f5f-5bn6s,container_memory_mapped_file,12288.0
1745322603,kashef-k8s-w1.url-shorten-memcached-6546746864-zdsn5,container_memory_mapped_file,0.0
1745322603,kashef-k8s-ctl.social-graph-redis-5bbd5b7458-gjgpw,container_memory_mapped_file,0.0
1745322603,kashef-k8s-w1.media-service-6c665c775d-hg6fb,container_memory_mapped_file,0.0
1745322603,kashef-k8s-ctl.unique-id-service-694497b678-4plln,container_memory_mapped_file,0.0
1745322603,kashef-k8s-ctl.social-graph-mongodb-55df767ff5-26cq9,container_memory_mapped_file,0.0
1745322603,kashef-k8s-w1.user-timeline-service-664c7f6696-9hrr8,container_memory_mapped_file,12288.0
1745322603,kashef-k8s-w1.media-memcached-7889bdfdfb-lxrsq,container_memory_mapped_file,0.0
1745322603,kashef-k8s-w1.home-timeline-redis-6c6647df6f-twn7p,container_memory_mapped_file,0.0
1745322603,kashef-k8s-ctl.media-frontend-6b66b95ff4-czttt,container_memory_mapped_file,16384.0
1745322603,kashef-k8s-w1.temp-debug-alt,container_memory_mapped_file,0.0
1745322606,kashef-k8s-ctl.post-storage-memcached-6b75788fc6-k6jch,container_memory_mapped_file,0.0
1745322606,kashef-k8s-w1.post-storage-mongodb-5579669d8c-ddkkh,container_memory_mapped_file,0.0
1745322606,kashef-k8s-ctl.user-mention-service-5c4f566c5-rxnwj,container_memory_mapped_file,12288.0
1745322606,kashef-k8s-w1.user-timeline-mongodb-6758898d48-s2r24,container_memory_mapped_file,0.0
1745322606,kashef-k8s-w1.user-memcached-59687c864d-tbvff,container_memory_mapped_file,0.0
1745322606,kashef-k8s-ctl.home-timeline-service-5754ffbc6d-82vw2,container_memory_mapped_file,0.0
1745322606,kashef-k8s-w1.url-shorten-mongodb-57c886d5f8-9pbzv,container_memory_mapped_file,0.0
1745322606,kashef-k8s-ctl.user-timeline-redis-67cc95bc57-9fdqx,container_memory_mapped_file,0.0
1745322606,kashef-k8s-ctl.user-mongodb-7745bbd78-zwzzt,container_memory_mapped_file,0.0
1745322606,kashef-k8s-ctl.jaeger-67997f9775-qpx72,container_memory_mapped_file,0.0
1745322606,kashef-k8s-w1.compose-post-service-f587bf89d-b4qsv,container_memory_mapped_file,0.0
1745322606,kashef-k8s-ctl.nginx-thrift-79478f9bf5-dqxlb,container_memory_mapped_file,16384.0
1745322606,kashef-k8s-ctl.media-mongodb-7b64c59567-68bdt,container_memory_mapped_file,0.0
1745322606,kashef-k8s-w1.media-service-6c665c775d-hg6fb,container_memory_mapped_file,0.0
1745322606,kashef-k8s-ctl.social-graph-mongodb-55df767ff5-26cq9,container_memory_mapped_file,0.0
1745322606,kashef-k8s-ctl.post-storage-service-66c9966f5f-5bn6s,container_memory_mapped_file,12288.0
1745322606,kashef-k8s-ctl.social-graph-redis-5bbd5b7458-gjgpw,container_memory_mapped_file,0.0
1745322606,kashef-k8s-ctl.text-service-fff64b8bf-q96h7,container_memory_mapped_file,0.0
1745322606,kashef-k8s-w1.user-timeline-service-664c7f6696-9hrr8,container_memory_mapped_file,12288.0
1745322606,kashef-k8s-w1.url-shorten-memcached-6546746864-zdsn5,container_memory_mapped_file,0.0
1745322606,kashef-k8s-w1.media-memcached-7889bdfdfb-lxrsq,container_memory_mapped_file,0.0
1745322606,kashef-k8s-w1.temp-debug-alt,container_memory_mapped_file,0.0
1745322606,kashef-k8s-ctl.unique-id-service-694497b678-4plln,container_memory_mapped_file,0.0
1745322606,kashef-k8s-w1.home-timeline-redis-6c6647df6f-twn7p,container_memory_mapped_file,0.0
1745322606,kashef-k8s-ctl.media-frontend-6b66b95ff4-czttt,container_memory_mapped_file,16384.0
1745322606,kashef-k8s-w1.social-graph-service-677dbc655c-g8qbp,container_memory_mapped_file,12288.0
1745322606,kashef-k8s-w1.url-shorten-service-66949ddcc4-lzqzz,container_memory_mapped_file,12288.0
1745322609,kashef-k8s-ctl.media-frontend-6b66b95ff4-czttt,container_memory_mapped_file,16384.0
1745322609,kashef-k8s-w1.url-shorten-service-66949ddcc4-lzqzz,container_memory_mapped_file,12288.0
1745322609,kashef-k8s-w1.media-service-6c665c775d-hg6fb,container_memory_mapped_file,0.0
1745322609,kashef-k8s-ctl.user-timeline-redis-67cc95bc57-9fdqx,container_memory_mapped_file,0.0
1745322609,kashef-k8s-ctl.post-storage-service-66c9966f5f-5bn6s,container_memory_mapped_file,12288.0
1745322609,kashef-k8s-ctl.home-timeline-service-5754ffbc6d-82vw2,container_memory_mapped_file,0.0
1745322609,kashef-k8s-ctl.social-graph-mongodb-55df767ff5-26cq9,container_memory_mapped_file,0.0
1745322609,kashef-k8s-ctl.unique-id-service-694497b678-4plln,container_memory_mapped_file,0.0
1745322609,kashef-k8s-w1.post-storage-mongodb-5579669d8c-ddkkh,container_memory_mapped_file,0.0
1745322609,kashef-k8s-w1.user-memcached-59687c864d-tbvff,container_memory_mapped_file,0.0
1745322609,kashef-k8s-ctl.nginx-thrift-79478f9bf5-dqxlb,container_memory_mapped_file,16384.0
1745322609,kashef-k8s-ctl.post-storage-memcached-6b75788fc6-k6jch,container_memory_mapped_file,0.0
1745322609,kashef-k8s-ctl.media-mongodb-7b64c59567-68bdt,container_memory_mapped_file,0.0
1745322609,kashef-k8s-ctl.jaeger-67997f9775-qpx72,container_memory_mapped_file,0.0
1745322609,kashef-k8s-ctl.user-mongodb-7745bbd78-zwzzt,container_memory_mapped_file,0.0
1745322609,kashef-k8s-w1.url-shorten-mongodb-57c886d5f8-9pbzv,container_memory_mapped_file,0.0
1745322609,kashef-k8s-w1.media-memcached-7889bdfdfb-lxrsq,container_memory_mapped_file,0.0
1745322609,kashef-k8s-w1.user-timeline-service-664c7f6696-9hrr8,container_memory_mapped_file,12288.0
1745322609,kashef-k8s-w1.home-timeline-redis-6c6647df6f-twn7p,container_memory_mapped_file,0.0
1745322609,kashef-k8s-ctl.social-graph-redis-5bbd5b7458-gjgpw,container_memory_mapped_file,0.0
1745322609,kashef-k8s-w1.url-shorten-memcached-6546746864-zdsn5,container_memory_mapped_file,0.0
1745322609,kashef-k8s-w1.temp-debug-alt,container_memory_mapped_file,0.0
1745322609,kashef-k8s-ctl.user-mention-service-5c4f566c5-rxnwj,container_memory_mapped_file,12288.0
1745322609,kashef-k8s-w1.social-graph-service-677dbc655c-g8qbp,container_memory_mapped_file,12288.0
1745322609,kashef-k8s-w1.compose-post-service-f587bf89d-b4qsv,container_memory_mapped_file,0.0
1745322609,kashef-k8s-ctl.text-service-fff64b8bf-q96h7,container_memory_mapped_file,0.0
1745322609,kashef-k8s-w1.user-timeline-mongodb-6758898d48-s2r24,container_memory_mapped_file,0.0
1745322612,kashef-k8s-ctl.home-timeline-service-5754ffbc6d-82vw2,container_memory_mapped_file,0.0
1745322612,kashef-k8s-w1.url-shorten-service-66949ddcc4-lzqzz,container_memory_mapped_file,12288.0
1745322612,kashef-k8s-ctl.social-graph-mongodb-55df767ff5-26cq9,container_memory_mapped_file,0.0
1745322612,kashef-k8s-ctl.unique-id-service-694497b678-4plln,container_memory_mapped_file,0.0
1745322612,kashef-k8s-ctl.post-storage-service-66c9966f5f-5bn6s,container_memory_mapped_file,12288.0
1745322612,kashef-k8s-w1.user-timeline-mongodb-6758898d48-s2r24,container_memory_mapped_file,0.0
1745322612,kashef-k8s-ctl.post-storage-memcached-6b75788fc6-k6jch,container_memory_mapped_file,0.0
1745322612,kashef-k8s-w1.post-storage-mongodb-5579669d8c-ddkkh,container_memory_mapped_file,0.0
1745322612,kashef-k8s-w1.user-memcached-59687c864d-tbvff,container_memory_mapped_file,0.0
1745322612,kashef-k8s-w1.url-shorten-mongodb-57c886d5f8-9pbzv,container_memory_mapped_file,0.0
1745322612,kashef-k8s-ctl.jaeger-67997f9775-qpx72,container_memory_mapped_file,0.0
1745322612,kashef-k8s-ctl.media-mongodb-7b64c59567-68bdt,container_memory_mapped_file,0.0
1745322612,kashef-k8s-ctl.user-mongodb-7745bbd78-zwzzt,container_memory_mapped_file,0.0
1745322612,kashef-k8s-w1.media-service-6c665c775d-hg6fb,container_memory_mapped_file,0.0
1745322612,kashef-k8s-ctl.user-timeline-redis-67cc95bc57-9fdqx,container_memory_mapped_file,0.0
1745322612,kashef-k8s-ctl.media-frontend-6b66b95ff4-czttt,container_memory_mapped_file,16384.0
1745322612,kashef-k8s-ctl.text-service-fff64b8bf-q96h7,container_memory_mapped_file,0.0
1745322612,kashef-k8s-w1.home-timeline-redis-6c6647df6f-twn7p,container_memory_mapped_file,0.0
1745322612,kashef-k8s-w1.url-shorten-memcached-6546746864-zdsn5,container_memory_mapped_file,0.0
1745322612,kashef-k8s-ctl.nginx-thrift-79478f9bf5-dqxlb,container_memory_mapped_file,16384.0
1745322612,kashef-k8s-w1.compose-post-service-f587bf89d-b4qsv,container_memory_mapped_file,0.0
1745322612,kashef-k8s-w1.user-timeline-service-664c7f6696-9hrr8,container_memory_mapped_file,12288.0
1745322612,kashef-k8s-ctl.user-mention-service-5c4f566c5-rxnwj,container_memory_mapped_file,12288.0
1745322612,kashef-k8s-w1.media-memcached-7889bdfdfb-lxrsq,container_memory_mapped_file,0.0
1745322612,kashef-k8s-ctl.social-graph-redis-5bbd5b7458-gjgpw,container_memory_mapped_file,0.0
1745322612,kashef-k8s-w1.social-graph-service-677dbc655c-g8qbp,container_memory_mapped_file,12288.0
1745322612,kashef-k8s-w1.temp-debug-alt,container_memory_mapped_file,0.0
1745322615,kashef-k8s-w1.temp-debug-alt,container_memory_mapped_file,0.0
1745322615,kashef-k8s-w1.user-memcached-59687c864d-tbvff,container_memory_mapped_file,0.0
1745322615,kashef-k8s-w1.url-shorten-memcached-6546746864-zdsn5,container_memory_mapped_file,0.0
1745322615,kashef-k8s-ctl.post-storage-service-66c9966f5f-5bn6s,container_memory_mapped_file,12288.0
1745322615,kashef-k8s-ctl.media-mongodb-7b64c59567-68bdt,container_memory_mapped_file,0.0
1745322615,kashef-k8s-w1.user-timeline-mongodb-6758898d48-s2r24,container_memory_mapped_file,0.0
1745322615,kashef-k8s-w1.home-timeline-redis-6c6647df6f-twn7p,container_memory_mapped_file,0.0
1745322615,kashef-k8s-ctl.post-storage-memcached-6b75788fc6-k6jch,container_memory_mapped_file,0.0
1745322615,kashef-k8s-ctl.jaeger-67997f9775-qpx72,container_memory_mapped_file,0.0
1745322615,kashef-k8s-w1.url-shorten-mongodb-57c886d5f8-9pbzv,container_memory_mapped_file,0.0
1745322615,kashef-k8s-ctl.social-graph-mongodb-55df767ff5-26cq9,container_memory_mapped_file,0.0
1745322615,kashef-k8s-w1.post-storage-mongodb-5579669d8c-ddkkh,container_memory_mapped_file,0.0
1745322615,kashef-k8s-w1.media-memcached-7889bdfdfb-lxrsq,container_memory_mapped_file,0.0
1745322615,kashef-k8s-ctl.home-timeline-service-5754ffbc6d-82vw2,container_memory_mapped_file,0.0
1745322615,kashef-k8s-w1.user-timeline-service-664c7f6696-9hrr8,container_memory_mapped_file,12288.0
1745322615,kashef-k8s-ctl.nginx-thrift-79478f9bf5-dqxlb,container_memory_mapped_file,16384.0
1745322615,kashef-k8s-ctl.social-graph-redis-5bbd5b7458-gjgpw,container_memory_mapped_file,0.0
1745322615,kashef-k8s-ctl.media-frontend-6b66b95ff4-czttt,container_memory_mapped_file,16384.0
1745322615,kashef-k8s-ctl.unique-id-service-694497b678-4plln,container_memory_mapped_file,0.0
1745322615,kashef-k8s-ctl.user-timeline-redis-67cc95bc57-9fdqx,container_memory_mapped_file,0.0
1745322615,kashef-k8s-w1.compose-post-service-f587bf89d-b4qsv,container_memory_mapped_file,0.0
1745322615,kashef-k8s-ctl.user-mongodb-7745bbd78-zwzzt,container_memory_mapped_file,0.0
1745322615,kashef-k8s-w1.url-shorten-service-66949ddcc4-lzqzz,container_memory_mapped_file,12288.0
1745322615,kashef-k8s-ctl.text-service-fff64b8bf-q96h7,container_memory_mapped_file,0.0
1745322615,kashef-k8s-w1.media-service-6c665c775d-hg6fb,container_memory_mapped_file,0.0
1745322615,kashef-k8s-ctl.user-mention-service-5c4f566c5-rxnwj,container_memory_mapped_file,12288.0
1745322615,kashef-k8s-w1.social-graph-service-677dbc655c-g8qbp,container_memory_mapped_file,12288.0
1745322618,kashef-k8s-ctl.user-mention-service-5c4f566c5-rxnwj,container_memory_mapped_file,12288.0
1745322618,kashef-k8s-w1.media-service-6c665c775d-hg6fb,container_memory_mapped_file,0.0
1745322618,kashef-k8s-w1.temp-debug-alt,container_memory_mapped_file,0.0
1745322618,kashef-k8s-w1.social-graph-service-677dbc655c-g8qbp,container_memory_mapped_file,12288.0
1745322618,kashef-k8s-w1.compose-post-service-f587bf89d-b4qsv,container_memory_mapped_file,0.0
1745322618,kashef-k8s-w1.url-shorten-service-66949ddcc4-lzqzz,container_memory_mapped_file,12288.0
1745322618,kashef-k8s-ctl.user-mongodb-7745bbd78-zwzzt,container_memory_mapped_file,0.0
1745322618,kashef-k8s-ctl.text-service-fff64b8bf-q96h7,container_memory_mapped_file,0.0
1745322618,kashef-k8s-w1.user-timeline-service-664c7f6696-9hrr8,container_memory_mapped_file,12288.0
1745322618,kashef-k8s-ctl.social-graph-redis-5bbd5b7458-gjgpw,container_memory_mapped_file,0.0
1745322618,kashef-k8s-ctl.media-frontend-6b66b95ff4-czttt,container_memory_mapped_file,16384.0
1745322618,kashef-k8s-ctl.post-storage-memcached-6b75788fc6-k6jch,container_memory_mapped_file,0.0
1745322618,kashef-k8s-ctl.unique-id-service-694497b678-4plln,container_memory_mapped_file,0.0
1745322618,kashef-k8s-ctl.user-timeline-redis-67cc95bc57-9fdqx,container_memory_mapped_file,0.0
1745322618,kashef-k8s-w1.url-shorten-mongodb-57c886d5f8-9pbzv,container_memory_mapped_file,0.0
1745322618,kashef-k8s-ctl.home-timeline-service-5754ffbc6d-82vw2,container_memory_mapped_file,0.0
1745322618,kashef-k8s-ctl.jaeger-67997f9775-qpx72,container_memory_mapped_file,0.0
1745322618,kashef-k8s-ctl.post-storage-service-66c9966f5f-5bn6s,container_memory_mapped_file,12288.0
1745322618,kashef-k8s-w1.home-timeline-redis-6c6647df6f-twn7p,container_memory_mapped_file,0.0
1745322618,kashef-k8s-w1.user-timeline-mongodb-6758898d48-s2r24,container_memory_mapped_file,0.0
1745322618,kashef-k8s-w1.user-memcached-59687c864d-tbvff,container_memory_mapped_file,0.0
1745322618,kashef-k8s-ctl.social-graph-mongodb-55df767ff5-26cq9,container_memory_mapped_file,0.0
1745322618,kashef-k8s-w1.url-shorten-memcached-6546746864-zdsn5,container_memory_mapped_file,0.0
1745322618,kashef-k8s-ctl.media-mongodb-7b64c59567-68bdt,container_memory_mapped_file,0.0
1745322618,kashef-k8s-w1.post-storage-mongodb-5579669d8c-ddkkh,container_memory_mapped_file,0.0
1745322618,kashef-k8s-w1.media-memcached-7889bdfdfb-lxrsq,container_memory_mapped_file,0.0
1745322618,kashef-k8s-ctl.nginx-thrift-79478f9bf5-dqxlb,container_memory_mapped_file,16384.0
1745322621,kashef-k8s-w1.user-timeline-mongodb-6758898d48-s2r24,container_memory_mapped_file,0.0
1745322621,kashef-k8s-w1.url-shorten-service-66949ddcc4-lzqzz,container_memory_mapped_file,12288.0
1745322621,kashef-k8s-w1.url-shorten-memcached-6546746864-zdsn5,container_memory_mapped_file,0.0
1745322621,kashef-k8s-ctl.text-service-fff64b8bf-q96h7,container_memory_mapped_file,0.0
1745322621,kashef-k8s-w1.media-service-6c665c775d-hg6fb,container_memory_mapped_file,0.0
1745322621,kashef-k8s-ctl.media-frontend-6b66b95ff4-czttt,container_memory_mapped_file,16384.0
1745322621,kashef-k8s-w1.social-graph-service-677dbc655c-g8qbp,container_memory_mapped_file,12288.0
1745322621,kashef-k8s-ctl.post-storage-memcached-6b75788fc6-k6jch,container_memory_mapped_file,0.0
1745322621,kashef-k8s-w1.user-timeline-service-664c7f6696-9hrr8,container_memory_mapped_file,12288.0
1745322621,kashef-k8s-w1.compose-post-service-f587bf89d-b4qsv,container_memory_mapped_file,0.0
1745322621,kashef-k8s-w1.media-memcached-7889bdfdfb-lxrsq,container_memory_mapped_file,0.0
1745322621,kashef-k8s-w1.post-storage-mongodb-5579669d8c-ddkkh,container_memory_mapped_file,0.0
1745322621,kashef-k8s-w1.url-shorten-mongodb-57c886d5f8-9pbzv,container_memory_mapped_file,0.0
1745322621,kashef-k8s-ctl.unique-id-service-694497b678-4plln,container_memory_mapped_file,0.0
1745322621,kashef-k8s-w1.temp-debug-alt,container_memory_mapped_file,0.0
1745322621,kashef-k8s-ctl.user-mention-service-5c4f566c5-rxnwj,container_memory_mapped_file,12288.0
1745322621,kashef-k8s-ctl.user-mongodb-7745bbd78-zwzzt,container_memory_mapped_file,0.0
1745322621,kashef-k8s-ctl.post-storage-service-66c9966f5f-5bn6s,container_memory_mapped_file,12288.0
1745322621,kashef-k8s-ctl.user-timeline-redis-67cc95bc57-9fdqx,container_memory_mapped_file,0.0
1745322621,kashef-k8s-ctl.home-timeline-service-5754ffbc6d-82vw2,container_memory_mapped_file,0.0
1745322621,kashef-k8s-ctl.nginx-thrift-79478f9bf5-dqxlb,container_memory_mapped_file,16384.0
1745322621,kashef-k8s-w1.home-timeline-redis-6c6647df6f-twn7p,container_memory_mapped_file,0.0
1745322621,kashef-k8s-ctl.media-mongodb-7b64c59567-68bdt,container_memory_mapped_file,0.0
1745322621,kashef-k8s-ctl.jaeger-67997f9775-qpx72,container_memory_mapped_file,0.0
1745322621,kashef-k8s-w1.user-memcached-59687c864d-tbvff,container_memory_mapped_file,0.0
1745322621,kashef-k8s-ctl.social-graph-mongodb-55df767ff5-26cq9,container_memory_mapped_file,0.0
1745322621,kashef-k8s-ctl.social-graph-redis-5bbd5b7458-gjgpw,container_memory_mapped_file,0.0
1745322624,kashef-k8s-ctl.user-mongodb-7745bbd78-zwzzt,container_memory_mapped_file,0.0
1745322624,kashef-k8s-w1.home-timeline-redis-6c6647df6f-twn7p,container_memory_mapped_file,0.0
1745322624,kashef-k8s-ctl.jaeger-67997f9775-qpx72,container_memory_mapped_file,0.0
1745322624,kashef-k8s-ctl.nginx-thrift-79478f9bf5-dqxlb,container_memory_mapped_file,16384.0
1745322624,kashef-k8s-w1.user-memcached-59687c864d-tbvff,container_memory_mapped_file,0.0
1745322624,kashef-k8s-ctl.social-graph-redis-5bbd5b7458-gjgpw,container_memory_mapped_file,0.0
1745322624,kashef-k8s-ctl.text-service-fff64b8bf-q96h7,container_memory_mapped_file,0.0
1745322624,kashef-k8s-ctl.social-graph-mongodb-55df767ff5-26cq9,container_memory_mapped_file,0.0
1745322624,kashef-k8s-ctl.unique-id-service-694497b678-4plln,container_memory_mapped_file,0.0
1745322624,kashef-k8s-w1.compose-post-service-f587bf89d-b4qsv,container_memory_mapped_file,0.0
1745322624,kashef-k8s-ctl.home-timeline-service-5754ffbc6d-82vw2,container_memory_mapped_file,0.0
1745322624,kashef-k8s-ctl.post-storage-service-66c9966f5f-5bn6s,container_memory_mapped_file,12288.0
1745322624,kashef-k8s-w1.url-shorten-mongodb-57c886d5f8-9pbzv,container_memory_mapped_file,0.0
1745322624,kashef-k8s-ctl.user-timeline-redis-67cc95bc57-9fdqx,container_memory_mapped_file,0.0
1745322624,kashef-k8s-w1.media-memcached-7889bdfdfb-lxrsq,container_memory_mapped_file,0.0
1745322624,kashef-k8s-w1.post-storage-mongodb-5579669d8c-ddkkh,container_memory_mapped_file,0.0
1745322624,kashef-k8s-ctl.media-frontend-6b66b95ff4-czttt,container_memory_mapped_file,16384.0
1745322624,kashef-k8s-w1.user-timeline-service-664c7f6696-9hrr8,container_memory_mapped_file,12288.0
1745322624,kashef-k8s-w1.url-shorten-memcached-6546746864-zdsn5,container_memory_mapped_file,0.0
1745322624,kashef-k8s-w1.social-graph-service-677dbc655c-g8qbp,container_memory_mapped_file,12288.0
1745322624,kashef-k8s-ctl.post-storage-memcached-6b75788fc6-k6jch,container_memory_mapped_file,0.0
1745322624,kashef-k8s-w1.url-shorten-service-66949ddcc4-lzqzz,container_memory_mapped_file,12288.0
1745322624,kashef-k8s-w1.temp-debug-alt,container_memory_mapped_file,0.0
1745322624,kashef-k8s-ctl.media-mongodb-7b64c59567-68bdt,container_memory_mapped_file,0.0
1745322624,kashef-k8s-w1.user-timeline-mongodb-6758898d48-s2r24,container_memory_mapped_file,0.0
1745322624,kashef-k8s-ctl.user-mention-service-5c4f566c5-rxnwj,container_memory_mapped_file,12288.0
1745322624,kashef-k8s-w1.media-service-6c665c775d-hg6fb,container_memory_mapped_file,0.0
1745322627,kashef-k8s-w1.user-memcached-59687c864d-tbvff,container_memory_mapped_file,0.0
1745322627,kashef-k8s-w1.user-timeline-mongodb-6758898d48-s2r24,container_memory_mapped_file,0.0
1745322627,kashef-k8s-ctl.user-mongodb-7745bbd78-zwzzt,container_memory_mapped_file,0.0
1745322627,kashef-k8s-w1.media-service-6c665c775d-hg6fb,container_memory_mapped_file,0.0
1745322627,kashef-k8s-ctl.user-mention-service-5c4f566c5-rxnwj,container_memory_mapped_file,12288.0
1745322627,kashef-k8s-ctl.post-storage-memcached-6b75788fc6-k6jch,container_memory_mapped_file,0.0
1745322627,kashef-k8s-w1.social-graph-service-677dbc655c-g8qbp,container_memory_mapped_file,12288.0
1745322627,kashef-k8s-w1.media-memcached-7889bdfdfb-lxrsq,container_memory_mapped_file,0.0
1745322627,kashef-k8s-w1.url-shorten-service-66949ddcc4-lzqzz,container_memory_mapped_file,12288.0
1745322627,kashef-k8s-ctl.media-frontend-6b66b95ff4-czttt,container_memory_mapped_file,16384.0
1745322627,kashef-k8s-ctl.unique-id-service-694497b678-4plln,container_memory_mapped_file,0.0
1745322627,kashef-k8s-ctl.post-storage-service-66c9966f5f-5bn6s,container_memory_mapped_file,12288.0
1745322627,kashef-k8s-w1.url-shorten-memcached-6546746864-zdsn5,container_memory_mapped_file,0.0
1745322627,kashef-k8s-ctl.user-timeline-redis-67cc95bc57-9fdqx,container_memory_mapped_file,0.0
1745322627,kashef-k8s-w1.user-timeline-service-664c7f6696-9hrr8,container_memory_mapped_file,12288.0
1745322627,kashef-k8s-w1.home-timeline-redis-6c6647df6f-twn7p,container_memory_mapped_file,0.0
1745322627,kashef-k8s-w1.post-storage-mongodb-5579669d8c-ddkkh,container_memory_mapped_file,0.0
1745322627,kashef-k8s-ctl.text-service-fff64b8bf-q96h7,container_memory_mapped_file,0.0
1745322627,kashef-k8s-ctl.nginx-thrift-79478f9bf5-dqxlb,container_memory_mapped_file,16384.0
1745322627,kashef-k8s-ctl.social-graph-mongodb-55df767ff5-26cq9,container_memory_mapped_file,0.0
1745322627,kashef-k8s-w1.temp-debug-alt,container_memory_mapped_file,0.0
1745322627,kashef-k8s-ctl.social-graph-redis-5bbd5b7458-gjgpw,container_memory_mapped_file,0.0
1745322627,kashef-k8s-ctl.media-mongodb-7b64c59567-68bdt,container_memory_mapped_file,0.0
1745322627,kashef-k8s-w1.url-shorten-mongodb-57c886d5f8-9pbzv,container_memory_mapped_file,0.0
1745322627,kashef-k8s-ctl.jaeger-67997f9775-qpx72,container_memory_mapped_file,0.0
1745322627,kashef-k8s-ctl.home-timeline-service-5754ffbc6d-82vw2,container_memory_mapped_file,0.0
1745322627,kashef-k8s-w1.compose-post-service-f587bf89d-b4qsv,container_memory_mapped_file,0.0
1745322630,kashef-k8s-w1.media-memcached-7889bdfdfb-lxrsq,container_memory_mapped_file,0.0
1745322630,kashef-k8s-w1.social-graph-service-677dbc655c-g8qbp,container_memory_mapped_file,12288.0
1745322630,kashef-k8s-w1.user-timeline-mongodb-6758898d48-s2r24,container_memory_mapped_file,0.0
1745322630,kashef-k8s-ctl.media-frontend-6b66b95ff4-czttt,container_memory_mapped_file,16384.0
1745322630,kashef-k8s-ctl.user-mongodb-7745bbd78-zwzzt,container_memory_mapped_file,0.0
1745322630,kashef-k8s-w1.post-storage-mongodb-5579669d8c-ddkkh,container_memory_mapped_file,0.0
1745322630,kashef-k8s-ctl.post-storage-memcached-6b75788fc6-k6jch,container_memory_mapped_file,0.0
1745322630,kashef-k8s-ctl.unique-id-service-694497b678-4plln,container_memory_mapped_file,0.0
1745322630,kashef-k8s-ctl.post-storage-service-66c9966f5f-5bn6s,container_memory_mapped_file,12288.0
1745322630,kashef-k8s-ctl.user-timeline-redis-67cc95bc57-9fdqx,container_memory_mapped_file,0.0
1745322630,kashef-k8s-w1.url-shorten-service-66949ddcc4-lzqzz,container_memory_mapped_file,12288.0
1745322630,kashef-k8s-w1.user-timeline-service-664c7f6696-9hrr8,container_memory_mapped_file,12288.0
1745322630,kashef-k8s-w1.url-shorten-memcached-6546746864-zdsn5,container_memory_mapped_file,0.0
1745322630,kashef-k8s-w1.home-timeline-redis-6c6647df6f-twn7p,container_memory_mapped_file,0.0
1745322630,kashef-k8s-ctl.user-mention-service-5c4f566c5-rxnwj,container_memory_mapped_file,12288.0
1745322630,kashef-k8s-w1.compose-post-service-f587bf89d-b4qsv,container_memory_mapped_file,0.0
1745322630,kashef-k8s-ctl.text-service-fff64b8bf-q96h7,container_memory_mapped_file,0.0
1745322630,kashef-k8s-ctl.social-graph-mongodb-55df767ff5-26cq9,container_memory_mapped_file,0.0
1745322630,kashef-k8s-w1.temp-debug-alt,container_memory_mapped_file,0.0
1745322630,kashef-k8s-ctl.home-timeline-service-5754ffbc6d-82vw2,container_memory_mapped_file,0.0
1745322630,kashef-k8s-w1.media-service-6c665c775d-hg6fb,container_memory_mapped_file,0.0
1745322630,kashef-k8s-w1.user-memcached-59687c864d-tbvff,container_memory_mapped_file,0.0
1745322630,kashef-k8s-ctl.social-graph-redis-5bbd5b7458-gjgpw,container_memory_mapped_file,0.0
1745322630,kashef-k8s-ctl.nginx-thrift-79478f9bf5-dqxlb,container_memory_mapped_file,16384.0
1745322630,kashef-k8s-ctl.jaeger-67997f9775-qpx72,container_memory_mapped_file,0.0
1745322630,kashef-k8s-w1.url-shorten-mongodb-57c886d5f8-9pbzv,container_memory_mapped_file,0.0
1745322630,kashef-k8s-ctl.media-mongodb-7b64c59567-68bdt,container_memory_mapped_file,0.0
1745322633,kashef-k8s-ctl.user-mention-service-5c4f566c5-rxnwj,container_memory_mapped_file,12288.0
1745322633,kashef-k8s-w1.social-graph-service-677dbc655c-g8qbp,container_memory_mapped_file,12288.0
1745322633,kashef-k8s-w1.url-shorten-memcached-6546746864-zdsn5,container_memory_mapped_file,0.0
1745322633,kashef-k8s-ctl.user-mongodb-7745bbd78-zwzzt,container_memory_mapped_file,0.0
1745322633,kashef-k8s-ctl.social-graph-redis-5bbd5b7458-gjgpw,container_memory_mapped_file,0.0
1745322633,kashef-k8s-w1.user-timeline-service-664c7f6696-9hrr8,container_memory_mapped_file,12288.0
1745322633,kashef-k8s-w1.compose-post-service-f587bf89d-b4qsv,container_memory_mapped_file,0.0
1745322633,kashef-k8s-w1.user-memcached-59687c864d-tbvff,container_memory_mapped_file,0.0
1745322633,kashef-k8s-ctl.post-storage-memcached-6b75788fc6-k6jch,container_memory_mapped_file,0.0
1745322633,kashef-k8s-ctl.jaeger-67997f9775-qpx72,container_memory_mapped_file,0.0
1745322633,kashef-k8s-w1.user-timeline-mongodb-6758898d48-s2r24,container_memory_mapped_file,0.0
1745322633,kashef-k8s-ctl.unique-id-service-694497b678-4plln,container_memory_mapped_file,0.0
1745322633,kashef-k8s-w1.home-timeline-redis-6c6647df6f-twn7p,container_memory_mapped_file,0.0
1745322633,kashef-k8s-w1.url-shorten-mongodb-57c886d5f8-9pbzv,container_memory_mapped_file,0.0
1745322633,kashef-k8s-ctl.nginx-thrift-79478f9bf5-dqxlb,container_memory_mapped_file,16384.0
1745322633,kashef-k8s-ctl.user-timeline-redis-67cc95bc57-9fdqx,container_memory_mapped_file,0.0
1745322633,kashef-k8s-ctl.home-timeline-service-5754ffbc6d-82vw2,container_memory_mapped_file,0.0
1745322633,kashef-k8s-w1.temp-debug-alt,container_memory_mapped_file,0.0
1745322633,kashef-k8s-w1.media-service-6c665c775d-hg6fb,container_memory_mapped_file,0.0
1745322633,kashef-k8s-ctl.social-graph-mongodb-55df767ff5-26cq9,container_memory_mapped_file,0.0
1745322633,kashef-k8s-ctl.media-frontend-6b66b95ff4-czttt,container_memory_mapped_file,16384.0
1745322633,kashef-k8s-w1.post-storage-mongodb-5579669d8c-ddkkh,container_memory_mapped_file,0.0
1745322633,kashef-k8s-w1.media-memcached-7889bdfdfb-lxrsq,container_memory_mapped_file,0.0
1745322633,kashef-k8s-ctl.text-service-fff64b8bf-q96h7,container_memory_mapped_file,0.0
1745322633,kashef-k8s-ctl.post-storage-service-66c9966f5f-5bn6s,container_memory_mapped_file,12288.0
1745322633,kashef-k8s-w1.url-shorten-service-66949ddcc4-lzqzz,container_memory_mapped_file,12288.0
1745322633,kashef-k8s-ctl.media-mongodb-7b64c59567-68bdt,container_memory_mapped_file,0.0
1745322636,kashef-k8s-w1.user-timeline-service-664c7f6696-9hrr8,container_memory_mapped_file,12288.0
1745322636,kashef-k8s-ctl.social-graph-redis-5bbd5b7458-gjgpw,container_memory_mapped_file,0.0
1745322636,kashef-k8s-w1.compose-post-service-f587bf89d-b4qsv,container_memory_mapped_file,0.0
1745322636,kashef-k8s-w1.user-memcached-59687c864d-tbvff,container_memory_mapped_file,0.0
1745322636,kashef-k8s-w1.url-shorten-memcached-6546746864-zdsn5,container_memory_mapped_file,0.0
1745322636,kashef-k8s-w1.user-timeline-mongodb-6758898d48-s2r24,container_memory_mapped_file,0.0
1745322636,kashef-k8s-ctl.jaeger-67997f9775-qpx72,container_memory_mapped_file,0.0
1745322636,kashef-k8s-w1.home-timeline-redis-6c6647df6f-twn7p,container_memory_mapped_file,0.0
1745322636,kashef-k8s-ctl.post-storage-memcached-6b75788fc6-k6jch,container_memory_mapped_file,0.0
1745322636,kashef-k8s-ctl.unique-id-service-694497b678-4plln,container_memory_mapped_file,0.0
1745322636,kashef-k8s-ctl.user-timeline-redis-67cc95bc57-9fdqx,container_memory_mapped_file,0.0
1745322636,kashef-k8s-ctl.nginx-thrift-79478f9bf5-dqxlb,container_memory_mapped_file,16384.0
1745322636,kashef-k8s-w1.url-shorten-mongodb-57c886d5f8-9pbzv,container_memory_mapped_file,0.0
1745322636,kashef-k8s-ctl.user-mongodb-7745bbd78-zwzzt,container_memory_mapped_file,0.0
1745322636,kashef-k8s-w1.social-graph-service-677dbc655c-g8qbp,container_memory_mapped_file,12288.0
1745322636,kashef-k8s-ctl.user-mention-service-5c4f566c5-rxnwj,container_memory_mapped_file,12288.0
1745322636,kashef-k8s-ctl.media-frontend-6b66b95ff4-czttt,container_memory_mapped_file,16384.0
1745322636,kashef-k8s-w1.url-shorten-service-66949ddcc4-lzqzz,container_memory_mapped_file,12288.0
1745322636,kashef-k8s-ctl.home-timeline-service-5754ffbc6d-82vw2,container_memory_mapped_file,0.0
1745322636,kashef-k8s-ctl.media-mongodb-7b64c59567-68bdt,container_memory_mapped_file,0.0
1745322636,kashef-k8s-ctl.post-storage-service-66c9966f5f-5bn6s,container_memory_mapped_file,12288.0
1745322636,kashef-k8s-ctl.social-graph-mongodb-55df767ff5-26cq9,container_memory_mapped_file,0.0
1745322636,kashef-k8s-w1.temp-debug-alt,container_memory_mapped_file,0.0
1745322636,kashef-k8s-ctl.text-service-fff64b8bf-q96h7,container_memory_mapped_file,0.0
1745322636,kashef-k8s-w1.media-memcached-7889bdfdfb-lxrsq,container_memory_mapped_file,0.0
1745322636,kashef-k8s-w1.post-storage-mongodb-5579669d8c-ddkkh,container_memory_mapped_file,0.0
1745322636,kashef-k8s-w1.media-service-6c665c775d-hg6fb,container_memory_mapped_file,0.0
1745322639,kashef-k8s-w1.social-graph-service-677dbc655c-g8qbp,container_memory_mapped_file,12288.0
1745322639,kashef-k8s-w1.home-timeline-redis-6c6647df6f-twn7p,container_memory_mapped_file,0.0
1745322639,kashef-k8s-ctl.text-service-fff64b8bf-q96h7,container_memory_mapped_file,0.0
1745322639,kashef-k8s-w1.media-service-6c665c775d-hg6fb,container_memory_mapped_file,0.0
1745322639,kashef-k8s-ctl.user-mention-service-5c4f566c5-rxnwj,container_memory_mapped_file,12288.0
1745322639,kashef-k8s-w1.user-timeline-mongodb-6758898d48-s2r24,container_memory_mapped_file,0.0
1745322639,kashef-k8s-w1.temp-debug-alt,container_memory_mapped_file,0.0
1745322639,kashef-k8s-ctl.jaeger-67997f9775-qpx72,container_memory_mapped_file,0.0
1745322639,kashef-k8s-w1.url-shorten-mongodb-57c886d5f8-9pbzv,container_memory_mapped_file,0.0
1745322639,kashef-k8s-ctl.media-frontend-6b66b95ff4-czttt,container_memory_mapped_file,16384.0
1745322639,kashef-k8s-ctl.home-timeline-service-5754ffbc6d-82vw2,container_memory_mapped_file,0.0
1745322639,kashef-k8s-w1.url-shorten-service-66949ddcc4-lzqzz,container_memory_mapped_file,12288.0
1745322639,kashef-k8s-ctl.social-graph-mongodb-55df767ff5-26cq9,container_memory_mapped_file,0.0
1745322639,kashef-k8s-w1.user-timeline-service-664c7f6696-9hrr8,container_memory_mapped_file,12288.0
1745322639,kashef-k8s-ctl.unique-id-service-694497b678-4plln,container_memory_mapped_file,0.0
1745322639,kashef-k8s-w1.compose-post-service-f587bf89d-b4qsv,container_memory_mapped_file,0.0
1745322639,kashef-k8s-w1.url-shorten-memcached-6546746864-zdsn5,container_memory_mapped_file,0.0
1745322639,kashef-k8s-ctl.media-mongodb-7b64c59567-68bdt,container_memory_mapped_file,0.0
1745322639,kashef-k8s-ctl.post-storage-memcached-6b75788fc6-k6jch,container_memory_mapped_file,0.0
1745322639,kashef-k8s-ctl.nginx-thrift-79478f9bf5-dqxlb,container_memory_mapped_file,16384.0
1745322639,kashef-k8s-ctl.user-mongodb-7745bbd78-zwzzt,container_memory_mapped_file,0.0
1745322639,kashef-k8s-w1.post-storage-mongodb-5579669d8c-ddkkh,container_memory_mapped_file,0.0
1745322639,kashef-k8s-w1.media-memcached-7889bdfdfb-lxrsq,container_memory_mapped_file,0.0
1745322639,kashef-k8s-w1.user-memcached-59687c864d-tbvff,container_memory_mapped_file,0.0
1745322639,kashef-k8s-ctl.social-graph-redis-5bbd5b7458-gjgpw,container_memory_mapped_file,0.0
1745322639,kashef-k8s-ctl.user-timeline-redis-67cc95bc57-9fdqx,container_memory_mapped_file,0.0
1745322639,kashef-k8s-ctl.post-storage-service-66c9966f5f-5bn6s,container_memory_mapped_file,12288.0
1745322642,kashef-k8s-w1.user-timeline-mongodb-6758898d48-s2r24,container_memory_mapped_file,0.0
1745322642,kashef-k8s-ctl.social-graph-mongodb-55df767ff5-26cq9,container_memory_mapped_file,0.0
1745322642,kashef-k8s-w1.post-storage-mongodb-5579669d8c-ddkkh,container_memory_mapped_file,0.0
1745322642,kashef-k8s-ctl.user-mention-service-5c4f566c5-rxnwj,container_memory_mapped_file,12288.0
1745322642,kashef-k8s-w1.social-graph-service-677dbc655c-g8qbp,container_memory_mapped_file,12288.0
1745322642,kashef-k8s-ctl.home-timeline-service-5754ffbc6d-82vw2,container_memory_mapped_file,0.0
1745322642,kashef-k8s-w1.url-shorten-service-66949ddcc4-lzqzz,container_memory_mapped_file,12288.0
1745322642,kashef-k8s-w1.user-timeline-service-664c7f6696-9hrr8,container_memory_mapped_file,12288.0
1745322642,kashef-k8s-w1.url-shorten-mongodb-57c886d5f8-9pbzv,container_memory_mapped_file,0.0
1745322642,kashef-k8s-ctl.unique-id-service-694497b678-4plln,container_memory_mapped_file,0.0
1745322642,kashef-k8s-ctl.jaeger-67997f9775-qpx72,container_memory_mapped_file,0.0
1745322642,kashef-k8s-ctl.post-storage-service-66c9966f5f-5bn6s,container_memory_mapped_file,12288.0
1745322642,kashef-k8s-ctl.media-frontend-6b66b95ff4-czttt,container_memory_mapped_file,16384.0
1745322642,kashef-k8s-ctl.text-service-fff64b8bf-q96h7,container_memory_mapped_file,0.0
1745322642,kashef-k8s-w1.temp-debug-alt,container_memory_mapped_file,0.0
1745322642,kashef-k8s-ctl.user-mongodb-7745bbd78-zwzzt,container_memory_mapped_file,0.0
1745322642,kashef-k8s-w1.home-timeline-redis-6c6647df6f-twn7p,container_memory_mapped_file,0.0
1745322642,kashef-k8s-ctl.media-mongodb-7b64c59567-68bdt,container_memory_mapped_file,0.0
1745322642,kashef-k8s-ctl.social-graph-redis-5bbd5b7458-gjgpw,container_memory_mapped_file,0.0
1745322642,kashef-k8s-w1.compose-post-service-f587bf89d-b4qsv,container_memory_mapped_file,0.0
1745322642,kashef-k8s-ctl.user-timeline-redis-67cc95bc57-9fdqx,container_memory_mapped_file,0.0
1745322642,kashef-k8s-ctl.post-storage-memcached-6b75788fc6-k6jch,container_memory_mapped_file,0.0
1745322642,kashef-k8s-w1.user-memcached-59687c864d-tbvff,container_memory_mapped_file,0.0
1745322642,kashef-k8s-w1.url-shorten-memcached-6546746864-zdsn5,container_memory_mapped_file,0.0
1745322642,kashef-k8s-w1.media-service-6c665c775d-hg6fb,container_memory_mapped_file,0.0
1745322642,kashef-k8s-ctl.nginx-thrift-79478f9bf5-dqxlb,container_memory_mapped_file,16384.0
1745322642,kashef-k8s-w1.media-memcached-7889bdfdfb-lxrsq,container_memory_mapped_file,0.0
1745322645,kashef-k8s-w1.media-service-6c665c775d-hg6fb,container_memory_mapped_file,0.0
1745322645,kashef-k8s-w1.user-memcached-59687c864d-tbvff,container_memory_mapped_file,0.0
1745322645,kashef-k8s-ctl.text-service-fff64b8bf-q96h7,container_memory_mapped_file,0.0
1745322645,kashef-k8s-ctl.nginx-thrift-79478f9bf5-dqxlb,container_memory_mapped_file,16384.0
1745322645,kashef-k8s-ctl.user-mention-service-5c4f566c5-rxnwj,container_memory_mapped_file,12288.0
1745322645,kashef-k8s-w1.temp-debug-alt,container_memory_mapped_file,0.0
1745322645,kashef-k8s-w1.post-storage-mongodb-5579669d8c-ddkkh,container_memory_mapped_file,0.0
1745322645,kashef-k8s-ctl.social-graph-mongodb-55df767ff5-26cq9,container_memory_mapped_file,0.0
1745322645,kashef-k8s-w1.user-timeline-mongodb-6758898d48-s2r24,container_memory_mapped_file,0.0
1745322645,kashef-k8s-ctl.media-mongodb-7b64c59567-68bdt,container_memory_mapped_file,0.0
1745322645,kashef-k8s-ctl.home-timeline-service-5754ffbc6d-82vw2,container_memory_mapped_file,0.0
1745322645,kashef-k8s-ctl.post-storage-service-66c9966f5f-5bn6s,container_memory_mapped_file,12288.0
1745322645,kashef-k8s-ctl.jaeger-67997f9775-qpx72,container_memory_mapped_file,0.0
1745322645,kashef-k8s-ctl.unique-id-service-694497b678-4plln,container_memory_mapped_file,0.0
1745322645,kashef-k8s-ctl.media-frontend-6b66b95ff4-czttt,container_memory_mapped_file,16384.0
1745322645,kashef-k8s-w1.url-shorten-service-66949ddcc4-lzqzz,container_memory_mapped_file,12288.0
1745322645,kashef-k8s-w1.user-timeline-service-664c7f6696-9hrr8,container_memory_mapped_file,12288.0
1745322645,kashef-k8s-w1.url-shorten-mongodb-57c886d5f8-9pbzv,container_memory_mapped_file,0.0
1745322645,kashef-k8s-ctl.social-graph-redis-5bbd5b7458-gjgpw,container_memory_mapped_file,0.0
1745322645,kashef-k8s-ctl.user-timeline-redis-67cc95bc57-9fdqx,container_memory_mapped_file,0.0
1745322645,kashef-k8s-w1.compose-post-service-f587bf89d-b4qsv,container_memory_mapped_file,0.0
1745322645,kashef-k8s-w1.media-memcached-7889bdfdfb-lxrsq,container_memory_mapped_file,0.0
1745322645,kashef-k8s-ctl.post-storage-memcached-6b75788fc6-k6jch,container_memory_mapped_file,0.0
1745322645,kashef-k8s-w1.url-shorten-memcached-6546746864-zdsn5,container_memory_mapped_file,0.0
1745322645,kashef-k8s-w1.home-timeline-redis-6c6647df6f-twn7p,container_memory_mapped_file,0.0
1745322645,kashef-k8s-ctl.user-mongodb-7745bbd78-zwzzt,container_memory_mapped_file,0.0
1745322645,kashef-k8s-w1.social-graph-service-677dbc655c-g8qbp,container_memory_mapped_file,12288.0
1745322648,kashef-k8s-w1.home-timeline-redis-6c6647df6f-twn7p,container_memory_mapped_file,0.0
1745322648,kashef-k8s-w1.social-graph-service-677dbc655c-g8qbp,container_memory_mapped_file,12288.0
1745322648,kashef-k8s-w1.media-service-6c665c775d-hg6fb,container_memory_mapped_file,0.0
1745322648,kashef-k8s-ctl.user-mongodb-7745bbd78-zwzzt,container_memory_mapped_file,0.0
1745322648,kashef-k8s-ctl.user-timeline-redis-67cc95bc57-9fdqx,container_memory_mapped_file,0.0
1745322648,kashef-k8s-w1.compose-post-service-f587bf89d-b4qsv,container_memory_mapped_file,0.0
1745322648,kashef-k8s-ctl.social-graph-redis-5bbd5b7458-gjgpw,container_memory_mapped_file,0.0
1745322648,kashef-k8s-ctl.post-storage-memcached-6b75788fc6-k6jch,container_memory_mapped_file,0.0
1745322648,kashef-k8s-ctl.media-mongodb-7b64c59567-68bdt,container_memory_mapped_file,0.0
1745322648,kashef-k8s-ctl.home-timeline-service-5754ffbc6d-82vw2,container_memory_mapped_file,0.0
1745322648,kashef-k8s-w1.post-storage-mongodb-5579669d8c-ddkkh,container_memory_mapped_file,0.0
1745322648,kashef-k8s-ctl.jaeger-67997f9775-qpx72,container_memory_mapped_file,0.0
1745322648,kashef-k8s-ctl.post-storage-service-66c9966f5f-5bn6s,container_memory_mapped_file,12288.0
1745322648,kashef-k8s-ctl.media-frontend-6b66b95ff4-czttt,container_memory_mapped_file,16384.0
1745322648,kashef-k8s-ctl.unique-id-service-694497b678-4plln,container_memory_mapped_file,0.0
1745322648,kashef-k8s-w1.user-timeline-service-664c7f6696-9hrr8,container_memory_mapped_file,12288.0
1745322648,kashef-k8s-w1.url-shorten-mongodb-57c886d5f8-9pbzv,container_memory_mapped_file,0.0
1745322648,kashef-k8s-w1.media-memcached-7889bdfdfb-lxrsq,container_memory_mapped_file,0.0
1745322648,kashef-k8s-ctl.nginx-thrift-79478f9bf5-dqxlb,container_memory_mapped_file,16384.0
1745322648,kashef-k8s-ctl.text-service-fff64b8bf-q96h7,container_memory_mapped_file,0.0
1745322648,kashef-k8s-w1.url-shorten-memcached-6546746864-zdsn5,container_memory_mapped_file,0.0
1745322648,kashef-k8s-ctl.user-mention-service-5c4f566c5-rxnwj,container_memory_mapped_file,12288.0
1745322648,kashef-k8s-w1.user-memcached-59687c864d-tbvff,container_memory_mapped_file,0.0
1745322648,kashef-k8s-w1.url-shorten-service-66949ddcc4-lzqzz,container_memory_mapped_file,12288.0
1745322648,kashef-k8s-w1.temp-debug-alt,container_memory_mapped_file,0.0
1745322648,kashef-k8s-ctl.social-graph-mongodb-55df767ff5-26cq9,container_memory_mapped_file,0.0
1745322648,kashef-k8s-w1.user-timeline-mongodb-6758898d48-s2r24,container_memory_mapped_file,0.0
1745322651,kashef-k8s-ctl.user-timeline-redis-67cc95bc57-9fdqx,container_memory_mapped_file,0.0
1745322651,kashef-k8s-w1.home-timeline-redis-6c6647df6f-twn7p,container_memory_mapped_file,0.0
1745322651,kashef-k8s-ctl.nginx-thrift-79478f9bf5-dqxlb,container_memory_mapped_file,16384.0
1745322651,kashef-k8s-ctl.post-storage-memcached-6b75788fc6-k6jch,container_memory_mapped_file,0.0
1745322651,kashef-k8s-w1.compose-post-service-f587bf89d-b4qsv,container_memory_mapped_file,0.0
1745322651,kashef-k8s-ctl.unique-id-service-694497b678-4plln,container_memory_mapped_file,0.0
1745322651,kashef-k8s-w1.url-shorten-mongodb-57c886d5f8-9pbzv,container_memory_mapped_file,0.0
1745322651,kashef-k8s-ctl.media-mongodb-7b64c59567-68bdt,container_memory_mapped_file,0.0
1745322651,kashef-k8s-ctl.home-timeline-service-5754ffbc6d-82vw2,container_memory_mapped_file,0.0
1745322651,kashef-k8s-ctl.media-frontend-6b66b95ff4-czttt,container_memory_mapped_file,16384.0
1745322651,kashef-k8s-w1.url-shorten-service-66949ddcc4-lzqzz,container_memory_mapped_file,12288.0
1745322651,kashef-k8s-ctl.post-storage-service-66c9966f5f-5bn6s,container_memory_mapped_file,12288.0
1745322651,kashef-k8s-w1.user-timeline-service-664c7f6696-9hrr8,container_memory_mapped_file,12288.0
1745322651,kashef-k8s-w1.social-graph-service-677dbc655c-g8qbp,container_memory_mapped_file,12288.0
1745322651,kashef-k8s-w1.media-service-6c665c775d-hg6fb,container_memory_mapped_file,0.0
1745322651,kashef-k8s-ctl.user-mention-service-5c4f566c5-rxnwj,container_memory_mapped_file,12288.0
1745322651,kashef-k8s-ctl.user-mongodb-7745bbd78-zwzzt,container_memory_mapped_file,0.0
1745322651,kashef-k8s-w1.post-storage-mongodb-5579669d8c-ddkkh,container_memory_mapped_file,0.0
1745322651,kashef-k8s-w1.media-memcached-7889bdfdfb-lxrsq,container_memory_mapped_file,0.0
1745322651,kashef-k8s-w1.user-timeline-mongodb-6758898d48-s2r24,container_memory_mapped_file,0.0
1745322651,kashef-k8s-ctl.social-graph-mongodb-55df767ff5-26cq9,container_memory_mapped_file,0.0
1745322651,kashef-k8s-ctl.text-service-fff64b8bf-q96h7,container_memory_mapped_file,0.0
1745322651,kashef-k8s-w1.temp-debug-alt,container_memory_mapped_file,0.0
1745322651,kashef-k8s-w1.user-memcached-59687c864d-tbvff,container_memory_mapped_file,0.0
1745322651,kashef-k8s-w1.url-shorten-memcached-6546746864-zdsn5,container_memory_mapped_file,0.0
1745322651,kashef-k8s-ctl.social-graph-redis-5bbd5b7458-gjgpw,container_memory_mapped_file,0.0
1745322651,kashef-k8s-ctl.jaeger-67997f9775-qpx72,container_memory_mapped_file,0.0
1745322654,kashef-k8s-w1.social-graph-service-677dbc655c-g8qbp,container_memory_mapped_file,12288.0
1745322654,kashef-k8s-ctl.text-service-fff64b8bf-q96h7,container_memory_mapped_file,0.0
1745322654,kashef-k8s-w1.temp-debug-alt,container_memory_mapped_file,0.0
1745322654,kashef-k8s-w1.home-timeline-redis-6c6647df6f-twn7p,container_memory_mapped_file,0.0
1745322654,kashef-k8s-ctl.user-mention-service-5c4f566c5-rxnwj,container_memory_mapped_file,12288.0
1745322654,kashef-k8s-w1.media-memcached-7889bdfdfb-lxrsq,container_memory_mapped_file,0.0
1745322654,kashef-k8s-ctl.social-graph-mongodb-55df767ff5-26cq9,container_memory_mapped_file,0.0
1745322654,kashef-k8s-w1.post-storage-mongodb-5579669d8c-ddkkh,container_memory_mapped_file,0.0
1745322654,kashef-k8s-w1.media-service-6c665c775d-hg6fb,container_memory_mapped_file,0.0
1745322654,kashef-k8s-w1.user-timeline-mongodb-6758898d48-s2r24,container_memory_mapped_file,0.0
1745322654,kashef-k8s-ctl.unique-id-service-694497b678-4plln,container_memory_mapped_file,0.0
1745322654,kashef-k8s-ctl.nginx-thrift-79478f9bf5-dqxlb,container_memory_mapped_file,16384.0
1745322654,kashef-k8s-w1.url-shorten-memcached-6546746864-zdsn5,container_memory_mapped_file,0.0
1745322654,kashef-k8s-w1.user-memcached-59687c864d-tbvff,container_memory_mapped_file,0.0
1745322654,kashef-k8s-ctl.media-frontend-6b66b95ff4-czttt,container_memory_mapped_file,16384.0
1745322654,kashef-k8s-w1.url-shorten-service-66949ddcc4-lzqzz,container_memory_mapped_file,12288.0
1745322654,kashef-k8s-ctl.home-timeline-service-5754ffbc6d-82vw2,container_memory_mapped_file,0.0
1745322654,kashef-k8s-ctl.post-storage-service-66c9966f5f-5bn6s,container_memory_mapped_file,12288.0
1745322654,kashef-k8s-ctl.user-timeline-redis-67cc95bc57-9fdqx,container_memory_mapped_file,0.0
1745322654,kashef-k8s-w1.compose-post-service-f587bf89d-b4qsv,container_memory_mapped_file,0.0
1745322654,kashef-k8s-ctl.social-graph-redis-5bbd5b7458-gjgpw,container_memory_mapped_file,0.0
1745322654,kashef-k8s-ctl.media-mongodb-7b64c59567-68bdt,container_memory_mapped_file,0.0
1745322654,kashef-k8s-ctl.post-storage-memcached-6b75788fc6-k6jch,container_memory_mapped_file,0.0
1745322654,kashef-k8s-ctl.user-mongodb-7745bbd78-zwzzt,container_memory_mapped_file,0.0
1745322654,kashef-k8s-w1.url-shorten-mongodb-57c886d5f8-9pbzv,container_memory_mapped_file,0.0
1745322654,kashef-k8s-w1.user-timeline-service-664c7f6696-9hrr8,container_memory_mapped_file,12288.0
1745322654,kashef-k8s-ctl.jaeger-67997f9775-qpx72,container_memory_mapped_file,0.0
1745322657,kashef-k8s-w1.media-service-6c665c775d-hg6fb,container_memory_mapped_file,0.0
1745322657,kashef-k8s-ctl.text-service-fff64b8bf-q96h7,container_memory_mapped_file,0.0
1745322657,kashef-k8s-w1.temp-debug-alt,container_memory_mapped_file,0.0
1745322657,kashef-k8s-w1.media-memcached-7889bdfdfb-lxrsq,container_memory_mapped_file,0.0
1745322657,kashef-k8s-ctl.user-mention-service-5c4f566c5-rxnwj,container_memory_mapped_file,12288.0
1745322657,kashef-k8s-ctl.nginx-thrift-79478f9bf5-dqxlb,container_memory_mapped_file,16384.0
1745322657,kashef-k8s-ctl.unique-id-service-694497b678-4plln,container_memory_mapped_file,0.0
1745322657,kashef-k8s-ctl.home-timeline-service-5754ffbc6d-82vw2,container_memory_mapped_file,0.0
1745322657,kashef-k8s-w1.url-shorten-service-66949ddcc4-lzqzz,container_memory_mapped_file,12288.0
1745322657,kashef-k8s-ctl.social-graph-mongodb-55df767ff5-26cq9,container_memory_mapped_file,0.0
1745322657,kashef-k8s-ctl.media-frontend-6b66b95ff4-czttt,container_memory_mapped_file,16384.0
1745322657,kashef-k8s-w1.social-graph-service-677dbc655c-g8qbp,container_memory_mapped_file,12288.0
1745322657,kashef-k8s-w1.user-memcached-59687c864d-tbvff,container_memory_mapped_file,0.0
1745322657,kashef-k8s-ctl.post-storage-memcached-6b75788fc6-k6jch,container_memory_mapped_file,0.0
1745322657,kashef-k8s-w1.home-timeline-redis-6c6647df6f-twn7p,container_memory_mapped_file,0.0
1745322657,kashef-k8s-ctl.user-timeline-redis-67cc95bc57-9fdqx,container_memory_mapped_file,0.0
1745322657,kashef-k8s-ctl.media-mongodb-7b64c59567-68bdt,container_memory_mapped_file,0.0
1745322657,kashef-k8s-ctl.social-graph-redis-5bbd5b7458-gjgpw,container_memory_mapped_file,0.0
1745322657,kashef-k8s-ctl.jaeger-67997f9775-qpx72,container_memory_mapped_file,0.0
1745322657,kashef-k8s-w1.user-timeline-service-664c7f6696-9hrr8,container_memory_mapped_file,12288.0
1745322657,kashef-k8s-w1.url-shorten-memcached-6546746864-zdsn5,container_memory_mapped_file,0.0
1745322657,kashef-k8s-w1.compose-post-service-f587bf89d-b4qsv,container_memory_mapped_file,0.0
1745322657,kashef-k8s-w1.url-shorten-mongodb-57c886d5f8-9pbzv,container_memory_mapped_file,0.0
1745322657,kashef-k8s-ctl.post-storage-service-66c9966f5f-5bn6s,container_memory_mapped_file,12288.0
1745322657,kashef-k8s-w1.user-timeline-mongodb-6758898d48-s2r24,container_memory_mapped_file,0.0
1745322657,kashef-k8s-w1.post-storage-mongodb-5579669d8c-ddkkh,container_memory_mapped_file,0.0
1745322657,kashef-k8s-ctl.user-mongodb-7745bbd78-zwzzt,container_memory_mapped_file,0.0
1745322660,kashef-k8s-ctl.post-storage-memcached-6b75788fc6-k6jch,container_memory_mapped_file,0.0
1745322660,kashef-k8s-w1.home-timeline-redis-6c6647df6f-twn7p,container_memory_mapped_file,0.0
1745322660,kashef-k8s-ctl.user-mongodb-7745bbd78-zwzzt,container_memory_mapped_file,0.0
1745322660,kashef-k8s-w1.post-storage-mongodb-5579669d8c-ddkkh,container_memory_mapped_file,0.0
1745322660,kashef-k8s-ctl.post-storage-service-66c9966f5f-5bn6s,container_memory_mapped_file,12288.0
1745322660,kashef-k8s-w1.user-memcached-59687c864d-tbvff,container_memory_mapped_file,0.0
1745322660,kashef-k8s-w1.url-shorten-mongodb-57c886d5f8-9pbzv,container_memory_mapped_file,0.0
1745322660,kashef-k8s-w1.media-memcached-7889bdfdfb-lxrsq,container_memory_mapped_file,0.0
1745322660,kashef-k8s-ctl.media-frontend-6b66b95ff4-czttt,container_memory_mapped_file,16384.0
1745322660,kashef-k8s-w1.user-timeline-mongodb-6758898d48-s2r24,container_memory_mapped_file,0.0
1745322660,kashef-k8s-ctl.nginx-thrift-79478f9bf5-dqxlb,container_memory_mapped_file,16384.0
1745322660,kashef-k8s-ctl.jaeger-67997f9775-qpx72,container_memory_mapped_file,0.0
1745322660,kashef-k8s-w1.social-graph-service-677dbc655c-g8qbp,container_memory_mapped_file,12288.0
1745322660,kashef-k8s-ctl.media-mongodb-7b64c59567-68bdt,container_memory_mapped_file,0.0
1745322660,kashef-k8s-w1.temp-debug-alt,container_memory_mapped_file,0.0
1745322660,kashef-k8s-w1.media-service-6c665c775d-hg6fb,container_memory_mapped_file,0.0
1745322660,kashef-k8s-ctl.social-graph-mongodb-55df767ff5-26cq9,container_memory_mapped_file,0.0
1745322660,kashef-k8s-ctl.unique-id-service-694497b678-4plln,container_memory_mapped_file,0.0
1745322660,kashef-k8s-w1.url-shorten-memcached-6546746864-zdsn5,container_memory_mapped_file,0.0
1745322660,kashef-k8s-ctl.home-timeline-service-5754ffbc6d-82vw2,container_memory_mapped_file,0.0
1745322660,kashef-k8s-w1.url-shorten-service-66949ddcc4-lzqzz,container_memory_mapped_file,12288.0
1745322660,kashef-k8s-ctl.social-graph-redis-5bbd5b7458-gjgpw,container_memory_mapped_file,0.0
1745322660,kashef-k8s-ctl.text-service-fff64b8bf-q96h7,container_memory_mapped_file,0.0
1745322660,kashef-k8s-w1.compose-post-service-f587bf89d-b4qsv,container_memory_mapped_file,0.0
1745322660,kashef-k8s-ctl.user-mention-service-5c4f566c5-rxnwj,container_memory_mapped_file,12288.0
1745322660,kashef-k8s-w1.user-timeline-service-664c7f6696-9hrr8,container_memory_mapped_file,12288.0
1745322660,kashef-k8s-ctl.user-timeline-redis-67cc95bc57-9fdqx,container_memory_mapped_file,0.0
1745322663,kashef-k8s-w1.user-timeline-mongodb-6758898d48-s2r24,container_memory_mapped_file,0.0
1745322663,kashef-k8s-w1.post-storage-mongodb-5579669d8c-ddkkh,container_memory_mapped_file,0.0
1745322663,kashef-k8s-ctl.post-storage-service-66c9966f5f-5bn6s,container_memory_mapped_file,12288.0
1745322663,kashef-k8s-ctl.media-frontend-6b66b95ff4-czttt,container_memory_mapped_file,16384.0
1745322663,kashef-k8s-ctl.media-mongodb-7b64c59567-68bdt,container_memory_mapped_file,0.0
1745322663,kashef-k8s-w1.user-timeline-service-664c7f6696-9hrr8,container_memory_mapped_file,12288.0
1745322663,kashef-k8s-ctl.nginx-thrift-79478f9bf5-dqxlb,container_memory_mapped_file,16384.0
1745322663,kashef-k8s-w1.social-graph-service-677dbc655c-g8qbp,container_memory_mapped_file,12288.0
1745322663,kashef-k8s-ctl.social-graph-mongodb-55df767ff5-26cq9,container_memory_mapped_file,0.0
1745322663,kashef-k8s-w1.media-service-6c665c775d-hg6fb,container_memory_mapped_file,0.0
1745322663,kashef-k8s-w1.temp-debug-alt,container_memory_mapped_file,0.0
1745322663,kashef-k8s-w1.url-shorten-mongodb-57c886d5f8-9pbzv,container_memory_mapped_file,0.0
1745322663,kashef-k8s-ctl.jaeger-67997f9775-qpx72,container_memory_mapped_file,0.0
1745322663,kashef-k8s-ctl.user-mention-service-5c4f566c5-rxnwj,container_memory_mapped_file,12288.0
1745322663,kashef-k8s-w1.user-memcached-59687c864d-tbvff,container_memory_mapped_file,0.0
1745322663,kashef-k8s-ctl.home-timeline-service-5754ffbc6d-82vw2,container_memory_mapped_file,0.0
1745322663,kashef-k8s-ctl.unique-id-service-694497b678-4plln,container_memory_mapped_file,0.0
1745322663,kashef-k8s-w1.url-shorten-service-66949ddcc4-lzqzz,container_memory_mapped_file,12288.0
1745322663,kashef-k8s-w1.url-shorten-memcached-6546746864-zdsn5,container_memory_mapped_file,0.0
1745322663,kashef-k8s-ctl.social-graph-redis-5bbd5b7458-gjgpw,container_memory_mapped_file,0.0
1745322663,kashef-k8s-ctl.user-timeline-redis-67cc95bc57-9fdqx,container_memory_mapped_file,0.0
1745322663,kashef-k8s-ctl.user-mongodb-7745bbd78-zwzzt,container_memory_mapped_file,0.0
1745322663,kashef-k8s-w1.media-memcached-7889bdfdfb-lxrsq,container_memory_mapped_file,0.0
1745322663,kashef-k8s-w1.home-timeline-redis-6c6647df6f-twn7p,container_memory_mapped_file,0.0
1745322663,kashef-k8s-ctl.post-storage-memcached-6b75788fc6-k6jch,container_memory_mapped_file,0.0
1745322663,kashef-k8s-w1.compose-post-service-f587bf89d-b4qsv,container_memory_mapped_file,0.0
1745322663,kashef-k8s-ctl.text-service-fff64b8bf-q96h7,container_memory_mapped_file,0.0
1745322666,kashef-k8s-ctl.text-service-fff64b8bf-q96h7,container_memory_mapped_file,0.0
1745322666,kashef-k8s-w1.compose-post-service-f587bf89d-b4qsv,container_memory_mapped_file,0.0
1745322666,kashef-k8s-w1.home-timeline-redis-6c6647df6f-twn7p,container_memory_mapped_file,0.0
1745322666,kashef-k8s-ctl.user-mongodb-7745bbd78-zwzzt,container_memory_mapped_file,0.0
1745322666,kashef-k8s-w1.media-memcached-7889bdfdfb-lxrsq,container_memory_mapped_file,0.0
1745322666,kashef-k8s-w1.url-shorten-service-66949ddcc4-lzqzz,container_memory_mapped_file,12288.0
1745322666,kashef-k8s-w1.url-shorten-memcached-6546746864-zdsn5,container_memory_mapped_file,0.0
1745322666,kashef-k8s-ctl.user-mention-service-5c4f566c5-rxnwj,container_memory_mapped_file,12288.0
1745322666,kashef-k8s-w1.url-shorten-mongodb-57c886d5f8-9pbzv,container_memory_mapped_file,0.0
1745322666,kashef-k8s-w1.user-timeline-mongodb-6758898d48-s2r24,container_memory_mapped_file,0.0
1745322666,kashef-k8s-ctl.media-frontend-6b66b95ff4-czttt,container_memory_mapped_file,16384.0
1745322666,kashef-k8s-ctl.jaeger-67997f9775-qpx72,container_memory_mapped_file,0.0
1745322666,kashef-k8s-w1.user-timeline-service-664c7f6696-9hrr8,container_memory_mapped_file,12288.0
1745322666,kashef-k8s-w1.social-graph-service-677dbc655c-g8qbp,container_memory_mapped_file,12288.0
1745322666,kashef-k8s-ctl.unique-id-service-694497b678-4plln,container_memory_mapped_file,0.0
1745322666,kashef-k8s-ctl.social-graph-redis-5bbd5b7458-gjgpw,container_memory_mapped_file,0.0
1745322666,kashef-k8s-ctl.home-timeline-service-5754ffbc6d-82vw2,container_memory_mapped_file,0.0
1745322666,kashef-k8s-w1.post-storage-mongodb-5579669d8c-ddkkh,container_memory_mapped_file,0.0
1745322666,kashef-k8s-w1.user-memcached-59687c864d-tbvff,container_memory_mapped_file,0.0
1745322666,kashef-k8s-ctl.social-graph-mongodb-55df767ff5-26cq9,container_memory_mapped_file,0.0
1745322666,kashef-k8s-w1.temp-debug-alt,container_memory_mapped_file,0.0
1745322666,kashef-k8s-ctl.nginx-thrift-79478f9bf5-dqxlb,container_memory_mapped_file,16384.0
1745322666,kashef-k8s-ctl.post-storage-memcached-6b75788fc6-k6jch,container_memory_mapped_file,0.0
1745322666,kashef-k8s-ctl.post-storage-service-66c9966f5f-5bn6s,container_memory_mapped_file,12288.0
1745322666,kashef-k8s-ctl.user-timeline-redis-67cc95bc57-9fdqx,container_memory_mapped_file,0.0
1745322666,kashef-k8s-w1.media-service-6c665c775d-hg6fb,container_memory_mapped_file,0.0
1745322666,kashef-k8s-ctl.media-mongodb-7b64c59567-68bdt,container_memory_mapped_file,0.0
1745322669,kashef-k8s-w1.media-memcached-7889bdfdfb-lxrsq,container_memory_mapped_file,0.0
1745322669,kashef-k8s-w1.user-timeline-mongodb-6758898d48-s2r24,container_memory_mapped_file,0.0
1745322669,kashef-k8s-w1.compose-post-service-f587bf89d-b4qsv,container_memory_mapped_file,0.0
1745322669,kashef-k8s-ctl.social-graph-redis-5bbd5b7458-gjgpw,container_memory_mapped_file,0.0
1745322669,kashef-k8s-ctl.text-service-fff64b8bf-q96h7,container_memory_mapped_file,0.0
1745322669,kashef-k8s-ctl.jaeger-67997f9775-qpx72,container_memory_mapped_file,0.0
1745322669,kashef-k8s-w1.url-shorten-mongodb-57c886d5f8-9pbzv,container_memory_mapped_file,0.0
1745322669,kashef-k8s-w1.url-shorten-service-66949ddcc4-lzqzz,container_memory_mapped_file,12288.0
1745322669,kashef-k8s-ctl.user-mention-service-5c4f566c5-rxnwj,container_memory_mapped_file,12288.0
1745322669,kashef-k8s-ctl.unique-id-service-694497b678-4plln,container_memory_mapped_file,0.0
1745322669,kashef-k8s-w1.url-shorten-memcached-6546746864-zdsn5,container_memory_mapped_file,0.0
1745322669,kashef-k8s-w1.user-timeline-service-664c7f6696-9hrr8,container_memory_mapped_file,12288.0
1745322669,kashef-k8s-w1.social-graph-service-677dbc655c-g8qbp,container_memory_mapped_file,12288.0
1745322669,kashef-k8s-ctl.nginx-thrift-79478f9bf5-dqxlb,container_memory_mapped_file,16384.0
1745322669,kashef-k8s-w1.home-timeline-redis-6c6647df6f-twn7p,container_memory_mapped_file,0.0
1745322669,kashef-k8s-w1.temp-debug-alt,container_memory_mapped_file,0.0
1745322669,kashef-k8s-w1.media-service-6c665c775d-hg6fb,container_memory_mapped_file,0.0
1745322669,kashef-k8s-ctl.home-timeline-service-5754ffbc6d-82vw2,container_memory_mapped_file,0.0
1745322669,kashef-k8s-ctl.media-frontend-6b66b95ff4-czttt,container_memory_mapped_file,16384.0
1745322669,kashef-k8s-ctl.media-mongodb-7b64c59567-68bdt,container_memory_mapped_file,0.0
1745322669,kashef-k8s-ctl.user-timeline-redis-67cc95bc57-9fdqx,container_memory_mapped_file,0.0
1745322669,kashef-k8s-ctl.post-storage-service-66c9966f5f-5bn6s,container_memory_mapped_file,12288.0
1745322669,kashef-k8s-ctl.social-graph-mongodb-55df767ff5-26cq9,container_memory_mapped_file,0.0
1745322669,kashef-k8s-ctl.post-storage-memcached-6b75788fc6-k6jch,container_memory_mapped_file,0.0
1745322669,kashef-k8s-w1.post-storage-mongodb-5579669d8c-ddkkh,container_memory_mapped_file,0.0
1745322669,kashef-k8s-ctl.user-mongodb-7745bbd78-zwzzt,container_memory_mapped_file,0.0
1745322669,kashef-k8s-w1.user-memcached-59687c864d-tbvff,container_memory_mapped_file,0.0
1745322672,kashef-k8s-w1.social-graph-service-677dbc655c-g8qbp,container_memory_mapped_file,12288.0
1745322672,kashef-k8s-ctl.media-frontend-6b66b95ff4-czttt,container_memory_mapped_file,16384.0
1745322672,kashef-k8s-w1.post-storage-mongodb-5579669d8c-ddkkh,container_memory_mapped_file,0.0
1745322672,kashef-k8s-w1.media-service-6c665c775d-hg6fb,container_memory_mapped_file,0.0
1745322672,kashef-k8s-ctl.social-graph-mongodb-55df767ff5-26cq9,container_memory_mapped_file,0.0
1745322672,kashef-k8s-ctl.nginx-thrift-79478f9bf5-dqxlb,container_memory_mapped_file,16384.0
1745322672,kashef-k8s-ctl.text-service-fff64b8bf-q96h7,container_memory_mapped_file,0.0
1745322672,kashef-k8s-ctl.media-mongodb-7b64c59567-68bdt,container_memory_mapped_file,0.0
1745322672,kashef-k8s-w1.url-shorten-mongodb-57c886d5f8-9pbzv,container_memory_mapped_file,0.0
1745322672,kashef-k8s-w1.media-memcached-7889bdfdfb-lxrsq,container_memory_mapped_file,0.0
1745322672,kashef-k8s-w1.url-shorten-service-66949ddcc4-lzqzz,container_memory_mapped_file,12288.0
1745322672,kashef-k8s-ctl.jaeger-67997f9775-qpx72,container_memory_mapped_file,0.0
1745322672,kashef-k8s-w1.compose-post-service-f587bf89d-b4qsv,container_memory_mapped_file,0.0
1745322672,kashef-k8s-ctl.post-storage-memcached-6b75788fc6-k6jch,container_memory_mapped_file,0.0
1745322672,kashef-k8s-w1.user-memcached-59687c864d-tbvff,container_memory_mapped_file,0.0
1745322672,kashef-k8s-w1.home-timeline-redis-6c6647df6f-twn7p,container_memory_mapped_file,0.0
1745322672,kashef-k8s-w1.url-shorten-memcached-6546746864-zdsn5,container_memory_mapped_file,0.0
1745322672,kashef-k8s-ctl.user-timeline-redis-67cc95bc57-9fdqx,container_memory_mapped_file,0.0
1745322672,kashef-k8s-ctl.social-graph-redis-5bbd5b7458-gjgpw,container_memory_mapped_file,0.0
1745322672,kashef-k8s-ctl.unique-id-service-694497b678-4plln,container_memory_mapped_file,0.0
1745322672,kashef-k8s-w1.user-timeline-service-664c7f6696-9hrr8,container_memory_mapped_file,12288.0
1745322672,kashef-k8s-w1.temp-debug-alt,container_memory_mapped_file,0.0
1745322672,kashef-k8s-ctl.user-mongodb-7745bbd78-zwzzt,container_memory_mapped_file,0.0
1745322672,kashef-k8s-ctl.user-mention-service-5c4f566c5-rxnwj,container_memory_mapped_file,12288.0
1745322672,kashef-k8s-ctl.home-timeline-service-5754ffbc6d-82vw2,container_memory_mapped_file,0.0
1745322672,kashef-k8s-w1.user-timeline-mongodb-6758898d48-s2r24,container_memory_mapped_file,0.0
1745322672,kashef-k8s-ctl.post-storage-service-66c9966f5f-5bn6s,container_memory_mapped_file,12288.0
1745322675,kashef-k8s-ctl.social-graph-mongodb-55df767ff5-26cq9,container_memory_mapped_file,0.0
1745322675,kashef-k8s-w1.temp-debug-alt,container_memory_mapped_file,0.0
1745322675,kashef-k8s-w1.media-service-6c665c775d-hg6fb,container_memory_mapped_file,0.0
1745322675,kashef-k8s-ctl.user-mention-service-5c4f566c5-rxnwj,container_memory_mapped_file,12288.0
1745322675,kashef-k8s-ctl.user-mongodb-7745bbd78-zwzzt,container_memory_mapped_file,0.0
1745322675,kashef-k8s-w1.url-shorten-service-66949ddcc4-lzqzz,container_memory_mapped_file,12288.0
1745322675,kashef-k8s-w1.url-shorten-mongodb-57c886d5f8-9pbzv,container_memory_mapped_file,0.0
1745322675,kashef-k8s-ctl.home-timeline-service-5754ffbc6d-82vw2,container_memory_mapped_file,0.0
1745322675,kashef-k8s-ctl.nginx-thrift-79478f9bf5-dqxlb,container_memory_mapped_file,16384.0
1745322675,kashef-k8s-w1.user-memcached-59687c864d-tbvff,container_memory_mapped_file,0.0
1745322675,kashef-k8s-ctl.post-storage-memcached-6b75788fc6-k6jch,container_memory_mapped_file,0.0
1745322675,kashef-k8s-ctl.media-mongodb-7b64c59567-68bdt,container_memory_mapped_file,0.0
1745322675,kashef-k8s-w1.social-graph-service-677dbc655c-g8qbp,container_memory_mapped_file,12288.0
1745322675,kashef-k8s-w1.post-storage-mongodb-5579669d8c-ddkkh,container_memory_mapped_file,0.0
1745322675,kashef-k8s-w1.compose-post-service-f587bf89d-b4qsv,container_memory_mapped_file,0.0
1745322675,kashef-k8s-ctl.media-frontend-6b66b95ff4-czttt,container_memory_mapped_file,16384.0
1745322675,kashef-k8s-w1.user-timeline-mongodb-6758898d48-s2r24,container_memory_mapped_file,0.0
1745322675,kashef-k8s-w1.media-memcached-7889bdfdfb-lxrsq,container_memory_mapped_file,0.0
1745322675,kashef-k8s-ctl.user-timeline-redis-67cc95bc57-9fdqx,container_memory_mapped_file,0.0
1745322675,kashef-k8s-ctl.post-storage-service-66c9966f5f-5bn6s,container_memory_mapped_file,12288.0
1745322675,kashef-k8s-ctl.jaeger-67997f9775-qpx72,container_memory_mapped_file,0.0
1745322675,kashef-k8s-ctl.social-graph-redis-5bbd5b7458-gjgpw,container_memory_mapped_file,0.0
1745322675,kashef-k8s-w1.user-timeline-service-664c7f6696-9hrr8,container_memory_mapped_file,12288.0
1745322675,kashef-k8s-ctl.unique-id-service-694497b678-4plln,container_memory_mapped_file,0.0
1745322675,kashef-k8s-w1.home-timeline-redis-6c6647df6f-twn7p,container_memory_mapped_file,0.0
1745322675,kashef-k8s-w1.url-shorten-memcached-6546746864-zdsn5,container_memory_mapped_file,0.0
1745322675,kashef-k8s-ctl.text-service-fff64b8bf-q96h7,container_memory_mapped_file,0.0
1745322678,kashef-k8s-ctl.user-mention-service-5c4f566c5-rxnwj,container_memory_mapped_file,12288.0
1745322678,kashef-k8s-w1.media-service-6c665c775d-hg6fb,container_memory_mapped_file,0.0
1745322678,kashef-k8s-w1.user-timeline-service-664c7f6696-9hrr8,container_memory_mapped_file,12288.0
1745322678,kashef-k8s-ctl.social-graph-redis-5bbd5b7458-gjgpw,container_memory_mapped_file,0.0
1745322678,kashef-k8s-w1.home-timeline-redis-6c6647df6f-twn7p,container_memory_mapped_file,0.0
1745322678,kashef-k8s-w1.url-shorten-memcached-6546746864-zdsn5,container_memory_mapped_file,0.0
1745322678,kashef-k8s-w1.post-storage-mongodb-5579669d8c-ddkkh,container_memory_mapped_file,0.0
1745322678,kashef-k8s-ctl.social-graph-mongodb-55df767ff5-26cq9,container_memory_mapped_file,0.0
1745322678,kashef-k8s-ctl.unique-id-service-694497b678-4plln,container_memory_mapped_file,0.0
1745322678,kashef-k8s-w1.user-memcached-59687c864d-tbvff,container_memory_mapped_file,0.0
1745322678,kashef-k8s-ctl.user-mongodb-7745bbd78-zwzzt,container_memory_mapped_file,0.0
1745322678,kashef-k8s-ctl.post-storage-memcached-6b75788fc6-k6jch,container_memory_mapped_file,0.0
1745322678,kashef-k8s-w1.media-memcached-7889bdfdfb-lxrsq,container_memory_mapped_file,0.0
1745322678,kashef-k8s-ctl.jaeger-67997f9775-qpx72,container_memory_mapped_file,0.0
1745322678,kashef-k8s-ctl.user-timeline-redis-67cc95bc57-9fdqx,container_memory_mapped_file,0.0
1745322678,kashef-k8s-w1.user-timeline-mongodb-6758898d48-s2r24,container_memory_mapped_file,0.0
1745322678,kashef-k8s-ctl.nginx-thrift-79478f9bf5-dqxlb,container_memory_mapped_file,16384.0
1745322678,kashef-k8s-ctl.post-storage-service-66c9966f5f-5bn6s,container_memory_mapped_file,12288.0
1745322678,kashef-k8s-ctl.text-service-fff64b8bf-q96h7,container_memory_mapped_file,0.0
1745322678,kashef-k8s-ctl.media-frontend-6b66b95ff4-czttt,container_memory_mapped_file,16384.0
1745322678,kashef-k8s-w1.url-shorten-service-66949ddcc4-lzqzz,container_memory_mapped_file,12288.0
1745322678,kashef-k8s-w1.url-shorten-mongodb-57c886d5f8-9pbzv,container_memory_mapped_file,0.0
1745322678,kashef-k8s-ctl.media-mongodb-7b64c59567-68bdt,container_memory_mapped_file,0.0
1745322678,kashef-k8s-w1.social-graph-service-677dbc655c-g8qbp,container_memory_mapped_file,12288.0
1745322678,kashef-k8s-w1.compose-post-service-f587bf89d-b4qsv,container_memory_mapped_file,0.0
1745322678,kashef-k8s-w1.temp-debug-alt,container_memory_mapped_file,0.0
1745322678,kashef-k8s-ctl.home-timeline-service-5754ffbc6d-82vw2,container_memory_mapped_file,0.0
1745322681,kashef-k8s-ctl.unique-id-service-694497b678-4plln,container_memory_mapped_file,0.0
1745322681,kashef-k8s-w1.media-service-6c665c775d-hg6fb,container_memory_mapped_file,0.0
1745322681,kashef-k8s-w1.home-timeline-redis-6c6647df6f-twn7p,container_memory_mapped_file,0.0
1745322681,kashef-k8s-ctl.social-graph-mongodb-55df767ff5-26cq9,container_memory_mapped_file,0.0
1745322681,kashef-k8s-ctl.social-graph-redis-5bbd5b7458-gjgpw,container_memory_mapped_file,0.0
1745322681,kashef-k8s-w1.post-storage-mongodb-5579669d8c-ddkkh,container_memory_mapped_file,0.0
1745322681,kashef-k8s-w1.user-timeline-service-664c7f6696-9hrr8,container_memory_mapped_file,12288.0
1745322681,kashef-k8s-ctl.nginx-thrift-79478f9bf5-dqxlb,container_memory_mapped_file,16384.0
1745322681,kashef-k8s-w1.user-memcached-59687c864d-tbvff,container_memory_mapped_file,0.0
1745322681,kashef-k8s-w1.url-shorten-memcached-6546746864-zdsn5,container_memory_mapped_file,0.0
1745322681,kashef-k8s-w1.user-timeline-mongodb-6758898d48-s2r24,container_memory_mapped_file,0.0
1745322681,kashef-k8s-w1.media-memcached-7889bdfdfb-lxrsq,container_memory_mapped_file,0.0
1745322681,kashef-k8s-ctl.jaeger-67997f9775-qpx72,container_memory_mapped_file,0.0
1745322681,kashef-k8s-ctl.user-timeline-redis-67cc95bc57-9fdqx,container_memory_mapped_file,0.0
1745322681,kashef-k8s-w1.url-shorten-service-66949ddcc4-lzqzz,container_memory_mapped_file,12288.0
1745322681,kashef-k8s-ctl.post-storage-service-66c9966f5f-5bn6s,container_memory_mapped_file,12288.0
1745322681,kashef-k8s-w1.url-shorten-mongodb-57c886d5f8-9pbzv,container_memory_mapped_file,0.0
1745322681,kashef-k8s-ctl.user-mention-service-5c4f566c5-rxnwj,container_memory_mapped_file,12288.0
1745322681,kashef-k8s-ctl.post-storage-memcached-6b75788fc6-k6jch,container_memory_mapped_file,0.0
1745322681,kashef-k8s-ctl.media-mongodb-7b64c59567-68bdt,container_memory_mapped_file,0.0
1745322681,kashef-k8s-ctl.home-timeline-service-5754ffbc6d-82vw2,container_memory_mapped_file,0.0
1745322681,kashef-k8s-ctl.media-frontend-6b66b95ff4-czttt,container_memory_mapped_file,16384.0
1745322681,kashef-k8s-w1.social-graph-service-677dbc655c-g8qbp,container_memory_mapped_file,12288.0
1745322681,kashef-k8s-ctl.text-service-fff64b8bf-q96h7,container_memory_mapped_file,0.0
1745322681,kashef-k8s-w1.compose-post-service-f587bf89d-b4qsv,container_memory_mapped_file,0.0
1745322681,kashef-k8s-ctl.user-mongodb-7745bbd78-zwzzt,container_memory_mapped_file,0.0
1745322681,kashef-k8s-w1.temp-debug-alt,container_memory_mapped_file,0.0
1745322684,kashef-k8s-ctl.user-mention-service-5c4f566c5-rxnwj,container_memory_mapped_file,12288.0
1745322684,kashef-k8s-ctl.text-service-fff64b8bf-q96h7,container_memory_mapped_file,0.0
1745322684,kashef-k8s-ctl.user-mongodb-7745bbd78-zwzzt,container_memory_mapped_file,0.0
1745322684,kashef-k8s-w1.social-graph-service-677dbc655c-g8qbp,container_memory_mapped_file,12288.0
1745322684,kashef-k8s-w1.url-shorten-service-66949ddcc4-lzqzz,container_memory_mapped_file,12288.0
1745322684,kashef-k8s-ctl.social-graph-redis-5bbd5b7458-gjgpw,container_memory_mapped_file,0.0
1745322684,kashef-k8s-w1.url-shorten-mongodb-57c886d5f8-9pbzv,container_memory_mapped_file,0.0
1745322684,kashef-k8s-ctl.post-storage-service-66c9966f5f-5bn6s,container_memory_mapped_file,12288.0
1745322684,kashef-k8s-ctl.media-mongodb-7b64c59567-68bdt,container_memory_mapped_file,0.0
1745322684,kashef-k8s-w1.temp-debug-alt,container_memory_mapped_file,0.0
1745322684,kashef-k8s-ctl.jaeger-67997f9775-qpx72,container_memory_mapped_file,0.0
1745322684,kashef-k8s-ctl.home-timeline-service-5754ffbc6d-82vw2,container_memory_mapped_file,0.0
1745322684,kashef-k8s-w1.user-timeline-service-664c7f6696-9hrr8,container_memory_mapped_file,12288.0
1745322684,kashef-k8s-ctl.post-storage-memcached-6b75788fc6-k6jch,container_memory_mapped_file,0.0
1745322684,kashef-k8s-w1.post-storage-mongodb-5579669d8c-ddkkh,container_memory_mapped_file,0.0
1745322684,kashef-k8s-w1.compose-post-service-f587bf89d-b4qsv,container_memory_mapped_file,0.0
1745322684,kashef-k8s-w1.url-shorten-memcached-6546746864-zdsn5,container_memory_mapped_file,0.0
1745322684,kashef-k8s-ctl.nginx-thrift-79478f9bf5-dqxlb,container_memory_mapped_file,16384.0
1745322684,kashef-k8s-ctl.user-timeline-redis-67cc95bc57-9fdqx,container_memory_mapped_file,0.0
1745322684,kashef-k8s-w1.media-memcached-7889bdfdfb-lxrsq,container_memory_mapped_file,0.0
1745322684,kashef-k8s-w1.home-timeline-redis-6c6647df6f-twn7p,container_memory_mapped_file,0.0
1745322684,kashef-k8s-ctl.unique-id-service-694497b678-4plln,container_memory_mapped_file,0.0
1745322684,kashef-k8s-w1.user-timeline-mongodb-6758898d48-s2r24,container_memory_mapped_file,0.0
1745322684,kashef-k8s-ctl.social-graph-mongodb-55df767ff5-26cq9,container_memory_mapped_file,0.0
1745322684,kashef-k8s-w1.user-memcached-59687c864d-tbvff,container_memory_mapped_file,0.0
1745322684,kashef-k8s-ctl.media-frontend-6b66b95ff4-czttt,container_memory_mapped_file,16384.0
1745322684,kashef-k8s-w1.media-service-6c665c775d-hg6fb,container_memory_mapped_file,0.0
1745322687,kashef-k8s-w1.social-graph-service-677dbc655c-g8qbp,container_memory_mapped_file,12288.0
1745322687,kashef-k8s-w1.user-memcached-59687c864d-tbvff,container_memory_mapped_file,0.0
1745322687,kashef-k8s-ctl.media-frontend-6b66b95ff4-czttt,container_memory_mapped_file,16384.0
1745322687,kashef-k8s-w1.media-service-6c665c775d-hg6fb,container_memory_mapped_file,0.0
1745322687,kashef-k8s-ctl.user-mongodb-7745bbd78-zwzzt,container_memory_mapped_file,0.0
1745322687,kashef-k8s-w1.user-timeline-service-664c7f6696-9hrr8,container_memory_mapped_file,12288.0
1745322687,kashef-k8s-ctl.social-graph-mongodb-55df767ff5-26cq9,container_memory_mapped_file,0.0
1745322687,kashef-k8s-ctl.text-service-fff64b8bf-q96h7,container_memory_mapped_file,0.0
1745322687,kashef-k8s-ctl.post-storage-memcached-6b75788fc6-k6jch,container_memory_mapped_file,0.0
1745322687,kashef-k8s-w1.post-storage-mongodb-5579669d8c-ddkkh,container_memory_mapped_file,0.0
1745322687,kashef-k8s-ctl.social-graph-redis-5bbd5b7458-gjgpw,container_memory_mapped_file,0.0
1745322687,kashef-k8s-ctl.jaeger-67997f9775-qpx72,container_memory_mapped_file,0.0
1745322687,kashef-k8s-w1.compose-post-service-f587bf89d-b4qsv,container_memory_mapped_file,0.0
1745322687,kashef-k8s-w1.url-shorten-memcached-6546746864-zdsn5,container_memory_mapped_file,0.0
1745322687,kashef-k8s-ctl.home-timeline-service-5754ffbc6d-82vw2,container_memory_mapped_file,0.0
1745322687,kashef-k8s-ctl.nginx-thrift-79478f9bf5-dqxlb,container_memory_mapped_file,16384.0
1745322687,kashef-k8s-ctl.unique-id-service-694497b678-4plln,container_memory_mapped_file,0.0
1745322687,kashef-k8s-ctl.media-mongodb-7b64c59567-68bdt,container_memory_mapped_file,0.0
1745322687,kashef-k8s-w1.media-memcached-7889bdfdfb-lxrsq,container_memory_mapped_file,0.0
1745322687,kashef-k8s-w1.user-timeline-mongodb-6758898d48-s2r24,container_memory_mapped_file,0.0
1745322687,kashef-k8s-ctl.user-timeline-redis-67cc95bc57-9fdqx,container_memory_mapped_file,0.0
1745322687,kashef-k8s-w1.url-shorten-service-66949ddcc4-lzqzz,container_memory_mapped_file,12288.0
1745322687,kashef-k8s-w1.temp-debug-alt,container_memory_mapped_file,0.0
1745322687,kashef-k8s-ctl.user-mention-service-5c4f566c5-rxnwj,container_memory_mapped_file,12288.0
1745322687,kashef-k8s-w1.home-timeline-redis-6c6647df6f-twn7p,container_memory_mapped_file,0.0
1745322687,kashef-k8s-w1.url-shorten-mongodb-57c886d5f8-9pbzv,container_memory_mapped_file,0.0
1745322687,kashef-k8s-ctl.post-storage-service-66c9966f5f-5bn6s,container_memory_mapped_file,12288.0
1745322687,kashef-k8s-w1.user-service-547b88cd8f-c9kjd,container_memory_mapped_file,12288.0
1745322690,kashef-k8s-ctl.nginx-thrift-79478f9bf5-dqxlb,container_memory_mapped_file,16384.0
1745322690,kashef-k8s-w1.user-timeline-service-664c7f6696-9hrr8,container_memory_mapped_file,12288.0
1745322690,kashef-k8s-ctl.text-service-fff64b8bf-q96h7,container_memory_mapped_file,0.0
1745322690,kashef-k8s-ctl.social-graph-mongodb-55df767ff5-26cq9,container_memory_mapped_file,0.0
1745322690,kashef-k8s-ctl.social-graph-redis-5bbd5b7458-gjgpw,container_memory_mapped_file,0.0
1745322690,kashef-k8s-ctl.post-storage-service-66c9966f5f-5bn6s,container_memory_mapped_file,12288.0
1745322690,kashef-k8s-ctl.jaeger-67997f9775-qpx72,container_memory_mapped_file,0.0
1745322690,kashef-k8s-w1.post-storage-mongodb-5579669d8c-ddkkh,container_memory_mapped_file,0.0
1745322690,kashef-k8s-w1.compose-post-service-f587bf89d-b4qsv,container_memory_mapped_file,0.0
1745322690,kashef-k8s-w1.social-graph-service-677dbc655c-g8qbp,container_memory_mapped_file,12288.0
1745322690,kashef-k8s-ctl.home-timeline-service-5754ffbc6d-82vw2,container_memory_mapped_file,0.0
1745322690,kashef-k8s-w1.url-shorten-memcached-6546746864-zdsn5,container_memory_mapped_file,0.0
1745322690,kashef-k8s-ctl.post-storage-memcached-6b75788fc6-k6jch,container_memory_mapped_file,0.0
1745322690,kashef-k8s-w1.media-service-6c665c775d-hg6fb,container_memory_mapped_file,0.0
1745322690,kashef-k8s-w1.user-memcached-59687c864d-tbvff,container_memory_mapped_file,0.0
1745322690,kashef-k8s-ctl.media-frontend-6b66b95ff4-czttt,container_memory_mapped_file,16384.0
1745322690,kashef-k8s-w1.home-timeline-redis-6c6647df6f-twn7p,container_memory_mapped_file,0.0
1745322690,kashef-k8s-w1.url-shorten-mongodb-57c886d5f8-9pbzv,container_memory_mapped_file,0.0
1745322690,kashef-k8s-w1.user-service-547b88cd8f-c9kjd,container_memory_mapped_file,12288.0
1745322690,kashef-k8s-ctl.unique-id-service-694497b678-4plln,container_memory_mapped_file,0.0
1745322690,kashef-k8s-w1.media-memcached-7889bdfdfb-lxrsq,container_memory_mapped_file,0.0
1745322690,kashef-k8s-w1.user-timeline-mongodb-6758898d48-s2r24,container_memory_mapped_file,0.0
1745322690,kashef-k8s-ctl.user-timeline-redis-67cc95bc57-9fdqx,container_memory_mapped_file,0.0
1745322690,kashef-k8s-ctl.media-mongodb-7b64c59567-68bdt,container_memory_mapped_file,0.0
1745322690,kashef-k8s-w1.url-shorten-service-66949ddcc4-lzqzz,container_memory_mapped_file,12288.0
1745322690,kashef-k8s-ctl.user-mongodb-7745bbd78-zwzzt,container_memory_mapped_file,0.0
1745322690,kashef-k8s-ctl.user-mention-service-5c4f566c5-rxnwj,container_memory_mapped_file,12288.0
1745322690,kashef-k8s-w1.temp-debug-alt,container_memory_mapped_file,0.0
1745322693,kashef-k8s-w1.user-memcached-59687c864d-tbvff,container_memory_mapped_file,0.0
1745322693,kashef-k8s-w1.media-memcached-7889bdfdfb-lxrsq,container_memory_mapped_file,0.0
1745322693,kashef-k8s-ctl.text-service-fff64b8bf-q96h7,container_memory_mapped_file,0.0
1745322693,kashef-k8s-ctl.media-frontend-6b66b95ff4-czttt,container_memory_mapped_file,16384.0
1745322693,kashef-k8s-ctl.home-timeline-service-5754ffbc6d-82vw2,container_memory_mapped_file,0.0
1745322693,kashef-k8s-ctl.post-storage-service-66c9966f5f-5bn6s,container_memory_mapped_file,12288.0
1745322693,kashef-k8s-ctl.social-graph-mongodb-55df767ff5-26cq9,container_memory_mapped_file,0.0
1745322693,kashef-k8s-w1.social-graph-service-677dbc655c-g8qbp,container_memory_mapped_file,12288.0
1745322693,kashef-k8s-ctl.post-storage-memcached-6b75788fc6-k6jch,container_memory_mapped_file,0.0
1745322693,kashef-k8s-w1.url-shorten-service-66949ddcc4-lzqzz,container_memory_mapped_file,12288.0
1745322693,kashef-k8s-ctl.jaeger-67997f9775-qpx72,container_memory_mapped_file,0.0
1745322693,kashef-k8s-w1.post-storage-mongodb-5579669d8c-ddkkh,container_memory_mapped_file,0.0
1745322693,kashef-k8s-w1.user-timeline-mongodb-6758898d48-s2r24,container_memory_mapped_file,0.0
1745322693,kashef-k8s-ctl.user-timeline-redis-67cc95bc57-9fdqx,container_memory_mapped_file,0.0
1745322693,kashef-k8s-w1.url-shorten-mongodb-57c886d5f8-9pbzv,container_memory_mapped_file,0.0
1745322693,kashef-k8s-w1.user-service-547b88cd8f-c9kjd,container_memory_mapped_file,12288.0
1745322693,kashef-k8s-ctl.nginx-thrift-79478f9bf5-dqxlb,container_memory_mapped_file,16384.0
1745322693,kashef-k8s-w1.media-service-6c665c775d-hg6fb,container_memory_mapped_file,0.0
1745322693,kashef-k8s-ctl.unique-id-service-694497b678-4plln,container_memory_mapped_file,0.0
1745322693,kashef-k8s-w1.home-timeline-redis-6c6647df6f-twn7p,container_memory_mapped_file,0.0
1745322693,kashef-k8s-w1.user-timeline-service-664c7f6696-9hrr8,container_memory_mapped_file,12288.0
1745322693,kashef-k8s-w1.compose-post-service-f587bf89d-b4qsv,container_memory_mapped_file,0.0
1745322693,kashef-k8s-w1.url-shorten-memcached-6546746864-zdsn5,container_memory_mapped_file,0.0
1745322693,kashef-k8s-ctl.social-graph-redis-5bbd5b7458-gjgpw,container_memory_mapped_file,0.0
1745322693,kashef-k8s-ctl.media-mongodb-7b64c59567-68bdt,container_memory_mapped_file,0.0
1745322693,kashef-k8s-ctl.user-mongodb-7745bbd78-zwzzt,container_memory_mapped_file,0.0
1745322693,kashef-k8s-w1.temp-debug-alt,container_memory_mapped_file,0.0
1745322693,kashef-k8s-ctl.user-mention-service-5c4f566c5-rxnwj,container_memory_mapped_file,12288.0
1745322696,kashef-k8s-w1.temp-debug-alt,container_memory_mapped_file,0.0
1745322696,kashef-k8s-ctl.user-mention-service-5c4f566c5-rxnwj,container_memory_mapped_file,12288.0
1745322696,kashef-k8s-ctl.user-mongodb-7745bbd78-zwzzt,container_memory_mapped_file,0.0
1745322696,kashef-k8s-w1.compose-post-service-f587bf89d-b4qsv,container_memory_mapped_file,0.0
1745322696,kashef-k8s-w1.user-timeline-service-664c7f6696-9hrr8,container_memory_mapped_file,12288.0
1745322696,kashef-k8s-ctl.media-frontend-6b66b95ff4-czttt,container_memory_mapped_file,16384.0
1745322696,kashef-k8s-w1.url-shorten-service-66949ddcc4-lzqzz,container_memory_mapped_file,12288.0
1745322696,kashef-k8s-ctl.social-graph-redis-5bbd5b7458-gjgpw,container_memory_mapped_file,0.0
1745322696,kashef-k8s-ctl.jaeger-67997f9775-qpx72,container_memory_mapped_file,0.0
1745322696,kashef-k8s-ctl.nginx-thrift-79478f9bf5-dqxlb,container_memory_mapped_file,16384.0
1745322696,kashef-k8s-w1.user-timeline-mongodb-6758898d48-s2r24,container_memory_mapped_file,0.0
1745322696,kashef-k8s-ctl.media-mongodb-7b64c59567-68bdt,container_memory_mapped_file,0.0
1745322696,kashef-k8s-w1.user-service-547b88cd8f-c9kjd,container_memory_mapped_file,12288.0
1745322696,kashef-k8s-w1.home-timeline-redis-6c6647df6f-twn7p,container_memory_mapped_file,0.0
1745322696,kashef-k8s-ctl.unique-id-service-694497b678-4plln,container_memory_mapped_file,0.0
1745322696,kashef-k8s-ctl.post-storage-memcached-6b75788fc6-k6jch,container_memory_mapped_file,0.0
1745322696,kashef-k8s-w1.social-graph-service-677dbc655c-g8qbp,container_memory_mapped_file,12288.0
1745322696,kashef-k8s-w1.url-shorten-memcached-6546746864-zdsn5,container_memory_mapped_file,0.0
1745322696,kashef-k8s-ctl.home-timeline-service-5754ffbc6d-82vw2,container_memory_mapped_file,0.0
1745322696,kashef-k8s-w1.user-memcached-59687c864d-tbvff,container_memory_mapped_file,0.0
1745322696,kashef-k8s-w1.media-memcached-7889bdfdfb-lxrsq,container_memory_mapped_file,0.0
1745322696,kashef-k8s-ctl.text-service-fff64b8bf-q96h7,container_memory_mapped_file,0.0
1745322696,kashef-k8s-w1.media-service-6c665c775d-hg6fb,container_memory_mapped_file,0.0
1745322696,kashef-k8s-ctl.user-timeline-redis-67cc95bc57-9fdqx,container_memory_mapped_file,0.0
1745322696,kashef-k8s-ctl.post-storage-service-66c9966f5f-5bn6s,container_memory_mapped_file,12288.0
1745322696,kashef-k8s-w1.post-storage-mongodb-5579669d8c-ddkkh,container_memory_mapped_file,0.0
1745322696,kashef-k8s-w1.url-shorten-mongodb-57c886d5f8-9pbzv,container_memory_mapped_file,0.0
1745322696,kashef-k8s-ctl.social-graph-mongodb-55df767ff5-26cq9,container_memory_mapped_file,0.0
1745322699,kashef-k8s-w1.compose-post-service-f587bf89d-b4qsv,container_memory_mapped_file,0.0
1745322699,kashef-k8s-w1.user-timeline-service-664c7f6696-9hrr8,container_memory_mapped_file,12288.0
1745322699,kashef-k8s-w1.media-memcached-7889bdfdfb-lxrsq,container_memory_mapped_file,0.0
1745322699,kashef-k8s-w1.url-shorten-memcached-6546746864-zdsn5,container_memory_mapped_file,0.0
1745322699,kashef-k8s-ctl.post-storage-service-66c9966f5f-5bn6s,container_memory_mapped_file,12288.0
1745322699,kashef-k8s-w1.url-shorten-service-66949ddcc4-lzqzz,container_memory_mapped_file,12288.0
1745322699,kashef-k8s-ctl.home-timeline-service-5754ffbc6d-82vw2,container_memory_mapped_file,0.0
1745322699,kashef-k8s-w1.user-timeline-mongodb-6758898d48-s2r24,container_memory_mapped_file,0.0
1745322699,kashef-k8s-ctl.jaeger-67997f9775-qpx72,container_memory_mapped_file,0.0
1745322699,kashef-k8s-ctl.unique-id-service-694497b678-4plln,container_memory_mapped_file,0.0
1745322699,kashef-k8s-ctl.social-graph-redis-5bbd5b7458-gjgpw,container_memory_mapped_file,0.0
1745322699,kashef-k8s-w1.home-timeline-redis-6c6647df6f-twn7p,container_memory_mapped_file,0.0
1745322699,kashef-k8s-w1.social-graph-service-677dbc655c-g8qbp,container_memory_mapped_file,12288.0
1745322699,kashef-k8s-ctl.text-service-fff64b8bf-q96h7,container_memory_mapped_file,0.0
1745322699,kashef-k8s-ctl.user-mention-service-5c4f566c5-rxnwj,container_memory_mapped_file,12288.0
1745322699,kashef-k8s-w1.media-service-6c665c775d-hg6fb,container_memory_mapped_file,0.0
1745322699,kashef-k8s-w1.temp-debug-alt,container_memory_mapped_file,0.0
1745322699,kashef-k8s-w1.post-storage-mongodb-5579669d8c-ddkkh,container_memory_mapped_file,0.0
1745322699,kashef-k8s-ctl.nginx-thrift-79478f9bf5-dqxlb,container_memory_mapped_file,16384.0
1745322699,kashef-k8s-ctl.post-storage-memcached-6b75788fc6-k6jch,container_memory_mapped_file,0.0
1745322699,kashef-k8s-ctl.user-timeline-redis-67cc95bc57-9fdqx,container_memory_mapped_file,0.0
1745322699,kashef-k8s-ctl.social-graph-mongodb-55df767ff5-26cq9,container_memory_mapped_file,0.0
1745322699,kashef-k8s-ctl.media-mongodb-7b64c59567-68bdt,container_memory_mapped_file,0.0
1745322699,kashef-k8s-w1.user-service-547b88cd8f-c9kjd,container_memory_mapped_file,12288.0
1745322699,kashef-k8s-ctl.media-frontend-6b66b95ff4-czttt,container_memory_mapped_file,16384.0
1745322699,kashef-k8s-w1.url-shorten-mongodb-57c886d5f8-9pbzv,container_memory_mapped_file,0.0
1745322699,kashef-k8s-w1.user-memcached-59687c864d-tbvff,container_memory_mapped_file,0.0
1745322699,kashef-k8s-ctl.user-mongodb-7745bbd78-zwzzt,container_memory_mapped_file,0.0
1745322702,kashef-k8s-ctl.user-mention-service-5c4f566c5-rxnwj,container_memory_mapped_file,12288.0
1745322702,kashef-k8s-w1.temp-debug-alt,container_memory_mapped_file,0.0
1745322702,kashef-k8s-ctl.user-timeline-redis-67cc95bc57-9fdqx,container_memory_mapped_file,0.0
1745322702,kashef-k8s-ctl.social-graph-mongodb-55df767ff5-26cq9,container_memory_mapped_file,0.0
1745322702,kashef-k8s-ctl.social-graph-redis-5bbd5b7458-gjgpw,container_memory_mapped_file,0.0
1745322702,kashef-k8s-w1.url-shorten-memcached-6546746864-zdsn5,container_memory_mapped_file,0.0
1745322702,kashef-k8s-ctl.media-mongodb-7b64c59567-68bdt,container_memory_mapped_file,0.0
1745322702,kashef-k8s-w1.media-service-6c665c775d-hg6fb,container_memory_mapped_file,0.0
1745322702,kashef-k8s-ctl.nginx-thrift-79478f9bf5-dqxlb,container_memory_mapped_file,16384.0
1745322702,kashef-k8s-ctl.post-storage-memcached-6b75788fc6-k6jch,container_memory_mapped_file,0.0
1745322702,kashef-k8s-w1.user-service-547b88cd8f-c9kjd,container_memory_mapped_file,12288.0
1745322702,kashef-k8s-ctl.jaeger-67997f9775-qpx72,container_memory_mapped_file,0.0
1745322702,kashef-k8s-w1.user-memcached-59687c864d-tbvff,container_memory_mapped_file,0.0
1745322702,kashef-k8s-w1.post-storage-mongodb-5579669d8c-ddkkh,container_memory_mapped_file,0.0
1745322702,kashef-k8s-ctl.media-frontend-6b66b95ff4-czttt,container_memory_mapped_file,16384.0
1745322702,kashef-k8s-ctl.text-service-fff64b8bf-q96h7,container_memory_mapped_file,0.0
1745322702,kashef-k8s-w1.home-timeline-redis-6c6647df6f-twn7p,container_memory_mapped_file,0.0
1745322702,kashef-k8s-w1.url-shorten-service-66949ddcc4-lzqzz,container_memory_mapped_file,12288.0
1745322702,kashef-k8s-ctl.home-timeline-service-5754ffbc6d-82vw2,container_memory_mapped_file,0.0
1745322702,kashef-k8s-w1.user-timeline-mongodb-6758898d48-s2r24,container_memory_mapped_file,0.0
1745322702,kashef-k8s-ctl.post-storage-service-66c9966f5f-5bn6s,container_memory_mapped_file,12288.0
1745322702,kashef-k8s-ctl.user-mongodb-7745bbd78-zwzzt,container_memory_mapped_file,0.0
1745322702,kashef-k8s-w1.media-memcached-7889bdfdfb-lxrsq,container_memory_mapped_file,0.0
1745322702,kashef-k8s-w1.social-graph-service-677dbc655c-g8qbp,container_memory_mapped_file,12288.0
1745322702,kashef-k8s-w1.url-shorten-mongodb-57c886d5f8-9pbzv,container_memory_mapped_file,0.0
1745322702,kashef-k8s-w1.compose-post-service-f587bf89d-b4qsv,container_memory_mapped_file,0.0
1745322702,kashef-k8s-ctl.unique-id-service-694497b678-4plln,container_memory_mapped_file,0.0
1745322702,kashef-k8s-w1.user-timeline-service-664c7f6696-9hrr8,container_memory_mapped_file,12288.0
1745322705,kashef-k8s-w1.social-graph-service-677dbc655c-g8qbp,container_memory_mapped_file,12288.0
1745322705,kashef-k8s-ctl.media-mongodb-7b64c59567-68bdt,container_memory_mapped_file,0.0
1745322705,kashef-k8s-w1.user-timeline-mongodb-6758898d48-s2r24,container_memory_mapped_file,0.0
1745322705,kashef-k8s-w1.user-memcached-59687c864d-tbvff,container_memory_mapped_file,0.0
1745322705,kashef-k8s-ctl.jaeger-67997f9775-qpx72,container_memory_mapped_file,0.0
1745322705,kashef-k8s-w1.user-service-547b88cd8f-c9kjd,container_memory_mapped_file,12288.0
1745322705,kashef-k8s-w1.post-storage-mongodb-5579669d8c-ddkkh,container_memory_mapped_file,0.0
1745322705,kashef-k8s-ctl.media-frontend-6b66b95ff4-czttt,container_memory_mapped_file,16384.0
1745322705,kashef-k8s-ctl.user-timeline-redis-67cc95bc57-9fdqx,container_memory_mapped_file,0.0
1745322705,kashef-k8s-ctl.post-storage-memcached-6b75788fc6-k6jch,container_memory_mapped_file,0.0
1745322705,kashef-k8s-ctl.text-service-fff64b8bf-q96h7,container_memory_mapped_file,0.0
1745322705,kashef-k8s-ctl.social-graph-redis-5bbd5b7458-gjgpw,container_memory_mapped_file,0.0
1745322705,kashef-k8s-ctl.nginx-thrift-79478f9bf5-dqxlb,container_memory_mapped_file,16384.0
1745322705,kashef-k8s-ctl.user-mention-service-5c4f566c5-rxnwj,container_memory_mapped_file,12288.0
1745322705,kashef-k8s-w1.temp-debug-alt,container_memory_mapped_file,0.0
1745322705,kashef-k8s-w1.user-timeline-service-664c7f6696-9hrr8,container_memory_mapped_file,12288.0
1745322705,kashef-k8s-w1.compose-post-service-f587bf89d-b4qsv,container_memory_mapped_file,0.0
1745322705,kashef-k8s-ctl.unique-id-service-694497b678-4plln,container_memory_mapped_file,0.0
1745322705,kashef-k8s-ctl.home-timeline-service-5754ffbc6d-82vw2,container_memory_mapped_file,0.0
1745322705,kashef-k8s-w1.home-timeline-redis-6c6647df6f-twn7p,container_memory_mapped_file,0.0
1745322705,kashef-k8s-w1.url-shorten-service-66949ddcc4-lzqzz,container_memory_mapped_file,12288.0
1745322705,kashef-k8s-ctl.post-storage-service-66c9966f5f-5bn6s,container_memory_mapped_file,12288.0
1745322705,kashef-k8s-w1.media-service-6c665c775d-hg6fb,container_memory_mapped_file,0.0
1745322705,kashef-k8s-ctl.social-graph-mongodb-55df767ff5-26cq9,container_memory_mapped_file,0.0
1745322705,kashef-k8s-w1.url-shorten-memcached-6546746864-zdsn5,container_memory_mapped_file,0.0
1745322705,kashef-k8s-w1.url-shorten-mongodb-57c886d5f8-9pbzv,container_memory_mapped_file,0.0
1745322705,kashef-k8s-w1.media-memcached-7889bdfdfb-lxrsq,container_memory_mapped_file,0.0
1745322705,kashef-k8s-ctl.user-mongodb-7745bbd78-zwzzt,container_memory_mapped_file,0.0
1745322708,kashef-k8s-ctl.text-service-fff64b8bf-q96h7,container_memory_mapped_file,0.0
1745322708,kashef-k8s-w1.media-service-6c665c775d-hg6fb,container_memory_mapped_file,0.0
1745322708,kashef-k8s-w1.media-memcached-7889bdfdfb-lxrsq,container_memory_mapped_file,0.0
1745322708,kashef-k8s-w1.url-shorten-mongodb-57c886d5f8-9pbzv,container_memory_mapped_file,0.0
1745322708,kashef-k8s-w1.user-memcached-59687c864d-tbvff,container_memory_mapped_file,0.0
1745322708,kashef-k8s-ctl.jaeger-67997f9775-qpx72,container_memory_mapped_file,0.0
1745322708,kashef-k8s-ctl.user-mention-service-5c4f566c5-rxnwj,container_memory_mapped_file,12288.0
1745322708,kashef-k8s-w1.url-shorten-service-66949ddcc4-lzqzz,container_memory_mapped_file,12288.0
1745322708,kashef-k8s-ctl.media-mongodb-7b64c59567-68bdt,container_memory_mapped_file,0.0
1745322708,kashef-k8s-w1.user-timeline-mongodb-6758898d48-s2r24,container_memory_mapped_file,0.0
1745322708,kashef-k8s-ctl.unique-id-service-694497b678-4plln,container_memory_mapped_file,0.0
1745322708,kashef-k8s-ctl.home-timeline-service-5754ffbc6d-82vw2,container_memory_mapped_file,0.0
1745322708,kashef-k8s-ctl.post-storage-service-66c9966f5f-5bn6s,container_memory_mapped_file,12288.0
1745322708,kashef-k8s-ctl.social-graph-redis-5bbd5b7458-gjgpw,container_memory_mapped_file,0.0
1745322708,kashef-k8s-ctl.user-mongodb-7745bbd78-zwzzt,container_memory_mapped_file,0.0
1745322708,kashef-k8s-w1.post-storage-mongodb-5579669d8c-ddkkh,container_memory_mapped_file,0.0
1745322708,kashef-k8s-w1.user-timeline-service-664c7f6696-9hrr8,container_memory_mapped_file,12288.0
1745322708,kashef-k8s-ctl.user-timeline-redis-67cc95bc57-9fdqx,container_memory_mapped_file,0.0
1745322708,kashef-k8s-ctl.media-frontend-6b66b95ff4-czttt,container_memory_mapped_file,16384.0
1745322708,kashef-k8s-ctl.post-storage-memcached-6b75788fc6-k6jch,container_memory_mapped_file,0.0
1745322708,kashef-k8s-w1.home-timeline-redis-6c6647df6f-twn7p,container_memory_mapped_file,0.0
1745322708,kashef-k8s-ctl.social-graph-mongodb-55df767ff5-26cq9,container_memory_mapped_file,0.0
1745322708,kashef-k8s-w1.temp-debug-alt,container_memory_mapped_file,0.0
1745322708,kashef-k8s-w1.social-graph-service-677dbc655c-g8qbp,container_memory_mapped_file,12288.0
1745322708,kashef-k8s-ctl.nginx-thrift-79478f9bf5-dqxlb,container_memory_mapped_file,16384.0
1745322708,kashef-k8s-w1.url-shorten-memcached-6546746864-zdsn5,container_memory_mapped_file,0.0
1745322708,kashef-k8s-w1.compose-post-service-f587bf89d-b4qsv,container_memory_mapped_file,0.0
1745322708,kashef-k8s-w1.user-service-547b88cd8f-c9kjd,container_memory_mapped_file,12288.0
1745322711,kashef-k8s-w1.media-service-6c665c775d-hg6fb,container_memory_mapped_file,0.0
1745322711,kashef-k8s-w1.user-memcached-59687c864d-tbvff,container_memory_mapped_file,0.0
1745322711,kashef-k8s-w1.url-shorten-mongodb-57c886d5f8-9pbzv,container_memory_mapped_file,0.0
1745322711,kashef-k8s-w1.url-shorten-service-66949ddcc4-lzqzz,container_memory_mapped_file,12288.0
1745322711,kashef-k8s-ctl.post-storage-service-66c9966f5f-5bn6s,container_memory_mapped_file,12288.0
1745322711,kashef-k8s-w1.user-timeline-mongodb-6758898d48-s2r24,container_memory_mapped_file,0.0
1745322711,kashef-k8s-ctl.media-mongodb-7b64c59567-68bdt,container_memory_mapped_file,0.0
1745322711,kashef-k8s-w1.user-timeline-service-664c7f6696-9hrr8,container_memory_mapped_file,12288.0
1745322711,kashef-k8s-ctl.user-mongodb-7745bbd78-zwzzt,container_memory_mapped_file,0.0
1745322711,kashef-k8s-w1.post-storage-mongodb-5579669d8c-ddkkh,container_memory_mapped_file,0.0
1745322711,kashef-k8s-ctl.unique-id-service-694497b678-4plln,container_memory_mapped_file,0.0
1745322711,kashef-k8s-ctl.jaeger-67997f9775-qpx72,container_memory_mapped_file,0.0
1745322711,kashef-k8s-ctl.text-service-fff64b8bf-q96h7,container_memory_mapped_file,0.0
1745322711,kashef-k8s-ctl.user-mention-service-5c4f566c5-rxnwj,container_memory_mapped_file,12288.0
1745322711,kashef-k8s-w1.temp-debug-alt,container_memory_mapped_file,0.0
1745322711,kashef-k8s-w1.social-graph-service-677dbc655c-g8qbp,container_memory_mapped_file,12288.0
1745322711,kashef-k8s-ctl.social-graph-redis-5bbd5b7458-gjgpw,container_memory_mapped_file,0.0
1745322711,kashef-k8s-w1.url-shorten-memcached-6546746864-zdsn5,container_memory_mapped_file,0.0
1745322711,kashef-k8s-w1.user-service-547b88cd8f-c9kjd,container_memory_mapped_file,12288.0
1745322711,kashef-k8s-w1.media-memcached-7889bdfdfb-lxrsq,container_memory_mapped_file,0.0
1745322711,kashef-k8s-ctl.media-frontend-6b66b95ff4-czttt,container_memory_mapped_file,16384.0
1745322711,kashef-k8s-ctl.post-storage-memcached-6b75788fc6-k6jch,container_memory_mapped_file,0.0
1745322711,kashef-k8s-w1.home-timeline-redis-6c6647df6f-twn7p,container_memory_mapped_file,0.0
1745322711,kashef-k8s-w1.compose-post-service-f587bf89d-b4qsv,container_memory_mapped_file,0.0
1745322711,kashef-k8s-ctl.home-timeline-service-5754ffbc6d-82vw2,container_memory_mapped_file,0.0
1745322711,kashef-k8s-ctl.nginx-thrift-79478f9bf5-dqxlb,container_memory_mapped_file,16384.0
1745322711,kashef-k8s-ctl.user-timeline-redis-67cc95bc57-9fdqx,container_memory_mapped_file,0.0
1745322711,kashef-k8s-ctl.social-graph-mongodb-55df767ff5-26cq9,container_memory_mapped_file,0.0
1745322714,kashef-k8s-ctl.user-mongodb-7745bbd78-zwzzt,container_memory_mapped_file,0.0
1745322714,kashef-k8s-w1.temp-debug-alt,container_memory_mapped_file,0.0
1745322714,kashef-k8s-ctl.user-mention-service-5c4f566c5-rxnwj,container_memory_mapped_file,12288.0
1745322714,kashef-k8s-ctl.user-timeline-redis-67cc95bc57-9fdqx,container_memory_mapped_file,0.0
1745322714,kashef-k8s-ctl.nginx-thrift-79478f9bf5-dqxlb,container_memory_mapped_file,16384.0
1745322714,kashef-k8s-w1.user-timeline-service-664c7f6696-9hrr8,container_memory_mapped_file,12288.0
1745322714,kashef-k8s-ctl.media-mongodb-7b64c59567-68bdt,container_memory_mapped_file,0.0
1745322714,kashef-k8s-w1.media-memcached-7889bdfdfb-lxrsq,container_memory_mapped_file,0.0
1745322714,kashef-k8s-w1.user-timeline-mongodb-6758898d48-s2r24,container_memory_mapped_file,0.0
1745322714,kashef-k8s-ctl.unique-id-service-694497b678-4plln,container_memory_mapped_file,0.0
1745322714,kashef-k8s-w1.social-graph-service-677dbc655c-g8qbp,container_memory_mapped_file,12288.0
1745322714,kashef-k8s-ctl.jaeger-67997f9775-qpx72,container_memory_mapped_file,0.0
1745322714,kashef-k8s-ctl.home-timeline-service-5754ffbc6d-82vw2,container_memory_mapped_file,0.0
1745322714,kashef-k8s-ctl.social-graph-redis-5bbd5b7458-gjgpw,container_memory_mapped_file,0.0
1745322714,kashef-k8s-w1.user-service-547b88cd8f-c9kjd,container_memory_mapped_file,12288.0
1745322714,kashef-k8s-ctl.media-frontend-6b66b95ff4-czttt,container_memory_mapped_file,16384.0
1745322714,kashef-k8s-w1.user-memcached-59687c864d-tbvff,container_memory_mapped_file,0.0
1745322714,kashef-k8s-w1.home-timeline-redis-6c6647df6f-twn7p,container_memory_mapped_file,0.0
1745322714,kashef-k8s-w1.url-shorten-memcached-6546746864-zdsn5,container_memory_mapped_file,0.0
1745322714,kashef-k8s-w1.url-shorten-service-66949ddcc4-lzqzz,container_memory_mapped_file,12288.0
1745322714,kashef-k8s-w1.url-shorten-mongodb-57c886d5f8-9pbzv,container_memory_mapped_file,0.0
1745322714,kashef-k8s-w1.compose-post-service-f587bf89d-b4qsv,container_memory_mapped_file,0.0
1745322714,kashef-k8s-ctl.post-storage-memcached-6b75788fc6-k6jch,container_memory_mapped_file,0.0
1745322714,kashef-k8s-w1.post-storage-mongodb-5579669d8c-ddkkh,container_memory_mapped_file,0.0
1745322714,kashef-k8s-ctl.social-graph-mongodb-55df767ff5-26cq9,container_memory_mapped_file,0.0
1745322714,kashef-k8s-w1.media-service-6c665c775d-hg6fb,container_memory_mapped_file,0.0
1745322714,kashef-k8s-ctl.text-service-fff64b8bf-q96h7,container_memory_mapped_file,0.0
1745322714,kashef-k8s-ctl.post-storage-service-66c9966f5f-5bn6s,container_memory_mapped_file,12288.0
1745322717,kashef-k8s-w1.temp-debug-alt,container_memory_mapped_file,0.0
1745322717,kashef-k8s-ctl.social-graph-mongodb-55df767ff5-26cq9,container_memory_mapped_file,0.0
1745322717,kashef-k8s-ctl.nginx-thrift-79478f9bf5-dqxlb,container_memory_mapped_file,16384.0
1745322717,kashef-k8s-ctl.post-storage-service-66c9966f5f-5bn6s,container_memory_mapped_file,12288.0
1745322717,kashef-k8s-w1.url-shorten-service-66949ddcc4-lzqzz,container_memory_mapped_file,12288.0
1745322717,kashef-k8s-w1.social-graph-service-677dbc655c-g8qbp,container_memory_mapped_file,12288.0
1745322717,kashef-k8s-w1.url-shorten-memcached-6546746864-zdsn5,container_memory_mapped_file,0.0
1745322717,kashef-k8s-ctl.text-service-fff64b8bf-q96h7,container_memory_mapped_file,0.0
1745322717,kashef-k8s-w1.post-storage-mongodb-5579669d8c-ddkkh,container_memory_mapped_file,0.0
1745322717,kashef-k8s-ctl.jaeger-67997f9775-qpx72,container_memory_mapped_file,0.0
1745322717,kashef-k8s-ctl.home-timeline-service-5754ffbc6d-82vw2,container_memory_mapped_file,0.0
1745322717,kashef-k8s-w1.media-service-6c665c775d-hg6fb,container_memory_mapped_file,0.0
1745322717,kashef-k8s-w1.user-service-547b88cd8f-c9kjd,container_memory_mapped_file,12288.0
1745322717,kashef-k8s-ctl.media-frontend-6b66b95ff4-czttt,container_memory_mapped_file,16384.0
1745322717,kashef-k8s-w1.home-timeline-redis-6c6647df6f-twn7p,container_memory_mapped_file,0.0
1745322717,kashef-k8s-w1.user-memcached-59687c864d-tbvff,container_memory_mapped_file,0.0
1745322717,kashef-k8s-w1.url-shorten-mongodb-57c886d5f8-9pbzv,container_memory_mapped_file,0.0
1745322717,kashef-k8s-ctl.user-timeline-redis-67cc95bc57-9fdqx,container_memory_mapped_file,0.0
1745322717,kashef-k8s-ctl.unique-id-service-694497b678-4plln,container_memory_mapped_file,0.0
1745322717,kashef-k8s-ctl.media-mongodb-7b64c59567-68bdt,container_memory_mapped_file,0.0
1745322717,kashef-k8s-ctl.social-graph-redis-5bbd5b7458-gjgpw,container_memory_mapped_file,0.0
1745322717,kashef-k8s-ctl.user-mention-service-5c4f566c5-rxnwj,container_memory_mapped_file,12288.0
1745322717,kashef-k8s-ctl.user-mongodb-7745bbd78-zwzzt,container_memory_mapped_file,0.0
1745322717,kashef-k8s-ctl.post-storage-memcached-6b75788fc6-k6jch,container_memory_mapped_file,0.0
1745322717,kashef-k8s-w1.compose-post-service-f587bf89d-b4qsv,container_memory_mapped_file,0.0
1745322717,kashef-k8s-w1.user-timeline-mongodb-6758898d48-s2r24,container_memory_mapped_file,0.0
1745322717,kashef-k8s-w1.media-memcached-7889bdfdfb-lxrsq,container_memory_mapped_file,0.0
1745322717,kashef-k8s-w1.user-timeline-service-664c7f6696-9hrr8,container_memory_mapped_file,12288.0
1745322720,kashef-k8s-w1.temp-debug-alt,container_memory_mapped_file,0.0
1745322720,kashef-k8s-ctl.text-service-fff64b8bf-q96h7,container_memory_mapped_file,0.0
1745322720,kashef-k8s-ctl.user-mention-service-5c4f566c5-rxnwj,container_memory_mapped_file,12288.0
1745322720,kashef-k8s-ctl.nginx-thrift-79478f9bf5-dqxlb,container_memory_mapped_file,16384.0
1745322720,kashef-k8s-w1.url-shorten-service-66949ddcc4-lzqzz,container_memory_mapped_file,12288.0
1745322720,kashef-k8s-w1.url-shorten-mongodb-57c886d5f8-9pbzv,container_memory_mapped_file,0.0
1745322720,kashef-k8s-w1.social-graph-service-677dbc655c-g8qbp,container_memory_mapped_file,12288.0
1745322720,kashef-k8s-w1.user-memcached-59687c864d-tbvff,container_memory_mapped_file,0.0
1745322720,kashef-k8s-w1.media-service-6c665c775d-hg6fb,container_memory_mapped_file,0.0
1745322720,kashef-k8s-w1.url-shorten-memcached-6546746864-zdsn5,container_memory_mapped_file,0.0
1745322720,kashef-k8s-w1.home-timeline-redis-6c6647df6f-twn7p,container_memory_mapped_file,0.0
1745322720,kashef-k8s-w1.user-service-547b88cd8f-c9kjd,container_memory_mapped_file,12288.0
1745322720,kashef-k8s-ctl.social-graph-mongodb-55df767ff5-26cq9,container_memory_mapped_file,0.0
1745322720,kashef-k8s-ctl.post-storage-service-66c9966f5f-5bn6s,container_memory_mapped_file,12288.0
1745322720,kashef-k8s-w1.compose-post-service-f587bf89d-b4qsv,container_memory_mapped_file,0.0
1745322720,kashef-k8s-w1.user-timeline-service-664c7f6696-9hrr8,container_memory_mapped_file,12288.0
1745322720,kashef-k8s-w1.post-storage-mongodb-5579669d8c-ddkkh,container_memory_mapped_file,0.0
1745322720,kashef-k8s-ctl.home-timeline-service-5754ffbc6d-82vw2,container_memory_mapped_file,0.0
1745322720,kashef-k8s-w1.media-memcached-7889bdfdfb-lxrsq,container_memory_mapped_file,0.0
1745322720,kashef-k8s-ctl.media-frontend-6b66b95ff4-czttt,container_memory_mapped_file,16384.0
1745322720,kashef-k8s-ctl.social-graph-redis-5bbd5b7458-gjgpw,container_memory_mapped_file,0.0
1745322720,kashef-k8s-ctl.media-mongodb-7b64c59567-68bdt,container_memory_mapped_file,0.0
1745322720,kashef-k8s-w1.user-timeline-mongodb-6758898d48-s2r24,container_memory_mapped_file,0.0
1745322720,kashef-k8s-ctl.jaeger-67997f9775-qpx72,container_memory_mapped_file,0.0
1745322720,kashef-k8s-ctl.user-timeline-redis-67cc95bc57-9fdqx,container_memory_mapped_file,0.0
1745322720,kashef-k8s-ctl.unique-id-service-694497b678-4plln,container_memory_mapped_file,0.0
1745322720,kashef-k8s-ctl.post-storage-memcached-6b75788fc6-k6jch,container_memory_mapped_file,0.0
1745322720,kashef-k8s-ctl.user-mongodb-7745bbd78-zwzzt,container_memory_mapped_file,0.0
1745322723,kashef-k8s-ctl.post-storage-service-66c9966f5f-5bn6s,container_memory_mapped_file,12288.0
1745322723,kashef-k8s-ctl.social-graph-mongodb-55df767ff5-26cq9,container_memory_mapped_file,0.0
1745322723,kashef-k8s-w1.user-memcached-59687c864d-tbvff,container_memory_mapped_file,0.0
1745322723,kashef-k8s-ctl.user-mongodb-7745bbd78-zwzzt,container_memory_mapped_file,0.0
1745322723,kashef-k8s-ctl.media-mongodb-7b64c59567-68bdt,container_memory_mapped_file,0.0
1745322723,kashef-k8s-ctl.social-graph-redis-5bbd5b7458-gjgpw,container_memory_mapped_file,0.0
1745322723,kashef-k8s-w1.compose-post-service-f587bf89d-b4qsv,container_memory_mapped_file,0.0
1745322723,kashef-k8s-ctl.post-storage-memcached-6b75788fc6-k6jch,container_memory_mapped_file,0.0
1745322723,kashef-k8s-w1.media-service-6c665c775d-hg6fb,container_memory_mapped_file,0.0
1745322723,kashef-k8s-ctl.user-mention-service-5c4f566c5-rxnwj,container_memory_mapped_file,12288.0
1745322723,kashef-k8s-w1.temp-debug-alt,container_memory_mapped_file,0.0
1745322723,kashef-k8s-w1.url-shorten-service-66949ddcc4-lzqzz,container_memory_mapped_file,12288.0
1745322723,kashef-k8s-w1.social-graph-service-677dbc655c-g8qbp,container_memory_mapped_file,12288.0
1745322723,kashef-k8s-w1.post-storage-mongodb-5579669d8c-ddkkh,container_memory_mapped_file,0.0
1745322723,kashef-k8s-w1.user-timeline-mongodb-6758898d48-s2r24,container_memory_mapped_file,0.0
1745322723,kashef-k8s-w1.user-service-547b88cd8f-c9kjd,container_memory_mapped_file,12288.0
1745322723,kashef-k8s-w1.home-timeline-redis-6c6647df6f-twn7p,container_memory_mapped_file,0.0
1745322723,kashef-k8s-ctl.media-frontend-6b66b95ff4-czttt,container_memory_mapped_file,16384.0
1745322723,kashef-k8s-w1.url-shorten-mongodb-57c886d5f8-9pbzv,container_memory_mapped_file,0.0
1745322723,kashef-k8s-ctl.jaeger-67997f9775-qpx72,container_memory_mapped_file,0.0
1745322723,kashef-k8s-w1.url-shorten-memcached-6546746864-zdsn5,container_memory_mapped_file,0.0
1745322723,kashef-k8s-ctl.nginx-thrift-79478f9bf5-dqxlb,container_memory_mapped_file,16384.0
1745322723,kashef-k8s-ctl.home-timeline-service-5754ffbc6d-82vw2,container_memory_mapped_file,0.0
1745322723,kashef-k8s-ctl.user-timeline-redis-67cc95bc57-9fdqx,container_memory_mapped_file,0.0
1745322723,kashef-k8s-ctl.text-service-fff64b8bf-q96h7,container_memory_mapped_file,0.0
1745322723,kashef-k8s-w1.user-timeline-service-664c7f6696-9hrr8,container_memory_mapped_file,12288.0
1745322723,kashef-k8s-w1.media-memcached-7889bdfdfb-lxrsq,container_memory_mapped_file,0.0
1745322723,kashef-k8s-ctl.unique-id-service-694497b678-4plln,container_memory_mapped_file,0.0
1745322726,kashef-k8s-w1.post-storage-mongodb-5579669d8c-ddkkh,container_memory_mapped_file,0.0
1745322726,kashef-k8s-ctl.social-graph-redis-5bbd5b7458-gjgpw,container_memory_mapped_file,0.0
1745322726,kashef-k8s-ctl.media-mongodb-7b64c59567-68bdt,container_memory_mapped_file,0.0
1745322726,kashef-k8s-w1.compose-post-service-f587bf89d-b4qsv,container_memory_mapped_file,0.0
1745322726,kashef-k8s-w1.home-timeline-redis-6c6647df6f-twn7p,container_memory_mapped_file,0.0
1745322726,kashef-k8s-ctl.media-frontend-6b66b95ff4-czttt,container_memory_mapped_file,16384.0
1745322726,kashef-k8s-w1.temp-debug-alt,container_memory_mapped_file,0.0
1745322726,kashef-k8s-w1.user-service-547b88cd8f-c9kjd,container_memory_mapped_file,12288.0
1745322726,kashef-k8s-w1.user-timeline-mongodb-6758898d48-s2r24,container_memory_mapped_file,0.0
1745322726,kashef-k8s-w1.social-graph-service-677dbc655c-g8qbp,container_memory_mapped_file,12288.0
1745322726,kashef-k8s-ctl.post-storage-service-66c9966f5f-5bn6s,container_memory_mapped_file,12288.0
1745322726,kashef-k8s-w1.media-service-6c665c775d-hg6fb,container_memory_mapped_file,0.0
1745322726,kashef-k8s-ctl.user-mongodb-7745bbd78-zwzzt,container_memory_mapped_file,0.0
1745322726,kashef-k8s-ctl.social-graph-mongodb-55df767ff5-26cq9,container_memory_mapped_file,0.0
1745322726,kashef-k8s-ctl.user-mention-service-5c4f566c5-rxnwj,container_memory_mapped_file,12288.0
1745322726,kashef-k8s-w1.user-memcached-59687c864d-tbvff,container_memory_mapped_file,0.0
1745322726,kashef-k8s-ctl.post-storage-memcached-6b75788fc6-k6jch,container_memory_mapped_file,0.0
1745322726,kashef-k8s-w1.user-timeline-service-664c7f6696-9hrr8,container_memory_mapped_file,12288.0
1745322726,kashef-k8s-w1.url-shorten-service-66949ddcc4-lzqzz,container_memory_mapped_file,12288.0
1745322726,kashef-k8s-ctl.unique-id-service-694497b678-4plln,container_memory_mapped_file,0.0
1745322726,kashef-k8s-ctl.user-timeline-redis-67cc95bc57-9fdqx,container_memory_mapped_file,0.0
1745322726,kashef-k8s-ctl.jaeger-67997f9775-qpx72,container_memory_mapped_file,0.0
1745322726,kashef-k8s-w1.media-memcached-7889bdfdfb-lxrsq,container_memory_mapped_file,0.0
1745322726,kashef-k8s-w1.url-shorten-mongodb-57c886d5f8-9pbzv,container_memory_mapped_file,0.0
1745322726,kashef-k8s-w1.url-shorten-memcached-6546746864-zdsn5,container_memory_mapped_file,0.0
1745322726,kashef-k8s-ctl.text-service-fff64b8bf-q96h7,container_memory_mapped_file,0.0
1745322726,kashef-k8s-ctl.home-timeline-service-5754ffbc6d-82vw2,container_memory_mapped_file,0.0
1745322726,kashef-k8s-ctl.nginx-thrift-79478f9bf5-dqxlb,container_memory_mapped_file,16384.0
1745322729,kashef-k8s-w1.media-service-6c665c775d-hg6fb,container_memory_mapped_file,0.0
1745322729,kashef-k8s-ctl.text-service-fff64b8bf-q96h7,container_memory_mapped_file,0.0
1745322729,kashef-k8s-w1.url-shorten-mongodb-57c886d5f8-9pbzv,container_memory_mapped_file,0.0
1745322729,kashef-k8s-ctl.jaeger-67997f9775-qpx72,container_memory_mapped_file,0.0
1745322729,kashef-k8s-ctl.unique-id-service-694497b678-4plln,container_memory_mapped_file,0.0
1745322729,kashef-k8s-ctl.social-graph-redis-5bbd5b7458-gjgpw,container_memory_mapped_file,0.0
1745322729,kashef-k8s-w1.url-shorten-service-66949ddcc4-lzqzz,container_memory_mapped_file,12288.0
1745322729,kashef-k8s-w1.media-memcached-7889bdfdfb-lxrsq,container_memory_mapped_file,0.0
1745322729,kashef-k8s-w1.user-service-547b88cd8f-c9kjd,container_memory_mapped_file,12288.0
1745322729,kashef-k8s-w1.home-timeline-redis-6c6647df6f-twn7p,container_memory_mapped_file,0.0
1745322729,kashef-k8s-ctl.nginx-thrift-79478f9bf5-dqxlb,container_memory_mapped_file,16384.0
1745322729,kashef-k8s-ctl.media-frontend-6b66b95ff4-czttt,container_memory_mapped_file,16384.0
1745322729,kashef-k8s-w1.post-storage-mongodb-5579669d8c-ddkkh,container_memory_mapped_file,0.0
1745322729,kashef-k8s-w1.url-shorten-memcached-6546746864-zdsn5,container_memory_mapped_file,0.0
1745322729,kashef-k8s-ctl.media-mongodb-7b64c59567-68bdt,container_memory_mapped_file,0.0
1745322729,kashef-k8s-w1.user-timeline-mongodb-6758898d48-s2r24,container_memory_mapped_file,0.0
1745322729,kashef-k8s-w1.compose-post-service-f587bf89d-b4qsv,container_memory_mapped_file,0.0
1745322729,kashef-k8s-w1.user-memcached-59687c864d-tbvff,container_memory_mapped_file,0.0
1745322729,kashef-k8s-w1.temp-debug-alt,container_memory_mapped_file,0.0
1745322729,kashef-k8s-ctl.post-storage-service-66c9966f5f-5bn6s,container_memory_mapped_file,12288.0
1745322729,kashef-k8s-ctl.user-mention-service-5c4f566c5-rxnwj,container_memory_mapped_file,12288.0
1745322729,kashef-k8s-ctl.social-graph-mongodb-55df767ff5-26cq9,container_memory_mapped_file,0.0
1745322729,kashef-k8s-w1.social-graph-service-677dbc655c-g8qbp,container_memory_mapped_file,12288.0
1745322729,kashef-k8s-ctl.user-mongodb-7745bbd78-zwzzt,container_memory_mapped_file,0.0
1745322729,kashef-k8s-ctl.user-timeline-redis-67cc95bc57-9fdqx,container_memory_mapped_file,0.0
1745322729,kashef-k8s-ctl.post-storage-memcached-6b75788fc6-k6jch,container_memory_mapped_file,0.0
1745322729,kashef-k8s-w1.user-timeline-service-664c7f6696-9hrr8,container_memory_mapped_file,12288.0
1745322729,kashef-k8s-ctl.home-timeline-service-5754ffbc6d-82vw2,container_memory_mapped_file,0.0
1745322732,kashef-k8s-ctl.post-storage-service-66c9966f5f-5bn6s,container_memory_mapped_file,12288.0
1745322732,kashef-k8s-ctl.unique-id-service-694497b678-4plln,container_memory_mapped_file,0.0
1745322732,kashef-k8s-w1.url-shorten-mongodb-57c886d5f8-9pbzv,container_memory_mapped_file,0.0
1745322732,kashef-k8s-w1.url-shorten-service-66949ddcc4-lzqzz,container_memory_mapped_file,12288.0
1745322732,kashef-k8s-ctl.media-frontend-6b66b95ff4-czttt,container_memory_mapped_file,16384.0
1745322732,kashef-k8s-w1.home-timeline-redis-6c6647df6f-twn7p,container_memory_mapped_file,0.0
1745322732,kashef-k8s-w1.url-shorten-memcached-6546746864-zdsn5,container_memory_mapped_file,0.0
1745322732,kashef-k8s-w1.user-service-547b88cd8f-c9kjd,container_memory_mapped_file,12288.0
1745322732,kashef-k8s-w1.user-timeline-mongodb-6758898d48-s2r24,container_memory_mapped_file,0.0
1745322732,kashef-k8s-ctl.social-graph-redis-5bbd5b7458-gjgpw,container_memory_mapped_file,0.0
1745322732,kashef-k8s-ctl.media-mongodb-7b64c59567-68bdt,container_memory_mapped_file,0.0
1745322732,kashef-k8s-w1.post-storage-mongodb-5579669d8c-ddkkh,container_memory_mapped_file,0.0
1745322732,kashef-k8s-w1.media-memcached-7889bdfdfb-lxrsq,container_memory_mapped_file,0.0
1745322732,kashef-k8s-ctl.jaeger-67997f9775-qpx72,container_memory_mapped_file,0.0
1745322732,kashef-k8s-w1.media-service-6c665c775d-hg6fb,container_memory_mapped_file,0.0
1745322732,kashef-k8s-ctl.text-service-fff64b8bf-q96h7,container_memory_mapped_file,0.0
1745322732,kashef-k8s-ctl.post-storage-memcached-6b75788fc6-k6jch,container_memory_mapped_file,0.0
1745322732,kashef-k8s-ctl.nginx-thrift-79478f9bf5-dqxlb,container_memory_mapped_file,16384.0
1745322732,kashef-k8s-ctl.user-timeline-redis-67cc95bc57-9fdqx,container_memory_mapped_file,0.0
1745322732,kashef-k8s-ctl.home-timeline-service-5754ffbc6d-82vw2,container_memory_mapped_file,0.0
1745322732,kashef-k8s-w1.temp-debug-alt,container_memory_mapped_file,0.0
1745322732,kashef-k8s-w1.user-timeline-service-664c7f6696-9hrr8,container_memory_mapped_file,12288.0
1745322732,kashef-k8s-w1.compose-post-service-f587bf89d-b4qsv,container_memory_mapped_file,0.0
1745322732,kashef-k8s-w1.user-memcached-59687c864d-tbvff,container_memory_mapped_file,0.0
1745322732,kashef-k8s-ctl.social-graph-mongodb-55df767ff5-26cq9,container_memory_mapped_file,0.0
1745322732,kashef-k8s-ctl.user-mention-service-5c4f566c5-rxnwj,container_memory_mapped_file,12288.0
1745322732,kashef-k8s-ctl.user-mongodb-7745bbd78-zwzzt,container_memory_mapped_file,0.0
1745322732,kashef-k8s-w1.social-graph-service-677dbc655c-g8qbp,container_memory_mapped_file,12288.0
