timestamp,cmdb_id,kpi_name,value
1741558797,kashef-k8s-w1.jaeger-5d885bcf88-stzjn,container_memory_mapped_file,9732096.0
1741558797,kashef-k8s-ctl.reservation-7799998946-chd6t,container_memory_mapped_file,0.0
1741558797,kashef-k8s-ctl.mongodb-recommendation-59d6b7ccf9-jnrb4,container_memory_mapped_file,0.0
1741558797,kashef-k8s-w1.search-8677798cf5-fsd5r,container_memory_mapped_file,1556480.0
1741558797,kashef-k8s-ctl.mongodb-rate-785b799bbc-rh26t,container_memory_mapped_file,0.0
1741558797,kashef-k8s-w1.mongodb-user-6d96648ddc-pkv6k,container_memory_mapped_file,0.0
1741558797,kashef-k8s-ctl.rate-66d9d98f67-459fp,container_memory_mapped_file,0.0
1741558797,kashef-k8s-ctl.mongodb-reservation-7b474745f-h55m7,container_memory_mapped_file,0.0
1741558797,kashef-k8s-ctl.memcached-profile-7d6fcb6b8-qbcm2,container_memory_mapped_file,0.0
1741558797,kashef-k8s-w1.memcached-reserve-bdcb467b4-fpm4v,container_memory_mapped_file,3342336.0
1741558797,kashef-k8s-w1.mongodb-profile-6bb85f4df7-rfvcl,container_memory_mapped_file,188416.0
1741558797,kashef-k8s-w1.mongodb-geo-86b59b75f4-grd4s,container_memory_mapped_file,22802432.0
1741558797,kashef-k8s-w1.frontend-7d9d864798-n6lsm,container_memory_mapped_file,6643712.0
1741558812,kashef-k8s-ctl.profile-6c9f4cc75f-gldzm,container_memory_mapped_file,0.0
1741558812,kashef-k8s-w1.consul-56f5cf4f78-qrhkb,container_memory_mapped_file,42414080.0
1741558812,kashef-k8s-w1.geo-bd9dfdb45-pmmf7,container_memory_mapped_file,3518464.0
1741558812,kashef-k8s-ctl.mongodb-rate-785b799bbc-rh26t,container_memory_mapped_file,0.0
1741558812,kashef-k8s-w1.search-8677798cf5-fsd5r,container_memory_mapped_file,1556480.0
1741558812,kashef-k8s-ctl.memcached-rate-bcc5c97f8-xtz5g,container_memory_mapped_file,0.0
1741558812,kashef-k8s-ctl.rate-66d9d98f67-459fp,container_memory_mapped_file,0.0
1741558812,kashef-k8s-w1.mongodb-profile-6bb85f4df7-rfvcl,container_memory_mapped_file,188416.0
1741558812,kashef-k8s-w1.user-698454f8c4-pfgkk,container_memory_mapped_file,4050944.0
1741558812,kashef-k8s-ctl.mongodb-reservation-7b474745f-h55m7,container_memory_mapped_file,0.0
1741558812,kashef-k8s-w1.frontend-7d9d864798-n6lsm,container_memory_mapped_file,6643712.0
1741558812,kashef-k8s-w1.jaeger-5d885bcf88-stzjn,container_memory_mapped_file,9732096.0
1741558812,kashef-k8s-ctl.mongodb-recommendation-59d6b7ccf9-jnrb4,container_memory_mapped_file,0.0
1741558812,kashef-k8s-ctl.memcached-profile-7d6fcb6b8-qbcm2,container_memory_mapped_file,0.0
1741558812,kashef-k8s-w1.mongodb-user-6d96648ddc-pkv6k,container_memory_mapped_file,0.0
1741558812,kashef-k8s-ctl.reservation-7799998946-chd6t,container_memory_mapped_file,0.0
1741558812,kashef-k8s-w1.mongodb-geo-86b59b75f4-grd4s,container_memory_mapped_file,22802432.0
1741558812,kashef-k8s-w1.memcached-reserve-bdcb467b4-fpm4v,container_memory_mapped_file,3342336.0
1741558812,kashef-k8s-w1.recommendation-6494d54897-js5nk,container_memory_mapped_file,3584000.0
1741558827,kashef-k8s-w1.mongodb-geo-86b59b75f4-grd4s,container_memory_mapped_file,22802432.0
1741558827,kashef-k8s-w1.memcached-reserve-bdcb467b4-fpm4v,container_memory_mapped_file,3342336.0
1741558827,kashef-k8s-w1.mongodb-user-6d96648ddc-pkv6k,container_memory_mapped_file,0.0
1741558827,kashef-k8s-ctl.reservation-7799998946-chd6t,container_memory_mapped_file,0.0
1741558827,kashef-k8s-ctl.mongodb-reservation-7b474745f-h55m7,container_memory_mapped_file,0.0
1741558827,kashef-k8s-w1.frontend-7d9d864798-n6lsm,container_memory_mapped_file,6643712.0
1741558827,kashef-k8s-ctl.profile-6c9f4cc75f-gldzm,container_memory_mapped_file,0.0
1741558827,kashef-k8s-ctl.mongodb-recommendation-59d6b7ccf9-jnrb4,container_memory_mapped_file,0.0
1741558827,kashef-k8s-ctl.rate-66d9d98f67-459fp,container_memory_mapped_file,0.0
1741558827,kashef-k8s-w1.consul-56f5cf4f78-qrhkb,container_memory_mapped_file,42414080.0
1741558827,kashef-k8s-w1.geo-bd9dfdb45-pmmf7,container_memory_mapped_file,3518464.0
1741558827,kashef-k8s-w1.search-8677798cf5-fsd5r,container_memory_mapped_file,1556480.0
1741558827,kashef-k8s-w1.mongodb-profile-6bb85f4df7-rfvcl,container_memory_mapped_file,188416.0
1741558827,kashef-k8s-ctl.memcached-rate-bcc5c97f8-xtz5g,container_memory_mapped_file,0.0
1741558827,kashef-k8s-ctl.mongodb-rate-785b799bbc-rh26t,container_memory_mapped_file,0.0
1741558827,kashef-k8s-ctl.memcached-profile-7d6fcb6b8-qbcm2,container_memory_mapped_file,0.0
1741558827,kashef-k8s-w1.jaeger-5d885bcf88-stzjn,container_memory_mapped_file,9732096.0
1741558827,kashef-k8s-w1.user-698454f8c4-pfgkk,container_memory_mapped_file,4050944.0
1741558827,kashef-k8s-w1.recommendation-6494d54897-js5nk,container_memory_mapped_file,3584000.0
1741558842,kashef-k8s-ctl.mongodb-reservation-7b474745f-h55m7,container_memory_mapped_file,0.0
1741558842,kashef-k8s-w1.memcached-reserve-bdcb467b4-fpm4v,container_memory_mapped_file,3342336.0
1741558842,kashef-k8s-ctl.profile-6c9f4cc75f-gldzm,container_memory_mapped_file,0.0
1741558842,kashef-k8s-w1.mongodb-user-6d96648ddc-pkv6k,container_memory_mapped_file,0.0
1741558842,kashef-k8s-ctl.mongodb-recommendation-59d6b7ccf9-jnrb4,container_memory_mapped_file,0.0
1741558842,kashef-k8s-w1.search-8677798cf5-fsd5r,container_memory_mapped_file,1556480.0
1741558842,kashef-k8s-ctl.memcached-rate-bcc5c97f8-xtz5g,container_memory_mapped_file,0.0
1741558842,kashef-k8s-w1.frontend-7d9d864798-n6lsm,container_memory_mapped_file,6643712.0
1741558842,kashef-k8s-ctl.mongodb-rate-785b799bbc-rh26t,container_memory_mapped_file,0.0
1741558842,kashef-k8s-ctl.memcached-profile-7d6fcb6b8-qbcm2,container_memory_mapped_file,0.0
1741558842,kashef-k8s-w1.geo-bd9dfdb45-pmmf7,container_memory_mapped_file,3518464.0
1741558842,kashef-k8s-ctl.reservation-7799998946-chd6t,container_memory_mapped_file,0.0
1741558842,kashef-k8s-w1.user-698454f8c4-pfgkk,container_memory_mapped_file,4050944.0
1741558842,kashef-k8s-w1.mongodb-geo-86b59b75f4-grd4s,container_memory_mapped_file,22802432.0
1741558842,kashef-k8s-w1.consul-56f5cf4f78-qrhkb,container_memory_mapped_file,42414080.0
1741558842,kashef-k8s-ctl.rate-66d9d98f67-459fp,container_memory_mapped_file,0.0
1741558842,kashef-k8s-w1.mongodb-profile-6bb85f4df7-rfvcl,container_memory_mapped_file,188416.0
1741558842,kashef-k8s-w1.recommendation-6494d54897-js5nk,container_memory_mapped_file,3584000.0
1741558842,kashef-k8s-w1.jaeger-5d885bcf88-stzjn,container_memory_mapped_file,9850880.0
1741558857,kashef-k8s-w1.jaeger-5d885bcf88-stzjn,container_memory_mapped_file,9850880.0
1741558857,kashef-k8s-w1.consul-56f5cf4f78-qrhkb,container_memory_mapped_file,42414080.0
1741558857,kashef-k8s-ctl.memcached-rate-bcc5c97f8-xtz5g,container_memory_mapped_file,0.0
1741558857,kashef-k8s-ctl.mongodb-recommendation-59d6b7ccf9-jnrb4,container_memory_mapped_file,0.0
1741558857,kashef-k8s-w1.search-8677798cf5-fsd5r,container_memory_mapped_file,1556480.0
1741558857,kashef-k8s-w1.mongodb-user-6d96648ddc-pkv6k,container_memory_mapped_file,0.0
1741558857,kashef-k8s-ctl.mongodb-reservation-7b474745f-h55m7,container_memory_mapped_file,0.0
1741558857,kashef-k8s-w1.frontend-7d9d864798-n6lsm,container_memory_mapped_file,6701056.0
1741558857,kashef-k8s-ctl.memcached-profile-7d6fcb6b8-qbcm2,container_memory_mapped_file,0.0
1741558857,kashef-k8s-ctl.profile-6c9f4cc75f-gldzm,container_memory_mapped_file,0.0
1741558857,kashef-k8s-ctl.mongodb-rate-785b799bbc-rh26t,container_memory_mapped_file,0.0
1741558857,kashef-k8s-w1.mongodb-geo-86b59b75f4-grd4s,container_memory_mapped_file,22843392.0
1741558857,kashef-k8s-w1.memcached-reserve-bdcb467b4-fpm4v,container_memory_mapped_file,3342336.0
1741558857,kashef-k8s-w1.mongodb-profile-6bb85f4df7-rfvcl,container_memory_mapped_file,188416.0
1741558857,kashef-k8s-ctl.reservation-7799998946-chd6t,container_memory_mapped_file,0.0
1741558857,kashef-k8s-w1.recommendation-6494d54897-js5nk,container_memory_mapped_file,3584000.0
1741558857,kashef-k8s-ctl.rate-66d9d98f67-459fp,container_memory_mapped_file,0.0
1741558857,kashef-k8s-w1.geo-bd9dfdb45-pmmf7,container_memory_mapped_file,3518464.0
1741558857,kashef-k8s-w1.user-698454f8c4-pfgkk,container_memory_mapped_file,4050944.0
1741558872,kashef-k8s-w1.mongodb-user-6d96648ddc-pkv6k,container_memory_mapped_file,0.0
1741558872,kashef-k8s-ctl.mongodb-reservation-7b474745f-h55m7,container_memory_mapped_file,0.0
1741558872,kashef-k8s-ctl.profile-6c9f4cc75f-gldzm,container_memory_mapped_file,0.0
1741558872,kashef-k8s-w1.user-698454f8c4-pfgkk,container_memory_mapped_file,4050944.0
1741558872,kashef-k8s-ctl.mongodb-rate-785b799bbc-rh26t,container_memory_mapped_file,0.0
1741558872,kashef-k8s-w1.mongodb-geo-86b59b75f4-grd4s,container_memory_mapped_file,22843392.0
1741558872,kashef-k8s-ctl.memcached-profile-7d6fcb6b8-qbcm2,container_memory_mapped_file,0.0
1741558872,kashef-k8s-w1.mongodb-profile-6bb85f4df7-rfvcl,container_memory_mapped_file,188416.0
1741558872,kashef-k8s-ctl.memcached-rate-bcc5c97f8-xtz5g,container_memory_mapped_file,0.0
1741558872,kashef-k8s-ctl.mongodb-recommendation-59d6b7ccf9-jnrb4,container_memory_mapped_file,0.0
1741558872,kashef-k8s-w1.search-8677798cf5-fsd5r,container_memory_mapped_file,1556480.0
1741558872,kashef-k8s-w1.consul-56f5cf4f78-qrhkb,container_memory_mapped_file,42414080.0
1741558872,kashef-k8s-w1.jaeger-5d885bcf88-stzjn,container_memory_mapped_file,9850880.0
1741558872,kashef-k8s-ctl.rate-66d9d98f67-459fp,container_memory_mapped_file,0.0
1741558872,kashef-k8s-w1.memcached-reserve-bdcb467b4-fpm4v,container_memory_mapped_file,3342336.0
1741558872,kashef-k8s-ctl.reservation-7799998946-chd6t,container_memory_mapped_file,0.0
1741558872,kashef-k8s-w1.geo-bd9dfdb45-pmmf7,container_memory_mapped_file,3518464.0
1741558872,kashef-k8s-w1.recommendation-6494d54897-js5nk,container_memory_mapped_file,3584000.0
1741558872,kashef-k8s-w1.frontend-7d9d864798-n6lsm,container_memory_mapped_file,6701056.0
1741558887,kashef-k8s-w1.mongodb-profile-6bb85f4df7-rfvcl,container_memory_mapped_file,188416.0
1741558887,kashef-k8s-ctl.memcached-profile-7d6fcb6b8-qbcm2,container_memory_mapped_file,0.0
1741558887,kashef-k8s-w1.mongodb-user-6d96648ddc-pkv6k,container_memory_mapped_file,0.0
1741558887,kashef-k8s-w1.user-698454f8c4-pfgkk,container_memory_mapped_file,4050944.0
1741558887,kashef-k8s-ctl.profile-6c9f4cc75f-gldzm,container_memory_mapped_file,0.0
1741558887,kashef-k8s-ctl.mongodb-reservation-7b474745f-h55m7,container_memory_mapped_file,0.0
1741558887,kashef-k8s-ctl.memcached-rate-bcc5c97f8-xtz5g,container_memory_mapped_file,0.0
1741558887,kashef-k8s-ctl.mongodb-recommendation-59d6b7ccf9-jnrb4,container_memory_mapped_file,0.0
1741558887,kashef-k8s-w1.search-8677798cf5-fsd5r,container_memory_mapped_file,1556480.0
1741558887,kashef-k8s-w1.consul-56f5cf4f78-qrhkb,container_memory_mapped_file,42414080.0
1741558887,kashef-k8s-ctl.reservation-7799998946-chd6t,container_memory_mapped_file,0.0
1741558887,kashef-k8s-w1.mongodb-geo-86b59b75f4-grd4s,container_memory_mapped_file,22843392.0
1741558887,kashef-k8s-ctl.mongodb-rate-785b799bbc-rh26t,container_memory_mapped_file,0.0
1741558887,kashef-k8s-w1.recommendation-6494d54897-js5nk,container_memory_mapped_file,3584000.0
1741558887,kashef-k8s-w1.frontend-7d9d864798-n6lsm,container_memory_mapped_file,6701056.0
1741558887,kashef-k8s-ctl.rate-66d9d98f67-459fp,container_memory_mapped_file,0.0
1741558887,kashef-k8s-w1.jaeger-5d885bcf88-stzjn,container_memory_mapped_file,9850880.0
1741558887,kashef-k8s-w1.geo-bd9dfdb45-pmmf7,container_memory_mapped_file,3518464.0
1741558887,kashef-k8s-w1.memcached-reserve-bdcb467b4-fpm4v,container_memory_mapped_file,3342336.0
1741558902,kashef-k8s-w1.geo-bd9dfdb45-pmmf7,container_memory_mapped_file,3518464.0
1741558902,kashef-k8s-ctl.mongodb-rate-785b799bbc-rh26t,container_memory_mapped_file,0.0
1741558902,kashef-k8s-ctl.memcached-rate-bcc5c97f8-xtz5g,container_memory_mapped_file,0.0
1741558902,kashef-k8s-ctl.memcached-profile-7d6fcb6b8-qbcm2,container_memory_mapped_file,0.0
1741558902,kashef-k8s-ctl.rate-66d9d98f67-459fp,container_memory_mapped_file,0.0
1741558902,kashef-k8s-ctl.mongodb-recommendation-59d6b7ccf9-jnrb4,container_memory_mapped_file,0.0
1741558902,kashef-k8s-ctl.mongodb-reservation-7b474745f-h55m7,container_memory_mapped_file,0.0
1741558902,kashef-k8s-w1.search-8677798cf5-fsd5r,container_memory_mapped_file,1556480.0
1741558902,kashef-k8s-w1.frontend-7d9d864798-n6lsm,container_memory_mapped_file,6701056.0
1741558902,kashef-k8s-w1.mongodb-profile-6bb85f4df7-rfvcl,container_memory_mapped_file,188416.0
1741558902,kashef-k8s-w1.recommendation-6494d54897-js5nk,container_memory_mapped_file,3584000.0
1741558902,kashef-k8s-w1.mongodb-geo-86b59b75f4-grd4s,container_memory_mapped_file,22843392.0
1741558902,kashef-k8s-w1.consul-56f5cf4f78-qrhkb,container_memory_mapped_file,42414080.0
1741558902,kashef-k8s-ctl.profile-6c9f4cc75f-gldzm,container_memory_mapped_file,0.0
1741558902,kashef-k8s-w1.mongodb-user-6d96648ddc-pkv6k,container_memory_mapped_file,0.0
1741558902,kashef-k8s-w1.jaeger-5d885bcf88-stzjn,container_memory_mapped_file,9850880.0
1741558902,kashef-k8s-w1.memcached-reserve-bdcb467b4-fpm4v,container_memory_mapped_file,3342336.0
1741558902,kashef-k8s-w1.user-698454f8c4-pfgkk,container_memory_mapped_file,4050944.0
1741558902,kashef-k8s-ctl.reservation-7799998946-chd6t,container_memory_mapped_file,0.0
1741558917,kashef-k8s-w1.user-698454f8c4-pfgkk,container_memory_mapped_file,4096000.0
1741558917,kashef-k8s-w1.jaeger-5d885bcf88-stzjn,container_memory_mapped_file,1003520.0
1741558917,kashef-k8s-ctl.mongodb-recommendation-59d6b7ccf9-jnrb4,container_memory_mapped_file,0.0
1741558917,kashef-k8s-ctl.mongodb-reservation-7b474745f-h55m7,container_memory_mapped_file,0.0
1741558917,kashef-k8s-ctl.memcached-profile-7d6fcb6b8-qbcm2,container_memory_mapped_file,0.0
1741558917,kashef-k8s-w1.consul-56f5cf4f78-qrhkb,container_memory_mapped_file,42414080.0
1741558917,kashef-k8s-ctl.rate-66d9d98f67-459fp,container_memory_mapped_file,0.0
1741558917,kashef-k8s-w1.search-8677798cf5-fsd5r,container_memory_mapped_file,3661824.0
1741558917,kashef-k8s-w1.mongodb-user-6d96648ddc-pkv6k,container_memory_mapped_file,3145728.0
1741558917,kashef-k8s-ctl.memcached-rate-bcc5c97f8-xtz5g,container_memory_mapped_file,0.0
1741558917,kashef-k8s-w1.geo-bd9dfdb45-pmmf7,container_memory_mapped_file,3518464.0
1741558917,kashef-k8s-ctl.mongodb-rate-785b799bbc-rh26t,container_memory_mapped_file,0.0
1741558917,kashef-k8s-w1.mongodb-profile-6bb85f4df7-rfvcl,container_memory_mapped_file,188416.0
1741558917,kashef-k8s-ctl.reservation-7799998946-chd6t,container_memory_mapped_file,0.0
1741558917,kashef-k8s-w1.mongodb-geo-86b59b75f4-grd4s,container_memory_mapped_file,2592768.0
1741558917,kashef-k8s-ctl.profile-6c9f4cc75f-gldzm,container_memory_mapped_file,0.0
1741558917,kashef-k8s-w1.frontend-7d9d864798-n6lsm,container_memory_mapped_file,864256.0
1741558917,kashef-k8s-w1.recommendation-6494d54897-js5nk,container_memory_mapped_file,4333568.0
1741558917,kashef-k8s-w1.memcached-reserve-bdcb467b4-fpm4v,container_memory_mapped_file,638976.0
1741558932,kashef-k8s-w1.geo-bd9dfdb45-pmmf7,container_memory_mapped_file,4538368.0
1741558932,kashef-k8s-w1.memcached-reserve-bdcb467b4-fpm4v,container_memory_mapped_file,638976.0
1741558932,kashef-k8s-ctl.rate-66d9d98f67-459fp,container_memory_mapped_file,0.0
1741558932,kashef-k8s-w1.recommendation-6494d54897-js5nk,container_memory_mapped_file,4333568.0
1741558932,kashef-k8s-w1.consul-56f5cf4f78-qrhkb,container_memory_mapped_file,11874304.0
1741558932,kashef-k8s-w1.search-8677798cf5-fsd5r,container_memory_mapped_file,3661824.0
1741558932,kashef-k8s-ctl.memcached-rate-bcc5c97f8-xtz5g,container_memory_mapped_file,0.0
1741558932,kashef-k8s-ctl.profile-6c9f4cc75f-gldzm,container_memory_mapped_file,0.0
1741558932,kashef-k8s-w1.jaeger-5d885bcf88-stzjn,container_memory_mapped_file,1003520.0
1741558932,kashef-k8s-ctl.reservation-7799998946-chd6t,container_memory_mapped_file,0.0
1741558932,kashef-k8s-w1.mongodb-geo-86b59b75f4-grd4s,container_memory_mapped_file,2592768.0
1741558932,kashef-k8s-w1.user-698454f8c4-pfgkk,container_memory_mapped_file,4096000.0
1741558932,kashef-k8s-ctl.mongodb-recommendation-59d6b7ccf9-jnrb4,container_memory_mapped_file,0.0
1741558932,kashef-k8s-ctl.memcached-profile-7d6fcb6b8-qbcm2,container_memory_mapped_file,0.0
1741558932,kashef-k8s-w1.mongodb-user-6d96648ddc-pkv6k,container_memory_mapped_file,3145728.0
1741558932,kashef-k8s-ctl.mongodb-reservation-7b474745f-h55m7,container_memory_mapped_file,0.0
1741558932,kashef-k8s-w1.frontend-7d9d864798-n6lsm,container_memory_mapped_file,864256.0
1741558932,kashef-k8s-ctl.mongodb-rate-785b799bbc-rh26t,container_memory_mapped_file,0.0
1741558932,kashef-k8s-w1.mongodb-profile-6bb85f4df7-rfvcl,container_memory_mapped_file,2248704.0
1741558947,kashef-k8s-w1.consul-56f5cf4f78-qrhkb,container_memory_mapped_file,11874304.0
1741558947,kashef-k8s-w1.search-8677798cf5-fsd5r,container_memory_mapped_file,3661824.0
1741558947,kashef-k8s-ctl.memcached-rate-bcc5c97f8-xtz5g,container_memory_mapped_file,0.0
1741558947,kashef-k8s-ctl.rate-66d9d98f67-459fp,container_memory_mapped_file,0.0
1741558947,kashef-k8s-w1.mongodb-geo-86b59b75f4-grd4s,container_memory_mapped_file,2592768.0
1741558947,kashef-k8s-ctl.mongodb-reservation-7b474745f-h55m7,container_memory_mapped_file,0.0
1741558947,kashef-k8s-w1.jaeger-5d885bcf88-stzjn,container_memory_mapped_file,1003520.0
1741558947,kashef-k8s-w1.mongodb-user-6d96648ddc-pkv6k,container_memory_mapped_file,3145728.0
1741558947,kashef-k8s-ctl.memcached-profile-7d6fcb6b8-qbcm2,container_memory_mapped_file,0.0
1741558947,kashef-k8s-w1.frontend-7d9d864798-n6lsm,container_memory_mapped_file,864256.0
1741558947,kashef-k8s-w1.geo-bd9dfdb45-pmmf7,container_memory_mapped_file,4538368.0
1741558947,kashef-k8s-ctl.mongodb-rate-785b799bbc-rh26t,container_memory_mapped_file,0.0
1741558947,kashef-k8s-w1.recommendation-6494d54897-js5nk,container_memory_mapped_file,4333568.0
1741558947,kashef-k8s-ctl.mongodb-recommendation-59d6b7ccf9-jnrb4,container_memory_mapped_file,0.0
1741558947,kashef-k8s-ctl.profile-6c9f4cc75f-gldzm,container_memory_mapped_file,0.0
1741558947,kashef-k8s-w1.user-698454f8c4-pfgkk,container_memory_mapped_file,4096000.0
1741558947,kashef-k8s-ctl.reservation-7799998946-chd6t,container_memory_mapped_file,0.0
1741558947,kashef-k8s-w1.mongodb-profile-6bb85f4df7-rfvcl,container_memory_mapped_file,2248704.0
1741558947,kashef-k8s-w1.memcached-reserve-bdcb467b4-fpm4v,container_memory_mapped_file,638976.0
1741558962,kashef-k8s-w1.memcached-reserve-bdcb467b4-fpm4v,container_memory_mapped_file,638976.0
1741558962,kashef-k8s-w1.geo-bd9dfdb45-pmmf7,container_memory_mapped_file,4538368.0
1741558962,kashef-k8s-w1.jaeger-5d885bcf88-stzjn,container_memory_mapped_file,1003520.0
1741558962,kashef-k8s-w1.frontend-7d9d864798-n6lsm,container_memory_mapped_file,864256.0
1741558962,kashef-k8s-w1.mongodb-user-6d96648ddc-pkv6k,container_memory_mapped_file,3145728.0
1741558962,kashef-k8s-w1.search-8677798cf5-fsd5r,container_memory_mapped_file,3661824.0
1741558962,kashef-k8s-ctl.profile-6c9f4cc75f-gldzm,container_memory_mapped_file,0.0
1741558962,kashef-k8s-ctl.mongodb-recommendation-59d6b7ccf9-jnrb4,container_memory_mapped_file,0.0
1741558962,kashef-k8s-ctl.memcached-profile-7d6fcb6b8-qbcm2,container_memory_mapped_file,0.0
1741558962,kashef-k8s-w1.recommendation-6494d54897-js5nk,container_memory_mapped_file,4333568.0
1741558962,kashef-k8s-ctl.mongodb-reservation-7b474745f-h55m7,container_memory_mapped_file,0.0
1741558962,kashef-k8s-ctl.reservation-7799998946-chd6t,container_memory_mapped_file,0.0
1741558962,kashef-k8s-ctl.memcached-rate-bcc5c97f8-xtz5g,container_memory_mapped_file,0.0
1741558962,kashef-k8s-ctl.rate-66d9d98f67-459fp,container_memory_mapped_file,0.0
1741558962,kashef-k8s-w1.consul-56f5cf4f78-qrhkb,container_memory_mapped_file,11874304.0
1741558962,kashef-k8s-w1.mongodb-geo-86b59b75f4-grd4s,container_memory_mapped_file,2592768.0
1741558962,kashef-k8s-w1.mongodb-profile-6bb85f4df7-rfvcl,container_memory_mapped_file,2248704.0
1741558962,kashef-k8s-ctl.mongodb-rate-785b799bbc-rh26t,container_memory_mapped_file,0.0
1741558962,kashef-k8s-w1.user-698454f8c4-pfgkk,container_memory_mapped_file,4096000.0
1741558977,kashef-k8s-w1.mongodb-user-6d96648ddc-pkv6k,container_memory_mapped_file,1314816.0
1741558977,kashef-k8s-w1.memcached-reserve-bdcb467b4-fpm4v,container_memory_mapped_file,638976.0
1741558977,kashef-k8s-w1.mongodb-geo-86b59b75f4-grd4s,container_memory_mapped_file,1150976.0
1741558977,kashef-k8s-ctl.mongodb-recommendation-59d6b7ccf9-jnrb4,container_memory_mapped_file,0.0
1741558977,kashef-k8s-ctl.profile-6c9f4cc75f-gldzm,container_memory_mapped_file,0.0
1741558977,kashef-k8s-ctl.memcached-rate-bcc5c97f8-xtz5g,container_memory_mapped_file,0.0
1741558977,kashef-k8s-ctl.mongodb-reservation-7b474745f-h55m7,container_memory_mapped_file,0.0
1741558977,kashef-k8s-w1.search-8677798cf5-fsd5r,container_memory_mapped_file,3661824.0
1741558977,kashef-k8s-w1.consul-56f5cf4f78-qrhkb,container_memory_mapped_file,13438976.0
1741558977,kashef-k8s-ctl.memcached-profile-7d6fcb6b8-qbcm2,container_memory_mapped_file,0.0
1741558977,kashef-k8s-w1.mongodb-profile-6bb85f4df7-rfvcl,container_memory_mapped_file,1495040.0
1741558977,kashef-k8s-w1.frontend-7d9d864798-n6lsm,container_memory_mapped_file,593920.0
1741558977,kashef-k8s-w1.jaeger-5d885bcf88-stzjn,container_memory_mapped_file,720896.0
1741558977,kashef-k8s-ctl.reservation-7799998946-chd6t,container_memory_mapped_file,0.0
1741558977,kashef-k8s-ctl.rate-66d9d98f67-459fp,container_memory_mapped_file,0.0
1741558977,kashef-k8s-w1.geo-bd9dfdb45-pmmf7,container_memory_mapped_file,712704.0
1741558977,kashef-k8s-w1.recommendation-6494d54897-js5nk,container_memory_mapped_file,4489216.0
1741558977,kashef-k8s-w1.user-698454f8c4-pfgkk,container_memory_mapped_file,1527808.0
1741558977,kashef-k8s-ctl.mongodb-rate-785b799bbc-rh26t,container_memory_mapped_file,0.0
1741558992,kashef-k8s-w1.memcached-reserve-bdcb467b4-fpm4v,container_memory_mapped_file,757760.0
1741558992,kashef-k8s-w1.geo-bd9dfdb45-pmmf7,container_memory_mapped_file,712704.0
1741558992,kashef-k8s-w1.mongodb-profile-6bb85f4df7-rfvcl,container_memory_mapped_file,1495040.0
1741558992,kashef-k8s-ctl.mongodb-recommendation-59d6b7ccf9-jnrb4,container_memory_mapped_file,0.0
1741558992,kashef-k8s-w1.recommendation-6494d54897-js5nk,container_memory_mapped_file,4489216.0
1741558992,kashef-k8s-ctl.mongodb-rate-785b799bbc-rh26t,container_memory_mapped_file,0.0
1741558992,kashef-k8s-w1.user-698454f8c4-pfgkk,container_memory_mapped_file,1527808.0
1741558992,kashef-k8s-w1.mongodb-geo-86b59b75f4-grd4s,container_memory_mapped_file,1150976.0
1741558992,kashef-k8s-w1.consul-56f5cf4f78-qrhkb,container_memory_mapped_file,13438976.0
1741558992,kashef-k8s-w1.frontend-7d9d864798-n6lsm,container_memory_mapped_file,593920.0
1741558992,kashef-k8s-w1.jaeger-5d885bcf88-stzjn,container_memory_mapped_file,720896.0
1741558992,kashef-k8s-w1.mongodb-user-6d96648ddc-pkv6k,container_memory_mapped_file,1314816.0
1741558992,kashef-k8s-ctl.memcached-rate-bcc5c97f8-xtz5g,container_memory_mapped_file,0.0
1741558992,kashef-k8s-w1.search-8677798cf5-fsd5r,container_memory_mapped_file,557056.0
1741558992,kashef-k8s-ctl.profile-6c9f4cc75f-gldzm,container_memory_mapped_file,0.0
1741558992,kashef-k8s-ctl.memcached-profile-7d6fcb6b8-qbcm2,container_memory_mapped_file,0.0
1741558992,kashef-k8s-ctl.rate-66d9d98f67-459fp,container_memory_mapped_file,0.0
1741558992,kashef-k8s-ctl.mongodb-reservation-7b474745f-h55m7,container_memory_mapped_file,0.0
1741558992,kashef-k8s-ctl.reservation-7799998946-chd6t,container_memory_mapped_file,0.0
1741559007,kashef-k8s-w1.recommendation-6494d54897-js5nk,container_memory_mapped_file,4489216.0
1741559007,kashef-k8s-w1.mongodb-geo-86b59b75f4-grd4s,container_memory_mapped_file,1150976.0
1741559007,kashef-k8s-w1.jaeger-5d885bcf88-stzjn,container_memory_mapped_file,720896.0
1741559007,kashef-k8s-ctl.mongodb-reservation-7b474745f-h55m7,container_memory_mapped_file,0.0
1741559007,kashef-k8s-w1.search-8677798cf5-fsd5r,container_memory_mapped_file,557056.0
1741559007,kashef-k8s-ctl.memcached-profile-7d6fcb6b8-qbcm2,container_memory_mapped_file,0.0
1741559007,kashef-k8s-w1.consul-56f5cf4f78-qrhkb,container_memory_mapped_file,13438976.0
1741559007,kashef-k8s-w1.frontend-7d9d864798-n6lsm,container_memory_mapped_file,593920.0
1741559007,kashef-k8s-w1.mongodb-profile-6bb85f4df7-rfvcl,container_memory_mapped_file,1495040.0
1741559007,kashef-k8s-w1.user-698454f8c4-pfgkk,container_memory_mapped_file,1527808.0
1741559007,kashef-k8s-ctl.mongodb-recommendation-59d6b7ccf9-jnrb4,container_memory_mapped_file,0.0
1741559007,kashef-k8s-ctl.mongodb-rate-785b799bbc-rh26t,container_memory_mapped_file,0.0
1741559007,kashef-k8s-w1.geo-bd9dfdb45-pmmf7,container_memory_mapped_file,712704.0
1741559007,kashef-k8s-w1.memcached-reserve-bdcb467b4-fpm4v,container_memory_mapped_file,757760.0
1741559007,kashef-k8s-ctl.rate-66d9d98f67-459fp,container_memory_mapped_file,0.0
1741559007,kashef-k8s-ctl.reservation-7799998946-chd6t,container_memory_mapped_file,0.0
1741559007,kashef-k8s-ctl.memcached-rate-bcc5c97f8-xtz5g,container_memory_mapped_file,0.0
1741559007,kashef-k8s-w1.mongodb-user-6d96648ddc-pkv6k,container_memory_mapped_file,1314816.0
1741559007,kashef-k8s-ctl.profile-6c9f4cc75f-gldzm,container_memory_mapped_file,0.0
1741559022,kashef-k8s-w1.jaeger-5d885bcf88-stzjn,container_memory_mapped_file,720896.0
1741559022,kashef-k8s-w1.consul-56f5cf4f78-qrhkb,container_memory_mapped_file,13438976.0
1741559022,kashef-k8s-w1.mongodb-profile-6bb85f4df7-rfvcl,container_memory_mapped_file,1495040.0
1741559022,kashef-k8s-ctl.mongodb-rate-785b799bbc-rh26t,container_memory_mapped_file,0.0
1741559022,kashef-k8s-w1.geo-bd9dfdb45-pmmf7,container_memory_mapped_file,712704.0
1741559022,kashef-k8s-w1.mongodb-geo-86b59b75f4-grd4s,container_memory_mapped_file,1150976.0
1741559022,kashef-k8s-ctl.mongodb-reservation-7b474745f-h55m7,container_memory_mapped_file,0.0
1741559022,kashef-k8s-w1.frontend-7d9d864798-n6lsm,container_memory_mapped_file,593920.0
1741559022,kashef-k8s-ctl.mongodb-recommendation-59d6b7ccf9-jnrb4,container_memory_mapped_file,0.0
1741559022,kashef-k8s-w1.user-698454f8c4-pfgkk,container_memory_mapped_file,1527808.0
1741559022,kashef-k8s-ctl.memcached-profile-7d6fcb6b8-qbcm2,container_memory_mapped_file,0.0
1741559022,kashef-k8s-ctl.memcached-rate-bcc5c97f8-xtz5g,container_memory_mapped_file,0.0
1741559022,kashef-k8s-w1.recommendation-6494d54897-js5nk,container_memory_mapped_file,4489216.0
1741559022,kashef-k8s-ctl.profile-6c9f4cc75f-gldzm,container_memory_mapped_file,0.0
1741559022,kashef-k8s-w1.search-8677798cf5-fsd5r,container_memory_mapped_file,557056.0
1741559022,kashef-k8s-w1.mongodb-user-6d96648ddc-pkv6k,container_memory_mapped_file,1314816.0
1741559022,kashef-k8s-w1.memcached-reserve-bdcb467b4-fpm4v,container_memory_mapped_file,757760.0
1741559022,kashef-k8s-ctl.reservation-7799998946-chd6t,container_memory_mapped_file,0.0
1741559022,kashef-k8s-ctl.rate-66d9d98f67-459fp,container_memory_mapped_file,0.0
1741559037,kashef-k8s-ctl.rate-66d9d98f67-459fp,container_memory_mapped_file,0.0
1741559037,kashef-k8s-w1.mongodb-user-6d96648ddc-pkv6k,container_memory_mapped_file,3158016.0
1741559037,kashef-k8s-w1.user-698454f8c4-pfgkk,container_memory_mapped_file,5492736.0
1741559037,kashef-k8s-ctl.memcached-profile-7d6fcb6b8-qbcm2,container_memory_mapped_file,0.0
1741559037,kashef-k8s-w1.consul-56f5cf4f78-qrhkb,container_memory_mapped_file,13438976.0
1741559037,kashef-k8s-w1.mongodb-geo-86b59b75f4-grd4s,container_memory_mapped_file,1150976.0
1741559037,kashef-k8s-w1.jaeger-5d885bcf88-stzjn,container_memory_mapped_file,720896.0
1741559037,kashef-k8s-w1.frontend-7d9d864798-n6lsm,container_memory_mapped_file,593920.0
1741559037,kashef-k8s-ctl.memcached-rate-bcc5c97f8-xtz5g,container_memory_mapped_file,0.0
1741559037,kashef-k8s-w1.recommendation-6494d54897-js5nk,container_memory_mapped_file,3145728.0
1741559037,kashef-k8s-w1.search-8677798cf5-fsd5r,container_memory_mapped_file,557056.0
1741559037,kashef-k8s-ctl.reservation-7799998946-chd6t,container_memory_mapped_file,0.0
1741559037,kashef-k8s-ctl.profile-6c9f4cc75f-gldzm,container_memory_mapped_file,0.0
1741559037,kashef-k8s-ctl.mongodb-reservation-7b474745f-h55m7,container_memory_mapped_file,0.0
1741559037,kashef-k8s-w1.geo-bd9dfdb45-pmmf7,container_memory_mapped_file,712704.0
1741559037,kashef-k8s-w1.mongodb-profile-6bb85f4df7-rfvcl,container_memory_mapped_file,4411392.0
1741559037,kashef-k8s-ctl.mongodb-rate-785b799bbc-rh26t,container_memory_mapped_file,0.0
1741559037,kashef-k8s-ctl.mongodb-recommendation-59d6b7ccf9-jnrb4,container_memory_mapped_file,0.0
1741559037,kashef-k8s-w1.memcached-reserve-bdcb467b4-fpm4v,container_memory_mapped_file,757760.0
1741559052,kashef-k8s-ctl.profile-6c9f4cc75f-gldzm,container_memory_mapped_file,0.0
1741559052,kashef-k8s-ctl.mongodb-recommendation-59d6b7ccf9-jnrb4,container_memory_mapped_file,0.0
1741559052,kashef-k8s-w1.memcached-reserve-bdcb467b4-fpm4v,container_memory_mapped_file,393216.0
1741559052,kashef-k8s-w1.geo-bd9dfdb45-pmmf7,container_memory_mapped_file,3989504.0
1741559052,kashef-k8s-w1.mongodb-profile-6bb85f4df7-rfvcl,container_memory_mapped_file,4411392.0
1741559052,kashef-k8s-ctl.memcached-rate-bcc5c97f8-xtz5g,container_memory_mapped_file,0.0
1741559052,kashef-k8s-w1.search-8677798cf5-fsd5r,container_memory_mapped_file,1097728.0
1741559052,kashef-k8s-ctl.mongodb-reservation-7b474745f-h55m7,container_memory_mapped_file,0.0
1741559052,kashef-k8s-w1.recommendation-6494d54897-js5nk,container_memory_mapped_file,3145728.0
1741559052,kashef-k8s-ctl.reservation-7799998946-chd6t,container_memory_mapped_file,0.0
1741559052,kashef-k8s-w1.jaeger-5d885bcf88-stzjn,container_memory_mapped_file,958464.0
1741559052,kashef-k8s-w1.mongodb-geo-86b59b75f4-grd4s,container_memory_mapped_file,1458176.0
1741559052,kashef-k8s-w1.user-698454f8c4-pfgkk,container_memory_mapped_file,5492736.0
1741559052,kashef-k8s-ctl.memcached-profile-7d6fcb6b8-qbcm2,container_memory_mapped_file,0.0
1741559052,kashef-k8s-w1.frontend-7d9d864798-n6lsm,container_memory_mapped_file,876544.0
1741559052,kashef-k8s-w1.consul-56f5cf4f78-qrhkb,container_memory_mapped_file,688128.0
1741559052,kashef-k8s-w1.mongodb-user-6d96648ddc-pkv6k,container_memory_mapped_file,3158016.0
1741559052,kashef-k8s-ctl.rate-66d9d98f67-459fp,container_memory_mapped_file,0.0
1741559052,kashef-k8s-ctl.mongodb-rate-785b799bbc-rh26t,container_memory_mapped_file,0.0
1741559067,kashef-k8s-w1.jaeger-5d885bcf88-stzjn,container_memory_mapped_file,958464.0
1741559067,kashef-k8s-w1.geo-bd9dfdb45-pmmf7,container_memory_mapped_file,3989504.0
1741559067,kashef-k8s-w1.memcached-reserve-bdcb467b4-fpm4v,container_memory_mapped_file,393216.0
1741559067,kashef-k8s-w1.consul-56f5cf4f78-qrhkb,container_memory_mapped_file,688128.0
1741559067,kashef-k8s-ctl.mongodb-reservation-7b474745f-h55m7,container_memory_mapped_file,0.0
1741559067,kashef-k8s-ctl.mongodb-rate-785b799bbc-rh26t,container_memory_mapped_file,0.0
1741559067,kashef-k8s-w1.recommendation-6494d54897-js5nk,container_memory_mapped_file,3145728.0
1741559067,kashef-k8s-ctl.reservation-7799998946-chd6t,container_memory_mapped_file,0.0
1741559067,kashef-k8s-ctl.memcached-rate-bcc5c97f8-xtz5g,container_memory_mapped_file,0.0
1741559067,kashef-k8s-w1.search-8677798cf5-fsd5r,container_memory_mapped_file,1097728.0
1741559067,kashef-k8s-ctl.rate-66d9d98f67-459fp,container_memory_mapped_file,0.0
1741559067,kashef-k8s-ctl.mongodb-recommendation-59d6b7ccf9-jnrb4,container_memory_mapped_file,0.0
1741559067,kashef-k8s-ctl.profile-6c9f4cc75f-gldzm,container_memory_mapped_file,0.0
1741559067,kashef-k8s-w1.mongodb-profile-6bb85f4df7-rfvcl,container_memory_mapped_file,4411392.0
1741559067,kashef-k8s-w1.user-698454f8c4-pfgkk,container_memory_mapped_file,5492736.0
1741559067,kashef-k8s-ctl.memcached-profile-7d6fcb6b8-qbcm2,container_memory_mapped_file,0.0
1741559067,kashef-k8s-w1.frontend-7d9d864798-n6lsm,container_memory_mapped_file,876544.0
1741559067,kashef-k8s-w1.mongodb-geo-86b59b75f4-grd4s,container_memory_mapped_file,1458176.0
1741559067,kashef-k8s-w1.mongodb-user-6d96648ddc-pkv6k,container_memory_mapped_file,3158016.0
1741559082,kashef-k8s-w1.search-8677798cf5-fsd5r,container_memory_mapped_file,1097728.0
1741559082,kashef-k8s-ctl.profile-6c9f4cc75f-gldzm,container_memory_mapped_file,0.0
1741559082,kashef-k8s-w1.recommendation-6494d54897-js5nk,container_memory_mapped_file,3145728.0
1741559082,kashef-k8s-w1.consul-56f5cf4f78-qrhkb,container_memory_mapped_file,688128.0
1741559082,kashef-k8s-w1.jaeger-5d885bcf88-stzjn,container_memory_mapped_file,958464.0
1741559082,kashef-k8s-ctl.reservation-7799998946-chd6t,container_memory_mapped_file,0.0
1741559082,kashef-k8s-ctl.mongodb-reservation-7b474745f-h55m7,container_memory_mapped_file,0.0
1741559082,kashef-k8s-ctl.rate-66d9d98f67-459fp,container_memory_mapped_file,0.0
1741559082,kashef-k8s-w1.frontend-7d9d864798-n6lsm,container_memory_mapped_file,876544.0
1741559082,kashef-k8s-ctl.memcached-rate-bcc5c97f8-xtz5g,container_memory_mapped_file,0.0
1741559082,kashef-k8s-ctl.mongodb-rate-785b799bbc-rh26t,container_memory_mapped_file,0.0
1741559082,kashef-k8s-w1.user-698454f8c4-pfgkk,container_memory_mapped_file,5492736.0
1741559082,kashef-k8s-ctl.memcached-profile-7d6fcb6b8-qbcm2,container_memory_mapped_file,0.0
1741559082,kashef-k8s-ctl.mongodb-recommendation-59d6b7ccf9-jnrb4,container_memory_mapped_file,0.0
1741559082,kashef-k8s-w1.mongodb-geo-86b59b75f4-grd4s,container_memory_mapped_file,1458176.0
1741559082,kashef-k8s-w1.mongodb-user-6d96648ddc-pkv6k,container_memory_mapped_file,3158016.0
1741559082,kashef-k8s-w1.memcached-reserve-bdcb467b4-fpm4v,container_memory_mapped_file,393216.0
1741559082,kashef-k8s-w1.mongodb-profile-6bb85f4df7-rfvcl,container_memory_mapped_file,4411392.0
1741559082,kashef-k8s-w1.geo-bd9dfdb45-pmmf7,container_memory_mapped_file,3989504.0
1741559097,kashef-k8s-w1.geo-bd9dfdb45-pmmf7,container_memory_mapped_file,3989504.0
1741559097,kashef-k8s-w1.mongodb-profile-6bb85f4df7-rfvcl,container_memory_mapped_file,2650112.0
1741559097,kashef-k8s-w1.mongodb-geo-86b59b75f4-grd4s,container_memory_mapped_file,2134016.0
1741559097,kashef-k8s-ctl.reservation-7799998946-chd6t,container_memory_mapped_file,0.0
1741559097,kashef-k8s-w1.search-8677798cf5-fsd5r,container_memory_mapped_file,884736.0
1741559097,kashef-k8s-w1.mongodb-user-6d96648ddc-pkv6k,container_memory_mapped_file,3158016.0
1741559097,kashef-k8s-w1.consul-56f5cf4f78-qrhkb,container_memory_mapped_file,16158720.0
1741559097,kashef-k8s-ctl.mongodb-reservation-7b474745f-h55m7,container_memory_mapped_file,0.0
1741559097,kashef-k8s-w1.jaeger-5d885bcf88-stzjn,container_memory_mapped_file,958464.0
1741559097,kashef-k8s-ctl.mongodb-rate-785b799bbc-rh26t,container_memory_mapped_file,0.0
1741559097,kashef-k8s-ctl.mongodb-recommendation-59d6b7ccf9-jnrb4,container_memory_mapped_file,0.0
1741559097,kashef-k8s-ctl.memcached-rate-bcc5c97f8-xtz5g,container_memory_mapped_file,0.0
1741559097,kashef-k8s-w1.recommendation-6494d54897-js5nk,container_memory_mapped_file,4599808.0
1741559097,kashef-k8s-ctl.profile-6c9f4cc75f-gldzm,container_memory_mapped_file,0.0
1741559097,kashef-k8s-ctl.memcached-profile-7d6fcb6b8-qbcm2,container_memory_mapped_file,0.0
1741559097,kashef-k8s-w1.user-698454f8c4-pfgkk,container_memory_mapped_file,5492736.0
1741559097,kashef-k8s-w1.frontend-7d9d864798-n6lsm,container_memory_mapped_file,622592.0
1741559097,kashef-k8s-ctl.rate-66d9d98f67-459fp,container_memory_mapped_file,0.0
1741559097,kashef-k8s-w1.memcached-reserve-bdcb467b4-fpm4v,container_memory_mapped_file,737280.0
1741559112,kashef-k8s-ctl.memcached-profile-7d6fcb6b8-qbcm2,container_memory_mapped_file,0.0
1741559112,kashef-k8s-w1.mongodb-profile-6bb85f4df7-rfvcl,container_memory_mapped_file,2650112.0
1741559112,kashef-k8s-w1.mongodb-geo-86b59b75f4-grd4s,container_memory_mapped_file,2134016.0
1741559112,kashef-k8s-w1.user-698454f8c4-pfgkk,container_memory_mapped_file,3629056.0
1741559112,kashef-k8s-ctl.reservation-7799998946-chd6t,container_memory_mapped_file,0.0
1741559112,kashef-k8s-ctl.mongodb-rate-785b799bbc-rh26t,container_memory_mapped_file,0.0
1741559112,kashef-k8s-w1.mongodb-user-6d96648ddc-pkv6k,container_memory_mapped_file,1462272.0
1741559112,kashef-k8s-w1.search-8677798cf5-fsd5r,container_memory_mapped_file,884736.0
1741559112,kashef-k8s-w1.jaeger-5d885bcf88-stzjn,container_memory_mapped_file,729088.0
1741559112,kashef-k8s-ctl.profile-6c9f4cc75f-gldzm,container_memory_mapped_file,0.0
1741559112,kashef-k8s-w1.memcached-reserve-bdcb467b4-fpm4v,container_memory_mapped_file,737280.0
1741559112,kashef-k8s-w1.recommendation-6494d54897-js5nk,container_memory_mapped_file,4599808.0
1741559112,kashef-k8s-ctl.memcached-rate-bcc5c97f8-xtz5g,container_memory_mapped_file,0.0
1741559112,kashef-k8s-ctl.mongodb-recommendation-59d6b7ccf9-jnrb4,container_memory_mapped_file,0.0
1741559112,kashef-k8s-w1.frontend-7d9d864798-n6lsm,container_memory_mapped_file,622592.0
1741559112,kashef-k8s-w1.consul-56f5cf4f78-qrhkb,container_memory_mapped_file,16158720.0
1741559112,kashef-k8s-ctl.mongodb-reservation-7b474745f-h55m7,container_memory_mapped_file,0.0
1741559112,kashef-k8s-ctl.rate-66d9d98f67-459fp,container_memory_mapped_file,0.0
1741559112,kashef-k8s-w1.geo-bd9dfdb45-pmmf7,container_memory_mapped_file,4411392.0
1741559127,kashef-k8s-w1.mongodb-geo-86b59b75f4-grd4s,container_memory_mapped_file,2134016.0
1741559127,kashef-k8s-w1.mongodb-profile-6bb85f4df7-rfvcl,container_memory_mapped_file,2650112.0
1741559127,kashef-k8s-ctl.memcached-profile-7d6fcb6b8-qbcm2,container_memory_mapped_file,0.0
1741559127,kashef-k8s-w1.jaeger-5d885bcf88-stzjn,container_memory_mapped_file,729088.0
1741559127,kashef-k8s-ctl.memcached-rate-bcc5c97f8-xtz5g,container_memory_mapped_file,0.0
1741559127,kashef-k8s-w1.frontend-7d9d864798-n6lsm,container_memory_mapped_file,622592.0
1741559127,kashef-k8s-ctl.profile-6c9f4cc75f-gldzm,container_memory_mapped_file,0.0
1741559127,kashef-k8s-w1.consul-56f5cf4f78-qrhkb,container_memory_mapped_file,16158720.0
1741559127,kashef-k8s-ctl.mongodb-reservation-7b474745f-h55m7,container_memory_mapped_file,0.0
1741559127,kashef-k8s-w1.recommendation-6494d54897-js5nk,container_memory_mapped_file,4599808.0
1741559127,kashef-k8s-w1.search-8677798cf5-fsd5r,container_memory_mapped_file,884736.0
1741559127,kashef-k8s-ctl.mongodb-rate-785b799bbc-rh26t,container_memory_mapped_file,0.0
1741559127,kashef-k8s-w1.mongodb-user-6d96648ddc-pkv6k,container_memory_mapped_file,1462272.0
1741559127,kashef-k8s-w1.user-698454f8c4-pfgkk,container_memory_mapped_file,3629056.0
1741559127,kashef-k8s-ctl.reservation-7799998946-chd6t,container_memory_mapped_file,0.0
1741559127,kashef-k8s-ctl.rate-66d9d98f67-459fp,container_memory_mapped_file,0.0
1741559127,kashef-k8s-w1.memcached-reserve-bdcb467b4-fpm4v,container_memory_mapped_file,737280.0
1741559127,kashef-k8s-ctl.mongodb-recommendation-59d6b7ccf9-jnrb4,container_memory_mapped_file,0.0
1741559127,kashef-k8s-w1.geo-bd9dfdb45-pmmf7,container_memory_mapped_file,4411392.0
1741559142,kashef-k8s-ctl.mongodb-rate-785b799bbc-rh26t,container_memory_mapped_file,0.0
1741559142,kashef-k8s-ctl.memcached-rate-bcc5c97f8-xtz5g,container_memory_mapped_file,0.0
1741559142,kashef-k8s-w1.memcached-reserve-bdcb467b4-fpm4v,container_memory_mapped_file,737280.0
1741559142,kashef-k8s-w1.geo-bd9dfdb45-pmmf7,container_memory_mapped_file,4411392.0
1741559142,kashef-k8s-w1.user-698454f8c4-pfgkk,container_memory_mapped_file,3629056.0
1741559142,kashef-k8s-w1.search-8677798cf5-fsd5r,container_memory_mapped_file,884736.0
1741559142,kashef-k8s-ctl.reservation-7799998946-chd6t,container_memory_mapped_file,0.0
1741559142,kashef-k8s-w1.recommendation-6494d54897-js5nk,container_memory_mapped_file,4599808.0
1741559142,kashef-k8s-w1.mongodb-geo-86b59b75f4-grd4s,container_memory_mapped_file,2134016.0
1741559142,kashef-k8s-ctl.mongodb-reservation-7b474745f-h55m7,container_memory_mapped_file,0.0
1741559142,kashef-k8s-w1.mongodb-user-6d96648ddc-pkv6k,container_memory_mapped_file,1462272.0
1741559142,kashef-k8s-ctl.rate-66d9d98f67-459fp,container_memory_mapped_file,0.0
1741559142,kashef-k8s-w1.jaeger-5d885bcf88-stzjn,container_memory_mapped_file,729088.0
1741559142,kashef-k8s-w1.consul-56f5cf4f78-qrhkb,container_memory_mapped_file,16158720.0
1741559142,kashef-k8s-ctl.profile-6c9f4cc75f-gldzm,container_memory_mapped_file,0.0
1741559142,kashef-k8s-w1.frontend-7d9d864798-n6lsm,container_memory_mapped_file,622592.0
1741559142,kashef-k8s-w1.mongodb-profile-6bb85f4df7-rfvcl,container_memory_mapped_file,2650112.0
1741559142,kashef-k8s-ctl.memcached-profile-7d6fcb6b8-qbcm2,container_memory_mapped_file,0.0
1741559142,kashef-k8s-ctl.mongodb-recommendation-59d6b7ccf9-jnrb4,container_memory_mapped_file,0.0
1741559157,kashef-k8s-w1.search-8677798cf5-fsd5r,container_memory_mapped_file,3690496.0
1741559157,kashef-k8s-ctl.memcached-rate-bcc5c97f8-xtz5g,container_memory_mapped_file,0.0
1741559157,kashef-k8s-ctl.mongodb-recommendation-59d6b7ccf9-jnrb4,container_memory_mapped_file,0.0
1741559157,kashef-k8s-w1.memcached-reserve-bdcb467b4-fpm4v,container_memory_mapped_file,802816.0
1741559157,kashef-k8s-w1.recommendation-6494d54897-js5nk,container_memory_mapped_file,3665920.0
1741559157,kashef-k8s-w1.consul-56f5cf4f78-qrhkb,container_memory_mapped_file,15142912.0
1741559157,kashef-k8s-ctl.mongodb-reservation-7b474745f-h55m7,container_memory_mapped_file,0.0
1741559157,kashef-k8s-ctl.reservation-7799998946-chd6t,container_memory_mapped_file,0.0
1741559157,kashef-k8s-ctl.profile-6c9f4cc75f-gldzm,container_memory_mapped_file,0.0
1741559157,kashef-k8s-w1.jaeger-5d885bcf88-stzjn,container_memory_mapped_file,1110016.0
1741559157,kashef-k8s-ctl.mongodb-rate-785b799bbc-rh26t,container_memory_mapped_file,0.0
1741559157,kashef-k8s-w1.geo-bd9dfdb45-pmmf7,container_memory_mapped_file,4001792.0
1741559157,kashef-k8s-w1.mongodb-profile-6bb85f4df7-rfvcl,container_memory_mapped_file,2650112.0
1741559157,kashef-k8s-w1.mongodb-geo-86b59b75f4-grd4s,container_memory_mapped_file,3383296.0
1741559157,kashef-k8s-w1.frontend-7d9d864798-n6lsm,container_memory_mapped_file,831488.0
1741559157,kashef-k8s-w1.mongodb-user-6d96648ddc-pkv6k,container_memory_mapped_file,1830912.0
1741559157,kashef-k8s-ctl.memcached-profile-7d6fcb6b8-qbcm2,container_memory_mapped_file,0.0
1741559157,kashef-k8s-w1.user-698454f8c4-pfgkk,container_memory_mapped_file,4784128.0
1741559157,kashef-k8s-ctl.rate-66d9d98f67-459fp,container_memory_mapped_file,0.0
1741559172,kashef-k8s-w1.mongodb-profile-6bb85f4df7-rfvcl,container_memory_mapped_file,1613824.0
1741559172,kashef-k8s-w1.memcached-reserve-bdcb467b4-fpm4v,container_memory_mapped_file,802816.0
1741559172,kashef-k8s-w1.search-8677798cf5-fsd5r,container_memory_mapped_file,3690496.0
1741559172,kashef-k8s-w1.consul-56f5cf4f78-qrhkb,container_memory_mapped_file,15142912.0
1741559172,kashef-k8s-ctl.reservation-7799998946-chd6t,container_memory_mapped_file,0.0
1741559172,kashef-k8s-w1.frontend-7d9d864798-n6lsm,container_memory_mapped_file,831488.0
1741559172,kashef-k8s-ctl.profile-6c9f4cc75f-gldzm,container_memory_mapped_file,0.0
1741559172,kashef-k8s-w1.recommendation-6494d54897-js5nk,container_memory_mapped_file,3665920.0
1741559172,kashef-k8s-ctl.mongodb-reservation-7b474745f-h55m7,container_memory_mapped_file,0.0
1741559172,kashef-k8s-w1.mongodb-user-6d96648ddc-pkv6k,container_memory_mapped_file,1830912.0
1741559172,kashef-k8s-w1.jaeger-5d885bcf88-stzjn,container_memory_mapped_file,1110016.0
1741559172,kashef-k8s-ctl.mongodb-rate-785b799bbc-rh26t,container_memory_mapped_file,0.0
1741559172,kashef-k8s-ctl.mongodb-recommendation-59d6b7ccf9-jnrb4,container_memory_mapped_file,0.0
1741559172,kashef-k8s-ctl.memcached-profile-7d6fcb6b8-qbcm2,container_memory_mapped_file,0.0
1741559172,kashef-k8s-w1.mongodb-geo-86b59b75f4-grd4s,container_memory_mapped_file,3383296.0
1741559172,kashef-k8s-w1.user-698454f8c4-pfgkk,container_memory_mapped_file,4784128.0
1741559172,kashef-k8s-ctl.memcached-rate-bcc5c97f8-xtz5g,container_memory_mapped_file,0.0
1741559172,kashef-k8s-ctl.rate-66d9d98f67-459fp,container_memory_mapped_file,0.0
1741559172,kashef-k8s-w1.geo-bd9dfdb45-pmmf7,container_memory_mapped_file,4001792.0
1741559187,kashef-k8s-w1.recommendation-6494d54897-js5nk,container_memory_mapped_file,3665920.0
1741559187,kashef-k8s-ctl.mongodb-reservation-7b474745f-h55m7,container_memory_mapped_file,0.0
1741559187,kashef-k8s-w1.user-698454f8c4-pfgkk,container_memory_mapped_file,4784128.0
1741559187,kashef-k8s-ctl.mongodb-recommendation-59d6b7ccf9-jnrb4,container_memory_mapped_file,0.0
1741559187,kashef-k8s-ctl.memcached-rate-bcc5c97f8-xtz5g,container_memory_mapped_file,0.0
1741559187,kashef-k8s-w1.jaeger-5d885bcf88-stzjn,container_memory_mapped_file,1110016.0
1741559187,kashef-k8s-w1.frontend-7d9d864798-n6lsm,container_memory_mapped_file,831488.0
1741559187,kashef-k8s-w1.mongodb-user-6d96648ddc-pkv6k,container_memory_mapped_file,1830912.0
1741559187,kashef-k8s-w1.search-8677798cf5-fsd5r,container_memory_mapped_file,3690496.0
1741559187,kashef-k8s-ctl.reservation-7799998946-chd6t,container_memory_mapped_file,0.0
1741559187,kashef-k8s-w1.consul-56f5cf4f78-qrhkb,container_memory_mapped_file,15142912.0
1741559187,kashef-k8s-w1.memcached-reserve-bdcb467b4-fpm4v,container_memory_mapped_file,802816.0
1741559187,kashef-k8s-w1.mongodb-geo-86b59b75f4-grd4s,container_memory_mapped_file,3383296.0
1741559187,kashef-k8s-ctl.profile-6c9f4cc75f-gldzm,container_memory_mapped_file,0.0
1741559187,kashef-k8s-w1.mongodb-profile-6bb85f4df7-rfvcl,container_memory_mapped_file,1613824.0
1741559187,kashef-k8s-ctl.memcached-profile-7d6fcb6b8-qbcm2,container_memory_mapped_file,0.0
1741559187,kashef-k8s-ctl.rate-66d9d98f67-459fp,container_memory_mapped_file,0.0
1741559187,kashef-k8s-ctl.mongodb-rate-785b799bbc-rh26t,container_memory_mapped_file,0.0
1741559187,kashef-k8s-w1.geo-bd9dfdb45-pmmf7,container_memory_mapped_file,4001792.0
1741559202,kashef-k8s-ctl.mongodb-reservation-7b474745f-h55m7,container_memory_mapped_file,0.0
1741559202,kashef-k8s-w1.frontend-7d9d864798-n6lsm,container_memory_mapped_file,831488.0
1741559202,kashef-k8s-w1.mongodb-geo-86b59b75f4-grd4s,container_memory_mapped_file,3383296.0
1741559202,kashef-k8s-w1.geo-bd9dfdb45-pmmf7,container_memory_mapped_file,4001792.0
1741559202,kashef-k8s-w1.memcached-reserve-bdcb467b4-fpm4v,container_memory_mapped_file,802816.0
1741559202,kashef-k8s-ctl.rate-66d9d98f67-459fp,container_memory_mapped_file,0.0
1741559202,kashef-k8s-w1.recommendation-6494d54897-js5nk,container_memory_mapped_file,3665920.0
1741559202,kashef-k8s-w1.consul-56f5cf4f78-qrhkb,container_memory_mapped_file,15142912.0
1741559202,kashef-k8s-w1.search-8677798cf5-fsd5r,container_memory_mapped_file,3690496.0
1741559202,kashef-k8s-ctl.reservation-7799998946-chd6t,container_memory_mapped_file,0.0
1741559202,kashef-k8s-w1.jaeger-5d885bcf88-stzjn,container_memory_mapped_file,1110016.0
1741559202,kashef-k8s-ctl.memcached-rate-bcc5c97f8-xtz5g,container_memory_mapped_file,0.0
1741559202,kashef-k8s-ctl.memcached-profile-7d6fcb6b8-qbcm2,container_memory_mapped_file,0.0
1741559202,kashef-k8s-w1.user-698454f8c4-pfgkk,container_memory_mapped_file,4784128.0
1741559202,kashef-k8s-w1.mongodb-user-6d96648ddc-pkv6k,container_memory_mapped_file,1830912.0
1741559202,kashef-k8s-ctl.mongodb-recommendation-59d6b7ccf9-jnrb4,container_memory_mapped_file,0.0
1741559202,kashef-k8s-w1.mongodb-profile-6bb85f4df7-rfvcl,container_memory_mapped_file,1613824.0
1741559202,kashef-k8s-ctl.mongodb-rate-785b799bbc-rh26t,container_memory_mapped_file,0.0
1741559202,kashef-k8s-ctl.profile-6c9f4cc75f-gldzm,container_memory_mapped_file,0.0
1741559217,kashef-k8s-w1.frontend-7d9d864798-n6lsm,container_memory_mapped_file,774144.0
1741559217,kashef-k8s-w1.mongodb-user-6d96648ddc-pkv6k,container_memory_mapped_file,1019904.0
1741559217,kashef-k8s-w1.consul-56f5cf4f78-qrhkb,container_memory_mapped_file,12607488.0
1741559217,kashef-k8s-w1.mongodb-geo-86b59b75f4-grd4s,container_memory_mapped_file,1351680.0
1741559217,kashef-k8s-ctl.profile-6c9f4cc75f-gldzm,container_memory_mapped_file,0.0
1741559217,kashef-k8s-ctl.memcached-rate-bcc5c97f8-xtz5g,container_memory_mapped_file,0.0
1741559217,kashef-k8s-ctl.memcached-profile-7d6fcb6b8-qbcm2,container_memory_mapped_file,0.0
1741559217,kashef-k8s-ctl.mongodb-rate-785b799bbc-rh26t,container_memory_mapped_file,0.0
1741559217,kashef-k8s-ctl.mongodb-reservation-7b474745f-h55m7,container_memory_mapped_file,0.0
1741559217,kashef-k8s-ctl.reservation-7799998946-chd6t,container_memory_mapped_file,0.0
1741559217,kashef-k8s-ctl.mongodb-recommendation-59d6b7ccf9-jnrb4,container_memory_mapped_file,0.0
1741559217,kashef-k8s-w1.search-8677798cf5-fsd5r,container_memory_mapped_file,1269760.0
1741559217,kashef-k8s-w1.recommendation-6494d54897-js5nk,container_memory_mapped_file,4538368.0
1741559217,kashef-k8s-w1.user-698454f8c4-pfgkk,container_memory_mapped_file,6635520.0
1741559217,kashef-k8s-w1.jaeger-5d885bcf88-stzjn,container_memory_mapped_file,790528.0
1741559217,kashef-k8s-w1.memcached-reserve-bdcb467b4-fpm4v,container_memory_mapped_file,737280.0
1741559217,kashef-k8s-ctl.rate-66d9d98f67-459fp,container_memory_mapped_file,0.0
1741559217,kashef-k8s-w1.geo-bd9dfdb45-pmmf7,container_memory_mapped_file,4001792.0
1741559217,kashef-k8s-w1.mongodb-profile-6bb85f4df7-rfvcl,container_memory_mapped_file,3018752.0
1741559232,kashef-k8s-w1.memcached-reserve-bdcb467b4-fpm4v,container_memory_mapped_file,737280.0
1741559232,kashef-k8s-w1.geo-bd9dfdb45-pmmf7,container_memory_mapped_file,954368.0
1741559232,kashef-k8s-ctl.reservation-7799998946-chd6t,container_memory_mapped_file,0.0
1741559232,kashef-k8s-w1.mongodb-user-6d96648ddc-pkv6k,container_memory_mapped_file,1019904.0
1741559232,kashef-k8s-w1.jaeger-5d885bcf88-stzjn,container_memory_mapped_file,790528.0
1741559232,kashef-k8s-ctl.rate-66d9d98f67-459fp,container_memory_mapped_file,0.0
1741559232,kashef-k8s-w1.user-698454f8c4-pfgkk,container_memory_mapped_file,6635520.0
1741559232,kashef-k8s-w1.frontend-7d9d864798-n6lsm,container_memory_mapped_file,774144.0
1741559232,kashef-k8s-w1.recommendation-6494d54897-js5nk,container_memory_mapped_file,4538368.0
1741559232,kashef-k8s-ctl.profile-6c9f4cc75f-gldzm,container_memory_mapped_file,0.0
1741559232,kashef-k8s-w1.search-8677798cf5-fsd5r,container_memory_mapped_file,1269760.0
1741559232,kashef-k8s-w1.mongodb-geo-86b59b75f4-grd4s,container_memory_mapped_file,1351680.0
1741559232,kashef-k8s-ctl.mongodb-rate-785b799bbc-rh26t,container_memory_mapped_file,0.0
1741559232,kashef-k8s-ctl.memcached-rate-bcc5c97f8-xtz5g,container_memory_mapped_file,0.0
1741559232,kashef-k8s-ctl.mongodb-recommendation-59d6b7ccf9-jnrb4,container_memory_mapped_file,0.0
1741559232,kashef-k8s-w1.consul-56f5cf4f78-qrhkb,container_memory_mapped_file,12607488.0
1741559232,kashef-k8s-ctl.memcached-profile-7d6fcb6b8-qbcm2,container_memory_mapped_file,0.0
1741559232,kashef-k8s-w1.mongodb-profile-6bb85f4df7-rfvcl,container_memory_mapped_file,3018752.0
1741559232,kashef-k8s-ctl.mongodb-reservation-7b474745f-h55m7,container_memory_mapped_file,0.0
1741559247,kashef-k8s-ctl.memcached-profile-7d6fcb6b8-qbcm2,container_memory_mapped_file,0.0
1741559247,kashef-k8s-w1.mongodb-user-6d96648ddc-pkv6k,container_memory_mapped_file,1019904.0
1741559247,kashef-k8s-w1.frontend-7d9d864798-n6lsm,container_memory_mapped_file,774144.0
1741559247,kashef-k8s-ctl.mongodb-reservation-7b474745f-h55m7,container_memory_mapped_file,0.0
1741559247,kashef-k8s-ctl.memcached-rate-bcc5c97f8-xtz5g,container_memory_mapped_file,0.0
1741559247,kashef-k8s-w1.consul-56f5cf4f78-qrhkb,container_memory_mapped_file,12607488.0
1741559247,kashef-k8s-w1.recommendation-6494d54897-js5nk,container_memory_mapped_file,4538368.0
1741559247,kashef-k8s-w1.search-8677798cf5-fsd5r,container_memory_mapped_file,1269760.0
1741559247,kashef-k8s-w1.jaeger-5d885bcf88-stzjn,container_memory_mapped_file,790528.0
1741559247,kashef-k8s-w1.user-698454f8c4-pfgkk,container_memory_mapped_file,6635520.0
1741559247,kashef-k8s-ctl.reservation-7799998946-chd6t,container_memory_mapped_file,0.0
1741559247,kashef-k8s-w1.geo-bd9dfdb45-pmmf7,container_memory_mapped_file,954368.0
1741559247,kashef-k8s-w1.memcached-reserve-bdcb467b4-fpm4v,container_memory_mapped_file,737280.0
1741559247,kashef-k8s-ctl.rate-66d9d98f67-459fp,container_memory_mapped_file,0.0
1741559247,kashef-k8s-w1.mongodb-profile-6bb85f4df7-rfvcl,container_memory_mapped_file,3018752.0
1741559247,kashef-k8s-ctl.profile-6c9f4cc75f-gldzm,container_memory_mapped_file,0.0
1741559247,kashef-k8s-ctl.mongodb-recommendation-59d6b7ccf9-jnrb4,container_memory_mapped_file,0.0
1741559247,kashef-k8s-ctl.mongodb-rate-785b799bbc-rh26t,container_memory_mapped_file,0.0
1741559247,kashef-k8s-w1.mongodb-geo-86b59b75f4-grd4s,container_memory_mapped_file,1351680.0
1741559262,kashef-k8s-w1.recommendation-6494d54897-js5nk,container_memory_mapped_file,4538368.0
1741559262,kashef-k8s-w1.consul-56f5cf4f78-qrhkb,container_memory_mapped_file,12607488.0
1741559262,kashef-k8s-w1.geo-bd9dfdb45-pmmf7,container_memory_mapped_file,954368.0
1741559262,kashef-k8s-ctl.reservation-7799998946-chd6t,container_memory_mapped_file,0.0
1741559262,kashef-k8s-w1.mongodb-user-6d96648ddc-pkv6k,container_memory_mapped_file,1019904.0
1741559262,kashef-k8s-w1.search-8677798cf5-fsd5r,container_memory_mapped_file,1269760.0
1741559262,kashef-k8s-w1.jaeger-5d885bcf88-stzjn,container_memory_mapped_file,790528.0
1741559262,kashef-k8s-w1.mongodb-geo-86b59b75f4-grd4s,container_memory_mapped_file,1351680.0
1741559262,kashef-k8s-w1.frontend-7d9d864798-n6lsm,container_memory_mapped_file,774144.0
1741559262,kashef-k8s-w1.user-698454f8c4-pfgkk,container_memory_mapped_file,6635520.0
1741559262,kashef-k8s-ctl.mongodb-recommendation-59d6b7ccf9-jnrb4,container_memory_mapped_file,0.0
1741559262,kashef-k8s-ctl.memcached-rate-bcc5c97f8-xtz5g,container_memory_mapped_file,0.0
1741559262,kashef-k8s-ctl.memcached-profile-7d6fcb6b8-qbcm2,container_memory_mapped_file,0.0
1741559262,kashef-k8s-ctl.profile-6c9f4cc75f-gldzm,container_memory_mapped_file,0.0
1741559262,kashef-k8s-w1.memcached-reserve-bdcb467b4-fpm4v,container_memory_mapped_file,737280.0
1741559262,kashef-k8s-ctl.mongodb-rate-785b799bbc-rh26t,container_memory_mapped_file,0.0
1741559262,kashef-k8s-ctl.mongodb-reservation-7b474745f-h55m7,container_memory_mapped_file,0.0
1741559262,kashef-k8s-ctl.rate-66d9d98f67-459fp,container_memory_mapped_file,0.0
1741559262,kashef-k8s-w1.mongodb-profile-6bb85f4df7-rfvcl,container_memory_mapped_file,3018752.0
1741559277,kashef-k8s-ctl.rate-66d9d98f67-459fp,container_memory_mapped_file,0.0
1741559277,kashef-k8s-w1.mongodb-profile-6bb85f4df7-rfvcl,container_memory_mapped_file,1495040.0
1741559277,kashef-k8s-w1.memcached-reserve-bdcb467b4-fpm4v,container_memory_mapped_file,540672.0
1741559277,kashef-k8s-ctl.mongodb-reservation-7b474745f-h55m7,container_memory_mapped_file,0.0
1741559277,kashef-k8s-ctl.mongodb-rate-785b799bbc-rh26t,container_memory_mapped_file,0.0
1741559277,kashef-k8s-ctl.mongodb-recommendation-59d6b7ccf9-jnrb4,container_memory_mapped_file,0.0
1741559277,kashef-k8s-ctl.profile-6c9f4cc75f-gldzm,container_memory_mapped_file,0.0
1741559277,kashef-k8s-ctl.memcached-rate-bcc5c97f8-xtz5g,container_memory_mapped_file,0.0
1741559277,kashef-k8s-w1.user-698454f8c4-pfgkk,container_memory_mapped_file,6635520.0
1741559277,kashef-k8s-ctl.memcached-profile-7d6fcb6b8-qbcm2,container_memory_mapped_file,0.0
1741559277,kashef-k8s-w1.recommendation-6494d54897-js5nk,container_memory_mapped_file,2523136.0
1741559277,kashef-k8s-w1.geo-bd9dfdb45-pmmf7,container_memory_mapped_file,2371584.0
1741559277,kashef-k8s-w1.search-8677798cf5-fsd5r,container_memory_mapped_file,3923968.0
1741559277,kashef-k8s-w1.mongodb-geo-86b59b75f4-grd4s,container_memory_mapped_file,1265664.0
1741559277,kashef-k8s-w1.mongodb-user-6d96648ddc-pkv6k,container_memory_mapped_file,835584.0
1741559277,kashef-k8s-w1.consul-56f5cf4f78-qrhkb,container_memory_mapped_file,13950976.0
1741559277,kashef-k8s-w1.frontend-7d9d864798-n6lsm,container_memory_mapped_file,774144.0
1741559277,kashef-k8s-w1.jaeger-5d885bcf88-stzjn,container_memory_mapped_file,876544.0
1741559277,kashef-k8s-ctl.reservation-7799998946-chd6t,container_memory_mapped_file,0.0
1741559292,kashef-k8s-ctl.rate-66d9d98f67-459fp,container_memory_mapped_file,0.0
1741559292,kashef-k8s-ctl.memcached-profile-7d6fcb6b8-qbcm2,container_memory_mapped_file,0.0
1741559292,kashef-k8s-w1.user-698454f8c4-pfgkk,container_memory_mapped_file,6152192.0
1741559292,kashef-k8s-w1.search-8677798cf5-fsd5r,container_memory_mapped_file,3923968.0
1741559292,kashef-k8s-w1.mongodb-geo-86b59b75f4-grd4s,container_memory_mapped_file,1265664.0
1741559292,kashef-k8s-w1.recommendation-6494d54897-js5nk,container_memory_mapped_file,2523136.0
1741559292,kashef-k8s-ctl.profile-6c9f4cc75f-gldzm,container_memory_mapped_file,0.0
1741559292,kashef-k8s-ctl.mongodb-rate-785b799bbc-rh26t,container_memory_mapped_file,0.0
1741559292,kashef-k8s-ctl.mongodb-reservation-7b474745f-h55m7,container_memory_mapped_file,0.0
1741559292,kashef-k8s-ctl.mongodb-recommendation-59d6b7ccf9-jnrb4,container_memory_mapped_file,0.0
1741559292,kashef-k8s-ctl.memcached-rate-bcc5c97f8-xtz5g,container_memory_mapped_file,0.0
1741559292,kashef-k8s-w1.memcached-reserve-bdcb467b4-fpm4v,container_memory_mapped_file,540672.0
1741559292,kashef-k8s-w1.mongodb-profile-6bb85f4df7-rfvcl,container_memory_mapped_file,1495040.0
1741559292,kashef-k8s-ctl.reservation-7799998946-chd6t,container_memory_mapped_file,0.0
1741559292,kashef-k8s-w1.mongodb-user-6d96648ddc-pkv6k,container_memory_mapped_file,835584.0
1741559292,kashef-k8s-w1.frontend-7d9d864798-n6lsm,container_memory_mapped_file,3072000.0
1741559292,kashef-k8s-w1.geo-bd9dfdb45-pmmf7,container_memory_mapped_file,2371584.0
1741559292,kashef-k8s-w1.jaeger-5d885bcf88-stzjn,container_memory_mapped_file,876544.0
1741559292,kashef-k8s-w1.consul-56f5cf4f78-qrhkb,container_memory_mapped_file,13950976.0
1741559307,kashef-k8s-ctl.profile-6c9f4cc75f-gldzm,container_memory_mapped_file,0.0
1741559307,kashef-k8s-w1.mongodb-geo-86b59b75f4-grd4s,container_memory_mapped_file,1265664.0
1741559307,kashef-k8s-w1.memcached-reserve-bdcb467b4-fpm4v,container_memory_mapped_file,540672.0
1741559307,kashef-k8s-w1.geo-bd9dfdb45-pmmf7,container_memory_mapped_file,2371584.0
1741559307,kashef-k8s-w1.mongodb-profile-6bb85f4df7-rfvcl,container_memory_mapped_file,1495040.0
1741559307,kashef-k8s-ctl.memcached-profile-7d6fcb6b8-qbcm2,container_memory_mapped_file,0.0
1741559307,kashef-k8s-ctl.mongodb-rate-785b799bbc-rh26t,container_memory_mapped_file,0.0
1741559307,kashef-k8s-ctl.rate-66d9d98f67-459fp,container_memory_mapped_file,0.0
1741559307,kashef-k8s-ctl.reservation-7799998946-chd6t,container_memory_mapped_file,0.0
1741559307,kashef-k8s-ctl.memcached-rate-bcc5c97f8-xtz5g,container_memory_mapped_file,0.0
1741559307,kashef-k8s-w1.recommendation-6494d54897-js5nk,container_memory_mapped_file,2523136.0
1741559307,kashef-k8s-w1.search-8677798cf5-fsd5r,container_memory_mapped_file,3923968.0
1741559307,kashef-k8s-w1.mongodb-user-6d96648ddc-pkv6k,container_memory_mapped_file,835584.0
1741559307,kashef-k8s-w1.frontend-7d9d864798-n6lsm,container_memory_mapped_file,3072000.0
1741559307,kashef-k8s-w1.consul-56f5cf4f78-qrhkb,container_memory_mapped_file,13950976.0
1741559307,kashef-k8s-ctl.mongodb-recommendation-59d6b7ccf9-jnrb4,container_memory_mapped_file,0.0
1741559307,kashef-k8s-w1.jaeger-5d885bcf88-stzjn,container_memory_mapped_file,876544.0
1741559307,kashef-k8s-w1.user-698454f8c4-pfgkk,container_memory_mapped_file,6152192.0
1741559307,kashef-k8s-ctl.mongodb-reservation-7b474745f-h55m7,container_memory_mapped_file,0.0
1741559322,kashef-k8s-w1.mongodb-profile-6bb85f4df7-rfvcl,container_memory_mapped_file,1495040.0
1741559322,kashef-k8s-w1.memcached-reserve-bdcb467b4-fpm4v,container_memory_mapped_file,540672.0
1741559322,kashef-k8s-w1.mongodb-user-6d96648ddc-pkv6k,container_memory_mapped_file,835584.0
1741559322,kashef-k8s-w1.consul-56f5cf4f78-qrhkb,container_memory_mapped_file,14278656.0
1741559322,kashef-k8s-w1.frontend-7d9d864798-n6lsm,container_memory_mapped_file,3072000.0
1741559322,kashef-k8s-ctl.mongodb-rate-785b799bbc-rh26t,container_memory_mapped_file,0.0
1741559322,kashef-k8s-ctl.memcached-profile-7d6fcb6b8-qbcm2,container_memory_mapped_file,0.0
1741559322,kashef-k8s-w1.mongodb-geo-86b59b75f4-grd4s,container_memory_mapped_file,1265664.0
1741559322,kashef-k8s-w1.user-698454f8c4-pfgkk,container_memory_mapped_file,6152192.0
1741559322,kashef-k8s-w1.jaeger-5d885bcf88-stzjn,container_memory_mapped_file,876544.0
1741559322,kashef-k8s-ctl.reservation-7799998946-chd6t,container_memory_mapped_file,0.0
1741559322,kashef-k8s-w1.search-8677798cf5-fsd5r,container_memory_mapped_file,3923968.0
1741559322,kashef-k8s-w1.recommendation-6494d54897-js5nk,container_memory_mapped_file,2523136.0
1741559322,kashef-k8s-ctl.mongodb-recommendation-59d6b7ccf9-jnrb4,container_memory_mapped_file,0.0
1741559322,kashef-k8s-ctl.profile-6c9f4cc75f-gldzm,container_memory_mapped_file,0.0
1741559322,kashef-k8s-ctl.memcached-rate-bcc5c97f8-xtz5g,container_memory_mapped_file,0.0
1741559322,kashef-k8s-ctl.mongodb-reservation-7b474745f-h55m7,container_memory_mapped_file,0.0
1741559322,kashef-k8s-ctl.rate-66d9d98f67-459fp,container_memory_mapped_file,0.0
1741559322,kashef-k8s-w1.geo-bd9dfdb45-pmmf7,container_memory_mapped_file,2371584.0
1741559337,kashef-k8s-ctl.mongodb-rate-785b799bbc-rh26t,container_memory_mapped_file,0.0
1741559337,kashef-k8s-w1.consul-56f5cf4f78-qrhkb,container_memory_mapped_file,14278656.0
1741559337,kashef-k8s-ctl.memcached-profile-7d6fcb6b8-qbcm2,container_memory_mapped_file,0.0
1741559337,kashef-k8s-w1.mongodb-geo-86b59b75f4-grd4s,container_memory_mapped_file,1265664.0
1741559337,kashef-k8s-ctl.profile-6c9f4cc75f-gldzm,container_memory_mapped_file,0.0
1741559337,kashef-k8s-w1.search-8677798cf5-fsd5r,container_memory_mapped_file,966656.0
1741559337,kashef-k8s-ctl.mongodb-recommendation-59d6b7ccf9-jnrb4,container_memory_mapped_file,0.0
1741559337,kashef-k8s-ctl.memcached-rate-bcc5c97f8-xtz5g,container_memory_mapped_file,0.0
1741559337,kashef-k8s-w1.recommendation-6494d54897-js5nk,container_memory_mapped_file,4706304.0
1741559337,kashef-k8s-w1.user-698454f8c4-pfgkk,container_memory_mapped_file,6201344.0
1741559337,kashef-k8s-w1.mongodb-profile-6bb85f4df7-rfvcl,container_memory_mapped_file,1495040.0
1741559337,kashef-k8s-w1.mongodb-user-6d96648ddc-pkv6k,container_memory_mapped_file,589824.0
1741559337,kashef-k8s-w1.frontend-7d9d864798-n6lsm,container_memory_mapped_file,1114112.0
1741559337,kashef-k8s-w1.geo-bd9dfdb45-pmmf7,container_memory_mapped_file,4538368.0
1741559337,kashef-k8s-ctl.reservation-7799998946-chd6t,container_memory_mapped_file,0.0
1741559337,kashef-k8s-w1.jaeger-5d885bcf88-stzjn,container_memory_mapped_file,786432.0
1741559337,kashef-k8s-ctl.mongodb-reservation-7b474745f-h55m7,container_memory_mapped_file,0.0
1741559337,kashef-k8s-ctl.rate-66d9d98f67-459fp,container_memory_mapped_file,0.0
1741559337,kashef-k8s-w1.memcached-reserve-bdcb467b4-fpm4v,container_memory_mapped_file,614400.0
1741559352,kashef-k8s-w1.geo-bd9dfdb45-pmmf7,container_memory_mapped_file,4538368.0
1741559352,kashef-k8s-w1.user-698454f8c4-pfgkk,container_memory_mapped_file,6201344.0
1741559352,kashef-k8s-ctl.profile-6c9f4cc75f-gldzm,container_memory_mapped_file,0.0
1741559352,kashef-k8s-ctl.mongodb-reservation-7b474745f-h55m7,container_memory_mapped_file,0.0
1741559352,kashef-k8s-ctl.memcached-profile-7d6fcb6b8-qbcm2,container_memory_mapped_file,0.0
1741559352,kashef-k8s-ctl.memcached-rate-bcc5c97f8-xtz5g,container_memory_mapped_file,0.0
1741559352,kashef-k8s-ctl.rate-66d9d98f67-459fp,container_memory_mapped_file,0.0
1741559352,kashef-k8s-ctl.mongodb-recommendation-59d6b7ccf9-jnrb4,container_memory_mapped_file,0.0
1741559352,kashef-k8s-w1.mongodb-user-6d96648ddc-pkv6k,container_memory_mapped_file,589824.0
1741559352,kashef-k8s-w1.consul-56f5cf4f78-qrhkb,container_memory_mapped_file,14278656.0
1741559352,kashef-k8s-w1.mongodb-profile-6bb85f4df7-rfvcl,container_memory_mapped_file,2805760.0
1741559352,kashef-k8s-w1.mongodb-geo-86b59b75f4-grd4s,container_memory_mapped_file,1703936.0
1741559352,kashef-k8s-w1.recommendation-6494d54897-js5nk,container_memory_mapped_file,4706304.0
1741559352,kashef-k8s-w1.search-8677798cf5-fsd5r,container_memory_mapped_file,966656.0
1741559352,kashef-k8s-ctl.mongodb-rate-785b799bbc-rh26t,container_memory_mapped_file,0.0
1741559352,kashef-k8s-w1.jaeger-5d885bcf88-stzjn,container_memory_mapped_file,786432.0
1741559352,kashef-k8s-ctl.reservation-7799998946-chd6t,container_memory_mapped_file,0.0
1741559352,kashef-k8s-w1.memcached-reserve-bdcb467b4-fpm4v,container_memory_mapped_file,614400.0
1741559352,kashef-k8s-w1.frontend-7d9d864798-n6lsm,container_memory_mapped_file,1114112.0
1741559367,kashef-k8s-ctl.memcached-rate-bcc5c97f8-xtz5g,container_memory_mapped_file,0.0
1741559367,kashef-k8s-w1.memcached-reserve-bdcb467b4-fpm4v,container_memory_mapped_file,614400.0
1741559367,kashef-k8s-w1.user-698454f8c4-pfgkk,container_memory_mapped_file,6201344.0
1741559367,kashef-k8s-w1.recommendation-6494d54897-js5nk,container_memory_mapped_file,4706304.0
1741559367,kashef-k8s-ctl.reservation-7799998946-chd6t,container_memory_mapped_file,0.0
1741559367,kashef-k8s-w1.frontend-7d9d864798-n6lsm,container_memory_mapped_file,1114112.0
1741559367,kashef-k8s-ctl.memcached-profile-7d6fcb6b8-qbcm2,container_memory_mapped_file,0.0
1741559367,kashef-k8s-ctl.rate-66d9d98f67-459fp,container_memory_mapped_file,0.0
1741559367,kashef-k8s-w1.mongodb-profile-6bb85f4df7-rfvcl,container_memory_mapped_file,2805760.0
1741559367,kashef-k8s-w1.search-8677798cf5-fsd5r,container_memory_mapped_file,966656.0
1741559367,kashef-k8s-w1.mongodb-geo-86b59b75f4-grd4s,container_memory_mapped_file,1703936.0
1741559367,kashef-k8s-w1.consul-56f5cf4f78-qrhkb,container_memory_mapped_file,14278656.0
1741559367,kashef-k8s-w1.jaeger-5d885bcf88-stzjn,container_memory_mapped_file,786432.0
1741559367,kashef-k8s-w1.mongodb-user-6d96648ddc-pkv6k,container_memory_mapped_file,589824.0
1741559367,kashef-k8s-ctl.mongodb-reservation-7b474745f-h55m7,container_memory_mapped_file,0.0
1741559367,kashef-k8s-ctl.mongodb-rate-785b799bbc-rh26t,container_memory_mapped_file,0.0
1741559367,kashef-k8s-ctl.mongodb-recommendation-59d6b7ccf9-jnrb4,container_memory_mapped_file,0.0
1741559367,kashef-k8s-w1.geo-bd9dfdb45-pmmf7,container_memory_mapped_file,4538368.0
1741559367,kashef-k8s-ctl.profile-6c9f4cc75f-gldzm,container_memory_mapped_file,0.0
1741559382,kashef-k8s-ctl.mongodb-rate-785b799bbc-rh26t,container_memory_mapped_file,0.0
1741559382,kashef-k8s-w1.user-698454f8c4-pfgkk,container_memory_mapped_file,6201344.0
1741559382,kashef-k8s-ctl.memcached-rate-bcc5c97f8-xtz5g,container_memory_mapped_file,0.0
1741559382,kashef-k8s-ctl.rate-66d9d98f67-459fp,container_memory_mapped_file,0.0
1741559382,kashef-k8s-w1.frontend-7d9d864798-n6lsm,container_memory_mapped_file,1114112.0
1741559382,kashef-k8s-w1.mongodb-user-6d96648ddc-pkv6k,container_memory_mapped_file,589824.0
1741559382,kashef-k8s-w1.jaeger-5d885bcf88-stzjn,container_memory_mapped_file,786432.0
1741559382,kashef-k8s-ctl.mongodb-reservation-7b474745f-h55m7,container_memory_mapped_file,0.0
1741559382,kashef-k8s-w1.recommendation-6494d54897-js5nk,container_memory_mapped_file,4706304.0
1741559382,kashef-k8s-w1.search-8677798cf5-fsd5r,container_memory_mapped_file,966656.0
1741559382,kashef-k8s-w1.mongodb-geo-86b59b75f4-grd4s,container_memory_mapped_file,1703936.0
1741559382,kashef-k8s-ctl.reservation-7799998946-chd6t,container_memory_mapped_file,0.0
1741559382,kashef-k8s-ctl.memcached-profile-7d6fcb6b8-qbcm2,container_memory_mapped_file,0.0
1741559382,kashef-k8s-ctl.mongodb-recommendation-59d6b7ccf9-jnrb4,container_memory_mapped_file,0.0
1741559382,kashef-k8s-w1.consul-56f5cf4f78-qrhkb,container_memory_mapped_file,14278656.0
1741559382,kashef-k8s-w1.memcached-reserve-bdcb467b4-fpm4v,container_memory_mapped_file,614400.0
1741559382,kashef-k8s-w1.mongodb-profile-6bb85f4df7-rfvcl,container_memory_mapped_file,2805760.0
1741559382,kashef-k8s-ctl.profile-6c9f4cc75f-gldzm,container_memory_mapped_file,0.0
1741559382,kashef-k8s-w1.geo-bd9dfdb45-pmmf7,container_memory_mapped_file,4538368.0
1741559397,kashef-k8s-w1.mongodb-profile-6bb85f4df7-rfvcl,container_memory_mapped_file,3375104.0
1741559397,kashef-k8s-w1.memcached-reserve-bdcb467b4-fpm4v,container_memory_mapped_file,614400.0
1741559397,kashef-k8s-ctl.memcached-profile-7d6fcb6b8-qbcm2,container_memory_mapped_file,0.0
1741559397,kashef-k8s-w1.geo-bd9dfdb45-pmmf7,container_memory_mapped_file,4440064.0
1741559397,kashef-k8s-ctl.mongodb-recommendation-59d6b7ccf9-jnrb4,container_memory_mapped_file,0.0
1741559397,kashef-k8s-w1.mongodb-user-6d96648ddc-pkv6k,container_memory_mapped_file,589824.0
1741559397,kashef-k8s-w1.consul-56f5cf4f78-qrhkb,container_memory_mapped_file,14278656.0
1741559397,kashef-k8s-ctl.reservation-7799998946-chd6t,container_memory_mapped_file,0.0
1741559397,kashef-k8s-w1.frontend-7d9d864798-n6lsm,container_memory_mapped_file,1114112.0
1741559397,kashef-k8s-ctl.mongodb-rate-785b799bbc-rh26t,container_memory_mapped_file,0.0
1741559397,kashef-k8s-ctl.rate-66d9d98f67-459fp,container_memory_mapped_file,0.0
1741559397,kashef-k8s-ctl.mongodb-reservation-7b474745f-h55m7,container_memory_mapped_file,0.0
1741559397,kashef-k8s-ctl.profile-6c9f4cc75f-gldzm,container_memory_mapped_file,0.0
1741559397,kashef-k8s-w1.jaeger-5d885bcf88-stzjn,container_memory_mapped_file,786432.0
1741559397,kashef-k8s-w1.search-8677798cf5-fsd5r,container_memory_mapped_file,3911680.0
1741559397,kashef-k8s-w1.recommendation-6494d54897-js5nk,container_memory_mapped_file,4706304.0
1741559397,kashef-k8s-w1.user-698454f8c4-pfgkk,container_memory_mapped_file,6201344.0
1741559397,kashef-k8s-ctl.memcached-rate-bcc5c97f8-xtz5g,container_memory_mapped_file,0.0
1741559397,kashef-k8s-w1.mongodb-geo-86b59b75f4-grd4s,container_memory_mapped_file,1703936.0
1741559412,kashef-k8s-w1.mongodb-user-6d96648ddc-pkv6k,container_memory_mapped_file,1552384.0
1741559412,kashef-k8s-ctl.mongodb-recommendation-59d6b7ccf9-jnrb4,container_memory_mapped_file,0.0
1741559412,kashef-k8s-w1.consul-56f5cf4f78-qrhkb,container_memory_mapped_file,8556544.0
1741559412,kashef-k8s-ctl.profile-6c9f4cc75f-gldzm,container_memory_mapped_file,0.0
1741559412,kashef-k8s-w1.mongodb-geo-86b59b75f4-grd4s,container_memory_mapped_file,1368064.0
1741559412,kashef-k8s-w1.jaeger-5d885bcf88-stzjn,container_memory_mapped_file,45056.0
1741559412,kashef-k8s-w1.search-8677798cf5-fsd5r,container_memory_mapped_file,3911680.0
1741559412,kashef-k8s-w1.recommendation-6494d54897-js5nk,container_memory_mapped_file,4530176.0
1741559412,kashef-k8s-ctl.mongodb-reservation-7b474745f-h55m7,container_memory_mapped_file,0.0
1741559412,kashef-k8s-ctl.memcached-profile-7d6fcb6b8-qbcm2,container_memory_mapped_file,0.0
1741559412,kashef-k8s-w1.mongodb-profile-6bb85f4df7-rfvcl,container_memory_mapped_file,3375104.0
1741559412,kashef-k8s-w1.memcached-reserve-bdcb467b4-fpm4v,container_memory_mapped_file,90112.0
1741559412,kashef-k8s-ctl.memcached-rate-bcc5c97f8-xtz5g,container_memory_mapped_file,0.0
1741559412,kashef-k8s-ctl.mongodb-rate-785b799bbc-rh26t,container_memory_mapped_file,0.0
1741559412,kashef-k8s-w1.frontend-7d9d864798-n6lsm,container_memory_mapped_file,2932736.0
1741559412,kashef-k8s-ctl.reservation-7799998946-chd6t,container_memory_mapped_file,0.0
1741559412,kashef-k8s-w1.user-698454f8c4-pfgkk,container_memory_mapped_file,2478080.0
1741559412,kashef-k8s-ctl.rate-66d9d98f67-459fp,container_memory_mapped_file,0.0
1741559412,kashef-k8s-w1.geo-bd9dfdb45-pmmf7,container_memory_mapped_file,4440064.0
1741559427,kashef-k8s-w1.geo-bd9dfdb45-pmmf7,container_memory_mapped_file,4440064.0
1741559427,kashef-k8s-ctl.mongodb-recommendation-59d6b7ccf9-jnrb4,container_memory_mapped_file,0.0
1741559427,kashef-k8s-ctl.memcached-rate-bcc5c97f8-xtz5g,container_memory_mapped_file,0.0
1741559427,kashef-k8s-w1.mongodb-profile-6bb85f4df7-rfvcl,container_memory_mapped_file,3375104.0
1741559427,kashef-k8s-ctl.rate-66d9d98f67-459fp,container_memory_mapped_file,0.0
1741559427,kashef-k8s-ctl.memcached-profile-7d6fcb6b8-qbcm2,container_memory_mapped_file,0.0
1741559427,kashef-k8s-ctl.reservation-7799998946-chd6t,container_memory_mapped_file,0.0
1741559427,kashef-k8s-ctl.mongodb-reservation-7b474745f-h55m7,container_memory_mapped_file,0.0
1741559427,kashef-k8s-w1.jaeger-5d885bcf88-stzjn,container_memory_mapped_file,45056.0
1741559427,kashef-k8s-w1.mongodb-geo-86b59b75f4-grd4s,container_memory_mapped_file,1368064.0
1741559427,kashef-k8s-w1.search-8677798cf5-fsd5r,container_memory_mapped_file,3911680.0
1741559427,kashef-k8s-w1.memcached-reserve-bdcb467b4-fpm4v,container_memory_mapped_file,90112.0
1741559427,kashef-k8s-w1.mongodb-user-6d96648ddc-pkv6k,container_memory_mapped_file,1552384.0
1741559427,kashef-k8s-w1.consul-56f5cf4f78-qrhkb,container_memory_mapped_file,8556544.0
1741559427,kashef-k8s-ctl.mongodb-rate-785b799bbc-rh26t,container_memory_mapped_file,0.0
1741559427,kashef-k8s-w1.recommendation-6494d54897-js5nk,container_memory_mapped_file,4530176.0
1741559427,kashef-k8s-w1.frontend-7d9d864798-n6lsm,container_memory_mapped_file,2932736.0
1741559427,kashef-k8s-w1.user-698454f8c4-pfgkk,container_memory_mapped_file,2478080.0
1741559427,kashef-k8s-ctl.profile-6c9f4cc75f-gldzm,container_memory_mapped_file,0.0
1741559442,kashef-k8s-ctl.mongodb-reservation-7b474745f-h55m7,container_memory_mapped_file,0.0
1741559442,kashef-k8s-w1.consul-56f5cf4f78-qrhkb,container_memory_mapped_file,8556544.0
1741559442,kashef-k8s-ctl.mongodb-rate-785b799bbc-rh26t,container_memory_mapped_file,0.0
1741559442,kashef-k8s-ctl.profile-6c9f4cc75f-gldzm,container_memory_mapped_file,0.0
1741559442,kashef-k8s-w1.mongodb-geo-86b59b75f4-grd4s,container_memory_mapped_file,1368064.0
1741559442,kashef-k8s-ctl.reservation-7799998946-chd6t,container_memory_mapped_file,0.0
1741559442,kashef-k8s-w1.mongodb-user-6d96648ddc-pkv6k,container_memory_mapped_file,1552384.0
1741559442,kashef-k8s-ctl.mongodb-recommendation-59d6b7ccf9-jnrb4,container_memory_mapped_file,0.0
1741559442,kashef-k8s-ctl.memcached-profile-7d6fcb6b8-qbcm2,container_memory_mapped_file,0.0
1741559442,kashef-k8s-ctl.rate-66d9d98f67-459fp,container_memory_mapped_file,0.0
1741559442,kashef-k8s-w1.mongodb-profile-6bb85f4df7-rfvcl,container_memory_mapped_file,3375104.0
1741559442,kashef-k8s-ctl.memcached-rate-bcc5c97f8-xtz5g,container_memory_mapped_file,0.0
1741559442,kashef-k8s-w1.geo-bd9dfdb45-pmmf7,container_memory_mapped_file,4440064.0
1741559442,kashef-k8s-w1.user-698454f8c4-pfgkk,container_memory_mapped_file,2478080.0
1741559442,kashef-k8s-w1.memcached-reserve-bdcb467b4-fpm4v,container_memory_mapped_file,90112.0
1741559442,kashef-k8s-w1.recommendation-6494d54897-js5nk,container_memory_mapped_file,4530176.0
1741559442,kashef-k8s-w1.jaeger-5d885bcf88-stzjn,container_memory_mapped_file,45056.0
1741559442,kashef-k8s-w1.frontend-7d9d864798-n6lsm,container_memory_mapped_file,2932736.0
1741559442,kashef-k8s-w1.search-8677798cf5-fsd5r,container_memory_mapped_file,3911680.0
1741559457,kashef-k8s-ctl.mongodb-rate-785b799bbc-rh26t,container_memory_mapped_file,0.0
1741559457,kashef-k8s-ctl.rate-66d9d98f67-459fp,container_memory_mapped_file,0.0
1741559457,kashef-k8s-ctl.memcached-rate-bcc5c97f8-xtz5g,container_memory_mapped_file,0.0
1741559457,kashef-k8s-ctl.memcached-profile-7d6fcb6b8-qbcm2,container_memory_mapped_file,0.0
1741559457,kashef-k8s-ctl.profile-6c9f4cc75f-gldzm,container_memory_mapped_file,0.0
1741559457,kashef-k8s-w1.geo-bd9dfdb45-pmmf7,container_memory_mapped_file,1892352.0
1741559457,kashef-k8s-ctl.mongodb-reservation-7b474745f-h55m7,container_memory_mapped_file,0.0
1741559457,kashef-k8s-w1.mongodb-geo-86b59b75f4-grd4s,container_memory_mapped_file,1433600.0
1741559457,kashef-k8s-w1.mongodb-profile-6bb85f4df7-rfvcl,container_memory_mapped_file,3375104.0
1741559457,kashef-k8s-w1.jaeger-5d885bcf88-stzjn,container_memory_mapped_file,45056.0
1741559457,kashef-k8s-w1.mongodb-user-6d96648ddc-pkv6k,container_memory_mapped_file,1552384.0
1741559457,kashef-k8s-ctl.reservation-7799998946-chd6t,container_memory_mapped_file,0.0
1741559457,kashef-k8s-ctl.mongodb-recommendation-59d6b7ccf9-jnrb4,container_memory_mapped_file,0.0
1741559457,kashef-k8s-w1.recommendation-6494d54897-js5nk,container_memory_mapped_file,2334720.0
1741559457,kashef-k8s-w1.search-8677798cf5-fsd5r,container_memory_mapped_file,696320.0
1741559457,kashef-k8s-w1.consul-56f5cf4f78-qrhkb,container_memory_mapped_file,15745024.0
1741559457,kashef-k8s-w1.user-698454f8c4-pfgkk,container_memory_mapped_file,4874240.0
1741559457,kashef-k8s-w1.memcached-reserve-bdcb467b4-fpm4v,container_memory_mapped_file,737280.0
1741559457,kashef-k8s-w1.frontend-7d9d864798-n6lsm,container_memory_mapped_file,1200128.0
1741559472,kashef-k8s-w1.frontend-7d9d864798-n6lsm,container_memory_mapped_file,1200128.0
1741559472,kashef-k8s-w1.recommendation-6494d54897-js5nk,container_memory_mapped_file,2334720.0
1741559472,kashef-k8s-w1.search-8677798cf5-fsd5r,container_memory_mapped_file,696320.0
1741559472,kashef-k8s-w1.mongodb-user-6d96648ddc-pkv6k,container_memory_mapped_file,1466368.0
1741559472,kashef-k8s-ctl.mongodb-rate-785b799bbc-rh26t,container_memory_mapped_file,0.0
1741559472,kashef-k8s-ctl.reservation-7799998946-chd6t,container_memory_mapped_file,0.0
1741559472,kashef-k8s-ctl.mongodb-recommendation-59d6b7ccf9-jnrb4,container_memory_mapped_file,0.0
1741559472,kashef-k8s-ctl.rate-66d9d98f67-459fp,container_memory_mapped_file,0.0
1741559472,kashef-k8s-ctl.mongodb-reservation-7b474745f-h55m7,container_memory_mapped_file,0.0
1741559472,kashef-k8s-w1.consul-56f5cf4f78-qrhkb,container_memory_mapped_file,15745024.0
1741559472,kashef-k8s-w1.mongodb-profile-6bb85f4df7-rfvcl,container_memory_mapped_file,3096576.0
1741559472,kashef-k8s-w1.jaeger-5d885bcf88-stzjn,container_memory_mapped_file,819200.0
1741559472,kashef-k8s-w1.mongodb-geo-86b59b75f4-grd4s,container_memory_mapped_file,1433600.0
1741559472,kashef-k8s-ctl.memcached-profile-7d6fcb6b8-qbcm2,container_memory_mapped_file,0.0
1741559472,kashef-k8s-ctl.memcached-rate-bcc5c97f8-xtz5g,container_memory_mapped_file,0.0
1741559472,kashef-k8s-w1.memcached-reserve-bdcb467b4-fpm4v,container_memory_mapped_file,737280.0
1741559472,kashef-k8s-ctl.profile-6c9f4cc75f-gldzm,container_memory_mapped_file,0.0
1741559472,kashef-k8s-w1.geo-bd9dfdb45-pmmf7,container_memory_mapped_file,1892352.0
1741559472,kashef-k8s-w1.user-698454f8c4-pfgkk,container_memory_mapped_file,4874240.0
1741559487,kashef-k8s-w1.recommendation-6494d54897-js5nk,container_memory_mapped_file,2334720.0
1741559487,kashef-k8s-ctl.mongodb-rate-785b799bbc-rh26t,container_memory_mapped_file,0.0
1741559487,kashef-k8s-w1.search-8677798cf5-fsd5r,container_memory_mapped_file,696320.0
1741559487,kashef-k8s-w1.mongodb-user-6d96648ddc-pkv6k,container_memory_mapped_file,1466368.0
1741559487,kashef-k8s-ctl.rate-66d9d98f67-459fp,container_memory_mapped_file,0.0
1741559487,kashef-k8s-ctl.mongodb-reservation-7b474745f-h55m7,container_memory_mapped_file,0.0
1741559487,kashef-k8s-w1.mongodb-geo-86b59b75f4-grd4s,container_memory_mapped_file,1433600.0
1741559487,kashef-k8s-ctl.reservation-7799998946-chd6t,container_memory_mapped_file,0.0
1741559487,kashef-k8s-ctl.mongodb-recommendation-59d6b7ccf9-jnrb4,container_memory_mapped_file,0.0
1741559487,kashef-k8s-w1.geo-bd9dfdb45-pmmf7,container_memory_mapped_file,1892352.0
1741559487,kashef-k8s-w1.frontend-7d9d864798-n6lsm,container_memory_mapped_file,1200128.0
1741559487,kashef-k8s-w1.consul-56f5cf4f78-qrhkb,container_memory_mapped_file,15745024.0
1741559487,kashef-k8s-w1.memcached-reserve-bdcb467b4-fpm4v,container_memory_mapped_file,737280.0
1741559487,kashef-k8s-w1.user-698454f8c4-pfgkk,container_memory_mapped_file,4874240.0
1741559487,kashef-k8s-ctl.profile-6c9f4cc75f-gldzm,container_memory_mapped_file,0.0
1741559487,kashef-k8s-w1.mongodb-profile-6bb85f4df7-rfvcl,container_memory_mapped_file,3096576.0
1741559487,kashef-k8s-w1.jaeger-5d885bcf88-stzjn,container_memory_mapped_file,819200.0
1741559487,kashef-k8s-ctl.memcached-profile-7d6fcb6b8-qbcm2,container_memory_mapped_file,0.0
1741559487,kashef-k8s-ctl.memcached-rate-bcc5c97f8-xtz5g,container_memory_mapped_file,0.0
1741559502,kashef-k8s-w1.geo-bd9dfdb45-pmmf7,container_memory_mapped_file,1892352.0
1741559502,kashef-k8s-ctl.mongodb-reservation-7b474745f-h55m7,container_memory_mapped_file,0.0
1741559502,kashef-k8s-ctl.profile-6c9f4cc75f-gldzm,container_memory_mapped_file,0.0
1741559502,kashef-k8s-ctl.memcached-rate-bcc5c97f8-xtz5g,container_memory_mapped_file,0.0
1741559502,kashef-k8s-w1.mongodb-user-6d96648ddc-pkv6k,container_memory_mapped_file,2801664.0
1741559502,kashef-k8s-w1.recommendation-6494d54897-js5nk,container_memory_mapped_file,2334720.0
1741559502,kashef-k8s-w1.consul-56f5cf4f78-qrhkb,container_memory_mapped_file,15745024.0
1741559502,kashef-k8s-ctl.mongodb-rate-785b799bbc-rh26t,container_memory_mapped_file,0.0
1741559502,kashef-k8s-w1.user-698454f8c4-pfgkk,container_memory_mapped_file,4874240.0
1741559502,kashef-k8s-ctl.memcached-profile-7d6fcb6b8-qbcm2,container_memory_mapped_file,0.0
1741559502,kashef-k8s-w1.jaeger-5d885bcf88-stzjn,container_memory_mapped_file,819200.0
1741559502,kashef-k8s-w1.search-8677798cf5-fsd5r,container_memory_mapped_file,696320.0
1741559502,kashef-k8s-ctl.mongodb-recommendation-59d6b7ccf9-jnrb4,container_memory_mapped_file,0.0
1741559502,kashef-k8s-w1.memcached-reserve-bdcb467b4-fpm4v,container_memory_mapped_file,737280.0
1741559502,kashef-k8s-w1.mongodb-geo-86b59b75f4-grd4s,container_memory_mapped_file,1433600.0
1741559502,kashef-k8s-ctl.reservation-7799998946-chd6t,container_memory_mapped_file,0.0
1741559502,kashef-k8s-w1.frontend-7d9d864798-n6lsm,container_memory_mapped_file,1200128.0
1741559502,kashef-k8s-w1.mongodb-profile-6bb85f4df7-rfvcl,container_memory_mapped_file,3096576.0
1741559502,kashef-k8s-ctl.rate-66d9d98f67-459fp,container_memory_mapped_file,0.0
1741559517,kashef-k8s-ctl.rate-66d9d98f67-459fp,container_memory_mapped_file,0.0
1741559517,kashef-k8s-w1.memcached-reserve-bdcb467b4-fpm4v,container_memory_mapped_file,749568.0
1741559517,kashef-k8s-w1.frontend-7d9d864798-n6lsm,container_memory_mapped_file,913408.0
1741559517,kashef-k8s-ctl.reservation-7799998946-chd6t,container_memory_mapped_file,0.0
1741559517,kashef-k8s-w1.user-698454f8c4-pfgkk,container_memory_mapped_file,6361088.0
1741559517,kashef-k8s-ctl.mongodb-recommendation-59d6b7ccf9-jnrb4,container_memory_mapped_file,0.0
1741559517,kashef-k8s-w1.search-8677798cf5-fsd5r,container_memory_mapped_file,3682304.0
1741559517,kashef-k8s-w1.mongodb-geo-86b59b75f4-grd4s,container_memory_mapped_file,761856.0
1741559517,kashef-k8s-w1.mongodb-profile-6bb85f4df7-rfvcl,container_memory_mapped_file,1900544.0
1741559517,kashef-k8s-w1.recommendation-6494d54897-js5nk,container_memory_mapped_file,2334720.0
1741559517,kashef-k8s-w1.jaeger-5d885bcf88-stzjn,container_memory_mapped_file,540672.0
1741559517,kashef-k8s-ctl.memcached-rate-bcc5c97f8-xtz5g,container_memory_mapped_file,0.0
1741559517,kashef-k8s-ctl.memcached-profile-7d6fcb6b8-qbcm2,container_memory_mapped_file,0.0
1741559517,kashef-k8s-w1.consul-56f5cf4f78-qrhkb,container_memory_mapped_file,14270464.0
1741559517,kashef-k8s-w1.mongodb-user-6d96648ddc-pkv6k,container_memory_mapped_file,2801664.0
1741559517,kashef-k8s-ctl.mongodb-rate-785b799bbc-rh26t,container_memory_mapped_file,0.0
1741559517,kashef-k8s-ctl.mongodb-reservation-7b474745f-h55m7,container_memory_mapped_file,0.0
1741559517,kashef-k8s-ctl.profile-6c9f4cc75f-gldzm,container_memory_mapped_file,0.0
1741559517,kashef-k8s-w1.geo-bd9dfdb45-pmmf7,container_memory_mapped_file,897024.0
1741559532,kashef-k8s-w1.recommendation-6494d54897-js5nk,container_memory_mapped_file,4554752.0
1741559532,kashef-k8s-ctl.memcached-profile-7d6fcb6b8-qbcm2,container_memory_mapped_file,0.0
1741559532,kashef-k8s-ctl.mongodb-rate-785b799bbc-rh26t,container_memory_mapped_file,0.0
1741559532,kashef-k8s-w1.mongodb-geo-86b59b75f4-grd4s,container_memory_mapped_file,761856.0
1741559532,kashef-k8s-w1.consul-56f5cf4f78-qrhkb,container_memory_mapped_file,14270464.0
1741559532,kashef-k8s-w1.mongodb-profile-6bb85f4df7-rfvcl,container_memory_mapped_file,1900544.0
1741559532,kashef-k8s-w1.user-698454f8c4-pfgkk,container_memory_mapped_file,6361088.0
1741559532,kashef-k8s-ctl.mongodb-recommendation-59d6b7ccf9-jnrb4,container_memory_mapped_file,0.0
1741559532,kashef-k8s-w1.search-8677798cf5-fsd5r,container_memory_mapped_file,3682304.0
1741559532,kashef-k8s-w1.geo-bd9dfdb45-pmmf7,container_memory_mapped_file,897024.0
1741559532,kashef-k8s-ctl.reservation-7799998946-chd6t,container_memory_mapped_file,0.0
1741559532,kashef-k8s-ctl.rate-66d9d98f67-459fp,container_memory_mapped_file,0.0
1741559532,kashef-k8s-w1.frontend-7d9d864798-n6lsm,container_memory_mapped_file,913408.0
1741559532,kashef-k8s-ctl.mongodb-reservation-7b474745f-h55m7,container_memory_mapped_file,0.0
1741559532,kashef-k8s-w1.memcached-reserve-bdcb467b4-fpm4v,container_memory_mapped_file,749568.0
1741559532,kashef-k8s-ctl.profile-6c9f4cc75f-gldzm,container_memory_mapped_file,0.0
1741559532,kashef-k8s-w1.mongodb-user-6d96648ddc-pkv6k,container_memory_mapped_file,2801664.0
1741559532,kashef-k8s-ctl.memcached-rate-bcc5c97f8-xtz5g,container_memory_mapped_file,0.0
1741559532,kashef-k8s-w1.jaeger-5d885bcf88-stzjn,container_memory_mapped_file,540672.0
1741559547,kashef-k8s-w1.search-8677798cf5-fsd5r,container_memory_mapped_file,3682304.0
1741559547,kashef-k8s-w1.mongodb-geo-86b59b75f4-grd4s,container_memory_mapped_file,761856.0
1741559547,kashef-k8s-ctl.memcached-profile-7d6fcb6b8-qbcm2,container_memory_mapped_file,0.0
1741559547,kashef-k8s-w1.frontend-7d9d864798-n6lsm,container_memory_mapped_file,913408.0
1741559547,kashef-k8s-ctl.rate-66d9d98f67-459fp,container_memory_mapped_file,0.0
1741559547,kashef-k8s-ctl.reservation-7799998946-chd6t,container_memory_mapped_file,0.0
1741559547,kashef-k8s-ctl.memcached-rate-bcc5c97f8-xtz5g,container_memory_mapped_file,0.0
1741559547,kashef-k8s-ctl.mongodb-recommendation-59d6b7ccf9-jnrb4,container_memory_mapped_file,0.0
1741559547,kashef-k8s-ctl.profile-6c9f4cc75f-gldzm,container_memory_mapped_file,0.0
1741559547,kashef-k8s-w1.mongodb-profile-6bb85f4df7-rfvcl,container_memory_mapped_file,1900544.0
1741559547,kashef-k8s-ctl.mongodb-rate-785b799bbc-rh26t,container_memory_mapped_file,0.0
1741559547,kashef-k8s-w1.user-698454f8c4-pfgkk,container_memory_mapped_file,6361088.0
1741559547,kashef-k8s-w1.geo-bd9dfdb45-pmmf7,container_memory_mapped_file,897024.0
1741559547,kashef-k8s-w1.jaeger-5d885bcf88-stzjn,container_memory_mapped_file,540672.0
1741559547,kashef-k8s-w1.consul-56f5cf4f78-qrhkb,container_memory_mapped_file,14270464.0
1741559547,kashef-k8s-w1.recommendation-6494d54897-js5nk,container_memory_mapped_file,4554752.0
1741559547,kashef-k8s-w1.mongodb-user-6d96648ddc-pkv6k,container_memory_mapped_file,2801664.0
1741559547,kashef-k8s-ctl.mongodb-reservation-7b474745f-h55m7,container_memory_mapped_file,0.0
1741559547,kashef-k8s-w1.memcached-reserve-bdcb467b4-fpm4v,container_memory_mapped_file,749568.0
1741559562,kashef-k8s-w1.search-8677798cf5-fsd5r,container_memory_mapped_file,3682304.0
1741559562,kashef-k8s-w1.memcached-reserve-bdcb467b4-fpm4v,container_memory_mapped_file,749568.0
1741559562,kashef-k8s-ctl.mongodb-reservation-7b474745f-h55m7,container_memory_mapped_file,0.0
1741559562,kashef-k8s-ctl.rate-66d9d98f67-459fp,container_memory_mapped_file,0.0
1741559562,kashef-k8s-w1.mongodb-profile-6bb85f4df7-rfvcl,container_memory_mapped_file,1900544.0
1741559562,kashef-k8s-ctl.memcached-profile-7d6fcb6b8-qbcm2,container_memory_mapped_file,0.0
1741559562,kashef-k8s-ctl.reservation-7799998946-chd6t,container_memory_mapped_file,0.0
1741559562,kashef-k8s-ctl.profile-6c9f4cc75f-gldzm,container_memory_mapped_file,0.0
1741559562,kashef-k8s-w1.mongodb-geo-86b59b75f4-grd4s,container_memory_mapped_file,761856.0
1741559562,kashef-k8s-ctl.mongodb-rate-785b799bbc-rh26t,container_memory_mapped_file,0.0
1741559562,kashef-k8s-w1.consul-56f5cf4f78-qrhkb,container_memory_mapped_file,14270464.0
1741559562,kashef-k8s-w1.recommendation-6494d54897-js5nk,container_memory_mapped_file,4554752.0
1741559562,kashef-k8s-ctl.mongodb-recommendation-59d6b7ccf9-jnrb4,container_memory_mapped_file,0.0
1741559562,kashef-k8s-w1.mongodb-user-6d96648ddc-pkv6k,container_memory_mapped_file,2801664.0
1741559562,kashef-k8s-ctl.memcached-rate-bcc5c97f8-xtz5g,container_memory_mapped_file,0.0
1741559562,kashef-k8s-w1.jaeger-5d885bcf88-stzjn,container_memory_mapped_file,540672.0
1741559562,kashef-k8s-w1.geo-bd9dfdb45-pmmf7,container_memory_mapped_file,897024.0
1741559562,kashef-k8s-w1.frontend-7d9d864798-n6lsm,container_memory_mapped_file,913408.0
1741559562,kashef-k8s-w1.user-698454f8c4-pfgkk,container_memory_mapped_file,6361088.0
1741559577,kashef-k8s-ctl.memcached-profile-7d6fcb6b8-qbcm2,container_memory_mapped_file,0.0
1741559577,kashef-k8s-ctl.profile-6c9f4cc75f-gldzm,container_memory_mapped_file,0.0
1741559577,kashef-k8s-ctl.reservation-7799998946-chd6t,container_memory_mapped_file,0.0
1741559577,kashef-k8s-w1.search-8677798cf5-fsd5r,container_memory_mapped_file,671744.0
1741559577,kashef-k8s-w1.mongodb-profile-6bb85f4df7-rfvcl,container_memory_mapped_file,5251072.0
1741559577,kashef-k8s-ctl.mongodb-recommendation-59d6b7ccf9-jnrb4,container_memory_mapped_file,0.0
1741559577,kashef-k8s-w1.mongodb-geo-86b59b75f4-grd4s,container_memory_mapped_file,761856.0
1741559577,kashef-k8s-w1.jaeger-5d885bcf88-stzjn,container_memory_mapped_file,1495040.0
1741559577,kashef-k8s-ctl.rate-66d9d98f67-459fp,container_memory_mapped_file,0.0
1741559577,kashef-k8s-ctl.memcached-rate-bcc5c97f8-xtz5g,container_memory_mapped_file,0.0
1741559577,kashef-k8s-ctl.mongodb-reservation-7b474745f-h55m7,container_memory_mapped_file,0.0
1741559577,kashef-k8s-w1.memcached-reserve-bdcb467b4-fpm4v,container_memory_mapped_file,724992.0
1741559577,kashef-k8s-w1.recommendation-6494d54897-js5nk,container_memory_mapped_file,2543616.0
1741559577,kashef-k8s-w1.consul-56f5cf4f78-qrhkb,container_memory_mapped_file,14647296.0
1741559577,kashef-k8s-w1.mongodb-user-6d96648ddc-pkv6k,container_memory_mapped_file,2801664.0
1741559577,kashef-k8s-ctl.mongodb-rate-785b799bbc-rh26t,container_memory_mapped_file,0.0
1741559577,kashef-k8s-w1.user-698454f8c4-pfgkk,container_memory_mapped_file,4710400.0
1741559577,kashef-k8s-w1.geo-bd9dfdb45-pmmf7,container_memory_mapped_file,2224128.0
1741559577,kashef-k8s-w1.frontend-7d9d864798-n6lsm,container_memory_mapped_file,913408.0
1741559592,kashef-k8s-w1.frontend-7d9d864798-n6lsm,container_memory_mapped_file,1032192.0
1741559592,kashef-k8s-ctl.mongodb-reservation-7b474745f-h55m7,container_memory_mapped_file,0.0
1741559592,kashef-k8s-w1.mongodb-profile-6bb85f4df7-rfvcl,container_memory_mapped_file,5251072.0
1741559592,kashef-k8s-w1.user-698454f8c4-pfgkk,container_memory_mapped_file,4710400.0
1741559592,kashef-k8s-w1.mongodb-user-6d96648ddc-pkv6k,container_memory_mapped_file,1966080.0
1741559592,kashef-k8s-ctl.mongodb-rate-785b799bbc-rh26t,container_memory_mapped_file,0.0
1741559592,kashef-k8s-w1.geo-bd9dfdb45-pmmf7,container_memory_mapped_file,2224128.0
1741559592,kashef-k8s-w1.consul-56f5cf4f78-qrhkb,container_memory_mapped_file,14647296.0
1741559592,kashef-k8s-w1.recommendation-6494d54897-js5nk,container_memory_mapped_file,2543616.0
1741559592,kashef-k8s-w1.mongodb-geo-86b59b75f4-grd4s,container_memory_mapped_file,2658304.0
1741559592,kashef-k8s-ctl.memcached-rate-bcc5c97f8-xtz5g,container_memory_mapped_file,0.0
1741559592,kashef-k8s-ctl.reservation-7799998946-chd6t,container_memory_mapped_file,0.0
1741559592,kashef-k8s-w1.memcached-reserve-bdcb467b4-fpm4v,container_memory_mapped_file,724992.0
1741559592,kashef-k8s-ctl.profile-6c9f4cc75f-gldzm,container_memory_mapped_file,0.0
1741559592,kashef-k8s-w1.jaeger-5d885bcf88-stzjn,container_memory_mapped_file,1495040.0
1741559592,kashef-k8s-ctl.rate-66d9d98f67-459fp,container_memory_mapped_file,0.0
1741559592,kashef-k8s-w1.search-8677798cf5-fsd5r,container_memory_mapped_file,671744.0
1741559592,kashef-k8s-ctl.mongodb-recommendation-59d6b7ccf9-jnrb4,container_memory_mapped_file,0.0
1741559592,kashef-k8s-ctl.memcached-profile-7d6fcb6b8-qbcm2,container_memory_mapped_file,0.0
1741559607,kashef-k8s-ctl.mongodb-rate-785b799bbc-rh26t,container_memory_mapped_file,0.0
1741559607,kashef-k8s-ctl.memcached-rate-bcc5c97f8-xtz5g,container_memory_mapped_file,0.0
1741559607,kashef-k8s-w1.user-698454f8c4-pfgkk,container_memory_mapped_file,4710400.0
1741559607,kashef-k8s-ctl.memcached-profile-7d6fcb6b8-qbcm2,container_memory_mapped_file,0.0
1741559607,kashef-k8s-w1.memcached-reserve-bdcb467b4-fpm4v,container_memory_mapped_file,724992.0
1741559607,kashef-k8s-w1.recommendation-6494d54897-js5nk,container_memory_mapped_file,2543616.0
1741559607,kashef-k8s-w1.mongodb-geo-86b59b75f4-grd4s,container_memory_mapped_file,2658304.0
1741559607,kashef-k8s-w1.consul-56f5cf4f78-qrhkb,container_memory_mapped_file,14647296.0
1741559607,kashef-k8s-w1.mongodb-profile-6bb85f4df7-rfvcl,container_memory_mapped_file,5251072.0
1741559607,kashef-k8s-ctl.profile-6c9f4cc75f-gldzm,container_memory_mapped_file,0.0
1741559607,kashef-k8s-w1.geo-bd9dfdb45-pmmf7,container_memory_mapped_file,2224128.0
1741559607,kashef-k8s-ctl.mongodb-reservation-7b474745f-h55m7,container_memory_mapped_file,0.0
1741559607,kashef-k8s-w1.frontend-7d9d864798-n6lsm,container_memory_mapped_file,1032192.0
1741559607,kashef-k8s-w1.search-8677798cf5-fsd5r,container_memory_mapped_file,671744.0
1741559607,kashef-k8s-ctl.mongodb-recommendation-59d6b7ccf9-jnrb4,container_memory_mapped_file,0.0
1741559607,kashef-k8s-w1.mongodb-user-6d96648ddc-pkv6k,container_memory_mapped_file,1966080.0
1741559607,kashef-k8s-ctl.reservation-7799998946-chd6t,container_memory_mapped_file,0.0
1741559607,kashef-k8s-w1.jaeger-5d885bcf88-stzjn,container_memory_mapped_file,1495040.0
1741559607,kashef-k8s-ctl.rate-66d9d98f67-459fp,container_memory_mapped_file,0.0
1741559622,kashef-k8s-w1.mongodb-geo-86b59b75f4-grd4s,container_memory_mapped_file,2658304.0
1741559622,kashef-k8s-w1.recommendation-6494d54897-js5nk,container_memory_mapped_file,2543616.0
1741559622,kashef-k8s-ctl.mongodb-reservation-7b474745f-h55m7,container_memory_mapped_file,0.0
1741559622,kashef-k8s-ctl.profile-6c9f4cc75f-gldzm,container_memory_mapped_file,0.0
1741559622,kashef-k8s-ctl.memcached-rate-bcc5c97f8-xtz5g,container_memory_mapped_file,0.0
1741559622,kashef-k8s-ctl.rate-66d9d98f67-459fp,container_memory_mapped_file,0.0
1741559622,kashef-k8s-ctl.mongodb-rate-785b799bbc-rh26t,container_memory_mapped_file,0.0
1741559622,kashef-k8s-w1.user-698454f8c4-pfgkk,container_memory_mapped_file,4710400.0
1741559622,kashef-k8s-w1.consul-56f5cf4f78-qrhkb,container_memory_mapped_file,14647296.0
1741559622,kashef-k8s-w1.geo-bd9dfdb45-pmmf7,container_memory_mapped_file,2224128.0
1741559622,kashef-k8s-w1.memcached-reserve-bdcb467b4-fpm4v,container_memory_mapped_file,724992.0
1741559622,kashef-k8s-ctl.reservation-7799998946-chd6t,container_memory_mapped_file,0.0
1741559622,kashef-k8s-w1.jaeger-5d885bcf88-stzjn,container_memory_mapped_file,1495040.0
1741559622,kashef-k8s-w1.mongodb-user-6d96648ddc-pkv6k,container_memory_mapped_file,1966080.0
1741559622,kashef-k8s-ctl.memcached-profile-7d6fcb6b8-qbcm2,container_memory_mapped_file,0.0
1741559622,kashef-k8s-ctl.mongodb-recommendation-59d6b7ccf9-jnrb4,container_memory_mapped_file,0.0
1741559622,kashef-k8s-w1.search-8677798cf5-fsd5r,container_memory_mapped_file,671744.0
1741559622,kashef-k8s-w1.mongodb-profile-6bb85f4df7-rfvcl,container_memory_mapped_file,5251072.0
1741559622,kashef-k8s-w1.frontend-7d9d864798-n6lsm,container_memory_mapped_file,1032192.0
1741559637,kashef-k8s-w1.mongodb-profile-6bb85f4df7-rfvcl,container_memory_mapped_file,1474560.0
1741559637,kashef-k8s-w1.frontend-7d9d864798-n6lsm,container_memory_mapped_file,1032192.0
1741559637,kashef-k8s-w1.geo-bd9dfdb45-pmmf7,container_memory_mapped_file,2224128.0
1741559637,kashef-k8s-ctl.mongodb-reservation-7b474745f-h55m7,container_memory_mapped_file,0.0
1741559637,kashef-k8s-w1.memcached-reserve-bdcb467b4-fpm4v,container_memory_mapped_file,724992.0
1741559637,kashef-k8s-w1.mongodb-user-6d96648ddc-pkv6k,container_memory_mapped_file,1859584.0
1741559637,kashef-k8s-w1.user-698454f8c4-pfgkk,container_memory_mapped_file,6848512.0
1741559637,kashef-k8s-w1.recommendation-6494d54897-js5nk,container_memory_mapped_file,2543616.0
1741559637,kashef-k8s-ctl.mongodb-recommendation-59d6b7ccf9-jnrb4,container_memory_mapped_file,0.0
1741559637,kashef-k8s-w1.mongodb-geo-86b59b75f4-grd4s,container_memory_mapped_file,2269184.0
1741559637,kashef-k8s-ctl.mongodb-rate-785b799bbc-rh26t,container_memory_mapped_file,0.0
1741559637,kashef-k8s-ctl.rate-66d9d98f67-459fp,container_memory_mapped_file,0.0
1741559637,kashef-k8s-ctl.memcached-rate-bcc5c97f8-xtz5g,container_memory_mapped_file,0.0
1741559637,kashef-k8s-ctl.memcached-profile-7d6fcb6b8-qbcm2,container_memory_mapped_file,0.0
1741559637,kashef-k8s-w1.jaeger-5d885bcf88-stzjn,container_memory_mapped_file,5976064.0
1741559637,kashef-k8s-ctl.reservation-7799998946-chd6t,container_memory_mapped_file,0.0
1741559637,kashef-k8s-ctl.profile-6c9f4cc75f-gldzm,container_memory_mapped_file,0.0
1741559637,kashef-k8s-w1.search-8677798cf5-fsd5r,container_memory_mapped_file,659456.0
1741559637,kashef-k8s-w1.consul-56f5cf4f78-qrhkb,container_memory_mapped_file,18157568.0
1741559652,kashef-k8s-w1.geo-bd9dfdb45-pmmf7,container_memory_mapped_file,4501504.0
1741559652,kashef-k8s-ctl.mongodb-reservation-7b474745f-h55m7,container_memory_mapped_file,0.0
1741559652,kashef-k8s-w1.memcached-reserve-bdcb467b4-fpm4v,container_memory_mapped_file,741376.0
1741559652,kashef-k8s-w1.mongodb-user-6d96648ddc-pkv6k,container_memory_mapped_file,1859584.0
1741559652,kashef-k8s-w1.mongodb-profile-6bb85f4df7-rfvcl,container_memory_mapped_file,1474560.0
1741559652,kashef-k8s-w1.consul-56f5cf4f78-qrhkb,container_memory_mapped_file,18157568.0
1741559652,kashef-k8s-w1.jaeger-5d885bcf88-stzjn,container_memory_mapped_file,5976064.0
1741559652,kashef-k8s-ctl.reservation-7799998946-chd6t,container_memory_mapped_file,0.0
1741559652,kashef-k8s-ctl.memcached-profile-7d6fcb6b8-qbcm2,container_memory_mapped_file,0.0
1741559652,kashef-k8s-ctl.mongodb-rate-785b799bbc-rh26t,container_memory_mapped_file,0.0
1741559652,kashef-k8s-w1.frontend-7d9d864798-n6lsm,container_memory_mapped_file,2928640.0
1741559652,kashef-k8s-w1.recommendation-6494d54897-js5nk,container_memory_mapped_file,458752.0
1741559652,kashef-k8s-ctl.mongodb-recommendation-59d6b7ccf9-jnrb4,container_memory_mapped_file,0.0
1741559652,kashef-k8s-ctl.memcached-rate-bcc5c97f8-xtz5g,container_memory_mapped_file,0.0
1741559652,kashef-k8s-ctl.rate-66d9d98f67-459fp,container_memory_mapped_file,0.0
1741559652,kashef-k8s-w1.mongodb-geo-86b59b75f4-grd4s,container_memory_mapped_file,2269184.0
1741559652,kashef-k8s-ctl.profile-6c9f4cc75f-gldzm,container_memory_mapped_file,0.0
1741559652,kashef-k8s-w1.user-698454f8c4-pfgkk,container_memory_mapped_file,6848512.0
1741559652,kashef-k8s-w1.search-8677798cf5-fsd5r,container_memory_mapped_file,659456.0
1741559667,kashef-k8s-w1.search-8677798cf5-fsd5r,container_memory_mapped_file,659456.0
1741559667,kashef-k8s-ctl.memcached-rate-bcc5c97f8-xtz5g,container_memory_mapped_file,0.0
1741559667,kashef-k8s-ctl.rate-66d9d98f67-459fp,container_memory_mapped_file,0.0
1741559667,kashef-k8s-w1.user-698454f8c4-pfgkk,container_memory_mapped_file,6848512.0
1741559667,kashef-k8s-w1.geo-bd9dfdb45-pmmf7,container_memory_mapped_file,4501504.0
1741559667,kashef-k8s-w1.consul-56f5cf4f78-qrhkb,container_memory_mapped_file,18157568.0
1741559667,kashef-k8s-w1.mongodb-geo-86b59b75f4-grd4s,container_memory_mapped_file,2269184.0
1741559667,kashef-k8s-ctl.mongodb-rate-785b799bbc-rh26t,container_memory_mapped_file,0.0
1741559667,kashef-k8s-ctl.memcached-profile-7d6fcb6b8-qbcm2,container_memory_mapped_file,0.0
1741559667,kashef-k8s-w1.jaeger-5d885bcf88-stzjn,container_memory_mapped_file,5976064.0
1741559667,kashef-k8s-w1.mongodb-profile-6bb85f4df7-rfvcl,container_memory_mapped_file,1474560.0
1741559667,kashef-k8s-ctl.profile-6c9f4cc75f-gldzm,container_memory_mapped_file,0.0
1741559667,kashef-k8s-w1.memcached-reserve-bdcb467b4-fpm4v,container_memory_mapped_file,741376.0
1741559667,kashef-k8s-ctl.reservation-7799998946-chd6t,container_memory_mapped_file,0.0
1741559667,kashef-k8s-w1.recommendation-6494d54897-js5nk,container_memory_mapped_file,458752.0
1741559667,kashef-k8s-ctl.mongodb-recommendation-59d6b7ccf9-jnrb4,container_memory_mapped_file,0.0
1741559667,kashef-k8s-w1.mongodb-user-6d96648ddc-pkv6k,container_memory_mapped_file,1859584.0
1741559667,kashef-k8s-ctl.mongodb-reservation-7b474745f-h55m7,container_memory_mapped_file,0.0
1741559667,kashef-k8s-w1.frontend-7d9d864798-n6lsm,container_memory_mapped_file,2928640.0
1741559682,kashef-k8s-w1.consul-56f5cf4f78-qrhkb,container_memory_mapped_file,18157568.0
1741559682,kashef-k8s-w1.mongodb-geo-86b59b75f4-grd4s,container_memory_mapped_file,2269184.0
1741559682,kashef-k8s-w1.mongodb-profile-6bb85f4df7-rfvcl,container_memory_mapped_file,1474560.0
1741559682,kashef-k8s-w1.memcached-reserve-bdcb467b4-fpm4v,container_memory_mapped_file,741376.0
1741559682,kashef-k8s-ctl.mongodb-rate-785b799bbc-rh26t,container_memory_mapped_file,0.0
1741559682,kashef-k8s-w1.jaeger-5d885bcf88-stzjn,container_memory_mapped_file,5976064.0
1741559682,kashef-k8s-w1.geo-bd9dfdb45-pmmf7,container_memory_mapped_file,4501504.0
1741559682,kashef-k8s-ctl.memcached-rate-bcc5c97f8-xtz5g,container_memory_mapped_file,0.0
1741559682,kashef-k8s-ctl.rate-66d9d98f67-459fp,container_memory_mapped_file,0.0
1741559682,kashef-k8s-w1.user-698454f8c4-pfgkk,container_memory_mapped_file,6848512.0
1741559682,kashef-k8s-ctl.mongodb-recommendation-59d6b7ccf9-jnrb4,container_memory_mapped_file,0.0
1741559682,kashef-k8s-ctl.mongodb-reservation-7b474745f-h55m7,container_memory_mapped_file,0.0
1741559682,kashef-k8s-w1.search-8677798cf5-fsd5r,container_memory_mapped_file,659456.0
1741559682,kashef-k8s-w1.mongodb-user-6d96648ddc-pkv6k,container_memory_mapped_file,1859584.0
1741559682,kashef-k8s-w1.recommendation-6494d54897-js5nk,container_memory_mapped_file,458752.0
1741559682,kashef-k8s-ctl.reservation-7799998946-chd6t,container_memory_mapped_file,0.0
1741559682,kashef-k8s-w1.frontend-7d9d864798-n6lsm,container_memory_mapped_file,2928640.0
1741559682,kashef-k8s-ctl.profile-6c9f4cc75f-gldzm,container_memory_mapped_file,0.0
1741559682,kashef-k8s-ctl.memcached-profile-7d6fcb6b8-qbcm2,container_memory_mapped_file,0.0
1741559697,kashef-k8s-w1.consul-56f5cf4f78-qrhkb,container_memory_mapped_file,18157568.0
1741559697,kashef-k8s-w1.geo-bd9dfdb45-pmmf7,container_memory_mapped_file,4501504.0
1741559697,kashef-k8s-w1.frontend-7d9d864798-n6lsm,container_memory_mapped_file,2928640.0
1741559697,kashef-k8s-ctl.mongodb-recommendation-59d6b7ccf9-jnrb4,container_memory_mapped_file,0.0
1741559697,kashef-k8s-w1.mongodb-user-6d96648ddc-pkv6k,container_memory_mapped_file,1859584.0
1741559697,kashef-k8s-ctl.rate-66d9d98f67-459fp,container_memory_mapped_file,0.0
1741559697,kashef-k8s-ctl.mongodb-rate-785b799bbc-rh26t,container_memory_mapped_file,0.0
1741559697,kashef-k8s-w1.search-8677798cf5-fsd5r,container_memory_mapped_file,659456.0
1741559697,kashef-k8s-w1.user-698454f8c4-pfgkk,container_memory_mapped_file,6848512.0
1741559697,kashef-k8s-ctl.memcached-rate-bcc5c97f8-xtz5g,container_memory_mapped_file,0.0
1741559697,kashef-k8s-w1.jaeger-5d885bcf88-stzjn,container_memory_mapped_file,5976064.0
1741559697,kashef-k8s-ctl.profile-6c9f4cc75f-gldzm,container_memory_mapped_file,0.0
1741559697,kashef-k8s-w1.mongodb-geo-86b59b75f4-grd4s,container_memory_mapped_file,2269184.0
1741559697,kashef-k8s-w1.memcached-reserve-bdcb467b4-fpm4v,container_memory_mapped_file,741376.0
1741559697,kashef-k8s-ctl.reservation-7799998946-chd6t,container_memory_mapped_file,0.0
1741559697,kashef-k8s-ctl.memcached-profile-7d6fcb6b8-qbcm2,container_memory_mapped_file,0.0
1741559697,kashef-k8s-w1.recommendation-6494d54897-js5nk,container_memory_mapped_file,458752.0
1741559697,kashef-k8s-w1.mongodb-profile-6bb85f4df7-rfvcl,container_memory_mapped_file,1474560.0
1741559697,kashef-k8s-ctl.mongodb-reservation-7b474745f-h55m7,container_memory_mapped_file,0.0
