timestamp,cmdb_id,kpi_name,value
1741558797,kashef-k8s-w1.jaeger-5d885bcf88-stzjn,container_cpu_cfs_throttled_periods_total,0.0
1741558797,kashef-k8s-ctl.reservation-7799998946-chd6t,container_cpu_cfs_throttled_periods_total,0.0
1741558797,kashef-k8s-ctl.mongodb-recommendation-59d6b7ccf9-jnrb4,container_cpu_cfs_throttled_periods_total,3.0
1741558797,kashef-k8s-w1.search-8677798cf5-fsd5r,container_cpu_cfs_throttled_periods_total,0.0
1741558797,kashef-k8s-ctl.mongodb-rate-785b799bbc-rh26t,container_cpu_cfs_throttled_periods_total,0.0
1741558797,kashef-k8s-w1.mongodb-user-6d96648ddc-pkv6k,container_cpu_cfs_throttled_periods_total,0.0
1741558797,kashef-k8s-ctl.rate-66d9d98f67-459fp,container_cpu_cfs_throttled_periods_total,0.0
1741558797,kashef-k8s-ctl.mongodb-reservation-7b474745f-h55m7,container_cpu_cfs_throttled_periods_total,1.0
1741558797,kashef-k8s-ctl.memcached-profile-7d6fcb6b8-qbcm2,container_cpu_cfs_throttled_periods_total,0.0
1741558797,kashef-k8s-w1.memcached-reserve-bdcb467b4-fpm4v,container_cpu_cfs_throttled_periods_total,0.0
1741558797,kashef-k8s-w1.mongodb-profile-6bb85f4df7-rfvcl,container_cpu_cfs_throttled_periods_total,4.0
1741558797,kashef-k8s-w1.mongodb-geo-86b59b75f4-grd4s,container_cpu_cfs_throttled_periods_total,0.0
1741558797,kashef-k8s-w1.frontend-7d9d864798-n6lsm,container_cpu_cfs_throttled_periods_total,0.0
1741558812,kashef-k8s-ctl.profile-6c9f4cc75f-gldzm,container_cpu_cfs_throttled_periods_total,0.0
1741558812,kashef-k8s-w1.consul-56f5cf4f78-qrhkb,container_cpu_cfs_throttled_periods_total,0.0
1741558812,kashef-k8s-w1.geo-bd9dfdb45-pmmf7,container_cpu_cfs_throttled_periods_total,0.0
1741558812,kashef-k8s-ctl.mongodb-rate-785b799bbc-rh26t,container_cpu_cfs_throttled_periods_total,0.0
1741558812,kashef-k8s-w1.search-8677798cf5-fsd5r,container_cpu_cfs_throttled_periods_total,0.0
1741558812,kashef-k8s-ctl.memcached-rate-bcc5c97f8-xtz5g,container_cpu_cfs_throttled_periods_total,0.0
1741558812,kashef-k8s-ctl.rate-66d9d98f67-459fp,container_cpu_cfs_throttled_periods_total,0.0
1741558812,kashef-k8s-w1.mongodb-profile-6bb85f4df7-rfvcl,container_cpu_cfs_throttled_periods_total,4.0
1741558812,kashef-k8s-w1.user-698454f8c4-pfgkk,container_cpu_cfs_throttled_periods_total,290.0
1741558812,kashef-k8s-ctl.mongodb-reservation-7b474745f-h55m7,container_cpu_cfs_throttled_periods_total,1.0
1741558812,kashef-k8s-w1.frontend-7d9d864798-n6lsm,container_cpu_cfs_throttled_periods_total,0.0
1741558812,kashef-k8s-w1.jaeger-5d885bcf88-stzjn,container_cpu_cfs_throttled_periods_total,0.0
1741558812,kashef-k8s-ctl.mongodb-recommendation-59d6b7ccf9-jnrb4,container_cpu_cfs_throttled_periods_total,3.0
1741558812,kashef-k8s-ctl.memcached-profile-7d6fcb6b8-qbcm2,container_cpu_cfs_throttled_periods_total,0.0
1741558812,kashef-k8s-w1.mongodb-user-6d96648ddc-pkv6k,container_cpu_cfs_throttled_periods_total,0.0
1741558812,kashef-k8s-ctl.reservation-7799998946-chd6t,container_cpu_cfs_throttled_periods_total,0.0
1741558812,kashef-k8s-w1.mongodb-geo-86b59b75f4-grd4s,container_cpu_cfs_throttled_periods_total,0.0
1741558812,kashef-k8s-w1.memcached-reserve-bdcb467b4-fpm4v,container_cpu_cfs_throttled_periods_total,0.0
1741558812,kashef-k8s-w1.recommendation-6494d54897-js5nk,container_cpu_cfs_throttled_periods_total,0.0
1741558827,kashef-k8s-w1.mongodb-geo-86b59b75f4-grd4s,container_cpu_cfs_throttled_periods_total,0.0
1741558827,kashef-k8s-w1.memcached-reserve-bdcb467b4-fpm4v,container_cpu_cfs_throttled_periods_total,0.0
1741558827,kashef-k8s-w1.mongodb-user-6d96648ddc-pkv6k,container_cpu_cfs_throttled_periods_total,0.0
1741558827,kashef-k8s-ctl.reservation-7799998946-chd6t,container_cpu_cfs_throttled_periods_total,0.0
1741558827,kashef-k8s-ctl.mongodb-reservation-7b474745f-h55m7,container_cpu_cfs_throttled_periods_total,1.0
1741558827,kashef-k8s-w1.frontend-7d9d864798-n6lsm,container_cpu_cfs_throttled_periods_total,0.0
1741558827,kashef-k8s-ctl.profile-6c9f4cc75f-gldzm,container_cpu_cfs_throttled_periods_total,0.0
1741558827,kashef-k8s-ctl.mongodb-recommendation-59d6b7ccf9-jnrb4,container_cpu_cfs_throttled_periods_total,3.0
1741558827,kashef-k8s-ctl.rate-66d9d98f67-459fp,container_cpu_cfs_throttled_periods_total,0.0
1741558827,kashef-k8s-w1.consul-56f5cf4f78-qrhkb,container_cpu_cfs_throttled_periods_total,0.0
1741558827,kashef-k8s-w1.geo-bd9dfdb45-pmmf7,container_cpu_cfs_throttled_periods_total,0.0
1741558827,kashef-k8s-w1.search-8677798cf5-fsd5r,container_cpu_cfs_throttled_periods_total,0.0
1741558827,kashef-k8s-w1.mongodb-profile-6bb85f4df7-rfvcl,container_cpu_cfs_throttled_periods_total,4.0
1741558827,kashef-k8s-ctl.memcached-rate-bcc5c97f8-xtz5g,container_cpu_cfs_throttled_periods_total,0.0
1741558827,kashef-k8s-ctl.mongodb-rate-785b799bbc-rh26t,container_cpu_cfs_throttled_periods_total,0.0
1741558827,kashef-k8s-ctl.memcached-profile-7d6fcb6b8-qbcm2,container_cpu_cfs_throttled_periods_total,0.0
1741558827,kashef-k8s-w1.jaeger-5d885bcf88-stzjn,container_cpu_cfs_throttled_periods_total,0.0
1741558827,kashef-k8s-w1.user-698454f8c4-pfgkk,container_cpu_cfs_throttled_periods_total,290.0
1741558827,kashef-k8s-w1.recommendation-6494d54897-js5nk,container_cpu_cfs_throttled_periods_total,0.0
1741558842,kashef-k8s-ctl.mongodb-reservation-7b474745f-h55m7,container_cpu_cfs_throttled_periods_total,1.0
1741558842,kashef-k8s-w1.memcached-reserve-bdcb467b4-fpm4v,container_cpu_cfs_throttled_periods_total,0.0
1741558842,kashef-k8s-ctl.profile-6c9f4cc75f-gldzm,container_cpu_cfs_throttled_periods_total,0.0
1741558842,kashef-k8s-w1.mongodb-user-6d96648ddc-pkv6k,container_cpu_cfs_throttled_periods_total,0.0
1741558842,kashef-k8s-ctl.mongodb-recommendation-59d6b7ccf9-jnrb4,container_cpu_cfs_throttled_periods_total,3.0
1741558842,kashef-k8s-w1.search-8677798cf5-fsd5r,container_cpu_cfs_throttled_periods_total,0.0
1741558842,kashef-k8s-ctl.memcached-rate-bcc5c97f8-xtz5g,container_cpu_cfs_throttled_periods_total,0.0
1741558842,kashef-k8s-w1.frontend-7d9d864798-n6lsm,container_cpu_cfs_throttled_periods_total,0.0
1741558842,kashef-k8s-ctl.mongodb-rate-785b799bbc-rh26t,container_cpu_cfs_throttled_periods_total,0.0
1741558842,kashef-k8s-ctl.memcached-profile-7d6fcb6b8-qbcm2,container_cpu_cfs_throttled_periods_total,0.0
1741558842,kashef-k8s-w1.geo-bd9dfdb45-pmmf7,container_cpu_cfs_throttled_periods_total,0.0
1741558842,kashef-k8s-ctl.reservation-7799998946-chd6t,container_cpu_cfs_throttled_periods_total,0.0
1741558842,kashef-k8s-w1.user-698454f8c4-pfgkk,container_cpu_cfs_throttled_periods_total,290.0
1741558842,kashef-k8s-w1.mongodb-geo-86b59b75f4-grd4s,container_cpu_cfs_throttled_periods_total,0.0
1741558842,kashef-k8s-w1.consul-56f5cf4f78-qrhkb,container_cpu_cfs_throttled_periods_total,0.0
1741558842,kashef-k8s-ctl.rate-66d9d98f67-459fp,container_cpu_cfs_throttled_periods_total,0.0
1741558842,kashef-k8s-w1.mongodb-profile-6bb85f4df7-rfvcl,container_cpu_cfs_throttled_periods_total,4.0
1741558842,kashef-k8s-w1.recommendation-6494d54897-js5nk,container_cpu_cfs_throttled_periods_total,0.0
1741558842,kashef-k8s-w1.jaeger-5d885bcf88-stzjn,container_cpu_cfs_throttled_periods_total,0.0
1741558857,kashef-k8s-w1.jaeger-5d885bcf88-stzjn,container_cpu_cfs_throttled_periods_total,0.0
1741558857,kashef-k8s-w1.consul-56f5cf4f78-qrhkb,container_cpu_cfs_throttled_periods_total,0.0
1741558857,kashef-k8s-ctl.memcached-rate-bcc5c97f8-xtz5g,container_cpu_cfs_throttled_periods_total,0.0
1741558857,kashef-k8s-ctl.mongodb-recommendation-59d6b7ccf9-jnrb4,container_cpu_cfs_throttled_periods_total,3.0
1741558857,kashef-k8s-w1.search-8677798cf5-fsd5r,container_cpu_cfs_throttled_periods_total,0.0
1741558857,kashef-k8s-w1.mongodb-user-6d96648ddc-pkv6k,container_cpu_cfs_throttled_periods_total,0.0
1741558857,kashef-k8s-ctl.mongodb-reservation-7b474745f-h55m7,container_cpu_cfs_throttled_periods_total,1.0
1741558857,kashef-k8s-w1.frontend-7d9d864798-n6lsm,container_cpu_cfs_throttled_periods_total,0.0
1741558857,kashef-k8s-ctl.memcached-profile-7d6fcb6b8-qbcm2,container_cpu_cfs_throttled_periods_total,0.0
1741558857,kashef-k8s-ctl.profile-6c9f4cc75f-gldzm,container_cpu_cfs_throttled_periods_total,0.0
1741558857,kashef-k8s-ctl.mongodb-rate-785b799bbc-rh26t,container_cpu_cfs_throttled_periods_total,0.0
1741558857,kashef-k8s-w1.mongodb-geo-86b59b75f4-grd4s,container_cpu_cfs_throttled_periods_total,0.0
1741558857,kashef-k8s-w1.memcached-reserve-bdcb467b4-fpm4v,container_cpu_cfs_throttled_periods_total,0.0
1741558857,kashef-k8s-w1.mongodb-profile-6bb85f4df7-rfvcl,container_cpu_cfs_throttled_periods_total,4.0
1741558857,kashef-k8s-ctl.reservation-7799998946-chd6t,container_cpu_cfs_throttled_periods_total,0.0
1741558857,kashef-k8s-w1.recommendation-6494d54897-js5nk,container_cpu_cfs_throttled_periods_total,0.0
1741558857,kashef-k8s-ctl.rate-66d9d98f67-459fp,container_cpu_cfs_throttled_periods_total,0.0
1741558857,kashef-k8s-w1.geo-bd9dfdb45-pmmf7,container_cpu_cfs_throttled_periods_total,0.0
1741558857,kashef-k8s-w1.user-698454f8c4-pfgkk,container_cpu_cfs_throttled_periods_total,866.0
1741558872,kashef-k8s-w1.mongodb-user-6d96648ddc-pkv6k,container_cpu_cfs_throttled_periods_total,0.0
1741558872,kashef-k8s-ctl.mongodb-reservation-7b474745f-h55m7,container_cpu_cfs_throttled_periods_total,1.0
1741558872,kashef-k8s-ctl.profile-6c9f4cc75f-gldzm,container_cpu_cfs_throttled_periods_total,0.0
1741558872,kashef-k8s-w1.user-698454f8c4-pfgkk,container_cpu_cfs_throttled_periods_total,866.0
1741558872,kashef-k8s-ctl.mongodb-rate-785b799bbc-rh26t,container_cpu_cfs_throttled_periods_total,0.0
1741558872,kashef-k8s-w1.mongodb-geo-86b59b75f4-grd4s,container_cpu_cfs_throttled_periods_total,0.0
1741558872,kashef-k8s-ctl.memcached-profile-7d6fcb6b8-qbcm2,container_cpu_cfs_throttled_periods_total,0.0
1741558872,kashef-k8s-w1.mongodb-profile-6bb85f4df7-rfvcl,container_cpu_cfs_throttled_periods_total,4.0
1741558872,kashef-k8s-ctl.memcached-rate-bcc5c97f8-xtz5g,container_cpu_cfs_throttled_periods_total,0.0
1741558872,kashef-k8s-ctl.mongodb-recommendation-59d6b7ccf9-jnrb4,container_cpu_cfs_throttled_periods_total,3.0
1741558872,kashef-k8s-w1.search-8677798cf5-fsd5r,container_cpu_cfs_throttled_periods_total,0.0
1741558872,kashef-k8s-w1.consul-56f5cf4f78-qrhkb,container_cpu_cfs_throttled_periods_total,0.0
1741558872,kashef-k8s-w1.jaeger-5d885bcf88-stzjn,container_cpu_cfs_throttled_periods_total,0.0
1741558872,kashef-k8s-ctl.rate-66d9d98f67-459fp,container_cpu_cfs_throttled_periods_total,0.0
1741558872,kashef-k8s-w1.memcached-reserve-bdcb467b4-fpm4v,container_cpu_cfs_throttled_periods_total,0.0
1741558872,kashef-k8s-ctl.reservation-7799998946-chd6t,container_cpu_cfs_throttled_periods_total,0.0
1741558872,kashef-k8s-w1.geo-bd9dfdb45-pmmf7,container_cpu_cfs_throttled_periods_total,0.0
1741558872,kashef-k8s-w1.recommendation-6494d54897-js5nk,container_cpu_cfs_throttled_periods_total,0.0
1741558872,kashef-k8s-w1.frontend-7d9d864798-n6lsm,container_cpu_cfs_throttled_periods_total,0.0
1741558887,kashef-k8s-w1.mongodb-profile-6bb85f4df7-rfvcl,container_cpu_cfs_throttled_periods_total,4.0
1741558887,kashef-k8s-ctl.memcached-profile-7d6fcb6b8-qbcm2,container_cpu_cfs_throttled_periods_total,0.0
1741558887,kashef-k8s-w1.mongodb-user-6d96648ddc-pkv6k,container_cpu_cfs_throttled_periods_total,0.0
1741558887,kashef-k8s-w1.user-698454f8c4-pfgkk,container_cpu_cfs_throttled_periods_total,866.0
1741558887,kashef-k8s-ctl.profile-6c9f4cc75f-gldzm,container_cpu_cfs_throttled_periods_total,0.0
1741558887,kashef-k8s-ctl.mongodb-reservation-7b474745f-h55m7,container_cpu_cfs_throttled_periods_total,1.0
1741558887,kashef-k8s-ctl.memcached-rate-bcc5c97f8-xtz5g,container_cpu_cfs_throttled_periods_total,0.0
1741558887,kashef-k8s-ctl.mongodb-recommendation-59d6b7ccf9-jnrb4,container_cpu_cfs_throttled_periods_total,3.0
1741558887,kashef-k8s-w1.search-8677798cf5-fsd5r,container_cpu_cfs_throttled_periods_total,0.0
1741558887,kashef-k8s-w1.consul-56f5cf4f78-qrhkb,container_cpu_cfs_throttled_periods_total,0.0
1741558887,kashef-k8s-ctl.reservation-7799998946-chd6t,container_cpu_cfs_throttled_periods_total,0.0
1741558887,kashef-k8s-w1.mongodb-geo-86b59b75f4-grd4s,container_cpu_cfs_throttled_periods_total,0.0
1741558887,kashef-k8s-ctl.mongodb-rate-785b799bbc-rh26t,container_cpu_cfs_throttled_periods_total,0.0
1741558887,kashef-k8s-w1.recommendation-6494d54897-js5nk,container_cpu_cfs_throttled_periods_total,0.0
1741558887,kashef-k8s-w1.frontend-7d9d864798-n6lsm,container_cpu_cfs_throttled_periods_total,0.0
1741558887,kashef-k8s-ctl.rate-66d9d98f67-459fp,container_cpu_cfs_throttled_periods_total,0.0
1741558887,kashef-k8s-w1.jaeger-5d885bcf88-stzjn,container_cpu_cfs_throttled_periods_total,0.0
1741558887,kashef-k8s-w1.geo-bd9dfdb45-pmmf7,container_cpu_cfs_throttled_periods_total,0.0
1741558887,kashef-k8s-w1.memcached-reserve-bdcb467b4-fpm4v,container_cpu_cfs_throttled_periods_total,0.0
1741558902,kashef-k8s-w1.geo-bd9dfdb45-pmmf7,container_cpu_cfs_throttled_periods_total,0.0
1741558902,kashef-k8s-ctl.mongodb-rate-785b799bbc-rh26t,container_cpu_cfs_throttled_periods_total,0.0
1741558902,kashef-k8s-ctl.memcached-rate-bcc5c97f8-xtz5g,container_cpu_cfs_throttled_periods_total,0.0
1741558902,kashef-k8s-ctl.memcached-profile-7d6fcb6b8-qbcm2,container_cpu_cfs_throttled_periods_total,0.0
1741558902,kashef-k8s-ctl.rate-66d9d98f67-459fp,container_cpu_cfs_throttled_periods_total,0.0
1741558902,kashef-k8s-ctl.mongodb-recommendation-59d6b7ccf9-jnrb4,container_cpu_cfs_throttled_periods_total,3.0
1741558902,kashef-k8s-ctl.mongodb-reservation-7b474745f-h55m7,container_cpu_cfs_throttled_periods_total,1.0
1741558902,kashef-k8s-w1.search-8677798cf5-fsd5r,container_cpu_cfs_throttled_periods_total,0.0
1741558902,kashef-k8s-w1.frontend-7d9d864798-n6lsm,container_cpu_cfs_throttled_periods_total,0.0
1741558902,kashef-k8s-w1.mongodb-profile-6bb85f4df7-rfvcl,container_cpu_cfs_throttled_periods_total,4.0
1741558902,kashef-k8s-w1.recommendation-6494d54897-js5nk,container_cpu_cfs_throttled_periods_total,0.0
1741558902,kashef-k8s-w1.mongodb-geo-86b59b75f4-grd4s,container_cpu_cfs_throttled_periods_total,0.0
1741558902,kashef-k8s-w1.consul-56f5cf4f78-qrhkb,container_cpu_cfs_throttled_periods_total,0.0
1741558902,kashef-k8s-ctl.profile-6c9f4cc75f-gldzm,container_cpu_cfs_throttled_periods_total,0.0
1741558902,kashef-k8s-w1.mongodb-user-6d96648ddc-pkv6k,container_cpu_cfs_throttled_periods_total,0.0
1741558902,kashef-k8s-w1.jaeger-5d885bcf88-stzjn,container_cpu_cfs_throttled_periods_total,0.0
1741558902,kashef-k8s-w1.memcached-reserve-bdcb467b4-fpm4v,container_cpu_cfs_throttled_periods_total,0.0
1741558902,kashef-k8s-w1.user-698454f8c4-pfgkk,container_cpu_cfs_throttled_periods_total,866.0
1741558902,kashef-k8s-ctl.reservation-7799998946-chd6t,container_cpu_cfs_throttled_periods_total,0.0
1741558917,kashef-k8s-w1.user-698454f8c4-pfgkk,container_cpu_cfs_throttled_periods_total,1454.0
1741558917,kashef-k8s-w1.jaeger-5d885bcf88-stzjn,container_cpu_cfs_throttled_periods_total,33.0
1741558917,kashef-k8s-ctl.mongodb-recommendation-59d6b7ccf9-jnrb4,container_cpu_cfs_throttled_periods_total,3.0
1741558917,kashef-k8s-ctl.mongodb-reservation-7b474745f-h55m7,container_cpu_cfs_throttled_periods_total,1.0
1741558917,kashef-k8s-ctl.memcached-profile-7d6fcb6b8-qbcm2,container_cpu_cfs_throttled_periods_total,0.0
1741558917,kashef-k8s-w1.consul-56f5cf4f78-qrhkb,container_cpu_cfs_throttled_periods_total,0.0
1741558917,kashef-k8s-ctl.rate-66d9d98f67-459fp,container_cpu_cfs_throttled_periods_total,0.0
1741558917,kashef-k8s-w1.search-8677798cf5-fsd5r,container_cpu_cfs_throttled_periods_total,56.0
1741558917,kashef-k8s-w1.mongodb-user-6d96648ddc-pkv6k,container_cpu_cfs_throttled_periods_total,80.0
1741558917,kashef-k8s-ctl.memcached-rate-bcc5c97f8-xtz5g,container_cpu_cfs_throttled_periods_total,0.0
1741558917,kashef-k8s-w1.geo-bd9dfdb45-pmmf7,container_cpu_cfs_throttled_periods_total,0.0
1741558917,kashef-k8s-ctl.mongodb-rate-785b799bbc-rh26t,container_cpu_cfs_throttled_periods_total,0.0
1741558917,kashef-k8s-w1.mongodb-profile-6bb85f4df7-rfvcl,container_cpu_cfs_throttled_periods_total,4.0
1741558917,kashef-k8s-ctl.reservation-7799998946-chd6t,container_cpu_cfs_throttled_periods_total,0.0
1741558917,kashef-k8s-w1.mongodb-geo-86b59b75f4-grd4s,container_cpu_cfs_throttled_periods_total,78.0
1741558917,kashef-k8s-ctl.profile-6c9f4cc75f-gldzm,container_cpu_cfs_throttled_periods_total,0.0
1741558917,kashef-k8s-w1.frontend-7d9d864798-n6lsm,container_cpu_cfs_throttled_periods_total,43.0
1741558917,kashef-k8s-w1.recommendation-6494d54897-js5nk,container_cpu_cfs_throttled_periods_total,62.0
1741558917,kashef-k8s-w1.memcached-reserve-bdcb467b4-fpm4v,container_cpu_cfs_throttled_periods_total,35.0
1741558932,kashef-k8s-w1.geo-bd9dfdb45-pmmf7,container_cpu_cfs_throttled_periods_total,52.0
1741558932,kashef-k8s-w1.memcached-reserve-bdcb467b4-fpm4v,container_cpu_cfs_throttled_periods_total,35.0
1741558932,kashef-k8s-ctl.rate-66d9d98f67-459fp,container_cpu_cfs_throttled_periods_total,0.0
1741558932,kashef-k8s-w1.recommendation-6494d54897-js5nk,container_cpu_cfs_throttled_periods_total,62.0
1741558932,kashef-k8s-w1.consul-56f5cf4f78-qrhkb,container_cpu_cfs_throttled_periods_total,81.0
1741558932,kashef-k8s-w1.search-8677798cf5-fsd5r,container_cpu_cfs_throttled_periods_total,56.0
1741558932,kashef-k8s-ctl.memcached-rate-bcc5c97f8-xtz5g,container_cpu_cfs_throttled_periods_total,0.0
1741558932,kashef-k8s-ctl.profile-6c9f4cc75f-gldzm,container_cpu_cfs_throttled_periods_total,0.0
1741558932,kashef-k8s-w1.jaeger-5d885bcf88-stzjn,container_cpu_cfs_throttled_periods_total,33.0
1741558932,kashef-k8s-ctl.reservation-7799998946-chd6t,container_cpu_cfs_throttled_periods_total,0.0
1741558932,kashef-k8s-w1.mongodb-geo-86b59b75f4-grd4s,container_cpu_cfs_throttled_periods_total,78.0
1741558932,kashef-k8s-w1.user-698454f8c4-pfgkk,container_cpu_cfs_throttled_periods_total,1454.0
1741558932,kashef-k8s-ctl.mongodb-recommendation-59d6b7ccf9-jnrb4,container_cpu_cfs_throttled_periods_total,3.0
1741558932,kashef-k8s-ctl.memcached-profile-7d6fcb6b8-qbcm2,container_cpu_cfs_throttled_periods_total,0.0
1741558932,kashef-k8s-w1.mongodb-user-6d96648ddc-pkv6k,container_cpu_cfs_throttled_periods_total,80.0
1741558932,kashef-k8s-ctl.mongodb-reservation-7b474745f-h55m7,container_cpu_cfs_throttled_periods_total,1.0
1741558932,kashef-k8s-w1.frontend-7d9d864798-n6lsm,container_cpu_cfs_throttled_periods_total,43.0
1741558932,kashef-k8s-ctl.mongodb-rate-785b799bbc-rh26t,container_cpu_cfs_throttled_periods_total,0.0
1741558932,kashef-k8s-w1.mongodb-profile-6bb85f4df7-rfvcl,container_cpu_cfs_throttled_periods_total,82.0
1741558947,kashef-k8s-w1.consul-56f5cf4f78-qrhkb,container_cpu_cfs_throttled_periods_total,81.0
1741558947,kashef-k8s-w1.search-8677798cf5-fsd5r,container_cpu_cfs_throttled_periods_total,56.0
1741558947,kashef-k8s-ctl.memcached-rate-bcc5c97f8-xtz5g,container_cpu_cfs_throttled_periods_total,0.0
1741558947,kashef-k8s-ctl.rate-66d9d98f67-459fp,container_cpu_cfs_throttled_periods_total,0.0
1741558947,kashef-k8s-w1.mongodb-geo-86b59b75f4-grd4s,container_cpu_cfs_throttled_periods_total,78.0
1741558947,kashef-k8s-ctl.mongodb-reservation-7b474745f-h55m7,container_cpu_cfs_throttled_periods_total,1.0
1741558947,kashef-k8s-w1.jaeger-5d885bcf88-stzjn,container_cpu_cfs_throttled_periods_total,33.0
1741558947,kashef-k8s-w1.mongodb-user-6d96648ddc-pkv6k,container_cpu_cfs_throttled_periods_total,80.0
1741558947,kashef-k8s-ctl.memcached-profile-7d6fcb6b8-qbcm2,container_cpu_cfs_throttled_periods_total,0.0
1741558947,kashef-k8s-w1.frontend-7d9d864798-n6lsm,container_cpu_cfs_throttled_periods_total,43.0
1741558947,kashef-k8s-w1.geo-bd9dfdb45-pmmf7,container_cpu_cfs_throttled_periods_total,52.0
1741558947,kashef-k8s-ctl.mongodb-rate-785b799bbc-rh26t,container_cpu_cfs_throttled_periods_total,0.0
1741558947,kashef-k8s-w1.recommendation-6494d54897-js5nk,container_cpu_cfs_throttled_periods_total,62.0
1741558947,kashef-k8s-ctl.mongodb-recommendation-59d6b7ccf9-jnrb4,container_cpu_cfs_throttled_periods_total,3.0
1741558947,kashef-k8s-ctl.profile-6c9f4cc75f-gldzm,container_cpu_cfs_throttled_periods_total,0.0
1741558947,kashef-k8s-w1.user-698454f8c4-pfgkk,container_cpu_cfs_throttled_periods_total,1454.0
1741558947,kashef-k8s-ctl.reservation-7799998946-chd6t,container_cpu_cfs_throttled_periods_total,0.0
1741558947,kashef-k8s-w1.mongodb-profile-6bb85f4df7-rfvcl,container_cpu_cfs_throttled_periods_total,82.0
1741558947,kashef-k8s-w1.memcached-reserve-bdcb467b4-fpm4v,container_cpu_cfs_throttled_periods_total,35.0
1741558962,kashef-k8s-w1.memcached-reserve-bdcb467b4-fpm4v,container_cpu_cfs_throttled_periods_total,35.0
1741558962,kashef-k8s-w1.geo-bd9dfdb45-pmmf7,container_cpu_cfs_throttled_periods_total,52.0
1741558962,kashef-k8s-w1.jaeger-5d885bcf88-stzjn,container_cpu_cfs_throttled_periods_total,33.0
1741558962,kashef-k8s-w1.frontend-7d9d864798-n6lsm,container_cpu_cfs_throttled_periods_total,43.0
1741558962,kashef-k8s-w1.mongodb-user-6d96648ddc-pkv6k,container_cpu_cfs_throttled_periods_total,80.0
1741558962,kashef-k8s-w1.search-8677798cf5-fsd5r,container_cpu_cfs_throttled_periods_total,56.0
1741558962,kashef-k8s-ctl.profile-6c9f4cc75f-gldzm,container_cpu_cfs_throttled_periods_total,0.0
1741558962,kashef-k8s-ctl.mongodb-recommendation-59d6b7ccf9-jnrb4,container_cpu_cfs_throttled_periods_total,3.0
1741558962,kashef-k8s-ctl.memcached-profile-7d6fcb6b8-qbcm2,container_cpu_cfs_throttled_periods_total,0.0
1741558962,kashef-k8s-w1.recommendation-6494d54897-js5nk,container_cpu_cfs_throttled_periods_total,62.0
1741558962,kashef-k8s-ctl.mongodb-reservation-7b474745f-h55m7,container_cpu_cfs_throttled_periods_total,1.0
1741558962,kashef-k8s-ctl.reservation-7799998946-chd6t,container_cpu_cfs_throttled_periods_total,0.0
1741558962,kashef-k8s-ctl.memcached-rate-bcc5c97f8-xtz5g,container_cpu_cfs_throttled_periods_total,0.0
1741558962,kashef-k8s-ctl.rate-66d9d98f67-459fp,container_cpu_cfs_throttled_periods_total,0.0
1741558962,kashef-k8s-w1.consul-56f5cf4f78-qrhkb,container_cpu_cfs_throttled_periods_total,81.0
1741558962,kashef-k8s-w1.mongodb-geo-86b59b75f4-grd4s,container_cpu_cfs_throttled_periods_total,78.0
1741558962,kashef-k8s-w1.mongodb-profile-6bb85f4df7-rfvcl,container_cpu_cfs_throttled_periods_total,82.0
1741558962,kashef-k8s-ctl.mongodb-rate-785b799bbc-rh26t,container_cpu_cfs_throttled_periods_total,0.0
1741558962,kashef-k8s-w1.user-698454f8c4-pfgkk,container_cpu_cfs_throttled_periods_total,1454.0
1741558977,kashef-k8s-w1.mongodb-user-6d96648ddc-pkv6k,container_cpu_cfs_throttled_periods_total,274.0
1741558977,kashef-k8s-w1.memcached-reserve-bdcb467b4-fpm4v,container_cpu_cfs_throttled_periods_total,35.0
1741558977,kashef-k8s-w1.mongodb-geo-86b59b75f4-grd4s,container_cpu_cfs_throttled_periods_total,270.0
1741558977,kashef-k8s-ctl.mongodb-recommendation-59d6b7ccf9-jnrb4,container_cpu_cfs_throttled_periods_total,3.0
1741558977,kashef-k8s-ctl.profile-6c9f4cc75f-gldzm,container_cpu_cfs_throttled_periods_total,0.0
1741558977,kashef-k8s-ctl.memcached-rate-bcc5c97f8-xtz5g,container_cpu_cfs_throttled_periods_total,0.0
1741558977,kashef-k8s-ctl.mongodb-reservation-7b474745f-h55m7,container_cpu_cfs_throttled_periods_total,1.0
1741558977,kashef-k8s-w1.search-8677798cf5-fsd5r,container_cpu_cfs_throttled_periods_total,56.0
1741558977,kashef-k8s-w1.consul-56f5cf4f78-qrhkb,container_cpu_cfs_throttled_periods_total,276.0
1741558977,kashef-k8s-ctl.memcached-profile-7d6fcb6b8-qbcm2,container_cpu_cfs_throttled_periods_total,0.0
1741558977,kashef-k8s-w1.mongodb-profile-6bb85f4df7-rfvcl,container_cpu_cfs_throttled_periods_total,277.0
1741558977,kashef-k8s-w1.frontend-7d9d864798-n6lsm,container_cpu_cfs_throttled_periods_total,153.0
1741558977,kashef-k8s-w1.jaeger-5d885bcf88-stzjn,container_cpu_cfs_throttled_periods_total,105.0
1741558977,kashef-k8s-ctl.reservation-7799998946-chd6t,container_cpu_cfs_throttled_periods_total,0.0
1741558977,kashef-k8s-ctl.rate-66d9d98f67-459fp,container_cpu_cfs_throttled_periods_total,0.0
1741558977,kashef-k8s-w1.geo-bd9dfdb45-pmmf7,container_cpu_cfs_throttled_periods_total,153.0
1741558977,kashef-k8s-w1.recommendation-6494d54897-js5nk,container_cpu_cfs_throttled_periods_total,159.0
1741558977,kashef-k8s-w1.user-698454f8c4-pfgkk,container_cpu_cfs_throttled_periods_total,1921.0
1741558977,kashef-k8s-ctl.mongodb-rate-785b799bbc-rh26t,container_cpu_cfs_throttled_periods_total,0.0
1741558992,kashef-k8s-w1.memcached-reserve-bdcb467b4-fpm4v,container_cpu_cfs_throttled_periods_total,99.0
1741558992,kashef-k8s-w1.geo-bd9dfdb45-pmmf7,container_cpu_cfs_throttled_periods_total,153.0
1741558992,kashef-k8s-w1.mongodb-profile-6bb85f4df7-rfvcl,container_cpu_cfs_throttled_periods_total,277.0
1741558992,kashef-k8s-ctl.mongodb-recommendation-59d6b7ccf9-jnrb4,container_cpu_cfs_throttled_periods_total,3.0
1741558992,kashef-k8s-w1.recommendation-6494d54897-js5nk,container_cpu_cfs_throttled_periods_total,159.0
1741558992,kashef-k8s-ctl.mongodb-rate-785b799bbc-rh26t,container_cpu_cfs_throttled_periods_total,0.0
1741558992,kashef-k8s-w1.user-698454f8c4-pfgkk,container_cpu_cfs_throttled_periods_total,1921.0
1741558992,kashef-k8s-w1.mongodb-geo-86b59b75f4-grd4s,container_cpu_cfs_throttled_periods_total,270.0
1741558992,kashef-k8s-w1.consul-56f5cf4f78-qrhkb,container_cpu_cfs_throttled_periods_total,276.0
1741558992,kashef-k8s-w1.frontend-7d9d864798-n6lsm,container_cpu_cfs_throttled_periods_total,153.0
1741558992,kashef-k8s-w1.jaeger-5d885bcf88-stzjn,container_cpu_cfs_throttled_periods_total,105.0
1741558992,kashef-k8s-w1.mongodb-user-6d96648ddc-pkv6k,container_cpu_cfs_throttled_periods_total,274.0
1741558992,kashef-k8s-ctl.memcached-rate-bcc5c97f8-xtz5g,container_cpu_cfs_throttled_periods_total,0.0
1741558992,kashef-k8s-w1.search-8677798cf5-fsd5r,container_cpu_cfs_throttled_periods_total,167.0
1741558992,kashef-k8s-ctl.profile-6c9f4cc75f-gldzm,container_cpu_cfs_throttled_periods_total,0.0
1741558992,kashef-k8s-ctl.memcached-profile-7d6fcb6b8-qbcm2,container_cpu_cfs_throttled_periods_total,0.0
1741558992,kashef-k8s-ctl.rate-66d9d98f67-459fp,container_cpu_cfs_throttled_periods_total,0.0
1741558992,kashef-k8s-ctl.mongodb-reservation-7b474745f-h55m7,container_cpu_cfs_throttled_periods_total,1.0
1741558992,kashef-k8s-ctl.reservation-7799998946-chd6t,container_cpu_cfs_throttled_periods_total,0.0
1741559007,kashef-k8s-w1.recommendation-6494d54897-js5nk,container_cpu_cfs_throttled_periods_total,159.0
1741559007,kashef-k8s-w1.mongodb-geo-86b59b75f4-grd4s,container_cpu_cfs_throttled_periods_total,270.0
1741559007,kashef-k8s-w1.jaeger-5d885bcf88-stzjn,container_cpu_cfs_throttled_periods_total,105.0
1741559007,kashef-k8s-ctl.mongodb-reservation-7b474745f-h55m7,container_cpu_cfs_throttled_periods_total,1.0
1741559007,kashef-k8s-w1.search-8677798cf5-fsd5r,container_cpu_cfs_throttled_periods_total,167.0
1741559007,kashef-k8s-ctl.memcached-profile-7d6fcb6b8-qbcm2,container_cpu_cfs_throttled_periods_total,0.0
1741559007,kashef-k8s-w1.consul-56f5cf4f78-qrhkb,container_cpu_cfs_throttled_periods_total,276.0
1741559007,kashef-k8s-w1.frontend-7d9d864798-n6lsm,container_cpu_cfs_throttled_periods_total,153.0
1741559007,kashef-k8s-w1.mongodb-profile-6bb85f4df7-rfvcl,container_cpu_cfs_throttled_periods_total,277.0
1741559007,kashef-k8s-w1.user-698454f8c4-pfgkk,container_cpu_cfs_throttled_periods_total,1921.0
1741559007,kashef-k8s-ctl.mongodb-recommendation-59d6b7ccf9-jnrb4,container_cpu_cfs_throttled_periods_total,3.0
1741559007,kashef-k8s-ctl.mongodb-rate-785b799bbc-rh26t,container_cpu_cfs_throttled_periods_total,0.0
1741559007,kashef-k8s-w1.geo-bd9dfdb45-pmmf7,container_cpu_cfs_throttled_periods_total,153.0
1741559007,kashef-k8s-w1.memcached-reserve-bdcb467b4-fpm4v,container_cpu_cfs_throttled_periods_total,99.0
1741559007,kashef-k8s-ctl.rate-66d9d98f67-459fp,container_cpu_cfs_throttled_periods_total,0.0
1741559007,kashef-k8s-ctl.reservation-7799998946-chd6t,container_cpu_cfs_throttled_periods_total,0.0
1741559007,kashef-k8s-ctl.memcached-rate-bcc5c97f8-xtz5g,container_cpu_cfs_throttled_periods_total,0.0
1741559007,kashef-k8s-w1.mongodb-user-6d96648ddc-pkv6k,container_cpu_cfs_throttled_periods_total,274.0
1741559007,kashef-k8s-ctl.profile-6c9f4cc75f-gldzm,container_cpu_cfs_throttled_periods_total,0.0
1741559022,kashef-k8s-w1.jaeger-5d885bcf88-stzjn,container_cpu_cfs_throttled_periods_total,105.0
1741559022,kashef-k8s-w1.consul-56f5cf4f78-qrhkb,container_cpu_cfs_throttled_periods_total,276.0
1741559022,kashef-k8s-w1.mongodb-profile-6bb85f4df7-rfvcl,container_cpu_cfs_throttled_periods_total,277.0
1741559022,kashef-k8s-ctl.mongodb-rate-785b799bbc-rh26t,container_cpu_cfs_throttled_periods_total,0.0
1741559022,kashef-k8s-w1.geo-bd9dfdb45-pmmf7,container_cpu_cfs_throttled_periods_total,153.0
1741559022,kashef-k8s-w1.mongodb-geo-86b59b75f4-grd4s,container_cpu_cfs_throttled_periods_total,270.0
1741559022,kashef-k8s-ctl.mongodb-reservation-7b474745f-h55m7,container_cpu_cfs_throttled_periods_total,1.0
1741559022,kashef-k8s-w1.frontend-7d9d864798-n6lsm,container_cpu_cfs_throttled_periods_total,153.0
1741559022,kashef-k8s-ctl.mongodb-recommendation-59d6b7ccf9-jnrb4,container_cpu_cfs_throttled_periods_total,3.0
1741559022,kashef-k8s-w1.user-698454f8c4-pfgkk,container_cpu_cfs_throttled_periods_total,1921.0
1741559022,kashef-k8s-ctl.memcached-profile-7d6fcb6b8-qbcm2,container_cpu_cfs_throttled_periods_total,0.0
1741559022,kashef-k8s-ctl.memcached-rate-bcc5c97f8-xtz5g,container_cpu_cfs_throttled_periods_total,0.0
1741559022,kashef-k8s-w1.recommendation-6494d54897-js5nk,container_cpu_cfs_throttled_periods_total,159.0
1741559022,kashef-k8s-ctl.profile-6c9f4cc75f-gldzm,container_cpu_cfs_throttled_periods_total,0.0
1741559022,kashef-k8s-w1.search-8677798cf5-fsd5r,container_cpu_cfs_throttled_periods_total,167.0
1741559022,kashef-k8s-w1.mongodb-user-6d96648ddc-pkv6k,container_cpu_cfs_throttled_periods_total,274.0
1741559022,kashef-k8s-w1.memcached-reserve-bdcb467b4-fpm4v,container_cpu_cfs_throttled_periods_total,99.0
1741559022,kashef-k8s-ctl.reservation-7799998946-chd6t,container_cpu_cfs_throttled_periods_total,0.0
1741559022,kashef-k8s-ctl.rate-66d9d98f67-459fp,container_cpu_cfs_throttled_periods_total,0.0
1741559037,kashef-k8s-ctl.rate-66d9d98f67-459fp,container_cpu_cfs_throttled_periods_total,0.0
1741559037,kashef-k8s-w1.mongodb-user-6d96648ddc-pkv6k,container_cpu_cfs_throttled_periods_total,349.0
1741559037,kashef-k8s-w1.user-698454f8c4-pfgkk,container_cpu_cfs_throttled_periods_total,2521.0
1741559037,kashef-k8s-ctl.memcached-profile-7d6fcb6b8-qbcm2,container_cpu_cfs_throttled_periods_total,0.0
1741559037,kashef-k8s-w1.consul-56f5cf4f78-qrhkb,container_cpu_cfs_throttled_periods_total,276.0
1741559037,kashef-k8s-w1.mongodb-geo-86b59b75f4-grd4s,container_cpu_cfs_throttled_periods_total,270.0
1741559037,kashef-k8s-w1.jaeger-5d885bcf88-stzjn,container_cpu_cfs_throttled_periods_total,105.0
1741559037,kashef-k8s-w1.frontend-7d9d864798-n6lsm,container_cpu_cfs_throttled_periods_total,153.0
1741559037,kashef-k8s-ctl.memcached-rate-bcc5c97f8-xtz5g,container_cpu_cfs_throttled_periods_total,0.0
1741559037,kashef-k8s-w1.recommendation-6494d54897-js5nk,container_cpu_cfs_throttled_periods_total,222.0
1741559037,kashef-k8s-w1.search-8677798cf5-fsd5r,container_cpu_cfs_throttled_periods_total,167.0
1741559037,kashef-k8s-ctl.reservation-7799998946-chd6t,container_cpu_cfs_throttled_periods_total,0.0
1741559037,kashef-k8s-ctl.profile-6c9f4cc75f-gldzm,container_cpu_cfs_throttled_periods_total,0.0
1741559037,kashef-k8s-ctl.mongodb-reservation-7b474745f-h55m7,container_cpu_cfs_throttled_periods_total,1.0
1741559037,kashef-k8s-w1.geo-bd9dfdb45-pmmf7,container_cpu_cfs_throttled_periods_total,153.0
1741559037,kashef-k8s-w1.mongodb-profile-6bb85f4df7-rfvcl,container_cpu_cfs_throttled_periods_total,351.0
1741559037,kashef-k8s-ctl.mongodb-rate-785b799bbc-rh26t,container_cpu_cfs_throttled_periods_total,0.0
1741559037,kashef-k8s-ctl.mongodb-recommendation-59d6b7ccf9-jnrb4,container_cpu_cfs_throttled_periods_total,3.0
1741559037,kashef-k8s-w1.memcached-reserve-bdcb467b4-fpm4v,container_cpu_cfs_throttled_periods_total,99.0
1741559052,kashef-k8s-ctl.profile-6c9f4cc75f-gldzm,container_cpu_cfs_throttled_periods_total,0.0
1741559052,kashef-k8s-ctl.mongodb-recommendation-59d6b7ccf9-jnrb4,container_cpu_cfs_throttled_periods_total,3.0
1741559052,kashef-k8s-w1.memcached-reserve-bdcb467b4-fpm4v,container_cpu_cfs_throttled_periods_total,250.0
1741559052,kashef-k8s-w1.geo-bd9dfdb45-pmmf7,container_cpu_cfs_throttled_periods_total,301.0
1741559052,kashef-k8s-w1.mongodb-profile-6bb85f4df7-rfvcl,container_cpu_cfs_throttled_periods_total,351.0
1741559052,kashef-k8s-ctl.memcached-rate-bcc5c97f8-xtz5g,container_cpu_cfs_throttled_periods_total,0.0
1741559052,kashef-k8s-w1.search-8677798cf5-fsd5r,container_cpu_cfs_throttled_periods_total,300.0
1741559052,kashef-k8s-ctl.mongodb-reservation-7b474745f-h55m7,container_cpu_cfs_throttled_periods_total,1.0
1741559052,kashef-k8s-w1.recommendation-6494d54897-js5nk,container_cpu_cfs_throttled_periods_total,222.0
1741559052,kashef-k8s-ctl.reservation-7799998946-chd6t,container_cpu_cfs_throttled_periods_total,0.0
1741559052,kashef-k8s-w1.jaeger-5d885bcf88-stzjn,container_cpu_cfs_throttled_periods_total,224.0
1741559052,kashef-k8s-w1.mongodb-geo-86b59b75f4-grd4s,container_cpu_cfs_throttled_periods_total,455.0
1741559052,kashef-k8s-w1.user-698454f8c4-pfgkk,container_cpu_cfs_throttled_periods_total,2521.0
1741559052,kashef-k8s-ctl.memcached-profile-7d6fcb6b8-qbcm2,container_cpu_cfs_throttled_periods_total,0.0
1741559052,kashef-k8s-w1.frontend-7d9d864798-n6lsm,container_cpu_cfs_throttled_periods_total,289.0
1741559052,kashef-k8s-w1.consul-56f5cf4f78-qrhkb,container_cpu_cfs_throttled_periods_total,450.0
1741559052,kashef-k8s-w1.mongodb-user-6d96648ddc-pkv6k,container_cpu_cfs_throttled_periods_total,349.0
1741559052,kashef-k8s-ctl.rate-66d9d98f67-459fp,container_cpu_cfs_throttled_periods_total,0.0
1741559052,kashef-k8s-ctl.mongodb-rate-785b799bbc-rh26t,container_cpu_cfs_throttled_periods_total,0.0
1741559067,kashef-k8s-w1.jaeger-5d885bcf88-stzjn,container_cpu_cfs_throttled_periods_total,224.0
1741559067,kashef-k8s-w1.geo-bd9dfdb45-pmmf7,container_cpu_cfs_throttled_periods_total,301.0
1741559067,kashef-k8s-w1.memcached-reserve-bdcb467b4-fpm4v,container_cpu_cfs_throttled_periods_total,250.0
1741559067,kashef-k8s-w1.consul-56f5cf4f78-qrhkb,container_cpu_cfs_throttled_periods_total,450.0
1741559067,kashef-k8s-ctl.mongodb-reservation-7b474745f-h55m7,container_cpu_cfs_throttled_periods_total,1.0
1741559067,kashef-k8s-ctl.mongodb-rate-785b799bbc-rh26t,container_cpu_cfs_throttled_periods_total,0.0
1741559067,kashef-k8s-w1.recommendation-6494d54897-js5nk,container_cpu_cfs_throttled_periods_total,222.0
1741559067,kashef-k8s-ctl.reservation-7799998946-chd6t,container_cpu_cfs_throttled_periods_total,0.0
1741559067,kashef-k8s-ctl.memcached-rate-bcc5c97f8-xtz5g,container_cpu_cfs_throttled_periods_total,0.0
1741559067,kashef-k8s-w1.search-8677798cf5-fsd5r,container_cpu_cfs_throttled_periods_total,300.0
1741559067,kashef-k8s-ctl.rate-66d9d98f67-459fp,container_cpu_cfs_throttled_periods_total,0.0
1741559067,kashef-k8s-ctl.mongodb-recommendation-59d6b7ccf9-jnrb4,container_cpu_cfs_throttled_periods_total,3.0
1741559067,kashef-k8s-ctl.profile-6c9f4cc75f-gldzm,container_cpu_cfs_throttled_periods_total,0.0
1741559067,kashef-k8s-w1.mongodb-profile-6bb85f4df7-rfvcl,container_cpu_cfs_throttled_periods_total,351.0
1741559067,kashef-k8s-w1.user-698454f8c4-pfgkk,container_cpu_cfs_throttled_periods_total,2521.0
1741559067,kashef-k8s-ctl.memcached-profile-7d6fcb6b8-qbcm2,container_cpu_cfs_throttled_periods_total,0.0
1741559067,kashef-k8s-w1.frontend-7d9d864798-n6lsm,container_cpu_cfs_throttled_periods_total,289.0
1741559067,kashef-k8s-w1.mongodb-geo-86b59b75f4-grd4s,container_cpu_cfs_throttled_periods_total,455.0
1741559067,kashef-k8s-w1.mongodb-user-6d96648ddc-pkv6k,container_cpu_cfs_throttled_periods_total,349.0
1741559082,kashef-k8s-w1.search-8677798cf5-fsd5r,container_cpu_cfs_throttled_periods_total,300.0
1741559082,kashef-k8s-ctl.profile-6c9f4cc75f-gldzm,container_cpu_cfs_throttled_periods_total,0.0
1741559082,kashef-k8s-w1.recommendation-6494d54897-js5nk,container_cpu_cfs_throttled_periods_total,222.0
1741559082,kashef-k8s-w1.consul-56f5cf4f78-qrhkb,container_cpu_cfs_throttled_periods_total,450.0
1741559082,kashef-k8s-w1.jaeger-5d885bcf88-stzjn,container_cpu_cfs_throttled_periods_total,224.0
1741559082,kashef-k8s-ctl.reservation-7799998946-chd6t,container_cpu_cfs_throttled_periods_total,0.0
1741559082,kashef-k8s-ctl.mongodb-reservation-7b474745f-h55m7,container_cpu_cfs_throttled_periods_total,1.0
1741559082,kashef-k8s-ctl.rate-66d9d98f67-459fp,container_cpu_cfs_throttled_periods_total,0.0
1741559082,kashef-k8s-w1.frontend-7d9d864798-n6lsm,container_cpu_cfs_throttled_periods_total,289.0
1741559082,kashef-k8s-ctl.memcached-rate-bcc5c97f8-xtz5g,container_cpu_cfs_throttled_periods_total,0.0
1741559082,kashef-k8s-ctl.mongodb-rate-785b799bbc-rh26t,container_cpu_cfs_throttled_periods_total,0.0
1741559082,kashef-k8s-w1.user-698454f8c4-pfgkk,container_cpu_cfs_throttled_periods_total,2521.0
1741559082,kashef-k8s-ctl.memcached-profile-7d6fcb6b8-qbcm2,container_cpu_cfs_throttled_periods_total,0.0
1741559082,kashef-k8s-ctl.mongodb-recommendation-59d6b7ccf9-jnrb4,container_cpu_cfs_throttled_periods_total,3.0
1741559082,kashef-k8s-w1.mongodb-geo-86b59b75f4-grd4s,container_cpu_cfs_throttled_periods_total,455.0
1741559082,kashef-k8s-w1.mongodb-user-6d96648ddc-pkv6k,container_cpu_cfs_throttled_periods_total,349.0
1741559082,kashef-k8s-w1.memcached-reserve-bdcb467b4-fpm4v,container_cpu_cfs_throttled_periods_total,250.0
1741559082,kashef-k8s-w1.mongodb-profile-6bb85f4df7-rfvcl,container_cpu_cfs_throttled_periods_total,351.0
1741559082,kashef-k8s-w1.geo-bd9dfdb45-pmmf7,container_cpu_cfs_throttled_periods_total,301.0
1741559097,kashef-k8s-w1.geo-bd9dfdb45-pmmf7,container_cpu_cfs_throttled_periods_total,301.0
1741559097,kashef-k8s-w1.mongodb-profile-6bb85f4df7-rfvcl,container_cpu_cfs_throttled_periods_total,495.0
1741559097,kashef-k8s-w1.mongodb-geo-86b59b75f4-grd4s,container_cpu_cfs_throttled_periods_total,490.0
1741559097,kashef-k8s-ctl.reservation-7799998946-chd6t,container_cpu_cfs_throttled_periods_total,0.0
1741559097,kashef-k8s-w1.search-8677798cf5-fsd5r,container_cpu_cfs_throttled_periods_total,315.0
1741559097,kashef-k8s-w1.mongodb-user-6d96648ddc-pkv6k,container_cpu_cfs_throttled_periods_total,349.0
1741559097,kashef-k8s-w1.consul-56f5cf4f78-qrhkb,container_cpu_cfs_throttled_periods_total,486.0
1741559097,kashef-k8s-ctl.mongodb-reservation-7b474745f-h55m7,container_cpu_cfs_throttled_periods_total,1.0
1741559097,kashef-k8s-w1.jaeger-5d885bcf88-stzjn,container_cpu_cfs_throttled_periods_total,224.0
1741559097,kashef-k8s-ctl.mongodb-rate-785b799bbc-rh26t,container_cpu_cfs_throttled_periods_total,0.0
1741559097,kashef-k8s-ctl.mongodb-recommendation-59d6b7ccf9-jnrb4,container_cpu_cfs_throttled_periods_total,3.0
1741559097,kashef-k8s-ctl.memcached-rate-bcc5c97f8-xtz5g,container_cpu_cfs_throttled_periods_total,0.0
1741559097,kashef-k8s-w1.recommendation-6494d54897-js5nk,container_cpu_cfs_throttled_periods_total,323.0
1741559097,kashef-k8s-ctl.profile-6c9f4cc75f-gldzm,container_cpu_cfs_throttled_periods_total,0.0
1741559097,kashef-k8s-ctl.memcached-profile-7d6fcb6b8-qbcm2,container_cpu_cfs_throttled_periods_total,0.0
1741559097,kashef-k8s-w1.user-698454f8c4-pfgkk,container_cpu_cfs_throttled_periods_total,2521.0
1741559097,kashef-k8s-w1.frontend-7d9d864798-n6lsm,container_cpu_cfs_throttled_periods_total,312.0
1741559097,kashef-k8s-ctl.rate-66d9d98f67-459fp,container_cpu_cfs_throttled_periods_total,0.0
1741559097,kashef-k8s-w1.memcached-reserve-bdcb467b4-fpm4v,container_cpu_cfs_throttled_periods_total,267.0
1741559112,kashef-k8s-ctl.memcached-profile-7d6fcb6b8-qbcm2,container_cpu_cfs_throttled_periods_total,0.0
1741559112,kashef-k8s-w1.mongodb-profile-6bb85f4df7-rfvcl,container_cpu_cfs_throttled_periods_total,495.0
1741559112,kashef-k8s-w1.mongodb-geo-86b59b75f4-grd4s,container_cpu_cfs_throttled_periods_total,490.0
1741559112,kashef-k8s-w1.user-698454f8c4-pfgkk,container_cpu_cfs_throttled_periods_total,3151.0
1741559112,kashef-k8s-ctl.reservation-7799998946-chd6t,container_cpu_cfs_throttled_periods_total,0.0
1741559112,kashef-k8s-ctl.mongodb-rate-785b799bbc-rh26t,container_cpu_cfs_throttled_periods_total,0.0
1741559112,kashef-k8s-w1.mongodb-user-6d96648ddc-pkv6k,container_cpu_cfs_throttled_periods_total,544.0
1741559112,kashef-k8s-w1.search-8677798cf5-fsd5r,container_cpu_cfs_throttled_periods_total,315.0
1741559112,kashef-k8s-w1.jaeger-5d885bcf88-stzjn,container_cpu_cfs_throttled_periods_total,255.0
1741559112,kashef-k8s-ctl.profile-6c9f4cc75f-gldzm,container_cpu_cfs_throttled_periods_total,0.0
1741559112,kashef-k8s-w1.memcached-reserve-bdcb467b4-fpm4v,container_cpu_cfs_throttled_periods_total,267.0
1741559112,kashef-k8s-w1.recommendation-6494d54897-js5nk,container_cpu_cfs_throttled_periods_total,323.0
1741559112,kashef-k8s-ctl.memcached-rate-bcc5c97f8-xtz5g,container_cpu_cfs_throttled_periods_total,0.0
1741559112,kashef-k8s-ctl.mongodb-recommendation-59d6b7ccf9-jnrb4,container_cpu_cfs_throttled_periods_total,3.0
1741559112,kashef-k8s-w1.frontend-7d9d864798-n6lsm,container_cpu_cfs_throttled_periods_total,312.0
1741559112,kashef-k8s-w1.consul-56f5cf4f78-qrhkb,container_cpu_cfs_throttled_periods_total,486.0
1741559112,kashef-k8s-ctl.mongodb-reservation-7b474745f-h55m7,container_cpu_cfs_throttled_periods_total,1.0
1741559112,kashef-k8s-ctl.rate-66d9d98f67-459fp,container_cpu_cfs_throttled_periods_total,0.0
1741559112,kashef-k8s-w1.geo-bd9dfdb45-pmmf7,container_cpu_cfs_throttled_periods_total,367.0
1741559127,kashef-k8s-w1.mongodb-geo-86b59b75f4-grd4s,container_cpu_cfs_throttled_periods_total,490.0
1741559127,kashef-k8s-w1.mongodb-profile-6bb85f4df7-rfvcl,container_cpu_cfs_throttled_periods_total,495.0
1741559127,kashef-k8s-ctl.memcached-profile-7d6fcb6b8-qbcm2,container_cpu_cfs_throttled_periods_total,0.0
1741559127,kashef-k8s-w1.jaeger-5d885bcf88-stzjn,container_cpu_cfs_throttled_periods_total,255.0
1741559127,kashef-k8s-ctl.memcached-rate-bcc5c97f8-xtz5g,container_cpu_cfs_throttled_periods_total,0.0
1741559127,kashef-k8s-w1.frontend-7d9d864798-n6lsm,container_cpu_cfs_throttled_periods_total,312.0
1741559127,kashef-k8s-ctl.profile-6c9f4cc75f-gldzm,container_cpu_cfs_throttled_periods_total,0.0
1741559127,kashef-k8s-w1.consul-56f5cf4f78-qrhkb,container_cpu_cfs_throttled_periods_total,486.0
1741559127,kashef-k8s-ctl.mongodb-reservation-7b474745f-h55m7,container_cpu_cfs_throttled_periods_total,1.0
1741559127,kashef-k8s-w1.recommendation-6494d54897-js5nk,container_cpu_cfs_throttled_periods_total,323.0
1741559127,kashef-k8s-w1.search-8677798cf5-fsd5r,container_cpu_cfs_throttled_periods_total,315.0
1741559127,kashef-k8s-ctl.mongodb-rate-785b799bbc-rh26t,container_cpu_cfs_throttled_periods_total,0.0
1741559127,kashef-k8s-w1.mongodb-user-6d96648ddc-pkv6k,container_cpu_cfs_throttled_periods_total,544.0
1741559127,kashef-k8s-w1.user-698454f8c4-pfgkk,container_cpu_cfs_throttled_periods_total,3151.0
1741559127,kashef-k8s-ctl.reservation-7799998946-chd6t,container_cpu_cfs_throttled_periods_total,0.0
1741559127,kashef-k8s-ctl.rate-66d9d98f67-459fp,container_cpu_cfs_throttled_periods_total,0.0
1741559127,kashef-k8s-w1.memcached-reserve-bdcb467b4-fpm4v,container_cpu_cfs_throttled_periods_total,267.0
1741559127,kashef-k8s-ctl.mongodb-recommendation-59d6b7ccf9-jnrb4,container_cpu_cfs_throttled_periods_total,3.0
1741559127,kashef-k8s-w1.geo-bd9dfdb45-pmmf7,container_cpu_cfs_throttled_periods_total,367.0
1741559142,kashef-k8s-ctl.mongodb-rate-785b799bbc-rh26t,container_cpu_cfs_throttled_periods_total,0.0
1741559142,kashef-k8s-ctl.memcached-rate-bcc5c97f8-xtz5g,container_cpu_cfs_throttled_periods_total,0.0
1741559142,kashef-k8s-w1.memcached-reserve-bdcb467b4-fpm4v,container_cpu_cfs_throttled_periods_total,267.0
1741559142,kashef-k8s-w1.geo-bd9dfdb45-pmmf7,container_cpu_cfs_throttled_periods_total,367.0
1741559142,kashef-k8s-w1.user-698454f8c4-pfgkk,container_cpu_cfs_throttled_periods_total,3151.0
1741559142,kashef-k8s-w1.search-8677798cf5-fsd5r,container_cpu_cfs_throttled_periods_total,315.0
1741559142,kashef-k8s-ctl.reservation-7799998946-chd6t,container_cpu_cfs_throttled_periods_total,0.0
1741559142,kashef-k8s-w1.recommendation-6494d54897-js5nk,container_cpu_cfs_throttled_periods_total,323.0
1741559142,kashef-k8s-w1.mongodb-geo-86b59b75f4-grd4s,container_cpu_cfs_throttled_periods_total,490.0
1741559142,kashef-k8s-ctl.mongodb-reservation-7b474745f-h55m7,container_cpu_cfs_throttled_periods_total,1.0
1741559142,kashef-k8s-w1.mongodb-user-6d96648ddc-pkv6k,container_cpu_cfs_throttled_periods_total,544.0
1741559142,kashef-k8s-ctl.rate-66d9d98f67-459fp,container_cpu_cfs_throttled_periods_total,0.0
1741559142,kashef-k8s-w1.jaeger-5d885bcf88-stzjn,container_cpu_cfs_throttled_periods_total,255.0
1741559142,kashef-k8s-w1.consul-56f5cf4f78-qrhkb,container_cpu_cfs_throttled_periods_total,486.0
1741559142,kashef-k8s-ctl.profile-6c9f4cc75f-gldzm,container_cpu_cfs_throttled_periods_total,0.0
1741559142,kashef-k8s-w1.frontend-7d9d864798-n6lsm,container_cpu_cfs_throttled_periods_total,312.0
1741559142,kashef-k8s-w1.mongodb-profile-6bb85f4df7-rfvcl,container_cpu_cfs_throttled_periods_total,495.0
1741559142,kashef-k8s-ctl.memcached-profile-7d6fcb6b8-qbcm2,container_cpu_cfs_throttled_periods_total,0.0
1741559142,kashef-k8s-ctl.mongodb-recommendation-59d6b7ccf9-jnrb4,container_cpu_cfs_throttled_periods_total,3.0
1741559157,kashef-k8s-w1.search-8677798cf5-fsd5r,container_cpu_cfs_throttled_periods_total,348.0
1741559157,kashef-k8s-ctl.memcached-rate-bcc5c97f8-xtz5g,container_cpu_cfs_throttled_periods_total,0.0
1741559157,kashef-k8s-ctl.mongodb-recommendation-59d6b7ccf9-jnrb4,container_cpu_cfs_throttled_periods_total,3.0
1741559157,kashef-k8s-w1.memcached-reserve-bdcb467b4-fpm4v,container_cpu_cfs_throttled_periods_total,277.0
1741559157,kashef-k8s-w1.recommendation-6494d54897-js5nk,container_cpu_cfs_throttled_periods_total,366.0
1741559157,kashef-k8s-w1.consul-56f5cf4f78-qrhkb,container_cpu_cfs_throttled_periods_total,581.0
1741559157,kashef-k8s-ctl.mongodb-reservation-7b474745f-h55m7,container_cpu_cfs_throttled_periods_total,1.0
1741559157,kashef-k8s-ctl.reservation-7799998946-chd6t,container_cpu_cfs_throttled_periods_total,0.0
1741559157,kashef-k8s-ctl.profile-6c9f4cc75f-gldzm,container_cpu_cfs_throttled_periods_total,0.0
1741559157,kashef-k8s-w1.jaeger-5d885bcf88-stzjn,container_cpu_cfs_throttled_periods_total,264.0
1741559157,kashef-k8s-ctl.mongodb-rate-785b799bbc-rh26t,container_cpu_cfs_throttled_periods_total,0.0
1741559157,kashef-k8s-w1.geo-bd9dfdb45-pmmf7,container_cpu_cfs_throttled_periods_total,371.0
1741559157,kashef-k8s-w1.mongodb-profile-6bb85f4df7-rfvcl,container_cpu_cfs_throttled_periods_total,495.0
1741559157,kashef-k8s-w1.mongodb-geo-86b59b75f4-grd4s,container_cpu_cfs_throttled_periods_total,572.0
1741559157,kashef-k8s-w1.frontend-7d9d864798-n6lsm,container_cpu_cfs_throttled_periods_total,345.0
1741559157,kashef-k8s-w1.mongodb-user-6d96648ddc-pkv6k,container_cpu_cfs_throttled_periods_total,576.0
1741559157,kashef-k8s-ctl.memcached-profile-7d6fcb6b8-qbcm2,container_cpu_cfs_throttled_periods_total,0.0
1741559157,kashef-k8s-w1.user-698454f8c4-pfgkk,container_cpu_cfs_throttled_periods_total,3570.0
1741559157,kashef-k8s-ctl.rate-66d9d98f67-459fp,container_cpu_cfs_throttled_periods_total,0.0
1741559172,kashef-k8s-w1.mongodb-profile-6bb85f4df7-rfvcl,container_cpu_cfs_throttled_periods_total,584.0
1741559172,kashef-k8s-w1.memcached-reserve-bdcb467b4-fpm4v,container_cpu_cfs_throttled_periods_total,277.0
1741559172,kashef-k8s-w1.search-8677798cf5-fsd5r,container_cpu_cfs_throttled_periods_total,348.0
1741559172,kashef-k8s-w1.consul-56f5cf4f78-qrhkb,container_cpu_cfs_throttled_periods_total,581.0
1741559172,kashef-k8s-ctl.reservation-7799998946-chd6t,container_cpu_cfs_throttled_periods_total,0.0
1741559172,kashef-k8s-w1.frontend-7d9d864798-n6lsm,container_cpu_cfs_throttled_periods_total,345.0
1741559172,kashef-k8s-ctl.profile-6c9f4cc75f-gldzm,container_cpu_cfs_throttled_periods_total,0.0
1741559172,kashef-k8s-w1.recommendation-6494d54897-js5nk,container_cpu_cfs_throttled_periods_total,366.0
1741559172,kashef-k8s-ctl.mongodb-reservation-7b474745f-h55m7,container_cpu_cfs_throttled_periods_total,1.0
1741559172,kashef-k8s-w1.mongodb-user-6d96648ddc-pkv6k,container_cpu_cfs_throttled_periods_total,576.0
1741559172,kashef-k8s-w1.jaeger-5d885bcf88-stzjn,container_cpu_cfs_throttled_periods_total,264.0
1741559172,kashef-k8s-ctl.mongodb-rate-785b799bbc-rh26t,container_cpu_cfs_throttled_periods_total,0.0
1741559172,kashef-k8s-ctl.mongodb-recommendation-59d6b7ccf9-jnrb4,container_cpu_cfs_throttled_periods_total,3.0
1741559172,kashef-k8s-ctl.memcached-profile-7d6fcb6b8-qbcm2,container_cpu_cfs_throttled_periods_total,0.0
1741559172,kashef-k8s-w1.mongodb-geo-86b59b75f4-grd4s,container_cpu_cfs_throttled_periods_total,572.0
1741559172,kashef-k8s-w1.user-698454f8c4-pfgkk,container_cpu_cfs_throttled_periods_total,3570.0
1741559172,kashef-k8s-ctl.memcached-rate-bcc5c97f8-xtz5g,container_cpu_cfs_throttled_periods_total,0.0
1741559172,kashef-k8s-ctl.rate-66d9d98f67-459fp,container_cpu_cfs_throttled_periods_total,0.0
1741559172,kashef-k8s-w1.geo-bd9dfdb45-pmmf7,container_cpu_cfs_throttled_periods_total,371.0
1741559187,kashef-k8s-w1.recommendation-6494d54897-js5nk,container_cpu_cfs_throttled_periods_total,366.0
1741559187,kashef-k8s-ctl.mongodb-reservation-7b474745f-h55m7,container_cpu_cfs_throttled_periods_total,1.0
1741559187,kashef-k8s-w1.user-698454f8c4-pfgkk,container_cpu_cfs_throttled_periods_total,3570.0
1741559187,kashef-k8s-ctl.mongodb-recommendation-59d6b7ccf9-jnrb4,container_cpu_cfs_throttled_periods_total,3.0
1741559187,kashef-k8s-ctl.memcached-rate-bcc5c97f8-xtz5g,container_cpu_cfs_throttled_periods_total,0.0
1741559187,kashef-k8s-w1.jaeger-5d885bcf88-stzjn,container_cpu_cfs_throttled_periods_total,264.0
1741559187,kashef-k8s-w1.frontend-7d9d864798-n6lsm,container_cpu_cfs_throttled_periods_total,345.0
1741559187,kashef-k8s-w1.mongodb-user-6d96648ddc-pkv6k,container_cpu_cfs_throttled_periods_total,576.0
1741559187,kashef-k8s-w1.search-8677798cf5-fsd5r,container_cpu_cfs_throttled_periods_total,348.0
1741559187,kashef-k8s-ctl.reservation-7799998946-chd6t,container_cpu_cfs_throttled_periods_total,0.0
1741559187,kashef-k8s-w1.consul-56f5cf4f78-qrhkb,container_cpu_cfs_throttled_periods_total,581.0
1741559187,kashef-k8s-w1.memcached-reserve-bdcb467b4-fpm4v,container_cpu_cfs_throttled_periods_total,277.0
1741559187,kashef-k8s-w1.mongodb-geo-86b59b75f4-grd4s,container_cpu_cfs_throttled_periods_total,572.0
1741559187,kashef-k8s-ctl.profile-6c9f4cc75f-gldzm,container_cpu_cfs_throttled_periods_total,0.0
1741559187,kashef-k8s-w1.mongodb-profile-6bb85f4df7-rfvcl,container_cpu_cfs_throttled_periods_total,584.0
1741559187,kashef-k8s-ctl.memcached-profile-7d6fcb6b8-qbcm2,container_cpu_cfs_throttled_periods_total,0.0
1741559187,kashef-k8s-ctl.rate-66d9d98f67-459fp,container_cpu_cfs_throttled_periods_total,0.0
1741559187,kashef-k8s-ctl.mongodb-rate-785b799bbc-rh26t,container_cpu_cfs_throttled_periods_total,0.0
1741559187,kashef-k8s-w1.geo-bd9dfdb45-pmmf7,container_cpu_cfs_throttled_periods_total,371.0
1741559202,kashef-k8s-ctl.mongodb-reservation-7b474745f-h55m7,container_cpu_cfs_throttled_periods_total,1.0
1741559202,kashef-k8s-w1.frontend-7d9d864798-n6lsm,container_cpu_cfs_throttled_periods_total,345.0
1741559202,kashef-k8s-w1.mongodb-geo-86b59b75f4-grd4s,container_cpu_cfs_throttled_periods_total,572.0
1741559202,kashef-k8s-w1.geo-bd9dfdb45-pmmf7,container_cpu_cfs_throttled_periods_total,371.0
1741559202,kashef-k8s-w1.memcached-reserve-bdcb467b4-fpm4v,container_cpu_cfs_throttled_periods_total,277.0
1741559202,kashef-k8s-ctl.rate-66d9d98f67-459fp,container_cpu_cfs_throttled_periods_total,0.0
1741559202,kashef-k8s-w1.recommendation-6494d54897-js5nk,container_cpu_cfs_throttled_periods_total,366.0
1741559202,kashef-k8s-w1.consul-56f5cf4f78-qrhkb,container_cpu_cfs_throttled_periods_total,581.0
1741559202,kashef-k8s-w1.search-8677798cf5-fsd5r,container_cpu_cfs_throttled_periods_total,348.0
1741559202,kashef-k8s-ctl.reservation-7799998946-chd6t,container_cpu_cfs_throttled_periods_total,0.0
1741559202,kashef-k8s-w1.jaeger-5d885bcf88-stzjn,container_cpu_cfs_throttled_periods_total,264.0
1741559202,kashef-k8s-ctl.memcached-rate-bcc5c97f8-xtz5g,container_cpu_cfs_throttled_periods_total,0.0
1741559202,kashef-k8s-ctl.memcached-profile-7d6fcb6b8-qbcm2,container_cpu_cfs_throttled_periods_total,0.0
1741559202,kashef-k8s-w1.user-698454f8c4-pfgkk,container_cpu_cfs_throttled_periods_total,3570.0
1741559202,kashef-k8s-w1.mongodb-user-6d96648ddc-pkv6k,container_cpu_cfs_throttled_periods_total,576.0
1741559202,kashef-k8s-ctl.mongodb-recommendation-59d6b7ccf9-jnrb4,container_cpu_cfs_throttled_periods_total,3.0
1741559202,kashef-k8s-w1.mongodb-profile-6bb85f4df7-rfvcl,container_cpu_cfs_throttled_periods_total,584.0
1741559202,kashef-k8s-ctl.mongodb-rate-785b799bbc-rh26t,container_cpu_cfs_throttled_periods_total,0.0
1741559202,kashef-k8s-ctl.profile-6c9f4cc75f-gldzm,container_cpu_cfs_throttled_periods_total,0.0
1741559217,kashef-k8s-w1.frontend-7d9d864798-n6lsm,container_cpu_cfs_throttled_periods_total,366.0
1741559217,kashef-k8s-w1.mongodb-user-6d96648ddc-pkv6k,container_cpu_cfs_throttled_periods_total,668.0
1741559217,kashef-k8s-w1.consul-56f5cf4f78-qrhkb,container_cpu_cfs_throttled_periods_total,680.0
1741559217,kashef-k8s-w1.mongodb-geo-86b59b75f4-grd4s,container_cpu_cfs_throttled_periods_total,663.0
1741559217,kashef-k8s-ctl.profile-6c9f4cc75f-gldzm,container_cpu_cfs_throttled_periods_total,0.0
1741559217,kashef-k8s-ctl.memcached-rate-bcc5c97f8-xtz5g,container_cpu_cfs_throttled_periods_total,0.0
1741559217,kashef-k8s-ctl.memcached-profile-7d6fcb6b8-qbcm2,container_cpu_cfs_throttled_periods_total,0.0
1741559217,kashef-k8s-ctl.mongodb-rate-785b799bbc-rh26t,container_cpu_cfs_throttled_periods_total,0.0
1741559217,kashef-k8s-ctl.mongodb-reservation-7b474745f-h55m7,container_cpu_cfs_throttled_periods_total,1.0
1741559217,kashef-k8s-ctl.reservation-7799998946-chd6t,container_cpu_cfs_throttled_periods_total,0.0
1741559217,kashef-k8s-ctl.mongodb-recommendation-59d6b7ccf9-jnrb4,container_cpu_cfs_throttled_periods_total,3.0
1741559217,kashef-k8s-w1.search-8677798cf5-fsd5r,container_cpu_cfs_throttled_periods_total,395.0
1741559217,kashef-k8s-w1.recommendation-6494d54897-js5nk,container_cpu_cfs_throttled_periods_total,381.0
1741559217,kashef-k8s-w1.user-698454f8c4-pfgkk,container_cpu_cfs_throttled_periods_total,4125.0
1741559217,kashef-k8s-w1.jaeger-5d885bcf88-stzjn,container_cpu_cfs_throttled_periods_total,287.0
1741559217,kashef-k8s-w1.memcached-reserve-bdcb467b4-fpm4v,container_cpu_cfs_throttled_periods_total,317.0
1741559217,kashef-k8s-ctl.rate-66d9d98f67-459fp,container_cpu_cfs_throttled_periods_total,0.0
1741559217,kashef-k8s-w1.geo-bd9dfdb45-pmmf7,container_cpu_cfs_throttled_periods_total,371.0
1741559217,kashef-k8s-w1.mongodb-profile-6bb85f4df7-rfvcl,container_cpu_cfs_throttled_periods_total,642.0
1741559232,kashef-k8s-w1.memcached-reserve-bdcb467b4-fpm4v,container_cpu_cfs_throttled_periods_total,317.0
1741559232,kashef-k8s-w1.geo-bd9dfdb45-pmmf7,container_cpu_cfs_throttled_periods_total,422.0
1741559232,kashef-k8s-ctl.reservation-7799998946-chd6t,container_cpu_cfs_throttled_periods_total,0.0
1741559232,kashef-k8s-w1.mongodb-user-6d96648ddc-pkv6k,container_cpu_cfs_throttled_periods_total,668.0
1741559232,kashef-k8s-w1.jaeger-5d885bcf88-stzjn,container_cpu_cfs_throttled_periods_total,287.0
1741559232,kashef-k8s-ctl.rate-66d9d98f67-459fp,container_cpu_cfs_throttled_periods_total,0.0
1741559232,kashef-k8s-w1.user-698454f8c4-pfgkk,container_cpu_cfs_throttled_periods_total,4125.0
1741559232,kashef-k8s-w1.frontend-7d9d864798-n6lsm,container_cpu_cfs_throttled_periods_total,366.0
1741559232,kashef-k8s-w1.recommendation-6494d54897-js5nk,container_cpu_cfs_throttled_periods_total,381.0
1741559232,kashef-k8s-ctl.profile-6c9f4cc75f-gldzm,container_cpu_cfs_throttled_periods_total,0.0
1741559232,kashef-k8s-w1.search-8677798cf5-fsd5r,container_cpu_cfs_throttled_periods_total,395.0
1741559232,kashef-k8s-w1.mongodb-geo-86b59b75f4-grd4s,container_cpu_cfs_throttled_periods_total,663.0
1741559232,kashef-k8s-ctl.mongodb-rate-785b799bbc-rh26t,container_cpu_cfs_throttled_periods_total,0.0
1741559232,kashef-k8s-ctl.memcached-rate-bcc5c97f8-xtz5g,container_cpu_cfs_throttled_periods_total,0.0
1741559232,kashef-k8s-ctl.mongodb-recommendation-59d6b7ccf9-jnrb4,container_cpu_cfs_throttled_periods_total,3.0
1741559232,kashef-k8s-w1.consul-56f5cf4f78-qrhkb,container_cpu_cfs_throttled_periods_total,680.0
1741559232,kashef-k8s-ctl.memcached-profile-7d6fcb6b8-qbcm2,container_cpu_cfs_throttled_periods_total,0.0
1741559232,kashef-k8s-w1.mongodb-profile-6bb85f4df7-rfvcl,container_cpu_cfs_throttled_periods_total,642.0
1741559232,kashef-k8s-ctl.mongodb-reservation-7b474745f-h55m7,container_cpu_cfs_throttled_periods_total,1.0
1741559247,kashef-k8s-ctl.memcached-profile-7d6fcb6b8-qbcm2,container_cpu_cfs_throttled_periods_total,0.0
1741559247,kashef-k8s-w1.mongodb-user-6d96648ddc-pkv6k,container_cpu_cfs_throttled_periods_total,668.0
1741559247,kashef-k8s-w1.frontend-7d9d864798-n6lsm,container_cpu_cfs_throttled_periods_total,366.0
1741559247,kashef-k8s-ctl.mongodb-reservation-7b474745f-h55m7,container_cpu_cfs_throttled_periods_total,1.0
1741559247,kashef-k8s-ctl.memcached-rate-bcc5c97f8-xtz5g,container_cpu_cfs_throttled_periods_total,0.0
1741559247,kashef-k8s-w1.consul-56f5cf4f78-qrhkb,container_cpu_cfs_throttled_periods_total,680.0
1741559247,kashef-k8s-w1.recommendation-6494d54897-js5nk,container_cpu_cfs_throttled_periods_total,381.0
1741559247,kashef-k8s-w1.search-8677798cf5-fsd5r,container_cpu_cfs_throttled_periods_total,395.0
1741559247,kashef-k8s-w1.jaeger-5d885bcf88-stzjn,container_cpu_cfs_throttled_periods_total,287.0
1741559247,kashef-k8s-w1.user-698454f8c4-pfgkk,container_cpu_cfs_throttled_periods_total,4125.0
1741559247,kashef-k8s-ctl.reservation-7799998946-chd6t,container_cpu_cfs_throttled_periods_total,0.0
1741559247,kashef-k8s-w1.geo-bd9dfdb45-pmmf7,container_cpu_cfs_throttled_periods_total,422.0
1741559247,kashef-k8s-w1.memcached-reserve-bdcb467b4-fpm4v,container_cpu_cfs_throttled_periods_total,317.0
1741559247,kashef-k8s-ctl.rate-66d9d98f67-459fp,container_cpu_cfs_throttled_periods_total,0.0
1741559247,kashef-k8s-w1.mongodb-profile-6bb85f4df7-rfvcl,container_cpu_cfs_throttled_periods_total,642.0
1741559247,kashef-k8s-ctl.profile-6c9f4cc75f-gldzm,container_cpu_cfs_throttled_periods_total,0.0
1741559247,kashef-k8s-ctl.mongodb-recommendation-59d6b7ccf9-jnrb4,container_cpu_cfs_throttled_periods_total,3.0
1741559247,kashef-k8s-ctl.mongodb-rate-785b799bbc-rh26t,container_cpu_cfs_throttled_periods_total,0.0
1741559247,kashef-k8s-w1.mongodb-geo-86b59b75f4-grd4s,container_cpu_cfs_throttled_periods_total,663.0
1741559262,kashef-k8s-w1.recommendation-6494d54897-js5nk,container_cpu_cfs_throttled_periods_total,381.0
1741559262,kashef-k8s-w1.consul-56f5cf4f78-qrhkb,container_cpu_cfs_throttled_periods_total,680.0
1741559262,kashef-k8s-w1.geo-bd9dfdb45-pmmf7,container_cpu_cfs_throttled_periods_total,422.0
1741559262,kashef-k8s-ctl.reservation-7799998946-chd6t,container_cpu_cfs_throttled_periods_total,0.0
1741559262,kashef-k8s-w1.mongodb-user-6d96648ddc-pkv6k,container_cpu_cfs_throttled_periods_total,668.0
1741559262,kashef-k8s-w1.search-8677798cf5-fsd5r,container_cpu_cfs_throttled_periods_total,395.0
1741559262,kashef-k8s-w1.jaeger-5d885bcf88-stzjn,container_cpu_cfs_throttled_periods_total,287.0
1741559262,kashef-k8s-w1.mongodb-geo-86b59b75f4-grd4s,container_cpu_cfs_throttled_periods_total,663.0
1741559262,kashef-k8s-w1.frontend-7d9d864798-n6lsm,container_cpu_cfs_throttled_periods_total,366.0
1741559262,kashef-k8s-w1.user-698454f8c4-pfgkk,container_cpu_cfs_throttled_periods_total,4125.0
1741559262,kashef-k8s-ctl.mongodb-recommendation-59d6b7ccf9-jnrb4,container_cpu_cfs_throttled_periods_total,3.0
1741559262,kashef-k8s-ctl.memcached-rate-bcc5c97f8-xtz5g,container_cpu_cfs_throttled_periods_total,0.0
1741559262,kashef-k8s-ctl.memcached-profile-7d6fcb6b8-qbcm2,container_cpu_cfs_throttled_periods_total,0.0
1741559262,kashef-k8s-ctl.profile-6c9f4cc75f-gldzm,container_cpu_cfs_throttled_periods_total,0.0
1741559262,kashef-k8s-w1.memcached-reserve-bdcb467b4-fpm4v,container_cpu_cfs_throttled_periods_total,317.0
1741559262,kashef-k8s-ctl.mongodb-rate-785b799bbc-rh26t,container_cpu_cfs_throttled_periods_total,0.0
1741559262,kashef-k8s-ctl.mongodb-reservation-7b474745f-h55m7,container_cpu_cfs_throttled_periods_total,1.0
1741559262,kashef-k8s-ctl.rate-66d9d98f67-459fp,container_cpu_cfs_throttled_periods_total,0.0
1741559262,kashef-k8s-w1.mongodb-profile-6bb85f4df7-rfvcl,container_cpu_cfs_throttled_periods_total,642.0
1741559277,kashef-k8s-ctl.rate-66d9d98f67-459fp,container_cpu_cfs_throttled_periods_total,0.0
1741559277,kashef-k8s-w1.mongodb-profile-6bb85f4df7-rfvcl,container_cpu_cfs_throttled_periods_total,789.0
1741559277,kashef-k8s-w1.memcached-reserve-bdcb467b4-fpm4v,container_cpu_cfs_throttled_periods_total,322.0
1741559277,kashef-k8s-ctl.mongodb-reservation-7b474745f-h55m7,container_cpu_cfs_throttled_periods_total,1.0
1741559277,kashef-k8s-ctl.mongodb-rate-785b799bbc-rh26t,container_cpu_cfs_throttled_periods_total,0.0
1741559277,kashef-k8s-ctl.mongodb-recommendation-59d6b7ccf9-jnrb4,container_cpu_cfs_throttled_periods_total,3.0
1741559277,kashef-k8s-ctl.profile-6c9f4cc75f-gldzm,container_cpu_cfs_throttled_periods_total,0.0
1741559277,kashef-k8s-ctl.memcached-rate-bcc5c97f8-xtz5g,container_cpu_cfs_throttled_periods_total,0.0
1741559277,kashef-k8s-w1.user-698454f8c4-pfgkk,container_cpu_cfs_throttled_periods_total,4125.0
1741559277,kashef-k8s-ctl.memcached-profile-7d6fcb6b8-qbcm2,container_cpu_cfs_throttled_periods_total,0.0
1741559277,kashef-k8s-w1.recommendation-6494d54897-js5nk,container_cpu_cfs_throttled_periods_total,507.0
1741559277,kashef-k8s-w1.geo-bd9dfdb45-pmmf7,container_cpu_cfs_throttled_periods_total,512.0
1741559277,kashef-k8s-w1.search-8677798cf5-fsd5r,container_cpu_cfs_throttled_periods_total,431.0
1741559277,kashef-k8s-w1.mongodb-geo-86b59b75f4-grd4s,container_cpu_cfs_throttled_periods_total,704.0
1741559277,kashef-k8s-w1.mongodb-user-6d96648ddc-pkv6k,container_cpu_cfs_throttled_periods_total,782.0
1741559277,kashef-k8s-w1.consul-56f5cf4f78-qrhkb,container_cpu_cfs_throttled_periods_total,803.0
1741559277,kashef-k8s-w1.frontend-7d9d864798-n6lsm,container_cpu_cfs_throttled_periods_total,366.0
1741559277,kashef-k8s-w1.jaeger-5d885bcf88-stzjn,container_cpu_cfs_throttled_periods_total,325.0
1741559277,kashef-k8s-ctl.reservation-7799998946-chd6t,container_cpu_cfs_throttled_periods_total,0.0
1741559292,kashef-k8s-ctl.rate-66d9d98f67-459fp,container_cpu_cfs_throttled_periods_total,0.0
1741559292,kashef-k8s-ctl.memcached-profile-7d6fcb6b8-qbcm2,container_cpu_cfs_throttled_periods_total,0.0
1741559292,kashef-k8s-w1.user-698454f8c4-pfgkk,container_cpu_cfs_throttled_periods_total,4803.0
1741559292,kashef-k8s-w1.search-8677798cf5-fsd5r,container_cpu_cfs_throttled_periods_total,431.0
1741559292,kashef-k8s-w1.mongodb-geo-86b59b75f4-grd4s,container_cpu_cfs_throttled_periods_total,704.0
1741559292,kashef-k8s-w1.recommendation-6494d54897-js5nk,container_cpu_cfs_throttled_periods_total,507.0
1741559292,kashef-k8s-ctl.profile-6c9f4cc75f-gldzm,container_cpu_cfs_throttled_periods_total,0.0
1741559292,kashef-k8s-ctl.mongodb-rate-785b799bbc-rh26t,container_cpu_cfs_throttled_periods_total,0.0
1741559292,kashef-k8s-ctl.mongodb-reservation-7b474745f-h55m7,container_cpu_cfs_throttled_periods_total,1.0
1741559292,kashef-k8s-ctl.mongodb-recommendation-59d6b7ccf9-jnrb4,container_cpu_cfs_throttled_periods_total,3.0
1741559292,kashef-k8s-ctl.memcached-rate-bcc5c97f8-xtz5g,container_cpu_cfs_throttled_periods_total,0.0
1741559292,kashef-k8s-w1.memcached-reserve-bdcb467b4-fpm4v,container_cpu_cfs_throttled_periods_total,322.0
1741559292,kashef-k8s-w1.mongodb-profile-6bb85f4df7-rfvcl,container_cpu_cfs_throttled_periods_total,789.0
1741559292,kashef-k8s-ctl.reservation-7799998946-chd6t,container_cpu_cfs_throttled_periods_total,0.0
1741559292,kashef-k8s-w1.mongodb-user-6d96648ddc-pkv6k,container_cpu_cfs_throttled_periods_total,782.0
1741559292,kashef-k8s-w1.frontend-7d9d864798-n6lsm,container_cpu_cfs_throttled_periods_total,417.0
1741559292,kashef-k8s-w1.geo-bd9dfdb45-pmmf7,container_cpu_cfs_throttled_periods_total,512.0
1741559292,kashef-k8s-w1.jaeger-5d885bcf88-stzjn,container_cpu_cfs_throttled_periods_total,325.0
1741559292,kashef-k8s-w1.consul-56f5cf4f78-qrhkb,container_cpu_cfs_throttled_periods_total,803.0
1741559307,kashef-k8s-ctl.profile-6c9f4cc75f-gldzm,container_cpu_cfs_throttled_periods_total,0.0
1741559307,kashef-k8s-w1.mongodb-geo-86b59b75f4-grd4s,container_cpu_cfs_throttled_periods_total,704.0
1741559307,kashef-k8s-w1.memcached-reserve-bdcb467b4-fpm4v,container_cpu_cfs_throttled_periods_total,322.0
1741559307,kashef-k8s-w1.geo-bd9dfdb45-pmmf7,container_cpu_cfs_throttled_periods_total,512.0
1741559307,kashef-k8s-w1.mongodb-profile-6bb85f4df7-rfvcl,container_cpu_cfs_throttled_periods_total,789.0
1741559307,kashef-k8s-ctl.memcached-profile-7d6fcb6b8-qbcm2,container_cpu_cfs_throttled_periods_total,0.0
1741559307,kashef-k8s-ctl.mongodb-rate-785b799bbc-rh26t,container_cpu_cfs_throttled_periods_total,0.0
1741559307,kashef-k8s-ctl.rate-66d9d98f67-459fp,container_cpu_cfs_throttled_periods_total,0.0
1741559307,kashef-k8s-ctl.reservation-7799998946-chd6t,container_cpu_cfs_throttled_periods_total,0.0
1741559307,kashef-k8s-ctl.memcached-rate-bcc5c97f8-xtz5g,container_cpu_cfs_throttled_periods_total,0.0
1741559307,kashef-k8s-w1.recommendation-6494d54897-js5nk,container_cpu_cfs_throttled_periods_total,507.0
1741559307,kashef-k8s-w1.search-8677798cf5-fsd5r,container_cpu_cfs_throttled_periods_total,431.0
1741559307,kashef-k8s-w1.mongodb-user-6d96648ddc-pkv6k,container_cpu_cfs_throttled_periods_total,782.0
1741559307,kashef-k8s-w1.frontend-7d9d864798-n6lsm,container_cpu_cfs_throttled_periods_total,417.0
1741559307,kashef-k8s-w1.consul-56f5cf4f78-qrhkb,container_cpu_cfs_throttled_periods_total,803.0
1741559307,kashef-k8s-ctl.mongodb-recommendation-59d6b7ccf9-jnrb4,container_cpu_cfs_throttled_periods_total,3.0
1741559307,kashef-k8s-w1.jaeger-5d885bcf88-stzjn,container_cpu_cfs_throttled_periods_total,325.0
1741559307,kashef-k8s-w1.user-698454f8c4-pfgkk,container_cpu_cfs_throttled_periods_total,4803.0
1741559307,kashef-k8s-ctl.mongodb-reservation-7b474745f-h55m7,container_cpu_cfs_throttled_periods_total,1.0
1741559322,kashef-k8s-w1.mongodb-profile-6bb85f4df7-rfvcl,container_cpu_cfs_throttled_periods_total,789.0
1741559322,kashef-k8s-w1.memcached-reserve-bdcb467b4-fpm4v,container_cpu_cfs_throttled_periods_total,322.0
1741559322,kashef-k8s-w1.mongodb-user-6d96648ddc-pkv6k,container_cpu_cfs_throttled_periods_total,782.0
1741559322,kashef-k8s-w1.consul-56f5cf4f78-qrhkb,container_cpu_cfs_throttled_periods_total,904.0
1741559322,kashef-k8s-w1.frontend-7d9d864798-n6lsm,container_cpu_cfs_throttled_periods_total,417.0
1741559322,kashef-k8s-ctl.mongodb-rate-785b799bbc-rh26t,container_cpu_cfs_throttled_periods_total,0.0
1741559322,kashef-k8s-ctl.memcached-profile-7d6fcb6b8-qbcm2,container_cpu_cfs_throttled_periods_total,0.0
1741559322,kashef-k8s-w1.mongodb-geo-86b59b75f4-grd4s,container_cpu_cfs_throttled_periods_total,704.0
1741559322,kashef-k8s-w1.user-698454f8c4-pfgkk,container_cpu_cfs_throttled_periods_total,4803.0
1741559322,kashef-k8s-w1.jaeger-5d885bcf88-stzjn,container_cpu_cfs_throttled_periods_total,325.0
1741559322,kashef-k8s-ctl.reservation-7799998946-chd6t,container_cpu_cfs_throttled_periods_total,0.0
1741559322,kashef-k8s-w1.search-8677798cf5-fsd5r,container_cpu_cfs_throttled_periods_total,431.0
1741559322,kashef-k8s-w1.recommendation-6494d54897-js5nk,container_cpu_cfs_throttled_periods_total,507.0
1741559322,kashef-k8s-ctl.mongodb-recommendation-59d6b7ccf9-jnrb4,container_cpu_cfs_throttled_periods_total,3.0
1741559322,kashef-k8s-ctl.profile-6c9f4cc75f-gldzm,container_cpu_cfs_throttled_periods_total,0.0
1741559322,kashef-k8s-ctl.memcached-rate-bcc5c97f8-xtz5g,container_cpu_cfs_throttled_periods_total,0.0
1741559322,kashef-k8s-ctl.mongodb-reservation-7b474745f-h55m7,container_cpu_cfs_throttled_periods_total,1.0
1741559322,kashef-k8s-ctl.rate-66d9d98f67-459fp,container_cpu_cfs_throttled_periods_total,0.0
1741559322,kashef-k8s-w1.geo-bd9dfdb45-pmmf7,container_cpu_cfs_throttled_periods_total,512.0
1741559337,kashef-k8s-ctl.mongodb-rate-785b799bbc-rh26t,container_cpu_cfs_throttled_periods_total,0.0
1741559337,kashef-k8s-w1.consul-56f5cf4f78-qrhkb,container_cpu_cfs_throttled_periods_total,904.0
1741559337,kashef-k8s-ctl.memcached-profile-7d6fcb6b8-qbcm2,container_cpu_cfs_throttled_periods_total,0.0
1741559337,kashef-k8s-w1.mongodb-geo-86b59b75f4-grd4s,container_cpu_cfs_throttled_periods_total,704.0
1741559337,kashef-k8s-ctl.profile-6c9f4cc75f-gldzm,container_cpu_cfs_throttled_periods_total,0.0
1741559337,kashef-k8s-w1.search-8677798cf5-fsd5r,container_cpu_cfs_throttled_periods_total,508.0
1741559337,kashef-k8s-ctl.mongodb-recommendation-59d6b7ccf9-jnrb4,container_cpu_cfs_throttled_periods_total,3.0
1741559337,kashef-k8s-ctl.memcached-rate-bcc5c97f8-xtz5g,container_cpu_cfs_throttled_periods_total,0.0
1741559337,kashef-k8s-w1.recommendation-6494d54897-js5nk,container_cpu_cfs_throttled_periods_total,580.0
1741559337,kashef-k8s-w1.user-698454f8c4-pfgkk,container_cpu_cfs_throttled_periods_total,5296.0
1741559337,kashef-k8s-w1.mongodb-profile-6bb85f4df7-rfvcl,container_cpu_cfs_throttled_periods_total,789.0
1741559337,kashef-k8s-w1.mongodb-user-6d96648ddc-pkv6k,container_cpu_cfs_throttled_periods_total,887.0
1741559337,kashef-k8s-w1.frontend-7d9d864798-n6lsm,container_cpu_cfs_throttled_periods_total,489.0
1741559337,kashef-k8s-w1.geo-bd9dfdb45-pmmf7,container_cpu_cfs_throttled_periods_total,588.0
1741559337,kashef-k8s-ctl.reservation-7799998946-chd6t,container_cpu_cfs_throttled_periods_total,0.0
1741559337,kashef-k8s-w1.jaeger-5d885bcf88-stzjn,container_cpu_cfs_throttled_periods_total,394.0
1741559337,kashef-k8s-ctl.mongodb-reservation-7b474745f-h55m7,container_cpu_cfs_throttled_periods_total,1.0
1741559337,kashef-k8s-ctl.rate-66d9d98f67-459fp,container_cpu_cfs_throttled_periods_total,0.0
1741559337,kashef-k8s-w1.memcached-reserve-bdcb467b4-fpm4v,container_cpu_cfs_throttled_periods_total,389.0
1741559352,kashef-k8s-w1.geo-bd9dfdb45-pmmf7,container_cpu_cfs_throttled_periods_total,588.0
1741559352,kashef-k8s-w1.user-698454f8c4-pfgkk,container_cpu_cfs_throttled_periods_total,5296.0
1741559352,kashef-k8s-ctl.profile-6c9f4cc75f-gldzm,container_cpu_cfs_throttled_periods_total,0.0
1741559352,kashef-k8s-ctl.mongodb-reservation-7b474745f-h55m7,container_cpu_cfs_throttled_periods_total,1.0
1741559352,kashef-k8s-ctl.memcached-profile-7d6fcb6b8-qbcm2,container_cpu_cfs_throttled_periods_total,0.0
1741559352,kashef-k8s-ctl.memcached-rate-bcc5c97f8-xtz5g,container_cpu_cfs_throttled_periods_total,0.0
1741559352,kashef-k8s-ctl.rate-66d9d98f67-459fp,container_cpu_cfs_throttled_periods_total,0.0
1741559352,kashef-k8s-ctl.mongodb-recommendation-59d6b7ccf9-jnrb4,container_cpu_cfs_throttled_periods_total,3.0
1741559352,kashef-k8s-w1.mongodb-user-6d96648ddc-pkv6k,container_cpu_cfs_throttled_periods_total,887.0
1741559352,kashef-k8s-w1.consul-56f5cf4f78-qrhkb,container_cpu_cfs_throttled_periods_total,904.0
1741559352,kashef-k8s-w1.mongodb-profile-6bb85f4df7-rfvcl,container_cpu_cfs_throttled_periods_total,891.0
1741559352,kashef-k8s-w1.mongodb-geo-86b59b75f4-grd4s,container_cpu_cfs_throttled_periods_total,879.0
1741559352,kashef-k8s-w1.recommendation-6494d54897-js5nk,container_cpu_cfs_throttled_periods_total,580.0
1741559352,kashef-k8s-w1.search-8677798cf5-fsd5r,container_cpu_cfs_throttled_periods_total,508.0
1741559352,kashef-k8s-ctl.mongodb-rate-785b799bbc-rh26t,container_cpu_cfs_throttled_periods_total,0.0
1741559352,kashef-k8s-w1.jaeger-5d885bcf88-stzjn,container_cpu_cfs_throttled_periods_total,394.0
1741559352,kashef-k8s-ctl.reservation-7799998946-chd6t,container_cpu_cfs_throttled_periods_total,0.0
1741559352,kashef-k8s-w1.memcached-reserve-bdcb467b4-fpm4v,container_cpu_cfs_throttled_periods_total,389.0
1741559352,kashef-k8s-w1.frontend-7d9d864798-n6lsm,container_cpu_cfs_throttled_periods_total,489.0
1741559367,kashef-k8s-ctl.memcached-rate-bcc5c97f8-xtz5g,container_cpu_cfs_throttled_periods_total,0.0
1741559367,kashef-k8s-w1.memcached-reserve-bdcb467b4-fpm4v,container_cpu_cfs_throttled_periods_total,389.0
1741559367,kashef-k8s-w1.user-698454f8c4-pfgkk,container_cpu_cfs_throttled_periods_total,5296.0
1741559367,kashef-k8s-w1.recommendation-6494d54897-js5nk,container_cpu_cfs_throttled_periods_total,580.0
1741559367,kashef-k8s-ctl.reservation-7799998946-chd6t,container_cpu_cfs_throttled_periods_total,0.0
1741559367,kashef-k8s-w1.frontend-7d9d864798-n6lsm,container_cpu_cfs_throttled_periods_total,489.0
1741559367,kashef-k8s-ctl.memcached-profile-7d6fcb6b8-qbcm2,container_cpu_cfs_throttled_periods_total,0.0
1741559367,kashef-k8s-ctl.rate-66d9d98f67-459fp,container_cpu_cfs_throttled_periods_total,0.0
1741559367,kashef-k8s-w1.mongodb-profile-6bb85f4df7-rfvcl,container_cpu_cfs_throttled_periods_total,891.0
1741559367,kashef-k8s-w1.search-8677798cf5-fsd5r,container_cpu_cfs_throttled_periods_total,508.0
1741559367,kashef-k8s-w1.mongodb-geo-86b59b75f4-grd4s,container_cpu_cfs_throttled_periods_total,879.0
1741559367,kashef-k8s-w1.consul-56f5cf4f78-qrhkb,container_cpu_cfs_throttled_periods_total,904.0
1741559367,kashef-k8s-w1.jaeger-5d885bcf88-stzjn,container_cpu_cfs_throttled_periods_total,394.0
1741559367,kashef-k8s-w1.mongodb-user-6d96648ddc-pkv6k,container_cpu_cfs_throttled_periods_total,887.0
1741559367,kashef-k8s-ctl.mongodb-reservation-7b474745f-h55m7,container_cpu_cfs_throttled_periods_total,1.0
1741559367,kashef-k8s-ctl.mongodb-rate-785b799bbc-rh26t,container_cpu_cfs_throttled_periods_total,0.0
1741559367,kashef-k8s-ctl.mongodb-recommendation-59d6b7ccf9-jnrb4,container_cpu_cfs_throttled_periods_total,3.0
1741559367,kashef-k8s-w1.geo-bd9dfdb45-pmmf7,container_cpu_cfs_throttled_periods_total,588.0
1741559367,kashef-k8s-ctl.profile-6c9f4cc75f-gldzm,container_cpu_cfs_throttled_periods_total,0.0
1741559382,kashef-k8s-ctl.mongodb-rate-785b799bbc-rh26t,container_cpu_cfs_throttled_periods_total,0.0
1741559382,kashef-k8s-w1.user-698454f8c4-pfgkk,container_cpu_cfs_throttled_periods_total,5296.0
1741559382,kashef-k8s-ctl.memcached-rate-bcc5c97f8-xtz5g,container_cpu_cfs_throttled_periods_total,0.0
1741559382,kashef-k8s-ctl.rate-66d9d98f67-459fp,container_cpu_cfs_throttled_periods_total,0.0
1741559382,kashef-k8s-w1.frontend-7d9d864798-n6lsm,container_cpu_cfs_throttled_periods_total,489.0
1741559382,kashef-k8s-w1.mongodb-user-6d96648ddc-pkv6k,container_cpu_cfs_throttled_periods_total,887.0
1741559382,kashef-k8s-w1.jaeger-5d885bcf88-stzjn,container_cpu_cfs_throttled_periods_total,394.0
1741559382,kashef-k8s-ctl.mongodb-reservation-7b474745f-h55m7,container_cpu_cfs_throttled_periods_total,1.0
1741559382,kashef-k8s-w1.recommendation-6494d54897-js5nk,container_cpu_cfs_throttled_periods_total,580.0
1741559382,kashef-k8s-w1.search-8677798cf5-fsd5r,container_cpu_cfs_throttled_periods_total,508.0
1741559382,kashef-k8s-w1.mongodb-geo-86b59b75f4-grd4s,container_cpu_cfs_throttled_periods_total,879.0
1741559382,kashef-k8s-ctl.reservation-7799998946-chd6t,container_cpu_cfs_throttled_periods_total,0.0
1741559382,kashef-k8s-ctl.memcached-profile-7d6fcb6b8-qbcm2,container_cpu_cfs_throttled_periods_total,0.0
1741559382,kashef-k8s-ctl.mongodb-recommendation-59d6b7ccf9-jnrb4,container_cpu_cfs_throttled_periods_total,3.0
1741559382,kashef-k8s-w1.consul-56f5cf4f78-qrhkb,container_cpu_cfs_throttled_periods_total,904.0
1741559382,kashef-k8s-w1.memcached-reserve-bdcb467b4-fpm4v,container_cpu_cfs_throttled_periods_total,389.0
1741559382,kashef-k8s-w1.mongodb-profile-6bb85f4df7-rfvcl,container_cpu_cfs_throttled_periods_total,891.0
1741559382,kashef-k8s-ctl.profile-6c9f4cc75f-gldzm,container_cpu_cfs_throttled_periods_total,0.0
1741559382,kashef-k8s-w1.geo-bd9dfdb45-pmmf7,container_cpu_cfs_throttled_periods_total,588.0
1741559397,kashef-k8s-w1.mongodb-profile-6bb85f4df7-rfvcl,container_cpu_cfs_throttled_periods_total,1053.0
1741559397,kashef-k8s-w1.memcached-reserve-bdcb467b4-fpm4v,container_cpu_cfs_throttled_periods_total,389.0
1741559397,kashef-k8s-ctl.memcached-profile-7d6fcb6b8-qbcm2,container_cpu_cfs_throttled_periods_total,0.0
1741559397,kashef-k8s-w1.geo-bd9dfdb45-pmmf7,container_cpu_cfs_throttled_periods_total,721.0
1741559397,kashef-k8s-ctl.mongodb-recommendation-59d6b7ccf9-jnrb4,container_cpu_cfs_throttled_periods_total,3.0
1741559397,kashef-k8s-w1.mongodb-user-6d96648ddc-pkv6k,container_cpu_cfs_throttled_periods_total,887.0
1741559397,kashef-k8s-w1.consul-56f5cf4f78-qrhkb,container_cpu_cfs_throttled_periods_total,904.0
1741559397,kashef-k8s-ctl.reservation-7799998946-chd6t,container_cpu_cfs_throttled_periods_total,0.0
1741559397,kashef-k8s-w1.frontend-7d9d864798-n6lsm,container_cpu_cfs_throttled_periods_total,489.0
1741559397,kashef-k8s-ctl.mongodb-rate-785b799bbc-rh26t,container_cpu_cfs_throttled_periods_total,0.0
1741559397,kashef-k8s-ctl.rate-66d9d98f67-459fp,container_cpu_cfs_throttled_periods_total,0.0
1741559397,kashef-k8s-ctl.mongodb-reservation-7b474745f-h55m7,container_cpu_cfs_throttled_periods_total,1.0
1741559397,kashef-k8s-ctl.profile-6c9f4cc75f-gldzm,container_cpu_cfs_throttled_periods_total,0.0
1741559397,kashef-k8s-w1.jaeger-5d885bcf88-stzjn,container_cpu_cfs_throttled_periods_total,394.0
1741559397,kashef-k8s-w1.search-8677798cf5-fsd5r,container_cpu_cfs_throttled_periods_total,642.0
1741559397,kashef-k8s-w1.recommendation-6494d54897-js5nk,container_cpu_cfs_throttled_periods_total,580.0
1741559397,kashef-k8s-w1.user-698454f8c4-pfgkk,container_cpu_cfs_throttled_periods_total,5296.0
1741559397,kashef-k8s-ctl.memcached-rate-bcc5c97f8-xtz5g,container_cpu_cfs_throttled_periods_total,0.0
1741559397,kashef-k8s-w1.mongodb-geo-86b59b75f4-grd4s,container_cpu_cfs_throttled_periods_total,879.0
1741559412,kashef-k8s-w1.mongodb-user-6d96648ddc-pkv6k,container_cpu_cfs_throttled_periods_total,1046.0
1741559412,kashef-k8s-ctl.mongodb-recommendation-59d6b7ccf9-jnrb4,container_cpu_cfs_throttled_periods_total,3.0
1741559412,kashef-k8s-w1.consul-56f5cf4f78-qrhkb,container_cpu_cfs_throttled_periods_total,1158.0
1741559412,kashef-k8s-ctl.profile-6c9f4cc75f-gldzm,container_cpu_cfs_throttled_periods_total,0.0
1741559412,kashef-k8s-w1.mongodb-geo-86b59b75f4-grd4s,container_cpu_cfs_throttled_periods_total,1128.0
1741559412,kashef-k8s-w1.jaeger-5d885bcf88-stzjn,container_cpu_cfs_throttled_periods_total,525.0
1741559412,kashef-k8s-w1.search-8677798cf5-fsd5r,container_cpu_cfs_throttled_periods_total,642.0
1741559412,kashef-k8s-w1.recommendation-6494d54897-js5nk,container_cpu_cfs_throttled_periods_total,722.0
1741559412,kashef-k8s-ctl.mongodb-reservation-7b474745f-h55m7,container_cpu_cfs_throttled_periods_total,1.0
1741559412,kashef-k8s-ctl.memcached-profile-7d6fcb6b8-qbcm2,container_cpu_cfs_throttled_periods_total,0.0
1741559412,kashef-k8s-w1.mongodb-profile-6bb85f4df7-rfvcl,container_cpu_cfs_throttled_periods_total,1053.0
1741559412,kashef-k8s-w1.memcached-reserve-bdcb467b4-fpm4v,container_cpu_cfs_throttled_periods_total,521.0
1741559412,kashef-k8s-ctl.memcached-rate-bcc5c97f8-xtz5g,container_cpu_cfs_throttled_periods_total,0.0
1741559412,kashef-k8s-ctl.mongodb-rate-785b799bbc-rh26t,container_cpu_cfs_throttled_periods_total,0.0
1741559412,kashef-k8s-w1.frontend-7d9d864798-n6lsm,container_cpu_cfs_throttled_periods_total,620.0
1741559412,kashef-k8s-ctl.reservation-7799998946-chd6t,container_cpu_cfs_throttled_periods_total,0.0
1741559412,kashef-k8s-w1.user-698454f8c4-pfgkk,container_cpu_cfs_throttled_periods_total,5989.0
1741559412,kashef-k8s-ctl.rate-66d9d98f67-459fp,container_cpu_cfs_throttled_periods_total,0.0
1741559412,kashef-k8s-w1.geo-bd9dfdb45-pmmf7,container_cpu_cfs_throttled_periods_total,721.0
1741559427,kashef-k8s-w1.geo-bd9dfdb45-pmmf7,container_cpu_cfs_throttled_periods_total,721.0
1741559427,kashef-k8s-ctl.mongodb-recommendation-59d6b7ccf9-jnrb4,container_cpu_cfs_throttled_periods_total,3.0
1741559427,kashef-k8s-ctl.memcached-rate-bcc5c97f8-xtz5g,container_cpu_cfs_throttled_periods_total,0.0
1741559427,kashef-k8s-w1.mongodb-profile-6bb85f4df7-rfvcl,container_cpu_cfs_throttled_periods_total,1053.0
1741559427,kashef-k8s-ctl.rate-66d9d98f67-459fp,container_cpu_cfs_throttled_periods_total,0.0
1741559427,kashef-k8s-ctl.memcached-profile-7d6fcb6b8-qbcm2,container_cpu_cfs_throttled_periods_total,0.0
1741559427,kashef-k8s-ctl.reservation-7799998946-chd6t,container_cpu_cfs_throttled_periods_total,0.0
1741559427,kashef-k8s-ctl.mongodb-reservation-7b474745f-h55m7,container_cpu_cfs_throttled_periods_total,1.0
1741559427,kashef-k8s-w1.jaeger-5d885bcf88-stzjn,container_cpu_cfs_throttled_periods_total,525.0
1741559427,kashef-k8s-w1.mongodb-geo-86b59b75f4-grd4s,container_cpu_cfs_throttled_periods_total,1128.0
1741559427,kashef-k8s-w1.search-8677798cf5-fsd5r,container_cpu_cfs_throttled_periods_total,642.0
1741559427,kashef-k8s-w1.memcached-reserve-bdcb467b4-fpm4v,container_cpu_cfs_throttled_periods_total,521.0
1741559427,kashef-k8s-w1.mongodb-user-6d96648ddc-pkv6k,container_cpu_cfs_throttled_periods_total,1046.0
1741559427,kashef-k8s-w1.consul-56f5cf4f78-qrhkb,container_cpu_cfs_throttled_periods_total,1158.0
1741559427,kashef-k8s-ctl.mongodb-rate-785b799bbc-rh26t,container_cpu_cfs_throttled_periods_total,0.0
1741559427,kashef-k8s-w1.recommendation-6494d54897-js5nk,container_cpu_cfs_throttled_periods_total,722.0
1741559427,kashef-k8s-w1.frontend-7d9d864798-n6lsm,container_cpu_cfs_throttled_periods_total,620.0
1741559427,kashef-k8s-w1.user-698454f8c4-pfgkk,container_cpu_cfs_throttled_periods_total,5989.0
1741559427,kashef-k8s-ctl.profile-6c9f4cc75f-gldzm,container_cpu_cfs_throttled_periods_total,0.0
1741559442,kashef-k8s-ctl.mongodb-reservation-7b474745f-h55m7,container_cpu_cfs_throttled_periods_total,1.0
1741559442,kashef-k8s-w1.consul-56f5cf4f78-qrhkb,container_cpu_cfs_throttled_periods_total,1158.0
1741559442,kashef-k8s-ctl.mongodb-rate-785b799bbc-rh26t,container_cpu_cfs_throttled_periods_total,0.0
1741559442,kashef-k8s-ctl.profile-6c9f4cc75f-gldzm,container_cpu_cfs_throttled_periods_total,0.0
1741559442,kashef-k8s-w1.mongodb-geo-86b59b75f4-grd4s,container_cpu_cfs_throttled_periods_total,1128.0
1741559442,kashef-k8s-ctl.reservation-7799998946-chd6t,container_cpu_cfs_throttled_periods_total,0.0
1741559442,kashef-k8s-w1.mongodb-user-6d96648ddc-pkv6k,container_cpu_cfs_throttled_periods_total,1046.0
1741559442,kashef-k8s-ctl.mongodb-recommendation-59d6b7ccf9-jnrb4,container_cpu_cfs_throttled_periods_total,3.0
1741559442,kashef-k8s-ctl.memcached-profile-7d6fcb6b8-qbcm2,container_cpu_cfs_throttled_periods_total,0.0
1741559442,kashef-k8s-ctl.rate-66d9d98f67-459fp,container_cpu_cfs_throttled_periods_total,0.0
1741559442,kashef-k8s-w1.mongodb-profile-6bb85f4df7-rfvcl,container_cpu_cfs_throttled_periods_total,1053.0
1741559442,kashef-k8s-ctl.memcached-rate-bcc5c97f8-xtz5g,container_cpu_cfs_throttled_periods_total,0.0
1741559442,kashef-k8s-w1.geo-bd9dfdb45-pmmf7,container_cpu_cfs_throttled_periods_total,721.0
1741559442,kashef-k8s-w1.user-698454f8c4-pfgkk,container_cpu_cfs_throttled_periods_total,5989.0
1741559442,kashef-k8s-w1.memcached-reserve-bdcb467b4-fpm4v,container_cpu_cfs_throttled_periods_total,521.0
1741559442,kashef-k8s-w1.recommendation-6494d54897-js5nk,container_cpu_cfs_throttled_periods_total,722.0
1741559442,kashef-k8s-w1.jaeger-5d885bcf88-stzjn,container_cpu_cfs_throttled_periods_total,525.0
1741559442,kashef-k8s-w1.frontend-7d9d864798-n6lsm,container_cpu_cfs_throttled_periods_total,620.0
1741559442,kashef-k8s-w1.search-8677798cf5-fsd5r,container_cpu_cfs_throttled_periods_total,642.0
1741559457,kashef-k8s-ctl.mongodb-rate-785b799bbc-rh26t,container_cpu_cfs_throttled_periods_total,0.0
1741559457,kashef-k8s-ctl.rate-66d9d98f67-459fp,container_cpu_cfs_throttled_periods_total,0.0
1741559457,kashef-k8s-ctl.memcached-rate-bcc5c97f8-xtz5g,container_cpu_cfs_throttled_periods_total,0.0
1741559457,kashef-k8s-ctl.memcached-profile-7d6fcb6b8-qbcm2,container_cpu_cfs_throttled_periods_total,0.0
1741559457,kashef-k8s-ctl.profile-6c9f4cc75f-gldzm,container_cpu_cfs_throttled_periods_total,0.0
1741559457,kashef-k8s-w1.geo-bd9dfdb45-pmmf7,container_cpu_cfs_throttled_periods_total,796.0
1741559457,kashef-k8s-ctl.mongodb-reservation-7b474745f-h55m7,container_cpu_cfs_throttled_periods_total,1.0
1741559457,kashef-k8s-w1.mongodb-geo-86b59b75f4-grd4s,container_cpu_cfs_throttled_periods_total,1176.0
1741559457,kashef-k8s-w1.mongodb-profile-6bb85f4df7-rfvcl,container_cpu_cfs_throttled_periods_total,1053.0
1741559457,kashef-k8s-w1.jaeger-5d885bcf88-stzjn,container_cpu_cfs_throttled_periods_total,525.0
1741559457,kashef-k8s-w1.mongodb-user-6d96648ddc-pkv6k,container_cpu_cfs_throttled_periods_total,1046.0
1741559457,kashef-k8s-ctl.reservation-7799998946-chd6t,container_cpu_cfs_throttled_periods_total,0.0
1741559457,kashef-k8s-ctl.mongodb-recommendation-59d6b7ccf9-jnrb4,container_cpu_cfs_throttled_periods_total,3.0
1741559457,kashef-k8s-w1.recommendation-6494d54897-js5nk,container_cpu_cfs_throttled_periods_total,797.0
1741559457,kashef-k8s-w1.search-8677798cf5-fsd5r,container_cpu_cfs_throttled_periods_total,690.0
1741559457,kashef-k8s-w1.consul-56f5cf4f78-qrhkb,container_cpu_cfs_throttled_periods_total,1183.0
1741559457,kashef-k8s-w1.user-698454f8c4-pfgkk,container_cpu_cfs_throttled_periods_total,6344.0
1741559457,kashef-k8s-w1.memcached-reserve-bdcb467b4-fpm4v,container_cpu_cfs_throttled_periods_total,524.0
1741559457,kashef-k8s-w1.frontend-7d9d864798-n6lsm,container_cpu_cfs_throttled_periods_total,669.0
1741559472,kashef-k8s-w1.frontend-7d9d864798-n6lsm,container_cpu_cfs_throttled_periods_total,669.0
1741559472,kashef-k8s-w1.recommendation-6494d54897-js5nk,container_cpu_cfs_throttled_periods_total,797.0
1741559472,kashef-k8s-w1.search-8677798cf5-fsd5r,container_cpu_cfs_throttled_periods_total,690.0
1741559472,kashef-k8s-w1.mongodb-user-6d96648ddc-pkv6k,container_cpu_cfs_throttled_periods_total,1182.0
1741559472,kashef-k8s-ctl.mongodb-rate-785b799bbc-rh26t,container_cpu_cfs_throttled_periods_total,0.0
1741559472,kashef-k8s-ctl.reservation-7799998946-chd6t,container_cpu_cfs_throttled_periods_total,0.0
1741559472,kashef-k8s-ctl.mongodb-recommendation-59d6b7ccf9-jnrb4,container_cpu_cfs_throttled_periods_total,3.0
1741559472,kashef-k8s-ctl.rate-66d9d98f67-459fp,container_cpu_cfs_throttled_periods_total,0.0
1741559472,kashef-k8s-ctl.mongodb-reservation-7b474745f-h55m7,container_cpu_cfs_throttled_periods_total,1.0
1741559472,kashef-k8s-w1.consul-56f5cf4f78-qrhkb,container_cpu_cfs_throttled_periods_total,1183.0
1741559472,kashef-k8s-w1.mongodb-profile-6bb85f4df7-rfvcl,container_cpu_cfs_throttled_periods_total,1189.0
1741559472,kashef-k8s-w1.jaeger-5d885bcf88-stzjn,container_cpu_cfs_throttled_periods_total,536.0
1741559472,kashef-k8s-w1.mongodb-geo-86b59b75f4-grd4s,container_cpu_cfs_throttled_periods_total,1176.0
1741559472,kashef-k8s-ctl.memcached-profile-7d6fcb6b8-qbcm2,container_cpu_cfs_throttled_periods_total,0.0
1741559472,kashef-k8s-ctl.memcached-rate-bcc5c97f8-xtz5g,container_cpu_cfs_throttled_periods_total,0.0
1741559472,kashef-k8s-w1.memcached-reserve-bdcb467b4-fpm4v,container_cpu_cfs_throttled_periods_total,524.0
1741559472,kashef-k8s-ctl.profile-6c9f4cc75f-gldzm,container_cpu_cfs_throttled_periods_total,0.0
1741559472,kashef-k8s-w1.geo-bd9dfdb45-pmmf7,container_cpu_cfs_throttled_periods_total,796.0
1741559472,kashef-k8s-w1.user-698454f8c4-pfgkk,container_cpu_cfs_throttled_periods_total,6344.0
1741559487,kashef-k8s-w1.recommendation-6494d54897-js5nk,container_cpu_cfs_throttled_periods_total,797.0
1741559487,kashef-k8s-ctl.mongodb-rate-785b799bbc-rh26t,container_cpu_cfs_throttled_periods_total,0.0
1741559487,kashef-k8s-w1.search-8677798cf5-fsd5r,container_cpu_cfs_throttled_periods_total,690.0
1741559487,kashef-k8s-w1.mongodb-user-6d96648ddc-pkv6k,container_cpu_cfs_throttled_periods_total,1182.0
1741559487,kashef-k8s-ctl.rate-66d9d98f67-459fp,container_cpu_cfs_throttled_periods_total,0.0
1741559487,kashef-k8s-ctl.mongodb-reservation-7b474745f-h55m7,container_cpu_cfs_throttled_periods_total,1.0
1741559487,kashef-k8s-w1.mongodb-geo-86b59b75f4-grd4s,container_cpu_cfs_throttled_periods_total,1176.0
1741559487,kashef-k8s-ctl.reservation-7799998946-chd6t,container_cpu_cfs_throttled_periods_total,0.0
1741559487,kashef-k8s-ctl.mongodb-recommendation-59d6b7ccf9-jnrb4,container_cpu_cfs_throttled_periods_total,3.0
1741559487,kashef-k8s-w1.geo-bd9dfdb45-pmmf7,container_cpu_cfs_throttled_periods_total,796.0
1741559487,kashef-k8s-w1.frontend-7d9d864798-n6lsm,container_cpu_cfs_throttled_periods_total,669.0
1741559487,kashef-k8s-w1.consul-56f5cf4f78-qrhkb,container_cpu_cfs_throttled_periods_total,1183.0
1741559487,kashef-k8s-w1.memcached-reserve-bdcb467b4-fpm4v,container_cpu_cfs_throttled_periods_total,524.0
1741559487,kashef-k8s-w1.user-698454f8c4-pfgkk,container_cpu_cfs_throttled_periods_total,6344.0
1741559487,kashef-k8s-ctl.profile-6c9f4cc75f-gldzm,container_cpu_cfs_throttled_periods_total,0.0
1741559487,kashef-k8s-w1.mongodb-profile-6bb85f4df7-rfvcl,container_cpu_cfs_throttled_periods_total,1189.0
1741559487,kashef-k8s-w1.jaeger-5d885bcf88-stzjn,container_cpu_cfs_throttled_periods_total,536.0
1741559487,kashef-k8s-ctl.memcached-profile-7d6fcb6b8-qbcm2,container_cpu_cfs_throttled_periods_total,0.0
1741559487,kashef-k8s-ctl.memcached-rate-bcc5c97f8-xtz5g,container_cpu_cfs_throttled_periods_total,0.0
1741559502,kashef-k8s-w1.geo-bd9dfdb45-pmmf7,container_cpu_cfs_throttled_periods_total,796.0
1741559502,kashef-k8s-ctl.mongodb-reservation-7b474745f-h55m7,container_cpu_cfs_throttled_periods_total,1.0
1741559502,kashef-k8s-ctl.profile-6c9f4cc75f-gldzm,container_cpu_cfs_throttled_periods_total,0.0
1741559502,kashef-k8s-ctl.memcached-rate-bcc5c97f8-xtz5g,container_cpu_cfs_throttled_periods_total,0.0
1741559502,kashef-k8s-w1.mongodb-user-6d96648ddc-pkv6k,container_cpu_cfs_throttled_periods_total,1276.0
1741559502,kashef-k8s-w1.recommendation-6494d54897-js5nk,container_cpu_cfs_throttled_periods_total,797.0
1741559502,kashef-k8s-w1.consul-56f5cf4f78-qrhkb,container_cpu_cfs_throttled_periods_total,1183.0
1741559502,kashef-k8s-ctl.mongodb-rate-785b799bbc-rh26t,container_cpu_cfs_throttled_periods_total,0.0
1741559502,kashef-k8s-w1.user-698454f8c4-pfgkk,container_cpu_cfs_throttled_periods_total,6344.0
1741559502,kashef-k8s-ctl.memcached-profile-7d6fcb6b8-qbcm2,container_cpu_cfs_throttled_periods_total,0.0
1741559502,kashef-k8s-w1.jaeger-5d885bcf88-stzjn,container_cpu_cfs_throttled_periods_total,536.0
1741559502,kashef-k8s-w1.search-8677798cf5-fsd5r,container_cpu_cfs_throttled_periods_total,690.0
1741559502,kashef-k8s-ctl.mongodb-recommendation-59d6b7ccf9-jnrb4,container_cpu_cfs_throttled_periods_total,3.0
1741559502,kashef-k8s-w1.memcached-reserve-bdcb467b4-fpm4v,container_cpu_cfs_throttled_periods_total,524.0
1741559502,kashef-k8s-w1.mongodb-geo-86b59b75f4-grd4s,container_cpu_cfs_throttled_periods_total,1176.0
1741559502,kashef-k8s-ctl.reservation-7799998946-chd6t,container_cpu_cfs_throttled_periods_total,0.0
1741559502,kashef-k8s-w1.frontend-7d9d864798-n6lsm,container_cpu_cfs_throttled_periods_total,669.0
1741559502,kashef-k8s-w1.mongodb-profile-6bb85f4df7-rfvcl,container_cpu_cfs_throttled_periods_total,1189.0
1741559502,kashef-k8s-ctl.rate-66d9d98f67-459fp,container_cpu_cfs_throttled_periods_total,0.0
1741559517,kashef-k8s-ctl.rate-66d9d98f67-459fp,container_cpu_cfs_throttled_periods_total,0.0
1741559517,kashef-k8s-w1.memcached-reserve-bdcb467b4-fpm4v,container_cpu_cfs_throttled_periods_total,590.0
1741559517,kashef-k8s-w1.frontend-7d9d864798-n6lsm,container_cpu_cfs_throttled_periods_total,731.0
1741559517,kashef-k8s-ctl.reservation-7799998946-chd6t,container_cpu_cfs_throttled_periods_total,0.0
1741559517,kashef-k8s-w1.user-698454f8c4-pfgkk,container_cpu_cfs_throttled_periods_total,6976.0
1741559517,kashef-k8s-ctl.mongodb-recommendation-59d6b7ccf9-jnrb4,container_cpu_cfs_throttled_periods_total,3.0
1741559517,kashef-k8s-w1.search-8677798cf5-fsd5r,container_cpu_cfs_throttled_periods_total,784.0
1741559517,kashef-k8s-w1.mongodb-geo-86b59b75f4-grd4s,container_cpu_cfs_throttled_periods_total,1272.0
1741559517,kashef-k8s-w1.mongodb-profile-6bb85f4df7-rfvcl,container_cpu_cfs_throttled_periods_total,1325.0
1741559517,kashef-k8s-w1.recommendation-6494d54897-js5nk,container_cpu_cfs_throttled_periods_total,797.0
1741559517,kashef-k8s-w1.jaeger-5d885bcf88-stzjn,container_cpu_cfs_throttled_periods_total,564.0
1741559517,kashef-k8s-ctl.memcached-rate-bcc5c97f8-xtz5g,container_cpu_cfs_throttled_periods_total,0.0
1741559517,kashef-k8s-ctl.memcached-profile-7d6fcb6b8-qbcm2,container_cpu_cfs_throttled_periods_total,0.0
1741559517,kashef-k8s-w1.consul-56f5cf4f78-qrhkb,container_cpu_cfs_throttled_periods_total,1349.0
1741559517,kashef-k8s-w1.mongodb-user-6d96648ddc-pkv6k,container_cpu_cfs_throttled_periods_total,1276.0
1741559517,kashef-k8s-ctl.mongodb-rate-785b799bbc-rh26t,container_cpu_cfs_throttled_periods_total,0.0
1741559517,kashef-k8s-ctl.mongodb-reservation-7b474745f-h55m7,container_cpu_cfs_throttled_periods_total,1.0
1741559517,kashef-k8s-ctl.profile-6c9f4cc75f-gldzm,container_cpu_cfs_throttled_periods_total,0.0
1741559517,kashef-k8s-w1.geo-bd9dfdb45-pmmf7,container_cpu_cfs_throttled_periods_total,895.0
1741559532,kashef-k8s-w1.recommendation-6494d54897-js5nk,container_cpu_cfs_throttled_periods_total,883.0
1741559532,kashef-k8s-ctl.memcached-profile-7d6fcb6b8-qbcm2,container_cpu_cfs_throttled_periods_total,0.0
1741559532,kashef-k8s-ctl.mongodb-rate-785b799bbc-rh26t,container_cpu_cfs_throttled_periods_total,0.0
1741559532,kashef-k8s-w1.mongodb-geo-86b59b75f4-grd4s,container_cpu_cfs_throttled_periods_total,1272.0
1741559532,kashef-k8s-w1.consul-56f5cf4f78-qrhkb,container_cpu_cfs_throttled_periods_total,1349.0
1741559532,kashef-k8s-w1.mongodb-profile-6bb85f4df7-rfvcl,container_cpu_cfs_throttled_periods_total,1325.0
1741559532,kashef-k8s-w1.user-698454f8c4-pfgkk,container_cpu_cfs_throttled_periods_total,6976.0
1741559532,kashef-k8s-ctl.mongodb-recommendation-59d6b7ccf9-jnrb4,container_cpu_cfs_throttled_periods_total,3.0
1741559532,kashef-k8s-w1.search-8677798cf5-fsd5r,container_cpu_cfs_throttled_periods_total,784.0
1741559532,kashef-k8s-w1.geo-bd9dfdb45-pmmf7,container_cpu_cfs_throttled_periods_total,895.0
1741559532,kashef-k8s-ctl.reservation-7799998946-chd6t,container_cpu_cfs_throttled_periods_total,0.0
1741559532,kashef-k8s-ctl.rate-66d9d98f67-459fp,container_cpu_cfs_throttled_periods_total,0.0
1741559532,kashef-k8s-w1.frontend-7d9d864798-n6lsm,container_cpu_cfs_throttled_periods_total,731.0
1741559532,kashef-k8s-ctl.mongodb-reservation-7b474745f-h55m7,container_cpu_cfs_throttled_periods_total,1.0
1741559532,kashef-k8s-w1.memcached-reserve-bdcb467b4-fpm4v,container_cpu_cfs_throttled_periods_total,590.0
1741559532,kashef-k8s-ctl.profile-6c9f4cc75f-gldzm,container_cpu_cfs_throttled_periods_total,0.0
1741559532,kashef-k8s-w1.mongodb-user-6d96648ddc-pkv6k,container_cpu_cfs_throttled_periods_total,1276.0
1741559532,kashef-k8s-ctl.memcached-rate-bcc5c97f8-xtz5g,container_cpu_cfs_throttled_periods_total,0.0
1741559532,kashef-k8s-w1.jaeger-5d885bcf88-stzjn,container_cpu_cfs_throttled_periods_total,564.0
1741559547,kashef-k8s-w1.search-8677798cf5-fsd5r,container_cpu_cfs_throttled_periods_total,784.0
1741559547,kashef-k8s-w1.mongodb-geo-86b59b75f4-grd4s,container_cpu_cfs_throttled_periods_total,1272.0
1741559547,kashef-k8s-ctl.memcached-profile-7d6fcb6b8-qbcm2,container_cpu_cfs_throttled_periods_total,0.0
1741559547,kashef-k8s-w1.frontend-7d9d864798-n6lsm,container_cpu_cfs_throttled_periods_total,731.0
1741559547,kashef-k8s-ctl.rate-66d9d98f67-459fp,container_cpu_cfs_throttled_periods_total,0.0
1741559547,kashef-k8s-ctl.reservation-7799998946-chd6t,container_cpu_cfs_throttled_periods_total,0.0
1741559547,kashef-k8s-ctl.memcached-rate-bcc5c97f8-xtz5g,container_cpu_cfs_throttled_periods_total,0.0
1741559547,kashef-k8s-ctl.mongodb-recommendation-59d6b7ccf9-jnrb4,container_cpu_cfs_throttled_periods_total,3.0
1741559547,kashef-k8s-ctl.profile-6c9f4cc75f-gldzm,container_cpu_cfs_throttled_periods_total,0.0
1741559547,kashef-k8s-w1.mongodb-profile-6bb85f4df7-rfvcl,container_cpu_cfs_throttled_periods_total,1325.0
1741559547,kashef-k8s-ctl.mongodb-rate-785b799bbc-rh26t,container_cpu_cfs_throttled_periods_total,0.0
1741559547,kashef-k8s-w1.user-698454f8c4-pfgkk,container_cpu_cfs_throttled_periods_total,6976.0
1741559547,kashef-k8s-w1.geo-bd9dfdb45-pmmf7,container_cpu_cfs_throttled_periods_total,895.0
1741559547,kashef-k8s-w1.jaeger-5d885bcf88-stzjn,container_cpu_cfs_throttled_periods_total,564.0
1741559547,kashef-k8s-w1.consul-56f5cf4f78-qrhkb,container_cpu_cfs_throttled_periods_total,1349.0
1741559547,kashef-k8s-w1.recommendation-6494d54897-js5nk,container_cpu_cfs_throttled_periods_total,883.0
1741559547,kashef-k8s-w1.mongodb-user-6d96648ddc-pkv6k,container_cpu_cfs_throttled_periods_total,1276.0
1741559547,kashef-k8s-ctl.mongodb-reservation-7b474745f-h55m7,container_cpu_cfs_throttled_periods_total,1.0
1741559547,kashef-k8s-w1.memcached-reserve-bdcb467b4-fpm4v,container_cpu_cfs_throttled_periods_total,590.0
1741559562,kashef-k8s-w1.search-8677798cf5-fsd5r,container_cpu_cfs_throttled_periods_total,784.0
1741559562,kashef-k8s-w1.memcached-reserve-bdcb467b4-fpm4v,container_cpu_cfs_throttled_periods_total,590.0
1741559562,kashef-k8s-ctl.mongodb-reservation-7b474745f-h55m7,container_cpu_cfs_throttled_periods_total,1.0
1741559562,kashef-k8s-ctl.rate-66d9d98f67-459fp,container_cpu_cfs_throttled_periods_total,0.0
1741559562,kashef-k8s-w1.mongodb-profile-6bb85f4df7-rfvcl,container_cpu_cfs_throttled_periods_total,1325.0
1741559562,kashef-k8s-ctl.memcached-profile-7d6fcb6b8-qbcm2,container_cpu_cfs_throttled_periods_total,0.0
1741559562,kashef-k8s-ctl.reservation-7799998946-chd6t,container_cpu_cfs_throttled_periods_total,0.0
1741559562,kashef-k8s-ctl.profile-6c9f4cc75f-gldzm,container_cpu_cfs_throttled_periods_total,0.0
1741559562,kashef-k8s-w1.mongodb-geo-86b59b75f4-grd4s,container_cpu_cfs_throttled_periods_total,1272.0
1741559562,kashef-k8s-ctl.mongodb-rate-785b799bbc-rh26t,container_cpu_cfs_throttled_periods_total,0.0
1741559562,kashef-k8s-w1.consul-56f5cf4f78-qrhkb,container_cpu_cfs_throttled_periods_total,1349.0
1741559562,kashef-k8s-w1.recommendation-6494d54897-js5nk,container_cpu_cfs_throttled_periods_total,883.0
1741559562,kashef-k8s-ctl.mongodb-recommendation-59d6b7ccf9-jnrb4,container_cpu_cfs_throttled_periods_total,3.0
1741559562,kashef-k8s-w1.mongodb-user-6d96648ddc-pkv6k,container_cpu_cfs_throttled_periods_total,1276.0
1741559562,kashef-k8s-ctl.memcached-rate-bcc5c97f8-xtz5g,container_cpu_cfs_throttled_periods_total,0.0
1741559562,kashef-k8s-w1.jaeger-5d885bcf88-stzjn,container_cpu_cfs_throttled_periods_total,564.0
1741559562,kashef-k8s-w1.geo-bd9dfdb45-pmmf7,container_cpu_cfs_throttled_periods_total,895.0
1741559562,kashef-k8s-w1.frontend-7d9d864798-n6lsm,container_cpu_cfs_throttled_periods_total,731.0
1741559562,kashef-k8s-w1.user-698454f8c4-pfgkk,container_cpu_cfs_throttled_periods_total,6976.0
1741559577,kashef-k8s-ctl.memcached-profile-7d6fcb6b8-qbcm2,container_cpu_cfs_throttled_periods_total,0.0
1741559577,kashef-k8s-ctl.profile-6c9f4cc75f-gldzm,container_cpu_cfs_throttled_periods_total,0.0
1741559577,kashef-k8s-ctl.reservation-7799998946-chd6t,container_cpu_cfs_throttled_periods_total,0.0
1741559577,kashef-k8s-w1.search-8677798cf5-fsd5r,container_cpu_cfs_throttled_periods_total,859.0
1741559577,kashef-k8s-w1.mongodb-profile-6bb85f4df7-rfvcl,container_cpu_cfs_throttled_periods_total,1417.0
1741559577,kashef-k8s-ctl.mongodb-recommendation-59d6b7ccf9-jnrb4,container_cpu_cfs_throttled_periods_total,3.0
1741559577,kashef-k8s-w1.mongodb-geo-86b59b75f4-grd4s,container_cpu_cfs_throttled_periods_total,1272.0
1741559577,kashef-k8s-w1.jaeger-5d885bcf88-stzjn,container_cpu_cfs_throttled_periods_total,669.0
1741559577,kashef-k8s-ctl.rate-66d9d98f67-459fp,container_cpu_cfs_throttled_periods_total,0.0
1741559577,kashef-k8s-ctl.memcached-rate-bcc5c97f8-xtz5g,container_cpu_cfs_throttled_periods_total,0.0
1741559577,kashef-k8s-ctl.mongodb-reservation-7b474745f-h55m7,container_cpu_cfs_throttled_periods_total,1.0
1741559577,kashef-k8s-w1.memcached-reserve-bdcb467b4-fpm4v,container_cpu_cfs_throttled_periods_total,654.0
1741559577,kashef-k8s-w1.recommendation-6494d54897-js5nk,container_cpu_cfs_throttled_periods_total,954.0
1741559577,kashef-k8s-w1.consul-56f5cf4f78-qrhkb,container_cpu_cfs_throttled_periods_total,1441.0
1741559577,kashef-k8s-w1.mongodb-user-6d96648ddc-pkv6k,container_cpu_cfs_throttled_periods_total,1276.0
1741559577,kashef-k8s-ctl.mongodb-rate-785b799bbc-rh26t,container_cpu_cfs_throttled_periods_total,0.0
1741559577,kashef-k8s-w1.user-698454f8c4-pfgkk,container_cpu_cfs_throttled_periods_total,7462.0
1741559577,kashef-k8s-w1.geo-bd9dfdb45-pmmf7,container_cpu_cfs_throttled_periods_total,973.0
1741559577,kashef-k8s-w1.frontend-7d9d864798-n6lsm,container_cpu_cfs_throttled_periods_total,731.0
1741559592,kashef-k8s-w1.frontend-7d9d864798-n6lsm,container_cpu_cfs_throttled_periods_total,818.0
1741559592,kashef-k8s-ctl.mongodb-reservation-7b474745f-h55m7,container_cpu_cfs_throttled_periods_total,1.0
1741559592,kashef-k8s-w1.mongodb-profile-6bb85f4df7-rfvcl,container_cpu_cfs_throttled_periods_total,1417.0
1741559592,kashef-k8s-w1.user-698454f8c4-pfgkk,container_cpu_cfs_throttled_periods_total,7462.0
1741559592,kashef-k8s-w1.mongodb-user-6d96648ddc-pkv6k,container_cpu_cfs_throttled_periods_total,1414.0
1741559592,kashef-k8s-ctl.mongodb-rate-785b799bbc-rh26t,container_cpu_cfs_throttled_periods_total,0.0
1741559592,kashef-k8s-w1.geo-bd9dfdb45-pmmf7,container_cpu_cfs_throttled_periods_total,973.0
1741559592,kashef-k8s-w1.consul-56f5cf4f78-qrhkb,container_cpu_cfs_throttled_periods_total,1441.0
1741559592,kashef-k8s-w1.recommendation-6494d54897-js5nk,container_cpu_cfs_throttled_periods_total,954.0
1741559592,kashef-k8s-w1.mongodb-geo-86b59b75f4-grd4s,container_cpu_cfs_throttled_periods_total,1407.0
1741559592,kashef-k8s-ctl.memcached-rate-bcc5c97f8-xtz5g,container_cpu_cfs_throttled_periods_total,0.0
1741559592,kashef-k8s-ctl.reservation-7799998946-chd6t,container_cpu_cfs_throttled_periods_total,0.0
1741559592,kashef-k8s-w1.memcached-reserve-bdcb467b4-fpm4v,container_cpu_cfs_throttled_periods_total,654.0
1741559592,kashef-k8s-ctl.profile-6c9f4cc75f-gldzm,container_cpu_cfs_throttled_periods_total,0.0
1741559592,kashef-k8s-w1.jaeger-5d885bcf88-stzjn,container_cpu_cfs_throttled_periods_total,669.0
1741559592,kashef-k8s-ctl.rate-66d9d98f67-459fp,container_cpu_cfs_throttled_periods_total,0.0
1741559592,kashef-k8s-w1.search-8677798cf5-fsd5r,container_cpu_cfs_throttled_periods_total,859.0
1741559592,kashef-k8s-ctl.mongodb-recommendation-59d6b7ccf9-jnrb4,container_cpu_cfs_throttled_periods_total,3.0
1741559592,kashef-k8s-ctl.memcached-profile-7d6fcb6b8-qbcm2,container_cpu_cfs_throttled_periods_total,0.0
1741559607,kashef-k8s-ctl.mongodb-rate-785b799bbc-rh26t,container_cpu_cfs_throttled_periods_total,0.0
1741559607,kashef-k8s-ctl.memcached-rate-bcc5c97f8-xtz5g,container_cpu_cfs_throttled_periods_total,0.0
1741559607,kashef-k8s-w1.user-698454f8c4-pfgkk,container_cpu_cfs_throttled_periods_total,7462.0
1741559607,kashef-k8s-ctl.memcached-profile-7d6fcb6b8-qbcm2,container_cpu_cfs_throttled_periods_total,0.0
1741559607,kashef-k8s-w1.memcached-reserve-bdcb467b4-fpm4v,container_cpu_cfs_throttled_periods_total,654.0
1741559607,kashef-k8s-w1.recommendation-6494d54897-js5nk,container_cpu_cfs_throttled_periods_total,954.0
1741559607,kashef-k8s-w1.mongodb-geo-86b59b75f4-grd4s,container_cpu_cfs_throttled_periods_total,1407.0
1741559607,kashef-k8s-w1.consul-56f5cf4f78-qrhkb,container_cpu_cfs_throttled_periods_total,1441.0
1741559607,kashef-k8s-w1.mongodb-profile-6bb85f4df7-rfvcl,container_cpu_cfs_throttled_periods_total,1417.0
1741559607,kashef-k8s-ctl.profile-6c9f4cc75f-gldzm,container_cpu_cfs_throttled_periods_total,0.0
1741559607,kashef-k8s-w1.geo-bd9dfdb45-pmmf7,container_cpu_cfs_throttled_periods_total,973.0
1741559607,kashef-k8s-ctl.mongodb-reservation-7b474745f-h55m7,container_cpu_cfs_throttled_periods_total,1.0
1741559607,kashef-k8s-w1.frontend-7d9d864798-n6lsm,container_cpu_cfs_throttled_periods_total,818.0
1741559607,kashef-k8s-w1.search-8677798cf5-fsd5r,container_cpu_cfs_throttled_periods_total,859.0
1741559607,kashef-k8s-ctl.mongodb-recommendation-59d6b7ccf9-jnrb4,container_cpu_cfs_throttled_periods_total,3.0
1741559607,kashef-k8s-w1.mongodb-user-6d96648ddc-pkv6k,container_cpu_cfs_throttled_periods_total,1414.0
1741559607,kashef-k8s-ctl.reservation-7799998946-chd6t,container_cpu_cfs_throttled_periods_total,0.0
1741559607,kashef-k8s-w1.jaeger-5d885bcf88-stzjn,container_cpu_cfs_throttled_periods_total,669.0
1741559607,kashef-k8s-ctl.rate-66d9d98f67-459fp,container_cpu_cfs_throttled_periods_total,0.0
1741559622,kashef-k8s-w1.mongodb-geo-86b59b75f4-grd4s,container_cpu_cfs_throttled_periods_total,1407.0
1741559622,kashef-k8s-w1.recommendation-6494d54897-js5nk,container_cpu_cfs_throttled_periods_total,954.0
1741559622,kashef-k8s-ctl.mongodb-reservation-7b474745f-h55m7,container_cpu_cfs_throttled_periods_total,1.0
1741559622,kashef-k8s-ctl.profile-6c9f4cc75f-gldzm,container_cpu_cfs_throttled_periods_total,0.0
1741559622,kashef-k8s-ctl.memcached-rate-bcc5c97f8-xtz5g,container_cpu_cfs_throttled_periods_total,0.0
1741559622,kashef-k8s-ctl.rate-66d9d98f67-459fp,container_cpu_cfs_throttled_periods_total,0.0
1741559622,kashef-k8s-ctl.mongodb-rate-785b799bbc-rh26t,container_cpu_cfs_throttled_periods_total,0.0
1741559622,kashef-k8s-w1.user-698454f8c4-pfgkk,container_cpu_cfs_throttled_periods_total,7462.0
1741559622,kashef-k8s-w1.consul-56f5cf4f78-qrhkb,container_cpu_cfs_throttled_periods_total,1441.0
1741559622,kashef-k8s-w1.geo-bd9dfdb45-pmmf7,container_cpu_cfs_throttled_periods_total,973.0
1741559622,kashef-k8s-w1.memcached-reserve-bdcb467b4-fpm4v,container_cpu_cfs_throttled_periods_total,654.0
1741559622,kashef-k8s-ctl.reservation-7799998946-chd6t,container_cpu_cfs_throttled_periods_total,0.0
1741559622,kashef-k8s-w1.jaeger-5d885bcf88-stzjn,container_cpu_cfs_throttled_periods_total,669.0
1741559622,kashef-k8s-w1.mongodb-user-6d96648ddc-pkv6k,container_cpu_cfs_throttled_periods_total,1414.0
1741559622,kashef-k8s-ctl.memcached-profile-7d6fcb6b8-qbcm2,container_cpu_cfs_throttled_periods_total,0.0
1741559622,kashef-k8s-ctl.mongodb-recommendation-59d6b7ccf9-jnrb4,container_cpu_cfs_throttled_periods_total,3.0
1741559622,kashef-k8s-w1.search-8677798cf5-fsd5r,container_cpu_cfs_throttled_periods_total,859.0
1741559622,kashef-k8s-w1.mongodb-profile-6bb85f4df7-rfvcl,container_cpu_cfs_throttled_periods_total,1417.0
1741559622,kashef-k8s-w1.frontend-7d9d864798-n6lsm,container_cpu_cfs_throttled_periods_total,818.0
1741559637,kashef-k8s-w1.mongodb-profile-6bb85f4df7-rfvcl,container_cpu_cfs_throttled_periods_total,1541.0
1741559637,kashef-k8s-w1.frontend-7d9d864798-n6lsm,container_cpu_cfs_throttled_periods_total,818.0
1741559637,kashef-k8s-w1.geo-bd9dfdb45-pmmf7,container_cpu_cfs_throttled_periods_total,973.0
1741559637,kashef-k8s-ctl.mongodb-reservation-7b474745f-h55m7,container_cpu_cfs_throttled_periods_total,1.0
1741559637,kashef-k8s-w1.memcached-reserve-bdcb467b4-fpm4v,container_cpu_cfs_throttled_periods_total,654.0
1741559637,kashef-k8s-w1.mongodb-user-6d96648ddc-pkv6k,container_cpu_cfs_throttled_periods_total,1536.0
1741559637,kashef-k8s-w1.user-698454f8c4-pfgkk,container_cpu_cfs_throttled_periods_total,8010.0
1741559637,kashef-k8s-w1.recommendation-6494d54897-js5nk,container_cpu_cfs_throttled_periods_total,954.0
1741559637,kashef-k8s-ctl.mongodb-recommendation-59d6b7ccf9-jnrb4,container_cpu_cfs_throttled_periods_total,3.0
1741559637,kashef-k8s-w1.mongodb-geo-86b59b75f4-grd4s,container_cpu_cfs_throttled_periods_total,1531.0
1741559637,kashef-k8s-ctl.mongodb-rate-785b799bbc-rh26t,container_cpu_cfs_throttled_periods_total,0.0
1741559637,kashef-k8s-ctl.rate-66d9d98f67-459fp,container_cpu_cfs_throttled_periods_total,0.0
1741559637,kashef-k8s-ctl.memcached-rate-bcc5c97f8-xtz5g,container_cpu_cfs_throttled_periods_total,0.0
1741559637,kashef-k8s-ctl.memcached-profile-7d6fcb6b8-qbcm2,container_cpu_cfs_throttled_periods_total,0.0
1741559637,kashef-k8s-w1.jaeger-5d885bcf88-stzjn,container_cpu_cfs_throttled_periods_total,723.0
1741559637,kashef-k8s-ctl.reservation-7799998946-chd6t,container_cpu_cfs_throttled_periods_total,0.0
1741559637,kashef-k8s-ctl.profile-6c9f4cc75f-gldzm,container_cpu_cfs_throttled_periods_total,0.0
1741559637,kashef-k8s-w1.search-8677798cf5-fsd5r,container_cpu_cfs_throttled_periods_total,901.0
1741559637,kashef-k8s-w1.consul-56f5cf4f78-qrhkb,container_cpu_cfs_throttled_periods_total,1577.0
1741559652,kashef-k8s-w1.geo-bd9dfdb45-pmmf7,container_cpu_cfs_throttled_periods_total,1056.0
1741559652,kashef-k8s-ctl.mongodb-reservation-7b474745f-h55m7,container_cpu_cfs_throttled_periods_total,1.0
1741559652,kashef-k8s-w1.memcached-reserve-bdcb467b4-fpm4v,container_cpu_cfs_throttled_periods_total,700.0
1741559652,kashef-k8s-w1.mongodb-user-6d96648ddc-pkv6k,container_cpu_cfs_throttled_periods_total,1536.0
1741559652,kashef-k8s-w1.mongodb-profile-6bb85f4df7-rfvcl,container_cpu_cfs_throttled_periods_total,1541.0
1741559652,kashef-k8s-w1.consul-56f5cf4f78-qrhkb,container_cpu_cfs_throttled_periods_total,1577.0
1741559652,kashef-k8s-w1.jaeger-5d885bcf88-stzjn,container_cpu_cfs_throttled_periods_total,723.0
1741559652,kashef-k8s-ctl.reservation-7799998946-chd6t,container_cpu_cfs_throttled_periods_total,0.0
1741559652,kashef-k8s-ctl.memcached-profile-7d6fcb6b8-qbcm2,container_cpu_cfs_throttled_periods_total,0.0
1741559652,kashef-k8s-ctl.mongodb-rate-785b799bbc-rh26t,container_cpu_cfs_throttled_periods_total,0.0
1741559652,kashef-k8s-w1.frontend-7d9d864798-n6lsm,container_cpu_cfs_throttled_periods_total,873.0
1741559652,kashef-k8s-w1.recommendation-6494d54897-js5nk,container_cpu_cfs_throttled_periods_total,1044.0
1741559652,kashef-k8s-ctl.mongodb-recommendation-59d6b7ccf9-jnrb4,container_cpu_cfs_throttled_periods_total,3.0
1741559652,kashef-k8s-ctl.memcached-rate-bcc5c97f8-xtz5g,container_cpu_cfs_throttled_periods_total,0.0
1741559652,kashef-k8s-ctl.rate-66d9d98f67-459fp,container_cpu_cfs_throttled_periods_total,0.0
1741559652,kashef-k8s-w1.mongodb-geo-86b59b75f4-grd4s,container_cpu_cfs_throttled_periods_total,1531.0
1741559652,kashef-k8s-ctl.profile-6c9f4cc75f-gldzm,container_cpu_cfs_throttled_periods_total,0.0
1741559652,kashef-k8s-w1.user-698454f8c4-pfgkk,container_cpu_cfs_throttled_periods_total,8010.0
1741559652,kashef-k8s-w1.search-8677798cf5-fsd5r,container_cpu_cfs_throttled_periods_total,901.0
1741559667,kashef-k8s-w1.search-8677798cf5-fsd5r,container_cpu_cfs_throttled_periods_total,901.0
1741559667,kashef-k8s-ctl.memcached-rate-bcc5c97f8-xtz5g,container_cpu_cfs_throttled_periods_total,0.0
1741559667,kashef-k8s-ctl.rate-66d9d98f67-459fp,container_cpu_cfs_throttled_periods_total,0.0
1741559667,kashef-k8s-w1.user-698454f8c4-pfgkk,container_cpu_cfs_throttled_periods_total,8010.0
1741559667,kashef-k8s-w1.geo-bd9dfdb45-pmmf7,container_cpu_cfs_throttled_periods_total,1056.0
1741559667,kashef-k8s-w1.consul-56f5cf4f78-qrhkb,container_cpu_cfs_throttled_periods_total,1577.0
1741559667,kashef-k8s-w1.mongodb-geo-86b59b75f4-grd4s,container_cpu_cfs_throttled_periods_total,1531.0
1741559667,kashef-k8s-ctl.mongodb-rate-785b799bbc-rh26t,container_cpu_cfs_throttled_periods_total,0.0
1741559667,kashef-k8s-ctl.memcached-profile-7d6fcb6b8-qbcm2,container_cpu_cfs_throttled_periods_total,0.0
1741559667,kashef-k8s-w1.jaeger-5d885bcf88-stzjn,container_cpu_cfs_throttled_periods_total,723.0
1741559667,kashef-k8s-w1.mongodb-profile-6bb85f4df7-rfvcl,container_cpu_cfs_throttled_periods_total,1541.0
1741559667,kashef-k8s-ctl.profile-6c9f4cc75f-gldzm,container_cpu_cfs_throttled_periods_total,0.0
1741559667,kashef-k8s-w1.memcached-reserve-bdcb467b4-fpm4v,container_cpu_cfs_throttled_periods_total,700.0
1741559667,kashef-k8s-ctl.reservation-7799998946-chd6t,container_cpu_cfs_throttled_periods_total,0.0
1741559667,kashef-k8s-w1.recommendation-6494d54897-js5nk,container_cpu_cfs_throttled_periods_total,1044.0
1741559667,kashef-k8s-ctl.mongodb-recommendation-59d6b7ccf9-jnrb4,container_cpu_cfs_throttled_periods_total,3.0
1741559667,kashef-k8s-w1.mongodb-user-6d96648ddc-pkv6k,container_cpu_cfs_throttled_periods_total,1536.0
1741559667,kashef-k8s-ctl.mongodb-reservation-7b474745f-h55m7,container_cpu_cfs_throttled_periods_total,1.0
1741559667,kashef-k8s-w1.frontend-7d9d864798-n6lsm,container_cpu_cfs_throttled_periods_total,873.0
1741559682,kashef-k8s-w1.consul-56f5cf4f78-qrhkb,container_cpu_cfs_throttled_periods_total,1577.0
1741559682,kashef-k8s-w1.mongodb-geo-86b59b75f4-grd4s,container_cpu_cfs_throttled_periods_total,1531.0
1741559682,kashef-k8s-w1.mongodb-profile-6bb85f4df7-rfvcl,container_cpu_cfs_throttled_periods_total,1541.0
1741559682,kashef-k8s-w1.memcached-reserve-bdcb467b4-fpm4v,container_cpu_cfs_throttled_periods_total,700.0
1741559682,kashef-k8s-ctl.mongodb-rate-785b799bbc-rh26t,container_cpu_cfs_throttled_periods_total,0.0
1741559682,kashef-k8s-w1.jaeger-5d885bcf88-stzjn,container_cpu_cfs_throttled_periods_total,723.0
1741559682,kashef-k8s-w1.geo-bd9dfdb45-pmmf7,container_cpu_cfs_throttled_periods_total,1056.0
1741559682,kashef-k8s-ctl.memcached-rate-bcc5c97f8-xtz5g,container_cpu_cfs_throttled_periods_total,0.0
1741559682,kashef-k8s-ctl.rate-66d9d98f67-459fp,container_cpu_cfs_throttled_periods_total,0.0
1741559682,kashef-k8s-w1.user-698454f8c4-pfgkk,container_cpu_cfs_throttled_periods_total,8010.0
1741559682,kashef-k8s-ctl.mongodb-recommendation-59d6b7ccf9-jnrb4,container_cpu_cfs_throttled_periods_total,3.0
1741559682,kashef-k8s-ctl.mongodb-reservation-7b474745f-h55m7,container_cpu_cfs_throttled_periods_total,1.0
1741559682,kashef-k8s-w1.search-8677798cf5-fsd5r,container_cpu_cfs_throttled_periods_total,901.0
1741559682,kashef-k8s-w1.mongodb-user-6d96648ddc-pkv6k,container_cpu_cfs_throttled_periods_total,1536.0
1741559682,kashef-k8s-w1.recommendation-6494d54897-js5nk,container_cpu_cfs_throttled_periods_total,1044.0
1741559682,kashef-k8s-ctl.reservation-7799998946-chd6t,container_cpu_cfs_throttled_periods_total,0.0
1741559682,kashef-k8s-w1.frontend-7d9d864798-n6lsm,container_cpu_cfs_throttled_periods_total,873.0
1741559682,kashef-k8s-ctl.profile-6c9f4cc75f-gldzm,container_cpu_cfs_throttled_periods_total,0.0
1741559682,kashef-k8s-ctl.memcached-profile-7d6fcb6b8-qbcm2,container_cpu_cfs_throttled_periods_total,0.0
1741559697,kashef-k8s-w1.consul-56f5cf4f78-qrhkb,container_cpu_cfs_throttled_periods_total,1577.0
1741559697,kashef-k8s-w1.geo-bd9dfdb45-pmmf7,container_cpu_cfs_throttled_periods_total,1056.0
1741559697,kashef-k8s-w1.frontend-7d9d864798-n6lsm,container_cpu_cfs_throttled_periods_total,873.0
1741559697,kashef-k8s-ctl.mongodb-recommendation-59d6b7ccf9-jnrb4,container_cpu_cfs_throttled_periods_total,3.0
1741559697,kashef-k8s-w1.mongodb-user-6d96648ddc-pkv6k,container_cpu_cfs_throttled_periods_total,1536.0
1741559697,kashef-k8s-ctl.rate-66d9d98f67-459fp,container_cpu_cfs_throttled_periods_total,0.0
1741559697,kashef-k8s-ctl.mongodb-rate-785b799bbc-rh26t,container_cpu_cfs_throttled_periods_total,0.0
1741559697,kashef-k8s-w1.search-8677798cf5-fsd5r,container_cpu_cfs_throttled_periods_total,901.0
1741559697,kashef-k8s-w1.user-698454f8c4-pfgkk,container_cpu_cfs_throttled_periods_total,8010.0
1741559697,kashef-k8s-ctl.memcached-rate-bcc5c97f8-xtz5g,container_cpu_cfs_throttled_periods_total,0.0
1741559697,kashef-k8s-w1.jaeger-5d885bcf88-stzjn,container_cpu_cfs_throttled_periods_total,723.0
1741559697,kashef-k8s-ctl.profile-6c9f4cc75f-gldzm,container_cpu_cfs_throttled_periods_total,0.0
1741559697,kashef-k8s-w1.mongodb-geo-86b59b75f4-grd4s,container_cpu_cfs_throttled_periods_total,1531.0
1741559697,kashef-k8s-w1.memcached-reserve-bdcb467b4-fpm4v,container_cpu_cfs_throttled_periods_total,700.0
1741559697,kashef-k8s-ctl.reservation-7799998946-chd6t,container_cpu_cfs_throttled_periods_total,0.0
1741559697,kashef-k8s-ctl.memcached-profile-7d6fcb6b8-qbcm2,container_cpu_cfs_throttled_periods_total,0.0
1741559697,kashef-k8s-w1.recommendation-6494d54897-js5nk,container_cpu_cfs_throttled_periods_total,1044.0
1741559697,kashef-k8s-w1.mongodb-profile-6bb85f4df7-rfvcl,container_cpu_cfs_throttled_periods_total,1541.0
1741559697,kashef-k8s-ctl.mongodb-reservation-7b474745f-h55m7,container_cpu_cfs_throttled_periods_total,1.0
