timestamp,cmdb_id,kpi_name,value
1741558797,kashef-k8s-w1.jaeger-5d885bcf88-stzjn,container_cpu_cfs_throttled_seconds_total,0.0
1741558797,kashef-k8s-ctl.reservation-7799998946-chd6t,container_cpu_cfs_throttled_seconds_total,0.0
1741558797,kashef-k8s-ctl.mongodb-recommendation-59d6b7ccf9-jnrb4,container_cpu_cfs_throttled_seconds_total,0.0
1741558797,kashef-k8s-w1.search-8677798cf5-fsd5r,container_cpu_cfs_throttled_seconds_total,0.0
1741558797,kashef-k8s-ctl.mongodb-rate-785b799bbc-rh26t,container_cpu_cfs_throttled_seconds_total,0.0
1741558797,kashef-k8s-w1.mongodb-user-6d96648ddc-pkv6k,container_cpu_cfs_throttled_seconds_total,0.0
1741558797,kashef-k8s-ctl.rate-66d9d98f67-459fp,container_cpu_cfs_throttled_seconds_total,0.0
1741558797,kashef-k8s-ctl.mongodb-reservation-7b474745f-h55m7,container_cpu_cfs_throttled_seconds_total,0.0
1741558797,kashef-k8s-ctl.memcached-profile-7d6fcb6b8-qbcm2,container_cpu_cfs_throttled_seconds_total,0.0
1741558797,kashef-k8s-w1.memcached-reserve-bdcb467b4-fpm4v,container_cpu_cfs_throttled_seconds_total,0.0
1741558797,kashef-k8s-w1.mongodb-profile-6bb85f4df7-rfvcl,container_cpu_cfs_throttled_seconds_total,0.003
1741558797,kashef-k8s-w1.mongodb-geo-86b59b75f4-grd4s,container_cpu_cfs_throttled_seconds_total,0.0
1741558797,kashef-k8s-w1.frontend-7d9d864798-n6lsm,container_cpu_cfs_throttled_seconds_total,0.0
1741558812,kashef-k8s-ctl.profile-6c9f4cc75f-gldzm,container_cpu_cfs_throttled_seconds_total,0.0
1741558812,kashef-k8s-w1.consul-56f5cf4f78-qrhkb,container_cpu_cfs_throttled_seconds_total,0.0
1741558812,kashef-k8s-w1.geo-bd9dfdb45-pmmf7,container_cpu_cfs_throttled_seconds_total,0.0
1741558812,kashef-k8s-ctl.mongodb-rate-785b799bbc-rh26t,container_cpu_cfs_throttled_seconds_total,0.0
1741558812,kashef-k8s-w1.search-8677798cf5-fsd5r,container_cpu_cfs_throttled_seconds_total,0.0
1741558812,kashef-k8s-ctl.memcached-rate-bcc5c97f8-xtz5g,container_cpu_cfs_throttled_seconds_total,0.0
1741558812,kashef-k8s-ctl.rate-66d9d98f67-459fp,container_cpu_cfs_throttled_seconds_total,0.0
1741558812,kashef-k8s-w1.mongodb-profile-6bb85f4df7-rfvcl,container_cpu_cfs_throttled_seconds_total,0.003
1741558812,kashef-k8s-w1.user-698454f8c4-pfgkk,container_cpu_cfs_throttled_seconds_total,92.833
1741558812,kashef-k8s-ctl.mongodb-reservation-7b474745f-h55m7,container_cpu_cfs_throttled_seconds_total,0.0
1741558812,kashef-k8s-w1.frontend-7d9d864798-n6lsm,container_cpu_cfs_throttled_seconds_total,0.0
1741558812,kashef-k8s-w1.jaeger-5d885bcf88-stzjn,container_cpu_cfs_throttled_seconds_total,0.0
1741558812,kashef-k8s-ctl.mongodb-recommendation-59d6b7ccf9-jnrb4,container_cpu_cfs_throttled_seconds_total,0.0
1741558812,kashef-k8s-ctl.memcached-profile-7d6fcb6b8-qbcm2,container_cpu_cfs_throttled_seconds_total,0.0
1741558812,kashef-k8s-w1.mongodb-user-6d96648ddc-pkv6k,container_cpu_cfs_throttled_seconds_total,0.0
1741558812,kashef-k8s-ctl.reservation-7799998946-chd6t,container_cpu_cfs_throttled_seconds_total,0.0
1741558812,kashef-k8s-w1.mongodb-geo-86b59b75f4-grd4s,container_cpu_cfs_throttled_seconds_total,0.0
1741558812,kashef-k8s-w1.memcached-reserve-bdcb467b4-fpm4v,container_cpu_cfs_throttled_seconds_total,0.0
1741558812,kashef-k8s-w1.recommendation-6494d54897-js5nk,container_cpu_cfs_throttled_seconds_total,0.0
1741558827,kashef-k8s-w1.mongodb-geo-86b59b75f4-grd4s,container_cpu_cfs_throttled_seconds_total,0.0
1741558827,kashef-k8s-w1.memcached-reserve-bdcb467b4-fpm4v,container_cpu_cfs_throttled_seconds_total,0.0
1741558827,kashef-k8s-w1.mongodb-user-6d96648ddc-pkv6k,container_cpu_cfs_throttled_seconds_total,0.0
1741558827,kashef-k8s-ctl.reservation-7799998946-chd6t,container_cpu_cfs_throttled_seconds_total,0.0
1741558827,kashef-k8s-ctl.mongodb-reservation-7b474745f-h55m7,container_cpu_cfs_throttled_seconds_total,0.0
1741558827,kashef-k8s-w1.frontend-7d9d864798-n6lsm,container_cpu_cfs_throttled_seconds_total,0.0
1741558827,kashef-k8s-ctl.profile-6c9f4cc75f-gldzm,container_cpu_cfs_throttled_seconds_total,0.0
1741558827,kashef-k8s-ctl.mongodb-recommendation-59d6b7ccf9-jnrb4,container_cpu_cfs_throttled_seconds_total,0.0
1741558827,kashef-k8s-ctl.rate-66d9d98f67-459fp,container_cpu_cfs_throttled_seconds_total,0.0
1741558827,kashef-k8s-w1.consul-56f5cf4f78-qrhkb,container_cpu_cfs_throttled_seconds_total,0.0
1741558827,kashef-k8s-w1.geo-bd9dfdb45-pmmf7,container_cpu_cfs_throttled_seconds_total,0.0
1741558827,kashef-k8s-w1.search-8677798cf5-fsd5r,container_cpu_cfs_throttled_seconds_total,0.0
1741558827,kashef-k8s-w1.mongodb-profile-6bb85f4df7-rfvcl,container_cpu_cfs_throttled_seconds_total,0.003
1741558827,kashef-k8s-ctl.memcached-rate-bcc5c97f8-xtz5g,container_cpu_cfs_throttled_seconds_total,0.0
1741558827,kashef-k8s-ctl.mongodb-rate-785b799bbc-rh26t,container_cpu_cfs_throttled_seconds_total,0.0
1741558827,kashef-k8s-ctl.memcached-profile-7d6fcb6b8-qbcm2,container_cpu_cfs_throttled_seconds_total,0.0
1741558827,kashef-k8s-w1.jaeger-5d885bcf88-stzjn,container_cpu_cfs_throttled_seconds_total,0.0
1741558827,kashef-k8s-w1.user-698454f8c4-pfgkk,container_cpu_cfs_throttled_seconds_total,92.833
1741558827,kashef-k8s-w1.recommendation-6494d54897-js5nk,container_cpu_cfs_throttled_seconds_total,0.0
1741558842,kashef-k8s-ctl.mongodb-reservation-7b474745f-h55m7,container_cpu_cfs_throttled_seconds_total,0.0
1741558842,kashef-k8s-w1.memcached-reserve-bdcb467b4-fpm4v,container_cpu_cfs_throttled_seconds_total,0.0
1741558842,kashef-k8s-ctl.profile-6c9f4cc75f-gldzm,container_cpu_cfs_throttled_seconds_total,0.0
1741558842,kashef-k8s-w1.mongodb-user-6d96648ddc-pkv6k,container_cpu_cfs_throttled_seconds_total,0.0
1741558842,kashef-k8s-ctl.mongodb-recommendation-59d6b7ccf9-jnrb4,container_cpu_cfs_throttled_seconds_total,0.0
1741558842,kashef-k8s-w1.search-8677798cf5-fsd5r,container_cpu_cfs_throttled_seconds_total,0.0
1741558842,kashef-k8s-ctl.memcached-rate-bcc5c97f8-xtz5g,container_cpu_cfs_throttled_seconds_total,0.0
1741558842,kashef-k8s-w1.frontend-7d9d864798-n6lsm,container_cpu_cfs_throttled_seconds_total,0.0
1741558842,kashef-k8s-ctl.mongodb-rate-785b799bbc-rh26t,container_cpu_cfs_throttled_seconds_total,0.0
1741558842,kashef-k8s-ctl.memcached-profile-7d6fcb6b8-qbcm2,container_cpu_cfs_throttled_seconds_total,0.0
1741558842,kashef-k8s-w1.geo-bd9dfdb45-pmmf7,container_cpu_cfs_throttled_seconds_total,0.0
1741558842,kashef-k8s-ctl.reservation-7799998946-chd6t,container_cpu_cfs_throttled_seconds_total,0.0
1741558842,kashef-k8s-w1.user-698454f8c4-pfgkk,container_cpu_cfs_throttled_seconds_total,92.833
1741558842,kashef-k8s-w1.mongodb-geo-86b59b75f4-grd4s,container_cpu_cfs_throttled_seconds_total,0.0
1741558842,kashef-k8s-w1.consul-56f5cf4f78-qrhkb,container_cpu_cfs_throttled_seconds_total,0.0
1741558842,kashef-k8s-ctl.rate-66d9d98f67-459fp,container_cpu_cfs_throttled_seconds_total,0.0
1741558842,kashef-k8s-w1.mongodb-profile-6bb85f4df7-rfvcl,container_cpu_cfs_throttled_seconds_total,0.003
1741558842,kashef-k8s-w1.recommendation-6494d54897-js5nk,container_cpu_cfs_throttled_seconds_total,0.0
1741558842,kashef-k8s-w1.jaeger-5d885bcf88-stzjn,container_cpu_cfs_throttled_seconds_total,0.0
1741558857,kashef-k8s-w1.jaeger-5d885bcf88-stzjn,container_cpu_cfs_throttled_seconds_total,0.0
1741558857,kashef-k8s-w1.consul-56f5cf4f78-qrhkb,container_cpu_cfs_throttled_seconds_total,0.0
1741558857,kashef-k8s-ctl.memcached-rate-bcc5c97f8-xtz5g,container_cpu_cfs_throttled_seconds_total,0.0
1741558857,kashef-k8s-ctl.mongodb-recommendation-59d6b7ccf9-jnrb4,container_cpu_cfs_throttled_seconds_total,0.0
1741558857,kashef-k8s-w1.search-8677798cf5-fsd5r,container_cpu_cfs_throttled_seconds_total,0.0
1741558857,kashef-k8s-w1.mongodb-user-6d96648ddc-pkv6k,container_cpu_cfs_throttled_seconds_total,0.0
1741558857,kashef-k8s-ctl.mongodb-reservation-7b474745f-h55m7,container_cpu_cfs_throttled_seconds_total,0.0
1741558857,kashef-k8s-w1.frontend-7d9d864798-n6lsm,container_cpu_cfs_throttled_seconds_total,0.0
1741558857,kashef-k8s-ctl.memcached-profile-7d6fcb6b8-qbcm2,container_cpu_cfs_throttled_seconds_total,0.0
1741558857,kashef-k8s-ctl.profile-6c9f4cc75f-gldzm,container_cpu_cfs_throttled_seconds_total,0.0
1741558857,kashef-k8s-ctl.mongodb-rate-785b799bbc-rh26t,container_cpu_cfs_throttled_seconds_total,0.0
1741558857,kashef-k8s-w1.mongodb-geo-86b59b75f4-grd4s,container_cpu_cfs_throttled_seconds_total,0.0
1741558857,kashef-k8s-w1.memcached-reserve-bdcb467b4-fpm4v,container_cpu_cfs_throttled_seconds_total,0.0
1741558857,kashef-k8s-w1.mongodb-profile-6bb85f4df7-rfvcl,container_cpu_cfs_throttled_seconds_total,0.003
1741558857,kashef-k8s-ctl.reservation-7799998946-chd6t,container_cpu_cfs_throttled_seconds_total,0.0
1741558857,kashef-k8s-w1.recommendation-6494d54897-js5nk,container_cpu_cfs_throttled_seconds_total,0.0
1741558857,kashef-k8s-ctl.rate-66d9d98f67-459fp,container_cpu_cfs_throttled_seconds_total,0.0
1741558857,kashef-k8s-w1.geo-bd9dfdb45-pmmf7,container_cpu_cfs_throttled_seconds_total,0.0
1741558857,kashef-k8s-w1.user-698454f8c4-pfgkk,container_cpu_cfs_throttled_seconds_total,285.84
1741558872,kashef-k8s-w1.mongodb-user-6d96648ddc-pkv6k,container_cpu_cfs_throttled_seconds_total,0.0
1741558872,kashef-k8s-ctl.mongodb-reservation-7b474745f-h55m7,container_cpu_cfs_throttled_seconds_total,0.0
1741558872,kashef-k8s-ctl.profile-6c9f4cc75f-gldzm,container_cpu_cfs_throttled_seconds_total,0.0
1741558872,kashef-k8s-w1.user-698454f8c4-pfgkk,container_cpu_cfs_throttled_seconds_total,285.84
1741558872,kashef-k8s-ctl.mongodb-rate-785b799bbc-rh26t,container_cpu_cfs_throttled_seconds_total,0.0
1741558872,kashef-k8s-w1.mongodb-geo-86b59b75f4-grd4s,container_cpu_cfs_throttled_seconds_total,0.0
1741558872,kashef-k8s-ctl.memcached-profile-7d6fcb6b8-qbcm2,container_cpu_cfs_throttled_seconds_total,0.0
1741558872,kashef-k8s-w1.mongodb-profile-6bb85f4df7-rfvcl,container_cpu_cfs_throttled_seconds_total,0.003
1741558872,kashef-k8s-ctl.memcached-rate-bcc5c97f8-xtz5g,container_cpu_cfs_throttled_seconds_total,0.0
1741558872,kashef-k8s-ctl.mongodb-recommendation-59d6b7ccf9-jnrb4,container_cpu_cfs_throttled_seconds_total,0.0
1741558872,kashef-k8s-w1.search-8677798cf5-fsd5r,container_cpu_cfs_throttled_seconds_total,0.0
1741558872,kashef-k8s-w1.consul-56f5cf4f78-qrhkb,container_cpu_cfs_throttled_seconds_total,0.0
1741558872,kashef-k8s-w1.jaeger-5d885bcf88-stzjn,container_cpu_cfs_throttled_seconds_total,0.0
1741558872,kashef-k8s-ctl.rate-66d9d98f67-459fp,container_cpu_cfs_throttled_seconds_total,0.0
1741558872,kashef-k8s-w1.memcached-reserve-bdcb467b4-fpm4v,container_cpu_cfs_throttled_seconds_total,0.0
1741558872,kashef-k8s-ctl.reservation-7799998946-chd6t,container_cpu_cfs_throttled_seconds_total,0.0
1741558872,kashef-k8s-w1.geo-bd9dfdb45-pmmf7,container_cpu_cfs_throttled_seconds_total,0.0
1741558872,kashef-k8s-w1.recommendation-6494d54897-js5nk,container_cpu_cfs_throttled_seconds_total,0.0
1741558872,kashef-k8s-w1.frontend-7d9d864798-n6lsm,container_cpu_cfs_throttled_seconds_total,0.0
1741558887,kashef-k8s-w1.mongodb-profile-6bb85f4df7-rfvcl,container_cpu_cfs_throttled_seconds_total,0.003
1741558887,kashef-k8s-ctl.memcached-profile-7d6fcb6b8-qbcm2,container_cpu_cfs_throttled_seconds_total,0.0
1741558887,kashef-k8s-w1.mongodb-user-6d96648ddc-pkv6k,container_cpu_cfs_throttled_seconds_total,0.0
1741558887,kashef-k8s-w1.user-698454f8c4-pfgkk,container_cpu_cfs_throttled_seconds_total,285.84
1741558887,kashef-k8s-ctl.profile-6c9f4cc75f-gldzm,container_cpu_cfs_throttled_seconds_total,0.0
1741558887,kashef-k8s-ctl.mongodb-reservation-7b474745f-h55m7,container_cpu_cfs_throttled_seconds_total,0.0
1741558887,kashef-k8s-ctl.memcached-rate-bcc5c97f8-xtz5g,container_cpu_cfs_throttled_seconds_total,0.0
1741558887,kashef-k8s-ctl.mongodb-recommendation-59d6b7ccf9-jnrb4,container_cpu_cfs_throttled_seconds_total,0.0
1741558887,kashef-k8s-w1.search-8677798cf5-fsd5r,container_cpu_cfs_throttled_seconds_total,0.0
1741558887,kashef-k8s-w1.consul-56f5cf4f78-qrhkb,container_cpu_cfs_throttled_seconds_total,0.0
1741558887,kashef-k8s-ctl.reservation-7799998946-chd6t,container_cpu_cfs_throttled_seconds_total,0.0
1741558887,kashef-k8s-w1.mongodb-geo-86b59b75f4-grd4s,container_cpu_cfs_throttled_seconds_total,0.0
1741558887,kashef-k8s-ctl.mongodb-rate-785b799bbc-rh26t,container_cpu_cfs_throttled_seconds_total,0.0
1741558887,kashef-k8s-w1.recommendation-6494d54897-js5nk,container_cpu_cfs_throttled_seconds_total,0.0
1741558887,kashef-k8s-w1.frontend-7d9d864798-n6lsm,container_cpu_cfs_throttled_seconds_total,0.0
1741558887,kashef-k8s-ctl.rate-66d9d98f67-459fp,container_cpu_cfs_throttled_seconds_total,0.0
1741558887,kashef-k8s-w1.jaeger-5d885bcf88-stzjn,container_cpu_cfs_throttled_seconds_total,0.0
1741558887,kashef-k8s-w1.geo-bd9dfdb45-pmmf7,container_cpu_cfs_throttled_seconds_total,0.0
1741558887,kashef-k8s-w1.memcached-reserve-bdcb467b4-fpm4v,container_cpu_cfs_throttled_seconds_total,0.0
1741558902,kashef-k8s-w1.geo-bd9dfdb45-pmmf7,container_cpu_cfs_throttled_seconds_total,0.0
1741558902,kashef-k8s-ctl.mongodb-rate-785b799bbc-rh26t,container_cpu_cfs_throttled_seconds_total,0.0
1741558902,kashef-k8s-ctl.memcached-rate-bcc5c97f8-xtz5g,container_cpu_cfs_throttled_seconds_total,0.0
1741558902,kashef-k8s-ctl.memcached-profile-7d6fcb6b8-qbcm2,container_cpu_cfs_throttled_seconds_total,0.0
1741558902,kashef-k8s-ctl.rate-66d9d98f67-459fp,container_cpu_cfs_throttled_seconds_total,0.0
1741558902,kashef-k8s-ctl.mongodb-recommendation-59d6b7ccf9-jnrb4,container_cpu_cfs_throttled_seconds_total,0.0
1741558902,kashef-k8s-ctl.mongodb-reservation-7b474745f-h55m7,container_cpu_cfs_throttled_seconds_total,0.0
1741558902,kashef-k8s-w1.search-8677798cf5-fsd5r,container_cpu_cfs_throttled_seconds_total,0.0
1741558902,kashef-k8s-w1.frontend-7d9d864798-n6lsm,container_cpu_cfs_throttled_seconds_total,0.0
1741558902,kashef-k8s-w1.mongodb-profile-6bb85f4df7-rfvcl,container_cpu_cfs_throttled_seconds_total,0.003
1741558902,kashef-k8s-w1.recommendation-6494d54897-js5nk,container_cpu_cfs_throttled_seconds_total,0.0
1741558902,kashef-k8s-w1.mongodb-geo-86b59b75f4-grd4s,container_cpu_cfs_throttled_seconds_total,0.0
1741558902,kashef-k8s-w1.consul-56f5cf4f78-qrhkb,container_cpu_cfs_throttled_seconds_total,0.0
1741558902,kashef-k8s-ctl.profile-6c9f4cc75f-gldzm,container_cpu_cfs_throttled_seconds_total,0.0
1741558902,kashef-k8s-w1.mongodb-user-6d96648ddc-pkv6k,container_cpu_cfs_throttled_seconds_total,0.0
1741558902,kashef-k8s-w1.jaeger-5d885bcf88-stzjn,container_cpu_cfs_throttled_seconds_total,0.0
1741558902,kashef-k8s-w1.memcached-reserve-bdcb467b4-fpm4v,container_cpu_cfs_throttled_seconds_total,0.0
1741558902,kashef-k8s-w1.user-698454f8c4-pfgkk,container_cpu_cfs_throttled_seconds_total,285.84
1741558902,kashef-k8s-ctl.reservation-7799998946-chd6t,container_cpu_cfs_throttled_seconds_total,0.0
1741558917,kashef-k8s-w1.user-698454f8c4-pfgkk,container_cpu_cfs_throttled_seconds_total,477.38
1741558917,kashef-k8s-w1.jaeger-5d885bcf88-stzjn,container_cpu_cfs_throttled_seconds_total,0.955
1741558917,kashef-k8s-ctl.mongodb-recommendation-59d6b7ccf9-jnrb4,container_cpu_cfs_throttled_seconds_total,0.0
1741558917,kashef-k8s-ctl.mongodb-reservation-7b474745f-h55m7,container_cpu_cfs_throttled_seconds_total,0.0
1741558917,kashef-k8s-ctl.memcached-profile-7d6fcb6b8-qbcm2,container_cpu_cfs_throttled_seconds_total,0.0
1741558917,kashef-k8s-w1.consul-56f5cf4f78-qrhkb,container_cpu_cfs_throttled_seconds_total,0.0
1741558917,kashef-k8s-ctl.rate-66d9d98f67-459fp,container_cpu_cfs_throttled_seconds_total,0.0
1741558917,kashef-k8s-w1.search-8677798cf5-fsd5r,container_cpu_cfs_throttled_seconds_total,4.783
1741558917,kashef-k8s-w1.mongodb-user-6d96648ddc-pkv6k,container_cpu_cfs_throttled_seconds_total,48.764
1741558917,kashef-k8s-ctl.memcached-rate-bcc5c97f8-xtz5g,container_cpu_cfs_throttled_seconds_total,0.0
1741558917,kashef-k8s-w1.geo-bd9dfdb45-pmmf7,container_cpu_cfs_throttled_seconds_total,0.0
1741558917,kashef-k8s-ctl.mongodb-rate-785b799bbc-rh26t,container_cpu_cfs_throttled_seconds_total,0.0
1741558917,kashef-k8s-w1.mongodb-profile-6bb85f4df7-rfvcl,container_cpu_cfs_throttled_seconds_total,0.003
1741558917,kashef-k8s-ctl.reservation-7799998946-chd6t,container_cpu_cfs_throttled_seconds_total,0.0
1741558917,kashef-k8s-w1.mongodb-geo-86b59b75f4-grd4s,container_cpu_cfs_throttled_seconds_total,45.047
1741558917,kashef-k8s-ctl.profile-6c9f4cc75f-gldzm,container_cpu_cfs_throttled_seconds_total,0.0
1741558917,kashef-k8s-w1.frontend-7d9d864798-n6lsm,container_cpu_cfs_throttled_seconds_total,2.488
1741558917,kashef-k8s-w1.recommendation-6494d54897-js5nk,container_cpu_cfs_throttled_seconds_total,5.488
1741558917,kashef-k8s-w1.memcached-reserve-bdcb467b4-fpm4v,container_cpu_cfs_throttled_seconds_total,3.191
1741558932,kashef-k8s-w1.geo-bd9dfdb45-pmmf7,container_cpu_cfs_throttled_seconds_total,4.511
1741558932,kashef-k8s-w1.memcached-reserve-bdcb467b4-fpm4v,container_cpu_cfs_throttled_seconds_total,3.191
1741558932,kashef-k8s-ctl.rate-66d9d98f67-459fp,container_cpu_cfs_throttled_seconds_total,0.0
1741558932,kashef-k8s-w1.recommendation-6494d54897-js5nk,container_cpu_cfs_throttled_seconds_total,5.488
1741558932,kashef-k8s-w1.consul-56f5cf4f78-qrhkb,container_cpu_cfs_throttled_seconds_total,51.905
1741558932,kashef-k8s-w1.search-8677798cf5-fsd5r,container_cpu_cfs_throttled_seconds_total,4.783
1741558932,kashef-k8s-ctl.memcached-rate-bcc5c97f8-xtz5g,container_cpu_cfs_throttled_seconds_total,0.0
1741558932,kashef-k8s-ctl.profile-6c9f4cc75f-gldzm,container_cpu_cfs_throttled_seconds_total,0.0
1741558932,kashef-k8s-w1.jaeger-5d885bcf88-stzjn,container_cpu_cfs_throttled_seconds_total,0.955
1741558932,kashef-k8s-ctl.reservation-7799998946-chd6t,container_cpu_cfs_throttled_seconds_total,0.0
1741558932,kashef-k8s-w1.mongodb-geo-86b59b75f4-grd4s,container_cpu_cfs_throttled_seconds_total,45.047
1741558932,kashef-k8s-w1.user-698454f8c4-pfgkk,container_cpu_cfs_throttled_seconds_total,477.38
1741558932,kashef-k8s-ctl.mongodb-recommendation-59d6b7ccf9-jnrb4,container_cpu_cfs_throttled_seconds_total,0.0
1741558932,kashef-k8s-ctl.memcached-profile-7d6fcb6b8-qbcm2,container_cpu_cfs_throttled_seconds_total,0.0
1741558932,kashef-k8s-w1.mongodb-user-6d96648ddc-pkv6k,container_cpu_cfs_throttled_seconds_total,48.764
1741558932,kashef-k8s-ctl.mongodb-reservation-7b474745f-h55m7,container_cpu_cfs_throttled_seconds_total,0.0
1741558932,kashef-k8s-w1.frontend-7d9d864798-n6lsm,container_cpu_cfs_throttled_seconds_total,2.488
1741558932,kashef-k8s-ctl.mongodb-rate-785b799bbc-rh26t,container_cpu_cfs_throttled_seconds_total,0.0
1741558932,kashef-k8s-w1.mongodb-profile-6bb85f4df7-rfvcl,container_cpu_cfs_throttled_seconds_total,48.127
1741558947,kashef-k8s-w1.consul-56f5cf4f78-qrhkb,container_cpu_cfs_throttled_seconds_total,51.905
1741558947,kashef-k8s-w1.search-8677798cf5-fsd5r,container_cpu_cfs_throttled_seconds_total,4.783
1741558947,kashef-k8s-ctl.memcached-rate-bcc5c97f8-xtz5g,container_cpu_cfs_throttled_seconds_total,0.0
1741558947,kashef-k8s-ctl.rate-66d9d98f67-459fp,container_cpu_cfs_throttled_seconds_total,0.0
1741558947,kashef-k8s-w1.mongodb-geo-86b59b75f4-grd4s,container_cpu_cfs_throttled_seconds_total,45.047
1741558947,kashef-k8s-ctl.mongodb-reservation-7b474745f-h55m7,container_cpu_cfs_throttled_seconds_total,0.0
1741558947,kashef-k8s-w1.jaeger-5d885bcf88-stzjn,container_cpu_cfs_throttled_seconds_total,0.955
1741558947,kashef-k8s-w1.mongodb-user-6d96648ddc-pkv6k,container_cpu_cfs_throttled_seconds_total,48.764
1741558947,kashef-k8s-ctl.memcached-profile-7d6fcb6b8-qbcm2,container_cpu_cfs_throttled_seconds_total,0.0
1741558947,kashef-k8s-w1.frontend-7d9d864798-n6lsm,container_cpu_cfs_throttled_seconds_total,2.488
1741558947,kashef-k8s-w1.geo-bd9dfdb45-pmmf7,container_cpu_cfs_throttled_seconds_total,4.511
1741558947,kashef-k8s-ctl.mongodb-rate-785b799bbc-rh26t,container_cpu_cfs_throttled_seconds_total,0.0
1741558947,kashef-k8s-w1.recommendation-6494d54897-js5nk,container_cpu_cfs_throttled_seconds_total,5.488
1741558947,kashef-k8s-ctl.mongodb-recommendation-59d6b7ccf9-jnrb4,container_cpu_cfs_throttled_seconds_total,0.0
1741558947,kashef-k8s-ctl.profile-6c9f4cc75f-gldzm,container_cpu_cfs_throttled_seconds_total,0.0
1741558947,kashef-k8s-w1.user-698454f8c4-pfgkk,container_cpu_cfs_throttled_seconds_total,477.38
1741558947,kashef-k8s-ctl.reservation-7799998946-chd6t,container_cpu_cfs_throttled_seconds_total,0.0
1741558947,kashef-k8s-w1.mongodb-profile-6bb85f4df7-rfvcl,container_cpu_cfs_throttled_seconds_total,48.127
1741558947,kashef-k8s-w1.memcached-reserve-bdcb467b4-fpm4v,container_cpu_cfs_throttled_seconds_total,3.191
1741558962,kashef-k8s-w1.memcached-reserve-bdcb467b4-fpm4v,container_cpu_cfs_throttled_seconds_total,3.191
1741558962,kashef-k8s-w1.geo-bd9dfdb45-pmmf7,container_cpu_cfs_throttled_seconds_total,4.511
1741558962,kashef-k8s-w1.jaeger-5d885bcf88-stzjn,container_cpu_cfs_throttled_seconds_total,0.955
1741558962,kashef-k8s-w1.frontend-7d9d864798-n6lsm,container_cpu_cfs_throttled_seconds_total,2.488
1741558962,kashef-k8s-w1.mongodb-user-6d96648ddc-pkv6k,container_cpu_cfs_throttled_seconds_total,48.764
1741558962,kashef-k8s-w1.search-8677798cf5-fsd5r,container_cpu_cfs_throttled_seconds_total,4.783
1741558962,kashef-k8s-ctl.profile-6c9f4cc75f-gldzm,container_cpu_cfs_throttled_seconds_total,0.0
1741558962,kashef-k8s-ctl.mongodb-recommendation-59d6b7ccf9-jnrb4,container_cpu_cfs_throttled_seconds_total,0.0
1741558962,kashef-k8s-ctl.memcached-profile-7d6fcb6b8-qbcm2,container_cpu_cfs_throttled_seconds_total,0.0
1741558962,kashef-k8s-w1.recommendation-6494d54897-js5nk,container_cpu_cfs_throttled_seconds_total,5.488
1741558962,kashef-k8s-ctl.mongodb-reservation-7b474745f-h55m7,container_cpu_cfs_throttled_seconds_total,0.0
1741558962,kashef-k8s-ctl.reservation-7799998946-chd6t,container_cpu_cfs_throttled_seconds_total,0.0
1741558962,kashef-k8s-ctl.memcached-rate-bcc5c97f8-xtz5g,container_cpu_cfs_throttled_seconds_total,0.0
1741558962,kashef-k8s-ctl.rate-66d9d98f67-459fp,container_cpu_cfs_throttled_seconds_total,0.0
1741558962,kashef-k8s-w1.consul-56f5cf4f78-qrhkb,container_cpu_cfs_throttled_seconds_total,51.905
1741558962,kashef-k8s-w1.mongodb-geo-86b59b75f4-grd4s,container_cpu_cfs_throttled_seconds_total,45.047
1741558962,kashef-k8s-w1.mongodb-profile-6bb85f4df7-rfvcl,container_cpu_cfs_throttled_seconds_total,48.127
1741558962,kashef-k8s-ctl.mongodb-rate-785b799bbc-rh26t,container_cpu_cfs_throttled_seconds_total,0.0
1741558962,kashef-k8s-w1.user-698454f8c4-pfgkk,container_cpu_cfs_throttled_seconds_total,477.38
1741558977,kashef-k8s-w1.mongodb-user-6d96648ddc-pkv6k,container_cpu_cfs_throttled_seconds_total,171.083
1741558977,kashef-k8s-w1.memcached-reserve-bdcb467b4-fpm4v,container_cpu_cfs_throttled_seconds_total,3.191
1741558977,kashef-k8s-w1.mongodb-geo-86b59b75f4-grd4s,container_cpu_cfs_throttled_seconds_total,170.646
1741558977,kashef-k8s-ctl.mongodb-recommendation-59d6b7ccf9-jnrb4,container_cpu_cfs_throttled_seconds_total,0.0
1741558977,kashef-k8s-ctl.profile-6c9f4cc75f-gldzm,container_cpu_cfs_throttled_seconds_total,0.0
1741558977,kashef-k8s-ctl.memcached-rate-bcc5c97f8-xtz5g,container_cpu_cfs_throttled_seconds_total,0.0
1741558977,kashef-k8s-ctl.mongodb-reservation-7b474745f-h55m7,container_cpu_cfs_throttled_seconds_total,0.0
1741558977,kashef-k8s-w1.search-8677798cf5-fsd5r,container_cpu_cfs_throttled_seconds_total,4.783
1741558977,kashef-k8s-w1.consul-56f5cf4f78-qrhkb,container_cpu_cfs_throttled_seconds_total,184.638
1741558977,kashef-k8s-ctl.memcached-profile-7d6fcb6b8-qbcm2,container_cpu_cfs_throttled_seconds_total,0.0
1741558977,kashef-k8s-w1.mongodb-profile-6bb85f4df7-rfvcl,container_cpu_cfs_throttled_seconds_total,156.357
1741558977,kashef-k8s-w1.frontend-7d9d864798-n6lsm,container_cpu_cfs_throttled_seconds_total,10.094
1741558977,kashef-k8s-w1.jaeger-5d885bcf88-stzjn,container_cpu_cfs_throttled_seconds_total,3.047
1741558977,kashef-k8s-ctl.reservation-7799998946-chd6t,container_cpu_cfs_throttled_seconds_total,0.0
1741558977,kashef-k8s-ctl.rate-66d9d98f67-459fp,container_cpu_cfs_throttled_seconds_total,0.0
1741558977,kashef-k8s-w1.geo-bd9dfdb45-pmmf7,container_cpu_cfs_throttled_seconds_total,9.198
1741558977,kashef-k8s-w1.recommendation-6494d54897-js5nk,container_cpu_cfs_throttled_seconds_total,10.509
1741558977,kashef-k8s-w1.user-698454f8c4-pfgkk,container_cpu_cfs_throttled_seconds_total,569.48
1741558977,kashef-k8s-ctl.mongodb-rate-785b799bbc-rh26t,container_cpu_cfs_throttled_seconds_total,0.0
1741558992,kashef-k8s-w1.memcached-reserve-bdcb467b4-fpm4v,container_cpu_cfs_throttled_seconds_total,6.646
1741558992,kashef-k8s-w1.geo-bd9dfdb45-pmmf7,container_cpu_cfs_throttled_seconds_total,9.198
1741558992,kashef-k8s-w1.mongodb-profile-6bb85f4df7-rfvcl,container_cpu_cfs_throttled_seconds_total,156.357
1741558992,kashef-k8s-ctl.mongodb-recommendation-59d6b7ccf9-jnrb4,container_cpu_cfs_throttled_seconds_total,0.0
1741558992,kashef-k8s-w1.recommendation-6494d54897-js5nk,container_cpu_cfs_throttled_seconds_total,10.509
1741558992,kashef-k8s-ctl.mongodb-rate-785b799bbc-rh26t,container_cpu_cfs_throttled_seconds_total,0.0
1741558992,kashef-k8s-w1.user-698454f8c4-pfgkk,container_cpu_cfs_throttled_seconds_total,569.48
1741558992,kashef-k8s-w1.mongodb-geo-86b59b75f4-grd4s,container_cpu_cfs_throttled_seconds_total,170.646
1741558992,kashef-k8s-w1.consul-56f5cf4f78-qrhkb,container_cpu_cfs_throttled_seconds_total,184.638
1741558992,kashef-k8s-w1.frontend-7d9d864798-n6lsm,container_cpu_cfs_throttled_seconds_total,10.094
1741558992,kashef-k8s-w1.jaeger-5d885bcf88-stzjn,container_cpu_cfs_throttled_seconds_total,3.047
1741558992,kashef-k8s-w1.mongodb-user-6d96648ddc-pkv6k,container_cpu_cfs_throttled_seconds_total,171.083
1741558992,kashef-k8s-ctl.memcached-rate-bcc5c97f8-xtz5g,container_cpu_cfs_throttled_seconds_total,0.0
1741558992,kashef-k8s-w1.search-8677798cf5-fsd5r,container_cpu_cfs_throttled_seconds_total,12.911
1741558992,kashef-k8s-ctl.profile-6c9f4cc75f-gldzm,container_cpu_cfs_throttled_seconds_total,0.0
1741558992,kashef-k8s-ctl.memcached-profile-7d6fcb6b8-qbcm2,container_cpu_cfs_throttled_seconds_total,0.0
1741558992,kashef-k8s-ctl.rate-66d9d98f67-459fp,container_cpu_cfs_throttled_seconds_total,0.0
1741558992,kashef-k8s-ctl.mongodb-reservation-7b474745f-h55m7,container_cpu_cfs_throttled_seconds_total,0.0
1741558992,kashef-k8s-ctl.reservation-7799998946-chd6t,container_cpu_cfs_throttled_seconds_total,0.0
1741559007,kashef-k8s-w1.recommendation-6494d54897-js5nk,container_cpu_cfs_throttled_seconds_total,10.509
1741559007,kashef-k8s-w1.mongodb-geo-86b59b75f4-grd4s,container_cpu_cfs_throttled_seconds_total,170.646
1741559007,kashef-k8s-w1.jaeger-5d885bcf88-stzjn,container_cpu_cfs_throttled_seconds_total,3.047
1741559007,kashef-k8s-ctl.mongodb-reservation-7b474745f-h55m7,container_cpu_cfs_throttled_seconds_total,0.0
1741559007,kashef-k8s-w1.search-8677798cf5-fsd5r,container_cpu_cfs_throttled_seconds_total,12.911
1741559007,kashef-k8s-ctl.memcached-profile-7d6fcb6b8-qbcm2,container_cpu_cfs_throttled_seconds_total,0.0
1741559007,kashef-k8s-w1.consul-56f5cf4f78-qrhkb,container_cpu_cfs_throttled_seconds_total,184.638
1741559007,kashef-k8s-w1.frontend-7d9d864798-n6lsm,container_cpu_cfs_throttled_seconds_total,10.094
1741559007,kashef-k8s-w1.mongodb-profile-6bb85f4df7-rfvcl,container_cpu_cfs_throttled_seconds_total,156.357
1741559007,kashef-k8s-w1.user-698454f8c4-pfgkk,container_cpu_cfs_throttled_seconds_total,569.48
1741559007,kashef-k8s-ctl.mongodb-recommendation-59d6b7ccf9-jnrb4,container_cpu_cfs_throttled_seconds_total,0.0
1741559007,kashef-k8s-ctl.mongodb-rate-785b799bbc-rh26t,container_cpu_cfs_throttled_seconds_total,0.0
1741559007,kashef-k8s-w1.geo-bd9dfdb45-pmmf7,container_cpu_cfs_throttled_seconds_total,9.198
1741559007,kashef-k8s-w1.memcached-reserve-bdcb467b4-fpm4v,container_cpu_cfs_throttled_seconds_total,6.646
1741559007,kashef-k8s-ctl.rate-66d9d98f67-459fp,container_cpu_cfs_throttled_seconds_total,0.0
1741559007,kashef-k8s-ctl.reservation-7799998946-chd6t,container_cpu_cfs_throttled_seconds_total,0.0
1741559007,kashef-k8s-ctl.memcached-rate-bcc5c97f8-xtz5g,container_cpu_cfs_throttled_seconds_total,0.0
1741559007,kashef-k8s-w1.mongodb-user-6d96648ddc-pkv6k,container_cpu_cfs_throttled_seconds_total,171.083
1741559007,kashef-k8s-ctl.profile-6c9f4cc75f-gldzm,container_cpu_cfs_throttled_seconds_total,0.0
1741559022,kashef-k8s-w1.jaeger-5d885bcf88-stzjn,container_cpu_cfs_throttled_seconds_total,3.047
1741559022,kashef-k8s-w1.consul-56f5cf4f78-qrhkb,container_cpu_cfs_throttled_seconds_total,184.638
1741559022,kashef-k8s-w1.mongodb-profile-6bb85f4df7-rfvcl,container_cpu_cfs_throttled_seconds_total,156.357
1741559022,kashef-k8s-ctl.mongodb-rate-785b799bbc-rh26t,container_cpu_cfs_throttled_seconds_total,0.0
1741559022,kashef-k8s-w1.geo-bd9dfdb45-pmmf7,container_cpu_cfs_throttled_seconds_total,9.198
1741559022,kashef-k8s-w1.mongodb-geo-86b59b75f4-grd4s,container_cpu_cfs_throttled_seconds_total,170.646
1741559022,kashef-k8s-ctl.mongodb-reservation-7b474745f-h55m7,container_cpu_cfs_throttled_seconds_total,0.0
1741559022,kashef-k8s-w1.frontend-7d9d864798-n6lsm,container_cpu_cfs_throttled_seconds_total,10.094
1741559022,kashef-k8s-ctl.mongodb-recommendation-59d6b7ccf9-jnrb4,container_cpu_cfs_throttled_seconds_total,0.0
1741559022,kashef-k8s-w1.user-698454f8c4-pfgkk,container_cpu_cfs_throttled_seconds_total,569.48
1741559022,kashef-k8s-ctl.memcached-profile-7d6fcb6b8-qbcm2,container_cpu_cfs_throttled_seconds_total,0.0
1741559022,kashef-k8s-ctl.memcached-rate-bcc5c97f8-xtz5g,container_cpu_cfs_throttled_seconds_total,0.0
1741559022,kashef-k8s-w1.recommendation-6494d54897-js5nk,container_cpu_cfs_throttled_seconds_total,10.509
1741559022,kashef-k8s-ctl.profile-6c9f4cc75f-gldzm,container_cpu_cfs_throttled_seconds_total,0.0
1741559022,kashef-k8s-w1.search-8677798cf5-fsd5r,container_cpu_cfs_throttled_seconds_total,12.911
1741559022,kashef-k8s-w1.mongodb-user-6d96648ddc-pkv6k,container_cpu_cfs_throttled_seconds_total,171.083
1741559022,kashef-k8s-w1.memcached-reserve-bdcb467b4-fpm4v,container_cpu_cfs_throttled_seconds_total,6.646
1741559022,kashef-k8s-ctl.reservation-7799998946-chd6t,container_cpu_cfs_throttled_seconds_total,0.0
1741559022,kashef-k8s-ctl.rate-66d9d98f67-459fp,container_cpu_cfs_throttled_seconds_total,0.0
1741559037,kashef-k8s-ctl.rate-66d9d98f67-459fp,container_cpu_cfs_throttled_seconds_total,0.0
1741559037,kashef-k8s-w1.mongodb-user-6d96648ddc-pkv6k,container_cpu_cfs_throttled_seconds_total,221.474
1741559037,kashef-k8s-w1.user-698454f8c4-pfgkk,container_cpu_cfs_throttled_seconds_total,623.954
1741559037,kashef-k8s-ctl.memcached-profile-7d6fcb6b8-qbcm2,container_cpu_cfs_throttled_seconds_total,0.0
1741559037,kashef-k8s-w1.consul-56f5cf4f78-qrhkb,container_cpu_cfs_throttled_seconds_total,184.638
1741559037,kashef-k8s-w1.mongodb-geo-86b59b75f4-grd4s,container_cpu_cfs_throttled_seconds_total,170.646
1741559037,kashef-k8s-w1.jaeger-5d885bcf88-stzjn,container_cpu_cfs_throttled_seconds_total,3.047
1741559037,kashef-k8s-w1.frontend-7d9d864798-n6lsm,container_cpu_cfs_throttled_seconds_total,10.094
1741559037,kashef-k8s-ctl.memcached-rate-bcc5c97f8-xtz5g,container_cpu_cfs_throttled_seconds_total,0.0
1741559037,kashef-k8s-w1.recommendation-6494d54897-js5nk,container_cpu_cfs_throttled_seconds_total,13.629
1741559037,kashef-k8s-w1.search-8677798cf5-fsd5r,container_cpu_cfs_throttled_seconds_total,12.911
1741559037,kashef-k8s-ctl.reservation-7799998946-chd6t,container_cpu_cfs_throttled_seconds_total,0.0
1741559037,kashef-k8s-ctl.profile-6c9f4cc75f-gldzm,container_cpu_cfs_throttled_seconds_total,0.0
1741559037,kashef-k8s-ctl.mongodb-reservation-7b474745f-h55m7,container_cpu_cfs_throttled_seconds_total,0.0
1741559037,kashef-k8s-w1.geo-bd9dfdb45-pmmf7,container_cpu_cfs_throttled_seconds_total,9.198
1741559037,kashef-k8s-w1.mongodb-profile-6bb85f4df7-rfvcl,container_cpu_cfs_throttled_seconds_total,208.854
1741559037,kashef-k8s-ctl.mongodb-rate-785b799bbc-rh26t,container_cpu_cfs_throttled_seconds_total,0.0
1741559037,kashef-k8s-ctl.mongodb-recommendation-59d6b7ccf9-jnrb4,container_cpu_cfs_throttled_seconds_total,0.0
1741559037,kashef-k8s-w1.memcached-reserve-bdcb467b4-fpm4v,container_cpu_cfs_throttled_seconds_total,6.646
1741559052,kashef-k8s-ctl.profile-6c9f4cc75f-gldzm,container_cpu_cfs_throttled_seconds_total,0.0
1741559052,kashef-k8s-ctl.mongodb-recommendation-59d6b7ccf9-jnrb4,container_cpu_cfs_throttled_seconds_total,0.0
1741559052,kashef-k8s-w1.memcached-reserve-bdcb467b4-fpm4v,container_cpu_cfs_throttled_seconds_total,22.574
1741559052,kashef-k8s-w1.geo-bd9dfdb45-pmmf7,container_cpu_cfs_throttled_seconds_total,17.838
1741559052,kashef-k8s-w1.mongodb-profile-6bb85f4df7-rfvcl,container_cpu_cfs_throttled_seconds_total,208.854
1741559052,kashef-k8s-ctl.memcached-rate-bcc5c97f8-xtz5g,container_cpu_cfs_throttled_seconds_total,0.0
1741559052,kashef-k8s-w1.search-8677798cf5-fsd5r,container_cpu_cfs_throttled_seconds_total,21.394
1741559052,kashef-k8s-ctl.mongodb-reservation-7b474745f-h55m7,container_cpu_cfs_throttled_seconds_total,0.0
1741559052,kashef-k8s-w1.recommendation-6494d54897-js5nk,container_cpu_cfs_throttled_seconds_total,13.629
1741559052,kashef-k8s-ctl.reservation-7799998946-chd6t,container_cpu_cfs_throttled_seconds_total,0.0
1741559052,kashef-k8s-w1.jaeger-5d885bcf88-stzjn,container_cpu_cfs_throttled_seconds_total,8.937
1741559052,kashef-k8s-w1.mongodb-geo-86b59b75f4-grd4s,container_cpu_cfs_throttled_seconds_total,312.287
1741559052,kashef-k8s-w1.user-698454f8c4-pfgkk,container_cpu_cfs_throttled_seconds_total,623.954
1741559052,kashef-k8s-ctl.memcached-profile-7d6fcb6b8-qbcm2,container_cpu_cfs_throttled_seconds_total,0.0
1741559052,kashef-k8s-w1.frontend-7d9d864798-n6lsm,container_cpu_cfs_throttled_seconds_total,15.496
1741559052,kashef-k8s-w1.consul-56f5cf4f78-qrhkb,container_cpu_cfs_throttled_seconds_total,214.313
1741559052,kashef-k8s-w1.mongodb-user-6d96648ddc-pkv6k,container_cpu_cfs_throttled_seconds_total,221.474
1741559052,kashef-k8s-ctl.rate-66d9d98f67-459fp,container_cpu_cfs_throttled_seconds_total,0.0
1741559052,kashef-k8s-ctl.mongodb-rate-785b799bbc-rh26t,container_cpu_cfs_throttled_seconds_total,0.0
1741559067,kashef-k8s-w1.jaeger-5d885bcf88-stzjn,container_cpu_cfs_throttled_seconds_total,8.937
1741559067,kashef-k8s-w1.geo-bd9dfdb45-pmmf7,container_cpu_cfs_throttled_seconds_total,17.838
1741559067,kashef-k8s-w1.memcached-reserve-bdcb467b4-fpm4v,container_cpu_cfs_throttled_seconds_total,22.574
1741559067,kashef-k8s-w1.consul-56f5cf4f78-qrhkb,container_cpu_cfs_throttled_seconds_total,214.313
1741559067,kashef-k8s-ctl.mongodb-reservation-7b474745f-h55m7,container_cpu_cfs_throttled_seconds_total,0.0
1741559067,kashef-k8s-ctl.mongodb-rate-785b799bbc-rh26t,container_cpu_cfs_throttled_seconds_total,0.0
1741559067,kashef-k8s-w1.recommendation-6494d54897-js5nk,container_cpu_cfs_throttled_seconds_total,13.629
1741559067,kashef-k8s-ctl.reservation-7799998946-chd6t,container_cpu_cfs_throttled_seconds_total,0.0
1741559067,kashef-k8s-ctl.memcached-rate-bcc5c97f8-xtz5g,container_cpu_cfs_throttled_seconds_total,0.0
1741559067,kashef-k8s-w1.search-8677798cf5-fsd5r,container_cpu_cfs_throttled_seconds_total,21.394
1741559067,kashef-k8s-ctl.rate-66d9d98f67-459fp,container_cpu_cfs_throttled_seconds_total,0.0
1741559067,kashef-k8s-ctl.mongodb-recommendation-59d6b7ccf9-jnrb4,container_cpu_cfs_throttled_seconds_total,0.0
1741559067,kashef-k8s-ctl.profile-6c9f4cc75f-gldzm,container_cpu_cfs_throttled_seconds_total,0.0
1741559067,kashef-k8s-w1.mongodb-profile-6bb85f4df7-rfvcl,container_cpu_cfs_throttled_seconds_total,208.854
1741559067,kashef-k8s-w1.user-698454f8c4-pfgkk,container_cpu_cfs_throttled_seconds_total,623.954
1741559067,kashef-k8s-ctl.memcached-profile-7d6fcb6b8-qbcm2,container_cpu_cfs_throttled_seconds_total,0.0
1741559067,kashef-k8s-w1.frontend-7d9d864798-n6lsm,container_cpu_cfs_throttled_seconds_total,15.496
1741559067,kashef-k8s-w1.mongodb-geo-86b59b75f4-grd4s,container_cpu_cfs_throttled_seconds_total,312.287
1741559067,kashef-k8s-w1.mongodb-user-6d96648ddc-pkv6k,container_cpu_cfs_throttled_seconds_total,221.474
1741559082,kashef-k8s-w1.search-8677798cf5-fsd5r,container_cpu_cfs_throttled_seconds_total,21.394
1741559082,kashef-k8s-ctl.profile-6c9f4cc75f-gldzm,container_cpu_cfs_throttled_seconds_total,0.0
1741559082,kashef-k8s-w1.recommendation-6494d54897-js5nk,container_cpu_cfs_throttled_seconds_total,13.629
1741559082,kashef-k8s-w1.consul-56f5cf4f78-qrhkb,container_cpu_cfs_throttled_seconds_total,214.313
1741559082,kashef-k8s-w1.jaeger-5d885bcf88-stzjn,container_cpu_cfs_throttled_seconds_total,8.937
1741559082,kashef-k8s-ctl.reservation-7799998946-chd6t,container_cpu_cfs_throttled_seconds_total,0.0
1741559082,kashef-k8s-ctl.mongodb-reservation-7b474745f-h55m7,container_cpu_cfs_throttled_seconds_total,0.0
1741559082,kashef-k8s-ctl.rate-66d9d98f67-459fp,container_cpu_cfs_throttled_seconds_total,0.0
1741559082,kashef-k8s-w1.frontend-7d9d864798-n6lsm,container_cpu_cfs_throttled_seconds_total,15.496
1741559082,kashef-k8s-ctl.memcached-rate-bcc5c97f8-xtz5g,container_cpu_cfs_throttled_seconds_total,0.0
1741559082,kashef-k8s-ctl.mongodb-rate-785b799bbc-rh26t,container_cpu_cfs_throttled_seconds_total,0.0
1741559082,kashef-k8s-w1.user-698454f8c4-pfgkk,container_cpu_cfs_throttled_seconds_total,623.954
1741559082,kashef-k8s-ctl.memcached-profile-7d6fcb6b8-qbcm2,container_cpu_cfs_throttled_seconds_total,0.0
1741559082,kashef-k8s-ctl.mongodb-recommendation-59d6b7ccf9-jnrb4,container_cpu_cfs_throttled_seconds_total,0.0
1741559082,kashef-k8s-w1.mongodb-geo-86b59b75f4-grd4s,container_cpu_cfs_throttled_seconds_total,312.287
1741559082,kashef-k8s-w1.mongodb-user-6d96648ddc-pkv6k,container_cpu_cfs_throttled_seconds_total,221.474
1741559082,kashef-k8s-w1.memcached-reserve-bdcb467b4-fpm4v,container_cpu_cfs_throttled_seconds_total,22.574
1741559082,kashef-k8s-w1.mongodb-profile-6bb85f4df7-rfvcl,container_cpu_cfs_throttled_seconds_total,208.854
1741559082,kashef-k8s-w1.geo-bd9dfdb45-pmmf7,container_cpu_cfs_throttled_seconds_total,17.838
1741559097,kashef-k8s-w1.geo-bd9dfdb45-pmmf7,container_cpu_cfs_throttled_seconds_total,17.838
1741559097,kashef-k8s-w1.mongodb-profile-6bb85f4df7-rfvcl,container_cpu_cfs_throttled_seconds_total,308.391
1741559097,kashef-k8s-w1.mongodb-geo-86b59b75f4-grd4s,container_cpu_cfs_throttled_seconds_total,331.774
1741559097,kashef-k8s-ctl.reservation-7799998946-chd6t,container_cpu_cfs_throttled_seconds_total,0.0
1741559097,kashef-k8s-w1.search-8677798cf5-fsd5r,container_cpu_cfs_throttled_seconds_total,21.993
1741559097,kashef-k8s-w1.mongodb-user-6d96648ddc-pkv6k,container_cpu_cfs_throttled_seconds_total,221.474
1741559097,kashef-k8s-w1.consul-56f5cf4f78-qrhkb,container_cpu_cfs_throttled_seconds_total,229.903
1741559097,kashef-k8s-ctl.mongodb-reservation-7b474745f-h55m7,container_cpu_cfs_throttled_seconds_total,0.0
1741559097,kashef-k8s-w1.jaeger-5d885bcf88-stzjn,container_cpu_cfs_throttled_seconds_total,8.937
1741559097,kashef-k8s-ctl.mongodb-rate-785b799bbc-rh26t,container_cpu_cfs_throttled_seconds_total,0.0
1741559097,kashef-k8s-ctl.mongodb-recommendation-59d6b7ccf9-jnrb4,container_cpu_cfs_throttled_seconds_total,0.0
1741559097,kashef-k8s-ctl.memcached-rate-bcc5c97f8-xtz5g,container_cpu_cfs_throttled_seconds_total,0.0
1741559097,kashef-k8s-w1.recommendation-6494d54897-js5nk,container_cpu_cfs_throttled_seconds_total,23.124
1741559097,kashef-k8s-ctl.profile-6c9f4cc75f-gldzm,container_cpu_cfs_throttled_seconds_total,0.0
1741559097,kashef-k8s-ctl.memcached-profile-7d6fcb6b8-qbcm2,container_cpu_cfs_throttled_seconds_total,0.0
1741559097,kashef-k8s-w1.user-698454f8c4-pfgkk,container_cpu_cfs_throttled_seconds_total,623.954
1741559097,kashef-k8s-w1.frontend-7d9d864798-n6lsm,container_cpu_cfs_throttled_seconds_total,18.003
1741559097,kashef-k8s-ctl.rate-66d9d98f67-459fp,container_cpu_cfs_throttled_seconds_total,0.0
1741559097,kashef-k8s-w1.memcached-reserve-bdcb467b4-fpm4v,container_cpu_cfs_throttled_seconds_total,24.421
1741559112,kashef-k8s-ctl.memcached-profile-7d6fcb6b8-qbcm2,container_cpu_cfs_throttled_seconds_total,0.0
1741559112,kashef-k8s-w1.mongodb-profile-6bb85f4df7-rfvcl,container_cpu_cfs_throttled_seconds_total,308.391
1741559112,kashef-k8s-w1.mongodb-geo-86b59b75f4-grd4s,container_cpu_cfs_throttled_seconds_total,331.774
1741559112,kashef-k8s-w1.user-698454f8c4-pfgkk,container_cpu_cfs_throttled_seconds_total,733.086
1741559112,kashef-k8s-ctl.reservation-7799998946-chd6t,container_cpu_cfs_throttled_seconds_total,0.0
1741559112,kashef-k8s-ctl.mongodb-rate-785b799bbc-rh26t,container_cpu_cfs_throttled_seconds_total,0.0
1741559112,kashef-k8s-w1.mongodb-user-6d96648ddc-pkv6k,container_cpu_cfs_throttled_seconds_total,339.762
1741559112,kashef-k8s-w1.search-8677798cf5-fsd5r,container_cpu_cfs_throttled_seconds_total,21.993
1741559112,kashef-k8s-w1.jaeger-5d885bcf88-stzjn,container_cpu_cfs_throttled_seconds_total,9.997
1741559112,kashef-k8s-ctl.profile-6c9f4cc75f-gldzm,container_cpu_cfs_throttled_seconds_total,0.0
1741559112,kashef-k8s-w1.memcached-reserve-bdcb467b4-fpm4v,container_cpu_cfs_throttled_seconds_total,24.421
1741559112,kashef-k8s-w1.recommendation-6494d54897-js5nk,container_cpu_cfs_throttled_seconds_total,23.124
1741559112,kashef-k8s-ctl.memcached-rate-bcc5c97f8-xtz5g,container_cpu_cfs_throttled_seconds_total,0.0
1741559112,kashef-k8s-ctl.mongodb-recommendation-59d6b7ccf9-jnrb4,container_cpu_cfs_throttled_seconds_total,0.0
1741559112,kashef-k8s-w1.frontend-7d9d864798-n6lsm,container_cpu_cfs_throttled_seconds_total,18.003
1741559112,kashef-k8s-w1.consul-56f5cf4f78-qrhkb,container_cpu_cfs_throttled_seconds_total,229.903
1741559112,kashef-k8s-ctl.mongodb-reservation-7b474745f-h55m7,container_cpu_cfs_throttled_seconds_total,0.0
1741559112,kashef-k8s-ctl.rate-66d9d98f67-459fp,container_cpu_cfs_throttled_seconds_total,0.0
1741559112,kashef-k8s-w1.geo-bd9dfdb45-pmmf7,container_cpu_cfs_throttled_seconds_total,25.562
1741559127,kashef-k8s-w1.mongodb-geo-86b59b75f4-grd4s,container_cpu_cfs_throttled_seconds_total,331.774
1741559127,kashef-k8s-w1.mongodb-profile-6bb85f4df7-rfvcl,container_cpu_cfs_throttled_seconds_total,308.391
1741559127,kashef-k8s-ctl.memcached-profile-7d6fcb6b8-qbcm2,container_cpu_cfs_throttled_seconds_total,0.0
1741559127,kashef-k8s-w1.jaeger-5d885bcf88-stzjn,container_cpu_cfs_throttled_seconds_total,9.997
1741559127,kashef-k8s-ctl.memcached-rate-bcc5c97f8-xtz5g,container_cpu_cfs_throttled_seconds_total,0.0
1741559127,kashef-k8s-w1.frontend-7d9d864798-n6lsm,container_cpu_cfs_throttled_seconds_total,18.003
1741559127,kashef-k8s-ctl.profile-6c9f4cc75f-gldzm,container_cpu_cfs_throttled_seconds_total,0.0
1741559127,kashef-k8s-w1.consul-56f5cf4f78-qrhkb,container_cpu_cfs_throttled_seconds_total,229.903
1741559127,kashef-k8s-ctl.mongodb-reservation-7b474745f-h55m7,container_cpu_cfs_throttled_seconds_total,0.0
1741559127,kashef-k8s-w1.recommendation-6494d54897-js5nk,container_cpu_cfs_throttled_seconds_total,23.124
1741559127,kashef-k8s-w1.search-8677798cf5-fsd5r,container_cpu_cfs_throttled_seconds_total,21.993
1741559127,kashef-k8s-ctl.mongodb-rate-785b799bbc-rh26t,container_cpu_cfs_throttled_seconds_total,0.0
1741559127,kashef-k8s-w1.mongodb-user-6d96648ddc-pkv6k,container_cpu_cfs_throttled_seconds_total,339.762
1741559127,kashef-k8s-w1.user-698454f8c4-pfgkk,container_cpu_cfs_throttled_seconds_total,733.086
1741559127,kashef-k8s-ctl.reservation-7799998946-chd6t,container_cpu_cfs_throttled_seconds_total,0.0
1741559127,kashef-k8s-ctl.rate-66d9d98f67-459fp,container_cpu_cfs_throttled_seconds_total,0.0
1741559127,kashef-k8s-w1.memcached-reserve-bdcb467b4-fpm4v,container_cpu_cfs_throttled_seconds_total,24.421
1741559127,kashef-k8s-ctl.mongodb-recommendation-59d6b7ccf9-jnrb4,container_cpu_cfs_throttled_seconds_total,0.0
1741559127,kashef-k8s-w1.geo-bd9dfdb45-pmmf7,container_cpu_cfs_throttled_seconds_total,25.562
1741559142,kashef-k8s-ctl.mongodb-rate-785b799bbc-rh26t,container_cpu_cfs_throttled_seconds_total,0.0
1741559142,kashef-k8s-ctl.memcached-rate-bcc5c97f8-xtz5g,container_cpu_cfs_throttled_seconds_total,0.0
1741559142,kashef-k8s-w1.memcached-reserve-bdcb467b4-fpm4v,container_cpu_cfs_throttled_seconds_total,24.421
1741559142,kashef-k8s-w1.geo-bd9dfdb45-pmmf7,container_cpu_cfs_throttled_seconds_total,25.562
1741559142,kashef-k8s-w1.user-698454f8c4-pfgkk,container_cpu_cfs_throttled_seconds_total,733.086
1741559142,kashef-k8s-w1.search-8677798cf5-fsd5r,container_cpu_cfs_throttled_seconds_total,21.993
1741559142,kashef-k8s-ctl.reservation-7799998946-chd6t,container_cpu_cfs_throttled_seconds_total,0.0
1741559142,kashef-k8s-w1.recommendation-6494d54897-js5nk,container_cpu_cfs_throttled_seconds_total,23.124
1741559142,kashef-k8s-w1.mongodb-geo-86b59b75f4-grd4s,container_cpu_cfs_throttled_seconds_total,331.774
1741559142,kashef-k8s-ctl.mongodb-reservation-7b474745f-h55m7,container_cpu_cfs_throttled_seconds_total,0.0
1741559142,kashef-k8s-w1.mongodb-user-6d96648ddc-pkv6k,container_cpu_cfs_throttled_seconds_total,339.762
1741559142,kashef-k8s-ctl.rate-66d9d98f67-459fp,container_cpu_cfs_throttled_seconds_total,0.0
1741559142,kashef-k8s-w1.jaeger-5d885bcf88-stzjn,container_cpu_cfs_throttled_seconds_total,9.997
1741559142,kashef-k8s-w1.consul-56f5cf4f78-qrhkb,container_cpu_cfs_throttled_seconds_total,229.903
1741559142,kashef-k8s-ctl.profile-6c9f4cc75f-gldzm,container_cpu_cfs_throttled_seconds_total,0.0
1741559142,kashef-k8s-w1.frontend-7d9d864798-n6lsm,container_cpu_cfs_throttled_seconds_total,18.003
1741559142,kashef-k8s-w1.mongodb-profile-6bb85f4df7-rfvcl,container_cpu_cfs_throttled_seconds_total,308.391
1741559142,kashef-k8s-ctl.memcached-profile-7d6fcb6b8-qbcm2,container_cpu_cfs_throttled_seconds_total,0.0
1741559142,kashef-k8s-ctl.mongodb-recommendation-59d6b7ccf9-jnrb4,container_cpu_cfs_throttled_seconds_total,0.0
1741559157,kashef-k8s-w1.search-8677798cf5-fsd5r,container_cpu_cfs_throttled_seconds_total,24.016
1741559157,kashef-k8s-ctl.memcached-rate-bcc5c97f8-xtz5g,container_cpu_cfs_throttled_seconds_total,0.0
1741559157,kashef-k8s-ctl.mongodb-recommendation-59d6b7ccf9-jnrb4,container_cpu_cfs_throttled_seconds_total,0.0
1741559157,kashef-k8s-w1.memcached-reserve-bdcb467b4-fpm4v,container_cpu_cfs_throttled_seconds_total,24.819
1741559157,kashef-k8s-w1.recommendation-6494d54897-js5nk,container_cpu_cfs_throttled_seconds_total,26.539
1741559157,kashef-k8s-w1.consul-56f5cf4f78-qrhkb,container_cpu_cfs_throttled_seconds_total,289.674
1741559157,kashef-k8s-ctl.mongodb-reservation-7b474745f-h55m7,container_cpu_cfs_throttled_seconds_total,0.0
1741559157,kashef-k8s-ctl.reservation-7799998946-chd6t,container_cpu_cfs_throttled_seconds_total,0.0
1741559157,kashef-k8s-ctl.profile-6c9f4cc75f-gldzm,container_cpu_cfs_throttled_seconds_total,0.0
1741559157,kashef-k8s-w1.jaeger-5d885bcf88-stzjn,container_cpu_cfs_throttled_seconds_total,10.384
1741559157,kashef-k8s-ctl.mongodb-rate-785b799bbc-rh26t,container_cpu_cfs_throttled_seconds_total,0.0
1741559157,kashef-k8s-w1.geo-bd9dfdb45-pmmf7,container_cpu_cfs_throttled_seconds_total,25.674
1741559157,kashef-k8s-w1.mongodb-profile-6bb85f4df7-rfvcl,container_cpu_cfs_throttled_seconds_total,308.391
1741559157,kashef-k8s-w1.mongodb-geo-86b59b75f4-grd4s,container_cpu_cfs_throttled_seconds_total,366.899
1741559157,kashef-k8s-w1.frontend-7d9d864798-n6lsm,container_cpu_cfs_throttled_seconds_total,19.984
1741559157,kashef-k8s-w1.mongodb-user-6d96648ddc-pkv6k,container_cpu_cfs_throttled_seconds_total,354.744
1741559157,kashef-k8s-ctl.memcached-profile-7d6fcb6b8-qbcm2,container_cpu_cfs_throttled_seconds_total,0.0
1741559157,kashef-k8s-w1.user-698454f8c4-pfgkk,container_cpu_cfs_throttled_seconds_total,761.697
1741559157,kashef-k8s-ctl.rate-66d9d98f67-459fp,container_cpu_cfs_throttled_seconds_total,0.0
1741559172,kashef-k8s-w1.mongodb-profile-6bb85f4df7-rfvcl,container_cpu_cfs_throttled_seconds_total,348.609
1741559172,kashef-k8s-w1.memcached-reserve-bdcb467b4-fpm4v,container_cpu_cfs_throttled_seconds_total,24.819
1741559172,kashef-k8s-w1.search-8677798cf5-fsd5r,container_cpu_cfs_throttled_seconds_total,24.016
1741559172,kashef-k8s-w1.consul-56f5cf4f78-qrhkb,container_cpu_cfs_throttled_seconds_total,289.674
1741559172,kashef-k8s-ctl.reservation-7799998946-chd6t,container_cpu_cfs_throttled_seconds_total,0.0
1741559172,kashef-k8s-w1.frontend-7d9d864798-n6lsm,container_cpu_cfs_throttled_seconds_total,19.984
1741559172,kashef-k8s-ctl.profile-6c9f4cc75f-gldzm,container_cpu_cfs_throttled_seconds_total,0.0
1741559172,kashef-k8s-w1.recommendation-6494d54897-js5nk,container_cpu_cfs_throttled_seconds_total,26.539
1741559172,kashef-k8s-ctl.mongodb-reservation-7b474745f-h55m7,container_cpu_cfs_throttled_seconds_total,0.0
1741559172,kashef-k8s-w1.mongodb-user-6d96648ddc-pkv6k,container_cpu_cfs_throttled_seconds_total,354.744
1741559172,kashef-k8s-w1.jaeger-5d885bcf88-stzjn,container_cpu_cfs_throttled_seconds_total,10.384
1741559172,kashef-k8s-ctl.mongodb-rate-785b799bbc-rh26t,container_cpu_cfs_throttled_seconds_total,0.0
1741559172,kashef-k8s-ctl.mongodb-recommendation-59d6b7ccf9-jnrb4,container_cpu_cfs_throttled_seconds_total,0.0
1741559172,kashef-k8s-ctl.memcached-profile-7d6fcb6b8-qbcm2,container_cpu_cfs_throttled_seconds_total,0.0
1741559172,kashef-k8s-w1.mongodb-geo-86b59b75f4-grd4s,container_cpu_cfs_throttled_seconds_total,366.899
1741559172,kashef-k8s-w1.user-698454f8c4-pfgkk,container_cpu_cfs_throttled_seconds_total,761.697
1741559172,kashef-k8s-ctl.memcached-rate-bcc5c97f8-xtz5g,container_cpu_cfs_throttled_seconds_total,0.0
1741559172,kashef-k8s-ctl.rate-66d9d98f67-459fp,container_cpu_cfs_throttled_seconds_total,0.0
1741559172,kashef-k8s-w1.geo-bd9dfdb45-pmmf7,container_cpu_cfs_throttled_seconds_total,25.674
1741559187,kashef-k8s-w1.recommendation-6494d54897-js5nk,container_cpu_cfs_throttled_seconds_total,26.539
1741559187,kashef-k8s-ctl.mongodb-reservation-7b474745f-h55m7,container_cpu_cfs_throttled_seconds_total,0.0
1741559187,kashef-k8s-w1.user-698454f8c4-pfgkk,container_cpu_cfs_throttled_seconds_total,761.697
1741559187,kashef-k8s-ctl.mongodb-recommendation-59d6b7ccf9-jnrb4,container_cpu_cfs_throttled_seconds_total,0.0
1741559187,kashef-k8s-ctl.memcached-rate-bcc5c97f8-xtz5g,container_cpu_cfs_throttled_seconds_total,0.0
1741559187,kashef-k8s-w1.jaeger-5d885bcf88-stzjn,container_cpu_cfs_throttled_seconds_total,10.384
1741559187,kashef-k8s-w1.frontend-7d9d864798-n6lsm,container_cpu_cfs_throttled_seconds_total,19.984
1741559187,kashef-k8s-w1.mongodb-user-6d96648ddc-pkv6k,container_cpu_cfs_throttled_seconds_total,354.744
1741559187,kashef-k8s-w1.search-8677798cf5-fsd5r,container_cpu_cfs_throttled_seconds_total,24.016
1741559187,kashef-k8s-ctl.reservation-7799998946-chd6t,container_cpu_cfs_throttled_seconds_total,0.0
1741559187,kashef-k8s-w1.consul-56f5cf4f78-qrhkb,container_cpu_cfs_throttled_seconds_total,289.674
1741559187,kashef-k8s-w1.memcached-reserve-bdcb467b4-fpm4v,container_cpu_cfs_throttled_seconds_total,24.819
1741559187,kashef-k8s-w1.mongodb-geo-86b59b75f4-grd4s,container_cpu_cfs_throttled_seconds_total,366.899
1741559187,kashef-k8s-ctl.profile-6c9f4cc75f-gldzm,container_cpu_cfs_throttled_seconds_total,0.0
1741559187,kashef-k8s-w1.mongodb-profile-6bb85f4df7-rfvcl,container_cpu_cfs_throttled_seconds_total,348.609
1741559187,kashef-k8s-ctl.memcached-profile-7d6fcb6b8-qbcm2,container_cpu_cfs_throttled_seconds_total,0.0
1741559187,kashef-k8s-ctl.rate-66d9d98f67-459fp,container_cpu_cfs_throttled_seconds_total,0.0
1741559187,kashef-k8s-ctl.mongodb-rate-785b799bbc-rh26t,container_cpu_cfs_throttled_seconds_total,0.0
1741559187,kashef-k8s-w1.geo-bd9dfdb45-pmmf7,container_cpu_cfs_throttled_seconds_total,25.674
1741559202,kashef-k8s-ctl.mongodb-reservation-7b474745f-h55m7,container_cpu_cfs_throttled_seconds_total,0.0
1741559202,kashef-k8s-w1.frontend-7d9d864798-n6lsm,container_cpu_cfs_throttled_seconds_total,19.984
1741559202,kashef-k8s-w1.mongodb-geo-86b59b75f4-grd4s,container_cpu_cfs_throttled_seconds_total,366.899
1741559202,kashef-k8s-w1.geo-bd9dfdb45-pmmf7,container_cpu_cfs_throttled_seconds_total,25.674
1741559202,kashef-k8s-w1.memcached-reserve-bdcb467b4-fpm4v,container_cpu_cfs_throttled_seconds_total,24.819
1741559202,kashef-k8s-ctl.rate-66d9d98f67-459fp,container_cpu_cfs_throttled_seconds_total,0.0
1741559202,kashef-k8s-w1.recommendation-6494d54897-js5nk,container_cpu_cfs_throttled_seconds_total,26.539
1741559202,kashef-k8s-w1.consul-56f5cf4f78-qrhkb,container_cpu_cfs_throttled_seconds_total,289.674
1741559202,kashef-k8s-w1.search-8677798cf5-fsd5r,container_cpu_cfs_throttled_seconds_total,24.016
1741559202,kashef-k8s-ctl.reservation-7799998946-chd6t,container_cpu_cfs_throttled_seconds_total,0.0
1741559202,kashef-k8s-w1.jaeger-5d885bcf88-stzjn,container_cpu_cfs_throttled_seconds_total,10.384
1741559202,kashef-k8s-ctl.memcached-rate-bcc5c97f8-xtz5g,container_cpu_cfs_throttled_seconds_total,0.0
1741559202,kashef-k8s-ctl.memcached-profile-7d6fcb6b8-qbcm2,container_cpu_cfs_throttled_seconds_total,0.0
1741559202,kashef-k8s-w1.user-698454f8c4-pfgkk,container_cpu_cfs_throttled_seconds_total,761.697
1741559202,kashef-k8s-w1.mongodb-user-6d96648ddc-pkv6k,container_cpu_cfs_throttled_seconds_total,354.744
1741559202,kashef-k8s-ctl.mongodb-recommendation-59d6b7ccf9-jnrb4,container_cpu_cfs_throttled_seconds_total,0.0
1741559202,kashef-k8s-w1.mongodb-profile-6bb85f4df7-rfvcl,container_cpu_cfs_throttled_seconds_total,348.609
1741559202,kashef-k8s-ctl.mongodb-rate-785b799bbc-rh26t,container_cpu_cfs_throttled_seconds_total,0.0
1741559202,kashef-k8s-ctl.profile-6c9f4cc75f-gldzm,container_cpu_cfs_throttled_seconds_total,0.0
1741559217,kashef-k8s-w1.frontend-7d9d864798-n6lsm,container_cpu_cfs_throttled_seconds_total,20.869
1741559217,kashef-k8s-w1.mongodb-user-6d96648ddc-pkv6k,container_cpu_cfs_throttled_seconds_total,401.92
1741559217,kashef-k8s-w1.consul-56f5cf4f78-qrhkb,container_cpu_cfs_throttled_seconds_total,338.623
1741559217,kashef-k8s-w1.mongodb-geo-86b59b75f4-grd4s,container_cpu_cfs_throttled_seconds_total,419.036
1741559217,kashef-k8s-ctl.profile-6c9f4cc75f-gldzm,container_cpu_cfs_throttled_seconds_total,0.0
1741559217,kashef-k8s-ctl.memcached-rate-bcc5c97f8-xtz5g,container_cpu_cfs_throttled_seconds_total,0.0
1741559217,kashef-k8s-ctl.memcached-profile-7d6fcb6b8-qbcm2,container_cpu_cfs_throttled_seconds_total,0.0
1741559217,kashef-k8s-ctl.mongodb-rate-785b799bbc-rh26t,container_cpu_cfs_throttled_seconds_total,0.0
1741559217,kashef-k8s-ctl.mongodb-reservation-7b474745f-h55m7,container_cpu_cfs_throttled_seconds_total,0.0
1741559217,kashef-k8s-ctl.reservation-7799998946-chd6t,container_cpu_cfs_throttled_seconds_total,0.0
1741559217,kashef-k8s-ctl.mongodb-recommendation-59d6b7ccf9-jnrb4,container_cpu_cfs_throttled_seconds_total,0.0
1741559217,kashef-k8s-w1.search-8677798cf5-fsd5r,container_cpu_cfs_throttled_seconds_total,26.165
1741559217,kashef-k8s-w1.recommendation-6494d54897-js5nk,container_cpu_cfs_throttled_seconds_total,27.098
1741559217,kashef-k8s-w1.user-698454f8c4-pfgkk,container_cpu_cfs_throttled_seconds_total,797.451
1741559217,kashef-k8s-w1.jaeger-5d885bcf88-stzjn,container_cpu_cfs_throttled_seconds_total,11.19
1741559217,kashef-k8s-w1.memcached-reserve-bdcb467b4-fpm4v,container_cpu_cfs_throttled_seconds_total,28.505
1741559217,kashef-k8s-ctl.rate-66d9d98f67-459fp,container_cpu_cfs_throttled_seconds_total,0.0
1741559217,kashef-k8s-w1.geo-bd9dfdb45-pmmf7,container_cpu_cfs_throttled_seconds_total,25.674
1741559217,kashef-k8s-w1.mongodb-profile-6bb85f4df7-rfvcl,container_cpu_cfs_throttled_seconds_total,385.11
1741559232,kashef-k8s-w1.memcached-reserve-bdcb467b4-fpm4v,container_cpu_cfs_throttled_seconds_total,28.505
1741559232,kashef-k8s-w1.geo-bd9dfdb45-pmmf7,container_cpu_cfs_throttled_seconds_total,29.39
1741559232,kashef-k8s-ctl.reservation-7799998946-chd6t,container_cpu_cfs_throttled_seconds_total,0.0
1741559232,kashef-k8s-w1.mongodb-user-6d96648ddc-pkv6k,container_cpu_cfs_throttled_seconds_total,401.92
1741559232,kashef-k8s-w1.jaeger-5d885bcf88-stzjn,container_cpu_cfs_throttled_seconds_total,11.19
1741559232,kashef-k8s-ctl.rate-66d9d98f67-459fp,container_cpu_cfs_throttled_seconds_total,0.0
1741559232,kashef-k8s-w1.user-698454f8c4-pfgkk,container_cpu_cfs_throttled_seconds_total,797.451
1741559232,kashef-k8s-w1.frontend-7d9d864798-n6lsm,container_cpu_cfs_throttled_seconds_total,20.869
1741559232,kashef-k8s-w1.recommendation-6494d54897-js5nk,container_cpu_cfs_throttled_seconds_total,27.098
1741559232,kashef-k8s-ctl.profile-6c9f4cc75f-gldzm,container_cpu_cfs_throttled_seconds_total,0.0
1741559232,kashef-k8s-w1.search-8677798cf5-fsd5r,container_cpu_cfs_throttled_seconds_total,26.165
1741559232,kashef-k8s-w1.mongodb-geo-86b59b75f4-grd4s,container_cpu_cfs_throttled_seconds_total,419.036
1741559232,kashef-k8s-ctl.mongodb-rate-785b799bbc-rh26t,container_cpu_cfs_throttled_seconds_total,0.0
1741559232,kashef-k8s-ctl.memcached-rate-bcc5c97f8-xtz5g,container_cpu_cfs_throttled_seconds_total,0.0
1741559232,kashef-k8s-ctl.mongodb-recommendation-59d6b7ccf9-jnrb4,container_cpu_cfs_throttled_seconds_total,0.0
1741559232,kashef-k8s-w1.consul-56f5cf4f78-qrhkb,container_cpu_cfs_throttled_seconds_total,338.623
1741559232,kashef-k8s-ctl.memcached-profile-7d6fcb6b8-qbcm2,container_cpu_cfs_throttled_seconds_total,0.0
1741559232,kashef-k8s-w1.mongodb-profile-6bb85f4df7-rfvcl,container_cpu_cfs_throttled_seconds_total,385.11
1741559232,kashef-k8s-ctl.mongodb-reservation-7b474745f-h55m7,container_cpu_cfs_throttled_seconds_total,0.0
1741559247,kashef-k8s-ctl.memcached-profile-7d6fcb6b8-qbcm2,container_cpu_cfs_throttled_seconds_total,0.0
1741559247,kashef-k8s-w1.mongodb-user-6d96648ddc-pkv6k,container_cpu_cfs_throttled_seconds_total,401.92
1741559247,kashef-k8s-w1.frontend-7d9d864798-n6lsm,container_cpu_cfs_throttled_seconds_total,20.869
1741559247,kashef-k8s-ctl.mongodb-reservation-7b474745f-h55m7,container_cpu_cfs_throttled_seconds_total,0.0
1741559247,kashef-k8s-ctl.memcached-rate-bcc5c97f8-xtz5g,container_cpu_cfs_throttled_seconds_total,0.0
1741559247,kashef-k8s-w1.consul-56f5cf4f78-qrhkb,container_cpu_cfs_throttled_seconds_total,338.623
1741559247,kashef-k8s-w1.recommendation-6494d54897-js5nk,container_cpu_cfs_throttled_seconds_total,27.098
1741559247,kashef-k8s-w1.search-8677798cf5-fsd5r,container_cpu_cfs_throttled_seconds_total,26.165
1741559247,kashef-k8s-w1.jaeger-5d885bcf88-stzjn,container_cpu_cfs_throttled_seconds_total,11.19
1741559247,kashef-k8s-w1.user-698454f8c4-pfgkk,container_cpu_cfs_throttled_seconds_total,797.451
1741559247,kashef-k8s-ctl.reservation-7799998946-chd6t,container_cpu_cfs_throttled_seconds_total,0.0
1741559247,kashef-k8s-w1.geo-bd9dfdb45-pmmf7,container_cpu_cfs_throttled_seconds_total,29.39
1741559247,kashef-k8s-w1.memcached-reserve-bdcb467b4-fpm4v,container_cpu_cfs_throttled_seconds_total,28.505
1741559247,kashef-k8s-ctl.rate-66d9d98f67-459fp,container_cpu_cfs_throttled_seconds_total,0.0
1741559247,kashef-k8s-w1.mongodb-profile-6bb85f4df7-rfvcl,container_cpu_cfs_throttled_seconds_total,385.11
1741559247,kashef-k8s-ctl.profile-6c9f4cc75f-gldzm,container_cpu_cfs_throttled_seconds_total,0.0
1741559247,kashef-k8s-ctl.mongodb-recommendation-59d6b7ccf9-jnrb4,container_cpu_cfs_throttled_seconds_total,0.0
1741559247,kashef-k8s-ctl.mongodb-rate-785b799bbc-rh26t,container_cpu_cfs_throttled_seconds_total,0.0
1741559247,kashef-k8s-w1.mongodb-geo-86b59b75f4-grd4s,container_cpu_cfs_throttled_seconds_total,419.036
1741559262,kashef-k8s-w1.recommendation-6494d54897-js5nk,container_cpu_cfs_throttled_seconds_total,27.098
1741559262,kashef-k8s-w1.consul-56f5cf4f78-qrhkb,container_cpu_cfs_throttled_seconds_total,338.623
1741559262,kashef-k8s-w1.geo-bd9dfdb45-pmmf7,container_cpu_cfs_throttled_seconds_total,29.39
1741559262,kashef-k8s-ctl.reservation-7799998946-chd6t,container_cpu_cfs_throttled_seconds_total,0.0
1741559262,kashef-k8s-w1.mongodb-user-6d96648ddc-pkv6k,container_cpu_cfs_throttled_seconds_total,401.92
1741559262,kashef-k8s-w1.search-8677798cf5-fsd5r,container_cpu_cfs_throttled_seconds_total,26.165
1741559262,kashef-k8s-w1.jaeger-5d885bcf88-stzjn,container_cpu_cfs_throttled_seconds_total,11.19
1741559262,kashef-k8s-w1.mongodb-geo-86b59b75f4-grd4s,container_cpu_cfs_throttled_seconds_total,419.036
1741559262,kashef-k8s-w1.frontend-7d9d864798-n6lsm,container_cpu_cfs_throttled_seconds_total,20.869
1741559262,kashef-k8s-w1.user-698454f8c4-pfgkk,container_cpu_cfs_throttled_seconds_total,797.451
1741559262,kashef-k8s-ctl.mongodb-recommendation-59d6b7ccf9-jnrb4,container_cpu_cfs_throttled_seconds_total,0.0
1741559262,kashef-k8s-ctl.memcached-rate-bcc5c97f8-xtz5g,container_cpu_cfs_throttled_seconds_total,0.0
1741559262,kashef-k8s-ctl.memcached-profile-7d6fcb6b8-qbcm2,container_cpu_cfs_throttled_seconds_total,0.0
1741559262,kashef-k8s-ctl.profile-6c9f4cc75f-gldzm,container_cpu_cfs_throttled_seconds_total,0.0
1741559262,kashef-k8s-w1.memcached-reserve-bdcb467b4-fpm4v,container_cpu_cfs_throttled_seconds_total,28.505
1741559262,kashef-k8s-ctl.mongodb-rate-785b799bbc-rh26t,container_cpu_cfs_throttled_seconds_total,0.0
1741559262,kashef-k8s-ctl.mongodb-reservation-7b474745f-h55m7,container_cpu_cfs_throttled_seconds_total,0.0
1741559262,kashef-k8s-ctl.rate-66d9d98f67-459fp,container_cpu_cfs_throttled_seconds_total,0.0
1741559262,kashef-k8s-w1.mongodb-profile-6bb85f4df7-rfvcl,container_cpu_cfs_throttled_seconds_total,385.11
1741559277,kashef-k8s-ctl.rate-66d9d98f67-459fp,container_cpu_cfs_throttled_seconds_total,0.0
1741559277,kashef-k8s-w1.mongodb-profile-6bb85f4df7-rfvcl,container_cpu_cfs_throttled_seconds_total,449.001
1741559277,kashef-k8s-w1.memcached-reserve-bdcb467b4-fpm4v,container_cpu_cfs_throttled_seconds_total,28.67
1741559277,kashef-k8s-ctl.mongodb-reservation-7b474745f-h55m7,container_cpu_cfs_throttled_seconds_total,0.0
1741559277,kashef-k8s-ctl.mongodb-rate-785b799bbc-rh26t,container_cpu_cfs_throttled_seconds_total,0.0
1741559277,kashef-k8s-ctl.mongodb-recommendation-59d6b7ccf9-jnrb4,container_cpu_cfs_throttled_seconds_total,0.0
1741559277,kashef-k8s-ctl.profile-6c9f4cc75f-gldzm,container_cpu_cfs_throttled_seconds_total,0.0
1741559277,kashef-k8s-ctl.memcached-rate-bcc5c97f8-xtz5g,container_cpu_cfs_throttled_seconds_total,0.0
1741559277,kashef-k8s-w1.user-698454f8c4-pfgkk,container_cpu_cfs_throttled_seconds_total,797.451
1741559277,kashef-k8s-ctl.memcached-profile-7d6fcb6b8-qbcm2,container_cpu_cfs_throttled_seconds_total,0.0
1741559277,kashef-k8s-w1.recommendation-6494d54897-js5nk,container_cpu_cfs_throttled_seconds_total,41.103
1741559277,kashef-k8s-w1.geo-bd9dfdb45-pmmf7,container_cpu_cfs_throttled_seconds_total,40.421
1741559277,kashef-k8s-w1.search-8677798cf5-fsd5r,container_cpu_cfs_throttled_seconds_total,28.109
1741559277,kashef-k8s-w1.mongodb-geo-86b59b75f4-grd4s,container_cpu_cfs_throttled_seconds_total,440.827
1741559277,kashef-k8s-w1.mongodb-user-6d96648ddc-pkv6k,container_cpu_cfs_throttled_seconds_total,448.557
1741559277,kashef-k8s-w1.consul-56f5cf4f78-qrhkb,container_cpu_cfs_throttled_seconds_total,432.401
1741559277,kashef-k8s-w1.frontend-7d9d864798-n6lsm,container_cpu_cfs_throttled_seconds_total,20.869
1741559277,kashef-k8s-w1.jaeger-5d885bcf88-stzjn,container_cpu_cfs_throttled_seconds_total,12.616
1741559277,kashef-k8s-ctl.reservation-7799998946-chd6t,container_cpu_cfs_throttled_seconds_total,0.0
1741559292,kashef-k8s-ctl.rate-66d9d98f67-459fp,container_cpu_cfs_throttled_seconds_total,0.0
1741559292,kashef-k8s-ctl.memcached-profile-7d6fcb6b8-qbcm2,container_cpu_cfs_throttled_seconds_total,0.0
1741559292,kashef-k8s-w1.user-698454f8c4-pfgkk,container_cpu_cfs_throttled_seconds_total,879.75
1741559292,kashef-k8s-w1.search-8677798cf5-fsd5r,container_cpu_cfs_throttled_seconds_total,28.109
1741559292,kashef-k8s-w1.mongodb-geo-86b59b75f4-grd4s,container_cpu_cfs_throttled_seconds_total,440.827
1741559292,kashef-k8s-w1.recommendation-6494d54897-js5nk,container_cpu_cfs_throttled_seconds_total,41.103
1741559292,kashef-k8s-ctl.profile-6c9f4cc75f-gldzm,container_cpu_cfs_throttled_seconds_total,0.0
1741559292,kashef-k8s-ctl.mongodb-rate-785b799bbc-rh26t,container_cpu_cfs_throttled_seconds_total,0.0
1741559292,kashef-k8s-ctl.mongodb-reservation-7b474745f-h55m7,container_cpu_cfs_throttled_seconds_total,0.0
1741559292,kashef-k8s-ctl.mongodb-recommendation-59d6b7ccf9-jnrb4,container_cpu_cfs_throttled_seconds_total,0.0
1741559292,kashef-k8s-ctl.memcached-rate-bcc5c97f8-xtz5g,container_cpu_cfs_throttled_seconds_total,0.0
1741559292,kashef-k8s-w1.memcached-reserve-bdcb467b4-fpm4v,container_cpu_cfs_throttled_seconds_total,28.67
1741559292,kashef-k8s-w1.mongodb-profile-6bb85f4df7-rfvcl,container_cpu_cfs_throttled_seconds_total,449.001
1741559292,kashef-k8s-ctl.reservation-7799998946-chd6t,container_cpu_cfs_throttled_seconds_total,0.0
1741559292,kashef-k8s-w1.mongodb-user-6d96648ddc-pkv6k,container_cpu_cfs_throttled_seconds_total,448.557
1741559292,kashef-k8s-w1.frontend-7d9d864798-n6lsm,container_cpu_cfs_throttled_seconds_total,24.218
1741559292,kashef-k8s-w1.geo-bd9dfdb45-pmmf7,container_cpu_cfs_throttled_seconds_total,40.421
1741559292,kashef-k8s-w1.jaeger-5d885bcf88-stzjn,container_cpu_cfs_throttled_seconds_total,12.616
1741559292,kashef-k8s-w1.consul-56f5cf4f78-qrhkb,container_cpu_cfs_throttled_seconds_total,432.401
1741559307,kashef-k8s-ctl.profile-6c9f4cc75f-gldzm,container_cpu_cfs_throttled_seconds_total,0.0
1741559307,kashef-k8s-w1.mongodb-geo-86b59b75f4-grd4s,container_cpu_cfs_throttled_seconds_total,440.827
1741559307,kashef-k8s-w1.memcached-reserve-bdcb467b4-fpm4v,container_cpu_cfs_throttled_seconds_total,28.67
1741559307,kashef-k8s-w1.geo-bd9dfdb45-pmmf7,container_cpu_cfs_throttled_seconds_total,40.421
1741559307,kashef-k8s-w1.mongodb-profile-6bb85f4df7-rfvcl,container_cpu_cfs_throttled_seconds_total,449.001
1741559307,kashef-k8s-ctl.memcached-profile-7d6fcb6b8-qbcm2,container_cpu_cfs_throttled_seconds_total,0.0
1741559307,kashef-k8s-ctl.mongodb-rate-785b799bbc-rh26t,container_cpu_cfs_throttled_seconds_total,0.0
1741559307,kashef-k8s-ctl.rate-66d9d98f67-459fp,container_cpu_cfs_throttled_seconds_total,0.0
1741559307,kashef-k8s-ctl.reservation-7799998946-chd6t,container_cpu_cfs_throttled_seconds_total,0.0
1741559307,kashef-k8s-ctl.memcached-rate-bcc5c97f8-xtz5g,container_cpu_cfs_throttled_seconds_total,0.0
1741559307,kashef-k8s-w1.recommendation-6494d54897-js5nk,container_cpu_cfs_throttled_seconds_total,41.103
1741559307,kashef-k8s-w1.search-8677798cf5-fsd5r,container_cpu_cfs_throttled_seconds_total,28.109
1741559307,kashef-k8s-w1.mongodb-user-6d96648ddc-pkv6k,container_cpu_cfs_throttled_seconds_total,448.557
1741559307,kashef-k8s-w1.frontend-7d9d864798-n6lsm,container_cpu_cfs_throttled_seconds_total,24.218
1741559307,kashef-k8s-w1.consul-56f5cf4f78-qrhkb,container_cpu_cfs_throttled_seconds_total,432.401
1741559307,kashef-k8s-ctl.mongodb-recommendation-59d6b7ccf9-jnrb4,container_cpu_cfs_throttled_seconds_total,0.0
1741559307,kashef-k8s-w1.jaeger-5d885bcf88-stzjn,container_cpu_cfs_throttled_seconds_total,12.616
1741559307,kashef-k8s-w1.user-698454f8c4-pfgkk,container_cpu_cfs_throttled_seconds_total,879.75
1741559307,kashef-k8s-ctl.mongodb-reservation-7b474745f-h55m7,container_cpu_cfs_throttled_seconds_total,0.0
1741559322,kashef-k8s-w1.mongodb-profile-6bb85f4df7-rfvcl,container_cpu_cfs_throttled_seconds_total,449.001
1741559322,kashef-k8s-w1.memcached-reserve-bdcb467b4-fpm4v,container_cpu_cfs_throttled_seconds_total,28.67
1741559322,kashef-k8s-w1.mongodb-user-6d96648ddc-pkv6k,container_cpu_cfs_throttled_seconds_total,448.557
1741559322,kashef-k8s-w1.consul-56f5cf4f78-qrhkb,container_cpu_cfs_throttled_seconds_total,458.424
1741559322,kashef-k8s-w1.frontend-7d9d864798-n6lsm,container_cpu_cfs_throttled_seconds_total,24.218
1741559322,kashef-k8s-ctl.mongodb-rate-785b799bbc-rh26t,container_cpu_cfs_throttled_seconds_total,0.0
1741559322,kashef-k8s-ctl.memcached-profile-7d6fcb6b8-qbcm2,container_cpu_cfs_throttled_seconds_total,0.0
1741559322,kashef-k8s-w1.mongodb-geo-86b59b75f4-grd4s,container_cpu_cfs_throttled_seconds_total,440.827
1741559322,kashef-k8s-w1.user-698454f8c4-pfgkk,container_cpu_cfs_throttled_seconds_total,879.75
1741559322,kashef-k8s-w1.jaeger-5d885bcf88-stzjn,container_cpu_cfs_throttled_seconds_total,12.616
1741559322,kashef-k8s-ctl.reservation-7799998946-chd6t,container_cpu_cfs_throttled_seconds_total,0.0
1741559322,kashef-k8s-w1.search-8677798cf5-fsd5r,container_cpu_cfs_throttled_seconds_total,28.109
1741559322,kashef-k8s-w1.recommendation-6494d54897-js5nk,container_cpu_cfs_throttled_seconds_total,41.103
1741559322,kashef-k8s-ctl.mongodb-recommendation-59d6b7ccf9-jnrb4,container_cpu_cfs_throttled_seconds_total,0.0
1741559322,kashef-k8s-ctl.profile-6c9f4cc75f-gldzm,container_cpu_cfs_throttled_seconds_total,0.0
1741559322,kashef-k8s-ctl.memcached-rate-bcc5c97f8-xtz5g,container_cpu_cfs_throttled_seconds_total,0.0
1741559322,kashef-k8s-ctl.mongodb-reservation-7b474745f-h55m7,container_cpu_cfs_throttled_seconds_total,0.0
1741559322,kashef-k8s-ctl.rate-66d9d98f67-459fp,container_cpu_cfs_throttled_seconds_total,0.0
1741559322,kashef-k8s-w1.geo-bd9dfdb45-pmmf7,container_cpu_cfs_throttled_seconds_total,40.421
1741559337,kashef-k8s-ctl.mongodb-rate-785b799bbc-rh26t,container_cpu_cfs_throttled_seconds_total,0.0
1741559337,kashef-k8s-w1.consul-56f5cf4f78-qrhkb,container_cpu_cfs_throttled_seconds_total,458.424
1741559337,kashef-k8s-ctl.memcached-profile-7d6fcb6b8-qbcm2,container_cpu_cfs_throttled_seconds_total,0.0
1741559337,kashef-k8s-w1.mongodb-geo-86b59b75f4-grd4s,container_cpu_cfs_throttled_seconds_total,440.827
1741559337,kashef-k8s-ctl.profile-6c9f4cc75f-gldzm,container_cpu_cfs_throttled_seconds_total,0.0
1741559337,kashef-k8s-w1.search-8677798cf5-fsd5r,container_cpu_cfs_throttled_seconds_total,33.783
1741559337,kashef-k8s-ctl.mongodb-recommendation-59d6b7ccf9-jnrb4,container_cpu_cfs_throttled_seconds_total,0.0
1741559337,kashef-k8s-ctl.memcached-rate-bcc5c97f8-xtz5g,container_cpu_cfs_throttled_seconds_total,0.0
1741559337,kashef-k8s-w1.recommendation-6494d54897-js5nk,container_cpu_cfs_throttled_seconds_total,45.273
1741559337,kashef-k8s-w1.user-698454f8c4-pfgkk,container_cpu_cfs_throttled_seconds_total,936.005
1741559337,kashef-k8s-w1.mongodb-profile-6bb85f4df7-rfvcl,container_cpu_cfs_throttled_seconds_total,449.001
1741559337,kashef-k8s-w1.mongodb-user-6d96648ddc-pkv6k,container_cpu_cfs_throttled_seconds_total,508.632
1741559337,kashef-k8s-w1.frontend-7d9d864798-n6lsm,container_cpu_cfs_throttled_seconds_total,26.773
1741559337,kashef-k8s-w1.geo-bd9dfdb45-pmmf7,container_cpu_cfs_throttled_seconds_total,43.745
1741559337,kashef-k8s-ctl.reservation-7799998946-chd6t,container_cpu_cfs_throttled_seconds_total,0.0
1741559337,kashef-k8s-w1.jaeger-5d885bcf88-stzjn,container_cpu_cfs_throttled_seconds_total,15.703
1741559337,kashef-k8s-ctl.mongodb-reservation-7b474745f-h55m7,container_cpu_cfs_throttled_seconds_total,0.0
1741559337,kashef-k8s-ctl.rate-66d9d98f67-459fp,container_cpu_cfs_throttled_seconds_total,0.0
1741559337,kashef-k8s-w1.memcached-reserve-bdcb467b4-fpm4v,container_cpu_cfs_throttled_seconds_total,33.958
1741559352,kashef-k8s-w1.geo-bd9dfdb45-pmmf7,container_cpu_cfs_throttled_seconds_total,43.745
1741559352,kashef-k8s-w1.user-698454f8c4-pfgkk,container_cpu_cfs_throttled_seconds_total,936.005
1741559352,kashef-k8s-ctl.profile-6c9f4cc75f-gldzm,container_cpu_cfs_throttled_seconds_total,0.0
1741559352,kashef-k8s-ctl.mongodb-reservation-7b474745f-h55m7,container_cpu_cfs_throttled_seconds_total,0.0
1741559352,kashef-k8s-ctl.memcached-profile-7d6fcb6b8-qbcm2,container_cpu_cfs_throttled_seconds_total,0.0
1741559352,kashef-k8s-ctl.memcached-rate-bcc5c97f8-xtz5g,container_cpu_cfs_throttled_seconds_total,0.0
1741559352,kashef-k8s-ctl.rate-66d9d98f67-459fp,container_cpu_cfs_throttled_seconds_total,0.0
1741559352,kashef-k8s-ctl.mongodb-recommendation-59d6b7ccf9-jnrb4,container_cpu_cfs_throttled_seconds_total,0.0
1741559352,kashef-k8s-w1.mongodb-user-6d96648ddc-pkv6k,container_cpu_cfs_throttled_seconds_total,508.632
1741559352,kashef-k8s-w1.consul-56f5cf4f78-qrhkb,container_cpu_cfs_throttled_seconds_total,458.424
1741559352,kashef-k8s-w1.mongodb-profile-6bb85f4df7-rfvcl,container_cpu_cfs_throttled_seconds_total,526.475
1741559352,kashef-k8s-w1.mongodb-geo-86b59b75f4-grd4s,container_cpu_cfs_throttled_seconds_total,524.843
1741559352,kashef-k8s-w1.recommendation-6494d54897-js5nk,container_cpu_cfs_throttled_seconds_total,45.273
1741559352,kashef-k8s-w1.search-8677798cf5-fsd5r,container_cpu_cfs_throttled_seconds_total,33.783
1741559352,kashef-k8s-ctl.mongodb-rate-785b799bbc-rh26t,container_cpu_cfs_throttled_seconds_total,0.0
1741559352,kashef-k8s-w1.jaeger-5d885bcf88-stzjn,container_cpu_cfs_throttled_seconds_total,15.703
1741559352,kashef-k8s-ctl.reservation-7799998946-chd6t,container_cpu_cfs_throttled_seconds_total,0.0
1741559352,kashef-k8s-w1.memcached-reserve-bdcb467b4-fpm4v,container_cpu_cfs_throttled_seconds_total,33.958
1741559352,kashef-k8s-w1.frontend-7d9d864798-n6lsm,container_cpu_cfs_throttled_seconds_total,26.773
1741559367,kashef-k8s-ctl.memcached-rate-bcc5c97f8-xtz5g,container_cpu_cfs_throttled_seconds_total,0.0
1741559367,kashef-k8s-w1.memcached-reserve-bdcb467b4-fpm4v,container_cpu_cfs_throttled_seconds_total,33.958
1741559367,kashef-k8s-w1.user-698454f8c4-pfgkk,container_cpu_cfs_throttled_seconds_total,936.005
1741559367,kashef-k8s-w1.recommendation-6494d54897-js5nk,container_cpu_cfs_throttled_seconds_total,45.273
1741559367,kashef-k8s-ctl.reservation-7799998946-chd6t,container_cpu_cfs_throttled_seconds_total,0.0
1741559367,kashef-k8s-w1.frontend-7d9d864798-n6lsm,container_cpu_cfs_throttled_seconds_total,26.773
1741559367,kashef-k8s-ctl.memcached-profile-7d6fcb6b8-qbcm2,container_cpu_cfs_throttled_seconds_total,0.0
1741559367,kashef-k8s-ctl.rate-66d9d98f67-459fp,container_cpu_cfs_throttled_seconds_total,0.0
1741559367,kashef-k8s-w1.mongodb-profile-6bb85f4df7-rfvcl,container_cpu_cfs_throttled_seconds_total,526.475
1741559367,kashef-k8s-w1.search-8677798cf5-fsd5r,container_cpu_cfs_throttled_seconds_total,33.783
1741559367,kashef-k8s-w1.mongodb-geo-86b59b75f4-grd4s,container_cpu_cfs_throttled_seconds_total,524.843
1741559367,kashef-k8s-w1.consul-56f5cf4f78-qrhkb,container_cpu_cfs_throttled_seconds_total,458.424
1741559367,kashef-k8s-w1.jaeger-5d885bcf88-stzjn,container_cpu_cfs_throttled_seconds_total,15.703
1741559367,kashef-k8s-w1.mongodb-user-6d96648ddc-pkv6k,container_cpu_cfs_throttled_seconds_total,508.632
1741559367,kashef-k8s-ctl.mongodb-reservation-7b474745f-h55m7,container_cpu_cfs_throttled_seconds_total,0.0
1741559367,kashef-k8s-ctl.mongodb-rate-785b799bbc-rh26t,container_cpu_cfs_throttled_seconds_total,0.0
1741559367,kashef-k8s-ctl.mongodb-recommendation-59d6b7ccf9-jnrb4,container_cpu_cfs_throttled_seconds_total,0.0
1741559367,kashef-k8s-w1.geo-bd9dfdb45-pmmf7,container_cpu_cfs_throttled_seconds_total,43.745
1741559367,kashef-k8s-ctl.profile-6c9f4cc75f-gldzm,container_cpu_cfs_throttled_seconds_total,0.0
1741559382,kashef-k8s-ctl.mongodb-rate-785b799bbc-rh26t,container_cpu_cfs_throttled_seconds_total,0.0
1741559382,kashef-k8s-w1.user-698454f8c4-pfgkk,container_cpu_cfs_throttled_seconds_total,936.005
1741559382,kashef-k8s-ctl.memcached-rate-bcc5c97f8-xtz5g,container_cpu_cfs_throttled_seconds_total,0.0
1741559382,kashef-k8s-ctl.rate-66d9d98f67-459fp,container_cpu_cfs_throttled_seconds_total,0.0
1741559382,kashef-k8s-w1.frontend-7d9d864798-n6lsm,container_cpu_cfs_throttled_seconds_total,26.773
1741559382,kashef-k8s-w1.mongodb-user-6d96648ddc-pkv6k,container_cpu_cfs_throttled_seconds_total,508.632
1741559382,kashef-k8s-w1.jaeger-5d885bcf88-stzjn,container_cpu_cfs_throttled_seconds_total,15.703
1741559382,kashef-k8s-ctl.mongodb-reservation-7b474745f-h55m7,container_cpu_cfs_throttled_seconds_total,0.0
1741559382,kashef-k8s-w1.recommendation-6494d54897-js5nk,container_cpu_cfs_throttled_seconds_total,45.273
1741559382,kashef-k8s-w1.search-8677798cf5-fsd5r,container_cpu_cfs_throttled_seconds_total,33.783
1741559382,kashef-k8s-w1.mongodb-geo-86b59b75f4-grd4s,container_cpu_cfs_throttled_seconds_total,524.843
1741559382,kashef-k8s-ctl.reservation-7799998946-chd6t,container_cpu_cfs_throttled_seconds_total,0.0
1741559382,kashef-k8s-ctl.memcached-profile-7d6fcb6b8-qbcm2,container_cpu_cfs_throttled_seconds_total,0.0
1741559382,kashef-k8s-ctl.mongodb-recommendation-59d6b7ccf9-jnrb4,container_cpu_cfs_throttled_seconds_total,0.0
1741559382,kashef-k8s-w1.consul-56f5cf4f78-qrhkb,container_cpu_cfs_throttled_seconds_total,458.424
1741559382,kashef-k8s-w1.memcached-reserve-bdcb467b4-fpm4v,container_cpu_cfs_throttled_seconds_total,33.958
1741559382,kashef-k8s-w1.mongodb-profile-6bb85f4df7-rfvcl,container_cpu_cfs_throttled_seconds_total,526.475
1741559382,kashef-k8s-ctl.profile-6c9f4cc75f-gldzm,container_cpu_cfs_throttled_seconds_total,0.0
1741559382,kashef-k8s-w1.geo-bd9dfdb45-pmmf7,container_cpu_cfs_throttled_seconds_total,43.745
1741559397,kashef-k8s-w1.mongodb-profile-6bb85f4df7-rfvcl,container_cpu_cfs_throttled_seconds_total,642.204
1741559397,kashef-k8s-w1.memcached-reserve-bdcb467b4-fpm4v,container_cpu_cfs_throttled_seconds_total,33.958
1741559397,kashef-k8s-ctl.memcached-profile-7d6fcb6b8-qbcm2,container_cpu_cfs_throttled_seconds_total,0.0
1741559397,kashef-k8s-w1.geo-bd9dfdb45-pmmf7,container_cpu_cfs_throttled_seconds_total,57.06
1741559397,kashef-k8s-ctl.mongodb-recommendation-59d6b7ccf9-jnrb4,container_cpu_cfs_throttled_seconds_total,0.0
1741559397,kashef-k8s-w1.mongodb-user-6d96648ddc-pkv6k,container_cpu_cfs_throttled_seconds_total,508.632
1741559397,kashef-k8s-w1.consul-56f5cf4f78-qrhkb,container_cpu_cfs_throttled_seconds_total,458.424
1741559397,kashef-k8s-ctl.reservation-7799998946-chd6t,container_cpu_cfs_throttled_seconds_total,0.0
1741559397,kashef-k8s-w1.frontend-7d9d864798-n6lsm,container_cpu_cfs_throttled_seconds_total,26.773
1741559397,kashef-k8s-ctl.mongodb-rate-785b799bbc-rh26t,container_cpu_cfs_throttled_seconds_total,0.0
1741559397,kashef-k8s-ctl.rate-66d9d98f67-459fp,container_cpu_cfs_throttled_seconds_total,0.0
1741559397,kashef-k8s-ctl.mongodb-reservation-7b474745f-h55m7,container_cpu_cfs_throttled_seconds_total,0.0
1741559397,kashef-k8s-ctl.profile-6c9f4cc75f-gldzm,container_cpu_cfs_throttled_seconds_total,0.0
1741559397,kashef-k8s-w1.jaeger-5d885bcf88-stzjn,container_cpu_cfs_throttled_seconds_total,15.703
1741559397,kashef-k8s-w1.search-8677798cf5-fsd5r,container_cpu_cfs_throttled_seconds_total,42.443
1741559397,kashef-k8s-w1.recommendation-6494d54897-js5nk,container_cpu_cfs_throttled_seconds_total,45.273
1741559397,kashef-k8s-w1.user-698454f8c4-pfgkk,container_cpu_cfs_throttled_seconds_total,936.005
1741559397,kashef-k8s-ctl.memcached-rate-bcc5c97f8-xtz5g,container_cpu_cfs_throttled_seconds_total,0.0
1741559397,kashef-k8s-w1.mongodb-geo-86b59b75f4-grd4s,container_cpu_cfs_throttled_seconds_total,524.843
1741559412,kashef-k8s-w1.mongodb-user-6d96648ddc-pkv6k,container_cpu_cfs_throttled_seconds_total,614.903
1741559412,kashef-k8s-ctl.mongodb-recommendation-59d6b7ccf9-jnrb4,container_cpu_cfs_throttled_seconds_total,0.0
1741559412,kashef-k8s-w1.consul-56f5cf4f78-qrhkb,container_cpu_cfs_throttled_seconds_total,591.928
1741559412,kashef-k8s-ctl.profile-6c9f4cc75f-gldzm,container_cpu_cfs_throttled_seconds_total,0.0
1741559412,kashef-k8s-w1.mongodb-geo-86b59b75f4-grd4s,container_cpu_cfs_throttled_seconds_total,670.329
1741559412,kashef-k8s-w1.jaeger-5d885bcf88-stzjn,container_cpu_cfs_throttled_seconds_total,20.294
1741559412,kashef-k8s-w1.search-8677798cf5-fsd5r,container_cpu_cfs_throttled_seconds_total,42.443
1741559412,kashef-k8s-w1.recommendation-6494d54897-js5nk,container_cpu_cfs_throttled_seconds_total,59.533
1741559412,kashef-k8s-ctl.mongodb-reservation-7b474745f-h55m7,container_cpu_cfs_throttled_seconds_total,0.0
1741559412,kashef-k8s-ctl.memcached-profile-7d6fcb6b8-qbcm2,container_cpu_cfs_throttled_seconds_total,0.0
1741559412,kashef-k8s-w1.mongodb-profile-6bb85f4df7-rfvcl,container_cpu_cfs_throttled_seconds_total,642.204
1741559412,kashef-k8s-w1.memcached-reserve-bdcb467b4-fpm4v,container_cpu_cfs_throttled_seconds_total,45.318
1741559412,kashef-k8s-ctl.memcached-rate-bcc5c97f8-xtz5g,container_cpu_cfs_throttled_seconds_total,0.0
1741559412,kashef-k8s-ctl.mongodb-rate-785b799bbc-rh26t,container_cpu_cfs_throttled_seconds_total,0.0
1741559412,kashef-k8s-w1.frontend-7d9d864798-n6lsm,container_cpu_cfs_throttled_seconds_total,40.332
1741559412,kashef-k8s-ctl.reservation-7799998946-chd6t,container_cpu_cfs_throttled_seconds_total,0.0
1741559412,kashef-k8s-w1.user-698454f8c4-pfgkk,container_cpu_cfs_throttled_seconds_total,1086.55
1741559412,kashef-k8s-ctl.rate-66d9d98f67-459fp,container_cpu_cfs_throttled_seconds_total,0.0
1741559412,kashef-k8s-w1.geo-bd9dfdb45-pmmf7,container_cpu_cfs_throttled_seconds_total,57.06
1741559427,kashef-k8s-w1.geo-bd9dfdb45-pmmf7,container_cpu_cfs_throttled_seconds_total,57.06
1741559427,kashef-k8s-ctl.mongodb-recommendation-59d6b7ccf9-jnrb4,container_cpu_cfs_throttled_seconds_total,0.0
1741559427,kashef-k8s-ctl.memcached-rate-bcc5c97f8-xtz5g,container_cpu_cfs_throttled_seconds_total,0.0
1741559427,kashef-k8s-w1.mongodb-profile-6bb85f4df7-rfvcl,container_cpu_cfs_throttled_seconds_total,642.204
1741559427,kashef-k8s-ctl.rate-66d9d98f67-459fp,container_cpu_cfs_throttled_seconds_total,0.0
1741559427,kashef-k8s-ctl.memcached-profile-7d6fcb6b8-qbcm2,container_cpu_cfs_throttled_seconds_total,0.0
1741559427,kashef-k8s-ctl.reservation-7799998946-chd6t,container_cpu_cfs_throttled_seconds_total,0.0
1741559427,kashef-k8s-ctl.mongodb-reservation-7b474745f-h55m7,container_cpu_cfs_throttled_seconds_total,0.0
1741559427,kashef-k8s-w1.jaeger-5d885bcf88-stzjn,container_cpu_cfs_throttled_seconds_total,20.294
1741559427,kashef-k8s-w1.mongodb-geo-86b59b75f4-grd4s,container_cpu_cfs_throttled_seconds_total,670.329
1741559427,kashef-k8s-w1.search-8677798cf5-fsd5r,container_cpu_cfs_throttled_seconds_total,42.443
1741559427,kashef-k8s-w1.memcached-reserve-bdcb467b4-fpm4v,container_cpu_cfs_throttled_seconds_total,45.318
1741559427,kashef-k8s-w1.mongodb-user-6d96648ddc-pkv6k,container_cpu_cfs_throttled_seconds_total,614.903
1741559427,kashef-k8s-w1.consul-56f5cf4f78-qrhkb,container_cpu_cfs_throttled_seconds_total,591.928
1741559427,kashef-k8s-ctl.mongodb-rate-785b799bbc-rh26t,container_cpu_cfs_throttled_seconds_total,0.0
1741559427,kashef-k8s-w1.recommendation-6494d54897-js5nk,container_cpu_cfs_throttled_seconds_total,59.533
1741559427,kashef-k8s-w1.frontend-7d9d864798-n6lsm,container_cpu_cfs_throttled_seconds_total,40.332
1741559427,kashef-k8s-w1.user-698454f8c4-pfgkk,container_cpu_cfs_throttled_seconds_total,1086.55
1741559427,kashef-k8s-ctl.profile-6c9f4cc75f-gldzm,container_cpu_cfs_throttled_seconds_total,0.0
1741559442,kashef-k8s-ctl.mongodb-reservation-7b474745f-h55m7,container_cpu_cfs_throttled_seconds_total,0.0
1741559442,kashef-k8s-w1.consul-56f5cf4f78-qrhkb,container_cpu_cfs_throttled_seconds_total,591.928
1741559442,kashef-k8s-ctl.mongodb-rate-785b799bbc-rh26t,container_cpu_cfs_throttled_seconds_total,0.0
1741559442,kashef-k8s-ctl.profile-6c9f4cc75f-gldzm,container_cpu_cfs_throttled_seconds_total,0.0
1741559442,kashef-k8s-w1.mongodb-geo-86b59b75f4-grd4s,container_cpu_cfs_throttled_seconds_total,670.329
1741559442,kashef-k8s-ctl.reservation-7799998946-chd6t,container_cpu_cfs_throttled_seconds_total,0.0
1741559442,kashef-k8s-w1.mongodb-user-6d96648ddc-pkv6k,container_cpu_cfs_throttled_seconds_total,614.903
1741559442,kashef-k8s-ctl.mongodb-recommendation-59d6b7ccf9-jnrb4,container_cpu_cfs_throttled_seconds_total,0.0
1741559442,kashef-k8s-ctl.memcached-profile-7d6fcb6b8-qbcm2,container_cpu_cfs_throttled_seconds_total,0.0
1741559442,kashef-k8s-ctl.rate-66d9d98f67-459fp,container_cpu_cfs_throttled_seconds_total,0.0
1741559442,kashef-k8s-w1.mongodb-profile-6bb85f4df7-rfvcl,container_cpu_cfs_throttled_seconds_total,642.204
1741559442,kashef-k8s-ctl.memcached-rate-bcc5c97f8-xtz5g,container_cpu_cfs_throttled_seconds_total,0.0
1741559442,kashef-k8s-w1.geo-bd9dfdb45-pmmf7,container_cpu_cfs_throttled_seconds_total,57.06
1741559442,kashef-k8s-w1.user-698454f8c4-pfgkk,container_cpu_cfs_throttled_seconds_total,1086.55
1741559442,kashef-k8s-w1.memcached-reserve-bdcb467b4-fpm4v,container_cpu_cfs_throttled_seconds_total,45.318
1741559442,kashef-k8s-w1.recommendation-6494d54897-js5nk,container_cpu_cfs_throttled_seconds_total,59.533
1741559442,kashef-k8s-w1.jaeger-5d885bcf88-stzjn,container_cpu_cfs_throttled_seconds_total,20.294
1741559442,kashef-k8s-w1.frontend-7d9d864798-n6lsm,container_cpu_cfs_throttled_seconds_total,40.332
1741559442,kashef-k8s-w1.search-8677798cf5-fsd5r,container_cpu_cfs_throttled_seconds_total,42.443
1741559457,kashef-k8s-ctl.mongodb-rate-785b799bbc-rh26t,container_cpu_cfs_throttled_seconds_total,0.0
1741559457,kashef-k8s-ctl.rate-66d9d98f67-459fp,container_cpu_cfs_throttled_seconds_total,0.0
1741559457,kashef-k8s-ctl.memcached-rate-bcc5c97f8-xtz5g,container_cpu_cfs_throttled_seconds_total,0.0
1741559457,kashef-k8s-ctl.memcached-profile-7d6fcb6b8-qbcm2,container_cpu_cfs_throttled_seconds_total,0.0
1741559457,kashef-k8s-ctl.profile-6c9f4cc75f-gldzm,container_cpu_cfs_throttled_seconds_total,0.0
1741559457,kashef-k8s-w1.geo-bd9dfdb45-pmmf7,container_cpu_cfs_throttled_seconds_total,64.725
1741559457,kashef-k8s-ctl.mongodb-reservation-7b474745f-h55m7,container_cpu_cfs_throttled_seconds_total,0.0
1741559457,kashef-k8s-w1.mongodb-geo-86b59b75f4-grd4s,container_cpu_cfs_throttled_seconds_total,695.076
1741559457,kashef-k8s-w1.mongodb-profile-6bb85f4df7-rfvcl,container_cpu_cfs_throttled_seconds_total,642.204
1741559457,kashef-k8s-w1.jaeger-5d885bcf88-stzjn,container_cpu_cfs_throttled_seconds_total,20.294
1741559457,kashef-k8s-w1.mongodb-user-6d96648ddc-pkv6k,container_cpu_cfs_throttled_seconds_total,614.903
1741559457,kashef-k8s-ctl.reservation-7799998946-chd6t,container_cpu_cfs_throttled_seconds_total,0.0
1741559457,kashef-k8s-ctl.mongodb-recommendation-59d6b7ccf9-jnrb4,container_cpu_cfs_throttled_seconds_total,0.0
1741559457,kashef-k8s-w1.recommendation-6494d54897-js5nk,container_cpu_cfs_throttled_seconds_total,70.416
1741559457,kashef-k8s-w1.search-8677798cf5-fsd5r,container_cpu_cfs_throttled_seconds_total,45.374
1741559457,kashef-k8s-w1.consul-56f5cf4f78-qrhkb,container_cpu_cfs_throttled_seconds_total,603.981
1741559457,kashef-k8s-w1.user-698454f8c4-pfgkk,container_cpu_cfs_throttled_seconds_total,1105.568
1741559457,kashef-k8s-w1.memcached-reserve-bdcb467b4-fpm4v,container_cpu_cfs_throttled_seconds_total,45.497
1741559457,kashef-k8s-w1.frontend-7d9d864798-n6lsm,container_cpu_cfs_throttled_seconds_total,42.75
1741559472,kashef-k8s-w1.frontend-7d9d864798-n6lsm,container_cpu_cfs_throttled_seconds_total,42.75
1741559472,kashef-k8s-w1.recommendation-6494d54897-js5nk,container_cpu_cfs_throttled_seconds_total,70.416
1741559472,kashef-k8s-w1.search-8677798cf5-fsd5r,container_cpu_cfs_throttled_seconds_total,45.374
1741559472,kashef-k8s-w1.mongodb-user-6d96648ddc-pkv6k,container_cpu_cfs_throttled_seconds_total,694.25
1741559472,kashef-k8s-ctl.mongodb-rate-785b799bbc-rh26t,container_cpu_cfs_throttled_seconds_total,0.0
1741559472,kashef-k8s-ctl.reservation-7799998946-chd6t,container_cpu_cfs_throttled_seconds_total,0.0
1741559472,kashef-k8s-ctl.mongodb-recommendation-59d6b7ccf9-jnrb4,container_cpu_cfs_throttled_seconds_total,0.0
1741559472,kashef-k8s-ctl.rate-66d9d98f67-459fp,container_cpu_cfs_throttled_seconds_total,0.0
1741559472,kashef-k8s-ctl.mongodb-reservation-7b474745f-h55m7,container_cpu_cfs_throttled_seconds_total,0.0
1741559472,kashef-k8s-w1.consul-56f5cf4f78-qrhkb,container_cpu_cfs_throttled_seconds_total,603.981
1741559472,kashef-k8s-w1.mongodb-profile-6bb85f4df7-rfvcl,container_cpu_cfs_throttled_seconds_total,722.268
1741559472,kashef-k8s-w1.jaeger-5d885bcf88-stzjn,container_cpu_cfs_throttled_seconds_total,20.509
1741559472,kashef-k8s-w1.mongodb-geo-86b59b75f4-grd4s,container_cpu_cfs_throttled_seconds_total,695.076
1741559472,kashef-k8s-ctl.memcached-profile-7d6fcb6b8-qbcm2,container_cpu_cfs_throttled_seconds_total,0.0
1741559472,kashef-k8s-ctl.memcached-rate-bcc5c97f8-xtz5g,container_cpu_cfs_throttled_seconds_total,0.0
1741559472,kashef-k8s-w1.memcached-reserve-bdcb467b4-fpm4v,container_cpu_cfs_throttled_seconds_total,45.497
1741559472,kashef-k8s-ctl.profile-6c9f4cc75f-gldzm,container_cpu_cfs_throttled_seconds_total,0.0
1741559472,kashef-k8s-w1.geo-bd9dfdb45-pmmf7,container_cpu_cfs_throttled_seconds_total,64.725
1741559472,kashef-k8s-w1.user-698454f8c4-pfgkk,container_cpu_cfs_throttled_seconds_total,1105.568
1741559487,kashef-k8s-w1.recommendation-6494d54897-js5nk,container_cpu_cfs_throttled_seconds_total,70.416
1741559487,kashef-k8s-ctl.mongodb-rate-785b799bbc-rh26t,container_cpu_cfs_throttled_seconds_total,0.0
1741559487,kashef-k8s-w1.search-8677798cf5-fsd5r,container_cpu_cfs_throttled_seconds_total,45.374
1741559487,kashef-k8s-w1.mongodb-user-6d96648ddc-pkv6k,container_cpu_cfs_throttled_seconds_total,694.25
1741559487,kashef-k8s-ctl.rate-66d9d98f67-459fp,container_cpu_cfs_throttled_seconds_total,0.0
1741559487,kashef-k8s-ctl.mongodb-reservation-7b474745f-h55m7,container_cpu_cfs_throttled_seconds_total,0.0
1741559487,kashef-k8s-w1.mongodb-geo-86b59b75f4-grd4s,container_cpu_cfs_throttled_seconds_total,695.076
1741559487,kashef-k8s-ctl.reservation-7799998946-chd6t,container_cpu_cfs_throttled_seconds_total,0.0
1741559487,kashef-k8s-ctl.mongodb-recommendation-59d6b7ccf9-jnrb4,container_cpu_cfs_throttled_seconds_total,0.0
1741559487,kashef-k8s-w1.geo-bd9dfdb45-pmmf7,container_cpu_cfs_throttled_seconds_total,64.725
1741559487,kashef-k8s-w1.frontend-7d9d864798-n6lsm,container_cpu_cfs_throttled_seconds_total,42.75
1741559487,kashef-k8s-w1.consul-56f5cf4f78-qrhkb,container_cpu_cfs_throttled_seconds_total,603.981
1741559487,kashef-k8s-w1.memcached-reserve-bdcb467b4-fpm4v,container_cpu_cfs_throttled_seconds_total,45.497
1741559487,kashef-k8s-w1.user-698454f8c4-pfgkk,container_cpu_cfs_throttled_seconds_total,1105.568
1741559487,kashef-k8s-ctl.profile-6c9f4cc75f-gldzm,container_cpu_cfs_throttled_seconds_total,0.0
1741559487,kashef-k8s-w1.mongodb-profile-6bb85f4df7-rfvcl,container_cpu_cfs_throttled_seconds_total,722.268
1741559487,kashef-k8s-w1.jaeger-5d885bcf88-stzjn,container_cpu_cfs_throttled_seconds_total,20.509
1741559487,kashef-k8s-ctl.memcached-profile-7d6fcb6b8-qbcm2,container_cpu_cfs_throttled_seconds_total,0.0
1741559487,kashef-k8s-ctl.memcached-rate-bcc5c97f8-xtz5g,container_cpu_cfs_throttled_seconds_total,0.0
1741559502,kashef-k8s-w1.geo-bd9dfdb45-pmmf7,container_cpu_cfs_throttled_seconds_total,64.725
1741559502,kashef-k8s-ctl.mongodb-reservation-7b474745f-h55m7,container_cpu_cfs_throttled_seconds_total,0.0
1741559502,kashef-k8s-ctl.profile-6c9f4cc75f-gldzm,container_cpu_cfs_throttled_seconds_total,0.0
1741559502,kashef-k8s-ctl.memcached-rate-bcc5c97f8-xtz5g,container_cpu_cfs_throttled_seconds_total,0.0
1741559502,kashef-k8s-w1.mongodb-user-6d96648ddc-pkv6k,container_cpu_cfs_throttled_seconds_total,771.865
1741559502,kashef-k8s-w1.recommendation-6494d54897-js5nk,container_cpu_cfs_throttled_seconds_total,70.416
1741559502,kashef-k8s-w1.consul-56f5cf4f78-qrhkb,container_cpu_cfs_throttled_seconds_total,603.981
1741559502,kashef-k8s-ctl.mongodb-rate-785b799bbc-rh26t,container_cpu_cfs_throttled_seconds_total,0.0
1741559502,kashef-k8s-w1.user-698454f8c4-pfgkk,container_cpu_cfs_throttled_seconds_total,1105.568
1741559502,kashef-k8s-ctl.memcached-profile-7d6fcb6b8-qbcm2,container_cpu_cfs_throttled_seconds_total,0.0
1741559502,kashef-k8s-w1.jaeger-5d885bcf88-stzjn,container_cpu_cfs_throttled_seconds_total,20.509
1741559502,kashef-k8s-w1.search-8677798cf5-fsd5r,container_cpu_cfs_throttled_seconds_total,45.374
1741559502,kashef-k8s-ctl.mongodb-recommendation-59d6b7ccf9-jnrb4,container_cpu_cfs_throttled_seconds_total,0.0
1741559502,kashef-k8s-w1.memcached-reserve-bdcb467b4-fpm4v,container_cpu_cfs_throttled_seconds_total,45.497
1741559502,kashef-k8s-w1.mongodb-geo-86b59b75f4-grd4s,container_cpu_cfs_throttled_seconds_total,695.076
1741559502,kashef-k8s-ctl.reservation-7799998946-chd6t,container_cpu_cfs_throttled_seconds_total,0.0
1741559502,kashef-k8s-w1.frontend-7d9d864798-n6lsm,container_cpu_cfs_throttled_seconds_total,42.75
1741559502,kashef-k8s-w1.mongodb-profile-6bb85f4df7-rfvcl,container_cpu_cfs_throttled_seconds_total,722.268
1741559502,kashef-k8s-ctl.rate-66d9d98f67-459fp,container_cpu_cfs_throttled_seconds_total,0.0
1741559517,kashef-k8s-ctl.rate-66d9d98f67-459fp,container_cpu_cfs_throttled_seconds_total,0.0
1741559517,kashef-k8s-w1.memcached-reserve-bdcb467b4-fpm4v,container_cpu_cfs_throttled_seconds_total,51.376
1741559517,kashef-k8s-w1.frontend-7d9d864798-n6lsm,container_cpu_cfs_throttled_seconds_total,45.778
1741559517,kashef-k8s-ctl.reservation-7799998946-chd6t,container_cpu_cfs_throttled_seconds_total,0.0
1741559517,kashef-k8s-w1.user-698454f8c4-pfgkk,container_cpu_cfs_throttled_seconds_total,1201.356
1741559517,kashef-k8s-ctl.mongodb-recommendation-59d6b7ccf9-jnrb4,container_cpu_cfs_throttled_seconds_total,0.0
1741559517,kashef-k8s-w1.search-8677798cf5-fsd5r,container_cpu_cfs_throttled_seconds_total,51.185
1741559517,kashef-k8s-w1.mongodb-geo-86b59b75f4-grd4s,container_cpu_cfs_throttled_seconds_total,764.573
1741559517,kashef-k8s-w1.mongodb-profile-6bb85f4df7-rfvcl,container_cpu_cfs_throttled_seconds_total,832.334
1741559517,kashef-k8s-w1.recommendation-6494d54897-js5nk,container_cpu_cfs_throttled_seconds_total,70.416
1741559517,kashef-k8s-w1.jaeger-5d885bcf88-stzjn,container_cpu_cfs_throttled_seconds_total,21.359
1741559517,kashef-k8s-ctl.memcached-rate-bcc5c97f8-xtz5g,container_cpu_cfs_throttled_seconds_total,0.0
1741559517,kashef-k8s-ctl.memcached-profile-7d6fcb6b8-qbcm2,container_cpu_cfs_throttled_seconds_total,0.0
1741559517,kashef-k8s-w1.consul-56f5cf4f78-qrhkb,container_cpu_cfs_throttled_seconds_total,661.987
1741559517,kashef-k8s-w1.mongodb-user-6d96648ddc-pkv6k,container_cpu_cfs_throttled_seconds_total,771.865
1741559517,kashef-k8s-ctl.mongodb-rate-785b799bbc-rh26t,container_cpu_cfs_throttled_seconds_total,0.0
1741559517,kashef-k8s-ctl.mongodb-reservation-7b474745f-h55m7,container_cpu_cfs_throttled_seconds_total,0.0
1741559517,kashef-k8s-ctl.profile-6c9f4cc75f-gldzm,container_cpu_cfs_throttled_seconds_total,0.0
1741559517,kashef-k8s-w1.geo-bd9dfdb45-pmmf7,container_cpu_cfs_throttled_seconds_total,73.737
1741559532,kashef-k8s-w1.recommendation-6494d54897-js5nk,container_cpu_cfs_throttled_seconds_total,74.895
1741559532,kashef-k8s-ctl.memcached-profile-7d6fcb6b8-qbcm2,container_cpu_cfs_throttled_seconds_total,0.0
1741559532,kashef-k8s-ctl.mongodb-rate-785b799bbc-rh26t,container_cpu_cfs_throttled_seconds_total,0.0
1741559532,kashef-k8s-w1.mongodb-geo-86b59b75f4-grd4s,container_cpu_cfs_throttled_seconds_total,764.573
1741559532,kashef-k8s-w1.consul-56f5cf4f78-qrhkb,container_cpu_cfs_throttled_seconds_total,661.987
1741559532,kashef-k8s-w1.mongodb-profile-6bb85f4df7-rfvcl,container_cpu_cfs_throttled_seconds_total,832.334
1741559532,kashef-k8s-w1.user-698454f8c4-pfgkk,container_cpu_cfs_throttled_seconds_total,1201.356
1741559532,kashef-k8s-ctl.mongodb-recommendation-59d6b7ccf9-jnrb4,container_cpu_cfs_throttled_seconds_total,0.0
1741559532,kashef-k8s-w1.search-8677798cf5-fsd5r,container_cpu_cfs_throttled_seconds_total,51.185
1741559532,kashef-k8s-w1.geo-bd9dfdb45-pmmf7,container_cpu_cfs_throttled_seconds_total,73.737
1741559532,kashef-k8s-ctl.reservation-7799998946-chd6t,container_cpu_cfs_throttled_seconds_total,0.0
1741559532,kashef-k8s-ctl.rate-66d9d98f67-459fp,container_cpu_cfs_throttled_seconds_total,0.0
1741559532,kashef-k8s-w1.frontend-7d9d864798-n6lsm,container_cpu_cfs_throttled_seconds_total,45.778
1741559532,kashef-k8s-ctl.mongodb-reservation-7b474745f-h55m7,container_cpu_cfs_throttled_seconds_total,0.0
1741559532,kashef-k8s-w1.memcached-reserve-bdcb467b4-fpm4v,container_cpu_cfs_throttled_seconds_total,51.376
1741559532,kashef-k8s-ctl.profile-6c9f4cc75f-gldzm,container_cpu_cfs_throttled_seconds_total,0.0
1741559532,kashef-k8s-w1.mongodb-user-6d96648ddc-pkv6k,container_cpu_cfs_throttled_seconds_total,771.865
1741559532,kashef-k8s-ctl.memcached-rate-bcc5c97f8-xtz5g,container_cpu_cfs_throttled_seconds_total,0.0
1741559532,kashef-k8s-w1.jaeger-5d885bcf88-stzjn,container_cpu_cfs_throttled_seconds_total,21.359
1741559547,kashef-k8s-w1.search-8677798cf5-fsd5r,container_cpu_cfs_throttled_seconds_total,51.185
1741559547,kashef-k8s-w1.mongodb-geo-86b59b75f4-grd4s,container_cpu_cfs_throttled_seconds_total,764.573
1741559547,kashef-k8s-ctl.memcached-profile-7d6fcb6b8-qbcm2,container_cpu_cfs_throttled_seconds_total,0.0
1741559547,kashef-k8s-w1.frontend-7d9d864798-n6lsm,container_cpu_cfs_throttled_seconds_total,45.778
1741559547,kashef-k8s-ctl.rate-66d9d98f67-459fp,container_cpu_cfs_throttled_seconds_total,0.0
1741559547,kashef-k8s-ctl.reservation-7799998946-chd6t,container_cpu_cfs_throttled_seconds_total,0.0
1741559547,kashef-k8s-ctl.memcached-rate-bcc5c97f8-xtz5g,container_cpu_cfs_throttled_seconds_total,0.0
1741559547,kashef-k8s-ctl.mongodb-recommendation-59d6b7ccf9-jnrb4,container_cpu_cfs_throttled_seconds_total,0.0
1741559547,kashef-k8s-ctl.profile-6c9f4cc75f-gldzm,container_cpu_cfs_throttled_seconds_total,0.0
1741559547,kashef-k8s-w1.mongodb-profile-6bb85f4df7-rfvcl,container_cpu_cfs_throttled_seconds_total,832.334
1741559547,kashef-k8s-ctl.mongodb-rate-785b799bbc-rh26t,container_cpu_cfs_throttled_seconds_total,0.0
1741559547,kashef-k8s-w1.user-698454f8c4-pfgkk,container_cpu_cfs_throttled_seconds_total,1201.356
1741559547,kashef-k8s-w1.geo-bd9dfdb45-pmmf7,container_cpu_cfs_throttled_seconds_total,73.737
1741559547,kashef-k8s-w1.jaeger-5d885bcf88-stzjn,container_cpu_cfs_throttled_seconds_total,21.359
1741559547,kashef-k8s-w1.consul-56f5cf4f78-qrhkb,container_cpu_cfs_throttled_seconds_total,661.987
1741559547,kashef-k8s-w1.recommendation-6494d54897-js5nk,container_cpu_cfs_throttled_seconds_total,74.895
1741559547,kashef-k8s-w1.mongodb-user-6d96648ddc-pkv6k,container_cpu_cfs_throttled_seconds_total,771.865
1741559547,kashef-k8s-ctl.mongodb-reservation-7b474745f-h55m7,container_cpu_cfs_throttled_seconds_total,0.0
1741559547,kashef-k8s-w1.memcached-reserve-bdcb467b4-fpm4v,container_cpu_cfs_throttled_seconds_total,51.376
1741559562,kashef-k8s-w1.search-8677798cf5-fsd5r,container_cpu_cfs_throttled_seconds_total,51.185
1741559562,kashef-k8s-w1.memcached-reserve-bdcb467b4-fpm4v,container_cpu_cfs_throttled_seconds_total,51.376
1741559562,kashef-k8s-ctl.mongodb-reservation-7b474745f-h55m7,container_cpu_cfs_throttled_seconds_total,0.0
1741559562,kashef-k8s-ctl.rate-66d9d98f67-459fp,container_cpu_cfs_throttled_seconds_total,0.0
1741559562,kashef-k8s-w1.mongodb-profile-6bb85f4df7-rfvcl,container_cpu_cfs_throttled_seconds_total,832.334
1741559562,kashef-k8s-ctl.memcached-profile-7d6fcb6b8-qbcm2,container_cpu_cfs_throttled_seconds_total,0.0
1741559562,kashef-k8s-ctl.reservation-7799998946-chd6t,container_cpu_cfs_throttled_seconds_total,0.0
1741559562,kashef-k8s-ctl.profile-6c9f4cc75f-gldzm,container_cpu_cfs_throttled_seconds_total,0.0
1741559562,kashef-k8s-w1.mongodb-geo-86b59b75f4-grd4s,container_cpu_cfs_throttled_seconds_total,764.573
1741559562,kashef-k8s-ctl.mongodb-rate-785b799bbc-rh26t,container_cpu_cfs_throttled_seconds_total,0.0
1741559562,kashef-k8s-w1.consul-56f5cf4f78-qrhkb,container_cpu_cfs_throttled_seconds_total,661.987
1741559562,kashef-k8s-w1.recommendation-6494d54897-js5nk,container_cpu_cfs_throttled_seconds_total,74.895
1741559562,kashef-k8s-ctl.mongodb-recommendation-59d6b7ccf9-jnrb4,container_cpu_cfs_throttled_seconds_total,0.0
1741559562,kashef-k8s-w1.mongodb-user-6d96648ddc-pkv6k,container_cpu_cfs_throttled_seconds_total,771.865
1741559562,kashef-k8s-ctl.memcached-rate-bcc5c97f8-xtz5g,container_cpu_cfs_throttled_seconds_total,0.0
1741559562,kashef-k8s-w1.jaeger-5d885bcf88-stzjn,container_cpu_cfs_throttled_seconds_total,21.359
1741559562,kashef-k8s-w1.geo-bd9dfdb45-pmmf7,container_cpu_cfs_throttled_seconds_total,73.737
1741559562,kashef-k8s-w1.frontend-7d9d864798-n6lsm,container_cpu_cfs_throttled_seconds_total,45.778
1741559562,kashef-k8s-w1.user-698454f8c4-pfgkk,container_cpu_cfs_throttled_seconds_total,1201.356
1741559577,kashef-k8s-ctl.memcached-profile-7d6fcb6b8-qbcm2,container_cpu_cfs_throttled_seconds_total,0.0
1741559577,kashef-k8s-ctl.profile-6c9f4cc75f-gldzm,container_cpu_cfs_throttled_seconds_total,0.0
1741559577,kashef-k8s-ctl.reservation-7799998946-chd6t,container_cpu_cfs_throttled_seconds_total,0.0
1741559577,kashef-k8s-w1.search-8677798cf5-fsd5r,container_cpu_cfs_throttled_seconds_total,55.977
1741559577,kashef-k8s-w1.mongodb-profile-6bb85f4df7-rfvcl,container_cpu_cfs_throttled_seconds_total,901.475
1741559577,kashef-k8s-ctl.mongodb-recommendation-59d6b7ccf9-jnrb4,container_cpu_cfs_throttled_seconds_total,0.0
1741559577,kashef-k8s-w1.mongodb-geo-86b59b75f4-grd4s,container_cpu_cfs_throttled_seconds_total,764.573
1741559577,kashef-k8s-w1.jaeger-5d885bcf88-stzjn,container_cpu_cfs_throttled_seconds_total,26.294
1741559577,kashef-k8s-ctl.rate-66d9d98f67-459fp,container_cpu_cfs_throttled_seconds_total,0.0
1741559577,kashef-k8s-ctl.memcached-rate-bcc5c97f8-xtz5g,container_cpu_cfs_throttled_seconds_total,0.0
1741559577,kashef-k8s-ctl.mongodb-reservation-7b474745f-h55m7,container_cpu_cfs_throttled_seconds_total,0.0
1741559577,kashef-k8s-w1.memcached-reserve-bdcb467b4-fpm4v,container_cpu_cfs_throttled_seconds_total,58.306
1741559577,kashef-k8s-w1.recommendation-6494d54897-js5nk,container_cpu_cfs_throttled_seconds_total,79.146
1741559577,kashef-k8s-w1.consul-56f5cf4f78-qrhkb,container_cpu_cfs_throttled_seconds_total,700.068
1741559577,kashef-k8s-w1.mongodb-user-6d96648ddc-pkv6k,container_cpu_cfs_throttled_seconds_total,771.865
1741559577,kashef-k8s-ctl.mongodb-rate-785b799bbc-rh26t,container_cpu_cfs_throttled_seconds_total,0.0
1741559577,kashef-k8s-w1.user-698454f8c4-pfgkk,container_cpu_cfs_throttled_seconds_total,1248.408
1741559577,kashef-k8s-w1.geo-bd9dfdb45-pmmf7,container_cpu_cfs_throttled_seconds_total,79.425
1741559577,kashef-k8s-w1.frontend-7d9d864798-n6lsm,container_cpu_cfs_throttled_seconds_total,45.778
1741559592,kashef-k8s-w1.frontend-7d9d864798-n6lsm,container_cpu_cfs_throttled_seconds_total,50.09
1741559592,kashef-k8s-ctl.mongodb-reservation-7b474745f-h55m7,container_cpu_cfs_throttled_seconds_total,0.0
1741559592,kashef-k8s-w1.mongodb-profile-6bb85f4df7-rfvcl,container_cpu_cfs_throttled_seconds_total,901.475
1741559592,kashef-k8s-w1.user-698454f8c4-pfgkk,container_cpu_cfs_throttled_seconds_total,1248.408
1741559592,kashef-k8s-w1.mongodb-user-6d96648ddc-pkv6k,container_cpu_cfs_throttled_seconds_total,873.892
1741559592,kashef-k8s-ctl.mongodb-rate-785b799bbc-rh26t,container_cpu_cfs_throttled_seconds_total,0.0
1741559592,kashef-k8s-w1.geo-bd9dfdb45-pmmf7,container_cpu_cfs_throttled_seconds_total,79.425
1741559592,kashef-k8s-w1.consul-56f5cf4f78-qrhkb,container_cpu_cfs_throttled_seconds_total,700.068
1741559592,kashef-k8s-w1.recommendation-6494d54897-js5nk,container_cpu_cfs_throttled_seconds_total,79.146
1741559592,kashef-k8s-w1.mongodb-geo-86b59b75f4-grd4s,container_cpu_cfs_throttled_seconds_total,852.721
1741559592,kashef-k8s-ctl.memcached-rate-bcc5c97f8-xtz5g,container_cpu_cfs_throttled_seconds_total,0.0
1741559592,kashef-k8s-ctl.reservation-7799998946-chd6t,container_cpu_cfs_throttled_seconds_total,0.0
1741559592,kashef-k8s-w1.memcached-reserve-bdcb467b4-fpm4v,container_cpu_cfs_throttled_seconds_total,58.306
1741559592,kashef-k8s-ctl.profile-6c9f4cc75f-gldzm,container_cpu_cfs_throttled_seconds_total,0.0
1741559592,kashef-k8s-w1.jaeger-5d885bcf88-stzjn,container_cpu_cfs_throttled_seconds_total,26.294
1741559592,kashef-k8s-ctl.rate-66d9d98f67-459fp,container_cpu_cfs_throttled_seconds_total,0.0
1741559592,kashef-k8s-w1.search-8677798cf5-fsd5r,container_cpu_cfs_throttled_seconds_total,55.977
1741559592,kashef-k8s-ctl.mongodb-recommendation-59d6b7ccf9-jnrb4,container_cpu_cfs_throttled_seconds_total,0.0
1741559592,kashef-k8s-ctl.memcached-profile-7d6fcb6b8-qbcm2,container_cpu_cfs_throttled_seconds_total,0.0
1741559607,kashef-k8s-ctl.mongodb-rate-785b799bbc-rh26t,container_cpu_cfs_throttled_seconds_total,0.0
1741559607,kashef-k8s-ctl.memcached-rate-bcc5c97f8-xtz5g,container_cpu_cfs_throttled_seconds_total,0.0
1741559607,kashef-k8s-w1.user-698454f8c4-pfgkk,container_cpu_cfs_throttled_seconds_total,1248.408
1741559607,kashef-k8s-ctl.memcached-profile-7d6fcb6b8-qbcm2,container_cpu_cfs_throttled_seconds_total,0.0
1741559607,kashef-k8s-w1.memcached-reserve-bdcb467b4-fpm4v,container_cpu_cfs_throttled_seconds_total,58.306
1741559607,kashef-k8s-w1.recommendation-6494d54897-js5nk,container_cpu_cfs_throttled_seconds_total,79.146
1741559607,kashef-k8s-w1.mongodb-geo-86b59b75f4-grd4s,container_cpu_cfs_throttled_seconds_total,852.721
1741559607,kashef-k8s-w1.consul-56f5cf4f78-qrhkb,container_cpu_cfs_throttled_seconds_total,700.068
1741559607,kashef-k8s-w1.mongodb-profile-6bb85f4df7-rfvcl,container_cpu_cfs_throttled_seconds_total,901.475
1741559607,kashef-k8s-ctl.profile-6c9f4cc75f-gldzm,container_cpu_cfs_throttled_seconds_total,0.0
1741559607,kashef-k8s-w1.geo-bd9dfdb45-pmmf7,container_cpu_cfs_throttled_seconds_total,79.425
1741559607,kashef-k8s-ctl.mongodb-reservation-7b474745f-h55m7,container_cpu_cfs_throttled_seconds_total,0.0
1741559607,kashef-k8s-w1.frontend-7d9d864798-n6lsm,container_cpu_cfs_throttled_seconds_total,50.09
1741559607,kashef-k8s-w1.search-8677798cf5-fsd5r,container_cpu_cfs_throttled_seconds_total,55.977
1741559607,kashef-k8s-ctl.mongodb-recommendation-59d6b7ccf9-jnrb4,container_cpu_cfs_throttled_seconds_total,0.0
1741559607,kashef-k8s-w1.mongodb-user-6d96648ddc-pkv6k,container_cpu_cfs_throttled_seconds_total,873.892
1741559607,kashef-k8s-ctl.reservation-7799998946-chd6t,container_cpu_cfs_throttled_seconds_total,0.0
1741559607,kashef-k8s-w1.jaeger-5d885bcf88-stzjn,container_cpu_cfs_throttled_seconds_total,26.294
1741559607,kashef-k8s-ctl.rate-66d9d98f67-459fp,container_cpu_cfs_throttled_seconds_total,0.0
1741559622,kashef-k8s-w1.mongodb-geo-86b59b75f4-grd4s,container_cpu_cfs_throttled_seconds_total,852.721
1741559622,kashef-k8s-w1.recommendation-6494d54897-js5nk,container_cpu_cfs_throttled_seconds_total,79.146
1741559622,kashef-k8s-ctl.mongodb-reservation-7b474745f-h55m7,container_cpu_cfs_throttled_seconds_total,0.0
1741559622,kashef-k8s-ctl.profile-6c9f4cc75f-gldzm,container_cpu_cfs_throttled_seconds_total,0.0
1741559622,kashef-k8s-ctl.memcached-rate-bcc5c97f8-xtz5g,container_cpu_cfs_throttled_seconds_total,0.0
1741559622,kashef-k8s-ctl.rate-66d9d98f67-459fp,container_cpu_cfs_throttled_seconds_total,0.0
1741559622,kashef-k8s-ctl.mongodb-rate-785b799bbc-rh26t,container_cpu_cfs_throttled_seconds_total,0.0
1741559622,kashef-k8s-w1.user-698454f8c4-pfgkk,container_cpu_cfs_throttled_seconds_total,1248.408
1741559622,kashef-k8s-w1.consul-56f5cf4f78-qrhkb,container_cpu_cfs_throttled_seconds_total,700.068
1741559622,kashef-k8s-w1.geo-bd9dfdb45-pmmf7,container_cpu_cfs_throttled_seconds_total,79.425
1741559622,kashef-k8s-w1.memcached-reserve-bdcb467b4-fpm4v,container_cpu_cfs_throttled_seconds_total,58.306
1741559622,kashef-k8s-ctl.reservation-7799998946-chd6t,container_cpu_cfs_throttled_seconds_total,0.0
1741559622,kashef-k8s-w1.jaeger-5d885bcf88-stzjn,container_cpu_cfs_throttled_seconds_total,26.294
1741559622,kashef-k8s-w1.mongodb-user-6d96648ddc-pkv6k,container_cpu_cfs_throttled_seconds_total,873.892
1741559622,kashef-k8s-ctl.memcached-profile-7d6fcb6b8-qbcm2,container_cpu_cfs_throttled_seconds_total,0.0
1741559622,kashef-k8s-ctl.mongodb-recommendation-59d6b7ccf9-jnrb4,container_cpu_cfs_throttled_seconds_total,0.0
1741559622,kashef-k8s-w1.search-8677798cf5-fsd5r,container_cpu_cfs_throttled_seconds_total,55.977
1741559622,kashef-k8s-w1.mongodb-profile-6bb85f4df7-rfvcl,container_cpu_cfs_throttled_seconds_total,901.475
1741559622,kashef-k8s-w1.frontend-7d9d864798-n6lsm,container_cpu_cfs_throttled_seconds_total,50.09
1741559637,kashef-k8s-w1.mongodb-profile-6bb85f4df7-rfvcl,container_cpu_cfs_throttled_seconds_total,970.831
1741559637,kashef-k8s-w1.frontend-7d9d864798-n6lsm,container_cpu_cfs_throttled_seconds_total,50.09
1741559637,kashef-k8s-w1.geo-bd9dfdb45-pmmf7,container_cpu_cfs_throttled_seconds_total,79.425
1741559637,kashef-k8s-ctl.mongodb-reservation-7b474745f-h55m7,container_cpu_cfs_throttled_seconds_total,0.0
1741559637,kashef-k8s-w1.memcached-reserve-bdcb467b4-fpm4v,container_cpu_cfs_throttled_seconds_total,58.306
1741559637,kashef-k8s-w1.mongodb-user-6d96648ddc-pkv6k,container_cpu_cfs_throttled_seconds_total,940.714
1741559637,kashef-k8s-w1.user-698454f8c4-pfgkk,container_cpu_cfs_throttled_seconds_total,1315.177
1741559637,kashef-k8s-w1.recommendation-6494d54897-js5nk,container_cpu_cfs_throttled_seconds_total,79.146
1741559637,kashef-k8s-ctl.mongodb-recommendation-59d6b7ccf9-jnrb4,container_cpu_cfs_throttled_seconds_total,0.0
1741559637,kashef-k8s-w1.mongodb-geo-86b59b75f4-grd4s,container_cpu_cfs_throttled_seconds_total,919.971
1741559637,kashef-k8s-ctl.mongodb-rate-785b799bbc-rh26t,container_cpu_cfs_throttled_seconds_total,0.0
1741559637,kashef-k8s-ctl.rate-66d9d98f67-459fp,container_cpu_cfs_throttled_seconds_total,0.0
1741559637,kashef-k8s-ctl.memcached-rate-bcc5c97f8-xtz5g,container_cpu_cfs_throttled_seconds_total,0.0
1741559637,kashef-k8s-ctl.memcached-profile-7d6fcb6b8-qbcm2,container_cpu_cfs_throttled_seconds_total,0.0
1741559637,kashef-k8s-w1.jaeger-5d885bcf88-stzjn,container_cpu_cfs_throttled_seconds_total,28.149
1741559637,kashef-k8s-ctl.reservation-7799998946-chd6t,container_cpu_cfs_throttled_seconds_total,0.0
1741559637,kashef-k8s-ctl.profile-6c9f4cc75f-gldzm,container_cpu_cfs_throttled_seconds_total,0.0
1741559637,kashef-k8s-w1.search-8677798cf5-fsd5r,container_cpu_cfs_throttled_seconds_total,57.608
1741559637,kashef-k8s-w1.consul-56f5cf4f78-qrhkb,container_cpu_cfs_throttled_seconds_total,802.323
1741559652,kashef-k8s-w1.geo-bd9dfdb45-pmmf7,container_cpu_cfs_throttled_seconds_total,88.585
1741559652,kashef-k8s-ctl.mongodb-reservation-7b474745f-h55m7,container_cpu_cfs_throttled_seconds_total,0.0
1741559652,kashef-k8s-w1.memcached-reserve-bdcb467b4-fpm4v,container_cpu_cfs_throttled_seconds_total,61.241
1741559652,kashef-k8s-w1.mongodb-user-6d96648ddc-pkv6k,container_cpu_cfs_throttled_seconds_total,940.714
1741559652,kashef-k8s-w1.mongodb-profile-6bb85f4df7-rfvcl,container_cpu_cfs_throttled_seconds_total,970.831
1741559652,kashef-k8s-w1.consul-56f5cf4f78-qrhkb,container_cpu_cfs_throttled_seconds_total,802.323
1741559652,kashef-k8s-w1.jaeger-5d885bcf88-stzjn,container_cpu_cfs_throttled_seconds_total,28.149
1741559652,kashef-k8s-ctl.reservation-7799998946-chd6t,container_cpu_cfs_throttled_seconds_total,0.0
1741559652,kashef-k8s-ctl.memcached-profile-7d6fcb6b8-qbcm2,container_cpu_cfs_throttled_seconds_total,0.0
1741559652,kashef-k8s-ctl.mongodb-rate-785b799bbc-rh26t,container_cpu_cfs_throttled_seconds_total,0.0
1741559652,kashef-k8s-w1.frontend-7d9d864798-n6lsm,container_cpu_cfs_throttled_seconds_total,52.73
1741559652,kashef-k8s-w1.recommendation-6494d54897-js5nk,container_cpu_cfs_throttled_seconds_total,87.514
1741559652,kashef-k8s-ctl.mongodb-recommendation-59d6b7ccf9-jnrb4,container_cpu_cfs_throttled_seconds_total,0.0
1741559652,kashef-k8s-ctl.memcached-rate-bcc5c97f8-xtz5g,container_cpu_cfs_throttled_seconds_total,0.0
1741559652,kashef-k8s-ctl.rate-66d9d98f67-459fp,container_cpu_cfs_throttled_seconds_total,0.0
1741559652,kashef-k8s-w1.mongodb-geo-86b59b75f4-grd4s,container_cpu_cfs_throttled_seconds_total,919.971
1741559652,kashef-k8s-ctl.profile-6c9f4cc75f-gldzm,container_cpu_cfs_throttled_seconds_total,0.0
1741559652,kashef-k8s-w1.user-698454f8c4-pfgkk,container_cpu_cfs_throttled_seconds_total,1315.177
1741559652,kashef-k8s-w1.search-8677798cf5-fsd5r,container_cpu_cfs_throttled_seconds_total,57.608
1741559667,kashef-k8s-w1.search-8677798cf5-fsd5r,container_cpu_cfs_throttled_seconds_total,57.608
1741559667,kashef-k8s-ctl.memcached-rate-bcc5c97f8-xtz5g,container_cpu_cfs_throttled_seconds_total,0.0
1741559667,kashef-k8s-ctl.rate-66d9d98f67-459fp,container_cpu_cfs_throttled_seconds_total,0.0
1741559667,kashef-k8s-w1.user-698454f8c4-pfgkk,container_cpu_cfs_throttled_seconds_total,1315.177
1741559667,kashef-k8s-w1.geo-bd9dfdb45-pmmf7,container_cpu_cfs_throttled_seconds_total,88.585
1741559667,kashef-k8s-w1.consul-56f5cf4f78-qrhkb,container_cpu_cfs_throttled_seconds_total,802.323
1741559667,kashef-k8s-w1.mongodb-geo-86b59b75f4-grd4s,container_cpu_cfs_throttled_seconds_total,919.971
1741559667,kashef-k8s-ctl.mongodb-rate-785b799bbc-rh26t,container_cpu_cfs_throttled_seconds_total,0.0
1741559667,kashef-k8s-ctl.memcached-profile-7d6fcb6b8-qbcm2,container_cpu_cfs_throttled_seconds_total,0.0
1741559667,kashef-k8s-w1.jaeger-5d885bcf88-stzjn,container_cpu_cfs_throttled_seconds_total,28.149
1741559667,kashef-k8s-w1.mongodb-profile-6bb85f4df7-rfvcl,container_cpu_cfs_throttled_seconds_total,970.831
1741559667,kashef-k8s-ctl.profile-6c9f4cc75f-gldzm,container_cpu_cfs_throttled_seconds_total,0.0
1741559667,kashef-k8s-w1.memcached-reserve-bdcb467b4-fpm4v,container_cpu_cfs_throttled_seconds_total,61.241
1741559667,kashef-k8s-ctl.reservation-7799998946-chd6t,container_cpu_cfs_throttled_seconds_total,0.0
1741559667,kashef-k8s-w1.recommendation-6494d54897-js5nk,container_cpu_cfs_throttled_seconds_total,87.514
1741559667,kashef-k8s-ctl.mongodb-recommendation-59d6b7ccf9-jnrb4,container_cpu_cfs_throttled_seconds_total,0.0
1741559667,kashef-k8s-w1.mongodb-user-6d96648ddc-pkv6k,container_cpu_cfs_throttled_seconds_total,940.714
1741559667,kashef-k8s-ctl.mongodb-reservation-7b474745f-h55m7,container_cpu_cfs_throttled_seconds_total,0.0
1741559667,kashef-k8s-w1.frontend-7d9d864798-n6lsm,container_cpu_cfs_throttled_seconds_total,52.73
1741559682,kashef-k8s-w1.consul-56f5cf4f78-qrhkb,container_cpu_cfs_throttled_seconds_total,802.323
1741559682,kashef-k8s-w1.mongodb-geo-86b59b75f4-grd4s,container_cpu_cfs_throttled_seconds_total,919.971
1741559682,kashef-k8s-w1.mongodb-profile-6bb85f4df7-rfvcl,container_cpu_cfs_throttled_seconds_total,970.831
1741559682,kashef-k8s-w1.memcached-reserve-bdcb467b4-fpm4v,container_cpu_cfs_throttled_seconds_total,61.241
1741559682,kashef-k8s-ctl.mongodb-rate-785b799bbc-rh26t,container_cpu_cfs_throttled_seconds_total,0.0
1741559682,kashef-k8s-w1.jaeger-5d885bcf88-stzjn,container_cpu_cfs_throttled_seconds_total,28.149
1741559682,kashef-k8s-w1.geo-bd9dfdb45-pmmf7,container_cpu_cfs_throttled_seconds_total,88.585
1741559682,kashef-k8s-ctl.memcached-rate-bcc5c97f8-xtz5g,container_cpu_cfs_throttled_seconds_total,0.0
1741559682,kashef-k8s-ctl.rate-66d9d98f67-459fp,container_cpu_cfs_throttled_seconds_total,0.0
1741559682,kashef-k8s-w1.user-698454f8c4-pfgkk,container_cpu_cfs_throttled_seconds_total,1315.177
1741559682,kashef-k8s-ctl.mongodb-recommendation-59d6b7ccf9-jnrb4,container_cpu_cfs_throttled_seconds_total,0.0
1741559682,kashef-k8s-ctl.mongodb-reservation-7b474745f-h55m7,container_cpu_cfs_throttled_seconds_total,0.0
1741559682,kashef-k8s-w1.search-8677798cf5-fsd5r,container_cpu_cfs_throttled_seconds_total,57.608
1741559682,kashef-k8s-w1.mongodb-user-6d96648ddc-pkv6k,container_cpu_cfs_throttled_seconds_total,940.714
1741559682,kashef-k8s-w1.recommendation-6494d54897-js5nk,container_cpu_cfs_throttled_seconds_total,87.514
1741559682,kashef-k8s-ctl.reservation-7799998946-chd6t,container_cpu_cfs_throttled_seconds_total,0.0
1741559682,kashef-k8s-w1.frontend-7d9d864798-n6lsm,container_cpu_cfs_throttled_seconds_total,52.73
1741559682,kashef-k8s-ctl.profile-6c9f4cc75f-gldzm,container_cpu_cfs_throttled_seconds_total,0.0
1741559682,kashef-k8s-ctl.memcached-profile-7d6fcb6b8-qbcm2,container_cpu_cfs_throttled_seconds_total,0.0
1741559697,kashef-k8s-w1.consul-56f5cf4f78-qrhkb,container_cpu_cfs_throttled_seconds_total,802.323
1741559697,kashef-k8s-w1.geo-bd9dfdb45-pmmf7,container_cpu_cfs_throttled_seconds_total,88.585
1741559697,kashef-k8s-w1.frontend-7d9d864798-n6lsm,container_cpu_cfs_throttled_seconds_total,52.73
1741559697,kashef-k8s-ctl.mongodb-recommendation-59d6b7ccf9-jnrb4,container_cpu_cfs_throttled_seconds_total,0.0
1741559697,kashef-k8s-w1.mongodb-user-6d96648ddc-pkv6k,container_cpu_cfs_throttled_seconds_total,940.714
1741559697,kashef-k8s-ctl.rate-66d9d98f67-459fp,container_cpu_cfs_throttled_seconds_total,0.0
1741559697,kashef-k8s-ctl.mongodb-rate-785b799bbc-rh26t,container_cpu_cfs_throttled_seconds_total,0.0
1741559697,kashef-k8s-w1.search-8677798cf5-fsd5r,container_cpu_cfs_throttled_seconds_total,57.608
1741559697,kashef-k8s-w1.user-698454f8c4-pfgkk,container_cpu_cfs_throttled_seconds_total,1315.177
1741559697,kashef-k8s-ctl.memcached-rate-bcc5c97f8-xtz5g,container_cpu_cfs_throttled_seconds_total,0.0
1741559697,kashef-k8s-w1.jaeger-5d885bcf88-stzjn,container_cpu_cfs_throttled_seconds_total,28.149
1741559697,kashef-k8s-ctl.profile-6c9f4cc75f-gldzm,container_cpu_cfs_throttled_seconds_total,0.0
1741559697,kashef-k8s-w1.mongodb-geo-86b59b75f4-grd4s,container_cpu_cfs_throttled_seconds_total,919.971
1741559697,kashef-k8s-w1.memcached-reserve-bdcb467b4-fpm4v,container_cpu_cfs_throttled_seconds_total,61.241
1741559697,kashef-k8s-ctl.reservation-7799998946-chd6t,container_cpu_cfs_throttled_seconds_total,0.0
1741559697,kashef-k8s-ctl.memcached-profile-7d6fcb6b8-qbcm2,container_cpu_cfs_throttled_seconds_total,0.0
1741559697,kashef-k8s-w1.recommendation-6494d54897-js5nk,container_cpu_cfs_throttled_seconds_total,87.514
1741559697,kashef-k8s-w1.mongodb-profile-6bb85f4df7-rfvcl,container_cpu_cfs_throttled_seconds_total,970.831
1741559697,kashef-k8s-ctl.mongodb-reservation-7b474745f-h55m7,container_cpu_cfs_throttled_seconds_total,0.0
