timestamp,cmdb_id,kpi_name,value
1741558797,kashef-k8s-w1.jaeger-5d885bcf88-stzjn,container_cpu_cfs_periods_total,31.0
1741558797,kashef-k8s-ctl.reservation-7799998946-chd6t,container_cpu_cfs_periods_total,87.0
1741558797,kashef-k8s-ctl.mongodb-recommendation-59d6b7ccf9-jnrb4,container_cpu_cfs_periods_total,222.0
1741558797,kashef-k8s-w1.search-8677798cf5-fsd5r,container_cpu_cfs_periods_total,54.0
1741558797,kashef-k8s-ctl.mongodb-rate-785b799bbc-rh26t,container_cpu_cfs_periods_total,229.0
1741558797,kashef-k8s-w1.mongodb-user-6d96648ddc-pkv6k,container_cpu_cfs_periods_total,193.0
1741558797,kashef-k8s-ctl.rate-66d9d98f67-459fp,container_cpu_cfs_periods_total,82.0
1741558797,kashef-k8s-ctl.mongodb-reservation-7b474745f-h55m7,container_cpu_cfs_periods_total,187.0
1741558797,kashef-k8s-ctl.memcached-profile-7d6fcb6b8-qbcm2,container_cpu_cfs_periods_total,51.0
1741558797,kashef-k8s-w1.memcached-reserve-bdcb467b4-fpm4v,container_cpu_cfs_periods_total,41.0
1741558797,kashef-k8s-w1.mongodb-profile-6bb85f4df7-rfvcl,container_cpu_cfs_periods_total,206.0
1741558797,kashef-k8s-w1.mongodb-geo-86b59b75f4-grd4s,container_cpu_cfs_periods_total,186.0
1741558797,kashef-k8s-w1.frontend-7d9d864798-n6lsm,container_cpu_cfs_periods_total,83.0
1741558812,kashef-k8s-ctl.profile-6c9f4cc75f-gldzm,container_cpu_cfs_periods_total,121.0
1741558812,kashef-k8s-w1.consul-56f5cf4f78-qrhkb,container_cpu_cfs_periods_total,416.0
1741558812,kashef-k8s-w1.geo-bd9dfdb45-pmmf7,container_cpu_cfs_periods_total,101.0
1741558812,kashef-k8s-ctl.mongodb-rate-785b799bbc-rh26t,container_cpu_cfs_periods_total,229.0
1741558812,kashef-k8s-w1.search-8677798cf5-fsd5r,container_cpu_cfs_periods_total,54.0
1741558812,kashef-k8s-ctl.memcached-rate-bcc5c97f8-xtz5g,container_cpu_cfs_periods_total,74.0
1741558812,kashef-k8s-ctl.rate-66d9d98f67-459fp,container_cpu_cfs_periods_total,82.0
1741558812,kashef-k8s-w1.mongodb-profile-6bb85f4df7-rfvcl,container_cpu_cfs_periods_total,206.0
1741558812,kashef-k8s-w1.user-698454f8c4-pfgkk,container_cpu_cfs_periods_total,311.0
1741558812,kashef-k8s-ctl.mongodb-reservation-7b474745f-h55m7,container_cpu_cfs_periods_total,187.0
1741558812,kashef-k8s-w1.frontend-7d9d864798-n6lsm,container_cpu_cfs_periods_total,83.0
1741558812,kashef-k8s-w1.jaeger-5d885bcf88-stzjn,container_cpu_cfs_periods_total,31.0
1741558812,kashef-k8s-ctl.mongodb-recommendation-59d6b7ccf9-jnrb4,container_cpu_cfs_periods_total,222.0
1741558812,kashef-k8s-ctl.memcached-profile-7d6fcb6b8-qbcm2,container_cpu_cfs_periods_total,51.0
1741558812,kashef-k8s-w1.mongodb-user-6d96648ddc-pkv6k,container_cpu_cfs_periods_total,193.0
1741558812,kashef-k8s-ctl.reservation-7799998946-chd6t,container_cpu_cfs_periods_total,87.0
1741558812,kashef-k8s-w1.mongodb-geo-86b59b75f4-grd4s,container_cpu_cfs_periods_total,186.0
1741558812,kashef-k8s-w1.memcached-reserve-bdcb467b4-fpm4v,container_cpu_cfs_periods_total,41.0
1741558812,kashef-k8s-w1.recommendation-6494d54897-js5nk,container_cpu_cfs_periods_total,95.0
1741558827,kashef-k8s-w1.mongodb-geo-86b59b75f4-grd4s,container_cpu_cfs_periods_total,186.0
1741558827,kashef-k8s-w1.memcached-reserve-bdcb467b4-fpm4v,container_cpu_cfs_periods_total,41.0
1741558827,kashef-k8s-w1.mongodb-user-6d96648ddc-pkv6k,container_cpu_cfs_periods_total,193.0
1741558827,kashef-k8s-ctl.reservation-7799998946-chd6t,container_cpu_cfs_periods_total,87.0
1741558827,kashef-k8s-ctl.mongodb-reservation-7b474745f-h55m7,container_cpu_cfs_periods_total,187.0
1741558827,kashef-k8s-w1.frontend-7d9d864798-n6lsm,container_cpu_cfs_periods_total,83.0
1741558827,kashef-k8s-ctl.profile-6c9f4cc75f-gldzm,container_cpu_cfs_periods_total,121.0
1741558827,kashef-k8s-ctl.mongodb-recommendation-59d6b7ccf9-jnrb4,container_cpu_cfs_periods_total,222.0
1741558827,kashef-k8s-ctl.rate-66d9d98f67-459fp,container_cpu_cfs_periods_total,82.0
1741558827,kashef-k8s-w1.consul-56f5cf4f78-qrhkb,container_cpu_cfs_periods_total,416.0
1741558827,kashef-k8s-w1.geo-bd9dfdb45-pmmf7,container_cpu_cfs_periods_total,101.0
1741558827,kashef-k8s-w1.search-8677798cf5-fsd5r,container_cpu_cfs_periods_total,54.0
1741558827,kashef-k8s-w1.mongodb-profile-6bb85f4df7-rfvcl,container_cpu_cfs_periods_total,206.0
1741558827,kashef-k8s-ctl.memcached-rate-bcc5c97f8-xtz5g,container_cpu_cfs_periods_total,74.0
1741558827,kashef-k8s-ctl.mongodb-rate-785b799bbc-rh26t,container_cpu_cfs_periods_total,229.0
1741558827,kashef-k8s-ctl.memcached-profile-7d6fcb6b8-qbcm2,container_cpu_cfs_periods_total,51.0
1741558827,kashef-k8s-w1.jaeger-5d885bcf88-stzjn,container_cpu_cfs_periods_total,31.0
1741558827,kashef-k8s-w1.user-698454f8c4-pfgkk,container_cpu_cfs_periods_total,311.0
1741558827,kashef-k8s-w1.recommendation-6494d54897-js5nk,container_cpu_cfs_periods_total,95.0
1741558842,kashef-k8s-ctl.mongodb-reservation-7b474745f-h55m7,container_cpu_cfs_periods_total,187.0
1741558842,kashef-k8s-w1.memcached-reserve-bdcb467b4-fpm4v,container_cpu_cfs_periods_total,41.0
1741558842,kashef-k8s-ctl.profile-6c9f4cc75f-gldzm,container_cpu_cfs_periods_total,121.0
1741558842,kashef-k8s-w1.mongodb-user-6d96648ddc-pkv6k,container_cpu_cfs_periods_total,193.0
1741558842,kashef-k8s-ctl.mongodb-recommendation-59d6b7ccf9-jnrb4,container_cpu_cfs_periods_total,222.0
1741558842,kashef-k8s-w1.search-8677798cf5-fsd5r,container_cpu_cfs_periods_total,54.0
1741558842,kashef-k8s-ctl.memcached-rate-bcc5c97f8-xtz5g,container_cpu_cfs_periods_total,74.0
1741558842,kashef-k8s-w1.frontend-7d9d864798-n6lsm,container_cpu_cfs_periods_total,83.0
1741558842,kashef-k8s-ctl.mongodb-rate-785b799bbc-rh26t,container_cpu_cfs_periods_total,229.0
1741558842,kashef-k8s-ctl.memcached-profile-7d6fcb6b8-qbcm2,container_cpu_cfs_periods_total,51.0
1741558842,kashef-k8s-w1.geo-bd9dfdb45-pmmf7,container_cpu_cfs_periods_total,101.0
1741558842,kashef-k8s-ctl.reservation-7799998946-chd6t,container_cpu_cfs_periods_total,87.0
1741558842,kashef-k8s-w1.user-698454f8c4-pfgkk,container_cpu_cfs_periods_total,311.0
1741558842,kashef-k8s-w1.mongodb-geo-86b59b75f4-grd4s,container_cpu_cfs_periods_total,186.0
1741558842,kashef-k8s-w1.consul-56f5cf4f78-qrhkb,container_cpu_cfs_periods_total,416.0
1741558842,kashef-k8s-ctl.rate-66d9d98f67-459fp,container_cpu_cfs_periods_total,82.0
1741558842,kashef-k8s-w1.mongodb-profile-6bb85f4df7-rfvcl,container_cpu_cfs_periods_total,206.0
1741558842,kashef-k8s-w1.recommendation-6494d54897-js5nk,container_cpu_cfs_periods_total,95.0
1741558842,kashef-k8s-w1.jaeger-5d885bcf88-stzjn,container_cpu_cfs_periods_total,133.0
1741558857,kashef-k8s-w1.jaeger-5d885bcf88-stzjn,container_cpu_cfs_periods_total,133.0
1741558857,kashef-k8s-w1.consul-56f5cf4f78-qrhkb,container_cpu_cfs_periods_total,416.0
1741558857,kashef-k8s-ctl.memcached-rate-bcc5c97f8-xtz5g,container_cpu_cfs_periods_total,118.0
1741558857,kashef-k8s-ctl.mongodb-recommendation-59d6b7ccf9-jnrb4,container_cpu_cfs_periods_total,532.0
1741558857,kashef-k8s-w1.search-8677798cf5-fsd5r,container_cpu_cfs_periods_total,125.0
1741558857,kashef-k8s-w1.mongodb-user-6d96648ddc-pkv6k,container_cpu_cfs_periods_total,529.0
1741558857,kashef-k8s-ctl.mongodb-reservation-7b474745f-h55m7,container_cpu_cfs_periods_total,496.0
1741558857,kashef-k8s-w1.frontend-7d9d864798-n6lsm,container_cpu_cfs_periods_total,170.0
1741558857,kashef-k8s-ctl.memcached-profile-7d6fcb6b8-qbcm2,container_cpu_cfs_periods_total,132.0
1741558857,kashef-k8s-ctl.profile-6c9f4cc75f-gldzm,container_cpu_cfs_periods_total,155.0
1741558857,kashef-k8s-ctl.mongodb-rate-785b799bbc-rh26t,container_cpu_cfs_periods_total,568.0
1741558857,kashef-k8s-w1.mongodb-geo-86b59b75f4-grd4s,container_cpu_cfs_periods_total,554.0
1741558857,kashef-k8s-w1.memcached-reserve-bdcb467b4-fpm4v,container_cpu_cfs_periods_total,79.0
1741558857,kashef-k8s-w1.mongodb-profile-6bb85f4df7-rfvcl,container_cpu_cfs_periods_total,206.0
1741558857,kashef-k8s-ctl.reservation-7799998946-chd6t,container_cpu_cfs_periods_total,87.0
1741558857,kashef-k8s-w1.recommendation-6494d54897-js5nk,container_cpu_cfs_periods_total,129.0
1741558857,kashef-k8s-ctl.rate-66d9d98f67-459fp,container_cpu_cfs_periods_total,82.0
1741558857,kashef-k8s-w1.geo-bd9dfdb45-pmmf7,container_cpu_cfs_periods_total,152.0
1741558857,kashef-k8s-w1.user-698454f8c4-pfgkk,container_cpu_cfs_periods_total,887.0
1741558872,kashef-k8s-w1.mongodb-user-6d96648ddc-pkv6k,container_cpu_cfs_periods_total,529.0
1741558872,kashef-k8s-ctl.mongodb-reservation-7b474745f-h55m7,container_cpu_cfs_periods_total,496.0
1741558872,kashef-k8s-ctl.profile-6c9f4cc75f-gldzm,container_cpu_cfs_periods_total,155.0
1741558872,kashef-k8s-w1.user-698454f8c4-pfgkk,container_cpu_cfs_periods_total,887.0
1741558872,kashef-k8s-ctl.mongodb-rate-785b799bbc-rh26t,container_cpu_cfs_periods_total,568.0
1741558872,kashef-k8s-w1.mongodb-geo-86b59b75f4-grd4s,container_cpu_cfs_periods_total,554.0
1741558872,kashef-k8s-ctl.memcached-profile-7d6fcb6b8-qbcm2,container_cpu_cfs_periods_total,132.0
1741558872,kashef-k8s-w1.mongodb-profile-6bb85f4df7-rfvcl,container_cpu_cfs_periods_total,601.0
1741558872,kashef-k8s-ctl.memcached-rate-bcc5c97f8-xtz5g,container_cpu_cfs_periods_total,118.0
1741558872,kashef-k8s-ctl.mongodb-recommendation-59d6b7ccf9-jnrb4,container_cpu_cfs_periods_total,532.0
1741558872,kashef-k8s-w1.search-8677798cf5-fsd5r,container_cpu_cfs_periods_total,125.0
1741558872,kashef-k8s-w1.consul-56f5cf4f78-qrhkb,container_cpu_cfs_periods_total,1019.0
1741558872,kashef-k8s-w1.jaeger-5d885bcf88-stzjn,container_cpu_cfs_periods_total,133.0
1741558872,kashef-k8s-ctl.rate-66d9d98f67-459fp,container_cpu_cfs_periods_total,160.0
1741558872,kashef-k8s-w1.memcached-reserve-bdcb467b4-fpm4v,container_cpu_cfs_periods_total,79.0
1741558872,kashef-k8s-ctl.reservation-7799998946-chd6t,container_cpu_cfs_periods_total,149.0
1741558872,kashef-k8s-w1.geo-bd9dfdb45-pmmf7,container_cpu_cfs_periods_total,152.0
1741558872,kashef-k8s-w1.recommendation-6494d54897-js5nk,container_cpu_cfs_periods_total,129.0
1741558872,kashef-k8s-w1.frontend-7d9d864798-n6lsm,container_cpu_cfs_periods_total,170.0
1741558887,kashef-k8s-w1.mongodb-profile-6bb85f4df7-rfvcl,container_cpu_cfs_periods_total,601.0
1741558887,kashef-k8s-ctl.memcached-profile-7d6fcb6b8-qbcm2,container_cpu_cfs_periods_total,132.0
1741558887,kashef-k8s-w1.mongodb-user-6d96648ddc-pkv6k,container_cpu_cfs_periods_total,529.0
1741558887,kashef-k8s-w1.user-698454f8c4-pfgkk,container_cpu_cfs_periods_total,887.0
1741558887,kashef-k8s-ctl.profile-6c9f4cc75f-gldzm,container_cpu_cfs_periods_total,155.0
1741558887,kashef-k8s-ctl.mongodb-reservation-7b474745f-h55m7,container_cpu_cfs_periods_total,496.0
1741558887,kashef-k8s-ctl.memcached-rate-bcc5c97f8-xtz5g,container_cpu_cfs_periods_total,118.0
1741558887,kashef-k8s-ctl.mongodb-recommendation-59d6b7ccf9-jnrb4,container_cpu_cfs_periods_total,532.0
1741558887,kashef-k8s-w1.search-8677798cf5-fsd5r,container_cpu_cfs_periods_total,125.0
1741558887,kashef-k8s-w1.consul-56f5cf4f78-qrhkb,container_cpu_cfs_periods_total,1019.0
1741558887,kashef-k8s-ctl.reservation-7799998946-chd6t,container_cpu_cfs_periods_total,149.0
1741558887,kashef-k8s-w1.mongodb-geo-86b59b75f4-grd4s,container_cpu_cfs_periods_total,554.0
1741558887,kashef-k8s-ctl.mongodb-rate-785b799bbc-rh26t,container_cpu_cfs_periods_total,568.0
1741558887,kashef-k8s-w1.recommendation-6494d54897-js5nk,container_cpu_cfs_periods_total,129.0
1741558887,kashef-k8s-w1.frontend-7d9d864798-n6lsm,container_cpu_cfs_periods_total,170.0
1741558887,kashef-k8s-ctl.rate-66d9d98f67-459fp,container_cpu_cfs_periods_total,160.0
1741558887,kashef-k8s-w1.jaeger-5d885bcf88-stzjn,container_cpu_cfs_periods_total,133.0
1741558887,kashef-k8s-w1.geo-bd9dfdb45-pmmf7,container_cpu_cfs_periods_total,152.0
1741558887,kashef-k8s-w1.memcached-reserve-bdcb467b4-fpm4v,container_cpu_cfs_periods_total,79.0
1741558902,kashef-k8s-w1.geo-bd9dfdb45-pmmf7,container_cpu_cfs_periods_total,152.0
1741558902,kashef-k8s-ctl.mongodb-rate-785b799bbc-rh26t,container_cpu_cfs_periods_total,568.0
1741558902,kashef-k8s-ctl.memcached-rate-bcc5c97f8-xtz5g,container_cpu_cfs_periods_total,118.0
1741558902,kashef-k8s-ctl.memcached-profile-7d6fcb6b8-qbcm2,container_cpu_cfs_periods_total,132.0
1741558902,kashef-k8s-ctl.rate-66d9d98f67-459fp,container_cpu_cfs_periods_total,160.0
1741558902,kashef-k8s-ctl.mongodb-recommendation-59d6b7ccf9-jnrb4,container_cpu_cfs_periods_total,532.0
1741558902,kashef-k8s-ctl.mongodb-reservation-7b474745f-h55m7,container_cpu_cfs_periods_total,496.0
1741558902,kashef-k8s-w1.search-8677798cf5-fsd5r,container_cpu_cfs_periods_total,125.0
1741558902,kashef-k8s-w1.frontend-7d9d864798-n6lsm,container_cpu_cfs_periods_total,170.0
1741558902,kashef-k8s-w1.mongodb-profile-6bb85f4df7-rfvcl,container_cpu_cfs_periods_total,601.0
1741558902,kashef-k8s-w1.recommendation-6494d54897-js5nk,container_cpu_cfs_periods_total,129.0
1741558902,kashef-k8s-w1.mongodb-geo-86b59b75f4-grd4s,container_cpu_cfs_periods_total,554.0
1741558902,kashef-k8s-w1.consul-56f5cf4f78-qrhkb,container_cpu_cfs_periods_total,1019.0
1741558902,kashef-k8s-ctl.profile-6c9f4cc75f-gldzm,container_cpu_cfs_periods_total,155.0
1741558902,kashef-k8s-w1.mongodb-user-6d96648ddc-pkv6k,container_cpu_cfs_periods_total,529.0
1741558902,kashef-k8s-w1.jaeger-5d885bcf88-stzjn,container_cpu_cfs_periods_total,133.0
1741558902,kashef-k8s-w1.memcached-reserve-bdcb467b4-fpm4v,container_cpu_cfs_periods_total,79.0
1741558902,kashef-k8s-w1.user-698454f8c4-pfgkk,container_cpu_cfs_periods_total,887.0
1741558902,kashef-k8s-ctl.reservation-7799998946-chd6t,container_cpu_cfs_periods_total,149.0
1741558917,kashef-k8s-w1.user-698454f8c4-pfgkk,container_cpu_cfs_periods_total,1483.0
1741558917,kashef-k8s-w1.jaeger-5d885bcf88-stzjn,container_cpu_cfs_periods_total,233.0
1741558917,kashef-k8s-ctl.mongodb-recommendation-59d6b7ccf9-jnrb4,container_cpu_cfs_periods_total,532.0
1741558917,kashef-k8s-ctl.mongodb-reservation-7b474745f-h55m7,container_cpu_cfs_periods_total,813.0
1741558917,kashef-k8s-ctl.memcached-profile-7d6fcb6b8-qbcm2,container_cpu_cfs_periods_total,184.0
1741558917,kashef-k8s-w1.consul-56f5cf4f78-qrhkb,container_cpu_cfs_periods_total,1019.0
1741558917,kashef-k8s-ctl.rate-66d9d98f67-459fp,container_cpu_cfs_periods_total,160.0
1741558917,kashef-k8s-w1.search-8677798cf5-fsd5r,container_cpu_cfs_periods_total,237.0
1741558917,kashef-k8s-w1.mongodb-user-6d96648ddc-pkv6k,container_cpu_cfs_periods_total,940.0
1741558917,kashef-k8s-ctl.memcached-rate-bcc5c97f8-xtz5g,container_cpu_cfs_periods_total,118.0
1741558917,kashef-k8s-w1.geo-bd9dfdb45-pmmf7,container_cpu_cfs_periods_total,152.0
1741558917,kashef-k8s-ctl.mongodb-rate-785b799bbc-rh26t,container_cpu_cfs_periods_total,930.0
1741558917,kashef-k8s-w1.mongodb-profile-6bb85f4df7-rfvcl,container_cpu_cfs_periods_total,601.0
1741558917,kashef-k8s-ctl.reservation-7799998946-chd6t,container_cpu_cfs_periods_total,149.0
1741558917,kashef-k8s-w1.mongodb-geo-86b59b75f4-grd4s,container_cpu_cfs_periods_total,936.0
1741558917,kashef-k8s-ctl.profile-6c9f4cc75f-gldzm,container_cpu_cfs_periods_total,200.0
1741558917,kashef-k8s-w1.frontend-7d9d864798-n6lsm,container_cpu_cfs_periods_total,272.0
1741558917,kashef-k8s-w1.recommendation-6494d54897-js5nk,container_cpu_cfs_periods_total,262.0
1741558917,kashef-k8s-w1.memcached-reserve-bdcb467b4-fpm4v,container_cpu_cfs_periods_total,196.0
1741558932,kashef-k8s-w1.geo-bd9dfdb45-pmmf7,container_cpu_cfs_periods_total,273.0
1741558932,kashef-k8s-w1.memcached-reserve-bdcb467b4-fpm4v,container_cpu_cfs_periods_total,196.0
1741558932,kashef-k8s-ctl.rate-66d9d98f67-459fp,container_cpu_cfs_periods_total,217.0
1741558932,kashef-k8s-w1.recommendation-6494d54897-js5nk,container_cpu_cfs_periods_total,262.0
1741558932,kashef-k8s-w1.consul-56f5cf4f78-qrhkb,container_cpu_cfs_periods_total,1626.0
1741558932,kashef-k8s-w1.search-8677798cf5-fsd5r,container_cpu_cfs_periods_total,237.0
1741558932,kashef-k8s-ctl.memcached-rate-bcc5c97f8-xtz5g,container_cpu_cfs_periods_total,174.0
1741558932,kashef-k8s-ctl.profile-6c9f4cc75f-gldzm,container_cpu_cfs_periods_total,200.0
1741558932,kashef-k8s-w1.jaeger-5d885bcf88-stzjn,container_cpu_cfs_periods_total,233.0
1741558932,kashef-k8s-ctl.reservation-7799998946-chd6t,container_cpu_cfs_periods_total,189.0
1741558932,kashef-k8s-w1.mongodb-geo-86b59b75f4-grd4s,container_cpu_cfs_periods_total,936.0
1741558932,kashef-k8s-w1.user-698454f8c4-pfgkk,container_cpu_cfs_periods_total,1483.0
1741558932,kashef-k8s-ctl.mongodb-recommendation-59d6b7ccf9-jnrb4,container_cpu_cfs_periods_total,937.0
1741558932,kashef-k8s-ctl.memcached-profile-7d6fcb6b8-qbcm2,container_cpu_cfs_periods_total,184.0
1741558932,kashef-k8s-w1.mongodb-user-6d96648ddc-pkv6k,container_cpu_cfs_periods_total,940.0
1741558932,kashef-k8s-ctl.mongodb-reservation-7b474745f-h55m7,container_cpu_cfs_periods_total,813.0
1741558932,kashef-k8s-w1.frontend-7d9d864798-n6lsm,container_cpu_cfs_periods_total,272.0
1741558932,kashef-k8s-ctl.mongodb-rate-785b799bbc-rh26t,container_cpu_cfs_periods_total,930.0
1741558932,kashef-k8s-w1.mongodb-profile-6bb85f4df7-rfvcl,container_cpu_cfs_periods_total,993.0
1741558947,kashef-k8s-w1.consul-56f5cf4f78-qrhkb,container_cpu_cfs_periods_total,1626.0
1741558947,kashef-k8s-w1.search-8677798cf5-fsd5r,container_cpu_cfs_periods_total,237.0
1741558947,kashef-k8s-ctl.memcached-rate-bcc5c97f8-xtz5g,container_cpu_cfs_periods_total,174.0
1741558947,kashef-k8s-ctl.rate-66d9d98f67-459fp,container_cpu_cfs_periods_total,217.0
1741558947,kashef-k8s-w1.mongodb-geo-86b59b75f4-grd4s,container_cpu_cfs_periods_total,936.0
1741558947,kashef-k8s-ctl.mongodb-reservation-7b474745f-h55m7,container_cpu_cfs_periods_total,813.0
1741558947,kashef-k8s-w1.jaeger-5d885bcf88-stzjn,container_cpu_cfs_periods_total,233.0
1741558947,kashef-k8s-w1.mongodb-user-6d96648ddc-pkv6k,container_cpu_cfs_periods_total,940.0
1741558947,kashef-k8s-ctl.memcached-profile-7d6fcb6b8-qbcm2,container_cpu_cfs_periods_total,184.0
1741558947,kashef-k8s-w1.frontend-7d9d864798-n6lsm,container_cpu_cfs_periods_total,272.0
1741558947,kashef-k8s-w1.geo-bd9dfdb45-pmmf7,container_cpu_cfs_periods_total,273.0
1741558947,kashef-k8s-ctl.mongodb-rate-785b799bbc-rh26t,container_cpu_cfs_periods_total,930.0
1741558947,kashef-k8s-w1.recommendation-6494d54897-js5nk,container_cpu_cfs_periods_total,262.0
1741558947,kashef-k8s-ctl.mongodb-recommendation-59d6b7ccf9-jnrb4,container_cpu_cfs_periods_total,937.0
1741558947,kashef-k8s-ctl.profile-6c9f4cc75f-gldzm,container_cpu_cfs_periods_total,200.0
1741558947,kashef-k8s-w1.user-698454f8c4-pfgkk,container_cpu_cfs_periods_total,1483.0
1741558947,kashef-k8s-ctl.reservation-7799998946-chd6t,container_cpu_cfs_periods_total,189.0
1741558947,kashef-k8s-w1.mongodb-profile-6bb85f4df7-rfvcl,container_cpu_cfs_periods_total,993.0
1741558947,kashef-k8s-w1.memcached-reserve-bdcb467b4-fpm4v,container_cpu_cfs_periods_total,196.0
1741558962,kashef-k8s-w1.memcached-reserve-bdcb467b4-fpm4v,container_cpu_cfs_periods_total,196.0
1741558962,kashef-k8s-w1.geo-bd9dfdb45-pmmf7,container_cpu_cfs_periods_total,273.0
1741558962,kashef-k8s-w1.jaeger-5d885bcf88-stzjn,container_cpu_cfs_periods_total,233.0
1741558962,kashef-k8s-w1.frontend-7d9d864798-n6lsm,container_cpu_cfs_periods_total,272.0
1741558962,kashef-k8s-w1.mongodb-user-6d96648ddc-pkv6k,container_cpu_cfs_periods_total,940.0
1741558962,kashef-k8s-w1.search-8677798cf5-fsd5r,container_cpu_cfs_periods_total,237.0
1741558962,kashef-k8s-ctl.profile-6c9f4cc75f-gldzm,container_cpu_cfs_periods_total,200.0
1741558962,kashef-k8s-ctl.mongodb-recommendation-59d6b7ccf9-jnrb4,container_cpu_cfs_periods_total,937.0
1741558962,kashef-k8s-ctl.memcached-profile-7d6fcb6b8-qbcm2,container_cpu_cfs_periods_total,184.0
1741558962,kashef-k8s-w1.recommendation-6494d54897-js5nk,container_cpu_cfs_periods_total,262.0
1741558962,kashef-k8s-ctl.mongodb-reservation-7b474745f-h55m7,container_cpu_cfs_periods_total,813.0
1741558962,kashef-k8s-ctl.reservation-7799998946-chd6t,container_cpu_cfs_periods_total,189.0
1741558962,kashef-k8s-ctl.memcached-rate-bcc5c97f8-xtz5g,container_cpu_cfs_periods_total,174.0
1741558962,kashef-k8s-ctl.rate-66d9d98f67-459fp,container_cpu_cfs_periods_total,217.0
1741558962,kashef-k8s-w1.consul-56f5cf4f78-qrhkb,container_cpu_cfs_periods_total,1626.0
1741558962,kashef-k8s-w1.mongodb-geo-86b59b75f4-grd4s,container_cpu_cfs_periods_total,936.0
1741558962,kashef-k8s-w1.mongodb-profile-6bb85f4df7-rfvcl,container_cpu_cfs_periods_total,993.0
1741558962,kashef-k8s-ctl.mongodb-rate-785b799bbc-rh26t,container_cpu_cfs_periods_total,930.0
1741558962,kashef-k8s-w1.user-698454f8c4-pfgkk,container_cpu_cfs_periods_total,1483.0
1741558977,kashef-k8s-w1.mongodb-user-6d96648ddc-pkv6k,container_cpu_cfs_periods_total,1330.0
1741558977,kashef-k8s-w1.memcached-reserve-bdcb467b4-fpm4v,container_cpu_cfs_periods_total,196.0
1741558977,kashef-k8s-w1.mongodb-geo-86b59b75f4-grd4s,container_cpu_cfs_periods_total,1379.0
1741558977,kashef-k8s-ctl.mongodb-recommendation-59d6b7ccf9-jnrb4,container_cpu_cfs_periods_total,1253.0
1741558977,kashef-k8s-ctl.profile-6c9f4cc75f-gldzm,container_cpu_cfs_periods_total,200.0
1741558977,kashef-k8s-ctl.memcached-rate-bcc5c97f8-xtz5g,container_cpu_cfs_periods_total,210.0
1741558977,kashef-k8s-ctl.mongodb-reservation-7b474745f-h55m7,container_cpu_cfs_periods_total,1087.0
1741558977,kashef-k8s-w1.search-8677798cf5-fsd5r,container_cpu_cfs_periods_total,237.0
1741558977,kashef-k8s-w1.consul-56f5cf4f78-qrhkb,container_cpu_cfs_periods_total,2136.0
1741558977,kashef-k8s-ctl.memcached-profile-7d6fcb6b8-qbcm2,container_cpu_cfs_periods_total,228.0
1741558977,kashef-k8s-w1.mongodb-profile-6bb85f4df7-rfvcl,container_cpu_cfs_periods_total,1373.0
1741558977,kashef-k8s-w1.frontend-7d9d864798-n6lsm,container_cpu_cfs_periods_total,500.0
1741558977,kashef-k8s-w1.jaeger-5d885bcf88-stzjn,container_cpu_cfs_periods_total,454.0
1741558977,kashef-k8s-ctl.reservation-7799998946-chd6t,container_cpu_cfs_periods_total,217.0
1741558977,kashef-k8s-ctl.rate-66d9d98f67-459fp,container_cpu_cfs_periods_total,256.0
1741558977,kashef-k8s-w1.geo-bd9dfdb45-pmmf7,container_cpu_cfs_periods_total,489.0
1741558977,kashef-k8s-w1.recommendation-6494d54897-js5nk,container_cpu_cfs_periods_total,492.0
1741558977,kashef-k8s-w1.user-698454f8c4-pfgkk,container_cpu_cfs_periods_total,2000.0
1741558977,kashef-k8s-ctl.mongodb-rate-785b799bbc-rh26t,container_cpu_cfs_periods_total,930.0
1741558992,kashef-k8s-w1.memcached-reserve-bdcb467b4-fpm4v,container_cpu_cfs_periods_total,406.0
1741558992,kashef-k8s-w1.geo-bd9dfdb45-pmmf7,container_cpu_cfs_periods_total,489.0
1741558992,kashef-k8s-w1.mongodb-profile-6bb85f4df7-rfvcl,container_cpu_cfs_periods_total,1373.0
1741558992,kashef-k8s-ctl.mongodb-recommendation-59d6b7ccf9-jnrb4,container_cpu_cfs_periods_total,1253.0
1741558992,kashef-k8s-w1.recommendation-6494d54897-js5nk,container_cpu_cfs_periods_total,492.0
1741558992,kashef-k8s-ctl.mongodb-rate-785b799bbc-rh26t,container_cpu_cfs_periods_total,1304.0
1741558992,kashef-k8s-w1.user-698454f8c4-pfgkk,container_cpu_cfs_periods_total,2000.0
1741558992,kashef-k8s-w1.mongodb-geo-86b59b75f4-grd4s,container_cpu_cfs_periods_total,1379.0
1741558992,kashef-k8s-w1.consul-56f5cf4f78-qrhkb,container_cpu_cfs_periods_total,2136.0
1741558992,kashef-k8s-w1.frontend-7d9d864798-n6lsm,container_cpu_cfs_periods_total,500.0
1741558992,kashef-k8s-w1.jaeger-5d885bcf88-stzjn,container_cpu_cfs_periods_total,454.0
1741558992,kashef-k8s-w1.mongodb-user-6d96648ddc-pkv6k,container_cpu_cfs_periods_total,1330.0
1741558992,kashef-k8s-ctl.memcached-rate-bcc5c97f8-xtz5g,container_cpu_cfs_periods_total,210.0
1741558992,kashef-k8s-w1.search-8677798cf5-fsd5r,container_cpu_cfs_periods_total,456.0
1741558992,kashef-k8s-ctl.profile-6c9f4cc75f-gldzm,container_cpu_cfs_periods_total,244.0
1741558992,kashef-k8s-ctl.memcached-profile-7d6fcb6b8-qbcm2,container_cpu_cfs_periods_total,228.0
1741558992,kashef-k8s-ctl.rate-66d9d98f67-459fp,container_cpu_cfs_periods_total,256.0
1741558992,kashef-k8s-ctl.mongodb-reservation-7b474745f-h55m7,container_cpu_cfs_periods_total,1087.0
1741558992,kashef-k8s-ctl.reservation-7799998946-chd6t,container_cpu_cfs_periods_total,217.0
1741559007,kashef-k8s-w1.recommendation-6494d54897-js5nk,container_cpu_cfs_periods_total,492.0
1741559007,kashef-k8s-w1.mongodb-geo-86b59b75f4-grd4s,container_cpu_cfs_periods_total,1379.0
1741559007,kashef-k8s-w1.jaeger-5d885bcf88-stzjn,container_cpu_cfs_periods_total,454.0
1741559007,kashef-k8s-ctl.mongodb-reservation-7b474745f-h55m7,container_cpu_cfs_periods_total,1087.0
1741559007,kashef-k8s-w1.search-8677798cf5-fsd5r,container_cpu_cfs_periods_total,456.0
1741559007,kashef-k8s-ctl.memcached-profile-7d6fcb6b8-qbcm2,container_cpu_cfs_periods_total,228.0
1741559007,kashef-k8s-w1.consul-56f5cf4f78-qrhkb,container_cpu_cfs_periods_total,2136.0
1741559007,kashef-k8s-w1.frontend-7d9d864798-n6lsm,container_cpu_cfs_periods_total,500.0
1741559007,kashef-k8s-w1.mongodb-profile-6bb85f4df7-rfvcl,container_cpu_cfs_periods_total,1373.0
1741559007,kashef-k8s-w1.user-698454f8c4-pfgkk,container_cpu_cfs_periods_total,2000.0
1741559007,kashef-k8s-ctl.mongodb-recommendation-59d6b7ccf9-jnrb4,container_cpu_cfs_periods_total,1253.0
1741559007,kashef-k8s-ctl.mongodb-rate-785b799bbc-rh26t,container_cpu_cfs_periods_total,1304.0
1741559007,kashef-k8s-w1.geo-bd9dfdb45-pmmf7,container_cpu_cfs_periods_total,489.0
1741559007,kashef-k8s-w1.memcached-reserve-bdcb467b4-fpm4v,container_cpu_cfs_periods_total,406.0
1741559007,kashef-k8s-ctl.rate-66d9d98f67-459fp,container_cpu_cfs_periods_total,256.0
1741559007,kashef-k8s-ctl.reservation-7799998946-chd6t,container_cpu_cfs_periods_total,217.0
1741559007,kashef-k8s-ctl.memcached-rate-bcc5c97f8-xtz5g,container_cpu_cfs_periods_total,210.0
1741559007,kashef-k8s-w1.mongodb-user-6d96648ddc-pkv6k,container_cpu_cfs_periods_total,1330.0
1741559007,kashef-k8s-ctl.profile-6c9f4cc75f-gldzm,container_cpu_cfs_periods_total,244.0
1741559022,kashef-k8s-w1.jaeger-5d885bcf88-stzjn,container_cpu_cfs_periods_total,454.0
1741559022,kashef-k8s-w1.consul-56f5cf4f78-qrhkb,container_cpu_cfs_periods_total,2136.0
1741559022,kashef-k8s-w1.mongodb-profile-6bb85f4df7-rfvcl,container_cpu_cfs_periods_total,1373.0
1741559022,kashef-k8s-ctl.mongodb-rate-785b799bbc-rh26t,container_cpu_cfs_periods_total,1304.0
1741559022,kashef-k8s-w1.geo-bd9dfdb45-pmmf7,container_cpu_cfs_periods_total,489.0
1741559022,kashef-k8s-w1.mongodb-geo-86b59b75f4-grd4s,container_cpu_cfs_periods_total,1379.0
1741559022,kashef-k8s-ctl.mongodb-reservation-7b474745f-h55m7,container_cpu_cfs_periods_total,1087.0
1741559022,kashef-k8s-w1.frontend-7d9d864798-n6lsm,container_cpu_cfs_periods_total,500.0
1741559022,kashef-k8s-ctl.mongodb-recommendation-59d6b7ccf9-jnrb4,container_cpu_cfs_periods_total,1253.0
1741559022,kashef-k8s-w1.user-698454f8c4-pfgkk,container_cpu_cfs_periods_total,2000.0
1741559022,kashef-k8s-ctl.memcached-profile-7d6fcb6b8-qbcm2,container_cpu_cfs_periods_total,228.0
1741559022,kashef-k8s-ctl.memcached-rate-bcc5c97f8-xtz5g,container_cpu_cfs_periods_total,210.0
1741559022,kashef-k8s-w1.recommendation-6494d54897-js5nk,container_cpu_cfs_periods_total,492.0
1741559022,kashef-k8s-ctl.profile-6c9f4cc75f-gldzm,container_cpu_cfs_periods_total,244.0
1741559022,kashef-k8s-w1.search-8677798cf5-fsd5r,container_cpu_cfs_periods_total,456.0
1741559022,kashef-k8s-w1.mongodb-user-6d96648ddc-pkv6k,container_cpu_cfs_periods_total,1330.0
1741559022,kashef-k8s-w1.memcached-reserve-bdcb467b4-fpm4v,container_cpu_cfs_periods_total,406.0
1741559022,kashef-k8s-ctl.reservation-7799998946-chd6t,container_cpu_cfs_periods_total,217.0
1741559022,kashef-k8s-ctl.rate-66d9d98f67-459fp,container_cpu_cfs_periods_total,256.0
1741559037,kashef-k8s-ctl.rate-66d9d98f67-459fp,container_cpu_cfs_periods_total,305.0
1741559037,kashef-k8s-w1.mongodb-user-6d96648ddc-pkv6k,container_cpu_cfs_periods_total,1715.0
1741559037,kashef-k8s-w1.user-698454f8c4-pfgkk,container_cpu_cfs_periods_total,2642.0
1741559037,kashef-k8s-ctl.memcached-profile-7d6fcb6b8-qbcm2,container_cpu_cfs_periods_total,228.0
1741559037,kashef-k8s-w1.consul-56f5cf4f78-qrhkb,container_cpu_cfs_periods_total,2136.0
1741559037,kashef-k8s-w1.mongodb-geo-86b59b75f4-grd4s,container_cpu_cfs_periods_total,1379.0
1741559037,kashef-k8s-w1.jaeger-5d885bcf88-stzjn,container_cpu_cfs_periods_total,454.0
1741559037,kashef-k8s-w1.frontend-7d9d864798-n6lsm,container_cpu_cfs_periods_total,500.0
1741559037,kashef-k8s-ctl.memcached-rate-bcc5c97f8-xtz5g,container_cpu_cfs_periods_total,263.0
1741559037,kashef-k8s-w1.recommendation-6494d54897-js5nk,container_cpu_cfs_periods_total,605.0
1741559037,kashef-k8s-w1.search-8677798cf5-fsd5r,container_cpu_cfs_periods_total,456.0
1741559037,kashef-k8s-ctl.reservation-7799998946-chd6t,container_cpu_cfs_periods_total,217.0
1741559037,kashef-k8s-ctl.profile-6c9f4cc75f-gldzm,container_cpu_cfs_periods_total,304.0
1741559037,kashef-k8s-ctl.mongodb-reservation-7b474745f-h55m7,container_cpu_cfs_periods_total,1087.0
1741559037,kashef-k8s-w1.geo-bd9dfdb45-pmmf7,container_cpu_cfs_periods_total,489.0
1741559037,kashef-k8s-w1.mongodb-profile-6bb85f4df7-rfvcl,container_cpu_cfs_periods_total,1768.0
1741559037,kashef-k8s-ctl.mongodb-rate-785b799bbc-rh26t,container_cpu_cfs_periods_total,1304.0
1741559037,kashef-k8s-ctl.mongodb-recommendation-59d6b7ccf9-jnrb4,container_cpu_cfs_periods_total,1253.0
1741559037,kashef-k8s-w1.memcached-reserve-bdcb467b4-fpm4v,container_cpu_cfs_periods_total,406.0
1741559052,kashef-k8s-ctl.profile-6c9f4cc75f-gldzm,container_cpu_cfs_periods_total,304.0
1741559052,kashef-k8s-ctl.mongodb-recommendation-59d6b7ccf9-jnrb4,container_cpu_cfs_periods_total,1643.0
1741559052,kashef-k8s-w1.memcached-reserve-bdcb467b4-fpm4v,container_cpu_cfs_periods_total,614.0
1741559052,kashef-k8s-w1.geo-bd9dfdb45-pmmf7,container_cpu_cfs_periods_total,730.0
1741559052,kashef-k8s-w1.mongodb-profile-6bb85f4df7-rfvcl,container_cpu_cfs_periods_total,1768.0
1741559052,kashef-k8s-ctl.memcached-rate-bcc5c97f8-xtz5g,container_cpu_cfs_periods_total,263.0
1741559052,kashef-k8s-w1.search-8677798cf5-fsd5r,container_cpu_cfs_periods_total,665.0
1741559052,kashef-k8s-ctl.mongodb-reservation-7b474745f-h55m7,container_cpu_cfs_periods_total,1536.0
1741559052,kashef-k8s-w1.recommendation-6494d54897-js5nk,container_cpu_cfs_periods_total,605.0
1741559052,kashef-k8s-ctl.reservation-7799998946-chd6t,container_cpu_cfs_periods_total,273.0
1741559052,kashef-k8s-w1.jaeger-5d885bcf88-stzjn,container_cpu_cfs_periods_total,668.0
1741559052,kashef-k8s-w1.mongodb-geo-86b59b75f4-grd4s,container_cpu_cfs_periods_total,1880.0
1741559052,kashef-k8s-w1.user-698454f8c4-pfgkk,container_cpu_cfs_periods_total,2642.0
1741559052,kashef-k8s-ctl.memcached-profile-7d6fcb6b8-qbcm2,container_cpu_cfs_periods_total,280.0
1741559052,kashef-k8s-w1.frontend-7d9d864798-n6lsm,container_cpu_cfs_periods_total,710.0
1741559052,kashef-k8s-w1.consul-56f5cf4f78-qrhkb,container_cpu_cfs_periods_total,2906.0
1741559052,kashef-k8s-w1.mongodb-user-6d96648ddc-pkv6k,container_cpu_cfs_periods_total,1715.0
1741559052,kashef-k8s-ctl.rate-66d9d98f67-459fp,container_cpu_cfs_periods_total,305.0
1741559052,kashef-k8s-ctl.mongodb-rate-785b799bbc-rh26t,container_cpu_cfs_periods_total,1646.0
1741559067,kashef-k8s-w1.jaeger-5d885bcf88-stzjn,container_cpu_cfs_periods_total,668.0
1741559067,kashef-k8s-w1.geo-bd9dfdb45-pmmf7,container_cpu_cfs_periods_total,730.0
1741559067,kashef-k8s-w1.memcached-reserve-bdcb467b4-fpm4v,container_cpu_cfs_periods_total,614.0
1741559067,kashef-k8s-w1.consul-56f5cf4f78-qrhkb,container_cpu_cfs_periods_total,2906.0
1741559067,kashef-k8s-ctl.mongodb-reservation-7b474745f-h55m7,container_cpu_cfs_periods_total,1536.0
1741559067,kashef-k8s-ctl.mongodb-rate-785b799bbc-rh26t,container_cpu_cfs_periods_total,1646.0
1741559067,kashef-k8s-w1.recommendation-6494d54897-js5nk,container_cpu_cfs_periods_total,605.0
1741559067,kashef-k8s-ctl.reservation-7799998946-chd6t,container_cpu_cfs_periods_total,273.0
1741559067,kashef-k8s-ctl.memcached-rate-bcc5c97f8-xtz5g,container_cpu_cfs_periods_total,263.0
1741559067,kashef-k8s-w1.search-8677798cf5-fsd5r,container_cpu_cfs_periods_total,665.0
1741559067,kashef-k8s-ctl.rate-66d9d98f67-459fp,container_cpu_cfs_periods_total,305.0
1741559067,kashef-k8s-ctl.mongodb-recommendation-59d6b7ccf9-jnrb4,container_cpu_cfs_periods_total,1643.0
1741559067,kashef-k8s-ctl.profile-6c9f4cc75f-gldzm,container_cpu_cfs_periods_total,304.0
1741559067,kashef-k8s-w1.mongodb-profile-6bb85f4df7-rfvcl,container_cpu_cfs_periods_total,1768.0
1741559067,kashef-k8s-w1.user-698454f8c4-pfgkk,container_cpu_cfs_periods_total,2642.0
1741559067,kashef-k8s-ctl.memcached-profile-7d6fcb6b8-qbcm2,container_cpu_cfs_periods_total,280.0
1741559067,kashef-k8s-w1.frontend-7d9d864798-n6lsm,container_cpu_cfs_periods_total,710.0
1741559067,kashef-k8s-w1.mongodb-geo-86b59b75f4-grd4s,container_cpu_cfs_periods_total,1880.0
1741559067,kashef-k8s-w1.mongodb-user-6d96648ddc-pkv6k,container_cpu_cfs_periods_total,1715.0
1741559082,kashef-k8s-w1.search-8677798cf5-fsd5r,container_cpu_cfs_periods_total,665.0
1741559082,kashef-k8s-ctl.profile-6c9f4cc75f-gldzm,container_cpu_cfs_periods_total,304.0
1741559082,kashef-k8s-w1.recommendation-6494d54897-js5nk,container_cpu_cfs_periods_total,605.0
1741559082,kashef-k8s-w1.consul-56f5cf4f78-qrhkb,container_cpu_cfs_periods_total,2906.0
1741559082,kashef-k8s-w1.jaeger-5d885bcf88-stzjn,container_cpu_cfs_periods_total,668.0
1741559082,kashef-k8s-ctl.reservation-7799998946-chd6t,container_cpu_cfs_periods_total,273.0
1741559082,kashef-k8s-ctl.mongodb-reservation-7b474745f-h55m7,container_cpu_cfs_periods_total,1536.0
1741559082,kashef-k8s-ctl.rate-66d9d98f67-459fp,container_cpu_cfs_periods_total,305.0
1741559082,kashef-k8s-w1.frontend-7d9d864798-n6lsm,container_cpu_cfs_periods_total,710.0
1741559082,kashef-k8s-ctl.memcached-rate-bcc5c97f8-xtz5g,container_cpu_cfs_periods_total,263.0
1741559082,kashef-k8s-ctl.mongodb-rate-785b799bbc-rh26t,container_cpu_cfs_periods_total,1646.0
1741559082,kashef-k8s-w1.user-698454f8c4-pfgkk,container_cpu_cfs_periods_total,2642.0
1741559082,kashef-k8s-ctl.memcached-profile-7d6fcb6b8-qbcm2,container_cpu_cfs_periods_total,280.0
1741559082,kashef-k8s-ctl.mongodb-recommendation-59d6b7ccf9-jnrb4,container_cpu_cfs_periods_total,1643.0
1741559082,kashef-k8s-w1.mongodb-geo-86b59b75f4-grd4s,container_cpu_cfs_periods_total,1880.0
1741559082,kashef-k8s-w1.mongodb-user-6d96648ddc-pkv6k,container_cpu_cfs_periods_total,1715.0
1741559082,kashef-k8s-w1.memcached-reserve-bdcb467b4-fpm4v,container_cpu_cfs_periods_total,614.0
1741559082,kashef-k8s-w1.mongodb-profile-6bb85f4df7-rfvcl,container_cpu_cfs_periods_total,1768.0
1741559082,kashef-k8s-w1.geo-bd9dfdb45-pmmf7,container_cpu_cfs_periods_total,730.0
1741559097,kashef-k8s-w1.geo-bd9dfdb45-pmmf7,container_cpu_cfs_periods_total,730.0
1741559097,kashef-k8s-w1.mongodb-profile-6bb85f4df7-rfvcl,container_cpu_cfs_periods_total,2126.0
1741559097,kashef-k8s-w1.mongodb-geo-86b59b75f4-grd4s,container_cpu_cfs_periods_total,2092.0
1741559097,kashef-k8s-ctl.reservation-7799998946-chd6t,container_cpu_cfs_periods_total,307.0
1741559097,kashef-k8s-w1.search-8677798cf5-fsd5r,container_cpu_cfs_periods_total,716.0
1741559097,kashef-k8s-w1.mongodb-user-6d96648ddc-pkv6k,container_cpu_cfs_periods_total,1715.0
1741559097,kashef-k8s-w1.consul-56f5cf4f78-qrhkb,container_cpu_cfs_periods_total,3350.0
1741559097,kashef-k8s-ctl.mongodb-reservation-7b474745f-h55m7,container_cpu_cfs_periods_total,1536.0
1741559097,kashef-k8s-w1.jaeger-5d885bcf88-stzjn,container_cpu_cfs_periods_total,668.0
1741559097,kashef-k8s-ctl.mongodb-rate-785b799bbc-rh26t,container_cpu_cfs_periods_total,1947.0
1741559097,kashef-k8s-ctl.mongodb-recommendation-59d6b7ccf9-jnrb4,container_cpu_cfs_periods_total,1928.0
1741559097,kashef-k8s-ctl.memcached-rate-bcc5c97f8-xtz5g,container_cpu_cfs_periods_total,311.0
1741559097,kashef-k8s-w1.recommendation-6494d54897-js5nk,container_cpu_cfs_periods_total,774.0
1741559097,kashef-k8s-ctl.profile-6c9f4cc75f-gldzm,container_cpu_cfs_periods_total,356.0
1741559097,kashef-k8s-ctl.memcached-profile-7d6fcb6b8-qbcm2,container_cpu_cfs_periods_total,316.0
1741559097,kashef-k8s-w1.user-698454f8c4-pfgkk,container_cpu_cfs_periods_total,2642.0
1741559097,kashef-k8s-w1.frontend-7d9d864798-n6lsm,container_cpu_cfs_periods_total,775.0
1741559097,kashef-k8s-ctl.rate-66d9d98f67-459fp,container_cpu_cfs_periods_total,343.0
1741559097,kashef-k8s-w1.memcached-reserve-bdcb467b4-fpm4v,container_cpu_cfs_periods_total,671.0
1741559112,kashef-k8s-ctl.memcached-profile-7d6fcb6b8-qbcm2,container_cpu_cfs_periods_total,316.0
1741559112,kashef-k8s-w1.mongodb-profile-6bb85f4df7-rfvcl,container_cpu_cfs_periods_total,2126.0
1741559112,kashef-k8s-w1.mongodb-geo-86b59b75f4-grd4s,container_cpu_cfs_periods_total,2092.0
1741559112,kashef-k8s-w1.user-698454f8c4-pfgkk,container_cpu_cfs_periods_total,3318.0
1741559112,kashef-k8s-ctl.reservation-7799998946-chd6t,container_cpu_cfs_periods_total,307.0
1741559112,kashef-k8s-ctl.mongodb-rate-785b799bbc-rh26t,container_cpu_cfs_periods_total,1947.0
1741559112,kashef-k8s-w1.mongodb-user-6d96648ddc-pkv6k,container_cpu_cfs_periods_total,2154.0
1741559112,kashef-k8s-w1.search-8677798cf5-fsd5r,container_cpu_cfs_periods_total,716.0
1741559112,kashef-k8s-w1.jaeger-5d885bcf88-stzjn,container_cpu_cfs_periods_total,776.0
1741559112,kashef-k8s-ctl.profile-6c9f4cc75f-gldzm,container_cpu_cfs_periods_total,356.0
1741559112,kashef-k8s-w1.memcached-reserve-bdcb467b4-fpm4v,container_cpu_cfs_periods_total,671.0
1741559112,kashef-k8s-w1.recommendation-6494d54897-js5nk,container_cpu_cfs_periods_total,774.0
1741559112,kashef-k8s-ctl.memcached-rate-bcc5c97f8-xtz5g,container_cpu_cfs_periods_total,311.0
1741559112,kashef-k8s-ctl.mongodb-recommendation-59d6b7ccf9-jnrb4,container_cpu_cfs_periods_total,1928.0
1741559112,kashef-k8s-w1.frontend-7d9d864798-n6lsm,container_cpu_cfs_periods_total,775.0
1741559112,kashef-k8s-w1.consul-56f5cf4f78-qrhkb,container_cpu_cfs_periods_total,3350.0
1741559112,kashef-k8s-ctl.mongodb-reservation-7b474745f-h55m7,container_cpu_cfs_periods_total,1834.0
1741559112,kashef-k8s-ctl.rate-66d9d98f67-459fp,container_cpu_cfs_periods_total,343.0
1741559112,kashef-k8s-w1.geo-bd9dfdb45-pmmf7,container_cpu_cfs_periods_total,865.0
1741559127,kashef-k8s-w1.mongodb-geo-86b59b75f4-grd4s,container_cpu_cfs_periods_total,2092.0
1741559127,kashef-k8s-w1.mongodb-profile-6bb85f4df7-rfvcl,container_cpu_cfs_periods_total,2126.0
1741559127,kashef-k8s-ctl.memcached-profile-7d6fcb6b8-qbcm2,container_cpu_cfs_periods_total,316.0
1741559127,kashef-k8s-w1.jaeger-5d885bcf88-stzjn,container_cpu_cfs_periods_total,776.0
1741559127,kashef-k8s-ctl.memcached-rate-bcc5c97f8-xtz5g,container_cpu_cfs_periods_total,311.0
1741559127,kashef-k8s-w1.frontend-7d9d864798-n6lsm,container_cpu_cfs_periods_total,775.0
1741559127,kashef-k8s-ctl.profile-6c9f4cc75f-gldzm,container_cpu_cfs_periods_total,356.0
1741559127,kashef-k8s-w1.consul-56f5cf4f78-qrhkb,container_cpu_cfs_periods_total,3350.0
1741559127,kashef-k8s-ctl.mongodb-reservation-7b474745f-h55m7,container_cpu_cfs_periods_total,1834.0
1741559127,kashef-k8s-w1.recommendation-6494d54897-js5nk,container_cpu_cfs_periods_total,774.0
1741559127,kashef-k8s-w1.search-8677798cf5-fsd5r,container_cpu_cfs_periods_total,716.0
1741559127,kashef-k8s-ctl.mongodb-rate-785b799bbc-rh26t,container_cpu_cfs_periods_total,1947.0
1741559127,kashef-k8s-w1.mongodb-user-6d96648ddc-pkv6k,container_cpu_cfs_periods_total,2154.0
1741559127,kashef-k8s-w1.user-698454f8c4-pfgkk,container_cpu_cfs_periods_total,3318.0
1741559127,kashef-k8s-ctl.reservation-7799998946-chd6t,container_cpu_cfs_periods_total,307.0
1741559127,kashef-k8s-ctl.rate-66d9d98f67-459fp,container_cpu_cfs_periods_total,343.0
1741559127,kashef-k8s-w1.memcached-reserve-bdcb467b4-fpm4v,container_cpu_cfs_periods_total,671.0
1741559127,kashef-k8s-ctl.mongodb-recommendation-59d6b7ccf9-jnrb4,container_cpu_cfs_periods_total,1928.0
1741559127,kashef-k8s-w1.geo-bd9dfdb45-pmmf7,container_cpu_cfs_periods_total,865.0
1741559142,kashef-k8s-ctl.mongodb-rate-785b799bbc-rh26t,container_cpu_cfs_periods_total,1947.0
1741559142,kashef-k8s-ctl.memcached-rate-bcc5c97f8-xtz5g,container_cpu_cfs_periods_total,311.0
1741559142,kashef-k8s-w1.memcached-reserve-bdcb467b4-fpm4v,container_cpu_cfs_periods_total,671.0
1741559142,kashef-k8s-w1.geo-bd9dfdb45-pmmf7,container_cpu_cfs_periods_total,865.0
1741559142,kashef-k8s-w1.user-698454f8c4-pfgkk,container_cpu_cfs_periods_total,3318.0
1741559142,kashef-k8s-w1.search-8677798cf5-fsd5r,container_cpu_cfs_periods_total,716.0
1741559142,kashef-k8s-ctl.reservation-7799998946-chd6t,container_cpu_cfs_periods_total,307.0
1741559142,kashef-k8s-w1.recommendation-6494d54897-js5nk,container_cpu_cfs_periods_total,774.0
1741559142,kashef-k8s-w1.mongodb-geo-86b59b75f4-grd4s,container_cpu_cfs_periods_total,2092.0
1741559142,kashef-k8s-ctl.mongodb-reservation-7b474745f-h55m7,container_cpu_cfs_periods_total,1834.0
1741559142,kashef-k8s-w1.mongodb-user-6d96648ddc-pkv6k,container_cpu_cfs_periods_total,2154.0
1741559142,kashef-k8s-ctl.rate-66d9d98f67-459fp,container_cpu_cfs_periods_total,343.0
1741559142,kashef-k8s-w1.jaeger-5d885bcf88-stzjn,container_cpu_cfs_periods_total,776.0
1741559142,kashef-k8s-w1.consul-56f5cf4f78-qrhkb,container_cpu_cfs_periods_total,3350.0
1741559142,kashef-k8s-ctl.profile-6c9f4cc75f-gldzm,container_cpu_cfs_periods_total,356.0
1741559142,kashef-k8s-w1.frontend-7d9d864798-n6lsm,container_cpu_cfs_periods_total,775.0
1741559142,kashef-k8s-w1.mongodb-profile-6bb85f4df7-rfvcl,container_cpu_cfs_periods_total,2126.0
1741559142,kashef-k8s-ctl.memcached-profile-7d6fcb6b8-qbcm2,container_cpu_cfs_periods_total,316.0
1741559142,kashef-k8s-ctl.mongodb-recommendation-59d6b7ccf9-jnrb4,container_cpu_cfs_periods_total,1928.0
1741559157,kashef-k8s-w1.search-8677798cf5-fsd5r,container_cpu_cfs_periods_total,840.0
1741559157,kashef-k8s-ctl.memcached-rate-bcc5c97f8-xtz5g,container_cpu_cfs_periods_total,351.0
1741559157,kashef-k8s-ctl.mongodb-recommendation-59d6b7ccf9-jnrb4,container_cpu_cfs_periods_total,2336.0
1741559157,kashef-k8s-w1.memcached-reserve-bdcb467b4-fpm4v,container_cpu_cfs_periods_total,777.0
1741559157,kashef-k8s-w1.recommendation-6494d54897-js5nk,container_cpu_cfs_periods_total,910.0
1741559157,kashef-k8s-w1.consul-56f5cf4f78-qrhkb,container_cpu_cfs_periods_total,3972.0
1741559157,kashef-k8s-ctl.mongodb-reservation-7b474745f-h55m7,container_cpu_cfs_periods_total,1834.0
1741559157,kashef-k8s-ctl.reservation-7799998946-chd6t,container_cpu_cfs_periods_total,353.0
1741559157,kashef-k8s-ctl.profile-6c9f4cc75f-gldzm,container_cpu_cfs_periods_total,402.0
1741559157,kashef-k8s-w1.jaeger-5d885bcf88-stzjn,container_cpu_cfs_periods_total,819.0
1741559157,kashef-k8s-ctl.mongodb-rate-785b799bbc-rh26t,container_cpu_cfs_periods_total,2250.0
1741559157,kashef-k8s-w1.geo-bd9dfdb45-pmmf7,container_cpu_cfs_periods_total,946.0
1741559157,kashef-k8s-w1.mongodb-profile-6bb85f4df7-rfvcl,container_cpu_cfs_periods_total,2126.0
1741559157,kashef-k8s-w1.mongodb-geo-86b59b75f4-grd4s,container_cpu_cfs_periods_total,2501.0
1741559157,kashef-k8s-w1.frontend-7d9d864798-n6lsm,container_cpu_cfs_periods_total,885.0
1741559157,kashef-k8s-w1.mongodb-user-6d96648ddc-pkv6k,container_cpu_cfs_periods_total,2475.0
1741559157,kashef-k8s-ctl.memcached-profile-7d6fcb6b8-qbcm2,container_cpu_cfs_periods_total,364.0
1741559157,kashef-k8s-w1.user-698454f8c4-pfgkk,container_cpu_cfs_periods_total,3781.0
1741559157,kashef-k8s-ctl.rate-66d9d98f67-459fp,container_cpu_cfs_periods_total,343.0
1741559172,kashef-k8s-w1.mongodb-profile-6bb85f4df7-rfvcl,container_cpu_cfs_periods_total,2572.0
1741559172,kashef-k8s-w1.memcached-reserve-bdcb467b4-fpm4v,container_cpu_cfs_periods_total,777.0
1741559172,kashef-k8s-w1.search-8677798cf5-fsd5r,container_cpu_cfs_periods_total,840.0
1741559172,kashef-k8s-w1.consul-56f5cf4f78-qrhkb,container_cpu_cfs_periods_total,3972.0
1741559172,kashef-k8s-ctl.reservation-7799998946-chd6t,container_cpu_cfs_periods_total,353.0
1741559172,kashef-k8s-w1.frontend-7d9d864798-n6lsm,container_cpu_cfs_periods_total,885.0
1741559172,kashef-k8s-ctl.profile-6c9f4cc75f-gldzm,container_cpu_cfs_periods_total,402.0
1741559172,kashef-k8s-w1.recommendation-6494d54897-js5nk,container_cpu_cfs_periods_total,910.0
1741559172,kashef-k8s-ctl.mongodb-reservation-7b474745f-h55m7,container_cpu_cfs_periods_total,2158.0
1741559172,kashef-k8s-w1.mongodb-user-6d96648ddc-pkv6k,container_cpu_cfs_periods_total,2475.0
1741559172,kashef-k8s-w1.jaeger-5d885bcf88-stzjn,container_cpu_cfs_periods_total,819.0
1741559172,kashef-k8s-ctl.mongodb-rate-785b799bbc-rh26t,container_cpu_cfs_periods_total,2250.0
1741559172,kashef-k8s-ctl.mongodb-recommendation-59d6b7ccf9-jnrb4,container_cpu_cfs_periods_total,2336.0
1741559172,kashef-k8s-ctl.memcached-profile-7d6fcb6b8-qbcm2,container_cpu_cfs_periods_total,364.0
1741559172,kashef-k8s-w1.mongodb-geo-86b59b75f4-grd4s,container_cpu_cfs_periods_total,2501.0
1741559172,kashef-k8s-w1.user-698454f8c4-pfgkk,container_cpu_cfs_periods_total,3781.0
1741559172,kashef-k8s-ctl.memcached-rate-bcc5c97f8-xtz5g,container_cpu_cfs_periods_total,351.0
1741559172,kashef-k8s-ctl.rate-66d9d98f67-459fp,container_cpu_cfs_periods_total,395.0
1741559172,kashef-k8s-w1.geo-bd9dfdb45-pmmf7,container_cpu_cfs_periods_total,946.0
1741559187,kashef-k8s-w1.recommendation-6494d54897-js5nk,container_cpu_cfs_periods_total,910.0
1741559187,kashef-k8s-ctl.mongodb-reservation-7b474745f-h55m7,container_cpu_cfs_periods_total,2158.0
1741559187,kashef-k8s-w1.user-698454f8c4-pfgkk,container_cpu_cfs_periods_total,3781.0
1741559187,kashef-k8s-ctl.mongodb-recommendation-59d6b7ccf9-jnrb4,container_cpu_cfs_periods_total,2336.0
1741559187,kashef-k8s-ctl.memcached-rate-bcc5c97f8-xtz5g,container_cpu_cfs_periods_total,351.0
1741559187,kashef-k8s-w1.jaeger-5d885bcf88-stzjn,container_cpu_cfs_periods_total,819.0
1741559187,kashef-k8s-w1.frontend-7d9d864798-n6lsm,container_cpu_cfs_periods_total,885.0
1741559187,kashef-k8s-w1.mongodb-user-6d96648ddc-pkv6k,container_cpu_cfs_periods_total,2475.0
1741559187,kashef-k8s-w1.search-8677798cf5-fsd5r,container_cpu_cfs_periods_total,840.0
1741559187,kashef-k8s-ctl.reservation-7799998946-chd6t,container_cpu_cfs_periods_total,353.0
1741559187,kashef-k8s-w1.consul-56f5cf4f78-qrhkb,container_cpu_cfs_periods_total,3972.0
1741559187,kashef-k8s-w1.memcached-reserve-bdcb467b4-fpm4v,container_cpu_cfs_periods_total,777.0
1741559187,kashef-k8s-w1.mongodb-geo-86b59b75f4-grd4s,container_cpu_cfs_periods_total,2501.0
1741559187,kashef-k8s-ctl.profile-6c9f4cc75f-gldzm,container_cpu_cfs_periods_total,402.0
1741559187,kashef-k8s-w1.mongodb-profile-6bb85f4df7-rfvcl,container_cpu_cfs_periods_total,2572.0
1741559187,kashef-k8s-ctl.memcached-profile-7d6fcb6b8-qbcm2,container_cpu_cfs_periods_total,364.0
1741559187,kashef-k8s-ctl.rate-66d9d98f67-459fp,container_cpu_cfs_periods_total,395.0
1741559187,kashef-k8s-ctl.mongodb-rate-785b799bbc-rh26t,container_cpu_cfs_periods_total,2250.0
1741559187,kashef-k8s-w1.geo-bd9dfdb45-pmmf7,container_cpu_cfs_periods_total,946.0
1741559202,kashef-k8s-ctl.mongodb-reservation-7b474745f-h55m7,container_cpu_cfs_periods_total,2158.0
1741559202,kashef-k8s-w1.frontend-7d9d864798-n6lsm,container_cpu_cfs_periods_total,885.0
1741559202,kashef-k8s-w1.mongodb-geo-86b59b75f4-grd4s,container_cpu_cfs_periods_total,2501.0
1741559202,kashef-k8s-w1.geo-bd9dfdb45-pmmf7,container_cpu_cfs_periods_total,946.0
1741559202,kashef-k8s-w1.memcached-reserve-bdcb467b4-fpm4v,container_cpu_cfs_periods_total,777.0
1741559202,kashef-k8s-ctl.rate-66d9d98f67-459fp,container_cpu_cfs_periods_total,395.0
1741559202,kashef-k8s-w1.recommendation-6494d54897-js5nk,container_cpu_cfs_periods_total,910.0
1741559202,kashef-k8s-w1.consul-56f5cf4f78-qrhkb,container_cpu_cfs_periods_total,3972.0
1741559202,kashef-k8s-w1.search-8677798cf5-fsd5r,container_cpu_cfs_periods_total,840.0
1741559202,kashef-k8s-ctl.reservation-7799998946-chd6t,container_cpu_cfs_periods_total,353.0
1741559202,kashef-k8s-w1.jaeger-5d885bcf88-stzjn,container_cpu_cfs_periods_total,819.0
1741559202,kashef-k8s-ctl.memcached-rate-bcc5c97f8-xtz5g,container_cpu_cfs_periods_total,351.0
1741559202,kashef-k8s-ctl.memcached-profile-7d6fcb6b8-qbcm2,container_cpu_cfs_periods_total,364.0
1741559202,kashef-k8s-w1.user-698454f8c4-pfgkk,container_cpu_cfs_periods_total,3781.0
1741559202,kashef-k8s-w1.mongodb-user-6d96648ddc-pkv6k,container_cpu_cfs_periods_total,2475.0
1741559202,kashef-k8s-ctl.mongodb-recommendation-59d6b7ccf9-jnrb4,container_cpu_cfs_periods_total,2336.0
1741559202,kashef-k8s-w1.mongodb-profile-6bb85f4df7-rfvcl,container_cpu_cfs_periods_total,2572.0
1741559202,kashef-k8s-ctl.mongodb-rate-785b799bbc-rh26t,container_cpu_cfs_periods_total,2250.0
1741559202,kashef-k8s-ctl.profile-6c9f4cc75f-gldzm,container_cpu_cfs_periods_total,402.0
1741559217,kashef-k8s-w1.frontend-7d9d864798-n6lsm,container_cpu_cfs_periods_total,965.0
1741559217,kashef-k8s-w1.mongodb-user-6d96648ddc-pkv6k,container_cpu_cfs_periods_total,2882.0
1741559217,kashef-k8s-w1.consul-56f5cf4f78-qrhkb,container_cpu_cfs_periods_total,4608.0
1741559217,kashef-k8s-w1.mongodb-geo-86b59b75f4-grd4s,container_cpu_cfs_periods_total,2916.0
1741559217,kashef-k8s-ctl.profile-6c9f4cc75f-gldzm,container_cpu_cfs_periods_total,462.0
1741559217,kashef-k8s-ctl.memcached-rate-bcc5c97f8-xtz5g,container_cpu_cfs_periods_total,351.0
1741559217,kashef-k8s-ctl.memcached-profile-7d6fcb6b8-qbcm2,container_cpu_cfs_periods_total,418.0
1741559217,kashef-k8s-ctl.mongodb-rate-785b799bbc-rh26t,container_cpu_cfs_periods_total,2652.0
1741559217,kashef-k8s-ctl.mongodb-reservation-7b474745f-h55m7,container_cpu_cfs_periods_total,2158.0
1741559217,kashef-k8s-ctl.reservation-7799998946-chd6t,container_cpu_cfs_periods_total,353.0
1741559217,kashef-k8s-ctl.mongodb-recommendation-59d6b7ccf9-jnrb4,container_cpu_cfs_periods_total,2336.0
1741559217,kashef-k8s-w1.search-8677798cf5-fsd5r,container_cpu_cfs_periods_total,949.0
1741559217,kashef-k8s-w1.recommendation-6494d54897-js5nk,container_cpu_cfs_periods_total,1003.0
1741559217,kashef-k8s-w1.user-698454f8c4-pfgkk,container_cpu_cfs_periods_total,4383.0
1741559217,kashef-k8s-w1.jaeger-5d885bcf88-stzjn,container_cpu_cfs_periods_total,900.0
1741559217,kashef-k8s-w1.memcached-reserve-bdcb467b4-fpm4v,container_cpu_cfs_periods_total,901.0
1741559217,kashef-k8s-ctl.rate-66d9d98f67-459fp,container_cpu_cfs_periods_total,433.0
1741559217,kashef-k8s-w1.geo-bd9dfdb45-pmmf7,container_cpu_cfs_periods_total,946.0
1741559217,kashef-k8s-w1.mongodb-profile-6bb85f4df7-rfvcl,container_cpu_cfs_periods_total,2870.0
1741559232,kashef-k8s-w1.memcached-reserve-bdcb467b4-fpm4v,container_cpu_cfs_periods_total,901.0
1741559232,kashef-k8s-w1.geo-bd9dfdb45-pmmf7,container_cpu_cfs_periods_total,1088.0
1741559232,kashef-k8s-ctl.reservation-7799998946-chd6t,container_cpu_cfs_periods_total,404.0
1741559232,kashef-k8s-w1.mongodb-user-6d96648ddc-pkv6k,container_cpu_cfs_periods_total,2882.0
1741559232,kashef-k8s-w1.jaeger-5d885bcf88-stzjn,container_cpu_cfs_periods_total,900.0
1741559232,kashef-k8s-ctl.rate-66d9d98f67-459fp,container_cpu_cfs_periods_total,433.0
1741559232,kashef-k8s-w1.user-698454f8c4-pfgkk,container_cpu_cfs_periods_total,4383.0
1741559232,kashef-k8s-w1.frontend-7d9d864798-n6lsm,container_cpu_cfs_periods_total,965.0
1741559232,kashef-k8s-w1.recommendation-6494d54897-js5nk,container_cpu_cfs_periods_total,1003.0
1741559232,kashef-k8s-ctl.profile-6c9f4cc75f-gldzm,container_cpu_cfs_periods_total,462.0
1741559232,kashef-k8s-w1.search-8677798cf5-fsd5r,container_cpu_cfs_periods_total,949.0
1741559232,kashef-k8s-w1.mongodb-geo-86b59b75f4-grd4s,container_cpu_cfs_periods_total,2916.0
1741559232,kashef-k8s-ctl.mongodb-rate-785b799bbc-rh26t,container_cpu_cfs_periods_total,2652.0
1741559232,kashef-k8s-ctl.memcached-rate-bcc5c97f8-xtz5g,container_cpu_cfs_periods_total,407.0
1741559232,kashef-k8s-ctl.mongodb-recommendation-59d6b7ccf9-jnrb4,container_cpu_cfs_periods_total,2720.0
1741559232,kashef-k8s-w1.consul-56f5cf4f78-qrhkb,container_cpu_cfs_periods_total,4608.0
1741559232,kashef-k8s-ctl.memcached-profile-7d6fcb6b8-qbcm2,container_cpu_cfs_periods_total,418.0
1741559232,kashef-k8s-w1.mongodb-profile-6bb85f4df7-rfvcl,container_cpu_cfs_periods_total,2870.0
1741559232,kashef-k8s-ctl.mongodb-reservation-7b474745f-h55m7,container_cpu_cfs_periods_total,2443.0
1741559247,kashef-k8s-ctl.memcached-profile-7d6fcb6b8-qbcm2,container_cpu_cfs_periods_total,418.0
1741559247,kashef-k8s-w1.mongodb-user-6d96648ddc-pkv6k,container_cpu_cfs_periods_total,2882.0
1741559247,kashef-k8s-w1.frontend-7d9d864798-n6lsm,container_cpu_cfs_periods_total,965.0
1741559247,kashef-k8s-ctl.mongodb-reservation-7b474745f-h55m7,container_cpu_cfs_periods_total,2443.0
1741559247,kashef-k8s-ctl.memcached-rate-bcc5c97f8-xtz5g,container_cpu_cfs_periods_total,407.0
1741559247,kashef-k8s-w1.consul-56f5cf4f78-qrhkb,container_cpu_cfs_periods_total,4608.0
1741559247,kashef-k8s-w1.recommendation-6494d54897-js5nk,container_cpu_cfs_periods_total,1003.0
1741559247,kashef-k8s-w1.search-8677798cf5-fsd5r,container_cpu_cfs_periods_total,949.0
1741559247,kashef-k8s-w1.jaeger-5d885bcf88-stzjn,container_cpu_cfs_periods_total,900.0
1741559247,kashef-k8s-w1.user-698454f8c4-pfgkk,container_cpu_cfs_periods_total,4383.0
1741559247,kashef-k8s-ctl.reservation-7799998946-chd6t,container_cpu_cfs_periods_total,404.0
1741559247,kashef-k8s-w1.geo-bd9dfdb45-pmmf7,container_cpu_cfs_periods_total,1088.0
1741559247,kashef-k8s-w1.memcached-reserve-bdcb467b4-fpm4v,container_cpu_cfs_periods_total,901.0
1741559247,kashef-k8s-ctl.rate-66d9d98f67-459fp,container_cpu_cfs_periods_total,433.0
1741559247,kashef-k8s-w1.mongodb-profile-6bb85f4df7-rfvcl,container_cpu_cfs_periods_total,2870.0
1741559247,kashef-k8s-ctl.profile-6c9f4cc75f-gldzm,container_cpu_cfs_periods_total,462.0
1741559247,kashef-k8s-ctl.mongodb-recommendation-59d6b7ccf9-jnrb4,container_cpu_cfs_periods_total,2720.0
1741559247,kashef-k8s-ctl.mongodb-rate-785b799bbc-rh26t,container_cpu_cfs_periods_total,2652.0
1741559247,kashef-k8s-w1.mongodb-geo-86b59b75f4-grd4s,container_cpu_cfs_periods_total,2916.0
1741559262,kashef-k8s-w1.recommendation-6494d54897-js5nk,container_cpu_cfs_periods_total,1003.0
1741559262,kashef-k8s-w1.consul-56f5cf4f78-qrhkb,container_cpu_cfs_periods_total,4608.0
1741559262,kashef-k8s-w1.geo-bd9dfdb45-pmmf7,container_cpu_cfs_periods_total,1088.0
1741559262,kashef-k8s-ctl.reservation-7799998946-chd6t,container_cpu_cfs_periods_total,404.0
1741559262,kashef-k8s-w1.mongodb-user-6d96648ddc-pkv6k,container_cpu_cfs_periods_total,2882.0
1741559262,kashef-k8s-w1.search-8677798cf5-fsd5r,container_cpu_cfs_periods_total,949.0
1741559262,kashef-k8s-w1.jaeger-5d885bcf88-stzjn,container_cpu_cfs_periods_total,900.0
1741559262,kashef-k8s-w1.mongodb-geo-86b59b75f4-grd4s,container_cpu_cfs_periods_total,2916.0
1741559262,kashef-k8s-w1.frontend-7d9d864798-n6lsm,container_cpu_cfs_periods_total,965.0
1741559262,kashef-k8s-w1.user-698454f8c4-pfgkk,container_cpu_cfs_periods_total,4383.0
1741559262,kashef-k8s-ctl.mongodb-recommendation-59d6b7ccf9-jnrb4,container_cpu_cfs_periods_total,2720.0
1741559262,kashef-k8s-ctl.memcached-rate-bcc5c97f8-xtz5g,container_cpu_cfs_periods_total,407.0
1741559262,kashef-k8s-ctl.memcached-profile-7d6fcb6b8-qbcm2,container_cpu_cfs_periods_total,418.0
1741559262,kashef-k8s-ctl.profile-6c9f4cc75f-gldzm,container_cpu_cfs_periods_total,462.0
1741559262,kashef-k8s-w1.memcached-reserve-bdcb467b4-fpm4v,container_cpu_cfs_periods_total,901.0
1741559262,kashef-k8s-ctl.mongodb-rate-785b799bbc-rh26t,container_cpu_cfs_periods_total,2652.0
1741559262,kashef-k8s-ctl.mongodb-reservation-7b474745f-h55m7,container_cpu_cfs_periods_total,2443.0
1741559262,kashef-k8s-ctl.rate-66d9d98f67-459fp,container_cpu_cfs_periods_total,433.0
1741559262,kashef-k8s-w1.mongodb-profile-6bb85f4df7-rfvcl,container_cpu_cfs_periods_total,2870.0
1741559277,kashef-k8s-ctl.rate-66d9d98f67-459fp,container_cpu_cfs_periods_total,433.0
1741559277,kashef-k8s-w1.mongodb-profile-6bb85f4df7-rfvcl,container_cpu_cfs_periods_total,3317.0
1741559277,kashef-k8s-w1.memcached-reserve-bdcb467b4-fpm4v,container_cpu_cfs_periods_total,1009.0
1741559277,kashef-k8s-ctl.mongodb-reservation-7b474745f-h55m7,container_cpu_cfs_periods_total,2443.0
1741559277,kashef-k8s-ctl.mongodb-rate-785b799bbc-rh26t,container_cpu_cfs_periods_total,3014.0
1741559277,kashef-k8s-ctl.mongodb-recommendation-59d6b7ccf9-jnrb4,container_cpu_cfs_periods_total,3037.0
1741559277,kashef-k8s-ctl.profile-6c9f4cc75f-gldzm,container_cpu_cfs_periods_total,462.0
1741559277,kashef-k8s-ctl.memcached-rate-bcc5c97f8-xtz5g,container_cpu_cfs_periods_total,451.0
1741559277,kashef-k8s-w1.user-698454f8c4-pfgkk,container_cpu_cfs_periods_total,4383.0
1741559277,kashef-k8s-ctl.memcached-profile-7d6fcb6b8-qbcm2,container_cpu_cfs_periods_total,460.0
1741559277,kashef-k8s-w1.recommendation-6494d54897-js5nk,container_cpu_cfs_periods_total,1198.0
1741559277,kashef-k8s-w1.geo-bd9dfdb45-pmmf7,container_cpu_cfs_periods_total,1235.0
1741559277,kashef-k8s-w1.search-8677798cf5-fsd5r,container_cpu_cfs_periods_total,1071.0
1741559277,kashef-k8s-w1.mongodb-geo-86b59b75f4-grd4s,container_cpu_cfs_periods_total,3191.0
1741559277,kashef-k8s-w1.mongodb-user-6d96648ddc-pkv6k,container_cpu_cfs_periods_total,3256.0
1741559277,kashef-k8s-w1.consul-56f5cf4f78-qrhkb,container_cpu_cfs_periods_total,5178.0
1741559277,kashef-k8s-w1.frontend-7d9d864798-n6lsm,container_cpu_cfs_periods_total,965.0
1741559277,kashef-k8s-w1.jaeger-5d885bcf88-stzjn,container_cpu_cfs_periods_total,1065.0
1741559277,kashef-k8s-ctl.reservation-7799998946-chd6t,container_cpu_cfs_periods_total,444.0
1741559292,kashef-k8s-ctl.rate-66d9d98f67-459fp,container_cpu_cfs_periods_total,480.0
1741559292,kashef-k8s-ctl.memcached-profile-7d6fcb6b8-qbcm2,container_cpu_cfs_periods_total,460.0
1741559292,kashef-k8s-w1.user-698454f8c4-pfgkk,container_cpu_cfs_periods_total,5127.0
1741559292,kashef-k8s-w1.search-8677798cf5-fsd5r,container_cpu_cfs_periods_total,1071.0
1741559292,kashef-k8s-w1.mongodb-geo-86b59b75f4-grd4s,container_cpu_cfs_periods_total,3191.0
1741559292,kashef-k8s-w1.recommendation-6494d54897-js5nk,container_cpu_cfs_periods_total,1198.0
1741559292,kashef-k8s-ctl.profile-6c9f4cc75f-gldzm,container_cpu_cfs_periods_total,517.0
1741559292,kashef-k8s-ctl.mongodb-rate-785b799bbc-rh26t,container_cpu_cfs_periods_total,3014.0
1741559292,kashef-k8s-ctl.mongodb-reservation-7b474745f-h55m7,container_cpu_cfs_periods_total,2781.0
1741559292,kashef-k8s-ctl.mongodb-recommendation-59d6b7ccf9-jnrb4,container_cpu_cfs_periods_total,3037.0
1741559292,kashef-k8s-ctl.memcached-rate-bcc5c97f8-xtz5g,container_cpu_cfs_periods_total,451.0
1741559292,kashef-k8s-w1.memcached-reserve-bdcb467b4-fpm4v,container_cpu_cfs_periods_total,1009.0
1741559292,kashef-k8s-w1.mongodb-profile-6bb85f4df7-rfvcl,container_cpu_cfs_periods_total,3317.0
1741559292,kashef-k8s-ctl.reservation-7799998946-chd6t,container_cpu_cfs_periods_total,444.0
1741559292,kashef-k8s-w1.mongodb-user-6d96648ddc-pkv6k,container_cpu_cfs_periods_total,3256.0
1741559292,kashef-k8s-w1.frontend-7d9d864798-n6lsm,container_cpu_cfs_periods_total,1134.0
1741559292,kashef-k8s-w1.geo-bd9dfdb45-pmmf7,container_cpu_cfs_periods_total,1235.0
1741559292,kashef-k8s-w1.jaeger-5d885bcf88-stzjn,container_cpu_cfs_periods_total,1065.0
1741559292,kashef-k8s-w1.consul-56f5cf4f78-qrhkb,container_cpu_cfs_periods_total,5178.0
1741559307,kashef-k8s-ctl.profile-6c9f4cc75f-gldzm,container_cpu_cfs_periods_total,517.0
1741559307,kashef-k8s-w1.mongodb-geo-86b59b75f4-grd4s,container_cpu_cfs_periods_total,3191.0
1741559307,kashef-k8s-w1.memcached-reserve-bdcb467b4-fpm4v,container_cpu_cfs_periods_total,1009.0
1741559307,kashef-k8s-w1.geo-bd9dfdb45-pmmf7,container_cpu_cfs_periods_total,1235.0
1741559307,kashef-k8s-w1.mongodb-profile-6bb85f4df7-rfvcl,container_cpu_cfs_periods_total,3317.0
1741559307,kashef-k8s-ctl.memcached-profile-7d6fcb6b8-qbcm2,container_cpu_cfs_periods_total,460.0
1741559307,kashef-k8s-ctl.mongodb-rate-785b799bbc-rh26t,container_cpu_cfs_periods_total,3014.0
1741559307,kashef-k8s-ctl.rate-66d9d98f67-459fp,container_cpu_cfs_periods_total,480.0
1741559307,kashef-k8s-ctl.reservation-7799998946-chd6t,container_cpu_cfs_periods_total,444.0
1741559307,kashef-k8s-ctl.memcached-rate-bcc5c97f8-xtz5g,container_cpu_cfs_periods_total,451.0
1741559307,kashef-k8s-w1.recommendation-6494d54897-js5nk,container_cpu_cfs_periods_total,1198.0
1741559307,kashef-k8s-w1.search-8677798cf5-fsd5r,container_cpu_cfs_periods_total,1071.0
1741559307,kashef-k8s-w1.mongodb-user-6d96648ddc-pkv6k,container_cpu_cfs_periods_total,3256.0
1741559307,kashef-k8s-w1.frontend-7d9d864798-n6lsm,container_cpu_cfs_periods_total,1134.0
1741559307,kashef-k8s-w1.consul-56f5cf4f78-qrhkb,container_cpu_cfs_periods_total,5178.0
1741559307,kashef-k8s-ctl.mongodb-recommendation-59d6b7ccf9-jnrb4,container_cpu_cfs_periods_total,3037.0
1741559307,kashef-k8s-w1.jaeger-5d885bcf88-stzjn,container_cpu_cfs_periods_total,1065.0
1741559307,kashef-k8s-w1.user-698454f8c4-pfgkk,container_cpu_cfs_periods_total,5127.0
1741559307,kashef-k8s-ctl.mongodb-reservation-7b474745f-h55m7,container_cpu_cfs_periods_total,2781.0
1741559322,kashef-k8s-w1.mongodb-profile-6bb85f4df7-rfvcl,container_cpu_cfs_periods_total,3317.0
1741559322,kashef-k8s-w1.memcached-reserve-bdcb467b4-fpm4v,container_cpu_cfs_periods_total,1009.0
1741559322,kashef-k8s-w1.mongodb-user-6d96648ddc-pkv6k,container_cpu_cfs_periods_total,3256.0
1741559322,kashef-k8s-w1.consul-56f5cf4f78-qrhkb,container_cpu_cfs_periods_total,5660.0
1741559322,kashef-k8s-w1.frontend-7d9d864798-n6lsm,container_cpu_cfs_periods_total,1134.0
1741559322,kashef-k8s-ctl.mongodb-rate-785b799bbc-rh26t,container_cpu_cfs_periods_total,3014.0
1741559322,kashef-k8s-ctl.memcached-profile-7d6fcb6b8-qbcm2,container_cpu_cfs_periods_total,460.0
1741559322,kashef-k8s-w1.mongodb-geo-86b59b75f4-grd4s,container_cpu_cfs_periods_total,3191.0
1741559322,kashef-k8s-w1.user-698454f8c4-pfgkk,container_cpu_cfs_periods_total,5127.0
1741559322,kashef-k8s-w1.jaeger-5d885bcf88-stzjn,container_cpu_cfs_periods_total,1065.0
1741559322,kashef-k8s-ctl.reservation-7799998946-chd6t,container_cpu_cfs_periods_total,444.0
1741559322,kashef-k8s-w1.search-8677798cf5-fsd5r,container_cpu_cfs_periods_total,1071.0
1741559322,kashef-k8s-w1.recommendation-6494d54897-js5nk,container_cpu_cfs_periods_total,1198.0
1741559322,kashef-k8s-ctl.mongodb-recommendation-59d6b7ccf9-jnrb4,container_cpu_cfs_periods_total,3037.0
1741559322,kashef-k8s-ctl.profile-6c9f4cc75f-gldzm,container_cpu_cfs_periods_total,517.0
1741559322,kashef-k8s-ctl.memcached-rate-bcc5c97f8-xtz5g,container_cpu_cfs_periods_total,451.0
1741559322,kashef-k8s-ctl.mongodb-reservation-7b474745f-h55m7,container_cpu_cfs_periods_total,2781.0
1741559322,kashef-k8s-ctl.rate-66d9d98f67-459fp,container_cpu_cfs_periods_total,480.0
1741559322,kashef-k8s-w1.geo-bd9dfdb45-pmmf7,container_cpu_cfs_periods_total,1235.0
1741559337,kashef-k8s-ctl.mongodb-rate-785b799bbc-rh26t,container_cpu_cfs_periods_total,3014.0
1741559337,kashef-k8s-w1.consul-56f5cf4f78-qrhkb,container_cpu_cfs_periods_total,5660.0
1741559337,kashef-k8s-ctl.memcached-profile-7d6fcb6b8-qbcm2,container_cpu_cfs_periods_total,460.0
1741559337,kashef-k8s-w1.mongodb-geo-86b59b75f4-grd4s,container_cpu_cfs_periods_total,3191.0
1741559337,kashef-k8s-ctl.profile-6c9f4cc75f-gldzm,container_cpu_cfs_periods_total,517.0
1741559337,kashef-k8s-w1.search-8677798cf5-fsd5r,container_cpu_cfs_periods_total,1205.0
1741559337,kashef-k8s-ctl.mongodb-recommendation-59d6b7ccf9-jnrb4,container_cpu_cfs_periods_total,3037.0
1741559337,kashef-k8s-ctl.memcached-rate-bcc5c97f8-xtz5g,container_cpu_cfs_periods_total,451.0
1741559337,kashef-k8s-w1.recommendation-6494d54897-js5nk,container_cpu_cfs_periods_total,1347.0
1741559337,kashef-k8s-w1.user-698454f8c4-pfgkk,container_cpu_cfs_periods_total,5665.0
1741559337,kashef-k8s-w1.mongodb-profile-6bb85f4df7-rfvcl,container_cpu_cfs_periods_total,3317.0
1741559337,kashef-k8s-w1.mongodb-user-6d96648ddc-pkv6k,container_cpu_cfs_periods_total,3679.0
1741559337,kashef-k8s-w1.frontend-7d9d864798-n6lsm,container_cpu_cfs_periods_total,1264.0
1741559337,kashef-k8s-w1.geo-bd9dfdb45-pmmf7,container_cpu_cfs_periods_total,1386.0
1741559337,kashef-k8s-ctl.reservation-7799998946-chd6t,container_cpu_cfs_periods_total,444.0
1741559337,kashef-k8s-w1.jaeger-5d885bcf88-stzjn,container_cpu_cfs_periods_total,1199.0
1741559337,kashef-k8s-ctl.mongodb-reservation-7b474745f-h55m7,container_cpu_cfs_periods_total,2781.0
1741559337,kashef-k8s-ctl.rate-66d9d98f67-459fp,container_cpu_cfs_periods_total,480.0
1741559337,kashef-k8s-w1.memcached-reserve-bdcb467b4-fpm4v,container_cpu_cfs_periods_total,1144.0
1741559352,kashef-k8s-w1.geo-bd9dfdb45-pmmf7,container_cpu_cfs_periods_total,1386.0
1741559352,kashef-k8s-w1.user-698454f8c4-pfgkk,container_cpu_cfs_periods_total,5665.0
1741559352,kashef-k8s-ctl.profile-6c9f4cc75f-gldzm,container_cpu_cfs_periods_total,569.0
1741559352,kashef-k8s-ctl.mongodb-reservation-7b474745f-h55m7,container_cpu_cfs_periods_total,3145.0
1741559352,kashef-k8s-ctl.memcached-profile-7d6fcb6b8-qbcm2,container_cpu_cfs_periods_total,517.0
1741559352,kashef-k8s-ctl.memcached-rate-bcc5c97f8-xtz5g,container_cpu_cfs_periods_total,515.0
1741559352,kashef-k8s-ctl.rate-66d9d98f67-459fp,container_cpu_cfs_periods_total,526.0
1741559352,kashef-k8s-ctl.mongodb-recommendation-59d6b7ccf9-jnrb4,container_cpu_cfs_periods_total,3037.0
1741559352,kashef-k8s-w1.mongodb-user-6d96648ddc-pkv6k,container_cpu_cfs_periods_total,3679.0
1741559352,kashef-k8s-w1.consul-56f5cf4f78-qrhkb,container_cpu_cfs_periods_total,5660.0
1741559352,kashef-k8s-w1.mongodb-profile-6bb85f4df7-rfvcl,container_cpu_cfs_periods_total,3755.0
1741559352,kashef-k8s-w1.mongodb-geo-86b59b75f4-grd4s,container_cpu_cfs_periods_total,3716.0
1741559352,kashef-k8s-w1.recommendation-6494d54897-js5nk,container_cpu_cfs_periods_total,1347.0
1741559352,kashef-k8s-w1.search-8677798cf5-fsd5r,container_cpu_cfs_periods_total,1205.0
1741559352,kashef-k8s-ctl.mongodb-rate-785b799bbc-rh26t,container_cpu_cfs_periods_total,3419.0
1741559352,kashef-k8s-w1.jaeger-5d885bcf88-stzjn,container_cpu_cfs_periods_total,1199.0
1741559352,kashef-k8s-ctl.reservation-7799998946-chd6t,container_cpu_cfs_periods_total,508.0
1741559352,kashef-k8s-w1.memcached-reserve-bdcb467b4-fpm4v,container_cpu_cfs_periods_total,1144.0
1741559352,kashef-k8s-w1.frontend-7d9d864798-n6lsm,container_cpu_cfs_periods_total,1264.0
1741559367,kashef-k8s-ctl.memcached-rate-bcc5c97f8-xtz5g,container_cpu_cfs_periods_total,515.0
1741559367,kashef-k8s-w1.memcached-reserve-bdcb467b4-fpm4v,container_cpu_cfs_periods_total,1144.0
1741559367,kashef-k8s-w1.user-698454f8c4-pfgkk,container_cpu_cfs_periods_total,5665.0
1741559367,kashef-k8s-w1.recommendation-6494d54897-js5nk,container_cpu_cfs_periods_total,1347.0
1741559367,kashef-k8s-ctl.reservation-7799998946-chd6t,container_cpu_cfs_periods_total,508.0
1741559367,kashef-k8s-w1.frontend-7d9d864798-n6lsm,container_cpu_cfs_periods_total,1264.0
1741559367,kashef-k8s-ctl.memcached-profile-7d6fcb6b8-qbcm2,container_cpu_cfs_periods_total,517.0
1741559367,kashef-k8s-ctl.rate-66d9d98f67-459fp,container_cpu_cfs_periods_total,526.0
1741559367,kashef-k8s-w1.mongodb-profile-6bb85f4df7-rfvcl,container_cpu_cfs_periods_total,3755.0
1741559367,kashef-k8s-w1.search-8677798cf5-fsd5r,container_cpu_cfs_periods_total,1205.0
1741559367,kashef-k8s-w1.mongodb-geo-86b59b75f4-grd4s,container_cpu_cfs_periods_total,3716.0
1741559367,kashef-k8s-w1.consul-56f5cf4f78-qrhkb,container_cpu_cfs_periods_total,5660.0
1741559367,kashef-k8s-w1.jaeger-5d885bcf88-stzjn,container_cpu_cfs_periods_total,1199.0
1741559367,kashef-k8s-w1.mongodb-user-6d96648ddc-pkv6k,container_cpu_cfs_periods_total,3679.0
1741559367,kashef-k8s-ctl.mongodb-reservation-7b474745f-h55m7,container_cpu_cfs_periods_total,3145.0
1741559367,kashef-k8s-ctl.mongodb-rate-785b799bbc-rh26t,container_cpu_cfs_periods_total,3419.0
1741559367,kashef-k8s-ctl.mongodb-recommendation-59d6b7ccf9-jnrb4,container_cpu_cfs_periods_total,3506.0
1741559367,kashef-k8s-w1.geo-bd9dfdb45-pmmf7,container_cpu_cfs_periods_total,1386.0
1741559367,kashef-k8s-ctl.profile-6c9f4cc75f-gldzm,container_cpu_cfs_periods_total,569.0
1741559382,kashef-k8s-ctl.mongodb-rate-785b799bbc-rh26t,container_cpu_cfs_periods_total,3419.0
1741559382,kashef-k8s-w1.user-698454f8c4-pfgkk,container_cpu_cfs_periods_total,5665.0
1741559382,kashef-k8s-ctl.memcached-rate-bcc5c97f8-xtz5g,container_cpu_cfs_periods_total,515.0
1741559382,kashef-k8s-ctl.rate-66d9d98f67-459fp,container_cpu_cfs_periods_total,526.0
1741559382,kashef-k8s-w1.frontend-7d9d864798-n6lsm,container_cpu_cfs_periods_total,1264.0
1741559382,kashef-k8s-w1.mongodb-user-6d96648ddc-pkv6k,container_cpu_cfs_periods_total,3679.0
1741559382,kashef-k8s-w1.jaeger-5d885bcf88-stzjn,container_cpu_cfs_periods_total,1199.0
1741559382,kashef-k8s-ctl.mongodb-reservation-7b474745f-h55m7,container_cpu_cfs_periods_total,3145.0
1741559382,kashef-k8s-w1.recommendation-6494d54897-js5nk,container_cpu_cfs_periods_total,1347.0
1741559382,kashef-k8s-w1.search-8677798cf5-fsd5r,container_cpu_cfs_periods_total,1205.0
1741559382,kashef-k8s-w1.mongodb-geo-86b59b75f4-grd4s,container_cpu_cfs_periods_total,3716.0
1741559382,kashef-k8s-ctl.reservation-7799998946-chd6t,container_cpu_cfs_periods_total,508.0
1741559382,kashef-k8s-ctl.memcached-profile-7d6fcb6b8-qbcm2,container_cpu_cfs_periods_total,517.0
1741559382,kashef-k8s-ctl.mongodb-recommendation-59d6b7ccf9-jnrb4,container_cpu_cfs_periods_total,3506.0
1741559382,kashef-k8s-w1.consul-56f5cf4f78-qrhkb,container_cpu_cfs_periods_total,5660.0
1741559382,kashef-k8s-w1.memcached-reserve-bdcb467b4-fpm4v,container_cpu_cfs_periods_total,1144.0
1741559382,kashef-k8s-w1.mongodb-profile-6bb85f4df7-rfvcl,container_cpu_cfs_periods_total,3755.0
1741559382,kashef-k8s-ctl.profile-6c9f4cc75f-gldzm,container_cpu_cfs_periods_total,569.0
1741559382,kashef-k8s-w1.geo-bd9dfdb45-pmmf7,container_cpu_cfs_periods_total,1386.0
1741559397,kashef-k8s-w1.mongodb-profile-6bb85f4df7-rfvcl,container_cpu_cfs_periods_total,4173.0
1741559397,kashef-k8s-w1.memcached-reserve-bdcb467b4-fpm4v,container_cpu_cfs_periods_total,1144.0
1741559397,kashef-k8s-ctl.memcached-profile-7d6fcb6b8-qbcm2,container_cpu_cfs_periods_total,555.0
1741559397,kashef-k8s-w1.geo-bd9dfdb45-pmmf7,container_cpu_cfs_periods_total,1582.0
1741559397,kashef-k8s-ctl.mongodb-recommendation-59d6b7ccf9-jnrb4,container_cpu_cfs_periods_total,3735.0
1741559397,kashef-k8s-w1.mongodb-user-6d96648ddc-pkv6k,container_cpu_cfs_periods_total,3679.0
1741559397,kashef-k8s-w1.consul-56f5cf4f78-qrhkb,container_cpu_cfs_periods_total,5660.0
1741559397,kashef-k8s-ctl.reservation-7799998946-chd6t,container_cpu_cfs_periods_total,546.0
1741559397,kashef-k8s-w1.frontend-7d9d864798-n6lsm,container_cpu_cfs_periods_total,1264.0
1741559397,kashef-k8s-ctl.mongodb-rate-785b799bbc-rh26t,container_cpu_cfs_periods_total,3419.0
1741559397,kashef-k8s-ctl.rate-66d9d98f67-459fp,container_cpu_cfs_periods_total,526.0
1741559397,kashef-k8s-ctl.mongodb-reservation-7b474745f-h55m7,container_cpu_cfs_periods_total,3145.0
1741559397,kashef-k8s-ctl.profile-6c9f4cc75f-gldzm,container_cpu_cfs_periods_total,569.0
1741559397,kashef-k8s-w1.jaeger-5d885bcf88-stzjn,container_cpu_cfs_periods_total,1199.0
1741559397,kashef-k8s-w1.search-8677798cf5-fsd5r,container_cpu_cfs_periods_total,1398.0
1741559397,kashef-k8s-w1.recommendation-6494d54897-js5nk,container_cpu_cfs_periods_total,1347.0
1741559397,kashef-k8s-w1.user-698454f8c4-pfgkk,container_cpu_cfs_periods_total,5665.0
1741559397,kashef-k8s-ctl.memcached-rate-bcc5c97f8-xtz5g,container_cpu_cfs_periods_total,515.0
1741559397,kashef-k8s-w1.mongodb-geo-86b59b75f4-grd4s,container_cpu_cfs_periods_total,3716.0
1741559412,kashef-k8s-w1.mongodb-user-6d96648ddc-pkv6k,container_cpu_cfs_periods_total,4124.0
1741559412,kashef-k8s-ctl.mongodb-recommendation-59d6b7ccf9-jnrb4,container_cpu_cfs_periods_total,3735.0
1741559412,kashef-k8s-w1.consul-56f5cf4f78-qrhkb,container_cpu_cfs_periods_total,6522.0
1741559412,kashef-k8s-ctl.profile-6c9f4cc75f-gldzm,container_cpu_cfs_periods_total,617.0
1741559412,kashef-k8s-w1.mongodb-geo-86b59b75f4-grd4s,container_cpu_cfs_periods_total,4230.0
1741559412,kashef-k8s-w1.jaeger-5d885bcf88-stzjn,container_cpu_cfs_periods_total,1458.0
1741559412,kashef-k8s-w1.search-8677798cf5-fsd5r,container_cpu_cfs_periods_total,1398.0
1741559412,kashef-k8s-w1.recommendation-6494d54897-js5nk,container_cpu_cfs_periods_total,1550.0
1741559412,kashef-k8s-ctl.mongodb-reservation-7b474745f-h55m7,container_cpu_cfs_periods_total,3438.0
1741559412,kashef-k8s-ctl.memcached-profile-7d6fcb6b8-qbcm2,container_cpu_cfs_periods_total,555.0
1741559412,kashef-k8s-w1.mongodb-profile-6bb85f4df7-rfvcl,container_cpu_cfs_periods_total,4173.0
1741559412,kashef-k8s-w1.memcached-reserve-bdcb467b4-fpm4v,container_cpu_cfs_periods_total,1413.0
1741559412,kashef-k8s-ctl.memcached-rate-bcc5c97f8-xtz5g,container_cpu_cfs_periods_total,559.0
1741559412,kashef-k8s-ctl.mongodb-rate-785b799bbc-rh26t,container_cpu_cfs_periods_total,3804.0
1741559412,kashef-k8s-w1.frontend-7d9d864798-n6lsm,container_cpu_cfs_periods_total,1450.0
1741559412,kashef-k8s-ctl.reservation-7799998946-chd6t,container_cpu_cfs_periods_total,546.0
1741559412,kashef-k8s-w1.user-698454f8c4-pfgkk,container_cpu_cfs_periods_total,6417.0
1741559412,kashef-k8s-ctl.rate-66d9d98f67-459fp,container_cpu_cfs_periods_total,574.0
1741559412,kashef-k8s-w1.geo-bd9dfdb45-pmmf7,container_cpu_cfs_periods_total,1582.0
1741559427,kashef-k8s-w1.geo-bd9dfdb45-pmmf7,container_cpu_cfs_periods_total,1582.0
1741559427,kashef-k8s-ctl.mongodb-recommendation-59d6b7ccf9-jnrb4,container_cpu_cfs_periods_total,3735.0
1741559427,kashef-k8s-ctl.memcached-rate-bcc5c97f8-xtz5g,container_cpu_cfs_periods_total,559.0
1741559427,kashef-k8s-w1.mongodb-profile-6bb85f4df7-rfvcl,container_cpu_cfs_periods_total,4173.0
1741559427,kashef-k8s-ctl.rate-66d9d98f67-459fp,container_cpu_cfs_periods_total,574.0
1741559427,kashef-k8s-ctl.memcached-profile-7d6fcb6b8-qbcm2,container_cpu_cfs_periods_total,555.0
1741559427,kashef-k8s-ctl.reservation-7799998946-chd6t,container_cpu_cfs_periods_total,546.0
1741559427,kashef-k8s-ctl.mongodb-reservation-7b474745f-h55m7,container_cpu_cfs_periods_total,3438.0
1741559427,kashef-k8s-w1.jaeger-5d885bcf88-stzjn,container_cpu_cfs_periods_total,1458.0
1741559427,kashef-k8s-w1.mongodb-geo-86b59b75f4-grd4s,container_cpu_cfs_periods_total,4230.0
1741559427,kashef-k8s-w1.search-8677798cf5-fsd5r,container_cpu_cfs_periods_total,1398.0
1741559427,kashef-k8s-w1.memcached-reserve-bdcb467b4-fpm4v,container_cpu_cfs_periods_total,1413.0
1741559427,kashef-k8s-w1.mongodb-user-6d96648ddc-pkv6k,container_cpu_cfs_periods_total,4124.0
1741559427,kashef-k8s-w1.consul-56f5cf4f78-qrhkb,container_cpu_cfs_periods_total,6522.0
1741559427,kashef-k8s-ctl.mongodb-rate-785b799bbc-rh26t,container_cpu_cfs_periods_total,3804.0
1741559427,kashef-k8s-w1.recommendation-6494d54897-js5nk,container_cpu_cfs_periods_total,1550.0
1741559427,kashef-k8s-w1.frontend-7d9d864798-n6lsm,container_cpu_cfs_periods_total,1450.0
1741559427,kashef-k8s-w1.user-698454f8c4-pfgkk,container_cpu_cfs_periods_total,6417.0
1741559427,kashef-k8s-ctl.profile-6c9f4cc75f-gldzm,container_cpu_cfs_periods_total,617.0
1741559442,kashef-k8s-ctl.mongodb-reservation-7b474745f-h55m7,container_cpu_cfs_periods_total,3438.0
1741559442,kashef-k8s-w1.consul-56f5cf4f78-qrhkb,container_cpu_cfs_periods_total,6522.0
1741559442,kashef-k8s-ctl.mongodb-rate-785b799bbc-rh26t,container_cpu_cfs_periods_total,3804.0
1741559442,kashef-k8s-ctl.profile-6c9f4cc75f-gldzm,container_cpu_cfs_periods_total,617.0
1741559442,kashef-k8s-w1.mongodb-geo-86b59b75f4-grd4s,container_cpu_cfs_periods_total,4230.0
1741559442,kashef-k8s-ctl.reservation-7799998946-chd6t,container_cpu_cfs_periods_total,546.0
1741559442,kashef-k8s-w1.mongodb-user-6d96648ddc-pkv6k,container_cpu_cfs_periods_total,4124.0
1741559442,kashef-k8s-ctl.mongodb-recommendation-59d6b7ccf9-jnrb4,container_cpu_cfs_periods_total,3735.0
1741559442,kashef-k8s-ctl.memcached-profile-7d6fcb6b8-qbcm2,container_cpu_cfs_periods_total,555.0
1741559442,kashef-k8s-ctl.rate-66d9d98f67-459fp,container_cpu_cfs_periods_total,574.0
1741559442,kashef-k8s-w1.mongodb-profile-6bb85f4df7-rfvcl,container_cpu_cfs_periods_total,4173.0
1741559442,kashef-k8s-ctl.memcached-rate-bcc5c97f8-xtz5g,container_cpu_cfs_periods_total,559.0
1741559442,kashef-k8s-w1.geo-bd9dfdb45-pmmf7,container_cpu_cfs_periods_total,1582.0
1741559442,kashef-k8s-w1.user-698454f8c4-pfgkk,container_cpu_cfs_periods_total,6417.0
1741559442,kashef-k8s-w1.memcached-reserve-bdcb467b4-fpm4v,container_cpu_cfs_periods_total,1413.0
1741559442,kashef-k8s-w1.recommendation-6494d54897-js5nk,container_cpu_cfs_periods_total,1550.0
1741559442,kashef-k8s-w1.jaeger-5d885bcf88-stzjn,container_cpu_cfs_periods_total,1458.0
1741559442,kashef-k8s-w1.frontend-7d9d864798-n6lsm,container_cpu_cfs_periods_total,1450.0
1741559442,kashef-k8s-w1.search-8677798cf5-fsd5r,container_cpu_cfs_periods_total,1398.0
1741559457,kashef-k8s-ctl.mongodb-rate-785b799bbc-rh26t,container_cpu_cfs_periods_total,3804.0
1741559457,kashef-k8s-ctl.rate-66d9d98f67-459fp,container_cpu_cfs_periods_total,574.0
1741559457,kashef-k8s-ctl.memcached-rate-bcc5c97f8-xtz5g,container_cpu_cfs_periods_total,559.0
1741559457,kashef-k8s-ctl.memcached-profile-7d6fcb6b8-qbcm2,container_cpu_cfs_periods_total,599.0
1741559457,kashef-k8s-ctl.profile-6c9f4cc75f-gldzm,container_cpu_cfs_periods_total,652.0
1741559457,kashef-k8s-w1.geo-bd9dfdb45-pmmf7,container_cpu_cfs_periods_total,1754.0
1741559457,kashef-k8s-ctl.mongodb-reservation-7b474745f-h55m7,container_cpu_cfs_periods_total,3438.0
1741559457,kashef-k8s-w1.mongodb-geo-86b59b75f4-grd4s,container_cpu_cfs_periods_total,4525.0
1741559457,kashef-k8s-w1.mongodb-profile-6bb85f4df7-rfvcl,container_cpu_cfs_periods_total,4173.0
1741559457,kashef-k8s-w1.jaeger-5d885bcf88-stzjn,container_cpu_cfs_periods_total,1458.0
1741559457,kashef-k8s-w1.mongodb-user-6d96648ddc-pkv6k,container_cpu_cfs_periods_total,4124.0
1741559457,kashef-k8s-ctl.reservation-7799998946-chd6t,container_cpu_cfs_periods_total,546.0
1741559457,kashef-k8s-ctl.mongodb-recommendation-59d6b7ccf9-jnrb4,container_cpu_cfs_periods_total,3735.0
1741559457,kashef-k8s-w1.recommendation-6494d54897-js5nk,container_cpu_cfs_periods_total,1689.0
1741559457,kashef-k8s-w1.search-8677798cf5-fsd5r,container_cpu_cfs_periods_total,1520.0
1741559457,kashef-k8s-w1.consul-56f5cf4f78-qrhkb,container_cpu_cfs_periods_total,6952.0
1741559457,kashef-k8s-w1.user-698454f8c4-pfgkk,container_cpu_cfs_periods_total,6826.0
1741559457,kashef-k8s-w1.memcached-reserve-bdcb467b4-fpm4v,container_cpu_cfs_periods_total,1450.0
1741559457,kashef-k8s-w1.frontend-7d9d864798-n6lsm,container_cpu_cfs_periods_total,1569.0
1741559472,kashef-k8s-w1.frontend-7d9d864798-n6lsm,container_cpu_cfs_periods_total,1569.0
1741559472,kashef-k8s-w1.recommendation-6494d54897-js5nk,container_cpu_cfs_periods_total,1689.0
1741559472,kashef-k8s-w1.search-8677798cf5-fsd5r,container_cpu_cfs_periods_total,1520.0
1741559472,kashef-k8s-w1.mongodb-user-6d96648ddc-pkv6k,container_cpu_cfs_periods_total,4531.0
1741559472,kashef-k8s-ctl.mongodb-rate-785b799bbc-rh26t,container_cpu_cfs_periods_total,4115.0
1741559472,kashef-k8s-ctl.reservation-7799998946-chd6t,container_cpu_cfs_periods_total,589.0
1741559472,kashef-k8s-ctl.mongodb-recommendation-59d6b7ccf9-jnrb4,container_cpu_cfs_periods_total,4082.0
1741559472,kashef-k8s-ctl.rate-66d9d98f67-459fp,container_cpu_cfs_periods_total,616.0
1741559472,kashef-k8s-ctl.mongodb-reservation-7b474745f-h55m7,container_cpu_cfs_periods_total,3768.0
1741559472,kashef-k8s-w1.consul-56f5cf4f78-qrhkb,container_cpu_cfs_periods_total,6952.0
1741559472,kashef-k8s-w1.mongodb-profile-6bb85f4df7-rfvcl,container_cpu_cfs_periods_total,4587.0
1741559472,kashef-k8s-w1.jaeger-5d885bcf88-stzjn,container_cpu_cfs_periods_total,1522.0
1741559472,kashef-k8s-w1.mongodb-geo-86b59b75f4-grd4s,container_cpu_cfs_periods_total,4525.0
1741559472,kashef-k8s-ctl.memcached-profile-7d6fcb6b8-qbcm2,container_cpu_cfs_periods_total,599.0
1741559472,kashef-k8s-ctl.memcached-rate-bcc5c97f8-xtz5g,container_cpu_cfs_periods_total,605.0
1741559472,kashef-k8s-w1.memcached-reserve-bdcb467b4-fpm4v,container_cpu_cfs_periods_total,1450.0
1741559472,kashef-k8s-ctl.profile-6c9f4cc75f-gldzm,container_cpu_cfs_periods_total,652.0
1741559472,kashef-k8s-w1.geo-bd9dfdb45-pmmf7,container_cpu_cfs_periods_total,1754.0
1741559472,kashef-k8s-w1.user-698454f8c4-pfgkk,container_cpu_cfs_periods_total,6826.0
1741559487,kashef-k8s-w1.recommendation-6494d54897-js5nk,container_cpu_cfs_periods_total,1689.0
1741559487,kashef-k8s-ctl.mongodb-rate-785b799bbc-rh26t,container_cpu_cfs_periods_total,4115.0
1741559487,kashef-k8s-w1.search-8677798cf5-fsd5r,container_cpu_cfs_periods_total,1520.0
1741559487,kashef-k8s-w1.mongodb-user-6d96648ddc-pkv6k,container_cpu_cfs_periods_total,4531.0
1741559487,kashef-k8s-ctl.rate-66d9d98f67-459fp,container_cpu_cfs_periods_total,616.0
1741559487,kashef-k8s-ctl.mongodb-reservation-7b474745f-h55m7,container_cpu_cfs_periods_total,3768.0
1741559487,kashef-k8s-w1.mongodb-geo-86b59b75f4-grd4s,container_cpu_cfs_periods_total,4525.0
1741559487,kashef-k8s-ctl.reservation-7799998946-chd6t,container_cpu_cfs_periods_total,589.0
1741559487,kashef-k8s-ctl.mongodb-recommendation-59d6b7ccf9-jnrb4,container_cpu_cfs_periods_total,4082.0
1741559487,kashef-k8s-w1.geo-bd9dfdb45-pmmf7,container_cpu_cfs_periods_total,1754.0
1741559487,kashef-k8s-w1.frontend-7d9d864798-n6lsm,container_cpu_cfs_periods_total,1569.0
1741559487,kashef-k8s-w1.consul-56f5cf4f78-qrhkb,container_cpu_cfs_periods_total,6952.0
1741559487,kashef-k8s-w1.memcached-reserve-bdcb467b4-fpm4v,container_cpu_cfs_periods_total,1450.0
1741559487,kashef-k8s-w1.user-698454f8c4-pfgkk,container_cpu_cfs_periods_total,6826.0
1741559487,kashef-k8s-ctl.profile-6c9f4cc75f-gldzm,container_cpu_cfs_periods_total,652.0
1741559487,kashef-k8s-w1.mongodb-profile-6bb85f4df7-rfvcl,container_cpu_cfs_periods_total,4587.0
1741559487,kashef-k8s-w1.jaeger-5d885bcf88-stzjn,container_cpu_cfs_periods_total,1522.0
1741559487,kashef-k8s-ctl.memcached-profile-7d6fcb6b8-qbcm2,container_cpu_cfs_periods_total,599.0
1741559487,kashef-k8s-ctl.memcached-rate-bcc5c97f8-xtz5g,container_cpu_cfs_periods_total,605.0
1741559502,kashef-k8s-w1.geo-bd9dfdb45-pmmf7,container_cpu_cfs_periods_total,1754.0
1741559502,kashef-k8s-ctl.mongodb-reservation-7b474745f-h55m7,container_cpu_cfs_periods_total,3768.0
1741559502,kashef-k8s-ctl.profile-6c9f4cc75f-gldzm,container_cpu_cfs_periods_total,652.0
1741559502,kashef-k8s-ctl.memcached-rate-bcc5c97f8-xtz5g,container_cpu_cfs_periods_total,605.0
1741559502,kashef-k8s-w1.mongodb-user-6d96648ddc-pkv6k,container_cpu_cfs_periods_total,4803.0
1741559502,kashef-k8s-w1.recommendation-6494d54897-js5nk,container_cpu_cfs_periods_total,1689.0
1741559502,kashef-k8s-w1.consul-56f5cf4f78-qrhkb,container_cpu_cfs_periods_total,6952.0
1741559502,kashef-k8s-ctl.mongodb-rate-785b799bbc-rh26t,container_cpu_cfs_periods_total,4115.0
1741559502,kashef-k8s-w1.user-698454f8c4-pfgkk,container_cpu_cfs_periods_total,6826.0
1741559502,kashef-k8s-ctl.memcached-profile-7d6fcb6b8-qbcm2,container_cpu_cfs_periods_total,599.0
1741559502,kashef-k8s-w1.jaeger-5d885bcf88-stzjn,container_cpu_cfs_periods_total,1522.0
1741559502,kashef-k8s-w1.search-8677798cf5-fsd5r,container_cpu_cfs_periods_total,1520.0
1741559502,kashef-k8s-ctl.mongodb-recommendation-59d6b7ccf9-jnrb4,container_cpu_cfs_periods_total,4082.0
1741559502,kashef-k8s-w1.memcached-reserve-bdcb467b4-fpm4v,container_cpu_cfs_periods_total,1450.0
1741559502,kashef-k8s-w1.mongodb-geo-86b59b75f4-grd4s,container_cpu_cfs_periods_total,4525.0
1741559502,kashef-k8s-ctl.reservation-7799998946-chd6t,container_cpu_cfs_periods_total,589.0
1741559502,kashef-k8s-w1.frontend-7d9d864798-n6lsm,container_cpu_cfs_periods_total,1569.0
1741559502,kashef-k8s-w1.mongodb-profile-6bb85f4df7-rfvcl,container_cpu_cfs_periods_total,4587.0
1741559502,kashef-k8s-ctl.rate-66d9d98f67-459fp,container_cpu_cfs_periods_total,616.0
1741559517,kashef-k8s-ctl.rate-66d9d98f67-459fp,container_cpu_cfs_periods_total,616.0
1741559517,kashef-k8s-w1.memcached-reserve-bdcb467b4-fpm4v,container_cpu_cfs_periods_total,1640.0
1741559517,kashef-k8s-w1.frontend-7d9d864798-n6lsm,container_cpu_cfs_periods_total,1723.0
1741559517,kashef-k8s-ctl.reservation-7799998946-chd6t,container_cpu_cfs_periods_total,634.0
1741559517,kashef-k8s-w1.user-698454f8c4-pfgkk,container_cpu_cfs_periods_total,7504.0
1741559517,kashef-k8s-ctl.mongodb-recommendation-59d6b7ccf9-jnrb4,container_cpu_cfs_periods_total,4389.0
1741559517,kashef-k8s-w1.search-8677798cf5-fsd5r,container_cpu_cfs_periods_total,1711.0
1741559517,kashef-k8s-w1.mongodb-geo-86b59b75f4-grd4s,container_cpu_cfs_periods_total,4841.0
1741559517,kashef-k8s-w1.mongodb-profile-6bb85f4df7-rfvcl,container_cpu_cfs_periods_total,4969.0
1741559517,kashef-k8s-w1.recommendation-6494d54897-js5nk,container_cpu_cfs_periods_total,1689.0
1741559517,kashef-k8s-w1.jaeger-5d885bcf88-stzjn,container_cpu_cfs_periods_total,1636.0
1741559517,kashef-k8s-ctl.memcached-rate-bcc5c97f8-xtz5g,container_cpu_cfs_periods_total,605.0
1741559517,kashef-k8s-ctl.memcached-profile-7d6fcb6b8-qbcm2,container_cpu_cfs_periods_total,599.0
1741559517,kashef-k8s-w1.consul-56f5cf4f78-qrhkb,container_cpu_cfs_periods_total,7585.0
1741559517,kashef-k8s-w1.mongodb-user-6d96648ddc-pkv6k,container_cpu_cfs_periods_total,4803.0
1741559517,kashef-k8s-ctl.mongodb-rate-785b799bbc-rh26t,container_cpu_cfs_periods_total,4433.0
1741559517,kashef-k8s-ctl.mongodb-reservation-7b474745f-h55m7,container_cpu_cfs_periods_total,4018.0
1741559517,kashef-k8s-ctl.profile-6c9f4cc75f-gldzm,container_cpu_cfs_periods_total,700.0
1741559517,kashef-k8s-w1.geo-bd9dfdb45-pmmf7,container_cpu_cfs_periods_total,1918.0
1741559532,kashef-k8s-w1.recommendation-6494d54897-js5nk,container_cpu_cfs_periods_total,1894.0
1741559532,kashef-k8s-ctl.memcached-profile-7d6fcb6b8-qbcm2,container_cpu_cfs_periods_total,655.0
1741559532,kashef-k8s-ctl.mongodb-rate-785b799bbc-rh26t,container_cpu_cfs_periods_total,4433.0
1741559532,kashef-k8s-w1.mongodb-geo-86b59b75f4-grd4s,container_cpu_cfs_periods_total,4841.0
1741559532,kashef-k8s-w1.consul-56f5cf4f78-qrhkb,container_cpu_cfs_periods_total,7585.0
1741559532,kashef-k8s-w1.mongodb-profile-6bb85f4df7-rfvcl,container_cpu_cfs_periods_total,4969.0
1741559532,kashef-k8s-w1.user-698454f8c4-pfgkk,container_cpu_cfs_periods_total,7504.0
1741559532,kashef-k8s-ctl.mongodb-recommendation-59d6b7ccf9-jnrb4,container_cpu_cfs_periods_total,4389.0
1741559532,kashef-k8s-w1.search-8677798cf5-fsd5r,container_cpu_cfs_periods_total,1711.0
1741559532,kashef-k8s-w1.geo-bd9dfdb45-pmmf7,container_cpu_cfs_periods_total,1918.0
1741559532,kashef-k8s-ctl.reservation-7799998946-chd6t,container_cpu_cfs_periods_total,634.0
1741559532,kashef-k8s-ctl.rate-66d9d98f67-459fp,container_cpu_cfs_periods_total,658.0
1741559532,kashef-k8s-w1.frontend-7d9d864798-n6lsm,container_cpu_cfs_periods_total,1723.0
1741559532,kashef-k8s-ctl.mongodb-reservation-7b474745f-h55m7,container_cpu_cfs_periods_total,4018.0
1741559532,kashef-k8s-w1.memcached-reserve-bdcb467b4-fpm4v,container_cpu_cfs_periods_total,1640.0
1741559532,kashef-k8s-ctl.profile-6c9f4cc75f-gldzm,container_cpu_cfs_periods_total,700.0
1741559532,kashef-k8s-w1.mongodb-user-6d96648ddc-pkv6k,container_cpu_cfs_periods_total,4803.0
1741559532,kashef-k8s-ctl.memcached-rate-bcc5c97f8-xtz5g,container_cpu_cfs_periods_total,652.0
1741559532,kashef-k8s-w1.jaeger-5d885bcf88-stzjn,container_cpu_cfs_periods_total,1636.0
1741559547,kashef-k8s-w1.search-8677798cf5-fsd5r,container_cpu_cfs_periods_total,1711.0
1741559547,kashef-k8s-w1.mongodb-geo-86b59b75f4-grd4s,container_cpu_cfs_periods_total,4841.0
1741559547,kashef-k8s-ctl.memcached-profile-7d6fcb6b8-qbcm2,container_cpu_cfs_periods_total,655.0
1741559547,kashef-k8s-w1.frontend-7d9d864798-n6lsm,container_cpu_cfs_periods_total,1723.0
1741559547,kashef-k8s-ctl.rate-66d9d98f67-459fp,container_cpu_cfs_periods_total,658.0
1741559547,kashef-k8s-ctl.reservation-7799998946-chd6t,container_cpu_cfs_periods_total,634.0
1741559547,kashef-k8s-ctl.memcached-rate-bcc5c97f8-xtz5g,container_cpu_cfs_periods_total,652.0
1741559547,kashef-k8s-ctl.mongodb-recommendation-59d6b7ccf9-jnrb4,container_cpu_cfs_periods_total,4389.0
1741559547,kashef-k8s-ctl.profile-6c9f4cc75f-gldzm,container_cpu_cfs_periods_total,700.0
1741559547,kashef-k8s-w1.mongodb-profile-6bb85f4df7-rfvcl,container_cpu_cfs_periods_total,4969.0
1741559547,kashef-k8s-ctl.mongodb-rate-785b799bbc-rh26t,container_cpu_cfs_periods_total,4433.0
1741559547,kashef-k8s-w1.user-698454f8c4-pfgkk,container_cpu_cfs_periods_total,7504.0
1741559547,kashef-k8s-w1.geo-bd9dfdb45-pmmf7,container_cpu_cfs_periods_total,1918.0
1741559547,kashef-k8s-w1.jaeger-5d885bcf88-stzjn,container_cpu_cfs_periods_total,1636.0
1741559547,kashef-k8s-w1.consul-56f5cf4f78-qrhkb,container_cpu_cfs_periods_total,7585.0
1741559547,kashef-k8s-w1.recommendation-6494d54897-js5nk,container_cpu_cfs_periods_total,1894.0
1741559547,kashef-k8s-w1.mongodb-user-6d96648ddc-pkv6k,container_cpu_cfs_periods_total,4803.0
1741559547,kashef-k8s-ctl.mongodb-reservation-7b474745f-h55m7,container_cpu_cfs_periods_total,4018.0
1741559547,kashef-k8s-w1.memcached-reserve-bdcb467b4-fpm4v,container_cpu_cfs_periods_total,1640.0
1741559562,kashef-k8s-w1.search-8677798cf5-fsd5r,container_cpu_cfs_periods_total,1711.0
1741559562,kashef-k8s-w1.memcached-reserve-bdcb467b4-fpm4v,container_cpu_cfs_periods_total,1640.0
1741559562,kashef-k8s-ctl.mongodb-reservation-7b474745f-h55m7,container_cpu_cfs_periods_total,4018.0
1741559562,kashef-k8s-ctl.rate-66d9d98f67-459fp,container_cpu_cfs_periods_total,658.0
1741559562,kashef-k8s-w1.mongodb-profile-6bb85f4df7-rfvcl,container_cpu_cfs_periods_total,4969.0
1741559562,kashef-k8s-ctl.memcached-profile-7d6fcb6b8-qbcm2,container_cpu_cfs_periods_total,655.0
1741559562,kashef-k8s-ctl.reservation-7799998946-chd6t,container_cpu_cfs_periods_total,634.0
1741559562,kashef-k8s-ctl.profile-6c9f4cc75f-gldzm,container_cpu_cfs_periods_total,700.0
1741559562,kashef-k8s-w1.mongodb-geo-86b59b75f4-grd4s,container_cpu_cfs_periods_total,4841.0
1741559562,kashef-k8s-ctl.mongodb-rate-785b799bbc-rh26t,container_cpu_cfs_periods_total,4433.0
1741559562,kashef-k8s-w1.consul-56f5cf4f78-qrhkb,container_cpu_cfs_periods_total,7585.0
1741559562,kashef-k8s-w1.recommendation-6494d54897-js5nk,container_cpu_cfs_periods_total,1894.0
1741559562,kashef-k8s-ctl.mongodb-recommendation-59d6b7ccf9-jnrb4,container_cpu_cfs_periods_total,4389.0
1741559562,kashef-k8s-w1.mongodb-user-6d96648ddc-pkv6k,container_cpu_cfs_periods_total,4803.0
1741559562,kashef-k8s-ctl.memcached-rate-bcc5c97f8-xtz5g,container_cpu_cfs_periods_total,652.0
1741559562,kashef-k8s-w1.jaeger-5d885bcf88-stzjn,container_cpu_cfs_periods_total,1636.0
1741559562,kashef-k8s-w1.geo-bd9dfdb45-pmmf7,container_cpu_cfs_periods_total,1918.0
1741559562,kashef-k8s-w1.frontend-7d9d864798-n6lsm,container_cpu_cfs_periods_total,1723.0
1741559562,kashef-k8s-w1.user-698454f8c4-pfgkk,container_cpu_cfs_periods_total,7504.0
1741559577,kashef-k8s-ctl.memcached-profile-7d6fcb6b8-qbcm2,container_cpu_cfs_periods_total,691.0
1741559577,kashef-k8s-ctl.profile-6c9f4cc75f-gldzm,container_cpu_cfs_periods_total,748.0
1741559577,kashef-k8s-ctl.reservation-7799998946-chd6t,container_cpu_cfs_periods_total,634.0
1741559577,kashef-k8s-w1.search-8677798cf5-fsd5r,container_cpu_cfs_periods_total,1829.0
1741559577,kashef-k8s-w1.mongodb-profile-6bb85f4df7-rfvcl,container_cpu_cfs_periods_total,5362.0
1741559577,kashef-k8s-ctl.mongodb-recommendation-59d6b7ccf9-jnrb4,container_cpu_cfs_periods_total,4389.0
1741559577,kashef-k8s-w1.mongodb-geo-86b59b75f4-grd4s,container_cpu_cfs_periods_total,4841.0
1741559577,kashef-k8s-w1.jaeger-5d885bcf88-stzjn,container_cpu_cfs_periods_total,1808.0
1741559577,kashef-k8s-ctl.rate-66d9d98f67-459fp,container_cpu_cfs_periods_total,658.0
1741559577,kashef-k8s-ctl.memcached-rate-bcc5c97f8-xtz5g,container_cpu_cfs_periods_total,691.0
1741559577,kashef-k8s-ctl.mongodb-reservation-7b474745f-h55m7,container_cpu_cfs_periods_total,4018.0
1741559577,kashef-k8s-w1.memcached-reserve-bdcb467b4-fpm4v,container_cpu_cfs_periods_total,1770.0
1741559577,kashef-k8s-w1.recommendation-6494d54897-js5nk,container_cpu_cfs_periods_total,2022.0
1741559577,kashef-k8s-w1.consul-56f5cf4f78-qrhkb,container_cpu_cfs_periods_total,8133.0
1741559577,kashef-k8s-w1.mongodb-user-6d96648ddc-pkv6k,container_cpu_cfs_periods_total,4803.0
1741559577,kashef-k8s-ctl.mongodb-rate-785b799bbc-rh26t,container_cpu_cfs_periods_total,4769.0
1741559577,kashef-k8s-w1.user-698454f8c4-pfgkk,container_cpu_cfs_periods_total,8074.0
1741559577,kashef-k8s-w1.geo-bd9dfdb45-pmmf7,container_cpu_cfs_periods_total,2048.0
1741559577,kashef-k8s-w1.frontend-7d9d864798-n6lsm,container_cpu_cfs_periods_total,1723.0
1741559592,kashef-k8s-w1.frontend-7d9d864798-n6lsm,container_cpu_cfs_periods_total,1884.0
1741559592,kashef-k8s-ctl.mongodb-reservation-7b474745f-h55m7,container_cpu_cfs_periods_total,4418.0
1741559592,kashef-k8s-w1.mongodb-profile-6bb85f4df7-rfvcl,container_cpu_cfs_periods_total,5362.0
1741559592,kashef-k8s-w1.user-698454f8c4-pfgkk,container_cpu_cfs_periods_total,8074.0
1741559592,kashef-k8s-w1.mongodb-user-6d96648ddc-pkv6k,container_cpu_cfs_periods_total,5317.0
1741559592,kashef-k8s-ctl.mongodb-rate-785b799bbc-rh26t,container_cpu_cfs_periods_total,4769.0
1741559592,kashef-k8s-w1.geo-bd9dfdb45-pmmf7,container_cpu_cfs_periods_total,2048.0
1741559592,kashef-k8s-w1.consul-56f5cf4f78-qrhkb,container_cpu_cfs_periods_total,8133.0
1741559592,kashef-k8s-w1.recommendation-6494d54897-js5nk,container_cpu_cfs_periods_total,2022.0
1741559592,kashef-k8s-w1.mongodb-geo-86b59b75f4-grd4s,container_cpu_cfs_periods_total,5327.0
1741559592,kashef-k8s-ctl.memcached-rate-bcc5c97f8-xtz5g,container_cpu_cfs_periods_total,691.0
1741559592,kashef-k8s-ctl.reservation-7799998946-chd6t,container_cpu_cfs_periods_total,688.0
1741559592,kashef-k8s-w1.memcached-reserve-bdcb467b4-fpm4v,container_cpu_cfs_periods_total,1770.0
1741559592,kashef-k8s-ctl.profile-6c9f4cc75f-gldzm,container_cpu_cfs_periods_total,748.0
1741559592,kashef-k8s-w1.jaeger-5d885bcf88-stzjn,container_cpu_cfs_periods_total,1808.0
1741559592,kashef-k8s-ctl.rate-66d9d98f67-459fp,container_cpu_cfs_periods_total,700.0
1741559592,kashef-k8s-w1.search-8677798cf5-fsd5r,container_cpu_cfs_periods_total,1829.0
1741559592,kashef-k8s-ctl.mongodb-recommendation-59d6b7ccf9-jnrb4,container_cpu_cfs_periods_total,4784.0
1741559592,kashef-k8s-ctl.memcached-profile-7d6fcb6b8-qbcm2,container_cpu_cfs_periods_total,691.0
1741559607,kashef-k8s-ctl.mongodb-rate-785b799bbc-rh26t,container_cpu_cfs_periods_total,4769.0
1741559607,kashef-k8s-ctl.memcached-rate-bcc5c97f8-xtz5g,container_cpu_cfs_periods_total,691.0
1741559607,kashef-k8s-w1.user-698454f8c4-pfgkk,container_cpu_cfs_periods_total,8074.0
1741559607,kashef-k8s-ctl.memcached-profile-7d6fcb6b8-qbcm2,container_cpu_cfs_periods_total,691.0
1741559607,kashef-k8s-w1.memcached-reserve-bdcb467b4-fpm4v,container_cpu_cfs_periods_total,1770.0
1741559607,kashef-k8s-w1.recommendation-6494d54897-js5nk,container_cpu_cfs_periods_total,2022.0
1741559607,kashef-k8s-w1.mongodb-geo-86b59b75f4-grd4s,container_cpu_cfs_periods_total,5327.0
1741559607,kashef-k8s-w1.consul-56f5cf4f78-qrhkb,container_cpu_cfs_periods_total,8133.0
1741559607,kashef-k8s-w1.mongodb-profile-6bb85f4df7-rfvcl,container_cpu_cfs_periods_total,5362.0
1741559607,kashef-k8s-ctl.profile-6c9f4cc75f-gldzm,container_cpu_cfs_periods_total,748.0
1741559607,kashef-k8s-w1.geo-bd9dfdb45-pmmf7,container_cpu_cfs_periods_total,2048.0
1741559607,kashef-k8s-ctl.mongodb-reservation-7b474745f-h55m7,container_cpu_cfs_periods_total,4418.0
1741559607,kashef-k8s-w1.frontend-7d9d864798-n6lsm,container_cpu_cfs_periods_total,1884.0
1741559607,kashef-k8s-w1.search-8677798cf5-fsd5r,container_cpu_cfs_periods_total,1829.0
1741559607,kashef-k8s-ctl.mongodb-recommendation-59d6b7ccf9-jnrb4,container_cpu_cfs_periods_total,4784.0
1741559607,kashef-k8s-w1.mongodb-user-6d96648ddc-pkv6k,container_cpu_cfs_periods_total,5317.0
1741559607,kashef-k8s-ctl.reservation-7799998946-chd6t,container_cpu_cfs_periods_total,688.0
1741559607,kashef-k8s-w1.jaeger-5d885bcf88-stzjn,container_cpu_cfs_periods_total,1808.0
1741559607,kashef-k8s-ctl.rate-66d9d98f67-459fp,container_cpu_cfs_periods_total,700.0
1741559622,kashef-k8s-w1.mongodb-geo-86b59b75f4-grd4s,container_cpu_cfs_periods_total,5327.0
1741559622,kashef-k8s-w1.recommendation-6494d54897-js5nk,container_cpu_cfs_periods_total,2022.0
1741559622,kashef-k8s-ctl.mongodb-reservation-7b474745f-h55m7,container_cpu_cfs_periods_total,4418.0
1741559622,kashef-k8s-ctl.profile-6c9f4cc75f-gldzm,container_cpu_cfs_periods_total,748.0
1741559622,kashef-k8s-ctl.memcached-rate-bcc5c97f8-xtz5g,container_cpu_cfs_periods_total,691.0
1741559622,kashef-k8s-ctl.rate-66d9d98f67-459fp,container_cpu_cfs_periods_total,700.0
1741559622,kashef-k8s-ctl.mongodb-rate-785b799bbc-rh26t,container_cpu_cfs_periods_total,4769.0
1741559622,kashef-k8s-w1.user-698454f8c4-pfgkk,container_cpu_cfs_periods_total,8074.0
1741559622,kashef-k8s-w1.consul-56f5cf4f78-qrhkb,container_cpu_cfs_periods_total,8133.0
1741559622,kashef-k8s-w1.geo-bd9dfdb45-pmmf7,container_cpu_cfs_periods_total,2048.0
1741559622,kashef-k8s-w1.memcached-reserve-bdcb467b4-fpm4v,container_cpu_cfs_periods_total,1770.0
1741559622,kashef-k8s-ctl.reservation-7799998946-chd6t,container_cpu_cfs_periods_total,688.0
1741559622,kashef-k8s-w1.jaeger-5d885bcf88-stzjn,container_cpu_cfs_periods_total,1808.0
1741559622,kashef-k8s-w1.mongodb-user-6d96648ddc-pkv6k,container_cpu_cfs_periods_total,5317.0
1741559622,kashef-k8s-ctl.memcached-profile-7d6fcb6b8-qbcm2,container_cpu_cfs_periods_total,691.0
1741559622,kashef-k8s-ctl.mongodb-recommendation-59d6b7ccf9-jnrb4,container_cpu_cfs_periods_total,4784.0
1741559622,kashef-k8s-w1.search-8677798cf5-fsd5r,container_cpu_cfs_periods_total,1829.0
1741559622,kashef-k8s-w1.mongodb-profile-6bb85f4df7-rfvcl,container_cpu_cfs_periods_total,5362.0
1741559622,kashef-k8s-w1.frontend-7d9d864798-n6lsm,container_cpu_cfs_periods_total,1884.0
1741559637,kashef-k8s-w1.mongodb-profile-6bb85f4df7-rfvcl,container_cpu_cfs_periods_total,5772.0
1741559637,kashef-k8s-w1.frontend-7d9d864798-n6lsm,container_cpu_cfs_periods_total,1884.0
1741559637,kashef-k8s-w1.geo-bd9dfdb45-pmmf7,container_cpu_cfs_periods_total,2048.0
1741559637,kashef-k8s-ctl.mongodb-reservation-7b474745f-h55m7,container_cpu_cfs_periods_total,4418.0
1741559637,kashef-k8s-w1.memcached-reserve-bdcb467b4-fpm4v,container_cpu_cfs_periods_total,1770.0
1741559637,kashef-k8s-w1.mongodb-user-6d96648ddc-pkv6k,container_cpu_cfs_periods_total,5704.0
1741559637,kashef-k8s-w1.user-698454f8c4-pfgkk,container_cpu_cfs_periods_total,8668.0
1741559637,kashef-k8s-w1.recommendation-6494d54897-js5nk,container_cpu_cfs_periods_total,2022.0
1741559637,kashef-k8s-ctl.mongodb-recommendation-59d6b7ccf9-jnrb4,container_cpu_cfs_periods_total,4784.0
1741559637,kashef-k8s-w1.mongodb-geo-86b59b75f4-grd4s,container_cpu_cfs_periods_total,5687.0
1741559637,kashef-k8s-ctl.mongodb-rate-785b799bbc-rh26t,container_cpu_cfs_periods_total,4769.0
1741559637,kashef-k8s-ctl.rate-66d9d98f67-459fp,container_cpu_cfs_periods_total,700.0
1741559637,kashef-k8s-ctl.memcached-rate-bcc5c97f8-xtz5g,container_cpu_cfs_periods_total,745.0
1741559637,kashef-k8s-ctl.memcached-profile-7d6fcb6b8-qbcm2,container_cpu_cfs_periods_total,739.0
1741559637,kashef-k8s-w1.jaeger-5d885bcf88-stzjn,container_cpu_cfs_periods_total,1957.0
1741559637,kashef-k8s-ctl.reservation-7799998946-chd6t,container_cpu_cfs_periods_total,688.0
1741559637,kashef-k8s-ctl.profile-6c9f4cc75f-gldzm,container_cpu_cfs_periods_total,788.0
1741559637,kashef-k8s-w1.search-8677798cf5-fsd5r,container_cpu_cfs_periods_total,1972.0
1741559637,kashef-k8s-w1.consul-56f5cf4f78-qrhkb,container_cpu_cfs_periods_total,8773.0
1741559652,kashef-k8s-w1.geo-bd9dfdb45-pmmf7,container_cpu_cfs_periods_total,2223.0
1741559652,kashef-k8s-ctl.mongodb-reservation-7b474745f-h55m7,container_cpu_cfs_periods_total,4760.0
1741559652,kashef-k8s-w1.memcached-reserve-bdcb467b4-fpm4v,container_cpu_cfs_periods_total,1923.0
1741559652,kashef-k8s-w1.mongodb-user-6d96648ddc-pkv6k,container_cpu_cfs_periods_total,5704.0
1741559652,kashef-k8s-w1.mongodb-profile-6bb85f4df7-rfvcl,container_cpu_cfs_periods_total,5772.0
1741559652,kashef-k8s-w1.consul-56f5cf4f78-qrhkb,container_cpu_cfs_periods_total,8773.0
1741559652,kashef-k8s-w1.jaeger-5d885bcf88-stzjn,container_cpu_cfs_periods_total,1957.0
1741559652,kashef-k8s-ctl.reservation-7799998946-chd6t,container_cpu_cfs_periods_total,734.0
1741559652,kashef-k8s-ctl.memcached-profile-7d6fcb6b8-qbcm2,container_cpu_cfs_periods_total,739.0
1741559652,kashef-k8s-ctl.mongodb-rate-785b799bbc-rh26t,container_cpu_cfs_periods_total,5187.0
1741559652,kashef-k8s-w1.frontend-7d9d864798-n6lsm,container_cpu_cfs_periods_total,2054.0
1741559652,kashef-k8s-w1.recommendation-6494d54897-js5nk,container_cpu_cfs_periods_total,2218.0
1741559652,kashef-k8s-ctl.mongodb-recommendation-59d6b7ccf9-jnrb4,container_cpu_cfs_periods_total,5152.0
1741559652,kashef-k8s-ctl.memcached-rate-bcc5c97f8-xtz5g,container_cpu_cfs_periods_total,745.0
1741559652,kashef-k8s-ctl.rate-66d9d98f67-459fp,container_cpu_cfs_periods_total,744.0
1741559652,kashef-k8s-w1.mongodb-geo-86b59b75f4-grd4s,container_cpu_cfs_periods_total,5687.0
1741559652,kashef-k8s-ctl.profile-6c9f4cc75f-gldzm,container_cpu_cfs_periods_total,788.0
1741559652,kashef-k8s-w1.user-698454f8c4-pfgkk,container_cpu_cfs_periods_total,8668.0
1741559652,kashef-k8s-w1.search-8677798cf5-fsd5r,container_cpu_cfs_periods_total,1972.0
1741559667,kashef-k8s-w1.search-8677798cf5-fsd5r,container_cpu_cfs_periods_total,1972.0
1741559667,kashef-k8s-ctl.memcached-rate-bcc5c97f8-xtz5g,container_cpu_cfs_periods_total,745.0
1741559667,kashef-k8s-ctl.rate-66d9d98f67-459fp,container_cpu_cfs_periods_total,744.0
1741559667,kashef-k8s-w1.user-698454f8c4-pfgkk,container_cpu_cfs_periods_total,8668.0
1741559667,kashef-k8s-w1.geo-bd9dfdb45-pmmf7,container_cpu_cfs_periods_total,2223.0
1741559667,kashef-k8s-w1.consul-56f5cf4f78-qrhkb,container_cpu_cfs_periods_total,8773.0
1741559667,kashef-k8s-w1.mongodb-geo-86b59b75f4-grd4s,container_cpu_cfs_periods_total,5687.0
1741559667,kashef-k8s-ctl.mongodb-rate-785b799bbc-rh26t,container_cpu_cfs_periods_total,5187.0
1741559667,kashef-k8s-ctl.memcached-profile-7d6fcb6b8-qbcm2,container_cpu_cfs_periods_total,739.0
1741559667,kashef-k8s-w1.jaeger-5d885bcf88-stzjn,container_cpu_cfs_periods_total,1957.0
1741559667,kashef-k8s-w1.mongodb-profile-6bb85f4df7-rfvcl,container_cpu_cfs_periods_total,5772.0
1741559667,kashef-k8s-ctl.profile-6c9f4cc75f-gldzm,container_cpu_cfs_periods_total,788.0
1741559667,kashef-k8s-w1.memcached-reserve-bdcb467b4-fpm4v,container_cpu_cfs_periods_total,1923.0
1741559667,kashef-k8s-ctl.reservation-7799998946-chd6t,container_cpu_cfs_periods_total,734.0
1741559667,kashef-k8s-w1.recommendation-6494d54897-js5nk,container_cpu_cfs_periods_total,2218.0
1741559667,kashef-k8s-ctl.mongodb-recommendation-59d6b7ccf9-jnrb4,container_cpu_cfs_periods_total,5152.0
1741559667,kashef-k8s-w1.mongodb-user-6d96648ddc-pkv6k,container_cpu_cfs_periods_total,5704.0
1741559667,kashef-k8s-ctl.mongodb-reservation-7b474745f-h55m7,container_cpu_cfs_periods_total,4760.0
1741559667,kashef-k8s-w1.frontend-7d9d864798-n6lsm,container_cpu_cfs_periods_total,2054.0
1741559682,kashef-k8s-w1.consul-56f5cf4f78-qrhkb,container_cpu_cfs_periods_total,8773.0
1741559682,kashef-k8s-w1.mongodb-geo-86b59b75f4-grd4s,container_cpu_cfs_periods_total,5687.0
1741559682,kashef-k8s-w1.mongodb-profile-6bb85f4df7-rfvcl,container_cpu_cfs_periods_total,5772.0
1741559682,kashef-k8s-w1.memcached-reserve-bdcb467b4-fpm4v,container_cpu_cfs_periods_total,1923.0
1741559682,kashef-k8s-ctl.mongodb-rate-785b799bbc-rh26t,container_cpu_cfs_periods_total,5187.0
1741559682,kashef-k8s-w1.jaeger-5d885bcf88-stzjn,container_cpu_cfs_periods_total,1957.0
1741559682,kashef-k8s-w1.geo-bd9dfdb45-pmmf7,container_cpu_cfs_periods_total,2223.0
1741559682,kashef-k8s-ctl.memcached-rate-bcc5c97f8-xtz5g,container_cpu_cfs_periods_total,745.0
1741559682,kashef-k8s-ctl.rate-66d9d98f67-459fp,container_cpu_cfs_periods_total,744.0
1741559682,kashef-k8s-w1.user-698454f8c4-pfgkk,container_cpu_cfs_periods_total,8668.0
1741559682,kashef-k8s-ctl.mongodb-recommendation-59d6b7ccf9-jnrb4,container_cpu_cfs_periods_total,5152.0
1741559682,kashef-k8s-ctl.mongodb-reservation-7b474745f-h55m7,container_cpu_cfs_periods_total,4760.0
1741559682,kashef-k8s-w1.search-8677798cf5-fsd5r,container_cpu_cfs_periods_total,1972.0
1741559682,kashef-k8s-w1.mongodb-user-6d96648ddc-pkv6k,container_cpu_cfs_periods_total,5704.0
1741559682,kashef-k8s-w1.recommendation-6494d54897-js5nk,container_cpu_cfs_periods_total,2218.0
1741559682,kashef-k8s-ctl.reservation-7799998946-chd6t,container_cpu_cfs_periods_total,734.0
1741559682,kashef-k8s-w1.frontend-7d9d864798-n6lsm,container_cpu_cfs_periods_total,2054.0
1741559682,kashef-k8s-ctl.profile-6c9f4cc75f-gldzm,container_cpu_cfs_periods_total,788.0
1741559682,kashef-k8s-ctl.memcached-profile-7d6fcb6b8-qbcm2,container_cpu_cfs_periods_total,739.0
1741559697,kashef-k8s-w1.consul-56f5cf4f78-qrhkb,container_cpu_cfs_periods_total,8773.0
1741559697,kashef-k8s-w1.geo-bd9dfdb45-pmmf7,container_cpu_cfs_periods_total,2223.0
1741559697,kashef-k8s-w1.frontend-7d9d864798-n6lsm,container_cpu_cfs_periods_total,2054.0
1741559697,kashef-k8s-ctl.mongodb-recommendation-59d6b7ccf9-jnrb4,container_cpu_cfs_periods_total,5152.0
1741559697,kashef-k8s-w1.mongodb-user-6d96648ddc-pkv6k,container_cpu_cfs_periods_total,5704.0
1741559697,kashef-k8s-ctl.rate-66d9d98f67-459fp,container_cpu_cfs_periods_total,744.0
1741559697,kashef-k8s-ctl.mongodb-rate-785b799bbc-rh26t,container_cpu_cfs_periods_total,5187.0
1741559697,kashef-k8s-w1.search-8677798cf5-fsd5r,container_cpu_cfs_periods_total,1972.0
1741559697,kashef-k8s-w1.user-698454f8c4-pfgkk,container_cpu_cfs_periods_total,8668.0
1741559697,kashef-k8s-ctl.memcached-rate-bcc5c97f8-xtz5g,container_cpu_cfs_periods_total,745.0
1741559697,kashef-k8s-w1.jaeger-5d885bcf88-stzjn,container_cpu_cfs_periods_total,1957.0
1741559697,kashef-k8s-ctl.profile-6c9f4cc75f-gldzm,container_cpu_cfs_periods_total,788.0
1741559697,kashef-k8s-w1.mongodb-geo-86b59b75f4-grd4s,container_cpu_cfs_periods_total,5687.0
1741559697,kashef-k8s-w1.memcached-reserve-bdcb467b4-fpm4v,container_cpu_cfs_periods_total,1923.0
1741559697,kashef-k8s-ctl.reservation-7799998946-chd6t,container_cpu_cfs_periods_total,734.0
1741559697,kashef-k8s-ctl.memcached-profile-7d6fcb6b8-qbcm2,container_cpu_cfs_periods_total,739.0
1741559697,kashef-k8s-w1.recommendation-6494d54897-js5nk,container_cpu_cfs_periods_total,2218.0
1741559697,kashef-k8s-w1.mongodb-profile-6bb85f4df7-rfvcl,container_cpu_cfs_periods_total,5772.0
1741559697,kashef-k8s-ctl.mongodb-reservation-7b474745f-h55m7,container_cpu_cfs_periods_total,4760.0
