timestamp,cmdb_id,kpi_name,value
1741558797,kashef-k8s-w1.jaeger-5d885bcf88-stzjn,container_cpu_user_seconds_total,0.121
1741558797,kashef-k8s-ctl.reservation-7799998946-chd6t,container_cpu_user_seconds_total,0.122
1741558797,kashef-k8s-ctl.mongodb-recommendation-59d6b7ccf9-jnrb4,container_cpu_user_seconds_total,1.062
1741558797,kashef-k8s-w1.search-8677798cf5-fsd5r,container_cpu_user_seconds_total,0.119
1741558797,kashef-k8s-ctl.mongodb-rate-785b799bbc-rh26t,container_cpu_user_seconds_total,1.075
1741558797,kashef-k8s-w1.mongodb-user-6d96648ddc-pkv6k,container_cpu_user_seconds_total,1.105
1741558797,kashef-k8s-ctl.rate-66d9d98f67-459fp,container_cpu_user_seconds_total,0.163
1741558797,kashef-k8s-ctl.mongodb-reservation-7b474745f-h55m7,container_cpu_user_seconds_total,1.043
1741558797,kashef-k8s-ctl.memcached-profile-7d6fcb6b8-qbcm2,container_cpu_user_seconds_total,0.075
1741558797,kashef-k8s-w1.memcached-reserve-bdcb467b4-fpm4v,container_cpu_user_seconds_total,0.054
1741558797,kashef-k8s-w1.mongodb-profile-6bb85f4df7-rfvcl,container_cpu_user_seconds_total,1.102
1741558797,kashef-k8s-w1.mongodb-geo-86b59b75f4-grd4s,container_cpu_user_seconds_total,1.05
1741558797,kashef-k8s-w1.frontend-7d9d864798-n6lsm,container_cpu_user_seconds_total,0.157
1741558812,kashef-k8s-ctl.profile-6c9f4cc75f-gldzm,container_cpu_user_seconds_total,0.184
1741558812,kashef-k8s-w1.consul-56f5cf4f78-qrhkb,container_cpu_user_seconds_total,0.638
1741558812,kashef-k8s-w1.geo-bd9dfdb45-pmmf7,container_cpu_user_seconds_total,0.142
1741558812,kashef-k8s-ctl.mongodb-rate-785b799bbc-rh26t,container_cpu_user_seconds_total,1.075
1741558812,kashef-k8s-w1.search-8677798cf5-fsd5r,container_cpu_user_seconds_total,0.119
1741558812,kashef-k8s-ctl.memcached-rate-bcc5c97f8-xtz5g,container_cpu_user_seconds_total,0.063
1741558812,kashef-k8s-ctl.rate-66d9d98f67-459fp,container_cpu_user_seconds_total,0.163
1741558812,kashef-k8s-w1.mongodb-profile-6bb85f4df7-rfvcl,container_cpu_user_seconds_total,1.102
1741558812,kashef-k8s-w1.user-698454f8c4-pfgkk,container_cpu_user_seconds_total,3.959
1741558812,kashef-k8s-ctl.mongodb-reservation-7b474745f-h55m7,container_cpu_user_seconds_total,1.043
1741558812,kashef-k8s-w1.frontend-7d9d864798-n6lsm,container_cpu_user_seconds_total,0.157
1741558812,kashef-k8s-w1.jaeger-5d885bcf88-stzjn,container_cpu_user_seconds_total,0.121
1741558812,kashef-k8s-ctl.mongodb-recommendation-59d6b7ccf9-jnrb4,container_cpu_user_seconds_total,1.062
1741558812,kashef-k8s-ctl.memcached-profile-7d6fcb6b8-qbcm2,container_cpu_user_seconds_total,0.075
1741558812,kashef-k8s-w1.mongodb-user-6d96648ddc-pkv6k,container_cpu_user_seconds_total,1.105
1741558812,kashef-k8s-ctl.reservation-7799998946-chd6t,container_cpu_user_seconds_total,0.122
1741558812,kashef-k8s-w1.mongodb-geo-86b59b75f4-grd4s,container_cpu_user_seconds_total,1.05
1741558812,kashef-k8s-w1.memcached-reserve-bdcb467b4-fpm4v,container_cpu_user_seconds_total,0.054
1741558812,kashef-k8s-w1.recommendation-6494d54897-js5nk,container_cpu_user_seconds_total,0.107
1741558827,kashef-k8s-w1.mongodb-geo-86b59b75f4-grd4s,container_cpu_user_seconds_total,1.05
1741558827,kashef-k8s-w1.memcached-reserve-bdcb467b4-fpm4v,container_cpu_user_seconds_total,0.054
1741558827,kashef-k8s-w1.mongodb-user-6d96648ddc-pkv6k,container_cpu_user_seconds_total,1.105
1741558827,kashef-k8s-ctl.reservation-7799998946-chd6t,container_cpu_user_seconds_total,0.122
1741558827,kashef-k8s-ctl.mongodb-reservation-7b474745f-h55m7,container_cpu_user_seconds_total,1.043
1741558827,kashef-k8s-w1.frontend-7d9d864798-n6lsm,container_cpu_user_seconds_total,0.157
1741558827,kashef-k8s-ctl.profile-6c9f4cc75f-gldzm,container_cpu_user_seconds_total,0.184
1741558827,kashef-k8s-ctl.mongodb-recommendation-59d6b7ccf9-jnrb4,container_cpu_user_seconds_total,1.062
1741558827,kashef-k8s-ctl.rate-66d9d98f67-459fp,container_cpu_user_seconds_total,0.163
1741558827,kashef-k8s-w1.consul-56f5cf4f78-qrhkb,container_cpu_user_seconds_total,0.638
1741558827,kashef-k8s-w1.geo-bd9dfdb45-pmmf7,container_cpu_user_seconds_total,0.142
1741558827,kashef-k8s-w1.search-8677798cf5-fsd5r,container_cpu_user_seconds_total,0.119
1741558827,kashef-k8s-w1.mongodb-profile-6bb85f4df7-rfvcl,container_cpu_user_seconds_total,1.102
1741558827,kashef-k8s-ctl.memcached-rate-bcc5c97f8-xtz5g,container_cpu_user_seconds_total,0.063
1741558827,kashef-k8s-ctl.mongodb-rate-785b799bbc-rh26t,container_cpu_user_seconds_total,1.075
1741558827,kashef-k8s-ctl.memcached-profile-7d6fcb6b8-qbcm2,container_cpu_user_seconds_total,0.075
1741558827,kashef-k8s-w1.jaeger-5d885bcf88-stzjn,container_cpu_user_seconds_total,0.121
1741558827,kashef-k8s-w1.user-698454f8c4-pfgkk,container_cpu_user_seconds_total,3.959
1741558827,kashef-k8s-w1.recommendation-6494d54897-js5nk,container_cpu_user_seconds_total,0.107
1741558842,kashef-k8s-ctl.mongodb-reservation-7b474745f-h55m7,container_cpu_user_seconds_total,1.043
1741558842,kashef-k8s-w1.memcached-reserve-bdcb467b4-fpm4v,container_cpu_user_seconds_total,0.054
1741558842,kashef-k8s-ctl.profile-6c9f4cc75f-gldzm,container_cpu_user_seconds_total,0.184
1741558842,kashef-k8s-w1.mongodb-user-6d96648ddc-pkv6k,container_cpu_user_seconds_total,1.105
1741558842,kashef-k8s-ctl.mongodb-recommendation-59d6b7ccf9-jnrb4,container_cpu_user_seconds_total,1.062
1741558842,kashef-k8s-w1.search-8677798cf5-fsd5r,container_cpu_user_seconds_total,0.119
1741558842,kashef-k8s-ctl.memcached-rate-bcc5c97f8-xtz5g,container_cpu_user_seconds_total,0.063
1741558842,kashef-k8s-w1.frontend-7d9d864798-n6lsm,container_cpu_user_seconds_total,0.157
1741558842,kashef-k8s-ctl.mongodb-rate-785b799bbc-rh26t,container_cpu_user_seconds_total,1.075
1741558842,kashef-k8s-ctl.memcached-profile-7d6fcb6b8-qbcm2,container_cpu_user_seconds_total,0.075
1741558842,kashef-k8s-w1.geo-bd9dfdb45-pmmf7,container_cpu_user_seconds_total,0.142
1741558842,kashef-k8s-ctl.reservation-7799998946-chd6t,container_cpu_user_seconds_total,0.122
1741558842,kashef-k8s-w1.user-698454f8c4-pfgkk,container_cpu_user_seconds_total,3.959
1741558842,kashef-k8s-w1.mongodb-geo-86b59b75f4-grd4s,container_cpu_user_seconds_total,1.05
1741558842,kashef-k8s-w1.consul-56f5cf4f78-qrhkb,container_cpu_user_seconds_total,0.638
1741558842,kashef-k8s-ctl.rate-66d9d98f67-459fp,container_cpu_user_seconds_total,0.163
1741558842,kashef-k8s-w1.mongodb-profile-6bb85f4df7-rfvcl,container_cpu_user_seconds_total,1.102
1741558842,kashef-k8s-w1.recommendation-6494d54897-js5nk,container_cpu_user_seconds_total,0.107
1741558842,kashef-k8s-w1.jaeger-5d885bcf88-stzjn,container_cpu_user_seconds_total,0.203
1741558857,kashef-k8s-w1.jaeger-5d885bcf88-stzjn,container_cpu_user_seconds_total,0.203
1741558857,kashef-k8s-w1.consul-56f5cf4f78-qrhkb,container_cpu_user_seconds_total,0.638
1741558857,kashef-k8s-ctl.memcached-rate-bcc5c97f8-xtz5g,container_cpu_user_seconds_total,0.066
1741558857,kashef-k8s-ctl.mongodb-recommendation-59d6b7ccf9-jnrb4,container_cpu_user_seconds_total,1.179
1741558857,kashef-k8s-w1.search-8677798cf5-fsd5r,container_cpu_user_seconds_total,0.179
1741558857,kashef-k8s-w1.mongodb-user-6d96648ddc-pkv6k,container_cpu_user_seconds_total,1.355
1741558857,kashef-k8s-ctl.mongodb-reservation-7b474745f-h55m7,container_cpu_user_seconds_total,1.246
1741558857,kashef-k8s-w1.frontend-7d9d864798-n6lsm,container_cpu_user_seconds_total,0.274
1741558857,kashef-k8s-ctl.memcached-profile-7d6fcb6b8-qbcm2,container_cpu_user_seconds_total,0.099
1741558857,kashef-k8s-ctl.profile-6c9f4cc75f-gldzm,container_cpu_user_seconds_total,0.203
1741558857,kashef-k8s-ctl.mongodb-rate-785b799bbc-rh26t,container_cpu_user_seconds_total,1.347
1741558857,kashef-k8s-w1.mongodb-geo-86b59b75f4-grd4s,container_cpu_user_seconds_total,1.315
1741558857,kashef-k8s-w1.memcached-reserve-bdcb467b4-fpm4v,container_cpu_user_seconds_total,0.063
1741558857,kashef-k8s-w1.mongodb-profile-6bb85f4df7-rfvcl,container_cpu_user_seconds_total,1.102
1741558857,kashef-k8s-ctl.reservation-7799998946-chd6t,container_cpu_user_seconds_total,0.122
1741558857,kashef-k8s-w1.recommendation-6494d54897-js5nk,container_cpu_user_seconds_total,0.119
1741558857,kashef-k8s-ctl.rate-66d9d98f67-459fp,container_cpu_user_seconds_total,0.163
1741558857,kashef-k8s-w1.geo-bd9dfdb45-pmmf7,container_cpu_user_seconds_total,0.156
1741558857,kashef-k8s-w1.user-698454f8c4-pfgkk,container_cpu_user_seconds_total,11.339
1741558872,kashef-k8s-w1.mongodb-user-6d96648ddc-pkv6k,container_cpu_user_seconds_total,1.355
1741558872,kashef-k8s-ctl.mongodb-reservation-7b474745f-h55m7,container_cpu_user_seconds_total,1.246
1741558872,kashef-k8s-ctl.profile-6c9f4cc75f-gldzm,container_cpu_user_seconds_total,0.203
1741558872,kashef-k8s-w1.user-698454f8c4-pfgkk,container_cpu_user_seconds_total,11.339
1741558872,kashef-k8s-ctl.mongodb-rate-785b799bbc-rh26t,container_cpu_user_seconds_total,1.347
1741558872,kashef-k8s-w1.mongodb-geo-86b59b75f4-grd4s,container_cpu_user_seconds_total,1.315
1741558872,kashef-k8s-ctl.memcached-profile-7d6fcb6b8-qbcm2,container_cpu_user_seconds_total,0.099
1741558872,kashef-k8s-w1.mongodb-profile-6bb85f4df7-rfvcl,container_cpu_user_seconds_total,1.406
1741558872,kashef-k8s-ctl.memcached-rate-bcc5c97f8-xtz5g,container_cpu_user_seconds_total,0.066
1741558872,kashef-k8s-ctl.mongodb-recommendation-59d6b7ccf9-jnrb4,container_cpu_user_seconds_total,1.179
1741558872,kashef-k8s-w1.search-8677798cf5-fsd5r,container_cpu_user_seconds_total,0.179
1741558872,kashef-k8s-w1.consul-56f5cf4f78-qrhkb,container_cpu_user_seconds_total,1.293
1741558872,kashef-k8s-w1.jaeger-5d885bcf88-stzjn,container_cpu_user_seconds_total,0.203
1741558872,kashef-k8s-ctl.rate-66d9d98f67-459fp,container_cpu_user_seconds_total,0.188
1741558872,kashef-k8s-w1.memcached-reserve-bdcb467b4-fpm4v,container_cpu_user_seconds_total,0.063
1741558872,kashef-k8s-ctl.reservation-7799998946-chd6t,container_cpu_user_seconds_total,0.145
1741558872,kashef-k8s-w1.geo-bd9dfdb45-pmmf7,container_cpu_user_seconds_total,0.156
1741558872,kashef-k8s-w1.recommendation-6494d54897-js5nk,container_cpu_user_seconds_total,0.119
1741558872,kashef-k8s-w1.frontend-7d9d864798-n6lsm,container_cpu_user_seconds_total,0.274
1741558887,kashef-k8s-w1.mongodb-profile-6bb85f4df7-rfvcl,container_cpu_user_seconds_total,1.406
1741558887,kashef-k8s-ctl.memcached-profile-7d6fcb6b8-qbcm2,container_cpu_user_seconds_total,0.099
1741558887,kashef-k8s-w1.mongodb-user-6d96648ddc-pkv6k,container_cpu_user_seconds_total,1.355
1741558887,kashef-k8s-w1.user-698454f8c4-pfgkk,container_cpu_user_seconds_total,11.339
1741558887,kashef-k8s-ctl.profile-6c9f4cc75f-gldzm,container_cpu_user_seconds_total,0.203
1741558887,kashef-k8s-ctl.mongodb-reservation-7b474745f-h55m7,container_cpu_user_seconds_total,1.246
1741558887,kashef-k8s-ctl.memcached-rate-bcc5c97f8-xtz5g,container_cpu_user_seconds_total,0.066
1741558887,kashef-k8s-ctl.mongodb-recommendation-59d6b7ccf9-jnrb4,container_cpu_user_seconds_total,1.179
1741558887,kashef-k8s-w1.search-8677798cf5-fsd5r,container_cpu_user_seconds_total,0.179
1741558887,kashef-k8s-w1.consul-56f5cf4f78-qrhkb,container_cpu_user_seconds_total,1.293
1741558887,kashef-k8s-ctl.reservation-7799998946-chd6t,container_cpu_user_seconds_total,0.145
1741558887,kashef-k8s-w1.mongodb-geo-86b59b75f4-grd4s,container_cpu_user_seconds_total,1.315
1741558887,kashef-k8s-ctl.mongodb-rate-785b799bbc-rh26t,container_cpu_user_seconds_total,1.347
1741558887,kashef-k8s-w1.recommendation-6494d54897-js5nk,container_cpu_user_seconds_total,0.119
1741558887,kashef-k8s-w1.frontend-7d9d864798-n6lsm,container_cpu_user_seconds_total,0.274
1741558887,kashef-k8s-ctl.rate-66d9d98f67-459fp,container_cpu_user_seconds_total,0.188
1741558887,kashef-k8s-w1.jaeger-5d885bcf88-stzjn,container_cpu_user_seconds_total,0.203
1741558887,kashef-k8s-w1.geo-bd9dfdb45-pmmf7,container_cpu_user_seconds_total,0.156
1741558887,kashef-k8s-w1.memcached-reserve-bdcb467b4-fpm4v,container_cpu_user_seconds_total,0.063
1741558902,kashef-k8s-w1.geo-bd9dfdb45-pmmf7,container_cpu_user_seconds_total,0.156
1741558902,kashef-k8s-ctl.mongodb-rate-785b799bbc-rh26t,container_cpu_user_seconds_total,1.347
1741558902,kashef-k8s-ctl.memcached-rate-bcc5c97f8-xtz5g,container_cpu_user_seconds_total,0.066
1741558902,kashef-k8s-ctl.memcached-profile-7d6fcb6b8-qbcm2,container_cpu_user_seconds_total,0.099
1741558902,kashef-k8s-ctl.rate-66d9d98f67-459fp,container_cpu_user_seconds_total,0.188
1741558902,kashef-k8s-ctl.mongodb-recommendation-59d6b7ccf9-jnrb4,container_cpu_user_seconds_total,1.179
1741558902,kashef-k8s-ctl.mongodb-reservation-7b474745f-h55m7,container_cpu_user_seconds_total,1.246
1741558902,kashef-k8s-w1.search-8677798cf5-fsd5r,container_cpu_user_seconds_total,0.179
1741558902,kashef-k8s-w1.frontend-7d9d864798-n6lsm,container_cpu_user_seconds_total,0.274
1741558902,kashef-k8s-w1.mongodb-profile-6bb85f4df7-rfvcl,container_cpu_user_seconds_total,1.406
1741558902,kashef-k8s-w1.recommendation-6494d54897-js5nk,container_cpu_user_seconds_total,0.119
1741558902,kashef-k8s-w1.mongodb-geo-86b59b75f4-grd4s,container_cpu_user_seconds_total,1.315
1741558902,kashef-k8s-w1.consul-56f5cf4f78-qrhkb,container_cpu_user_seconds_total,1.293
1741558902,kashef-k8s-ctl.profile-6c9f4cc75f-gldzm,container_cpu_user_seconds_total,0.203
1741558902,kashef-k8s-w1.mongodb-user-6d96648ddc-pkv6k,container_cpu_user_seconds_total,1.355
1741558902,kashef-k8s-w1.jaeger-5d885bcf88-stzjn,container_cpu_user_seconds_total,0.203
1741558902,kashef-k8s-w1.memcached-reserve-bdcb467b4-fpm4v,container_cpu_user_seconds_total,0.063
1741558902,kashef-k8s-w1.user-698454f8c4-pfgkk,container_cpu_user_seconds_total,11.339
1741558902,kashef-k8s-ctl.reservation-7799998946-chd6t,container_cpu_user_seconds_total,0.145
1741558917,kashef-k8s-w1.user-698454f8c4-pfgkk,container_cpu_user_seconds_total,17.888
1741558917,kashef-k8s-w1.jaeger-5d885bcf88-stzjn,container_cpu_user_seconds_total,0.203
1741558917,kashef-k8s-ctl.mongodb-recommendation-59d6b7ccf9-jnrb4,container_cpu_user_seconds_total,1.179
1741558917,kashef-k8s-ctl.mongodb-reservation-7b474745f-h55m7,container_cpu_user_seconds_total,1.546
1741558917,kashef-k8s-ctl.memcached-profile-7d6fcb6b8-qbcm2,container_cpu_user_seconds_total,0.107
1741558917,kashef-k8s-w1.consul-56f5cf4f78-qrhkb,container_cpu_user_seconds_total,1.293
1741558917,kashef-k8s-ctl.rate-66d9d98f67-459fp,container_cpu_user_seconds_total,0.188
1741558917,kashef-k8s-w1.search-8677798cf5-fsd5r,container_cpu_user_seconds_total,0.192
1741558917,kashef-k8s-w1.mongodb-user-6d96648ddc-pkv6k,container_cpu_user_seconds_total,1.496
1741558917,kashef-k8s-ctl.memcached-rate-bcc5c97f8-xtz5g,container_cpu_user_seconds_total,0.066
1741558917,kashef-k8s-w1.geo-bd9dfdb45-pmmf7,container_cpu_user_seconds_total,0.156
1741558917,kashef-k8s-ctl.mongodb-rate-785b799bbc-rh26t,container_cpu_user_seconds_total,1.637
1741558917,kashef-k8s-w1.mongodb-profile-6bb85f4df7-rfvcl,container_cpu_user_seconds_total,1.406
1741558917,kashef-k8s-ctl.reservation-7799998946-chd6t,container_cpu_user_seconds_total,0.145
1741558917,kashef-k8s-w1.mongodb-geo-86b59b75f4-grd4s,container_cpu_user_seconds_total,1.488
1741558917,kashef-k8s-ctl.profile-6c9f4cc75f-gldzm,container_cpu_user_seconds_total,0.218
1741558917,kashef-k8s-w1.frontend-7d9d864798-n6lsm,container_cpu_user_seconds_total,0.283
1741558917,kashef-k8s-w1.recommendation-6494d54897-js5nk,container_cpu_user_seconds_total,0.123
1741558917,kashef-k8s-w1.memcached-reserve-bdcb467b4-fpm4v,container_cpu_user_seconds_total,0.067
1741558932,kashef-k8s-w1.geo-bd9dfdb45-pmmf7,container_cpu_user_seconds_total,0.164
1741558932,kashef-k8s-w1.memcached-reserve-bdcb467b4-fpm4v,container_cpu_user_seconds_total,0.067
1741558932,kashef-k8s-ctl.rate-66d9d98f67-459fp,container_cpu_user_seconds_total,0.191
1741558932,kashef-k8s-w1.recommendation-6494d54897-js5nk,container_cpu_user_seconds_total,0.123
1741558932,kashef-k8s-w1.consul-56f5cf4f78-qrhkb,container_cpu_user_seconds_total,1.595
1741558932,kashef-k8s-w1.search-8677798cf5-fsd5r,container_cpu_user_seconds_total,0.192
1741558932,kashef-k8s-ctl.memcached-rate-bcc5c97f8-xtz5g,container_cpu_user_seconds_total,0.083
1741558932,kashef-k8s-ctl.profile-6c9f4cc75f-gldzm,container_cpu_user_seconds_total,0.218
1741558932,kashef-k8s-w1.jaeger-5d885bcf88-stzjn,container_cpu_user_seconds_total,0.203
1741558932,kashef-k8s-ctl.reservation-7799998946-chd6t,container_cpu_user_seconds_total,0.153
1741558932,kashef-k8s-w1.mongodb-geo-86b59b75f4-grd4s,container_cpu_user_seconds_total,1.488
1741558932,kashef-k8s-w1.user-698454f8c4-pfgkk,container_cpu_user_seconds_total,17.888
1741558932,kashef-k8s-ctl.mongodb-recommendation-59d6b7ccf9-jnrb4,container_cpu_user_seconds_total,1.455
1741558932,kashef-k8s-ctl.memcached-profile-7d6fcb6b8-qbcm2,container_cpu_user_seconds_total,0.107
1741558932,kashef-k8s-w1.mongodb-user-6d96648ddc-pkv6k,container_cpu_user_seconds_total,1.496
1741558932,kashef-k8s-ctl.mongodb-reservation-7b474745f-h55m7,container_cpu_user_seconds_total,1.546
1741558932,kashef-k8s-w1.frontend-7d9d864798-n6lsm,container_cpu_user_seconds_total,0.283
1741558932,kashef-k8s-ctl.mongodb-rate-785b799bbc-rh26t,container_cpu_user_seconds_total,1.637
1741558932,kashef-k8s-w1.mongodb-profile-6bb85f4df7-rfvcl,container_cpu_user_seconds_total,1.526
1741558947,kashef-k8s-w1.consul-56f5cf4f78-qrhkb,container_cpu_user_seconds_total,1.595
1741558947,kashef-k8s-w1.search-8677798cf5-fsd5r,container_cpu_user_seconds_total,0.192
1741558947,kashef-k8s-ctl.memcached-rate-bcc5c97f8-xtz5g,container_cpu_user_seconds_total,0.083
1741558947,kashef-k8s-ctl.rate-66d9d98f67-459fp,container_cpu_user_seconds_total,0.191
1741558947,kashef-k8s-w1.mongodb-geo-86b59b75f4-grd4s,container_cpu_user_seconds_total,1.488
1741558947,kashef-k8s-ctl.mongodb-reservation-7b474745f-h55m7,container_cpu_user_seconds_total,1.546
1741558947,kashef-k8s-w1.jaeger-5d885bcf88-stzjn,container_cpu_user_seconds_total,0.203
1741558947,kashef-k8s-w1.mongodb-user-6d96648ddc-pkv6k,container_cpu_user_seconds_total,1.496
1741558947,kashef-k8s-ctl.memcached-profile-7d6fcb6b8-qbcm2,container_cpu_user_seconds_total,0.107
1741558947,kashef-k8s-w1.frontend-7d9d864798-n6lsm,container_cpu_user_seconds_total,0.283
1741558947,kashef-k8s-w1.geo-bd9dfdb45-pmmf7,container_cpu_user_seconds_total,0.164
1741558947,kashef-k8s-ctl.mongodb-rate-785b799bbc-rh26t,container_cpu_user_seconds_total,1.637
1741558947,kashef-k8s-w1.recommendation-6494d54897-js5nk,container_cpu_user_seconds_total,0.123
1741558947,kashef-k8s-ctl.mongodb-recommendation-59d6b7ccf9-jnrb4,container_cpu_user_seconds_total,1.455
1741558947,kashef-k8s-ctl.profile-6c9f4cc75f-gldzm,container_cpu_user_seconds_total,0.218
1741558947,kashef-k8s-w1.user-698454f8c4-pfgkk,container_cpu_user_seconds_total,17.888
1741558947,kashef-k8s-ctl.reservation-7799998946-chd6t,container_cpu_user_seconds_total,0.153
1741558947,kashef-k8s-w1.mongodb-profile-6bb85f4df7-rfvcl,container_cpu_user_seconds_total,1.526
1741558947,kashef-k8s-w1.memcached-reserve-bdcb467b4-fpm4v,container_cpu_user_seconds_total,0.067
1741558962,kashef-k8s-w1.memcached-reserve-bdcb467b4-fpm4v,container_cpu_user_seconds_total,0.067
1741558962,kashef-k8s-w1.geo-bd9dfdb45-pmmf7,container_cpu_user_seconds_total,0.164
1741558962,kashef-k8s-w1.jaeger-5d885bcf88-stzjn,container_cpu_user_seconds_total,0.203
1741558962,kashef-k8s-w1.frontend-7d9d864798-n6lsm,container_cpu_user_seconds_total,0.283
1741558962,kashef-k8s-w1.mongodb-user-6d96648ddc-pkv6k,container_cpu_user_seconds_total,1.496
1741558962,kashef-k8s-w1.search-8677798cf5-fsd5r,container_cpu_user_seconds_total,0.192
1741558962,kashef-k8s-ctl.profile-6c9f4cc75f-gldzm,container_cpu_user_seconds_total,0.218
1741558962,kashef-k8s-ctl.mongodb-recommendation-59d6b7ccf9-jnrb4,container_cpu_user_seconds_total,1.455
1741558962,kashef-k8s-ctl.memcached-profile-7d6fcb6b8-qbcm2,container_cpu_user_seconds_total,0.107
1741558962,kashef-k8s-w1.recommendation-6494d54897-js5nk,container_cpu_user_seconds_total,0.123
1741558962,kashef-k8s-ctl.mongodb-reservation-7b474745f-h55m7,container_cpu_user_seconds_total,1.546
1741558962,kashef-k8s-ctl.reservation-7799998946-chd6t,container_cpu_user_seconds_total,0.153
1741558962,kashef-k8s-ctl.memcached-rate-bcc5c97f8-xtz5g,container_cpu_user_seconds_total,0.083
1741558962,kashef-k8s-ctl.rate-66d9d98f67-459fp,container_cpu_user_seconds_total,0.191
1741558962,kashef-k8s-w1.consul-56f5cf4f78-qrhkb,container_cpu_user_seconds_total,1.595
1741558962,kashef-k8s-w1.mongodb-geo-86b59b75f4-grd4s,container_cpu_user_seconds_total,1.488
1741558962,kashef-k8s-w1.mongodb-profile-6bb85f4df7-rfvcl,container_cpu_user_seconds_total,1.526
1741558962,kashef-k8s-ctl.mongodb-rate-785b799bbc-rh26t,container_cpu_user_seconds_total,1.637
1741558962,kashef-k8s-w1.user-698454f8c4-pfgkk,container_cpu_user_seconds_total,17.888
1741558977,kashef-k8s-w1.mongodb-user-6d96648ddc-pkv6k,container_cpu_user_seconds_total,1.496
1741558977,kashef-k8s-w1.memcached-reserve-bdcb467b4-fpm4v,container_cpu_user_seconds_total,0.067
1741558977,kashef-k8s-w1.mongodb-geo-86b59b75f4-grd4s,container_cpu_user_seconds_total,1.488
1741558977,kashef-k8s-ctl.mongodb-recommendation-59d6b7ccf9-jnrb4,container_cpu_user_seconds_total,1.7
1741558977,kashef-k8s-ctl.profile-6c9f4cc75f-gldzm,container_cpu_user_seconds_total,0.218
1741558977,kashef-k8s-ctl.memcached-rate-bcc5c97f8-xtz5g,container_cpu_user_seconds_total,0.087
1741558977,kashef-k8s-ctl.mongodb-reservation-7b474745f-h55m7,container_cpu_user_seconds_total,1.847
1741558977,kashef-k8s-w1.search-8677798cf5-fsd5r,container_cpu_user_seconds_total,0.192
1741558977,kashef-k8s-w1.consul-56f5cf4f78-qrhkb,container_cpu_user_seconds_total,1.604
1741558977,kashef-k8s-ctl.memcached-profile-7d6fcb6b8-qbcm2,container_cpu_user_seconds_total,0.113
1741558977,kashef-k8s-w1.mongodb-profile-6bb85f4df7-rfvcl,container_cpu_user_seconds_total,1.526
1741558977,kashef-k8s-w1.frontend-7d9d864798-n6lsm,container_cpu_user_seconds_total,0.283
1741558977,kashef-k8s-w1.jaeger-5d885bcf88-stzjn,container_cpu_user_seconds_total,0.203
1741558977,kashef-k8s-ctl.reservation-7799998946-chd6t,container_cpu_user_seconds_total,0.154
1741558977,kashef-k8s-ctl.rate-66d9d98f67-459fp,container_cpu_user_seconds_total,0.2
1741558977,kashef-k8s-w1.geo-bd9dfdb45-pmmf7,container_cpu_user_seconds_total,0.18
1741558977,kashef-k8s-w1.recommendation-6494d54897-js5nk,container_cpu_user_seconds_total,0.123
1741558977,kashef-k8s-w1.user-698454f8c4-pfgkk,container_cpu_user_seconds_total,21.395
1741558977,kashef-k8s-ctl.mongodb-rate-785b799bbc-rh26t,container_cpu_user_seconds_total,1.637
1741558992,kashef-k8s-w1.memcached-reserve-bdcb467b4-fpm4v,container_cpu_user_seconds_total,0.067
1741558992,kashef-k8s-w1.geo-bd9dfdb45-pmmf7,container_cpu_user_seconds_total,0.18
1741558992,kashef-k8s-w1.mongodb-profile-6bb85f4df7-rfvcl,container_cpu_user_seconds_total,1.526
1741558992,kashef-k8s-ctl.mongodb-recommendation-59d6b7ccf9-jnrb4,container_cpu_user_seconds_total,1.7
1741558992,kashef-k8s-w1.recommendation-6494d54897-js5nk,container_cpu_user_seconds_total,0.123
1741558992,kashef-k8s-ctl.mongodb-rate-785b799bbc-rh26t,container_cpu_user_seconds_total,1.978
1741558992,kashef-k8s-w1.user-698454f8c4-pfgkk,container_cpu_user_seconds_total,21.395
1741558992,kashef-k8s-w1.mongodb-geo-86b59b75f4-grd4s,container_cpu_user_seconds_total,1.488
1741558992,kashef-k8s-w1.consul-56f5cf4f78-qrhkb,container_cpu_user_seconds_total,1.604
1741558992,kashef-k8s-w1.frontend-7d9d864798-n6lsm,container_cpu_user_seconds_total,0.283
1741558992,kashef-k8s-w1.jaeger-5d885bcf88-stzjn,container_cpu_user_seconds_total,0.203
1741558992,kashef-k8s-w1.mongodb-user-6d96648ddc-pkv6k,container_cpu_user_seconds_total,1.496
1741558992,kashef-k8s-ctl.memcached-rate-bcc5c97f8-xtz5g,container_cpu_user_seconds_total,0.087
1741558992,kashef-k8s-w1.search-8677798cf5-fsd5r,container_cpu_user_seconds_total,0.197
1741558992,kashef-k8s-ctl.profile-6c9f4cc75f-gldzm,container_cpu_user_seconds_total,0.233
1741558992,kashef-k8s-ctl.memcached-profile-7d6fcb6b8-qbcm2,container_cpu_user_seconds_total,0.113
1741558992,kashef-k8s-ctl.rate-66d9d98f67-459fp,container_cpu_user_seconds_total,0.2
1741558992,kashef-k8s-ctl.mongodb-reservation-7b474745f-h55m7,container_cpu_user_seconds_total,1.847
1741558992,kashef-k8s-ctl.reservation-7799998946-chd6t,container_cpu_user_seconds_total,0.154
1741559007,kashef-k8s-w1.recommendation-6494d54897-js5nk,container_cpu_user_seconds_total,0.123
1741559007,kashef-k8s-w1.mongodb-geo-86b59b75f4-grd4s,container_cpu_user_seconds_total,1.488
1741559007,kashef-k8s-w1.jaeger-5d885bcf88-stzjn,container_cpu_user_seconds_total,0.203
1741559007,kashef-k8s-ctl.mongodb-reservation-7b474745f-h55m7,container_cpu_user_seconds_total,1.847
1741559007,kashef-k8s-w1.search-8677798cf5-fsd5r,container_cpu_user_seconds_total,0.197
1741559007,kashef-k8s-ctl.memcached-profile-7d6fcb6b8-qbcm2,container_cpu_user_seconds_total,0.113
1741559007,kashef-k8s-w1.consul-56f5cf4f78-qrhkb,container_cpu_user_seconds_total,1.604
1741559007,kashef-k8s-w1.frontend-7d9d864798-n6lsm,container_cpu_user_seconds_total,0.283
1741559007,kashef-k8s-w1.mongodb-profile-6bb85f4df7-rfvcl,container_cpu_user_seconds_total,1.526
1741559007,kashef-k8s-w1.user-698454f8c4-pfgkk,container_cpu_user_seconds_total,21.395
1741559007,kashef-k8s-ctl.mongodb-recommendation-59d6b7ccf9-jnrb4,container_cpu_user_seconds_total,1.7
1741559007,kashef-k8s-ctl.mongodb-rate-785b799bbc-rh26t,container_cpu_user_seconds_total,1.978
1741559007,kashef-k8s-w1.geo-bd9dfdb45-pmmf7,container_cpu_user_seconds_total,0.18
1741559007,kashef-k8s-w1.memcached-reserve-bdcb467b4-fpm4v,container_cpu_user_seconds_total,0.067
1741559007,kashef-k8s-ctl.rate-66d9d98f67-459fp,container_cpu_user_seconds_total,0.2
1741559007,kashef-k8s-ctl.reservation-7799998946-chd6t,container_cpu_user_seconds_total,0.154
1741559007,kashef-k8s-ctl.memcached-rate-bcc5c97f8-xtz5g,container_cpu_user_seconds_total,0.087
1741559007,kashef-k8s-w1.mongodb-user-6d96648ddc-pkv6k,container_cpu_user_seconds_total,1.496
1741559007,kashef-k8s-ctl.profile-6c9f4cc75f-gldzm,container_cpu_user_seconds_total,0.233
1741559022,kashef-k8s-w1.jaeger-5d885bcf88-stzjn,container_cpu_user_seconds_total,0.203
1741559022,kashef-k8s-w1.consul-56f5cf4f78-qrhkb,container_cpu_user_seconds_total,1.604
1741559022,kashef-k8s-w1.mongodb-profile-6bb85f4df7-rfvcl,container_cpu_user_seconds_total,1.526
1741559022,kashef-k8s-ctl.mongodb-rate-785b799bbc-rh26t,container_cpu_user_seconds_total,1.978
1741559022,kashef-k8s-w1.geo-bd9dfdb45-pmmf7,container_cpu_user_seconds_total,0.18
1741559022,kashef-k8s-w1.mongodb-geo-86b59b75f4-grd4s,container_cpu_user_seconds_total,1.488
1741559022,kashef-k8s-ctl.mongodb-reservation-7b474745f-h55m7,container_cpu_user_seconds_total,1.847
1741559022,kashef-k8s-w1.frontend-7d9d864798-n6lsm,container_cpu_user_seconds_total,0.283
1741559022,kashef-k8s-ctl.mongodb-recommendation-59d6b7ccf9-jnrb4,container_cpu_user_seconds_total,1.7
1741559022,kashef-k8s-w1.user-698454f8c4-pfgkk,container_cpu_user_seconds_total,21.395
1741559022,kashef-k8s-ctl.memcached-profile-7d6fcb6b8-qbcm2,container_cpu_user_seconds_total,0.113
1741559022,kashef-k8s-ctl.memcached-rate-bcc5c97f8-xtz5g,container_cpu_user_seconds_total,0.087
1741559022,kashef-k8s-w1.recommendation-6494d54897-js5nk,container_cpu_user_seconds_total,0.123
1741559022,kashef-k8s-ctl.profile-6c9f4cc75f-gldzm,container_cpu_user_seconds_total,0.233
1741559022,kashef-k8s-w1.search-8677798cf5-fsd5r,container_cpu_user_seconds_total,0.197
1741559022,kashef-k8s-w1.mongodb-user-6d96648ddc-pkv6k,container_cpu_user_seconds_total,1.496
1741559022,kashef-k8s-w1.memcached-reserve-bdcb467b4-fpm4v,container_cpu_user_seconds_total,0.067
1741559022,kashef-k8s-ctl.reservation-7799998946-chd6t,container_cpu_user_seconds_total,0.154
1741559022,kashef-k8s-ctl.rate-66d9d98f67-459fp,container_cpu_user_seconds_total,0.2
1741559037,kashef-k8s-ctl.rate-66d9d98f67-459fp,container_cpu_user_seconds_total,0.21
1741559037,kashef-k8s-w1.mongodb-user-6d96648ddc-pkv6k,container_cpu_user_seconds_total,1.496
1741559037,kashef-k8s-w1.user-698454f8c4-pfgkk,container_cpu_user_seconds_total,27.286
1741559037,kashef-k8s-ctl.memcached-profile-7d6fcb6b8-qbcm2,container_cpu_user_seconds_total,0.113
1741559037,kashef-k8s-w1.consul-56f5cf4f78-qrhkb,container_cpu_user_seconds_total,1.604
1741559037,kashef-k8s-w1.mongodb-geo-86b59b75f4-grd4s,container_cpu_user_seconds_total,1.488
1741559037,kashef-k8s-w1.jaeger-5d885bcf88-stzjn,container_cpu_user_seconds_total,0.203
1741559037,kashef-k8s-w1.frontend-7d9d864798-n6lsm,container_cpu_user_seconds_total,0.283
1741559037,kashef-k8s-ctl.memcached-rate-bcc5c97f8-xtz5g,container_cpu_user_seconds_total,0.095
1741559037,kashef-k8s-w1.recommendation-6494d54897-js5nk,container_cpu_user_seconds_total,0.124
1741559037,kashef-k8s-w1.search-8677798cf5-fsd5r,container_cpu_user_seconds_total,0.197
1741559037,kashef-k8s-ctl.reservation-7799998946-chd6t,container_cpu_user_seconds_total,0.154
1741559037,kashef-k8s-ctl.profile-6c9f4cc75f-gldzm,container_cpu_user_seconds_total,0.251
1741559037,kashef-k8s-ctl.mongodb-reservation-7b474745f-h55m7,container_cpu_user_seconds_total,1.847
1741559037,kashef-k8s-w1.geo-bd9dfdb45-pmmf7,container_cpu_user_seconds_total,0.18
1741559037,kashef-k8s-w1.mongodb-profile-6bb85f4df7-rfvcl,container_cpu_user_seconds_total,1.526
1741559037,kashef-k8s-ctl.mongodb-rate-785b799bbc-rh26t,container_cpu_user_seconds_total,1.978
1741559037,kashef-k8s-ctl.mongodb-recommendation-59d6b7ccf9-jnrb4,container_cpu_user_seconds_total,1.7
1741559037,kashef-k8s-w1.memcached-reserve-bdcb467b4-fpm4v,container_cpu_user_seconds_total,0.067
1741559052,kashef-k8s-ctl.profile-6c9f4cc75f-gldzm,container_cpu_user_seconds_total,0.251
1741559052,kashef-k8s-ctl.mongodb-recommendation-59d6b7ccf9-jnrb4,container_cpu_user_seconds_total,2.003
1741559052,kashef-k8s-w1.memcached-reserve-bdcb467b4-fpm4v,container_cpu_user_seconds_total,0.067
1741559052,kashef-k8s-w1.geo-bd9dfdb45-pmmf7,container_cpu_user_seconds_total,0.212
1741559052,kashef-k8s-w1.mongodb-profile-6bb85f4df7-rfvcl,container_cpu_user_seconds_total,1.526
1741559052,kashef-k8s-ctl.memcached-rate-bcc5c97f8-xtz5g,container_cpu_user_seconds_total,0.095
1741559052,kashef-k8s-w1.search-8677798cf5-fsd5r,container_cpu_user_seconds_total,0.243
1741559052,kashef-k8s-ctl.mongodb-reservation-7b474745f-h55m7,container_cpu_user_seconds_total,2.173
1741559052,kashef-k8s-w1.recommendation-6494d54897-js5nk,container_cpu_user_seconds_total,0.124
1741559052,kashef-k8s-ctl.reservation-7799998946-chd6t,container_cpu_user_seconds_total,0.186
1741559052,kashef-k8s-w1.jaeger-5d885bcf88-stzjn,container_cpu_user_seconds_total,0.203
1741559052,kashef-k8s-w1.mongodb-geo-86b59b75f4-grd4s,container_cpu_user_seconds_total,1.488
1741559052,kashef-k8s-w1.user-698454f8c4-pfgkk,container_cpu_user_seconds_total,27.286
1741559052,kashef-k8s-ctl.memcached-profile-7d6fcb6b8-qbcm2,container_cpu_user_seconds_total,0.124
1741559052,kashef-k8s-w1.frontend-7d9d864798-n6lsm,container_cpu_user_seconds_total,0.283
1741559052,kashef-k8s-w1.consul-56f5cf4f78-qrhkb,container_cpu_user_seconds_total,2.046
1741559052,kashef-k8s-w1.mongodb-user-6d96648ddc-pkv6k,container_cpu_user_seconds_total,1.496
1741559052,kashef-k8s-ctl.rate-66d9d98f67-459fp,container_cpu_user_seconds_total,0.21
1741559052,kashef-k8s-ctl.mongodb-rate-785b799bbc-rh26t,container_cpu_user_seconds_total,2.286
1741559067,kashef-k8s-w1.jaeger-5d885bcf88-stzjn,container_cpu_user_seconds_total,0.203
1741559067,kashef-k8s-w1.geo-bd9dfdb45-pmmf7,container_cpu_user_seconds_total,0.212
1741559067,kashef-k8s-w1.memcached-reserve-bdcb467b4-fpm4v,container_cpu_user_seconds_total,0.067
1741559067,kashef-k8s-w1.consul-56f5cf4f78-qrhkb,container_cpu_user_seconds_total,2.046
1741559067,kashef-k8s-ctl.mongodb-reservation-7b474745f-h55m7,container_cpu_user_seconds_total,2.173
1741559067,kashef-k8s-ctl.mongodb-rate-785b799bbc-rh26t,container_cpu_user_seconds_total,2.286
1741559067,kashef-k8s-w1.recommendation-6494d54897-js5nk,container_cpu_user_seconds_total,0.124
1741559067,kashef-k8s-ctl.reservation-7799998946-chd6t,container_cpu_user_seconds_total,0.186
1741559067,kashef-k8s-ctl.memcached-rate-bcc5c97f8-xtz5g,container_cpu_user_seconds_total,0.095
1741559067,kashef-k8s-w1.search-8677798cf5-fsd5r,container_cpu_user_seconds_total,0.243
1741559067,kashef-k8s-ctl.rate-66d9d98f67-459fp,container_cpu_user_seconds_total,0.21
1741559067,kashef-k8s-ctl.mongodb-recommendation-59d6b7ccf9-jnrb4,container_cpu_user_seconds_total,2.003
1741559067,kashef-k8s-ctl.profile-6c9f4cc75f-gldzm,container_cpu_user_seconds_total,0.251
1741559067,kashef-k8s-w1.mongodb-profile-6bb85f4df7-rfvcl,container_cpu_user_seconds_total,1.526
1741559067,kashef-k8s-w1.user-698454f8c4-pfgkk,container_cpu_user_seconds_total,27.286
1741559067,kashef-k8s-ctl.memcached-profile-7d6fcb6b8-qbcm2,container_cpu_user_seconds_total,0.124
1741559067,kashef-k8s-w1.frontend-7d9d864798-n6lsm,container_cpu_user_seconds_total,0.283
1741559067,kashef-k8s-w1.mongodb-geo-86b59b75f4-grd4s,container_cpu_user_seconds_total,1.488
1741559067,kashef-k8s-w1.mongodb-user-6d96648ddc-pkv6k,container_cpu_user_seconds_total,1.496
1741559082,kashef-k8s-w1.search-8677798cf5-fsd5r,container_cpu_user_seconds_total,0.243
1741559082,kashef-k8s-ctl.profile-6c9f4cc75f-gldzm,container_cpu_user_seconds_total,0.251
1741559082,kashef-k8s-w1.recommendation-6494d54897-js5nk,container_cpu_user_seconds_total,0.124
1741559082,kashef-k8s-w1.consul-56f5cf4f78-qrhkb,container_cpu_user_seconds_total,2.046
1741559082,kashef-k8s-w1.jaeger-5d885bcf88-stzjn,container_cpu_user_seconds_total,0.203
1741559082,kashef-k8s-ctl.reservation-7799998946-chd6t,container_cpu_user_seconds_total,0.186
1741559082,kashef-k8s-ctl.mongodb-reservation-7b474745f-h55m7,container_cpu_user_seconds_total,2.173
1741559082,kashef-k8s-ctl.rate-66d9d98f67-459fp,container_cpu_user_seconds_total,0.21
1741559082,kashef-k8s-w1.frontend-7d9d864798-n6lsm,container_cpu_user_seconds_total,0.283
1741559082,kashef-k8s-ctl.memcached-rate-bcc5c97f8-xtz5g,container_cpu_user_seconds_total,0.095
1741559082,kashef-k8s-ctl.mongodb-rate-785b799bbc-rh26t,container_cpu_user_seconds_total,2.286
1741559082,kashef-k8s-w1.user-698454f8c4-pfgkk,container_cpu_user_seconds_total,27.286
1741559082,kashef-k8s-ctl.memcached-profile-7d6fcb6b8-qbcm2,container_cpu_user_seconds_total,0.124
1741559082,kashef-k8s-ctl.mongodb-recommendation-59d6b7ccf9-jnrb4,container_cpu_user_seconds_total,2.003
1741559082,kashef-k8s-w1.mongodb-geo-86b59b75f4-grd4s,container_cpu_user_seconds_total,1.488
1741559082,kashef-k8s-w1.mongodb-user-6d96648ddc-pkv6k,container_cpu_user_seconds_total,1.496
1741559082,kashef-k8s-w1.memcached-reserve-bdcb467b4-fpm4v,container_cpu_user_seconds_total,0.067
1741559082,kashef-k8s-w1.mongodb-profile-6bb85f4df7-rfvcl,container_cpu_user_seconds_total,1.526
1741559082,kashef-k8s-w1.geo-bd9dfdb45-pmmf7,container_cpu_user_seconds_total,0.212
1741559097,kashef-k8s-w1.geo-bd9dfdb45-pmmf7,container_cpu_user_seconds_total,0.212
1741559097,kashef-k8s-w1.mongodb-profile-6bb85f4df7-rfvcl,container_cpu_user_seconds_total,1.526
1741559097,kashef-k8s-w1.mongodb-geo-86b59b75f4-grd4s,container_cpu_user_seconds_total,1.488
1741559097,kashef-k8s-ctl.reservation-7799998946-chd6t,container_cpu_user_seconds_total,0.197
1741559097,kashef-k8s-w1.search-8677798cf5-fsd5r,container_cpu_user_seconds_total,0.246
1741559097,kashef-k8s-w1.mongodb-user-6d96648ddc-pkv6k,container_cpu_user_seconds_total,1.496
1741559097,kashef-k8s-w1.consul-56f5cf4f78-qrhkb,container_cpu_user_seconds_total,2.254
1741559097,kashef-k8s-ctl.mongodb-reservation-7b474745f-h55m7,container_cpu_user_seconds_total,2.173
1741559097,kashef-k8s-w1.jaeger-5d885bcf88-stzjn,container_cpu_user_seconds_total,0.203
1741559097,kashef-k8s-ctl.mongodb-rate-785b799bbc-rh26t,container_cpu_user_seconds_total,2.371
1741559097,kashef-k8s-ctl.mongodb-recommendation-59d6b7ccf9-jnrb4,container_cpu_user_seconds_total,2.192
1741559097,kashef-k8s-ctl.memcached-rate-bcc5c97f8-xtz5g,container_cpu_user_seconds_total,0.107
1741559097,kashef-k8s-w1.recommendation-6494d54897-js5nk,container_cpu_user_seconds_total,0.124
1741559097,kashef-k8s-ctl.profile-6c9f4cc75f-gldzm,container_cpu_user_seconds_total,0.265
1741559097,kashef-k8s-ctl.memcached-profile-7d6fcb6b8-qbcm2,container_cpu_user_seconds_total,0.127
1741559097,kashef-k8s-w1.user-698454f8c4-pfgkk,container_cpu_user_seconds_total,27.286
1741559097,kashef-k8s-w1.frontend-7d9d864798-n6lsm,container_cpu_user_seconds_total,0.291
1741559097,kashef-k8s-ctl.rate-66d9d98f67-459fp,container_cpu_user_seconds_total,0.212
1741559097,kashef-k8s-w1.memcached-reserve-bdcb467b4-fpm4v,container_cpu_user_seconds_total,0.067
1741559112,kashef-k8s-ctl.memcached-profile-7d6fcb6b8-qbcm2,container_cpu_user_seconds_total,0.127
1741559112,kashef-k8s-w1.mongodb-profile-6bb85f4df7-rfvcl,container_cpu_user_seconds_total,1.526
1741559112,kashef-k8s-w1.mongodb-geo-86b59b75f4-grd4s,container_cpu_user_seconds_total,1.488
1741559112,kashef-k8s-w1.user-698454f8c4-pfgkk,container_cpu_user_seconds_total,32.257
1741559112,kashef-k8s-ctl.reservation-7799998946-chd6t,container_cpu_user_seconds_total,0.197
1741559112,kashef-k8s-ctl.mongodb-rate-785b799bbc-rh26t,container_cpu_user_seconds_total,2.371
1741559112,kashef-k8s-w1.mongodb-user-6d96648ddc-pkv6k,container_cpu_user_seconds_total,1.496
1741559112,kashef-k8s-w1.search-8677798cf5-fsd5r,container_cpu_user_seconds_total,0.246
1741559112,kashef-k8s-w1.jaeger-5d885bcf88-stzjn,container_cpu_user_seconds_total,0.203
1741559112,kashef-k8s-ctl.profile-6c9f4cc75f-gldzm,container_cpu_user_seconds_total,0.265
1741559112,kashef-k8s-w1.memcached-reserve-bdcb467b4-fpm4v,container_cpu_user_seconds_total,0.067
1741559112,kashef-k8s-w1.recommendation-6494d54897-js5nk,container_cpu_user_seconds_total,0.124
1741559112,kashef-k8s-ctl.memcached-rate-bcc5c97f8-xtz5g,container_cpu_user_seconds_total,0.107
1741559112,kashef-k8s-ctl.mongodb-recommendation-59d6b7ccf9-jnrb4,container_cpu_user_seconds_total,2.192
1741559112,kashef-k8s-w1.frontend-7d9d864798-n6lsm,container_cpu_user_seconds_total,0.291
1741559112,kashef-k8s-w1.consul-56f5cf4f78-qrhkb,container_cpu_user_seconds_total,2.254
1741559112,kashef-k8s-ctl.mongodb-reservation-7b474745f-h55m7,container_cpu_user_seconds_total,2.42
1741559112,kashef-k8s-ctl.rate-66d9d98f67-459fp,container_cpu_user_seconds_total,0.212
1741559112,kashef-k8s-w1.geo-bd9dfdb45-pmmf7,container_cpu_user_seconds_total,0.228
1741559127,kashef-k8s-w1.mongodb-geo-86b59b75f4-grd4s,container_cpu_user_seconds_total,1.488
1741559127,kashef-k8s-w1.mongodb-profile-6bb85f4df7-rfvcl,container_cpu_user_seconds_total,1.526
1741559127,kashef-k8s-ctl.memcached-profile-7d6fcb6b8-qbcm2,container_cpu_user_seconds_total,0.127
1741559127,kashef-k8s-w1.jaeger-5d885bcf88-stzjn,container_cpu_user_seconds_total,0.203
1741559127,kashef-k8s-ctl.memcached-rate-bcc5c97f8-xtz5g,container_cpu_user_seconds_total,0.107
1741559127,kashef-k8s-w1.frontend-7d9d864798-n6lsm,container_cpu_user_seconds_total,0.291
1741559127,kashef-k8s-ctl.profile-6c9f4cc75f-gldzm,container_cpu_user_seconds_total,0.265
1741559127,kashef-k8s-w1.consul-56f5cf4f78-qrhkb,container_cpu_user_seconds_total,2.254
1741559127,kashef-k8s-ctl.mongodb-reservation-7b474745f-h55m7,container_cpu_user_seconds_total,2.42
1741559127,kashef-k8s-w1.recommendation-6494d54897-js5nk,container_cpu_user_seconds_total,0.124
1741559127,kashef-k8s-w1.search-8677798cf5-fsd5r,container_cpu_user_seconds_total,0.246
1741559127,kashef-k8s-ctl.mongodb-rate-785b799bbc-rh26t,container_cpu_user_seconds_total,2.371
1741559127,kashef-k8s-w1.mongodb-user-6d96648ddc-pkv6k,container_cpu_user_seconds_total,1.496
1741559127,kashef-k8s-w1.user-698454f8c4-pfgkk,container_cpu_user_seconds_total,32.257
1741559127,kashef-k8s-ctl.reservation-7799998946-chd6t,container_cpu_user_seconds_total,0.197
1741559127,kashef-k8s-ctl.rate-66d9d98f67-459fp,container_cpu_user_seconds_total,0.212
1741559127,kashef-k8s-w1.memcached-reserve-bdcb467b4-fpm4v,container_cpu_user_seconds_total,0.067
1741559127,kashef-k8s-ctl.mongodb-recommendation-59d6b7ccf9-jnrb4,container_cpu_user_seconds_total,2.192
1741559127,kashef-k8s-w1.geo-bd9dfdb45-pmmf7,container_cpu_user_seconds_total,0.228
1741559142,kashef-k8s-ctl.mongodb-rate-785b799bbc-rh26t,container_cpu_user_seconds_total,2.371
1741559142,kashef-k8s-ctl.memcached-rate-bcc5c97f8-xtz5g,container_cpu_user_seconds_total,0.107
1741559142,kashef-k8s-w1.memcached-reserve-bdcb467b4-fpm4v,container_cpu_user_seconds_total,0.067
1741559142,kashef-k8s-w1.geo-bd9dfdb45-pmmf7,container_cpu_user_seconds_total,0.228
1741559142,kashef-k8s-w1.user-698454f8c4-pfgkk,container_cpu_user_seconds_total,32.257
1741559142,kashef-k8s-w1.search-8677798cf5-fsd5r,container_cpu_user_seconds_total,0.246
1741559142,kashef-k8s-ctl.reservation-7799998946-chd6t,container_cpu_user_seconds_total,0.197
1741559142,kashef-k8s-w1.recommendation-6494d54897-js5nk,container_cpu_user_seconds_total,0.124
1741559142,kashef-k8s-w1.mongodb-geo-86b59b75f4-grd4s,container_cpu_user_seconds_total,1.488
1741559142,kashef-k8s-ctl.mongodb-reservation-7b474745f-h55m7,container_cpu_user_seconds_total,2.42
1741559142,kashef-k8s-w1.mongodb-user-6d96648ddc-pkv6k,container_cpu_user_seconds_total,1.496
1741559142,kashef-k8s-ctl.rate-66d9d98f67-459fp,container_cpu_user_seconds_total,0.212
1741559142,kashef-k8s-w1.jaeger-5d885bcf88-stzjn,container_cpu_user_seconds_total,0.203
1741559142,kashef-k8s-w1.consul-56f5cf4f78-qrhkb,container_cpu_user_seconds_total,2.254
1741559142,kashef-k8s-ctl.profile-6c9f4cc75f-gldzm,container_cpu_user_seconds_total,0.265
1741559142,kashef-k8s-w1.frontend-7d9d864798-n6lsm,container_cpu_user_seconds_total,0.291
1741559142,kashef-k8s-w1.mongodb-profile-6bb85f4df7-rfvcl,container_cpu_user_seconds_total,1.526
1741559142,kashef-k8s-ctl.memcached-profile-7d6fcb6b8-qbcm2,container_cpu_user_seconds_total,0.127
1741559142,kashef-k8s-ctl.mongodb-recommendation-59d6b7ccf9-jnrb4,container_cpu_user_seconds_total,2.192
1741559157,kashef-k8s-w1.search-8677798cf5-fsd5r,container_cpu_user_seconds_total,0.255
1741559157,kashef-k8s-ctl.memcached-rate-bcc5c97f8-xtz5g,container_cpu_user_seconds_total,0.115
1741559157,kashef-k8s-ctl.mongodb-recommendation-59d6b7ccf9-jnrb4,container_cpu_user_seconds_total,2.417
1741559157,kashef-k8s-w1.memcached-reserve-bdcb467b4-fpm4v,container_cpu_user_seconds_total,0.081
1741559157,kashef-k8s-w1.recommendation-6494d54897-js5nk,container_cpu_user_seconds_total,0.141
1741559157,kashef-k8s-w1.consul-56f5cf4f78-qrhkb,container_cpu_user_seconds_total,2.627
1741559157,kashef-k8s-ctl.mongodb-reservation-7b474745f-h55m7,container_cpu_user_seconds_total,2.42
1741559157,kashef-k8s-ctl.reservation-7799998946-chd6t,container_cpu_user_seconds_total,0.215
1741559157,kashef-k8s-ctl.profile-6c9f4cc75f-gldzm,container_cpu_user_seconds_total,0.282
1741559157,kashef-k8s-w1.jaeger-5d885bcf88-stzjn,container_cpu_user_seconds_total,0.203
1741559157,kashef-k8s-ctl.mongodb-rate-785b799bbc-rh26t,container_cpu_user_seconds_total,2.602
1741559157,kashef-k8s-w1.geo-bd9dfdb45-pmmf7,container_cpu_user_seconds_total,0.265
1741559157,kashef-k8s-w1.mongodb-profile-6bb85f4df7-rfvcl,container_cpu_user_seconds_total,1.526
1741559157,kashef-k8s-w1.mongodb-geo-86b59b75f4-grd4s,container_cpu_user_seconds_total,1.488
1741559157,kashef-k8s-w1.frontend-7d9d864798-n6lsm,container_cpu_user_seconds_total,0.303
1741559157,kashef-k8s-w1.mongodb-user-6d96648ddc-pkv6k,container_cpu_user_seconds_total,1.496
1741559157,kashef-k8s-ctl.memcached-profile-7d6fcb6b8-qbcm2,container_cpu_user_seconds_total,0.142
1741559157,kashef-k8s-w1.user-698454f8c4-pfgkk,container_cpu_user_seconds_total,36.711
1741559157,kashef-k8s-ctl.rate-66d9d98f67-459fp,container_cpu_user_seconds_total,0.212
1741559172,kashef-k8s-w1.mongodb-profile-6bb85f4df7-rfvcl,container_cpu_user_seconds_total,1.545
1741559172,kashef-k8s-w1.memcached-reserve-bdcb467b4-fpm4v,container_cpu_user_seconds_total,0.081
1741559172,kashef-k8s-w1.search-8677798cf5-fsd5r,container_cpu_user_seconds_total,0.255
1741559172,kashef-k8s-w1.consul-56f5cf4f78-qrhkb,container_cpu_user_seconds_total,2.627
1741559172,kashef-k8s-ctl.reservation-7799998946-chd6t,container_cpu_user_seconds_total,0.215
1741559172,kashef-k8s-w1.frontend-7d9d864798-n6lsm,container_cpu_user_seconds_total,0.303
1741559172,kashef-k8s-ctl.profile-6c9f4cc75f-gldzm,container_cpu_user_seconds_total,0.282
1741559172,kashef-k8s-w1.recommendation-6494d54897-js5nk,container_cpu_user_seconds_total,0.141
1741559172,kashef-k8s-ctl.mongodb-reservation-7b474745f-h55m7,container_cpu_user_seconds_total,2.692
1741559172,kashef-k8s-w1.mongodb-user-6d96648ddc-pkv6k,container_cpu_user_seconds_total,1.496
1741559172,kashef-k8s-w1.jaeger-5d885bcf88-stzjn,container_cpu_user_seconds_total,0.203
1741559172,kashef-k8s-ctl.mongodb-rate-785b799bbc-rh26t,container_cpu_user_seconds_total,2.602
1741559172,kashef-k8s-ctl.mongodb-recommendation-59d6b7ccf9-jnrb4,container_cpu_user_seconds_total,2.417
1741559172,kashef-k8s-ctl.memcached-profile-7d6fcb6b8-qbcm2,container_cpu_user_seconds_total,0.142
1741559172,kashef-k8s-w1.mongodb-geo-86b59b75f4-grd4s,container_cpu_user_seconds_total,1.488
1741559172,kashef-k8s-w1.user-698454f8c4-pfgkk,container_cpu_user_seconds_total,36.711
1741559172,kashef-k8s-ctl.memcached-rate-bcc5c97f8-xtz5g,container_cpu_user_seconds_total,0.115
1741559172,kashef-k8s-ctl.rate-66d9d98f67-459fp,container_cpu_user_seconds_total,0.214
1741559172,kashef-k8s-w1.geo-bd9dfdb45-pmmf7,container_cpu_user_seconds_total,0.265
1741559187,kashef-k8s-w1.recommendation-6494d54897-js5nk,container_cpu_user_seconds_total,0.141
1741559187,kashef-k8s-ctl.mongodb-reservation-7b474745f-h55m7,container_cpu_user_seconds_total,2.692
1741559187,kashef-k8s-w1.user-698454f8c4-pfgkk,container_cpu_user_seconds_total,36.711
1741559187,kashef-k8s-ctl.mongodb-recommendation-59d6b7ccf9-jnrb4,container_cpu_user_seconds_total,2.417
1741559187,kashef-k8s-ctl.memcached-rate-bcc5c97f8-xtz5g,container_cpu_user_seconds_total,0.115
1741559187,kashef-k8s-w1.jaeger-5d885bcf88-stzjn,container_cpu_user_seconds_total,0.203
1741559187,kashef-k8s-w1.frontend-7d9d864798-n6lsm,container_cpu_user_seconds_total,0.303
1741559187,kashef-k8s-w1.mongodb-user-6d96648ddc-pkv6k,container_cpu_user_seconds_total,1.496
1741559187,kashef-k8s-w1.search-8677798cf5-fsd5r,container_cpu_user_seconds_total,0.255
1741559187,kashef-k8s-ctl.reservation-7799998946-chd6t,container_cpu_user_seconds_total,0.215
1741559187,kashef-k8s-w1.consul-56f5cf4f78-qrhkb,container_cpu_user_seconds_total,2.627
1741559187,kashef-k8s-w1.memcached-reserve-bdcb467b4-fpm4v,container_cpu_user_seconds_total,0.081
1741559187,kashef-k8s-w1.mongodb-geo-86b59b75f4-grd4s,container_cpu_user_seconds_total,1.488
1741559187,kashef-k8s-ctl.profile-6c9f4cc75f-gldzm,container_cpu_user_seconds_total,0.282
1741559187,kashef-k8s-w1.mongodb-profile-6bb85f4df7-rfvcl,container_cpu_user_seconds_total,1.545
1741559187,kashef-k8s-ctl.memcached-profile-7d6fcb6b8-qbcm2,container_cpu_user_seconds_total,0.142
1741559187,kashef-k8s-ctl.rate-66d9d98f67-459fp,container_cpu_user_seconds_total,0.214
1741559187,kashef-k8s-ctl.mongodb-rate-785b799bbc-rh26t,container_cpu_user_seconds_total,2.602
1741559187,kashef-k8s-w1.geo-bd9dfdb45-pmmf7,container_cpu_user_seconds_total,0.265
1741559202,kashef-k8s-ctl.mongodb-reservation-7b474745f-h55m7,container_cpu_user_seconds_total,2.692
1741559202,kashef-k8s-w1.frontend-7d9d864798-n6lsm,container_cpu_user_seconds_total,0.303
1741559202,kashef-k8s-w1.mongodb-geo-86b59b75f4-grd4s,container_cpu_user_seconds_total,1.488
1741559202,kashef-k8s-w1.geo-bd9dfdb45-pmmf7,container_cpu_user_seconds_total,0.265
1741559202,kashef-k8s-w1.memcached-reserve-bdcb467b4-fpm4v,container_cpu_user_seconds_total,0.081
1741559202,kashef-k8s-ctl.rate-66d9d98f67-459fp,container_cpu_user_seconds_total,0.214
1741559202,kashef-k8s-w1.recommendation-6494d54897-js5nk,container_cpu_user_seconds_total,0.141
1741559202,kashef-k8s-w1.consul-56f5cf4f78-qrhkb,container_cpu_user_seconds_total,2.627
1741559202,kashef-k8s-w1.search-8677798cf5-fsd5r,container_cpu_user_seconds_total,0.255
1741559202,kashef-k8s-ctl.reservation-7799998946-chd6t,container_cpu_user_seconds_total,0.215
1741559202,kashef-k8s-w1.jaeger-5d885bcf88-stzjn,container_cpu_user_seconds_total,0.203
1741559202,kashef-k8s-ctl.memcached-rate-bcc5c97f8-xtz5g,container_cpu_user_seconds_total,0.115
1741559202,kashef-k8s-ctl.memcached-profile-7d6fcb6b8-qbcm2,container_cpu_user_seconds_total,0.142
1741559202,kashef-k8s-w1.user-698454f8c4-pfgkk,container_cpu_user_seconds_total,36.711
1741559202,kashef-k8s-w1.mongodb-user-6d96648ddc-pkv6k,container_cpu_user_seconds_total,1.496
1741559202,kashef-k8s-ctl.mongodb-recommendation-59d6b7ccf9-jnrb4,container_cpu_user_seconds_total,2.417
1741559202,kashef-k8s-w1.mongodb-profile-6bb85f4df7-rfvcl,container_cpu_user_seconds_total,1.545
1741559202,kashef-k8s-ctl.mongodb-rate-785b799bbc-rh26t,container_cpu_user_seconds_total,2.602
1741559202,kashef-k8s-ctl.profile-6c9f4cc75f-gldzm,container_cpu_user_seconds_total,0.282
1741559217,kashef-k8s-w1.frontend-7d9d864798-n6lsm,container_cpu_user_seconds_total,0.324
1741559217,kashef-k8s-w1.mongodb-user-6d96648ddc-pkv6k,container_cpu_user_seconds_total,1.577
1741559217,kashef-k8s-w1.consul-56f5cf4f78-qrhkb,container_cpu_user_seconds_total,3.011
1741559217,kashef-k8s-w1.mongodb-geo-86b59b75f4-grd4s,container_cpu_user_seconds_total,1.504
1741559217,kashef-k8s-ctl.profile-6c9f4cc75f-gldzm,container_cpu_user_seconds_total,0.31
1741559217,kashef-k8s-ctl.memcached-rate-bcc5c97f8-xtz5g,container_cpu_user_seconds_total,0.115
1741559217,kashef-k8s-ctl.memcached-profile-7d6fcb6b8-qbcm2,container_cpu_user_seconds_total,0.154
1741559217,kashef-k8s-ctl.mongodb-rate-785b799bbc-rh26t,container_cpu_user_seconds_total,2.897
1741559217,kashef-k8s-ctl.mongodb-reservation-7b474745f-h55m7,container_cpu_user_seconds_total,2.692
1741559217,kashef-k8s-ctl.reservation-7799998946-chd6t,container_cpu_user_seconds_total,0.215
1741559217,kashef-k8s-ctl.mongodb-recommendation-59d6b7ccf9-jnrb4,container_cpu_user_seconds_total,2.417
1741559217,kashef-k8s-w1.search-8677798cf5-fsd5r,container_cpu_user_seconds_total,0.267
1741559217,kashef-k8s-w1.recommendation-6494d54897-js5nk,container_cpu_user_seconds_total,0.145
1741559217,kashef-k8s-w1.user-698454f8c4-pfgkk,container_cpu_user_seconds_total,42.405
1741559217,kashef-k8s-w1.jaeger-5d885bcf88-stzjn,container_cpu_user_seconds_total,0.203
1741559217,kashef-k8s-w1.memcached-reserve-bdcb467b4-fpm4v,container_cpu_user_seconds_total,0.087
1741559217,kashef-k8s-ctl.rate-66d9d98f67-459fp,container_cpu_user_seconds_total,0.222
1741559217,kashef-k8s-w1.geo-bd9dfdb45-pmmf7,container_cpu_user_seconds_total,0.265
1741559217,kashef-k8s-w1.mongodb-profile-6bb85f4df7-rfvcl,container_cpu_user_seconds_total,1.612
1741559232,kashef-k8s-w1.memcached-reserve-bdcb467b4-fpm4v,container_cpu_user_seconds_total,0.087
1741559232,kashef-k8s-w1.geo-bd9dfdb45-pmmf7,container_cpu_user_seconds_total,0.277
1741559232,kashef-k8s-ctl.reservation-7799998946-chd6t,container_cpu_user_seconds_total,0.239
1741559232,kashef-k8s-w1.mongodb-user-6d96648ddc-pkv6k,container_cpu_user_seconds_total,1.577
1741559232,kashef-k8s-w1.jaeger-5d885bcf88-stzjn,container_cpu_user_seconds_total,0.203
1741559232,kashef-k8s-ctl.rate-66d9d98f67-459fp,container_cpu_user_seconds_total,0.222
1741559232,kashef-k8s-w1.user-698454f8c4-pfgkk,container_cpu_user_seconds_total,42.405
1741559232,kashef-k8s-w1.frontend-7d9d864798-n6lsm,container_cpu_user_seconds_total,0.324
1741559232,kashef-k8s-w1.recommendation-6494d54897-js5nk,container_cpu_user_seconds_total,0.145
1741559232,kashef-k8s-ctl.profile-6c9f4cc75f-gldzm,container_cpu_user_seconds_total,0.31
1741559232,kashef-k8s-w1.search-8677798cf5-fsd5r,container_cpu_user_seconds_total,0.267
1741559232,kashef-k8s-w1.mongodb-geo-86b59b75f4-grd4s,container_cpu_user_seconds_total,1.504
1741559232,kashef-k8s-ctl.mongodb-rate-785b799bbc-rh26t,container_cpu_user_seconds_total,2.897
1741559232,kashef-k8s-ctl.memcached-rate-bcc5c97f8-xtz5g,container_cpu_user_seconds_total,0.132
1741559232,kashef-k8s-ctl.mongodb-recommendation-59d6b7ccf9-jnrb4,container_cpu_user_seconds_total,2.691
1741559232,kashef-k8s-w1.consul-56f5cf4f78-qrhkb,container_cpu_user_seconds_total,3.011
1741559232,kashef-k8s-ctl.memcached-profile-7d6fcb6b8-qbcm2,container_cpu_user_seconds_total,0.154
1741559232,kashef-k8s-w1.mongodb-profile-6bb85f4df7-rfvcl,container_cpu_user_seconds_total,1.612
1741559232,kashef-k8s-ctl.mongodb-reservation-7b474745f-h55m7,container_cpu_user_seconds_total,2.929
1741559247,kashef-k8s-ctl.memcached-profile-7d6fcb6b8-qbcm2,container_cpu_user_seconds_total,0.154
1741559247,kashef-k8s-w1.mongodb-user-6d96648ddc-pkv6k,container_cpu_user_seconds_total,1.577
1741559247,kashef-k8s-w1.frontend-7d9d864798-n6lsm,container_cpu_user_seconds_total,0.324
1741559247,kashef-k8s-ctl.mongodb-reservation-7b474745f-h55m7,container_cpu_user_seconds_total,2.929
1741559247,kashef-k8s-ctl.memcached-rate-bcc5c97f8-xtz5g,container_cpu_user_seconds_total,0.132
1741559247,kashef-k8s-w1.consul-56f5cf4f78-qrhkb,container_cpu_user_seconds_total,3.011
1741559247,kashef-k8s-w1.recommendation-6494d54897-js5nk,container_cpu_user_seconds_total,0.145
1741559247,kashef-k8s-w1.search-8677798cf5-fsd5r,container_cpu_user_seconds_total,0.267
1741559247,kashef-k8s-w1.jaeger-5d885bcf88-stzjn,container_cpu_user_seconds_total,0.203
1741559247,kashef-k8s-w1.user-698454f8c4-pfgkk,container_cpu_user_seconds_total,42.405
1741559247,kashef-k8s-ctl.reservation-7799998946-chd6t,container_cpu_user_seconds_total,0.239
1741559247,kashef-k8s-w1.geo-bd9dfdb45-pmmf7,container_cpu_user_seconds_total,0.277
1741559247,kashef-k8s-w1.memcached-reserve-bdcb467b4-fpm4v,container_cpu_user_seconds_total,0.087
1741559247,kashef-k8s-ctl.rate-66d9d98f67-459fp,container_cpu_user_seconds_total,0.222
1741559247,kashef-k8s-w1.mongodb-profile-6bb85f4df7-rfvcl,container_cpu_user_seconds_total,1.612
1741559247,kashef-k8s-ctl.profile-6c9f4cc75f-gldzm,container_cpu_user_seconds_total,0.31
1741559247,kashef-k8s-ctl.mongodb-recommendation-59d6b7ccf9-jnrb4,container_cpu_user_seconds_total,2.691
1741559247,kashef-k8s-ctl.mongodb-rate-785b799bbc-rh26t,container_cpu_user_seconds_total,2.897
1741559247,kashef-k8s-w1.mongodb-geo-86b59b75f4-grd4s,container_cpu_user_seconds_total,1.504
1741559262,kashef-k8s-w1.recommendation-6494d54897-js5nk,container_cpu_user_seconds_total,0.145
1741559262,kashef-k8s-w1.consul-56f5cf4f78-qrhkb,container_cpu_user_seconds_total,3.011
1741559262,kashef-k8s-w1.geo-bd9dfdb45-pmmf7,container_cpu_user_seconds_total,0.277
1741559262,kashef-k8s-ctl.reservation-7799998946-chd6t,container_cpu_user_seconds_total,0.239
1741559262,kashef-k8s-w1.mongodb-user-6d96648ddc-pkv6k,container_cpu_user_seconds_total,1.577
1741559262,kashef-k8s-w1.search-8677798cf5-fsd5r,container_cpu_user_seconds_total,0.267
1741559262,kashef-k8s-w1.jaeger-5d885bcf88-stzjn,container_cpu_user_seconds_total,0.203
1741559262,kashef-k8s-w1.mongodb-geo-86b59b75f4-grd4s,container_cpu_user_seconds_total,1.504
1741559262,kashef-k8s-w1.frontend-7d9d864798-n6lsm,container_cpu_user_seconds_total,0.324
1741559262,kashef-k8s-w1.user-698454f8c4-pfgkk,container_cpu_user_seconds_total,42.405
1741559262,kashef-k8s-ctl.mongodb-recommendation-59d6b7ccf9-jnrb4,container_cpu_user_seconds_total,2.691
1741559262,kashef-k8s-ctl.memcached-rate-bcc5c97f8-xtz5g,container_cpu_user_seconds_total,0.132
1741559262,kashef-k8s-ctl.memcached-profile-7d6fcb6b8-qbcm2,container_cpu_user_seconds_total,0.154
1741559262,kashef-k8s-ctl.profile-6c9f4cc75f-gldzm,container_cpu_user_seconds_total,0.31
1741559262,kashef-k8s-w1.memcached-reserve-bdcb467b4-fpm4v,container_cpu_user_seconds_total,0.087
1741559262,kashef-k8s-ctl.mongodb-rate-785b799bbc-rh26t,container_cpu_user_seconds_total,2.897
1741559262,kashef-k8s-ctl.mongodb-reservation-7b474745f-h55m7,container_cpu_user_seconds_total,2.929
1741559262,kashef-k8s-ctl.rate-66d9d98f67-459fp,container_cpu_user_seconds_total,0.222
1741559262,kashef-k8s-w1.mongodb-profile-6bb85f4df7-rfvcl,container_cpu_user_seconds_total,1.612
1741559277,kashef-k8s-ctl.rate-66d9d98f67-459fp,container_cpu_user_seconds_total,0.222
1741559277,kashef-k8s-w1.mongodb-profile-6bb85f4df7-rfvcl,container_cpu_user_seconds_total,1.702
1741559277,kashef-k8s-w1.memcached-reserve-bdcb467b4-fpm4v,container_cpu_user_seconds_total,0.092
1741559277,kashef-k8s-ctl.mongodb-reservation-7b474745f-h55m7,container_cpu_user_seconds_total,2.929
1741559277,kashef-k8s-ctl.mongodb-rate-785b799bbc-rh26t,container_cpu_user_seconds_total,3.108
1741559277,kashef-k8s-ctl.mongodb-recommendation-59d6b7ccf9-jnrb4,container_cpu_user_seconds_total,2.932
1741559277,kashef-k8s-ctl.profile-6c9f4cc75f-gldzm,container_cpu_user_seconds_total,0.31
1741559277,kashef-k8s-ctl.memcached-rate-bcc5c97f8-xtz5g,container_cpu_user_seconds_total,0.139
1741559277,kashef-k8s-w1.user-698454f8c4-pfgkk,container_cpu_user_seconds_total,42.405
1741559277,kashef-k8s-ctl.memcached-profile-7d6fcb6b8-qbcm2,container_cpu_user_seconds_total,0.159
1741559277,kashef-k8s-w1.recommendation-6494d54897-js5nk,container_cpu_user_seconds_total,0.157
1741559277,kashef-k8s-w1.geo-bd9dfdb45-pmmf7,container_cpu_user_seconds_total,0.293
1741559277,kashef-k8s-w1.search-8677798cf5-fsd5r,container_cpu_user_seconds_total,0.292
1741559277,kashef-k8s-w1.mongodb-geo-86b59b75f4-grd4s,container_cpu_user_seconds_total,1.558
1741559277,kashef-k8s-w1.mongodb-user-6d96648ddc-pkv6k,container_cpu_user_seconds_total,1.652
1741559277,kashef-k8s-w1.consul-56f5cf4f78-qrhkb,container_cpu_user_seconds_total,3.345
1741559277,kashef-k8s-w1.frontend-7d9d864798-n6lsm,container_cpu_user_seconds_total,0.324
1741559277,kashef-k8s-w1.jaeger-5d885bcf88-stzjn,container_cpu_user_seconds_total,0.203
1741559277,kashef-k8s-ctl.reservation-7799998946-chd6t,container_cpu_user_seconds_total,0.253
1741559292,kashef-k8s-ctl.rate-66d9d98f67-459fp,container_cpu_user_seconds_total,0.242
1741559292,kashef-k8s-ctl.memcached-profile-7d6fcb6b8-qbcm2,container_cpu_user_seconds_total,0.159
1741559292,kashef-k8s-w1.user-698454f8c4-pfgkk,container_cpu_user_seconds_total,48.438
1741559292,kashef-k8s-w1.search-8677798cf5-fsd5r,container_cpu_user_seconds_total,0.292
1741559292,kashef-k8s-w1.mongodb-geo-86b59b75f4-grd4s,container_cpu_user_seconds_total,1.558
1741559292,kashef-k8s-w1.recommendation-6494d54897-js5nk,container_cpu_user_seconds_total,0.157
1741559292,kashef-k8s-ctl.profile-6c9f4cc75f-gldzm,container_cpu_user_seconds_total,0.323
1741559292,kashef-k8s-ctl.mongodb-rate-785b799bbc-rh26t,container_cpu_user_seconds_total,3.108
1741559292,kashef-k8s-ctl.mongodb-reservation-7b474745f-h55m7,container_cpu_user_seconds_total,3.084
1741559292,kashef-k8s-ctl.mongodb-recommendation-59d6b7ccf9-jnrb4,container_cpu_user_seconds_total,2.932
1741559292,kashef-k8s-ctl.memcached-rate-bcc5c97f8-xtz5g,container_cpu_user_seconds_total,0.139
1741559292,kashef-k8s-w1.memcached-reserve-bdcb467b4-fpm4v,container_cpu_user_seconds_total,0.092
1741559292,kashef-k8s-w1.mongodb-profile-6bb85f4df7-rfvcl,container_cpu_user_seconds_total,1.702
1741559292,kashef-k8s-ctl.reservation-7799998946-chd6t,container_cpu_user_seconds_total,0.253
1741559292,kashef-k8s-w1.mongodb-user-6d96648ddc-pkv6k,container_cpu_user_seconds_total,1.652
1741559292,kashef-k8s-w1.frontend-7d9d864798-n6lsm,container_cpu_user_seconds_total,0.351
1741559292,kashef-k8s-w1.geo-bd9dfdb45-pmmf7,container_cpu_user_seconds_total,0.293
1741559292,kashef-k8s-w1.jaeger-5d885bcf88-stzjn,container_cpu_user_seconds_total,0.203
1741559292,kashef-k8s-w1.consul-56f5cf4f78-qrhkb,container_cpu_user_seconds_total,3.345
1741559307,kashef-k8s-ctl.profile-6c9f4cc75f-gldzm,container_cpu_user_seconds_total,0.323
1741559307,kashef-k8s-w1.mongodb-geo-86b59b75f4-grd4s,container_cpu_user_seconds_total,1.558
1741559307,kashef-k8s-w1.memcached-reserve-bdcb467b4-fpm4v,container_cpu_user_seconds_total,0.092
1741559307,kashef-k8s-w1.geo-bd9dfdb45-pmmf7,container_cpu_user_seconds_total,0.293
1741559307,kashef-k8s-w1.mongodb-profile-6bb85f4df7-rfvcl,container_cpu_user_seconds_total,1.702
1741559307,kashef-k8s-ctl.memcached-profile-7d6fcb6b8-qbcm2,container_cpu_user_seconds_total,0.159
1741559307,kashef-k8s-ctl.mongodb-rate-785b799bbc-rh26t,container_cpu_user_seconds_total,3.108
1741559307,kashef-k8s-ctl.rate-66d9d98f67-459fp,container_cpu_user_seconds_total,0.242
1741559307,kashef-k8s-ctl.reservation-7799998946-chd6t,container_cpu_user_seconds_total,0.253
1741559307,kashef-k8s-ctl.memcached-rate-bcc5c97f8-xtz5g,container_cpu_user_seconds_total,0.139
1741559307,kashef-k8s-w1.recommendation-6494d54897-js5nk,container_cpu_user_seconds_total,0.157
1741559307,kashef-k8s-w1.search-8677798cf5-fsd5r,container_cpu_user_seconds_total,0.292
1741559307,kashef-k8s-w1.mongodb-user-6d96648ddc-pkv6k,container_cpu_user_seconds_total,1.652
1741559307,kashef-k8s-w1.frontend-7d9d864798-n6lsm,container_cpu_user_seconds_total,0.351
1741559307,kashef-k8s-w1.consul-56f5cf4f78-qrhkb,container_cpu_user_seconds_total,3.345
1741559307,kashef-k8s-ctl.mongodb-recommendation-59d6b7ccf9-jnrb4,container_cpu_user_seconds_total,2.932
1741559307,kashef-k8s-w1.jaeger-5d885bcf88-stzjn,container_cpu_user_seconds_total,0.203
1741559307,kashef-k8s-w1.user-698454f8c4-pfgkk,container_cpu_user_seconds_total,48.438
1741559307,kashef-k8s-ctl.mongodb-reservation-7b474745f-h55m7,container_cpu_user_seconds_total,3.084
1741559322,kashef-k8s-w1.mongodb-profile-6bb85f4df7-rfvcl,container_cpu_user_seconds_total,1.702
1741559322,kashef-k8s-w1.memcached-reserve-bdcb467b4-fpm4v,container_cpu_user_seconds_total,0.092
1741559322,kashef-k8s-w1.mongodb-user-6d96648ddc-pkv6k,container_cpu_user_seconds_total,1.652
1741559322,kashef-k8s-w1.consul-56f5cf4f78-qrhkb,container_cpu_user_seconds_total,3.554
1741559322,kashef-k8s-w1.frontend-7d9d864798-n6lsm,container_cpu_user_seconds_total,0.351
1741559322,kashef-k8s-ctl.mongodb-rate-785b799bbc-rh26t,container_cpu_user_seconds_total,3.108
1741559322,kashef-k8s-ctl.memcached-profile-7d6fcb6b8-qbcm2,container_cpu_user_seconds_total,0.159
1741559322,kashef-k8s-w1.mongodb-geo-86b59b75f4-grd4s,container_cpu_user_seconds_total,1.558
1741559322,kashef-k8s-w1.user-698454f8c4-pfgkk,container_cpu_user_seconds_total,48.438
1741559322,kashef-k8s-w1.jaeger-5d885bcf88-stzjn,container_cpu_user_seconds_total,0.203
1741559322,kashef-k8s-ctl.reservation-7799998946-chd6t,container_cpu_user_seconds_total,0.253
1741559322,kashef-k8s-w1.search-8677798cf5-fsd5r,container_cpu_user_seconds_total,0.292
1741559322,kashef-k8s-w1.recommendation-6494d54897-js5nk,container_cpu_user_seconds_total,0.157
1741559322,kashef-k8s-ctl.mongodb-recommendation-59d6b7ccf9-jnrb4,container_cpu_user_seconds_total,2.932
1741559322,kashef-k8s-ctl.profile-6c9f4cc75f-gldzm,container_cpu_user_seconds_total,0.323
1741559322,kashef-k8s-ctl.memcached-rate-bcc5c97f8-xtz5g,container_cpu_user_seconds_total,0.139
1741559322,kashef-k8s-ctl.mongodb-reservation-7b474745f-h55m7,container_cpu_user_seconds_total,3.084
1741559322,kashef-k8s-ctl.rate-66d9d98f67-459fp,container_cpu_user_seconds_total,0.242
1741559322,kashef-k8s-w1.geo-bd9dfdb45-pmmf7,container_cpu_user_seconds_total,0.293
1741559337,kashef-k8s-ctl.mongodb-rate-785b799bbc-rh26t,container_cpu_user_seconds_total,3.108
1741559337,kashef-k8s-w1.consul-56f5cf4f78-qrhkb,container_cpu_user_seconds_total,3.554
1741559337,kashef-k8s-ctl.memcached-profile-7d6fcb6b8-qbcm2,container_cpu_user_seconds_total,0.159
1741559337,kashef-k8s-w1.mongodb-geo-86b59b75f4-grd4s,container_cpu_user_seconds_total,1.558
1741559337,kashef-k8s-ctl.profile-6c9f4cc75f-gldzm,container_cpu_user_seconds_total,0.323
1741559337,kashef-k8s-w1.search-8677798cf5-fsd5r,container_cpu_user_seconds_total,0.3
1741559337,kashef-k8s-ctl.mongodb-recommendation-59d6b7ccf9-jnrb4,container_cpu_user_seconds_total,2.932
1741559337,kashef-k8s-ctl.memcached-rate-bcc5c97f8-xtz5g,container_cpu_user_seconds_total,0.139
1741559337,kashef-k8s-w1.recommendation-6494d54897-js5nk,container_cpu_user_seconds_total,0.173
1741559337,kashef-k8s-w1.user-698454f8c4-pfgkk,container_cpu_user_seconds_total,52.861
1741559337,kashef-k8s-w1.mongodb-profile-6bb85f4df7-rfvcl,container_cpu_user_seconds_total,1.702
1741559337,kashef-k8s-w1.mongodb-user-6d96648ddc-pkv6k,container_cpu_user_seconds_total,1.747
1741559337,kashef-k8s-w1.frontend-7d9d864798-n6lsm,container_cpu_user_seconds_total,0.366
1741559337,kashef-k8s-w1.geo-bd9dfdb45-pmmf7,container_cpu_user_seconds_total,0.313
1741559337,kashef-k8s-ctl.reservation-7799998946-chd6t,container_cpu_user_seconds_total,0.253
1741559337,kashef-k8s-w1.jaeger-5d885bcf88-stzjn,container_cpu_user_seconds_total,0.206
1741559337,kashef-k8s-ctl.mongodb-reservation-7b474745f-h55m7,container_cpu_user_seconds_total,3.084
1741559337,kashef-k8s-ctl.rate-66d9d98f67-459fp,container_cpu_user_seconds_total,0.242
1741559337,kashef-k8s-w1.memcached-reserve-bdcb467b4-fpm4v,container_cpu_user_seconds_total,0.092
1741559352,kashef-k8s-w1.geo-bd9dfdb45-pmmf7,container_cpu_user_seconds_total,0.313
1741559352,kashef-k8s-w1.user-698454f8c4-pfgkk,container_cpu_user_seconds_total,52.861
1741559352,kashef-k8s-ctl.profile-6c9f4cc75f-gldzm,container_cpu_user_seconds_total,0.334
1741559352,kashef-k8s-ctl.mongodb-reservation-7b474745f-h55m7,container_cpu_user_seconds_total,3.307
1741559352,kashef-k8s-ctl.memcached-profile-7d6fcb6b8-qbcm2,container_cpu_user_seconds_total,0.169
1741559352,kashef-k8s-ctl.memcached-rate-bcc5c97f8-xtz5g,container_cpu_user_seconds_total,0.149
1741559352,kashef-k8s-ctl.rate-66d9d98f67-459fp,container_cpu_user_seconds_total,0.246
1741559352,kashef-k8s-ctl.mongodb-recommendation-59d6b7ccf9-jnrb4,container_cpu_user_seconds_total,2.932
1741559352,kashef-k8s-w1.mongodb-user-6d96648ddc-pkv6k,container_cpu_user_seconds_total,1.747
1741559352,kashef-k8s-w1.consul-56f5cf4f78-qrhkb,container_cpu_user_seconds_total,3.554
1741559352,kashef-k8s-w1.mongodb-profile-6bb85f4df7-rfvcl,container_cpu_user_seconds_total,1.815
1741559352,kashef-k8s-w1.mongodb-geo-86b59b75f4-grd4s,container_cpu_user_seconds_total,1.649
1741559352,kashef-k8s-w1.recommendation-6494d54897-js5nk,container_cpu_user_seconds_total,0.173
1741559352,kashef-k8s-w1.search-8677798cf5-fsd5r,container_cpu_user_seconds_total,0.3
1741559352,kashef-k8s-ctl.mongodb-rate-785b799bbc-rh26t,container_cpu_user_seconds_total,3.329
1741559352,kashef-k8s-w1.jaeger-5d885bcf88-stzjn,container_cpu_user_seconds_total,0.206
1741559352,kashef-k8s-ctl.reservation-7799998946-chd6t,container_cpu_user_seconds_total,0.282
1741559352,kashef-k8s-w1.memcached-reserve-bdcb467b4-fpm4v,container_cpu_user_seconds_total,0.092
1741559352,kashef-k8s-w1.frontend-7d9d864798-n6lsm,container_cpu_user_seconds_total,0.366
1741559367,kashef-k8s-ctl.memcached-rate-bcc5c97f8-xtz5g,container_cpu_user_seconds_total,0.149
1741559367,kashef-k8s-w1.memcached-reserve-bdcb467b4-fpm4v,container_cpu_user_seconds_total,0.092
1741559367,kashef-k8s-w1.user-698454f8c4-pfgkk,container_cpu_user_seconds_total,52.861
1741559367,kashef-k8s-w1.recommendation-6494d54897-js5nk,container_cpu_user_seconds_total,0.173
1741559367,kashef-k8s-ctl.reservation-7799998946-chd6t,container_cpu_user_seconds_total,0.282
1741559367,kashef-k8s-w1.frontend-7d9d864798-n6lsm,container_cpu_user_seconds_total,0.366
1741559367,kashef-k8s-ctl.memcached-profile-7d6fcb6b8-qbcm2,container_cpu_user_seconds_total,0.169
1741559367,kashef-k8s-ctl.rate-66d9d98f67-459fp,container_cpu_user_seconds_total,0.246
1741559367,kashef-k8s-w1.mongodb-profile-6bb85f4df7-rfvcl,container_cpu_user_seconds_total,1.815
1741559367,kashef-k8s-w1.search-8677798cf5-fsd5r,container_cpu_user_seconds_total,0.3
1741559367,kashef-k8s-w1.mongodb-geo-86b59b75f4-grd4s,container_cpu_user_seconds_total,1.649
1741559367,kashef-k8s-w1.consul-56f5cf4f78-qrhkb,container_cpu_user_seconds_total,3.554
1741559367,kashef-k8s-w1.jaeger-5d885bcf88-stzjn,container_cpu_user_seconds_total,0.206
1741559367,kashef-k8s-w1.mongodb-user-6d96648ddc-pkv6k,container_cpu_user_seconds_total,1.747
1741559367,kashef-k8s-ctl.mongodb-reservation-7b474745f-h55m7,container_cpu_user_seconds_total,3.307
1741559367,kashef-k8s-ctl.mongodb-rate-785b799bbc-rh26t,container_cpu_user_seconds_total,3.329
1741559367,kashef-k8s-ctl.mongodb-recommendation-59d6b7ccf9-jnrb4,container_cpu_user_seconds_total,3.289
1741559367,kashef-k8s-w1.geo-bd9dfdb45-pmmf7,container_cpu_user_seconds_total,0.313
1741559367,kashef-k8s-ctl.profile-6c9f4cc75f-gldzm,container_cpu_user_seconds_total,0.334
1741559382,kashef-k8s-ctl.mongodb-rate-785b799bbc-rh26t,container_cpu_user_seconds_total,3.329
1741559382,kashef-k8s-w1.user-698454f8c4-pfgkk,container_cpu_user_seconds_total,52.861
1741559382,kashef-k8s-ctl.memcached-rate-bcc5c97f8-xtz5g,container_cpu_user_seconds_total,0.149
1741559382,kashef-k8s-ctl.rate-66d9d98f67-459fp,container_cpu_user_seconds_total,0.246
1741559382,kashef-k8s-w1.frontend-7d9d864798-n6lsm,container_cpu_user_seconds_total,0.366
1741559382,kashef-k8s-w1.mongodb-user-6d96648ddc-pkv6k,container_cpu_user_seconds_total,1.747
1741559382,kashef-k8s-w1.jaeger-5d885bcf88-stzjn,container_cpu_user_seconds_total,0.206
1741559382,kashef-k8s-ctl.mongodb-reservation-7b474745f-h55m7,container_cpu_user_seconds_total,3.307
1741559382,kashef-k8s-w1.recommendation-6494d54897-js5nk,container_cpu_user_seconds_total,0.173
1741559382,kashef-k8s-w1.search-8677798cf5-fsd5r,container_cpu_user_seconds_total,0.3
1741559382,kashef-k8s-w1.mongodb-geo-86b59b75f4-grd4s,container_cpu_user_seconds_total,1.649
1741559382,kashef-k8s-ctl.reservation-7799998946-chd6t,container_cpu_user_seconds_total,0.282
1741559382,kashef-k8s-ctl.memcached-profile-7d6fcb6b8-qbcm2,container_cpu_user_seconds_total,0.169
1741559382,kashef-k8s-ctl.mongodb-recommendation-59d6b7ccf9-jnrb4,container_cpu_user_seconds_total,3.289
1741559382,kashef-k8s-w1.consul-56f5cf4f78-qrhkb,container_cpu_user_seconds_total,3.554
1741559382,kashef-k8s-w1.memcached-reserve-bdcb467b4-fpm4v,container_cpu_user_seconds_total,0.092
1741559382,kashef-k8s-w1.mongodb-profile-6bb85f4df7-rfvcl,container_cpu_user_seconds_total,1.815
1741559382,kashef-k8s-ctl.profile-6c9f4cc75f-gldzm,container_cpu_user_seconds_total,0.334
1741559382,kashef-k8s-w1.geo-bd9dfdb45-pmmf7,container_cpu_user_seconds_total,0.313
1741559397,kashef-k8s-w1.mongodb-profile-6bb85f4df7-rfvcl,container_cpu_user_seconds_total,1.916
1741559397,kashef-k8s-w1.memcached-reserve-bdcb467b4-fpm4v,container_cpu_user_seconds_total,0.092
1741559397,kashef-k8s-ctl.memcached-profile-7d6fcb6b8-qbcm2,container_cpu_user_seconds_total,0.175
1741559397,kashef-k8s-w1.geo-bd9dfdb45-pmmf7,container_cpu_user_seconds_total,0.317
1741559397,kashef-k8s-ctl.mongodb-recommendation-59d6b7ccf9-jnrb4,container_cpu_user_seconds_total,3.462
1741559397,kashef-k8s-w1.mongodb-user-6d96648ddc-pkv6k,container_cpu_user_seconds_total,1.747
1741559397,kashef-k8s-w1.consul-56f5cf4f78-qrhkb,container_cpu_user_seconds_total,3.554
1741559397,kashef-k8s-ctl.reservation-7799998946-chd6t,container_cpu_user_seconds_total,0.297
1741559397,kashef-k8s-w1.frontend-7d9d864798-n6lsm,container_cpu_user_seconds_total,0.366
1741559397,kashef-k8s-ctl.mongodb-rate-785b799bbc-rh26t,container_cpu_user_seconds_total,3.329
1741559397,kashef-k8s-ctl.rate-66d9d98f67-459fp,container_cpu_user_seconds_total,0.246
1741559397,kashef-k8s-ctl.mongodb-reservation-7b474745f-h55m7,container_cpu_user_seconds_total,3.307
1741559397,kashef-k8s-ctl.profile-6c9f4cc75f-gldzm,container_cpu_user_seconds_total,0.334
1741559397,kashef-k8s-w1.jaeger-5d885bcf88-stzjn,container_cpu_user_seconds_total,0.206
1741559397,kashef-k8s-w1.search-8677798cf5-fsd5r,container_cpu_user_seconds_total,0.323
1741559397,kashef-k8s-w1.recommendation-6494d54897-js5nk,container_cpu_user_seconds_total,0.173
1741559397,kashef-k8s-w1.user-698454f8c4-pfgkk,container_cpu_user_seconds_total,52.861
1741559397,kashef-k8s-ctl.memcached-rate-bcc5c97f8-xtz5g,container_cpu_user_seconds_total,0.149
1741559397,kashef-k8s-w1.mongodb-geo-86b59b75f4-grd4s,container_cpu_user_seconds_total,1.649
1741559412,kashef-k8s-w1.mongodb-user-6d96648ddc-pkv6k,container_cpu_user_seconds_total,1.855
1741559412,kashef-k8s-ctl.mongodb-recommendation-59d6b7ccf9-jnrb4,container_cpu_user_seconds_total,3.462
1741559412,kashef-k8s-w1.consul-56f5cf4f78-qrhkb,container_cpu_user_seconds_total,4.061
1741559412,kashef-k8s-ctl.profile-6c9f4cc75f-gldzm,container_cpu_user_seconds_total,0.355
1741559412,kashef-k8s-w1.mongodb-geo-86b59b75f4-grd4s,container_cpu_user_seconds_total,1.725
1741559412,kashef-k8s-w1.jaeger-5d885bcf88-stzjn,container_cpu_user_seconds_total,0.218
1741559412,kashef-k8s-w1.search-8677798cf5-fsd5r,container_cpu_user_seconds_total,0.323
1741559412,kashef-k8s-w1.recommendation-6494d54897-js5nk,container_cpu_user_seconds_total,0.173
1741559412,kashef-k8s-ctl.mongodb-reservation-7b474745f-h55m7,container_cpu_user_seconds_total,3.549
1741559412,kashef-k8s-ctl.memcached-profile-7d6fcb6b8-qbcm2,container_cpu_user_seconds_total,0.175
1741559412,kashef-k8s-w1.mongodb-profile-6bb85f4df7-rfvcl,container_cpu_user_seconds_total,1.916
1741559412,kashef-k8s-w1.memcached-reserve-bdcb467b4-fpm4v,container_cpu_user_seconds_total,0.104
1741559412,kashef-k8s-ctl.memcached-rate-bcc5c97f8-xtz5g,container_cpu_user_seconds_total,0.158
1741559412,kashef-k8s-ctl.mongodb-rate-785b799bbc-rh26t,container_cpu_user_seconds_total,3.607
1741559412,kashef-k8s-w1.frontend-7d9d864798-n6lsm,container_cpu_user_seconds_total,0.382
1741559412,kashef-k8s-ctl.reservation-7799998946-chd6t,container_cpu_user_seconds_total,0.297
1741559412,kashef-k8s-w1.user-698454f8c4-pfgkk,container_cpu_user_seconds_total,58.043
1741559412,kashef-k8s-ctl.rate-66d9d98f67-459fp,container_cpu_user_seconds_total,0.251
1741559412,kashef-k8s-w1.geo-bd9dfdb45-pmmf7,container_cpu_user_seconds_total,0.317
1741559427,kashef-k8s-w1.geo-bd9dfdb45-pmmf7,container_cpu_user_seconds_total,0.317
1741559427,kashef-k8s-ctl.mongodb-recommendation-59d6b7ccf9-jnrb4,container_cpu_user_seconds_total,3.462
1741559427,kashef-k8s-ctl.memcached-rate-bcc5c97f8-xtz5g,container_cpu_user_seconds_total,0.158
1741559427,kashef-k8s-w1.mongodb-profile-6bb85f4df7-rfvcl,container_cpu_user_seconds_total,1.916
1741559427,kashef-k8s-ctl.rate-66d9d98f67-459fp,container_cpu_user_seconds_total,0.251
1741559427,kashef-k8s-ctl.memcached-profile-7d6fcb6b8-qbcm2,container_cpu_user_seconds_total,0.175
1741559427,kashef-k8s-ctl.reservation-7799998946-chd6t,container_cpu_user_seconds_total,0.297
1741559427,kashef-k8s-ctl.mongodb-reservation-7b474745f-h55m7,container_cpu_user_seconds_total,3.549
1741559427,kashef-k8s-w1.jaeger-5d885bcf88-stzjn,container_cpu_user_seconds_total,0.218
1741559427,kashef-k8s-w1.mongodb-geo-86b59b75f4-grd4s,container_cpu_user_seconds_total,1.725
1741559427,kashef-k8s-w1.search-8677798cf5-fsd5r,container_cpu_user_seconds_total,0.323
1741559427,kashef-k8s-w1.memcached-reserve-bdcb467b4-fpm4v,container_cpu_user_seconds_total,0.104
1741559427,kashef-k8s-w1.mongodb-user-6d96648ddc-pkv6k,container_cpu_user_seconds_total,1.855
1741559427,kashef-k8s-w1.consul-56f5cf4f78-qrhkb,container_cpu_user_seconds_total,4.061
1741559427,kashef-k8s-ctl.mongodb-rate-785b799bbc-rh26t,container_cpu_user_seconds_total,3.607
1741559427,kashef-k8s-w1.recommendation-6494d54897-js5nk,container_cpu_user_seconds_total,0.173
1741559427,kashef-k8s-w1.frontend-7d9d864798-n6lsm,container_cpu_user_seconds_total,0.382
1741559427,kashef-k8s-w1.user-698454f8c4-pfgkk,container_cpu_user_seconds_total,58.043
1741559427,kashef-k8s-ctl.profile-6c9f4cc75f-gldzm,container_cpu_user_seconds_total,0.355
1741559442,kashef-k8s-ctl.mongodb-reservation-7b474745f-h55m7,container_cpu_user_seconds_total,3.549
1741559442,kashef-k8s-w1.consul-56f5cf4f78-qrhkb,container_cpu_user_seconds_total,4.061
1741559442,kashef-k8s-ctl.mongodb-rate-785b799bbc-rh26t,container_cpu_user_seconds_total,3.607
1741559442,kashef-k8s-ctl.profile-6c9f4cc75f-gldzm,container_cpu_user_seconds_total,0.355
1741559442,kashef-k8s-w1.mongodb-geo-86b59b75f4-grd4s,container_cpu_user_seconds_total,1.725
1741559442,kashef-k8s-ctl.reservation-7799998946-chd6t,container_cpu_user_seconds_total,0.297
1741559442,kashef-k8s-w1.mongodb-user-6d96648ddc-pkv6k,container_cpu_user_seconds_total,1.855
1741559442,kashef-k8s-ctl.mongodb-recommendation-59d6b7ccf9-jnrb4,container_cpu_user_seconds_total,3.462
1741559442,kashef-k8s-ctl.memcached-profile-7d6fcb6b8-qbcm2,container_cpu_user_seconds_total,0.175
1741559442,kashef-k8s-ctl.rate-66d9d98f67-459fp,container_cpu_user_seconds_total,0.251
1741559442,kashef-k8s-w1.mongodb-profile-6bb85f4df7-rfvcl,container_cpu_user_seconds_total,1.916
1741559442,kashef-k8s-ctl.memcached-rate-bcc5c97f8-xtz5g,container_cpu_user_seconds_total,0.158
1741559442,kashef-k8s-w1.geo-bd9dfdb45-pmmf7,container_cpu_user_seconds_total,0.317
1741559442,kashef-k8s-w1.user-698454f8c4-pfgkk,container_cpu_user_seconds_total,58.043
1741559442,kashef-k8s-w1.memcached-reserve-bdcb467b4-fpm4v,container_cpu_user_seconds_total,0.104
1741559442,kashef-k8s-w1.recommendation-6494d54897-js5nk,container_cpu_user_seconds_total,0.173
1741559442,kashef-k8s-w1.jaeger-5d885bcf88-stzjn,container_cpu_user_seconds_total,0.218
1741559442,kashef-k8s-w1.frontend-7d9d864798-n6lsm,container_cpu_user_seconds_total,0.382
1741559442,kashef-k8s-w1.search-8677798cf5-fsd5r,container_cpu_user_seconds_total,0.323
1741559457,kashef-k8s-ctl.mongodb-rate-785b799bbc-rh26t,container_cpu_user_seconds_total,3.607
1741559457,kashef-k8s-ctl.rate-66d9d98f67-459fp,container_cpu_user_seconds_total,0.251
1741559457,kashef-k8s-ctl.memcached-rate-bcc5c97f8-xtz5g,container_cpu_user_seconds_total,0.158
1741559457,kashef-k8s-ctl.memcached-profile-7d6fcb6b8-qbcm2,container_cpu_user_seconds_total,0.178
1741559457,kashef-k8s-ctl.profile-6c9f4cc75f-gldzm,container_cpu_user_seconds_total,0.362
1741559457,kashef-k8s-w1.geo-bd9dfdb45-pmmf7,container_cpu_user_seconds_total,0.345
1741559457,kashef-k8s-ctl.mongodb-reservation-7b474745f-h55m7,container_cpu_user_seconds_total,3.549
1741559457,kashef-k8s-w1.mongodb-geo-86b59b75f4-grd4s,container_cpu_user_seconds_total,1.802
1741559457,kashef-k8s-w1.mongodb-profile-6bb85f4df7-rfvcl,container_cpu_user_seconds_total,1.916
1741559457,kashef-k8s-w1.jaeger-5d885bcf88-stzjn,container_cpu_user_seconds_total,0.218
1741559457,kashef-k8s-w1.mongodb-user-6d96648ddc-pkv6k,container_cpu_user_seconds_total,1.855
1741559457,kashef-k8s-ctl.reservation-7799998946-chd6t,container_cpu_user_seconds_total,0.297
1741559457,kashef-k8s-ctl.mongodb-recommendation-59d6b7ccf9-jnrb4,container_cpu_user_seconds_total,3.462
1741559457,kashef-k8s-w1.recommendation-6494d54897-js5nk,container_cpu_user_seconds_total,0.188
1741559457,kashef-k8s-w1.search-8677798cf5-fsd5r,container_cpu_user_seconds_total,0.332
1741559457,kashef-k8s-w1.consul-56f5cf4f78-qrhkb,container_cpu_user_seconds_total,4.334
1741559457,kashef-k8s-w1.user-698454f8c4-pfgkk,container_cpu_user_seconds_total,62.071
1741559457,kashef-k8s-w1.memcached-reserve-bdcb467b4-fpm4v,container_cpu_user_seconds_total,0.104
1741559457,kashef-k8s-w1.frontend-7d9d864798-n6lsm,container_cpu_user_seconds_total,0.39
1741559472,kashef-k8s-w1.frontend-7d9d864798-n6lsm,container_cpu_user_seconds_total,0.39
1741559472,kashef-k8s-w1.recommendation-6494d54897-js5nk,container_cpu_user_seconds_total,0.188
1741559472,kashef-k8s-w1.search-8677798cf5-fsd5r,container_cpu_user_seconds_total,0.332
1741559472,kashef-k8s-w1.mongodb-user-6d96648ddc-pkv6k,container_cpu_user_seconds_total,1.993
1741559472,kashef-k8s-ctl.mongodb-rate-785b799bbc-rh26t,container_cpu_user_seconds_total,3.843
1741559472,kashef-k8s-ctl.reservation-7799998946-chd6t,container_cpu_user_seconds_total,0.314
1741559472,kashef-k8s-ctl.mongodb-recommendation-59d6b7ccf9-jnrb4,container_cpu_user_seconds_total,3.722
1741559472,kashef-k8s-ctl.rate-66d9d98f67-459fp,container_cpu_user_seconds_total,0.261
1741559472,kashef-k8s-ctl.mongodb-reservation-7b474745f-h55m7,container_cpu_user_seconds_total,3.848
1741559472,kashef-k8s-w1.consul-56f5cf4f78-qrhkb,container_cpu_user_seconds_total,4.334
1741559472,kashef-k8s-w1.mongodb-profile-6bb85f4df7-rfvcl,container_cpu_user_seconds_total,1.994
1741559472,kashef-k8s-w1.jaeger-5d885bcf88-stzjn,container_cpu_user_seconds_total,0.221
1741559472,kashef-k8s-w1.mongodb-geo-86b59b75f4-grd4s,container_cpu_user_seconds_total,1.802
1741559472,kashef-k8s-ctl.memcached-profile-7d6fcb6b8-qbcm2,container_cpu_user_seconds_total,0.178
1741559472,kashef-k8s-ctl.memcached-rate-bcc5c97f8-xtz5g,container_cpu_user_seconds_total,0.161
1741559472,kashef-k8s-w1.memcached-reserve-bdcb467b4-fpm4v,container_cpu_user_seconds_total,0.104
1741559472,kashef-k8s-ctl.profile-6c9f4cc75f-gldzm,container_cpu_user_seconds_total,0.362
1741559472,kashef-k8s-w1.geo-bd9dfdb45-pmmf7,container_cpu_user_seconds_total,0.345
1741559472,kashef-k8s-w1.user-698454f8c4-pfgkk,container_cpu_user_seconds_total,62.071
1741559487,kashef-k8s-w1.recommendation-6494d54897-js5nk,container_cpu_user_seconds_total,0.188
1741559487,kashef-k8s-ctl.mongodb-rate-785b799bbc-rh26t,container_cpu_user_seconds_total,3.843
1741559487,kashef-k8s-w1.search-8677798cf5-fsd5r,container_cpu_user_seconds_total,0.332
1741559487,kashef-k8s-w1.mongodb-user-6d96648ddc-pkv6k,container_cpu_user_seconds_total,1.993
1741559487,kashef-k8s-ctl.rate-66d9d98f67-459fp,container_cpu_user_seconds_total,0.261
1741559487,kashef-k8s-ctl.mongodb-reservation-7b474745f-h55m7,container_cpu_user_seconds_total,3.848
1741559487,kashef-k8s-w1.mongodb-geo-86b59b75f4-grd4s,container_cpu_user_seconds_total,1.802
1741559487,kashef-k8s-ctl.reservation-7799998946-chd6t,container_cpu_user_seconds_total,0.314
1741559487,kashef-k8s-ctl.mongodb-recommendation-59d6b7ccf9-jnrb4,container_cpu_user_seconds_total,3.722
1741559487,kashef-k8s-w1.geo-bd9dfdb45-pmmf7,container_cpu_user_seconds_total,0.345
1741559487,kashef-k8s-w1.frontend-7d9d864798-n6lsm,container_cpu_user_seconds_total,0.39
1741559487,kashef-k8s-w1.consul-56f5cf4f78-qrhkb,container_cpu_user_seconds_total,4.334
1741559487,kashef-k8s-w1.memcached-reserve-bdcb467b4-fpm4v,container_cpu_user_seconds_total,0.104
1741559487,kashef-k8s-w1.user-698454f8c4-pfgkk,container_cpu_user_seconds_total,62.071
1741559487,kashef-k8s-ctl.profile-6c9f4cc75f-gldzm,container_cpu_user_seconds_total,0.362
1741559487,kashef-k8s-w1.mongodb-profile-6bb85f4df7-rfvcl,container_cpu_user_seconds_total,1.994
1741559487,kashef-k8s-w1.jaeger-5d885bcf88-stzjn,container_cpu_user_seconds_total,0.221
1741559487,kashef-k8s-ctl.memcached-profile-7d6fcb6b8-qbcm2,container_cpu_user_seconds_total,0.178
1741559487,kashef-k8s-ctl.memcached-rate-bcc5c97f8-xtz5g,container_cpu_user_seconds_total,0.161
1741559502,kashef-k8s-w1.geo-bd9dfdb45-pmmf7,container_cpu_user_seconds_total,0.345
1741559502,kashef-k8s-ctl.mongodb-reservation-7b474745f-h55m7,container_cpu_user_seconds_total,3.848
1741559502,kashef-k8s-ctl.profile-6c9f4cc75f-gldzm,container_cpu_user_seconds_total,0.362
1741559502,kashef-k8s-ctl.memcached-rate-bcc5c97f8-xtz5g,container_cpu_user_seconds_total,0.161
1741559502,kashef-k8s-w1.mongodb-user-6d96648ddc-pkv6k,container_cpu_user_seconds_total,2.03
1741559502,kashef-k8s-w1.recommendation-6494d54897-js5nk,container_cpu_user_seconds_total,0.188
1741559502,kashef-k8s-w1.consul-56f5cf4f78-qrhkb,container_cpu_user_seconds_total,4.334
1741559502,kashef-k8s-ctl.mongodb-rate-785b799bbc-rh26t,container_cpu_user_seconds_total,3.843
1741559502,kashef-k8s-w1.user-698454f8c4-pfgkk,container_cpu_user_seconds_total,62.071
1741559502,kashef-k8s-ctl.memcached-profile-7d6fcb6b8-qbcm2,container_cpu_user_seconds_total,0.178
1741559502,kashef-k8s-w1.jaeger-5d885bcf88-stzjn,container_cpu_user_seconds_total,0.221
1741559502,kashef-k8s-w1.search-8677798cf5-fsd5r,container_cpu_user_seconds_total,0.332
1741559502,kashef-k8s-ctl.mongodb-recommendation-59d6b7ccf9-jnrb4,container_cpu_user_seconds_total,3.722
1741559502,kashef-k8s-w1.memcached-reserve-bdcb467b4-fpm4v,container_cpu_user_seconds_total,0.104
1741559502,kashef-k8s-w1.mongodb-geo-86b59b75f4-grd4s,container_cpu_user_seconds_total,1.802
1741559502,kashef-k8s-ctl.reservation-7799998946-chd6t,container_cpu_user_seconds_total,0.314
1741559502,kashef-k8s-w1.frontend-7d9d864798-n6lsm,container_cpu_user_seconds_total,0.39
1741559502,kashef-k8s-w1.mongodb-profile-6bb85f4df7-rfvcl,container_cpu_user_seconds_total,1.994
1741559502,kashef-k8s-ctl.rate-66d9d98f67-459fp,container_cpu_user_seconds_total,0.261
1741559517,kashef-k8s-ctl.rate-66d9d98f67-459fp,container_cpu_user_seconds_total,0.261
1741559517,kashef-k8s-w1.memcached-reserve-bdcb467b4-fpm4v,container_cpu_user_seconds_total,0.104
1741559517,kashef-k8s-w1.frontend-7d9d864798-n6lsm,container_cpu_user_seconds_total,0.407
1741559517,kashef-k8s-ctl.reservation-7799998946-chd6t,container_cpu_user_seconds_total,0.336
1741559517,kashef-k8s-w1.user-698454f8c4-pfgkk,container_cpu_user_seconds_total,67.071
1741559517,kashef-k8s-ctl.mongodb-recommendation-59d6b7ccf9-jnrb4,container_cpu_user_seconds_total,3.984
1741559517,kashef-k8s-w1.search-8677798cf5-fsd5r,container_cpu_user_seconds_total,0.356
1741559517,kashef-k8s-w1.mongodb-geo-86b59b75f4-grd4s,container_cpu_user_seconds_total,1.866
1741559517,kashef-k8s-w1.mongodb-profile-6bb85f4df7-rfvcl,container_cpu_user_seconds_total,2.069
1741559517,kashef-k8s-w1.recommendation-6494d54897-js5nk,container_cpu_user_seconds_total,0.188
1741559517,kashef-k8s-w1.jaeger-5d885bcf88-stzjn,container_cpu_user_seconds_total,0.221
1741559517,kashef-k8s-ctl.memcached-rate-bcc5c97f8-xtz5g,container_cpu_user_seconds_total,0.161
1741559517,kashef-k8s-ctl.memcached-profile-7d6fcb6b8-qbcm2,container_cpu_user_seconds_total,0.178
1741559517,kashef-k8s-w1.consul-56f5cf4f78-qrhkb,container_cpu_user_seconds_total,4.703
1741559517,kashef-k8s-w1.mongodb-user-6d96648ddc-pkv6k,container_cpu_user_seconds_total,2.03
1741559517,kashef-k8s-ctl.mongodb-rate-785b799bbc-rh26t,container_cpu_user_seconds_total,4.1
1741559517,kashef-k8s-ctl.mongodb-reservation-7b474745f-h55m7,container_cpu_user_seconds_total,4.171
1741559517,kashef-k8s-ctl.profile-6c9f4cc75f-gldzm,container_cpu_user_seconds_total,0.39
1741559517,kashef-k8s-w1.geo-bd9dfdb45-pmmf7,container_cpu_user_seconds_total,0.349
1741559532,kashef-k8s-w1.recommendation-6494d54897-js5nk,container_cpu_user_seconds_total,0.197
1741559532,kashef-k8s-ctl.memcached-profile-7d6fcb6b8-qbcm2,container_cpu_user_seconds_total,0.178
1741559532,kashef-k8s-ctl.mongodb-rate-785b799bbc-rh26t,container_cpu_user_seconds_total,4.1
1741559532,kashef-k8s-w1.mongodb-geo-86b59b75f4-grd4s,container_cpu_user_seconds_total,1.866
1741559532,kashef-k8s-w1.consul-56f5cf4f78-qrhkb,container_cpu_user_seconds_total,4.703
1741559532,kashef-k8s-w1.mongodb-profile-6bb85f4df7-rfvcl,container_cpu_user_seconds_total,2.069
1741559532,kashef-k8s-w1.user-698454f8c4-pfgkk,container_cpu_user_seconds_total,67.071
1741559532,kashef-k8s-ctl.mongodb-recommendation-59d6b7ccf9-jnrb4,container_cpu_user_seconds_total,3.984
1741559532,kashef-k8s-w1.search-8677798cf5-fsd5r,container_cpu_user_seconds_total,0.356
1741559532,kashef-k8s-w1.geo-bd9dfdb45-pmmf7,container_cpu_user_seconds_total,0.349
1741559532,kashef-k8s-ctl.reservation-7799998946-chd6t,container_cpu_user_seconds_total,0.336
1741559532,kashef-k8s-ctl.rate-66d9d98f67-459fp,container_cpu_user_seconds_total,0.272
1741559532,kashef-k8s-w1.frontend-7d9d864798-n6lsm,container_cpu_user_seconds_total,0.407
1741559532,kashef-k8s-ctl.mongodb-reservation-7b474745f-h55m7,container_cpu_user_seconds_total,4.171
1741559532,kashef-k8s-w1.memcached-reserve-bdcb467b4-fpm4v,container_cpu_user_seconds_total,0.104
1741559532,kashef-k8s-ctl.profile-6c9f4cc75f-gldzm,container_cpu_user_seconds_total,0.39
1741559532,kashef-k8s-w1.mongodb-user-6d96648ddc-pkv6k,container_cpu_user_seconds_total,2.03
1741559532,kashef-k8s-ctl.memcached-rate-bcc5c97f8-xtz5g,container_cpu_user_seconds_total,0.169
1741559532,kashef-k8s-w1.jaeger-5d885bcf88-stzjn,container_cpu_user_seconds_total,0.221
1741559547,kashef-k8s-w1.search-8677798cf5-fsd5r,container_cpu_user_seconds_total,0.356
1741559547,kashef-k8s-w1.mongodb-geo-86b59b75f4-grd4s,container_cpu_user_seconds_total,1.866
1741559547,kashef-k8s-ctl.memcached-profile-7d6fcb6b8-qbcm2,container_cpu_user_seconds_total,0.178
1741559547,kashef-k8s-w1.frontend-7d9d864798-n6lsm,container_cpu_user_seconds_total,0.407
1741559547,kashef-k8s-ctl.rate-66d9d98f67-459fp,container_cpu_user_seconds_total,0.272
1741559547,kashef-k8s-ctl.reservation-7799998946-chd6t,container_cpu_user_seconds_total,0.336
1741559547,kashef-k8s-ctl.memcached-rate-bcc5c97f8-xtz5g,container_cpu_user_seconds_total,0.169
1741559547,kashef-k8s-ctl.mongodb-recommendation-59d6b7ccf9-jnrb4,container_cpu_user_seconds_total,3.984
1741559547,kashef-k8s-ctl.profile-6c9f4cc75f-gldzm,container_cpu_user_seconds_total,0.39
1741559547,kashef-k8s-w1.mongodb-profile-6bb85f4df7-rfvcl,container_cpu_user_seconds_total,2.069
1741559547,kashef-k8s-ctl.mongodb-rate-785b799bbc-rh26t,container_cpu_user_seconds_total,4.1
1741559547,kashef-k8s-w1.user-698454f8c4-pfgkk,container_cpu_user_seconds_total,67.071
1741559547,kashef-k8s-w1.geo-bd9dfdb45-pmmf7,container_cpu_user_seconds_total,0.349
1741559547,kashef-k8s-w1.jaeger-5d885bcf88-stzjn,container_cpu_user_seconds_total,0.221
1741559547,kashef-k8s-w1.consul-56f5cf4f78-qrhkb,container_cpu_user_seconds_total,4.703
1741559547,kashef-k8s-w1.recommendation-6494d54897-js5nk,container_cpu_user_seconds_total,0.197
1741559547,kashef-k8s-w1.mongodb-user-6d96648ddc-pkv6k,container_cpu_user_seconds_total,2.03
1741559547,kashef-k8s-ctl.mongodb-reservation-7b474745f-h55m7,container_cpu_user_seconds_total,4.171
1741559547,kashef-k8s-w1.memcached-reserve-bdcb467b4-fpm4v,container_cpu_user_seconds_total,0.104
1741559562,kashef-k8s-w1.search-8677798cf5-fsd5r,container_cpu_user_seconds_total,0.356
1741559562,kashef-k8s-w1.memcached-reserve-bdcb467b4-fpm4v,container_cpu_user_seconds_total,0.104
1741559562,kashef-k8s-ctl.mongodb-reservation-7b474745f-h55m7,container_cpu_user_seconds_total,4.171
1741559562,kashef-k8s-ctl.rate-66d9d98f67-459fp,container_cpu_user_seconds_total,0.272
1741559562,kashef-k8s-w1.mongodb-profile-6bb85f4df7-rfvcl,container_cpu_user_seconds_total,2.069
1741559562,kashef-k8s-ctl.memcached-profile-7d6fcb6b8-qbcm2,container_cpu_user_seconds_total,0.178
1741559562,kashef-k8s-ctl.reservation-7799998946-chd6t,container_cpu_user_seconds_total,0.336
1741559562,kashef-k8s-ctl.profile-6c9f4cc75f-gldzm,container_cpu_user_seconds_total,0.39
1741559562,kashef-k8s-w1.mongodb-geo-86b59b75f4-grd4s,container_cpu_user_seconds_total,1.866
1741559562,kashef-k8s-ctl.mongodb-rate-785b799bbc-rh26t,container_cpu_user_seconds_total,4.1
1741559562,kashef-k8s-w1.consul-56f5cf4f78-qrhkb,container_cpu_user_seconds_total,4.703
1741559562,kashef-k8s-w1.recommendation-6494d54897-js5nk,container_cpu_user_seconds_total,0.197
1741559562,kashef-k8s-ctl.mongodb-recommendation-59d6b7ccf9-jnrb4,container_cpu_user_seconds_total,3.984
1741559562,kashef-k8s-w1.mongodb-user-6d96648ddc-pkv6k,container_cpu_user_seconds_total,2.03
1741559562,kashef-k8s-ctl.memcached-rate-bcc5c97f8-xtz5g,container_cpu_user_seconds_total,0.169
1741559562,kashef-k8s-w1.jaeger-5d885bcf88-stzjn,container_cpu_user_seconds_total,0.221
1741559562,kashef-k8s-w1.geo-bd9dfdb45-pmmf7,container_cpu_user_seconds_total,0.349
1741559562,kashef-k8s-w1.frontend-7d9d864798-n6lsm,container_cpu_user_seconds_total,0.407
1741559562,kashef-k8s-w1.user-698454f8c4-pfgkk,container_cpu_user_seconds_total,67.071
1741559577,kashef-k8s-ctl.memcached-profile-7d6fcb6b8-qbcm2,container_cpu_user_seconds_total,0.184
1741559577,kashef-k8s-ctl.profile-6c9f4cc75f-gldzm,container_cpu_user_seconds_total,0.398
1741559577,kashef-k8s-ctl.reservation-7799998946-chd6t,container_cpu_user_seconds_total,0.336
1741559577,kashef-k8s-w1.search-8677798cf5-fsd5r,container_cpu_user_seconds_total,0.367
1741559577,kashef-k8s-w1.mongodb-profile-6bb85f4df7-rfvcl,container_cpu_user_seconds_total,2.132
1741559577,kashef-k8s-ctl.mongodb-recommendation-59d6b7ccf9-jnrb4,container_cpu_user_seconds_total,3.984
1741559577,kashef-k8s-w1.mongodb-geo-86b59b75f4-grd4s,container_cpu_user_seconds_total,1.866
1741559577,kashef-k8s-w1.jaeger-5d885bcf88-stzjn,container_cpu_user_seconds_total,0.225
1741559577,kashef-k8s-ctl.rate-66d9d98f67-459fp,container_cpu_user_seconds_total,0.272
1741559577,kashef-k8s-ctl.memcached-rate-bcc5c97f8-xtz5g,container_cpu_user_seconds_total,0.188
1741559577,kashef-k8s-ctl.mongodb-reservation-7b474745f-h55m7,container_cpu_user_seconds_total,4.171
1741559577,kashef-k8s-w1.memcached-reserve-bdcb467b4-fpm4v,container_cpu_user_seconds_total,0.104
1741559577,kashef-k8s-w1.recommendation-6494d54897-js5nk,container_cpu_user_seconds_total,0.197
1741559577,kashef-k8s-w1.consul-56f5cf4f78-qrhkb,container_cpu_user_seconds_total,5.022
1741559577,kashef-k8s-w1.mongodb-user-6d96648ddc-pkv6k,container_cpu_user_seconds_total,2.03
1741559577,kashef-k8s-ctl.mongodb-rate-785b799bbc-rh26t,container_cpu_user_seconds_total,4.448
1741559577,kashef-k8s-w1.user-698454f8c4-pfgkk,container_cpu_user_seconds_total,72.107
1741559577,kashef-k8s-w1.geo-bd9dfdb45-pmmf7,container_cpu_user_seconds_total,0.357
1741559577,kashef-k8s-w1.frontend-7d9d864798-n6lsm,container_cpu_user_seconds_total,0.407
1741559592,kashef-k8s-w1.frontend-7d9d864798-n6lsm,container_cpu_user_seconds_total,0.418
1741559592,kashef-k8s-ctl.mongodb-reservation-7b474745f-h55m7,container_cpu_user_seconds_total,4.661
1741559592,kashef-k8s-w1.mongodb-profile-6bb85f4df7-rfvcl,container_cpu_user_seconds_total,2.132
1741559592,kashef-k8s-w1.user-698454f8c4-pfgkk,container_cpu_user_seconds_total,72.107
1741559592,kashef-k8s-w1.mongodb-user-6d96648ddc-pkv6k,container_cpu_user_seconds_total,2.134
1741559592,kashef-k8s-ctl.mongodb-rate-785b799bbc-rh26t,container_cpu_user_seconds_total,4.448
1741559592,kashef-k8s-w1.geo-bd9dfdb45-pmmf7,container_cpu_user_seconds_total,0.357
1741559592,kashef-k8s-w1.consul-56f5cf4f78-qrhkb,container_cpu_user_seconds_total,5.022
1741559592,kashef-k8s-w1.recommendation-6494d54897-js5nk,container_cpu_user_seconds_total,0.197
1741559592,kashef-k8s-w1.mongodb-geo-86b59b75f4-grd4s,container_cpu_user_seconds_total,1.947
1741559592,kashef-k8s-ctl.memcached-rate-bcc5c97f8-xtz5g,container_cpu_user_seconds_total,0.188
1741559592,kashef-k8s-ctl.reservation-7799998946-chd6t,container_cpu_user_seconds_total,0.347
1741559592,kashef-k8s-w1.memcached-reserve-bdcb467b4-fpm4v,container_cpu_user_seconds_total,0.104
1741559592,kashef-k8s-ctl.profile-6c9f4cc75f-gldzm,container_cpu_user_seconds_total,0.398
1741559592,kashef-k8s-w1.jaeger-5d885bcf88-stzjn,container_cpu_user_seconds_total,0.225
1741559592,kashef-k8s-ctl.rate-66d9d98f67-459fp,container_cpu_user_seconds_total,0.277
1741559592,kashef-k8s-w1.search-8677798cf5-fsd5r,container_cpu_user_seconds_total,0.367
1741559592,kashef-k8s-ctl.mongodb-recommendation-59d6b7ccf9-jnrb4,container_cpu_user_seconds_total,4.436
1741559592,kashef-k8s-ctl.memcached-profile-7d6fcb6b8-qbcm2,container_cpu_user_seconds_total,0.184
1741559607,kashef-k8s-ctl.mongodb-rate-785b799bbc-rh26t,container_cpu_user_seconds_total,4.448
1741559607,kashef-k8s-ctl.memcached-rate-bcc5c97f8-xtz5g,container_cpu_user_seconds_total,0.188
1741559607,kashef-k8s-w1.user-698454f8c4-pfgkk,container_cpu_user_seconds_total,72.107
1741559607,kashef-k8s-ctl.memcached-profile-7d6fcb6b8-qbcm2,container_cpu_user_seconds_total,0.184
1741559607,kashef-k8s-w1.memcached-reserve-bdcb467b4-fpm4v,container_cpu_user_seconds_total,0.104
1741559607,kashef-k8s-w1.recommendation-6494d54897-js5nk,container_cpu_user_seconds_total,0.197
1741559607,kashef-k8s-w1.mongodb-geo-86b59b75f4-grd4s,container_cpu_user_seconds_total,1.947
1741559607,kashef-k8s-w1.consul-56f5cf4f78-qrhkb,container_cpu_user_seconds_total,5.022
1741559607,kashef-k8s-w1.mongodb-profile-6bb85f4df7-rfvcl,container_cpu_user_seconds_total,2.132
1741559607,kashef-k8s-ctl.profile-6c9f4cc75f-gldzm,container_cpu_user_seconds_total,0.398
1741559607,kashef-k8s-w1.geo-bd9dfdb45-pmmf7,container_cpu_user_seconds_total,0.357
1741559607,kashef-k8s-ctl.mongodb-reservation-7b474745f-h55m7,container_cpu_user_seconds_total,4.661
1741559607,kashef-k8s-w1.frontend-7d9d864798-n6lsm,container_cpu_user_seconds_total,0.418
1741559607,kashef-k8s-w1.search-8677798cf5-fsd5r,container_cpu_user_seconds_total,0.367
1741559607,kashef-k8s-ctl.mongodb-recommendation-59d6b7ccf9-jnrb4,container_cpu_user_seconds_total,4.436
1741559607,kashef-k8s-w1.mongodb-user-6d96648ddc-pkv6k,container_cpu_user_seconds_total,2.134
1741559607,kashef-k8s-ctl.reservation-7799998946-chd6t,container_cpu_user_seconds_total,0.347
1741559607,kashef-k8s-w1.jaeger-5d885bcf88-stzjn,container_cpu_user_seconds_total,0.225
1741559607,kashef-k8s-ctl.rate-66d9d98f67-459fp,container_cpu_user_seconds_total,0.277
1741559622,kashef-k8s-w1.mongodb-geo-86b59b75f4-grd4s,container_cpu_user_seconds_total,1.947
1741559622,kashef-k8s-w1.recommendation-6494d54897-js5nk,container_cpu_user_seconds_total,0.197
1741559622,kashef-k8s-ctl.mongodb-reservation-7b474745f-h55m7,container_cpu_user_seconds_total,4.661
1741559622,kashef-k8s-ctl.profile-6c9f4cc75f-gldzm,container_cpu_user_seconds_total,0.398
1741559622,kashef-k8s-ctl.memcached-rate-bcc5c97f8-xtz5g,container_cpu_user_seconds_total,0.188
1741559622,kashef-k8s-ctl.rate-66d9d98f67-459fp,container_cpu_user_seconds_total,0.277
1741559622,kashef-k8s-ctl.mongodb-rate-785b799bbc-rh26t,container_cpu_user_seconds_total,4.448
1741559622,kashef-k8s-w1.user-698454f8c4-pfgkk,container_cpu_user_seconds_total,72.107
1741559622,kashef-k8s-w1.consul-56f5cf4f78-qrhkb,container_cpu_user_seconds_total,5.022
1741559622,kashef-k8s-w1.geo-bd9dfdb45-pmmf7,container_cpu_user_seconds_total,0.357
1741559622,kashef-k8s-w1.memcached-reserve-bdcb467b4-fpm4v,container_cpu_user_seconds_total,0.104
1741559622,kashef-k8s-ctl.reservation-7799998946-chd6t,container_cpu_user_seconds_total,0.347
1741559622,kashef-k8s-w1.jaeger-5d885bcf88-stzjn,container_cpu_user_seconds_total,0.225
1741559622,kashef-k8s-w1.mongodb-user-6d96648ddc-pkv6k,container_cpu_user_seconds_total,2.134
1741559622,kashef-k8s-ctl.memcached-profile-7d6fcb6b8-qbcm2,container_cpu_user_seconds_total,0.184
1741559622,kashef-k8s-ctl.mongodb-recommendation-59d6b7ccf9-jnrb4,container_cpu_user_seconds_total,4.436
1741559622,kashef-k8s-w1.search-8677798cf5-fsd5r,container_cpu_user_seconds_total,0.367
1741559622,kashef-k8s-w1.mongodb-profile-6bb85f4df7-rfvcl,container_cpu_user_seconds_total,2.132
1741559622,kashef-k8s-w1.frontend-7d9d864798-n6lsm,container_cpu_user_seconds_total,0.418
1741559637,kashef-k8s-w1.mongodb-profile-6bb85f4df7-rfvcl,container_cpu_user_seconds_total,2.181
1741559637,kashef-k8s-w1.frontend-7d9d864798-n6lsm,container_cpu_user_seconds_total,0.418
1741559637,kashef-k8s-w1.geo-bd9dfdb45-pmmf7,container_cpu_user_seconds_total,0.357
1741559637,kashef-k8s-ctl.mongodb-reservation-7b474745f-h55m7,container_cpu_user_seconds_total,4.661
1741559637,kashef-k8s-w1.memcached-reserve-bdcb467b4-fpm4v,container_cpu_user_seconds_total,0.104
1741559637,kashef-k8s-w1.mongodb-user-6d96648ddc-pkv6k,container_cpu_user_seconds_total,2.201
1741559637,kashef-k8s-w1.user-698454f8c4-pfgkk,container_cpu_user_seconds_total,76.87
1741559637,kashef-k8s-w1.recommendation-6494d54897-js5nk,container_cpu_user_seconds_total,0.197
1741559637,kashef-k8s-ctl.mongodb-recommendation-59d6b7ccf9-jnrb4,container_cpu_user_seconds_total,4.436
1741559637,kashef-k8s-w1.mongodb-geo-86b59b75f4-grd4s,container_cpu_user_seconds_total,2.001
1741559637,kashef-k8s-ctl.mongodb-rate-785b799bbc-rh26t,container_cpu_user_seconds_total,4.448
1741559637,kashef-k8s-ctl.rate-66d9d98f67-459fp,container_cpu_user_seconds_total,0.277
1741559637,kashef-k8s-ctl.memcached-rate-bcc5c97f8-xtz5g,container_cpu_user_seconds_total,0.195
1741559637,kashef-k8s-ctl.memcached-profile-7d6fcb6b8-qbcm2,container_cpu_user_seconds_total,0.205
1741559637,kashef-k8s-w1.jaeger-5d885bcf88-stzjn,container_cpu_user_seconds_total,0.236
1741559637,kashef-k8s-ctl.reservation-7799998946-chd6t,container_cpu_user_seconds_total,0.347
1741559637,kashef-k8s-ctl.profile-6c9f4cc75f-gldzm,container_cpu_user_seconds_total,0.408
1741559637,kashef-k8s-w1.search-8677798cf5-fsd5r,container_cpu_user_seconds_total,0.375
1741559637,kashef-k8s-w1.consul-56f5cf4f78-qrhkb,container_cpu_user_seconds_total,5.375
1741559652,kashef-k8s-w1.geo-bd9dfdb45-pmmf7,container_cpu_user_seconds_total,0.405
1741559652,kashef-k8s-ctl.mongodb-reservation-7b474745f-h55m7,container_cpu_user_seconds_total,5.089
1741559652,kashef-k8s-w1.memcached-reserve-bdcb467b4-fpm4v,container_cpu_user_seconds_total,0.104
1741559652,kashef-k8s-w1.mongodb-user-6d96648ddc-pkv6k,container_cpu_user_seconds_total,2.201
1741559652,kashef-k8s-w1.mongodb-profile-6bb85f4df7-rfvcl,container_cpu_user_seconds_total,2.181
1741559652,kashef-k8s-w1.consul-56f5cf4f78-qrhkb,container_cpu_user_seconds_total,5.375
1741559652,kashef-k8s-w1.jaeger-5d885bcf88-stzjn,container_cpu_user_seconds_total,0.236
1741559652,kashef-k8s-ctl.reservation-7799998946-chd6t,container_cpu_user_seconds_total,0.367
1741559652,kashef-k8s-ctl.memcached-profile-7d6fcb6b8-qbcm2,container_cpu_user_seconds_total,0.205
1741559652,kashef-k8s-ctl.mongodb-rate-785b799bbc-rh26t,container_cpu_user_seconds_total,4.94
1741559652,kashef-k8s-w1.frontend-7d9d864798-n6lsm,container_cpu_user_seconds_total,0.435
1741559652,kashef-k8s-w1.recommendation-6494d54897-js5nk,container_cpu_user_seconds_total,0.213
1741559652,kashef-k8s-ctl.mongodb-recommendation-59d6b7ccf9-jnrb4,container_cpu_user_seconds_total,4.855
1741559652,kashef-k8s-ctl.memcached-rate-bcc5c97f8-xtz5g,container_cpu_user_seconds_total,0.195
1741559652,kashef-k8s-ctl.rate-66d9d98f67-459fp,container_cpu_user_seconds_total,0.294
1741559652,kashef-k8s-w1.mongodb-geo-86b59b75f4-grd4s,container_cpu_user_seconds_total,2.001
1741559652,kashef-k8s-ctl.profile-6c9f4cc75f-gldzm,container_cpu_user_seconds_total,0.408
1741559652,kashef-k8s-w1.user-698454f8c4-pfgkk,container_cpu_user_seconds_total,76.87
1741559652,kashef-k8s-w1.search-8677798cf5-fsd5r,container_cpu_user_seconds_total,0.375
1741559667,kashef-k8s-w1.search-8677798cf5-fsd5r,container_cpu_user_seconds_total,0.375
1741559667,kashef-k8s-ctl.memcached-rate-bcc5c97f8-xtz5g,container_cpu_user_seconds_total,0.195
1741559667,kashef-k8s-ctl.rate-66d9d98f67-459fp,container_cpu_user_seconds_total,0.294
1741559667,kashef-k8s-w1.user-698454f8c4-pfgkk,container_cpu_user_seconds_total,76.87
1741559667,kashef-k8s-w1.geo-bd9dfdb45-pmmf7,container_cpu_user_seconds_total,0.405
1741559667,kashef-k8s-w1.consul-56f5cf4f78-qrhkb,container_cpu_user_seconds_total,5.375
1741559667,kashef-k8s-w1.mongodb-geo-86b59b75f4-grd4s,container_cpu_user_seconds_total,2.001
1741559667,kashef-k8s-ctl.mongodb-rate-785b799bbc-rh26t,container_cpu_user_seconds_total,4.94
1741559667,kashef-k8s-ctl.memcached-profile-7d6fcb6b8-qbcm2,container_cpu_user_seconds_total,0.205
1741559667,kashef-k8s-w1.jaeger-5d885bcf88-stzjn,container_cpu_user_seconds_total,0.236
1741559667,kashef-k8s-w1.mongodb-profile-6bb85f4df7-rfvcl,container_cpu_user_seconds_total,2.181
1741559667,kashef-k8s-ctl.profile-6c9f4cc75f-gldzm,container_cpu_user_seconds_total,0.408
1741559667,kashef-k8s-w1.memcached-reserve-bdcb467b4-fpm4v,container_cpu_user_seconds_total,0.104
1741559667,kashef-k8s-ctl.reservation-7799998946-chd6t,container_cpu_user_seconds_total,0.367
1741559667,kashef-k8s-w1.recommendation-6494d54897-js5nk,container_cpu_user_seconds_total,0.213
1741559667,kashef-k8s-ctl.mongodb-recommendation-59d6b7ccf9-jnrb4,container_cpu_user_seconds_total,4.855
1741559667,kashef-k8s-w1.mongodb-user-6d96648ddc-pkv6k,container_cpu_user_seconds_total,2.201
1741559667,kashef-k8s-ctl.mongodb-reservation-7b474745f-h55m7,container_cpu_user_seconds_total,5.089
1741559667,kashef-k8s-w1.frontend-7d9d864798-n6lsm,container_cpu_user_seconds_total,0.435
1741559682,kashef-k8s-w1.consul-56f5cf4f78-qrhkb,container_cpu_user_seconds_total,5.375
1741559682,kashef-k8s-w1.mongodb-geo-86b59b75f4-grd4s,container_cpu_user_seconds_total,2.001
1741559682,kashef-k8s-w1.mongodb-profile-6bb85f4df7-rfvcl,container_cpu_user_seconds_total,2.181
1741559682,kashef-k8s-w1.memcached-reserve-bdcb467b4-fpm4v,container_cpu_user_seconds_total,0.104
1741559682,kashef-k8s-ctl.mongodb-rate-785b799bbc-rh26t,container_cpu_user_seconds_total,4.94
1741559682,kashef-k8s-w1.jaeger-5d885bcf88-stzjn,container_cpu_user_seconds_total,0.236
1741559682,kashef-k8s-w1.geo-bd9dfdb45-pmmf7,container_cpu_user_seconds_total,0.405
1741559682,kashef-k8s-ctl.memcached-rate-bcc5c97f8-xtz5g,container_cpu_user_seconds_total,0.195
1741559682,kashef-k8s-ctl.rate-66d9d98f67-459fp,container_cpu_user_seconds_total,0.294
1741559682,kashef-k8s-w1.user-698454f8c4-pfgkk,container_cpu_user_seconds_total,76.87
1741559682,kashef-k8s-ctl.mongodb-recommendation-59d6b7ccf9-jnrb4,container_cpu_user_seconds_total,4.855
1741559682,kashef-k8s-ctl.mongodb-reservation-7b474745f-h55m7,container_cpu_user_seconds_total,5.089
1741559682,kashef-k8s-w1.search-8677798cf5-fsd5r,container_cpu_user_seconds_total,0.375
1741559682,kashef-k8s-w1.mongodb-user-6d96648ddc-pkv6k,container_cpu_user_seconds_total,2.201
1741559682,kashef-k8s-w1.recommendation-6494d54897-js5nk,container_cpu_user_seconds_total,0.213
1741559682,kashef-k8s-ctl.reservation-7799998946-chd6t,container_cpu_user_seconds_total,0.367
1741559682,kashef-k8s-w1.frontend-7d9d864798-n6lsm,container_cpu_user_seconds_total,0.435
1741559682,kashef-k8s-ctl.profile-6c9f4cc75f-gldzm,container_cpu_user_seconds_total,0.408
1741559682,kashef-k8s-ctl.memcached-profile-7d6fcb6b8-qbcm2,container_cpu_user_seconds_total,0.205
1741559697,kashef-k8s-w1.consul-56f5cf4f78-qrhkb,container_cpu_user_seconds_total,5.375
1741559697,kashef-k8s-w1.geo-bd9dfdb45-pmmf7,container_cpu_user_seconds_total,0.405
1741559697,kashef-k8s-w1.frontend-7d9d864798-n6lsm,container_cpu_user_seconds_total,0.435
1741559697,kashef-k8s-ctl.mongodb-recommendation-59d6b7ccf9-jnrb4,container_cpu_user_seconds_total,4.855
1741559697,kashef-k8s-w1.mongodb-user-6d96648ddc-pkv6k,container_cpu_user_seconds_total,2.201
1741559697,kashef-k8s-ctl.rate-66d9d98f67-459fp,container_cpu_user_seconds_total,0.294
1741559697,kashef-k8s-ctl.mongodb-rate-785b799bbc-rh26t,container_cpu_user_seconds_total,4.94
1741559697,kashef-k8s-w1.search-8677798cf5-fsd5r,container_cpu_user_seconds_total,0.375
1741559697,kashef-k8s-w1.user-698454f8c4-pfgkk,container_cpu_user_seconds_total,76.87
1741559697,kashef-k8s-ctl.memcached-rate-bcc5c97f8-xtz5g,container_cpu_user_seconds_total,0.195
1741559697,kashef-k8s-w1.jaeger-5d885bcf88-stzjn,container_cpu_user_seconds_total,0.236
1741559697,kashef-k8s-ctl.profile-6c9f4cc75f-gldzm,container_cpu_user_seconds_total,0.408
1741559697,kashef-k8s-w1.mongodb-geo-86b59b75f4-grd4s,container_cpu_user_seconds_total,2.001
1741559697,kashef-k8s-w1.memcached-reserve-bdcb467b4-fpm4v,container_cpu_user_seconds_total,0.104
1741559697,kashef-k8s-ctl.reservation-7799998946-chd6t,container_cpu_user_seconds_total,0.367
1741559697,kashef-k8s-ctl.memcached-profile-7d6fcb6b8-qbcm2,container_cpu_user_seconds_total,0.205
1741559697,kashef-k8s-w1.recommendation-6494d54897-js5nk,container_cpu_user_seconds_total,0.213
1741559697,kashef-k8s-w1.mongodb-profile-6bb85f4df7-rfvcl,container_cpu_user_seconds_total,2.181
1741559697,kashef-k8s-ctl.mongodb-reservation-7b474745f-h55m7,container_cpu_user_seconds_total,5.089
