timestamp,cmdb_id,kpi_name,value
1739285475,mcnode19.user-timeline-mongodb-6758898d48-8pxfm,container_cpu_user_seconds_total,0.02
1739285475,mcnode19.jaeger-67997f9775-4vfpk,container_cpu_user_seconds_total,0.018
1739285475,mcnode19.media-mongodb-7b64c59567-zch5l,container_cpu_user_seconds_total,0.021
1739285475,mcnode19.social-graph-redis-5bbd5b7458-z2trh,container_cpu_user_seconds_total,0.049
1739285475,mcnode19.user-timeline-mongodb-6758898d48-8pxfm,container_cpu_user_seconds_total,0.591
1739285475,mcnode19.post-storage-memcached-6b75788fc6-92vl7,container_cpu_user_seconds_total,0.023
1739285475,mcnode19.social-graph-redis-5bbd5b7458-z2trh,container_cpu_user_seconds_total,0.031
1739285475,mcnode19.media-service-6c665c775d-g4kpq,container_cpu_user_seconds_total,0.022
1739285475,mcnode19.post-storage-mongodb-5579669d8c-thwth,container_cpu_user_seconds_total,0.0
1739285475,mcnode19.unique-id-service-694497b678-mdr5g,container_cpu_user_seconds_total,0.017
1739285475,mcnode19.url-shorten-memcached-6546746864-fwgsl,container_cpu_user_seconds_total,0.021
1739285475,mcnode19.user-mongodb-7745bbd78-67j8r,container_cpu_user_seconds_total,0.027
1739285475,mcnode19.jaeger-67997f9775-4vfpk,container_cpu_user_seconds_total,0.02
1739285475,mcnode19.user-timeline-service-664c7f6696-khsj2,container_cpu_user_seconds_total,0.03
1739285475,mcnode19.post-storage-memcached-6b75788fc6-92vl7,container_cpu_user_seconds_total,0.024
1739285475,mcnode19.home-timeline-redis-6c6647df6f-kxwd7,container_cpu_user_seconds_total,0.031
1739285475,mcnode19.user-mention-service-5c4f566c5-f44t2,container_cpu_user_seconds_total,0.013
1739285475,mcnode19.user-mention-service-5c4f566c5-f44t2,container_cpu_user_seconds_total,0.009
1739285475,mcnode19.social-graph-mongodb-55df767ff5-btmlt,container_cpu_user_seconds_total,0.017
1739285475,mcnode19.nginx-thrift-79478f9bf5-f9xwm,container_cpu_user_seconds_total,0.022
1739285475,mcnode19.social-graph-service-677dbc655c-gbgnr,container_cpu_user_seconds_total,0.048
1739285475,mcnode19.media-frontend-6b66b95ff4-42gfw,container_cpu_user_seconds_total,0.016
1739285475,mcnode19.home-timeline-service-5754ffbc6d-9mv6t,container_cpu_user_seconds_total,0.018
1739285475,mcnode19.home-timeline-redis-6c6647df6f-kxwd7,container_cpu_user_seconds_total,0.054
1739285475,mcnode19.nginx-thrift-79478f9bf5-f9xwm,container_cpu_user_seconds_total,0.022
1739285475,mcnode19.post-storage-service-66c9966f5f-n8b8r,container_cpu_user_seconds_total,0.022
1739285475,mcnode19.post-storage-service-66c9966f5f-n8b8r,container_cpu_user_seconds_total,0.022
1739285475,mcnode19.home-timeline-redis-6c6647df6f-kxwd7,container_cpu_user_seconds_total,0.023
1739285475,mcnode19.user-mention-service-5c4f566c5-f44t2,container_cpu_user_seconds_total,0.013
1739285475,mcnode19.social-graph-mongodb-55df767ff5-btmlt,container_cpu_user_seconds_total,0.022
1739285475,mcnode19.user-memcached-59687c864d-cs925,container_cpu_user_seconds_total,0.017
1739285475,mcnode19.media-frontend-6b66b95ff4-42gfw,container_cpu_user_seconds_total,0.016
1739285475,mcnode19.social-graph-service-677dbc655c-gbgnr,container_cpu_user_seconds_total,0.031
1739285475,mcnode19.user-memcached-59687c864d-cs925,container_cpu_user_seconds_total,0.017
1739285475,mcnode19.media-service-6c665c775d-g4kpq,container_cpu_user_seconds_total,0.022
1739285475,mcnode19.user-service-547b88cd8f-ckrf5,container_cpu_user_seconds_total,0.015
1739285475,mcnode19.user-mongodb-7745bbd78-67j8r,container_cpu_user_seconds_total,0.027
1739285475,mcnode19.compose-post-service-f587bf89d-wxzgx,container_cpu_user_seconds_total,0.027
1739285475,mcnode19.social-graph-redis-5bbd5b7458-z2trh,container_cpu_user_seconds_total,0.021
1739285475,mcnode19.media-memcached-7889bdfdfb-8kfqd,container_cpu_user_seconds_total,0.006
1739285475,mcnode19.post-storage-mongodb-5579669d8c-thwth,container_cpu_user_seconds_total,0.02
1739285475,mcnode19.text-service-fff64b8bf-8xjtr,container_cpu_user_seconds_total,0.005
1739285475,mcnode19.home-timeline-service-5754ffbc6d-9mv6t,container_cpu_user_seconds_total,0.016
1739285475,mcnode19.user-timeline-service-664c7f6696-khsj2,container_cpu_user_seconds_total,0.011
1739285475,mcnode19.user-timeline-redis-67cc95bc57-tvbsv,container_cpu_user_seconds_total,0.022
1739285475,mcnode19.url-shorten-memcached-6546746864-fwgsl,container_cpu_user_seconds_total,0.007
1739285475,mcnode19.jaeger-67997f9775-4vfpk,container_cpu_user_seconds_total,0.018
1739285475,mcnode19.user-timeline-service-664c7f6696-khsj2,container_cpu_user_seconds_total,0.019
1739285475,mcnode19.compose-post-service-f587bf89d-wxzgx,container_cpu_user_seconds_total,0.005
1739285475,mcnode19.media-memcached-7889bdfdfb-8kfqd,container_cpu_user_seconds_total,0.024
1739285475,mcnode19.user-service-547b88cd8f-ckrf5,container_cpu_user_seconds_total,0.033
1739285475,mcnode19.text-service-fff64b8bf-8xjtr,container_cpu_user_seconds_total,0.028
1739285475,mcnode19.compose-post-service-f587bf89d-wxzgx,container_cpu_user_seconds_total,0.032
1739285475,mcnode19.social-graph-service-677dbc655c-gbgnr,container_cpu_user_seconds_total,0.019
1739285475,mcnode19.post-storage-mongodb-5579669d8c-thwth,container_cpu_user_seconds_total,0.02
1739285475,mcnode19.user-service-547b88cd8f-ckrf5,container_cpu_user_seconds_total,0.047
1739285475,mcnode19.media-mongodb-7b64c59567-zch5l,container_cpu_user_seconds_total,0.024
1739285475,mcnode19.media-memcached-7889bdfdfb-8kfqd,container_cpu_user_seconds_total,0.024
1739285475,mcnode19.unique-id-service-694497b678-mdr5g,container_cpu_user_seconds_total,0.003
1739285475,mcnode19.user-timeline-redis-67cc95bc57-tvbsv,container_cpu_user_seconds_total,0.018
1739285475,mcnode19.text-service-fff64b8bf-8xjtr,container_cpu_user_seconds_total,0.022
1739285475,mcnode19.url-shorten-memcached-6546746864-fwgsl,container_cpu_user_seconds_total,0.031
1739285475,mcnode19.unique-id-service-694497b678-mdr5g,container_cpu_user_seconds_total,0.016
1739285475,mcnode19.user-timeline-redis-67cc95bc57-tvbsv,container_cpu_user_seconds_total,0.022
1739285475,mcnode19.user-timeline-mongodb-6758898d48-8pxfm,container_cpu_user_seconds_total,0.614
1739285490,mcnode19.user-timeline-service-664c7f6696-khsj2,container_cpu_user_seconds_total,0.011
1739285490,mcnode19.compose-post-service-f587bf89d-wxzgx,container_cpu_user_seconds_total,0.027
1739285490,mcnode19.user-timeline-service-664c7f6696-khsj2,container_cpu_user_seconds_total,0.019
1739285490,mcnode19.media-frontend-6b66b95ff4-42gfw,container_cpu_user_seconds_total,0.016
1739285490,mcnode19.media-memcached-7889bdfdfb-8kfqd,container_cpu_user_seconds_total,0.006
1739285490,mcnode19.social-graph-service-677dbc655c-gbgnr,container_cpu_user_seconds_total,0.031
1739285490,mcnode19.user-timeline-redis-67cc95bc57-tvbsv,container_cpu_user_seconds_total,0.018
1739285490,mcnode19.url-shorten-memcached-6546746864-fwgsl,container_cpu_user_seconds_total,0.021
1739285490,mcnode19.url-shorten-memcached-6546746864-fwgsl,container_cpu_user_seconds_total,0.031
1739285490,mcnode19.user-service-547b88cd8f-ckrf5,container_cpu_user_seconds_total,0.015
1739285490,mcnode19.user-timeline-service-664c7f6696-khsj2,container_cpu_user_seconds_total,0.03
1739285490,mcnode19.home-timeline-redis-6c6647df6f-kxwd7,container_cpu_user_seconds_total,0.023
1739285490,mcnode19.social-graph-service-677dbc655c-gbgnr,container_cpu_user_seconds_total,0.048
1739285490,mcnode19.post-storage-mongodb-5579669d8c-thwth,container_cpu_user_seconds_total,0.02
1739285490,mcnode19.user-timeline-redis-67cc95bc57-tvbsv,container_cpu_user_seconds_total,0.022
1739285490,mcnode19.social-graph-service-677dbc655c-gbgnr,container_cpu_user_seconds_total,0.019
1739285490,mcnode19.social-graph-redis-5bbd5b7458-z2trh,container_cpu_user_seconds_total,0.021
1739285490,mcnode19.post-storage-mongodb-5579669d8c-thwth,container_cpu_user_seconds_total,0.02
1739285490,mcnode19.text-service-fff64b8bf-8xjtr,container_cpu_user_seconds_total,0.005
1739285490,mcnode19.user-timeline-redis-67cc95bc57-tvbsv,container_cpu_user_seconds_total,0.022
1739285490,mcnode19.user-timeline-mongodb-6758898d48-8pxfm,container_cpu_user_seconds_total,0.02
1739285490,mcnode19.user-service-547b88cd8f-ckrf5,container_cpu_user_seconds_total,0.033
1739285490,mcnode19.text-service-fff64b8bf-8xjtr,container_cpu_user_seconds_total,0.028
1739285490,mcnode19.user-service-547b88cd8f-ckrf5,container_cpu_user_seconds_total,0.047
1739285490,mcnode19.unique-id-service-694497b678-mdr5g,container_cpu_user_seconds_total,0.003
1739285490,mcnode19.user-mongodb-7745bbd78-67j8r,container_cpu_user_seconds_total,0.027
1739285490,mcnode19.text-service-fff64b8bf-8xjtr,container_cpu_user_seconds_total,0.022
1739285490,mcnode19.url-shorten-memcached-6546746864-fwgsl,container_cpu_user_seconds_total,0.007
1739285490,mcnode19.post-storage-memcached-6b75788fc6-92vl7,container_cpu_user_seconds_total,0.024
1739285490,mcnode19.user-mongodb-7745bbd78-67j8r,container_cpu_user_seconds_total,0.027
1739285490,mcnode19.post-storage-mongodb-5579669d8c-thwth,container_cpu_user_seconds_total,0.0
1739285490,mcnode19.social-graph-redis-5bbd5b7458-z2trh,container_cpu_user_seconds_total,0.031
1739285490,mcnode19.post-storage-memcached-6b75788fc6-92vl7,container_cpu_user_seconds_total,0.023
1739285490,mcnode19.social-graph-redis-5bbd5b7458-z2trh,container_cpu_user_seconds_total,0.049
1739285490,mcnode19.user-mention-service-5c4f566c5-f44t2,container_cpu_user_seconds_total,0.009
1739285490,mcnode19.social-graph-mongodb-55df767ff5-btmlt,container_cpu_user_seconds_total,0.017
1739285490,mcnode19.user-memcached-59687c864d-cs925,container_cpu_user_seconds_total,0.017
1739285490,mcnode19.social-graph-mongodb-55df767ff5-btmlt,container_cpu_user_seconds_total,0.022
1739285490,mcnode19.user-memcached-59687c864d-cs925,container_cpu_user_seconds_total,0.017
1739285490,mcnode19.media-frontend-6b66b95ff4-42gfw,container_cpu_user_seconds_total,0.016
1739285490,mcnode19.home-timeline-redis-6c6647df6f-kxwd7,container_cpu_user_seconds_total,0.054
1739285490,mcnode19.jaeger-67997f9775-4vfpk,container_cpu_user_seconds_total,0.018
1739285490,mcnode19.user-timeline-mongodb-6758898d48-8pxfm,container_cpu_user_seconds_total,0.591
1739285490,mcnode19.unique-id-service-694497b678-mdr5g,container_cpu_user_seconds_total,0.017
1739285490,mcnode19.user-mention-service-5c4f566c5-f44t2,container_cpu_user_seconds_total,0.013
1739285490,mcnode19.jaeger-67997f9775-4vfpk,container_cpu_user_seconds_total,0.018
1739285490,mcnode19.home-timeline-service-5754ffbc6d-9mv6t,container_cpu_user_seconds_total,0.016
1739285490,mcnode19.home-timeline-redis-6c6647df6f-kxwd7,container_cpu_user_seconds_total,0.031
1739285490,mcnode19.unique-id-service-694497b678-mdr5g,container_cpu_user_seconds_total,0.016
1739285490,mcnode19.media-service-6c665c775d-g4kpq,container_cpu_user_seconds_total,0.022
1739285490,mcnode19.post-storage-service-66c9966f5f-n8b8r,container_cpu_user_seconds_total,0.022
1739285490,mcnode19.compose-post-service-f587bf89d-wxzgx,container_cpu_user_seconds_total,0.032
1739285490,mcnode19.home-timeline-service-5754ffbc6d-9mv6t,container_cpu_user_seconds_total,0.018
1739285490,mcnode19.nginx-thrift-79478f9bf5-f9xwm,container_cpu_user_seconds_total,0.022
1739285490,mcnode19.jaeger-67997f9775-4vfpk,container_cpu_user_seconds_total,0.02
1739285490,mcnode19.media-memcached-7889bdfdfb-8kfqd,container_cpu_user_seconds_total,0.024
1739285490,mcnode19.user-timeline-mongodb-6758898d48-8pxfm,container_cpu_user_seconds_total,0.614
1739285490,mcnode19.media-memcached-7889bdfdfb-8kfqd,container_cpu_user_seconds_total,0.024
1739285490,mcnode19.post-storage-service-66c9966f5f-n8b8r,container_cpu_user_seconds_total,0.022
1739285490,mcnode19.media-mongodb-7b64c59567-zch5l,container_cpu_user_seconds_total,0.021
1739285490,mcnode19.compose-post-service-f587bf89d-wxzgx,container_cpu_user_seconds_total,0.005
1739285490,mcnode19.user-mention-service-5c4f566c5-f44t2,container_cpu_user_seconds_total,0.013
1739285490,mcnode19.media-mongodb-7b64c59567-zch5l,container_cpu_user_seconds_total,0.024
1739285490,mcnode19.nginx-thrift-79478f9bf5-f9xwm,container_cpu_user_seconds_total,0.022
1739285490,mcnode19.media-service-6c665c775d-g4kpq,container_cpu_user_seconds_total,0.022
1739285505,mcnode19.user-mention-service-5c4f566c5-f44t2,container_cpu_user_seconds_total,0.013
1739285505,mcnode19.text-service-fff64b8bf-8xjtr,container_cpu_user_seconds_total,0.028
1739285505,mcnode19.social-graph-service-677dbc655c-gbgnr,container_cpu_user_seconds_total,0.048
1739285505,mcnode19.media-frontend-6b66b95ff4-42gfw,container_cpu_user_seconds_total,0.016
1739285505,mcnode19.post-storage-service-66c9966f5f-n8b8r,container_cpu_user_seconds_total,0.022
1739285505,mcnode19.unique-id-service-694497b678-mdr5g,container_cpu_user_seconds_total,0.003
1739285505,mcnode19.media-mongodb-7b64c59567-zch5l,container_cpu_user_seconds_total,0.024
1739285505,mcnode19.nginx-thrift-79478f9bf5-f9xwm,container_cpu_user_seconds_total,0.022
1739285505,mcnode19.media-memcached-7889bdfdfb-8kfqd,container_cpu_user_seconds_total,0.024
1739285505,mcnode19.user-memcached-59687c864d-cs925,container_cpu_user_seconds_total,0.017
1739285505,mcnode19.social-graph-mongodb-55df767ff5-btmlt,container_cpu_user_seconds_total,0.022
1739285505,mcnode19.user-mention-service-5c4f566c5-f44t2,container_cpu_user_seconds_total,0.013
1739285505,mcnode19.unique-id-service-694497b678-mdr5g,container_cpu_user_seconds_total,0.016
1739285505,mcnode19.post-storage-mongodb-5579669d8c-thwth,container_cpu_user_seconds_total,0.0
1739285505,mcnode19.social-graph-redis-5bbd5b7458-z2trh,container_cpu_user_seconds_total,0.031
1739285505,mcnode19.home-timeline-redis-6c6647df6f-kxwd7,container_cpu_user_seconds_total,0.031
1739285505,mcnode19.unique-id-service-694497b678-mdr5g,container_cpu_user_seconds_total,0.017
1739285505,mcnode19.user-mongodb-7745bbd78-67j8r,container_cpu_user_seconds_total,0.027
1739285505,mcnode19.post-storage-memcached-6b75788fc6-92vl7,container_cpu_user_seconds_total,0.023
1739285505,mcnode19.home-timeline-redis-6c6647df6f-kxwd7,container_cpu_user_seconds_total,0.023
1739285505,mcnode19.post-storage-memcached-6b75788fc6-92vl7,container_cpu_user_seconds_total,0.024
1739285505,mcnode19.user-mongodb-7745bbd78-67j8r,container_cpu_user_seconds_total,0.027
1739285505,mcnode19.social-graph-redis-5bbd5b7458-z2trh,container_cpu_user_seconds_total,0.049
1739285505,mcnode19.jaeger-67997f9775-4vfpk,container_cpu_user_seconds_total,0.018
1739285505,mcnode19.media-service-6c665c775d-g4kpq,container_cpu_user_seconds_total,0.022
1739285505,mcnode19.user-mention-service-5c4f566c5-f44t2,container_cpu_user_seconds_total,0.009
1739285505,mcnode19.media-service-6c665c775d-g4kpq,container_cpu_user_seconds_total,0.022
1739285505,mcnode19.url-shorten-memcached-6546746864-fwgsl,container_cpu_user_seconds_total,0.007
1739285505,mcnode19.social-graph-mongodb-55df767ff5-btmlt,container_cpu_user_seconds_total,0.017
1739285505,mcnode19.text-service-fff64b8bf-8xjtr,container_cpu_user_seconds_total,0.022
1739285505,mcnode19.user-memcached-59687c864d-cs925,container_cpu_user_seconds_total,0.017
1739285505,mcnode19.media-mongodb-7b64c59567-zch5l,container_cpu_user_seconds_total,0.021
1739285505,mcnode19.compose-post-service-f587bf89d-wxzgx,container_cpu_user_seconds_total,0.005
1739285505,mcnode19.user-service-547b88cd8f-ckrf5,container_cpu_user_seconds_total,0.015
1739285505,mcnode19.nginx-thrift-79478f9bf5-f9xwm,container_cpu_user_seconds_total,0.022
1739285505,mcnode19.user-timeline-redis-67cc95bc57-tvbsv,container_cpu_user_seconds_total,0.018
1739285505,mcnode19.user-timeline-mongodb-6758898d48-8pxfm,container_cpu_user_seconds_total,0.614
1739285505,mcnode19.media-memcached-7889bdfdfb-8kfqd,container_cpu_user_seconds_total,0.024
1739285505,mcnode19.jaeger-67997f9775-4vfpk,container_cpu_user_seconds_total,0.02
1739285505,mcnode19.user-timeline-service-664c7f6696-khsj2,container_cpu_user_seconds_total,0.03
1739285505,mcnode19.home-timeline-service-5754ffbc6d-9mv6t,container_cpu_user_seconds_total,0.016
1739285505,mcnode19.compose-post-service-f587bf89d-wxzgx,container_cpu_user_seconds_total,0.027
1739285505,mcnode19.url-shorten-memcached-6546746864-fwgsl,container_cpu_user_seconds_total,0.031
1739285505,mcnode19.social-graph-service-677dbc655c-gbgnr,container_cpu_user_seconds_total,0.019
1739285505,mcnode19.post-storage-mongodb-5579669d8c-thwth,container_cpu_user_seconds_total,0.02
1739285505,mcnode19.compose-post-service-f587bf89d-wxzgx,container_cpu_user_seconds_total,0.032
1739285505,mcnode19.user-timeline-redis-67cc95bc57-tvbsv,container_cpu_user_seconds_total,0.022
1739285505,mcnode19.media-memcached-7889bdfdfb-8kfqd,container_cpu_user_seconds_total,0.006
1739285505,mcnode19.user-timeline-service-664c7f6696-khsj2,container_cpu_user_seconds_total,0.019
1739285505,mcnode19.user-service-547b88cd8f-ckrf5,container_cpu_user_seconds_total,0.047
1739285505,mcnode19.url-shorten-memcached-6546746864-fwgsl,container_cpu_user_seconds_total,0.021
1739285505,mcnode19.jaeger-67997f9775-4vfpk,container_cpu_user_seconds_total,0.018
1739285505,mcnode19.user-timeline-redis-67cc95bc57-tvbsv,container_cpu_user_seconds_total,0.022
1739285505,mcnode19.home-timeline-service-5754ffbc6d-9mv6t,container_cpu_user_seconds_total,0.018
1739285505,mcnode19.media-frontend-6b66b95ff4-42gfw,container_cpu_user_seconds_total,0.016
1739285505,mcnode19.user-timeline-service-664c7f6696-khsj2,container_cpu_user_seconds_total,0.011
1739285505,mcnode19.post-storage-service-66c9966f5f-n8b8r,container_cpu_user_seconds_total,0.022
1739285505,mcnode19.home-timeline-redis-6c6647df6f-kxwd7,container_cpu_user_seconds_total,0.054
1739285505,mcnode19.user-service-547b88cd8f-ckrf5,container_cpu_user_seconds_total,0.033
1739285505,mcnode19.social-graph-service-677dbc655c-gbgnr,container_cpu_user_seconds_total,0.031
1739285505,mcnode19.post-storage-mongodb-5579669d8c-thwth,container_cpu_user_seconds_total,0.02
1739285505,mcnode19.user-timeline-mongodb-6758898d48-8pxfm,container_cpu_user_seconds_total,0.591
1739285505,mcnode19.text-service-fff64b8bf-8xjtr,container_cpu_user_seconds_total,0.005
1739285505,mcnode19.user-timeline-mongodb-6758898d48-8pxfm,container_cpu_user_seconds_total,0.02
1739285505,mcnode19.social-graph-redis-5bbd5b7458-z2trh,container_cpu_user_seconds_total,0.021
1739285520,mcnode19.user-timeline-mongodb-6758898d48-8pxfm,container_cpu_user_seconds_total,0.02
1739285520,mcnode19.post-storage-memcached-6b75788fc6-92vl7,container_cpu_user_seconds_total,0.024
1739285520,mcnode19.user-timeline-mongodb-6758898d48-8pxfm,container_cpu_user_seconds_total,0.614
1739285520,mcnode19.post-storage-mongodb-5579669d8c-thwth,container_cpu_user_seconds_total,0.0
1739285520,mcnode19.media-service-6c665c775d-g4kpq,container_cpu_user_seconds_total,0.022
1739285520,mcnode19.user-mongodb-7745bbd78-67j8r,container_cpu_user_seconds_total,0.027
1739285520,mcnode19.unique-id-service-694497b678-mdr5g,container_cpu_user_seconds_total,0.017
1739285520,mcnode19.social-graph-service-677dbc655c-gbgnr,container_cpu_user_seconds_total,0.019
1739285520,mcnode19.user-service-547b88cd8f-ckrf5,container_cpu_user_seconds_total,0.047
1739285520,mcnode19.post-storage-mongodb-5579669d8c-thwth,container_cpu_user_seconds_total,0.02
1739285520,mcnode19.compose-post-service-f587bf89d-wxzgx,container_cpu_user_seconds_total,0.005
1739285520,mcnode19.media-mongodb-7b64c59567-zch5l,container_cpu_user_seconds_total,0.024
1739285520,mcnode19.text-service-fff64b8bf-8xjtr,container_cpu_user_seconds_total,0.028
1739285520,mcnode19.user-service-547b88cd8f-ckrf5,container_cpu_user_seconds_total,0.033
1739285520,mcnode19.text-service-fff64b8bf-8xjtr,container_cpu_user_seconds_total,0.005
1739285520,mcnode19.user-timeline-redis-67cc95bc57-tvbsv,container_cpu_user_seconds_total,0.022
1739285520,mcnode19.unique-id-service-694497b678-mdr5g,container_cpu_user_seconds_total,0.003
1739285520,mcnode19.unique-id-service-694497b678-mdr5g,container_cpu_user_seconds_total,0.016
1739285520,mcnode19.user-mongodb-7745bbd78-67j8r,container_cpu_user_seconds_total,0.027
1739285520,mcnode19.media-memcached-7889bdfdfb-8kfqd,container_cpu_user_seconds_total,0.024
1739285520,mcnode19.home-timeline-service-5754ffbc6d-9mv6t,container_cpu_user_seconds_total,0.016
1739285520,mcnode19.text-service-fff64b8bf-8xjtr,container_cpu_user_seconds_total,0.022
1739285520,mcnode19.media-memcached-7889bdfdfb-8kfqd,container_cpu_user_seconds_total,0.024
1739285520,mcnode19.user-timeline-redis-67cc95bc57-tvbsv,container_cpu_user_seconds_total,0.022
1739285520,mcnode19.url-shorten-memcached-6546746864-fwgsl,container_cpu_user_seconds_total,0.007
1739285520,mcnode19.social-graph-redis-5bbd5b7458-z2trh,container_cpu_user_seconds_total,0.021
1739285520,mcnode19.jaeger-67997f9775-4vfpk,container_cpu_user_seconds_total,0.018
1739285520,mcnode19.post-storage-mongodb-5579669d8c-thwth,container_cpu_user_seconds_total,0.02
1739285520,mcnode19.home-timeline-redis-6c6647df6f-kxwd7,container_cpu_user_seconds_total,0.023
1739285520,mcnode19.post-storage-service-66c9966f5f-n8b8r,container_cpu_user_seconds_total,0.022
1739285520,mcnode19.home-timeline-service-5754ffbc6d-9mv6t,container_cpu_user_seconds_total,0.018
1739285520,mcnode19.social-graph-mongodb-55df767ff5-btmlt,container_cpu_user_seconds_total,0.022
1739285520,mcnode19.media-frontend-6b66b95ff4-42gfw,container_cpu_user_seconds_total,0.016
1739285520,mcnode19.nginx-thrift-79478f9bf5-f9xwm,container_cpu_user_seconds_total,0.022
1739285520,mcnode19.nginx-thrift-79478f9bf5-f9xwm,container_cpu_user_seconds_total,0.022
1739285520,mcnode19.user-mention-service-5c4f566c5-f44t2,container_cpu_user_seconds_total,0.013
1739285520,mcnode19.social-graph-service-677dbc655c-gbgnr,container_cpu_user_seconds_total,0.048
1739285520,mcnode19.jaeger-67997f9775-4vfpk,container_cpu_user_seconds_total,0.02
1739285520,mcnode19.user-service-547b88cd8f-ckrf5,container_cpu_user_seconds_total,0.015
1739285520,mcnode19.url-shorten-memcached-6546746864-fwgsl,container_cpu_user_seconds_total,0.031
1739285520,mcnode19.social-graph-redis-5bbd5b7458-z2trh,container_cpu_user_seconds_total,0.031
1739285520,mcnode19.media-frontend-6b66b95ff4-42gfw,container_cpu_user_seconds_total,0.016
1739285520,mcnode19.post-storage-service-66c9966f5f-n8b8r,container_cpu_user_seconds_total,0.022
1739285520,mcnode19.social-graph-service-677dbc655c-gbgnr,container_cpu_user_seconds_total,0.031
1739285520,mcnode19.user-timeline-service-664c7f6696-khsj2,container_cpu_user_seconds_total,0.03
1739285520,mcnode19.home-timeline-redis-6c6647df6f-kxwd7,container_cpu_user_seconds_total,0.054
1739285520,mcnode19.jaeger-67997f9775-4vfpk,container_cpu_user_seconds_total,0.018
1739285520,mcnode19.user-timeline-mongodb-6758898d48-8pxfm,container_cpu_user_seconds_total,0.591
1739285520,mcnode19.user-timeline-service-664c7f6696-khsj2,container_cpu_user_seconds_total,0.019
1739285520,mcnode19.user-memcached-59687c864d-cs925,container_cpu_user_seconds_total,0.017
1739285520,mcnode19.user-timeline-redis-67cc95bc57-tvbsv,container_cpu_user_seconds_total,0.018
1739285520,mcnode19.social-graph-redis-5bbd5b7458-z2trh,container_cpu_user_seconds_total,0.049
1739285520,mcnode19.user-timeline-service-664c7f6696-khsj2,container_cpu_user_seconds_total,0.011
1739285520,mcnode19.home-timeline-redis-6c6647df6f-kxwd7,container_cpu_user_seconds_total,0.031
1739285520,mcnode19.media-mongodb-7b64c59567-zch5l,container_cpu_user_seconds_total,0.021
1739285520,mcnode19.post-storage-memcached-6b75788fc6-92vl7,container_cpu_user_seconds_total,0.023
1739285520,mcnode19.compose-post-service-f587bf89d-wxzgx,container_cpu_user_seconds_total,0.027
1739285520,mcnode19.user-mention-service-5c4f566c5-f44t2,container_cpu_user_seconds_total,0.009
1739285520,mcnode19.media-service-6c665c775d-g4kpq,container_cpu_user_seconds_total,0.022
1739285520,mcnode19.compose-post-service-f587bf89d-wxzgx,container_cpu_user_seconds_total,0.032
1739285520,mcnode19.url-shorten-memcached-6546746864-fwgsl,container_cpu_user_seconds_total,0.021
1739285520,mcnode19.media-memcached-7889bdfdfb-8kfqd,container_cpu_user_seconds_total,0.006
1739285520,mcnode19.user-mention-service-5c4f566c5-f44t2,container_cpu_user_seconds_total,0.013
1739285520,mcnode19.user-memcached-59687c864d-cs925,container_cpu_user_seconds_total,0.017
1739285520,mcnode19.social-graph-mongodb-55df767ff5-btmlt,container_cpu_user_seconds_total,0.017
1739285535,mcnode19.media-memcached-7889bdfdfb-8kfqd,container_cpu_user_seconds_total,0.04
1739285535,mcnode19.user-timeline-service-664c7f6696-khsj2,container_cpu_user_seconds_total,0.012
1739285535,mcnode19.url-shorten-memcached-6546746864-fwgsl,container_cpu_user_seconds_total,0.04
1739285535,mcnode19.compose-post-service-f587bf89d-wxzgx,container_cpu_user_seconds_total,0.027
1739285535,mcnode19.user-timeline-mongodb-6758898d48-8pxfm,container_cpu_user_seconds_total,0.02
1739285535,mcnode19.user-service-547b88cd8f-ckrf5,container_cpu_user_seconds_total,0.033
1739285535,mcnode19.compose-post-service-f587bf89d-wxzgx,container_cpu_user_seconds_total,0.033
1739285535,mcnode19.post-storage-mongodb-5579669d8c-thwth,container_cpu_user_seconds_total,0.827
1739285535,mcnode19.user-timeline-redis-67cc95bc57-tvbsv,container_cpu_user_seconds_total,0.086
1739285535,mcnode19.nginx-thrift-79478f9bf5-f9xwm,container_cpu_user_seconds_total,0.022
1739285535,mcnode19.social-graph-service-677dbc655c-gbgnr,container_cpu_user_seconds_total,0.028
1739285535,mcnode19.user-timeline-mongodb-6758898d48-8pxfm,container_cpu_user_seconds_total,0.941
1739285535,mcnode19.home-timeline-redis-6c6647df6f-kxwd7,container_cpu_user_seconds_total,0.106
1739285535,mcnode19.media-frontend-6b66b95ff4-42gfw,container_cpu_user_seconds_total,1.971
1739285535,mcnode19.text-service-fff64b8bf-8xjtr,container_cpu_user_seconds_total,0.005
1739285535,mcnode19.social-graph-redis-5bbd5b7458-z2trh,container_cpu_user_seconds_total,0.031
1739285535,mcnode19.media-mongodb-7b64c59567-zch5l,container_cpu_user_seconds_total,0.808
1739285535,mcnode19.user-mongodb-7745bbd78-67j8r,container_cpu_user_seconds_total,0.893
1739285535,mcnode19.url-shorten-memcached-6546746864-fwgsl,container_cpu_user_seconds_total,0.019
1739285535,mcnode19.user-memcached-59687c864d-cs925,container_cpu_user_seconds_total,0.022
1739285535,mcnode19.social-graph-redis-5bbd5b7458-z2trh,container_cpu_user_seconds_total,0.074
1739285535,mcnode19.media-service-6c665c775d-g4kpq,container_cpu_user_seconds_total,0.022
1739285535,mcnode19.media-memcached-7889bdfdfb-8kfqd,container_cpu_user_seconds_total,0.024
1739285535,mcnode19.home-timeline-redis-6c6647df6f-kxwd7,container_cpu_user_seconds_total,0.023
1739285535,mcnode19.user-mention-service-5c4f566c5-f44t2,container_cpu_user_seconds_total,0.009
1739285535,mcnode19.user-memcached-59687c864d-cs925,container_cpu_user_seconds_total,0.017
1739285535,mcnode19.user-memcached-59687c864d-cs925,container_cpu_user_seconds_total,0.038
1739285535,mcnode19.post-storage-service-66c9966f5f-n8b8r,container_cpu_user_seconds_total,0.022
1739285535,mcnode19.user-mongodb-7745bbd78-67j8r,container_cpu_user_seconds_total,0.027
1739285535,mcnode19.unique-id-service-694497b678-mdr5g,container_cpu_user_seconds_total,0.003
1739285535,mcnode19.user-mongodb-7745bbd78-67j8r,container_cpu_user_seconds_total,0.867
1739285535,mcnode19.media-frontend-6b66b95ff4-42gfw,container_cpu_user_seconds_total,0.016
1739285535,mcnode19.nginx-thrift-79478f9bf5-f9xwm,container_cpu_user_seconds_total,5.462
1739285535,mcnode19.post-storage-service-66c9966f5f-n8b8r,container_cpu_user_seconds_total,0.026
1739285535,mcnode19.user-service-547b88cd8f-ckrf5,container_cpu_user_seconds_total,0.015
1739285535,mcnode19.user-service-547b88cd8f-ckrf5,container_cpu_user_seconds_total,0.048
1739285535,mcnode19.url-shorten-memcached-6546746864-fwgsl,container_cpu_user_seconds_total,0.021
1739285535,mcnode19.media-mongodb-7b64c59567-zch5l,container_cpu_user_seconds_total,0.024
1739285535,mcnode19.user-timeline-mongodb-6758898d48-8pxfm,container_cpu_user_seconds_total,0.92
1739285535,mcnode19.media-service-6c665c775d-g4kpq,container_cpu_user_seconds_total,0.031
1739285535,mcnode19.media-frontend-6b66b95ff4-42gfw,container_cpu_user_seconds_total,1.956
1739285535,mcnode19.user-timeline-service-664c7f6696-khsj2,container_cpu_user_seconds_total,0.019
1739285535,mcnode19.post-storage-service-66c9966f5f-n8b8r,container_cpu_user_seconds_total,0.0
1739285535,mcnode19.nginx-thrift-79478f9bf5-f9xwm,container_cpu_user_seconds_total,0.047
1739285535,mcnode19.text-service-fff64b8bf-8xjtr,container_cpu_user_seconds_total,0.028
1739285535,mcnode19.social-graph-mongodb-55df767ff5-btmlt,container_cpu_user_seconds_total,0.022
1739285535,mcnode19.user-mention-service-5c4f566c5-f44t2,container_cpu_user_seconds_total,0.022
1739285535,mcnode19.jaeger-67997f9775-4vfpk,container_cpu_user_seconds_total,0.018
1739285535,mcnode19.user-timeline-redis-67cc95bc57-tvbsv,container_cpu_user_seconds_total,0.022
1739285535,mcnode19.jaeger-67997f9775-4vfpk,container_cpu_user_seconds_total,0.033
1739285535,mcnode19.text-service-fff64b8bf-8xjtr,container_cpu_user_seconds_total,0.022
1739285535,mcnode19.social-graph-service-677dbc655c-gbgnr,container_cpu_user_seconds_total,0.056
1739285535,mcnode19.jaeger-67997f9775-4vfpk,container_cpu_user_seconds_total,0.051
1739285535,mcnode19.social-graph-mongodb-55df767ff5-btmlt,container_cpu_user_seconds_total,0.792
1739285535,mcnode19.post-storage-mongodb-5579669d8c-thwth,container_cpu_user_seconds_total,0.02
1739285535,mcnode19.media-memcached-7889bdfdfb-8kfqd,container_cpu_user_seconds_total,0.013
1739285535,mcnode19.social-graph-service-677dbc655c-gbgnr,container_cpu_user_seconds_total,0.031
1739285535,mcnode19.home-timeline-service-5754ffbc6d-9mv6t,container_cpu_user_seconds_total,0.018
1739285535,mcnode19.user-timeline-service-664c7f6696-khsj2,container_cpu_user_seconds_total,0.03
1739285535,mcnode19.media-mongodb-7b64c59567-zch5l,container_cpu_user_seconds_total,0.782
1739285535,mcnode19.media-service-6c665c775d-g4kpq,container_cpu_user_seconds_total,0.01
1739285535,mcnode19.user-mention-service-5c4f566c5-f44t2,container_cpu_user_seconds_total,0.013
1739285535,mcnode19.home-timeline-service-5754ffbc6d-9mv6t,container_cpu_user_seconds_total,0.004
1739285535,mcnode19.compose-post-service-f587bf89d-wxzgx,container_cpu_user_seconds_total,0.005
1739285535,mcnode19.social-graph-redis-5bbd5b7458-z2trh,container_cpu_user_seconds_total,0.051
1739285535,mcnode19.post-storage-mongodb-5579669d8c-thwth,container_cpu_user_seconds_total,0.811
1739285535,mcnode19.post-storage-memcached-6b75788fc6-92vl7,container_cpu_user_seconds_total,0.023
1739285535,mcnode19.home-timeline-redis-6c6647df6f-kxwd7,container_cpu_user_seconds_total,0.084
1739285535,mcnode19.post-storage-memcached-6b75788fc6-92vl7,container_cpu_user_seconds_total,0.043
1739285535,mcnode19.user-timeline-redis-67cc95bc57-tvbsv,container_cpu_user_seconds_total,0.108
1739285535,mcnode19.unique-id-service-694497b678-mdr5g,container_cpu_user_seconds_total,0.017
1739285535,mcnode19.home-timeline-service-5754ffbc6d-9mv6t,container_cpu_user_seconds_total,0.02
1739285535,mcnode19.social-graph-mongodb-55df767ff5-btmlt,container_cpu_user_seconds_total,0.809
1739285535,mcnode19.post-storage-memcached-6b75788fc6-92vl7,container_cpu_user_seconds_total,0.019
1739285535,mcnode19.unique-id-service-694497b678-mdr5g,container_cpu_user_seconds_total,0.016
1739285550,mcnode19.url-shorten-memcached-6546746864-fwgsl,container_cpu_user_seconds_total,0.021
1739285550,mcnode19.nginx-thrift-79478f9bf5-f9xwm,container_cpu_user_seconds_total,0.047
1739285550,mcnode19.social-graph-service-677dbc655c-gbgnr,container_cpu_user_seconds_total,0.031
1739285550,mcnode19.user-timeline-mongodb-6758898d48-8pxfm,container_cpu_user_seconds_total,0.92
1739285550,mcnode19.post-storage-memcached-6b75788fc6-92vl7,container_cpu_user_seconds_total,0.023
1739285550,mcnode19.social-graph-redis-5bbd5b7458-z2trh,container_cpu_user_seconds_total,0.074
1739285550,mcnode19.user-memcached-59687c864d-cs925,container_cpu_user_seconds_total,0.022
1739285550,mcnode19.user-service-547b88cd8f-ckrf5,container_cpu_user_seconds_total,0.015
1739285550,mcnode19.media-service-6c665c775d-g4kpq,container_cpu_user_seconds_total,0.01
1739285550,mcnode19.media-frontend-6b66b95ff4-42gfw,container_cpu_user_seconds_total,1.971
1739285550,mcnode19.social-graph-service-677dbc655c-gbgnr,container_cpu_user_seconds_total,0.056
1739285550,mcnode19.post-storage-memcached-6b75788fc6-92vl7,container_cpu_user_seconds_total,0.019
1739285550,mcnode19.media-frontend-6b66b95ff4-42gfw,container_cpu_user_seconds_total,0.016
1739285550,mcnode19.social-graph-mongodb-55df767ff5-btmlt,container_cpu_user_seconds_total,0.022
1739285550,mcnode19.user-mention-service-5c4f566c5-f44t2,container_cpu_user_seconds_total,0.009
1739285550,mcnode19.user-mongodb-7745bbd78-67j8r,container_cpu_user_seconds_total,0.867
1739285550,mcnode19.social-graph-mongodb-55df767ff5-btmlt,container_cpu_user_seconds_total,0.809
1739285550,mcnode19.user-memcached-59687c864d-cs925,container_cpu_user_seconds_total,0.038
1739285550,mcnode19.user-memcached-59687c864d-cs925,container_cpu_user_seconds_total,0.017
1739285550,mcnode19.media-mongodb-7b64c59567-zch5l,container_cpu_user_seconds_total,0.782
1739285550,mcnode19.post-storage-mongodb-5579669d8c-thwth,container_cpu_user_seconds_total,0.02
1739285550,mcnode19.user-timeline-service-664c7f6696-khsj2,container_cpu_user_seconds_total,0.03
1739285550,mcnode19.user-mention-service-5c4f566c5-f44t2,container_cpu_user_seconds_total,0.013
1739285550,mcnode19.media-service-6c665c775d-g4kpq,container_cpu_user_seconds_total,0.031
1739285550,mcnode19.home-timeline-redis-6c6647df6f-kxwd7,container_cpu_user_seconds_total,0.084
1739285550,mcnode19.media-mongodb-7b64c59567-zch5l,container_cpu_user_seconds_total,0.808
1739285550,mcnode19.unique-id-service-694497b678-mdr5g,container_cpu_user_seconds_total,0.017
1739285550,mcnode19.media-memcached-7889bdfdfb-8kfqd,container_cpu_user_seconds_total,0.024
1739285550,mcnode19.media-service-6c665c775d-g4kpq,container_cpu_user_seconds_total,0.022
1739285550,mcnode19.compose-post-service-f587bf89d-wxzgx,container_cpu_user_seconds_total,0.005
1739285550,mcnode19.media-mongodb-7b64c59567-zch5l,container_cpu_user_seconds_total,0.024
1739285550,mcnode19.media-memcached-7889bdfdfb-8kfqd,container_cpu_user_seconds_total,0.04
1739285550,mcnode19.home-timeline-service-5754ffbc6d-9mv6t,container_cpu_user_seconds_total,0.02
1739285550,mcnode19.user-timeline-mongodb-6758898d48-8pxfm,container_cpu_user_seconds_total,0.02
1739285550,mcnode19.user-timeline-mongodb-6758898d48-8pxfm,container_cpu_user_seconds_total,0.941
1739285550,mcnode19.media-frontend-6b66b95ff4-42gfw,container_cpu_user_seconds_total,1.956
1739285550,mcnode19.unique-id-service-694497b678-mdr5g,container_cpu_user_seconds_total,0.016
1739285550,mcnode19.url-shorten-memcached-6546746864-fwgsl,container_cpu_user_seconds_total,0.04
1739285550,mcnode19.post-storage-service-66c9966f5f-n8b8r,container_cpu_user_seconds_total,0.022
1739285550,mcnode19.home-timeline-service-5754ffbc6d-9mv6t,container_cpu_user_seconds_total,0.004
1739285550,mcnode19.user-timeline-redis-67cc95bc57-tvbsv,container_cpu_user_seconds_total,0.086
1739285550,mcnode19.media-memcached-7889bdfdfb-8kfqd,container_cpu_user_seconds_total,0.013
1739285550,mcnode19.compose-post-service-f587bf89d-wxzgx,container_cpu_user_seconds_total,0.027
1739285550,mcnode19.social-graph-redis-5bbd5b7458-z2trh,container_cpu_user_seconds_total,0.031
1739285550,mcnode19.user-timeline-service-664c7f6696-khsj2,container_cpu_user_seconds_total,0.019
1739285550,mcnode19.jaeger-67997f9775-4vfpk,container_cpu_user_seconds_total,0.051
1739285550,mcnode19.user-mention-service-5c4f566c5-f44t2,container_cpu_user_seconds_total,0.022
1739285550,mcnode19.user-timeline-service-664c7f6696-khsj2,container_cpu_user_seconds_total,0.012
1739285550,mcnode19.home-timeline-redis-6c6647df6f-kxwd7,container_cpu_user_seconds_total,0.106
1739285550,mcnode19.nginx-thrift-79478f9bf5-f9xwm,container_cpu_user_seconds_total,0.022
1739285550,mcnode19.jaeger-67997f9775-4vfpk,container_cpu_user_seconds_total,0.033
1739285550,mcnode19.jaeger-67997f9775-4vfpk,container_cpu_user_seconds_total,0.018
1739285550,mcnode19.post-storage-service-66c9966f5f-n8b8r,container_cpu_user_seconds_total,0.026
1739285550,mcnode19.nginx-thrift-79478f9bf5-f9xwm,container_cpu_user_seconds_total,5.462
1739285550,mcnode19.compose-post-service-f587bf89d-wxzgx,container_cpu_user_seconds_total,0.033
1739285550,mcnode19.post-storage-mongodb-5579669d8c-thwth,container_cpu_user_seconds_total,0.811
1739285550,mcnode19.home-timeline-service-5754ffbc6d-9mv6t,container_cpu_user_seconds_total,0.018
1739285550,mcnode19.url-shorten-memcached-6546746864-fwgsl,container_cpu_user_seconds_total,0.019
1739285550,mcnode19.social-graph-redis-5bbd5b7458-z2trh,container_cpu_user_seconds_total,0.051
1739285550,mcnode19.post-storage-service-66c9966f5f-n8b8r,container_cpu_user_seconds_total,0.0
1739285550,mcnode19.user-timeline-redis-67cc95bc57-tvbsv,container_cpu_user_seconds_total,0.022
1739285550,mcnode19.unique-id-service-694497b678-mdr5g,container_cpu_user_seconds_total,0.003
1739285550,mcnode19.user-service-547b88cd8f-ckrf5,container_cpu_user_seconds_total,0.033
1739285550,mcnode19.text-service-fff64b8bf-8xjtr,container_cpu_user_seconds_total,0.005
1739285550,mcnode19.text-service-fff64b8bf-8xjtr,container_cpu_user_seconds_total,0.022
1739285550,mcnode19.social-graph-mongodb-55df767ff5-btmlt,container_cpu_user_seconds_total,0.792
1739285550,mcnode19.home-timeline-redis-6c6647df6f-kxwd7,container_cpu_user_seconds_total,0.023
1739285550,mcnode19.social-graph-service-677dbc655c-gbgnr,container_cpu_user_seconds_total,0.028
1739285550,mcnode19.user-service-547b88cd8f-ckrf5,container_cpu_user_seconds_total,0.048
1739285550,mcnode19.text-service-fff64b8bf-8xjtr,container_cpu_user_seconds_total,0.028
1739285550,mcnode19.post-storage-memcached-6b75788fc6-92vl7,container_cpu_user_seconds_total,0.043
1739285550,mcnode19.post-storage-mongodb-5579669d8c-thwth,container_cpu_user_seconds_total,0.827
1739285550,mcnode19.user-timeline-redis-67cc95bc57-tvbsv,container_cpu_user_seconds_total,0.108
1739285550,mcnode19.user-mongodb-7745bbd78-67j8r,container_cpu_user_seconds_total,0.027
1739285550,mcnode19.user-mongodb-7745bbd78-67j8r,container_cpu_user_seconds_total,0.893
1739285565,mcnode19.post-storage-service-66c9966f5f-n8b8r,container_cpu_user_seconds_total,0.0
1739285565,mcnode19.user-service-547b88cd8f-ckrf5,container_cpu_user_seconds_total,0.015
1739285565,mcnode19.media-service-6c665c775d-g4kpq,container_cpu_user_seconds_total,0.01
1739285565,mcnode19.nginx-thrift-79478f9bf5-f9xwm,container_cpu_user_seconds_total,5.462
1739285565,mcnode19.user-mongodb-7745bbd78-67j8r,container_cpu_user_seconds_total,0.867
1739285565,mcnode19.user-timeline-redis-67cc95bc57-tvbsv,container_cpu_user_seconds_total,0.108
1739285565,mcnode19.social-graph-service-677dbc655c-gbgnr,container_cpu_user_seconds_total,0.056
1739285565,mcnode19.user-service-547b88cd8f-ckrf5,container_cpu_user_seconds_total,0.033
1739285565,mcnode19.home-timeline-service-5754ffbc6d-9mv6t,container_cpu_user_seconds_total,0.018
1739285565,mcnode19.user-mention-service-5c4f566c5-f44t2,container_cpu_user_seconds_total,0.022
1739285565,mcnode19.home-timeline-redis-6c6647df6f-kxwd7,container_cpu_user_seconds_total,0.106
1739285565,mcnode19.social-graph-mongodb-55df767ff5-btmlt,container_cpu_user_seconds_total,0.022
1739285565,mcnode19.user-mongodb-7745bbd78-67j8r,container_cpu_user_seconds_total,0.027
1739285565,mcnode19.media-frontend-6b66b95ff4-42gfw,container_cpu_user_seconds_total,0.016
1739285565,mcnode19.post-storage-service-66c9966f5f-n8b8r,container_cpu_user_seconds_total,0.022
1739285565,mcnode19.home-timeline-service-5754ffbc6d-9mv6t,container_cpu_user_seconds_total,0.004
1739285565,mcnode19.text-service-fff64b8bf-8xjtr,container_cpu_user_seconds_total,0.005
1739285565,mcnode19.unique-id-service-694497b678-mdr5g,container_cpu_user_seconds_total,0.003
1739285565,mcnode19.post-storage-service-66c9966f5f-n8b8r,container_cpu_user_seconds_total,0.026
1739285565,mcnode19.user-timeline-redis-67cc95bc57-tvbsv,container_cpu_user_seconds_total,0.086
1739285565,mcnode19.user-service-547b88cd8f-ckrf5,container_cpu_user_seconds_total,0.048
1739285565,mcnode19.user-timeline-service-664c7f6696-khsj2,container_cpu_user_seconds_total,0.03
1739285565,mcnode19.compose-post-service-f587bf89d-wxzgx,container_cpu_user_seconds_total,0.027
1739285565,mcnode19.user-timeline-redis-67cc95bc57-tvbsv,container_cpu_user_seconds_total,0.022
1739285565,mcnode19.url-shorten-memcached-6546746864-fwgsl,container_cpu_user_seconds_total,0.04
1739285565,mcnode19.user-timeline-service-664c7f6696-khsj2,container_cpu_user_seconds_total,0.019
1739285565,mcnode19.media-mongodb-7b64c59567-zch5l,container_cpu_user_seconds_total,0.782
1739285565,mcnode19.compose-post-service-f587bf89d-wxzgx,container_cpu_user_seconds_total,0.033
1739285565,mcnode19.media-frontend-6b66b95ff4-42gfw,container_cpu_user_seconds_total,1.971
1739285565,mcnode19.text-service-fff64b8bf-8xjtr,container_cpu_user_seconds_total,0.028
1739285565,mcnode19.jaeger-67997f9775-4vfpk,container_cpu_user_seconds_total,0.051
1739285565,mcnode19.user-timeline-mongodb-6758898d48-8pxfm,container_cpu_user_seconds_total,0.92
1739285565,mcnode19.user-timeline-service-664c7f6696-khsj2,container_cpu_user_seconds_total,0.012
1739285565,mcnode19.social-graph-service-677dbc655c-gbgnr,container_cpu_user_seconds_total,0.031
1739285565,mcnode19.url-shorten-memcached-6546746864-fwgsl,container_cpu_user_seconds_total,0.021
1739285565,mcnode19.nginx-thrift-79478f9bf5-f9xwm,container_cpu_user_seconds_total,0.022
1739285565,mcnode19.jaeger-67997f9775-4vfpk,container_cpu_user_seconds_total,0.033
1739285565,mcnode19.jaeger-67997f9775-4vfpk,container_cpu_user_seconds_total,0.018
1739285565,mcnode19.home-timeline-redis-6c6647df6f-kxwd7,container_cpu_user_seconds_total,0.023
1739285565,mcnode19.social-graph-mongodb-55df767ff5-btmlt,container_cpu_user_seconds_total,0.792
1739285565,mcnode19.user-mention-service-5c4f566c5-f44t2,container_cpu_user_seconds_total,0.013
1739285565,mcnode19.media-service-6c665c775d-g4kpq,container_cpu_user_seconds_total,0.022
1739285565,mcnode19.media-memcached-7889bdfdfb-8kfqd,container_cpu_user_seconds_total,0.013
1739285565,mcnode19.text-service-fff64b8bf-8xjtr,container_cpu_user_seconds_total,0.022
1739285565,mcnode19.post-storage-memcached-6b75788fc6-92vl7,container_cpu_user_seconds_total,0.019
1739285565,mcnode19.media-memcached-7889bdfdfb-8kfqd,container_cpu_user_seconds_total,0.024
1739285565,mcnode19.home-timeline-service-5754ffbc6d-9mv6t,container_cpu_user_seconds_total,0.02
1739285565,mcnode19.user-timeline-mongodb-6758898d48-8pxfm,container_cpu_user_seconds_total,0.02
1739285565,mcnode19.user-memcached-59687c864d-cs925,container_cpu_user_seconds_total,0.017
1739285565,mcnode19.compose-post-service-f587bf89d-wxzgx,container_cpu_user_seconds_total,0.005
1739285565,mcnode19.social-graph-redis-5bbd5b7458-z2trh,container_cpu_user_seconds_total,0.051
1739285565,mcnode19.url-shorten-memcached-6546746864-fwgsl,container_cpu_user_seconds_total,0.019
1739285565,mcnode19.nginx-thrift-79478f9bf5-f9xwm,container_cpu_user_seconds_total,0.047
1739285565,mcnode19.unique-id-service-694497b678-mdr5g,container_cpu_user_seconds_total,0.016
1739285565,mcnode19.media-mongodb-7b64c59567-zch5l,container_cpu_user_seconds_total,0.024
1739285565,mcnode19.post-storage-memcached-6b75788fc6-92vl7,container_cpu_user_seconds_total,0.023
1739285565,mcnode19.user-memcached-59687c864d-cs925,container_cpu_user_seconds_total,0.022
1739285565,mcnode19.social-graph-redis-5bbd5b7458-z2trh,container_cpu_user_seconds_total,0.074
1739285565,mcnode19.user-mongodb-7745bbd78-67j8r,container_cpu_user_seconds_total,0.893
1739285565,mcnode19.user-mention-service-5c4f566c5-f44t2,container_cpu_user_seconds_total,0.009
1739285565,mcnode19.media-memcached-7889bdfdfb-8kfqd,container_cpu_user_seconds_total,0.04
1739285565,mcnode19.user-timeline-mongodb-6758898d48-8pxfm,container_cpu_user_seconds_total,0.941
1739285565,mcnode19.post-storage-mongodb-5579669d8c-thwth,container_cpu_user_seconds_total,0.02
1739285565,mcnode19.media-frontend-6b66b95ff4-42gfw,container_cpu_user_seconds_total,1.956
1739285565,mcnode19.unique-id-service-694497b678-mdr5g,container_cpu_user_seconds_total,0.017
1739285565,mcnode19.media-mongodb-7b64c59567-zch5l,container_cpu_user_seconds_total,0.808
1739285565,mcnode19.user-memcached-59687c864d-cs925,container_cpu_user_seconds_total,0.038
1739285565,mcnode19.social-graph-mongodb-55df767ff5-btmlt,container_cpu_user_seconds_total,0.809
1739285565,mcnode19.post-storage-mongodb-5579669d8c-thwth,container_cpu_user_seconds_total,0.827
1739285565,mcnode19.social-graph-redis-5bbd5b7458-z2trh,container_cpu_user_seconds_total,0.031
1739285565,mcnode19.post-storage-mongodb-5579669d8c-thwth,container_cpu_user_seconds_total,0.811
1739285565,mcnode19.post-storage-memcached-6b75788fc6-92vl7,container_cpu_user_seconds_total,0.043
1739285565,mcnode19.social-graph-service-677dbc655c-gbgnr,container_cpu_user_seconds_total,0.028
1739285565,mcnode19.media-service-6c665c775d-g4kpq,container_cpu_user_seconds_total,0.031
1739285565,mcnode19.home-timeline-redis-6c6647df6f-kxwd7,container_cpu_user_seconds_total,0.084
1739285580,mcnode19.unique-id-service-694497b678-mdr5g,container_cpu_user_seconds_total,0.016
1739285580,mcnode19.user-timeline-redis-67cc95bc57-tvbsv,container_cpu_user_seconds_total,0.086
1739285580,mcnode19.home-timeline-redis-6c6647df6f-kxwd7,container_cpu_user_seconds_total,0.023
1739285580,mcnode19.user-timeline-service-664c7f6696-khsj2,container_cpu_user_seconds_total,0.012
1739285580,mcnode19.compose-post-service-f587bf89d-wxzgx,container_cpu_user_seconds_total,0.027
1739285580,mcnode19.media-frontend-6b66b95ff4-42gfw,container_cpu_user_seconds_total,1.956
1739285580,mcnode19.user-timeline-mongodb-6758898d48-8pxfm,container_cpu_user_seconds_total,0.941
1739285580,mcnode19.home-timeline-service-5754ffbc6d-9mv6t,container_cpu_user_seconds_total,0.02
1739285580,mcnode19.post-storage-mongodb-5579669d8c-thwth,container_cpu_user_seconds_total,0.02
1739285580,mcnode19.text-service-fff64b8bf-8xjtr,container_cpu_user_seconds_total,0.005
1739285580,mcnode19.user-timeline-service-664c7f6696-khsj2,container_cpu_user_seconds_total,0.019
1739285580,mcnode19.user-timeline-mongodb-6758898d48-8pxfm,container_cpu_user_seconds_total,0.02
1739285580,mcnode19.compose-post-service-f587bf89d-wxzgx,container_cpu_user_seconds_total,0.033
1739285580,mcnode19.user-mention-service-5c4f566c5-f44t2,container_cpu_user_seconds_total,0.013
1739285580,mcnode19.jaeger-67997f9775-4vfpk,container_cpu_user_seconds_total,0.033
1739285580,mcnode19.media-service-6c665c775d-g4kpq,container_cpu_user_seconds_total,0.031
1739285580,mcnode19.home-timeline-redis-6c6647df6f-kxwd7,container_cpu_user_seconds_total,0.084
1739285580,mcnode19.media-service-6c665c775d-g4kpq,container_cpu_user_seconds_total,0.022
1739285580,mcnode19.post-storage-service-66c9966f5f-n8b8r,container_cpu_user_seconds_total,0.022
1739285580,mcnode19.post-storage-mongodb-5579669d8c-thwth,container_cpu_user_seconds_total,0.827
1739285580,mcnode19.media-mongodb-7b64c59567-zch5l,container_cpu_user_seconds_total,0.808
1739285580,mcnode19.user-mention-service-5c4f566c5-f44t2,container_cpu_user_seconds_total,0.022
1739285580,mcnode19.social-graph-service-677dbc655c-gbgnr,container_cpu_user_seconds_total,0.028
1739285580,mcnode19.home-timeline-redis-6c6647df6f-kxwd7,container_cpu_user_seconds_total,0.106
1739285580,mcnode19.user-service-547b88cd8f-ckrf5,container_cpu_user_seconds_total,0.033
1739285580,mcnode19.jaeger-67997f9775-4vfpk,container_cpu_user_seconds_total,0.051
1739285580,mcnode19.home-timeline-service-5754ffbc6d-9mv6t,container_cpu_user_seconds_total,0.004
1739285580,mcnode19.media-memcached-7889bdfdfb-8kfqd,container_cpu_user_seconds_total,0.024
1739285580,mcnode19.nginx-thrift-79478f9bf5-f9xwm,container_cpu_user_seconds_total,5.462
1739285580,mcnode19.user-timeline-redis-67cc95bc57-tvbsv,container_cpu_user_seconds_total,0.108
1739285580,mcnode19.post-storage-service-66c9966f5f-n8b8r,container_cpu_user_seconds_total,0.026
1739285580,mcnode19.compose-post-service-f587bf89d-wxzgx,container_cpu_user_seconds_total,0.005
1739285580,mcnode19.jaeger-67997f9775-4vfpk,container_cpu_user_seconds_total,0.018
1739285580,mcnode19.media-mongodb-7b64c59567-zch5l,container_cpu_user_seconds_total,0.024
1739285580,mcnode19.media-memcached-7889bdfdfb-8kfqd,container_cpu_user_seconds_total,0.04
1739285580,mcnode19.nginx-thrift-79478f9bf5-f9xwm,container_cpu_user_seconds_total,0.022
1739285580,mcnode19.social-graph-mongodb-55df767ff5-btmlt,container_cpu_user_seconds_total,0.792
1739285580,mcnode19.unique-id-service-694497b678-mdr5g,container_cpu_user_seconds_total,0.017
1739285580,mcnode19.social-graph-redis-5bbd5b7458-z2trh,container_cpu_user_seconds_total,0.051
1739285580,mcnode19.post-storage-mongodb-5579669d8c-thwth,container_cpu_user_seconds_total,0.811
1739285580,mcnode19.user-service-547b88cd8f-ckrf5,container_cpu_user_seconds_total,0.048
1739285580,mcnode19.social-graph-service-677dbc655c-gbgnr,container_cpu_user_seconds_total,0.031
1739285580,mcnode19.user-memcached-59687c864d-cs925,container_cpu_user_seconds_total,0.017
1739285580,mcnode19.url-shorten-memcached-6546746864-fwgsl,container_cpu_user_seconds_total,0.021
1739285580,mcnode19.text-service-fff64b8bf-8xjtr,container_cpu_user_seconds_total,0.022
1739285580,mcnode19.user-mention-service-5c4f566c5-f44t2,container_cpu_user_seconds_total,0.009
1739285580,mcnode19.user-mongodb-7745bbd78-67j8r,container_cpu_user_seconds_total,0.893
1739285580,mcnode19.social-graph-service-677dbc655c-gbgnr,container_cpu_user_seconds_total,0.056
1739285580,mcnode19.social-graph-mongodb-55df767ff5-btmlt,container_cpu_user_seconds_total,0.809
1739285580,mcnode19.unique-id-service-694497b678-mdr5g,container_cpu_user_seconds_total,0.003
1739285580,mcnode19.post-storage-memcached-6b75788fc6-92vl7,container_cpu_user_seconds_total,0.023
1739285580,mcnode19.media-frontend-6b66b95ff4-42gfw,container_cpu_user_seconds_total,1.971
1739285580,mcnode19.user-service-547b88cd8f-ckrf5,container_cpu_user_seconds_total,0.015
1739285580,mcnode19.home-timeline-service-5754ffbc6d-9mv6t,container_cpu_user_seconds_total,0.018
1739285580,mcnode19.media-service-6c665c775d-g4kpq,container_cpu_user_seconds_total,0.01
1739285580,mcnode19.nginx-thrift-79478f9bf5-f9xwm,container_cpu_user_seconds_total,0.047
1739285580,mcnode19.user-mongodb-7745bbd78-67j8r,container_cpu_user_seconds_total,0.027
1739285580,mcnode19.user-mongodb-7745bbd78-67j8r,container_cpu_user_seconds_total,0.867
1739285580,mcnode19.post-storage-service-66c9966f5f-n8b8r,container_cpu_user_seconds_total,0.0
1739285580,mcnode19.media-memcached-7889bdfdfb-8kfqd,container_cpu_user_seconds_total,0.013
1739285580,mcnode19.social-graph-mongodb-55df767ff5-btmlt,container_cpu_user_seconds_total,0.022
1739285580,mcnode19.user-memcached-59687c864d-cs925,container_cpu_user_seconds_total,0.038
1739285580,mcnode19.text-service-fff64b8bf-8xjtr,container_cpu_user_seconds_total,0.028
1739285580,mcnode19.post-storage-memcached-6b75788fc6-92vl7,container_cpu_user_seconds_total,0.019
1739285580,mcnode19.url-shorten-memcached-6546746864-fwgsl,container_cpu_user_seconds_total,0.019
1739285580,mcnode19.social-graph-redis-5bbd5b7458-z2trh,container_cpu_user_seconds_total,0.031
1739285580,mcnode19.user-timeline-service-664c7f6696-khsj2,container_cpu_user_seconds_total,0.03
1739285580,mcnode19.post-storage-memcached-6b75788fc6-92vl7,container_cpu_user_seconds_total,0.043
1739285580,mcnode19.user-timeline-redis-67cc95bc57-tvbsv,container_cpu_user_seconds_total,0.022
1739285580,mcnode19.user-timeline-mongodb-6758898d48-8pxfm,container_cpu_user_seconds_total,0.92
1739285580,mcnode19.url-shorten-memcached-6546746864-fwgsl,container_cpu_user_seconds_total,0.04
1739285580,mcnode19.user-memcached-59687c864d-cs925,container_cpu_user_seconds_total,0.022
1739285580,mcnode19.media-mongodb-7b64c59567-zch5l,container_cpu_user_seconds_total,0.782
1739285580,mcnode19.media-frontend-6b66b95ff4-42gfw,container_cpu_user_seconds_total,0.016
1739285580,mcnode19.social-graph-redis-5bbd5b7458-z2trh,container_cpu_user_seconds_total,0.074
1739285595,mcnode19.unique-id-service-694497b678-mdr5g,container_cpu_user_seconds_total,0.017
1739285595,mcnode19.user-mongodb-7745bbd78-67j8r,container_cpu_user_seconds_total,1.238
1739285595,mcnode19.post-storage-memcached-6b75788fc6-92vl7,container_cpu_user_seconds_total,0.054
1739285595,mcnode19.social-graph-redis-5bbd5b7458-z2trh,container_cpu_user_seconds_total,0.128
1739285595,mcnode19.nginx-thrift-79478f9bf5-f9xwm,container_cpu_user_seconds_total,0.048
1739285595,mcnode19.media-service-6c665c775d-g4kpq,container_cpu_user_seconds_total,0.031
1739285595,mcnode19.home-timeline-redis-6c6647df6f-kxwd7,container_cpu_user_seconds_total,0.175
1739285595,mcnode19.user-mention-service-5c4f566c5-f44t2,container_cpu_user_seconds_total,0.013
1739285595,mcnode19.post-storage-memcached-6b75788fc6-92vl7,container_cpu_user_seconds_total,0.023
1739285595,mcnode19.url-shorten-memcached-6546746864-fwgsl,container_cpu_user_seconds_total,0.028
1739285595,mcnode19.home-timeline-redis-6c6647df6f-kxwd7,container_cpu_user_seconds_total,0.023
1739285595,mcnode19.user-mongodb-7745bbd78-67j8r,container_cpu_user_seconds_total,1.211
1739285595,mcnode19.user-timeline-mongodb-6758898d48-8pxfm,container_cpu_user_seconds_total,1.266
1739285595,mcnode19.media-memcached-7889bdfdfb-8kfqd,container_cpu_user_seconds_total,0.053
1739285595,mcnode19.social-graph-redis-5bbd5b7458-z2trh,container_cpu_user_seconds_total,0.031
1739285595,mcnode19.post-storage-service-66c9966f5f-n8b8r,container_cpu_user_seconds_total,0.022
1739285595,mcnode19.home-timeline-redis-6c6647df6f-kxwd7,container_cpu_user_seconds_total,0.152
1739285595,mcnode19.user-memcached-59687c864d-cs925,container_cpu_user_seconds_total,0.03
1739285595,mcnode19.media-frontend-6b66b95ff4-42gfw,container_cpu_user_seconds_total,4.635
1739285595,mcnode19.user-memcached-59687c864d-cs925,container_cpu_user_seconds_total,0.047
1739285595,mcnode19.text-service-fff64b8bf-8xjtr,container_cpu_user_seconds_total,0.022
1739285595,mcnode19.media-frontend-6b66b95ff4-42gfw,container_cpu_user_seconds_total,0.016
1739285595,mcnode19.compose-post-service-f587bf89d-wxzgx,container_cpu_user_seconds_total,0.005
1739285595,mcnode19.user-memcached-59687c864d-cs925,container_cpu_user_seconds_total,0.017
1739285595,mcnode19.media-memcached-7889bdfdfb-8kfqd,container_cpu_user_seconds_total,0.024
1739285595,mcnode19.home-timeline-service-5754ffbc6d-9mv6t,container_cpu_user_seconds_total,0.018
1739285595,mcnode19.unique-id-service-694497b678-mdr5g,container_cpu_user_seconds_total,0.016
1739285595,mcnode19.home-timeline-service-5754ffbc6d-9mv6t,container_cpu_user_seconds_total,0.02
1739285595,mcnode19.user-mention-service-5c4f566c5-f44t2,container_cpu_user_seconds_total,0.009
1739285595,mcnode19.media-mongodb-7b64c59567-zch5l,container_cpu_user_seconds_total,1.184
1739285595,mcnode19.user-timeline-mongodb-6758898d48-8pxfm,container_cpu_user_seconds_total,0.02
1739285595,mcnode19.post-storage-memcached-6b75788fc6-92vl7,container_cpu_user_seconds_total,0.031
1739285595,mcnode19.social-graph-mongodb-55df767ff5-btmlt,container_cpu_user_seconds_total,1.192
1739285595,mcnode19.social-graph-redis-5bbd5b7458-z2trh,container_cpu_user_seconds_total,0.153
1739285595,mcnode19.social-graph-service-677dbc655c-gbgnr,container_cpu_user_seconds_total,0.029
1739285595,mcnode19.post-storage-mongodb-5579669d8c-thwth,container_cpu_user_seconds_total,0.02
1739285595,mcnode19.post-storage-mongodb-5579669d8c-thwth,container_cpu_user_seconds_total,1.176
1739285595,mcnode19.media-mongodb-7b64c59567-zch5l,container_cpu_user_seconds_total,0.024
1739285595,mcnode19.media-memcached-7889bdfdfb-8kfqd,container_cpu_user_seconds_total,0.026
1739285595,mcnode19.jaeger-67997f9775-4vfpk,container_cpu_user_seconds_total,0.05
1739285595,mcnode19.unique-id-service-694497b678-mdr5g,container_cpu_user_seconds_total,0.003
1739285595,mcnode19.jaeger-67997f9775-4vfpk,container_cpu_user_seconds_total,0.018
1739285595,mcnode19.text-service-fff64b8bf-8xjtr,container_cpu_user_seconds_total,0.005
1739285595,mcnode19.user-timeline-redis-67cc95bc57-tvbsv,container_cpu_user_seconds_total,0.161
1739285595,mcnode19.social-graph-mongodb-55df767ff5-btmlt,container_cpu_user_seconds_total,1.177
1739285595,mcnode19.url-shorten-memcached-6546746864-fwgsl,container_cpu_user_seconds_total,0.049
1739285595,mcnode19.url-shorten-memcached-6546746864-fwgsl,container_cpu_user_seconds_total,0.021
1739285595,mcnode19.user-service-547b88cd8f-ckrf5,container_cpu_user_seconds_total,0.05
1739285595,mcnode19.post-storage-service-66c9966f5f-n8b8r,container_cpu_user_seconds_total,0.0
1739285595,mcnode19.text-service-fff64b8bf-8xjtr,container_cpu_user_seconds_total,0.028
1739285595,mcnode19.compose-post-service-f587bf89d-wxzgx,container_cpu_user_seconds_total,0.033
1739285595,mcnode19.jaeger-67997f9775-4vfpk,container_cpu_user_seconds_total,0.068
1739285595,mcnode19.social-graph-service-677dbc655c-gbgnr,container_cpu_user_seconds_total,0.031
1739285595,mcnode19.user-timeline-service-664c7f6696-khsj2,container_cpu_user_seconds_total,0.012
1739285595,mcnode19.user-timeline-service-664c7f6696-khsj2,container_cpu_user_seconds_total,0.019
1739285595,mcnode19.media-mongodb-7b64c59567-zch5l,container_cpu_user_seconds_total,1.164
1739285595,mcnode19.nginx-thrift-79478f9bf5-f9xwm,container_cpu_user_seconds_total,0.022
1739285595,mcnode19.post-storage-service-66c9966f5f-n8b8r,container_cpu_user_seconds_total,0.028
1739285595,mcnode19.social-graph-service-677dbc655c-gbgnr,container_cpu_user_seconds_total,0.058
1739285595,mcnode19.user-timeline-redis-67cc95bc57-tvbsv,container_cpu_user_seconds_total,0.139
1739285595,mcnode19.user-mention-service-5c4f566c5-f44t2,container_cpu_user_seconds_total,0.022
1739285595,mcnode19.social-graph-mongodb-55df767ff5-btmlt,container_cpu_user_seconds_total,0.022
1739285595,mcnode19.user-service-547b88cd8f-ckrf5,container_cpu_user_seconds_total,0.033
1739285595,mcnode19.media-service-6c665c775d-g4kpq,container_cpu_user_seconds_total,0.022
1739285595,mcnode19.user-timeline-service-664c7f6696-khsj2,container_cpu_user_seconds_total,0.032
1739285595,mcnode19.user-service-547b88cd8f-ckrf5,container_cpu_user_seconds_total,0.016
1739285595,mcnode19.media-frontend-6b66b95ff4-42gfw,container_cpu_user_seconds_total,4.655
1739285595,mcnode19.user-mongodb-7745bbd78-67j8r,container_cpu_user_seconds_total,0.027
1739285595,mcnode19.user-timeline-mongodb-6758898d48-8pxfm,container_cpu_user_seconds_total,1.245
1739285595,mcnode19.post-storage-mongodb-5579669d8c-thwth,container_cpu_user_seconds_total,1.157
1739285595,mcnode19.user-timeline-redis-67cc95bc57-tvbsv,container_cpu_user_seconds_total,0.022
1739285595,mcnode19.media-service-6c665c775d-g4kpq,container_cpu_user_seconds_total,0.01
1739285595,mcnode19.nginx-thrift-79478f9bf5-f9xwm,container_cpu_user_seconds_total,5.463
1739285595,mcnode19.compose-post-service-f587bf89d-wxzgx,container_cpu_user_seconds_total,0.027
1739285595,mcnode19.home-timeline-service-5754ffbc6d-9mv6t,container_cpu_user_seconds_total,0.004
1739285610,mcnode19.social-graph-redis-5bbd5b7458-z2trh,container_cpu_user_seconds_total,0.153
1739285610,mcnode19.user-timeline-service-664c7f6696-khsj2,container_cpu_user_seconds_total,0.019
1739285610,mcnode19.post-storage-memcached-6b75788fc6-92vl7,container_cpu_user_seconds_total,0.054
1739285610,mcnode19.url-shorten-memcached-6546746864-fwgsl,container_cpu_user_seconds_total,0.049
1739285610,mcnode19.social-graph-redis-5bbd5b7458-z2trh,container_cpu_user_seconds_total,0.031
1739285610,mcnode19.unique-id-service-694497b678-mdr5g,container_cpu_user_seconds_total,0.016
1739285610,mcnode19.compose-post-service-f587bf89d-wxzgx,container_cpu_user_seconds_total,0.033
1739285610,mcnode19.post-storage-mongodb-5579669d8c-thwth,container_cpu_user_seconds_total,1.176
1739285610,mcnode19.user-timeline-mongodb-6758898d48-8pxfm,container_cpu_user_seconds_total,0.02
1739285610,mcnode19.home-timeline-service-5754ffbc6d-9mv6t,container_cpu_user_seconds_total,0.018
1739285610,mcnode19.user-service-547b88cd8f-ckrf5,container_cpu_user_seconds_total,0.05
1739285610,mcnode19.compose-post-service-f587bf89d-wxzgx,container_cpu_user_seconds_total,0.027
1739285610,mcnode19.user-timeline-redis-67cc95bc57-tvbsv,container_cpu_user_seconds_total,0.022
1739285610,mcnode19.user-timeline-service-664c7f6696-khsj2,container_cpu_user_seconds_total,0.032
1739285610,mcnode19.home-timeline-service-5754ffbc6d-9mv6t,container_cpu_user_seconds_total,0.02
1739285610,mcnode19.user-mention-service-5c4f566c5-f44t2,container_cpu_user_seconds_total,0.022
1739285610,mcnode19.text-service-fff64b8bf-8xjtr,container_cpu_user_seconds_total,0.022
1739285610,mcnode19.media-service-6c665c775d-g4kpq,container_cpu_user_seconds_total,0.022
1739285610,mcnode19.social-graph-mongodb-55df767ff5-btmlt,container_cpu_user_seconds_total,0.022
1739285610,mcnode19.user-mongodb-7745bbd78-67j8r,container_cpu_user_seconds_total,1.238
1739285610,mcnode19.media-frontend-6b66b95ff4-42gfw,container_cpu_user_seconds_total,4.655
1739285610,mcnode19.media-service-6c665c775d-g4kpq,container_cpu_user_seconds_total,0.031
1739285610,mcnode19.user-mongodb-7745bbd78-67j8r,container_cpu_user_seconds_total,0.027
1739285610,mcnode19.user-mention-service-5c4f566c5-f44t2,container_cpu_user_seconds_total,0.013
1739285610,mcnode19.nginx-thrift-79478f9bf5-f9xwm,container_cpu_user_seconds_total,5.463
1739285610,mcnode19.user-memcached-59687c864d-cs925,container_cpu_user_seconds_total,0.047
1739285610,mcnode19.social-graph-mongodb-55df767ff5-btmlt,container_cpu_user_seconds_total,1.192
1739285610,mcnode19.jaeger-67997f9775-4vfpk,container_cpu_user_seconds_total,0.018
1739285610,mcnode19.media-memcached-7889bdfdfb-8kfqd,container_cpu_user_seconds_total,0.053
1739285610,mcnode19.user-timeline-redis-67cc95bc57-tvbsv,container_cpu_user_seconds_total,0.161
1739285610,mcnode19.home-timeline-redis-6c6647df6f-kxwd7,container_cpu_user_seconds_total,0.175
1739285610,mcnode19.media-memcached-7889bdfdfb-8kfqd,container_cpu_user_seconds_total,0.024
1739285610,mcnode19.url-shorten-memcached-6546746864-fwgsl,container_cpu_user_seconds_total,0.021
1739285610,mcnode19.text-service-fff64b8bf-8xjtr,container_cpu_user_seconds_total,0.028
1739285610,mcnode19.unique-id-service-694497b678-mdr5g,container_cpu_user_seconds_total,0.017
1739285610,mcnode19.user-service-547b88cd8f-ckrf5,container_cpu_user_seconds_total,0.033
1739285610,mcnode19.jaeger-67997f9775-4vfpk,container_cpu_user_seconds_total,0.068
1739285610,mcnode19.user-memcached-59687c864d-cs925,container_cpu_user_seconds_total,0.017
1739285610,mcnode19.post-storage-memcached-6b75788fc6-92vl7,container_cpu_user_seconds_total,0.023
1739285610,mcnode19.post-storage-mongodb-5579669d8c-thwth,container_cpu_user_seconds_total,0.02
1739285610,mcnode19.social-graph-service-677dbc655c-gbgnr,container_cpu_user_seconds_total,0.031
1739285610,mcnode19.social-graph-service-677dbc655c-gbgnr,container_cpu_user_seconds_total,0.058
1739285610,mcnode19.media-frontend-6b66b95ff4-42gfw,container_cpu_user_seconds_total,0.016
1739285610,mcnode19.nginx-thrift-79478f9bf5-f9xwm,container_cpu_user_seconds_total,0.022
1739285610,mcnode19.user-timeline-mongodb-6758898d48-8pxfm,container_cpu_user_seconds_total,1.245
1739285610,mcnode19.media-mongodb-7b64c59567-zch5l,container_cpu_user_seconds_total,1.184
1739285610,mcnode19.nginx-thrift-79478f9bf5-f9xwm,container_cpu_user_seconds_total,0.048
1739285610,mcnode19.social-graph-service-677dbc655c-gbgnr,container_cpu_user_seconds_total,0.029
1739285610,mcnode19.user-mention-service-5c4f566c5-f44t2,container_cpu_user_seconds_total,0.009
1739285610,mcnode19.home-timeline-service-5754ffbc6d-9mv6t,container_cpu_user_seconds_total,0.004
1739285610,mcnode19.social-graph-redis-5bbd5b7458-z2trh,container_cpu_user_seconds_total,0.128
1739285610,mcnode19.url-shorten-memcached-6546746864-fwgsl,container_cpu_user_seconds_total,0.028
1739285610,mcnode19.compose-post-service-f587bf89d-wxzgx,container_cpu_user_seconds_total,0.005
1739285610,mcnode19.post-storage-memcached-6b75788fc6-92vl7,container_cpu_user_seconds_total,0.031
1739285610,mcnode19.user-service-547b88cd8f-ckrf5,container_cpu_user_seconds_total,0.016
1739285610,mcnode19.jaeger-67997f9775-4vfpk,container_cpu_user_seconds_total,0.05
1739285610,mcnode19.user-timeline-service-664c7f6696-khsj2,container_cpu_user_seconds_total,0.012
1739285610,mcnode19.post-storage-mongodb-5579669d8c-thwth,container_cpu_user_seconds_total,1.157
1739285610,mcnode19.media-mongodb-7b64c59567-zch5l,container_cpu_user_seconds_total,0.024
1739285610,mcnode19.user-memcached-59687c864d-cs925,container_cpu_user_seconds_total,0.03
1739285610,mcnode19.post-storage-service-66c9966f5f-n8b8r,container_cpu_user_seconds_total,0.0
1739285610,mcnode19.home-timeline-redis-6c6647df6f-kxwd7,container_cpu_user_seconds_total,0.023
1739285610,mcnode19.media-frontend-6b66b95ff4-42gfw,container_cpu_user_seconds_total,4.635
1739285610,mcnode19.media-mongodb-7b64c59567-zch5l,container_cpu_user_seconds_total,1.164
1739285610,mcnode19.media-service-6c665c775d-g4kpq,container_cpu_user_seconds_total,0.01
1739285610,mcnode19.social-graph-mongodb-55df767ff5-btmlt,container_cpu_user_seconds_total,1.177
1739285610,mcnode19.unique-id-service-694497b678-mdr5g,container_cpu_user_seconds_total,0.003
1739285610,mcnode19.post-storage-service-66c9966f5f-n8b8r,container_cpu_user_seconds_total,0.022
1739285610,mcnode19.home-timeline-redis-6c6647df6f-kxwd7,container_cpu_user_seconds_total,0.152
1739285610,mcnode19.user-mongodb-7745bbd78-67j8r,container_cpu_user_seconds_total,1.211
1739285610,mcnode19.media-memcached-7889bdfdfb-8kfqd,container_cpu_user_seconds_total,0.026
1739285610,mcnode19.user-timeline-mongodb-6758898d48-8pxfm,container_cpu_user_seconds_total,1.266
1739285610,mcnode19.post-storage-service-66c9966f5f-n8b8r,container_cpu_user_seconds_total,0.028
1739285610,mcnode19.text-service-fff64b8bf-8xjtr,container_cpu_user_seconds_total,0.005
1739285610,mcnode19.user-timeline-redis-67cc95bc57-tvbsv,container_cpu_user_seconds_total,0.139
1739285625,mcnode19.home-timeline-redis-6c6647df6f-kxwd7,container_cpu_user_seconds_total,0.175
1739285625,mcnode19.home-timeline-service-5754ffbc6d-9mv6t,container_cpu_user_seconds_total,0.004
1739285625,mcnode19.user-timeline-service-664c7f6696-khsj2,container_cpu_user_seconds_total,0.032
1739285625,mcnode19.user-service-547b88cd8f-ckrf5,container_cpu_user_seconds_total,0.033
1739285625,mcnode19.user-mention-service-5c4f566c5-f44t2,container_cpu_user_seconds_total,0.022
1739285625,mcnode19.compose-post-service-f587bf89d-wxzgx,container_cpu_user_seconds_total,0.027
1739285625,mcnode19.post-storage-memcached-6b75788fc6-92vl7,container_cpu_user_seconds_total,0.023
1739285625,mcnode19.post-storage-memcached-6b75788fc6-92vl7,container_cpu_user_seconds_total,0.031
1739285625,mcnode19.text-service-fff64b8bf-8xjtr,container_cpu_user_seconds_total,0.005
1739285625,mcnode19.user-timeline-redis-67cc95bc57-tvbsv,container_cpu_user_seconds_total,0.139
1739285625,mcnode19.post-storage-service-66c9966f5f-n8b8r,container_cpu_user_seconds_total,0.028
1739285625,mcnode19.home-timeline-redis-6c6647df6f-kxwd7,container_cpu_user_seconds_total,0.023
1739285625,mcnode19.user-timeline-redis-67cc95bc57-tvbsv,container_cpu_user_seconds_total,0.022
1739285625,mcnode19.media-service-6c665c775d-g4kpq,container_cpu_user_seconds_total,0.031
1739285625,mcnode19.media-mongodb-7b64c59567-zch5l,container_cpu_user_seconds_total,1.184
1739285625,mcnode19.post-storage-mongodb-5579669d8c-thwth,container_cpu_user_seconds_total,0.02
1739285625,mcnode19.post-storage-service-66c9966f5f-n8b8r,container_cpu_user_seconds_total,0.0
1739285625,mcnode19.media-service-6c665c775d-g4kpq,container_cpu_user_seconds_total,0.022
1739285625,mcnode19.user-timeline-service-664c7f6696-khsj2,container_cpu_user_seconds_total,0.019
1739285625,mcnode19.post-storage-service-66c9966f5f-n8b8r,container_cpu_user_seconds_total,0.022
1739285625,mcnode19.text-service-fff64b8bf-8xjtr,container_cpu_user_seconds_total,0.028
1739285625,mcnode19.media-memcached-7889bdfdfb-8kfqd,container_cpu_user_seconds_total,0.026
1739285625,mcnode19.jaeger-67997f9775-4vfpk,container_cpu_user_seconds_total,0.068
1739285625,mcnode19.user-memcached-59687c864d-cs925,container_cpu_user_seconds_total,0.03
1739285625,mcnode19.user-memcached-59687c864d-cs925,container_cpu_user_seconds_total,0.017
1739285625,mcnode19.jaeger-67997f9775-4vfpk,container_cpu_user_seconds_total,0.05
1739285625,mcnode19.social-graph-redis-5bbd5b7458-z2trh,container_cpu_user_seconds_total,0.153
1739285625,mcnode19.jaeger-67997f9775-4vfpk,container_cpu_user_seconds_total,0.018
1739285625,mcnode19.media-frontend-6b66b95ff4-42gfw,container_cpu_user_seconds_total,0.016
1739285625,mcnode19.nginx-thrift-79478f9bf5-f9xwm,container_cpu_user_seconds_total,5.463
1739285625,mcnode19.url-shorten-memcached-6546746864-fwgsl,container_cpu_user_seconds_total,0.049
1739285625,mcnode19.social-graph-redis-5bbd5b7458-z2trh,container_cpu_user_seconds_total,0.128
1739285625,mcnode19.post-storage-mongodb-5579669d8c-thwth,container_cpu_user_seconds_total,1.176
1739285625,mcnode19.social-graph-service-677dbc655c-gbgnr,container_cpu_user_seconds_total,0.029
1739285625,mcnode19.user-mention-service-5c4f566c5-f44t2,container_cpu_user_seconds_total,0.009
1739285625,mcnode19.media-memcached-7889bdfdfb-8kfqd,container_cpu_user_seconds_total,0.024
1739285625,mcnode19.home-timeline-redis-6c6647df6f-kxwd7,container_cpu_user_seconds_total,0.152
1739285625,mcnode19.user-timeline-redis-67cc95bc57-tvbsv,container_cpu_user_seconds_total,0.161
1739285625,mcnode19.user-memcached-59687c864d-cs925,container_cpu_user_seconds_total,0.047
1739285625,mcnode19.url-shorten-memcached-6546746864-fwgsl,container_cpu_user_seconds_total,0.028
1739285625,mcnode19.text-service-fff64b8bf-8xjtr,container_cpu_user_seconds_total,0.022
1739285625,mcnode19.compose-post-service-f587bf89d-wxzgx,container_cpu_user_seconds_total,0.005
1739285625,mcnode19.unique-id-service-694497b678-mdr5g,container_cpu_user_seconds_total,0.016
1739285625,mcnode19.user-mongodb-7745bbd78-67j8r,container_cpu_user_seconds_total,1.211
1739285625,mcnode19.user-mongodb-7745bbd78-67j8r,container_cpu_user_seconds_total,1.238
1739285625,mcnode19.user-timeline-service-664c7f6696-khsj2,container_cpu_user_seconds_total,0.012
1739285625,mcnode19.post-storage-mongodb-5579669d8c-thwth,container_cpu_user_seconds_total,1.157
1739285625,mcnode19.social-graph-service-677dbc655c-gbgnr,container_cpu_user_seconds_total,0.058
1739285625,mcnode19.user-timeline-mongodb-6758898d48-8pxfm,container_cpu_user_seconds_total,0.02
1739285625,mcnode19.social-graph-mongodb-55df767ff5-btmlt,container_cpu_user_seconds_total,1.177
1739285625,mcnode19.user-mongodb-7745bbd78-67j8r,container_cpu_user_seconds_total,0.027
1739285625,mcnode19.media-service-6c665c775d-g4kpq,container_cpu_user_seconds_total,0.01
1739285625,mcnode19.media-frontend-6b66b95ff4-42gfw,container_cpu_user_seconds_total,4.635
1739285625,mcnode19.user-timeline-mongodb-6758898d48-8pxfm,container_cpu_user_seconds_total,1.266
1739285625,mcnode19.compose-post-service-f587bf89d-wxzgx,container_cpu_user_seconds_total,0.033
1739285625,mcnode19.unique-id-service-694497b678-mdr5g,container_cpu_user_seconds_total,0.003
1739285625,mcnode19.home-timeline-service-5754ffbc6d-9mv6t,container_cpu_user_seconds_total,0.02
1739285625,mcnode19.user-service-547b88cd8f-ckrf5,container_cpu_user_seconds_total,0.016
1739285625,mcnode19.home-timeline-service-5754ffbc6d-9mv6t,container_cpu_user_seconds_total,0.018
1739285625,mcnode19.url-shorten-memcached-6546746864-fwgsl,container_cpu_user_seconds_total,0.021
1739285625,mcnode19.post-storage-memcached-6b75788fc6-92vl7,container_cpu_user_seconds_total,0.054
1739285625,mcnode19.social-graph-mongodb-55df767ff5-btmlt,container_cpu_user_seconds_total,1.192
1739285625,mcnode19.media-mongodb-7b64c59567-zch5l,container_cpu_user_seconds_total,0.024
1739285625,mcnode19.user-timeline-mongodb-6758898d48-8pxfm,container_cpu_user_seconds_total,1.245
1739285625,mcnode19.nginx-thrift-79478f9bf5-f9xwm,container_cpu_user_seconds_total,0.022
1739285625,mcnode19.media-frontend-6b66b95ff4-42gfw,container_cpu_user_seconds_total,4.655
1739285625,mcnode19.media-mongodb-7b64c59567-zch5l,container_cpu_user_seconds_total,1.164
1739285625,mcnode19.social-graph-service-677dbc655c-gbgnr,container_cpu_user_seconds_total,0.031
1739285625,mcnode19.user-service-547b88cd8f-ckrf5,container_cpu_user_seconds_total,0.05
1739285625,mcnode19.nginx-thrift-79478f9bf5-f9xwm,container_cpu_user_seconds_total,0.048
1739285625,mcnode19.social-graph-redis-5bbd5b7458-z2trh,container_cpu_user_seconds_total,0.031
1739285625,mcnode19.unique-id-service-694497b678-mdr5g,container_cpu_user_seconds_total,0.017
1739285625,mcnode19.media-memcached-7889bdfdfb-8kfqd,container_cpu_user_seconds_total,0.053
1739285625,mcnode19.user-mention-service-5c4f566c5-f44t2,container_cpu_user_seconds_total,0.013
1739285625,mcnode19.social-graph-mongodb-55df767ff5-btmlt,container_cpu_user_seconds_total,0.022
1739285640,mcnode19.media-memcached-7889bdfdfb-8kfqd,container_cpu_user_seconds_total,0.026
1739285640,mcnode19.user-timeline-service-664c7f6696-khsj2,container_cpu_user_seconds_total,0.019
1739285640,mcnode19.social-graph-service-677dbc655c-gbgnr,container_cpu_user_seconds_total,0.031
1739285640,mcnode19.user-timeline-redis-67cc95bc57-tvbsv,container_cpu_user_seconds_total,0.139
1739285640,mcnode19.social-graph-mongodb-55df767ff5-btmlt,container_cpu_user_seconds_total,1.192
1739285640,mcnode19.user-timeline-redis-67cc95bc57-tvbsv,container_cpu_user_seconds_total,0.161
1739285640,mcnode19.post-storage-mongodb-5579669d8c-thwth,container_cpu_user_seconds_total,0.02
1739285640,mcnode19.compose-post-service-f587bf89d-wxzgx,container_cpu_user_seconds_total,0.033
1739285640,mcnode19.media-mongodb-7b64c59567-zch5l,container_cpu_user_seconds_total,1.164
1739285640,mcnode19.user-memcached-59687c864d-cs925,container_cpu_user_seconds_total,0.017
1739285640,mcnode19.user-memcached-59687c864d-cs925,container_cpu_user_seconds_total,0.047
1739285640,mcnode19.user-mention-service-5c4f566c5-f44t2,container_cpu_user_seconds_total,0.009
1739285640,mcnode19.nginx-thrift-79478f9bf5-f9xwm,container_cpu_user_seconds_total,0.022
1739285640,mcnode19.user-timeline-service-664c7f6696-khsj2,container_cpu_user_seconds_total,0.012
1739285640,mcnode19.post-storage-service-66c9966f5f-n8b8r,container_cpu_user_seconds_total,0.028
1739285640,mcnode19.social-graph-mongodb-55df767ff5-btmlt,container_cpu_user_seconds_total,1.177
1739285640,mcnode19.nginx-thrift-79478f9bf5-f9xwm,container_cpu_user_seconds_total,5.463
1739285640,mcnode19.social-graph-mongodb-55df767ff5-btmlt,container_cpu_user_seconds_total,0.022
1739285640,mcnode19.user-timeline-redis-67cc95bc57-tvbsv,container_cpu_user_seconds_total,0.022
1739285640,mcnode19.social-graph-service-677dbc655c-gbgnr,container_cpu_user_seconds_total,0.058
1739285640,mcnode19.user-timeline-service-664c7f6696-khsj2,container_cpu_user_seconds_total,0.032
1739285640,mcnode19.compose-post-service-f587bf89d-wxzgx,container_cpu_user_seconds_total,0.027
1739285640,mcnode19.user-mongodb-7745bbd78-67j8r,container_cpu_user_seconds_total,1.211
1739285640,mcnode19.media-frontend-6b66b95ff4-42gfw,container_cpu_user_seconds_total,0.016
1739285640,mcnode19.nginx-thrift-79478f9bf5-f9xwm,container_cpu_user_seconds_total,0.048
1739285640,mcnode19.media-service-6c665c775d-g4kpq,container_cpu_user_seconds_total,0.031
1739285640,mcnode19.home-timeline-redis-6c6647df6f-kxwd7,container_cpu_user_seconds_total,0.175
1739285640,mcnode19.post-storage-memcached-6b75788fc6-92vl7,container_cpu_user_seconds_total,0.031
1739285640,mcnode19.user-service-547b88cd8f-ckrf5,container_cpu_user_seconds_total,0.033
1739285640,mcnode19.user-timeline-mongodb-6758898d48-8pxfm,container_cpu_user_seconds_total,0.02
1739285640,mcnode19.text-service-fff64b8bf-8xjtr,container_cpu_user_seconds_total,0.005
1739285640,mcnode19.media-memcached-7889bdfdfb-8kfqd,container_cpu_user_seconds_total,0.024
1739285640,mcnode19.home-timeline-redis-6c6647df6f-kxwd7,container_cpu_user_seconds_total,0.152
1739285640,mcnode19.user-mention-service-5c4f566c5-f44t2,container_cpu_user_seconds_total,0.013
1739285640,mcnode19.social-graph-redis-5bbd5b7458-z2trh,container_cpu_user_seconds_total,0.128
1739285640,mcnode19.social-graph-redis-5bbd5b7458-z2trh,container_cpu_user_seconds_total,0.031
1739285640,mcnode19.compose-post-service-f587bf89d-wxzgx,container_cpu_user_seconds_total,0.005
1739285640,mcnode19.home-timeline-redis-6c6647df6f-kxwd7,container_cpu_user_seconds_total,0.023
1739285640,mcnode19.unique-id-service-694497b678-mdr5g,container_cpu_user_seconds_total,0.017
1739285640,mcnode19.media-frontend-6b66b95ff4-42gfw,container_cpu_user_seconds_total,4.655
1739285640,mcnode19.user-service-547b88cd8f-ckrf5,container_cpu_user_seconds_total,0.05
1739285640,mcnode19.user-mongodb-7745bbd78-67j8r,container_cpu_user_seconds_total,1.238
1739285640,mcnode19.text-service-fff64b8bf-8xjtr,container_cpu_user_seconds_total,0.022
1739285640,mcnode19.unique-id-service-694497b678-mdr5g,container_cpu_user_seconds_total,0.016
1739285640,mcnode19.post-storage-memcached-6b75788fc6-92vl7,container_cpu_user_seconds_total,0.054
1739285640,mcnode19.media-memcached-7889bdfdfb-8kfqd,container_cpu_user_seconds_total,0.053
1739285640,mcnode19.media-mongodb-7b64c59567-zch5l,container_cpu_user_seconds_total,0.024
1739285640,mcnode19.url-shorten-memcached-6546746864-fwgsl,container_cpu_user_seconds_total,0.028
1739285640,mcnode19.user-timeline-mongodb-6758898d48-8pxfm,container_cpu_user_seconds_total,1.245
1739285640,mcnode19.home-timeline-service-5754ffbc6d-9mv6t,container_cpu_user_seconds_total,0.004
1739285640,mcnode19.user-mention-service-5c4f566c5-f44t2,container_cpu_user_seconds_total,0.022
1739285640,mcnode19.home-timeline-service-5754ffbc6d-9mv6t,container_cpu_user_seconds_total,0.018
1739285640,mcnode19.post-storage-service-66c9966f5f-n8b8r,container_cpu_user_seconds_total,0.0
1739285640,mcnode19.media-service-6c665c775d-g4kpq,container_cpu_user_seconds_total,0.022
1739285640,mcnode19.user-service-547b88cd8f-ckrf5,container_cpu_user_seconds_total,0.016
1739285640,mcnode19.unique-id-service-694497b678-mdr5g,container_cpu_user_seconds_total,0.003
1739285640,mcnode19.jaeger-67997f9775-4vfpk,container_cpu_user_seconds_total,0.05
1739285640,mcnode19.post-storage-service-66c9966f5f-n8b8r,container_cpu_user_seconds_total,0.022
1739285640,mcnode19.text-service-fff64b8bf-8xjtr,container_cpu_user_seconds_total,0.028
1739285640,mcnode19.user-memcached-59687c864d-cs925,container_cpu_user_seconds_total,0.03
1739285640,mcnode19.home-timeline-service-5754ffbc6d-9mv6t,container_cpu_user_seconds_total,0.02
1739285640,mcnode19.social-graph-service-677dbc655c-gbgnr,container_cpu_user_seconds_total,0.029
1739285640,mcnode19.jaeger-67997f9775-4vfpk,container_cpu_user_seconds_total,0.068
1739285640,mcnode19.url-shorten-memcached-6546746864-fwgsl,container_cpu_user_seconds_total,0.021
1739285640,mcnode19.media-frontend-6b66b95ff4-42gfw,container_cpu_user_seconds_total,4.635
1739285640,mcnode19.jaeger-67997f9775-4vfpk,container_cpu_user_seconds_total,0.018
1739285640,mcnode19.social-graph-redis-5bbd5b7458-z2trh,container_cpu_user_seconds_total,0.153
1739285640,mcnode19.post-storage-memcached-6b75788fc6-92vl7,container_cpu_user_seconds_total,0.023
1739285640,mcnode19.media-service-6c665c775d-g4kpq,container_cpu_user_seconds_total,0.01
1739285640,mcnode19.url-shorten-memcached-6546746864-fwgsl,container_cpu_user_seconds_total,0.049
1739285640,mcnode19.post-storage-mongodb-5579669d8c-thwth,container_cpu_user_seconds_total,1.157
1739285640,mcnode19.user-mongodb-7745bbd78-67j8r,container_cpu_user_seconds_total,0.027
1739285640,mcnode19.post-storage-mongodb-5579669d8c-thwth,container_cpu_user_seconds_total,1.176
1739285640,mcnode19.media-mongodb-7b64c59567-zch5l,container_cpu_user_seconds_total,1.184
1739285640,mcnode19.user-timeline-mongodb-6758898d48-8pxfm,container_cpu_user_seconds_total,1.266
1739285655,mcnode19.text-service-fff64b8bf-8xjtr,container_cpu_user_seconds_total,0.022
1739285655,mcnode19.url-shorten-memcached-6546746864-fwgsl,container_cpu_user_seconds_total,0.021
1739285655,mcnode19.post-storage-mongodb-5579669d8c-thwth,container_cpu_user_seconds_total,1.552
1739285655,mcnode19.post-storage-service-66c9966f5f-n8b8r,container_cpu_user_seconds_total,0.0
1739285655,mcnode19.social-graph-mongodb-55df767ff5-btmlt,container_cpu_user_seconds_total,0.022
1739285655,mcnode19.social-graph-mongodb-55df767ff5-btmlt,container_cpu_user_seconds_total,1.596
1739285655,mcnode19.home-timeline-redis-6c6647df6f-kxwd7,container_cpu_user_seconds_total,0.023
1739285655,mcnode19.user-mongodb-7745bbd78-67j8r,container_cpu_user_seconds_total,1.562
1739285655,mcnode19.nginx-thrift-79478f9bf5-f9xwm,container_cpu_user_seconds_total,0.049
1739285655,mcnode19.text-service-fff64b8bf-8xjtr,container_cpu_user_seconds_total,0.028
1739285655,mcnode19.post-storage-memcached-6b75788fc6-92vl7,container_cpu_user_seconds_total,0.023
1739285655,mcnode19.user-timeline-redis-67cc95bc57-tvbsv,container_cpu_user_seconds_total,0.022
1739285655,mcnode19.compose-post-service-f587bf89d-wxzgx,container_cpu_user_seconds_total,0.027
1739285655,mcnode19.post-storage-memcached-6b75788fc6-92vl7,container_cpu_user_seconds_total,0.043
1739285655,mcnode19.user-timeline-mongodb-6758898d48-8pxfm,container_cpu_user_seconds_total,1.638
1739285655,mcnode19.user-timeline-redis-67cc95bc57-tvbsv,container_cpu_user_seconds_total,0.191
1739285655,mcnode19.media-frontend-6b66b95ff4-42gfw,container_cpu_user_seconds_total,0.016
1739285655,mcnode19.post-storage-memcached-6b75788fc6-92vl7,container_cpu_user_seconds_total,0.066
1739285655,mcnode19.home-timeline-service-5754ffbc6d-9mv6t,container_cpu_user_seconds_total,0.018
1739285655,mcnode19.url-shorten-memcached-6546746864-fwgsl,container_cpu_user_seconds_total,0.059
1739285655,mcnode19.media-frontend-6b66b95ff4-42gfw,container_cpu_user_seconds_total,9.378
1739285655,mcnode19.media-memcached-7889bdfdfb-8kfqd,container_cpu_user_seconds_total,0.038
1739285655,mcnode19.compose-post-service-f587bf89d-wxzgx,container_cpu_user_seconds_total,0.033
1739285655,mcnode19.url-shorten-memcached-6546746864-fwgsl,container_cpu_user_seconds_total,0.038
1739285655,mcnode19.media-mongodb-7b64c59567-zch5l,container_cpu_user_seconds_total,0.024
1739285655,mcnode19.media-service-6c665c775d-g4kpq,container_cpu_user_seconds_total,0.022
1739285655,mcnode19.jaeger-67997f9775-4vfpk,container_cpu_user_seconds_total,0.056
1739285655,mcnode19.post-storage-service-66c9966f5f-n8b8r,container_cpu_user_seconds_total,0.022
1739285655,mcnode19.user-memcached-59687c864d-cs925,container_cpu_user_seconds_total,0.038
1739285655,mcnode19.jaeger-67997f9775-4vfpk,container_cpu_user_seconds_total,0.073
1739285655,mcnode19.post-storage-mongodb-5579669d8c-thwth,container_cpu_user_seconds_total,1.57
1739285655,mcnode19.social-graph-redis-5bbd5b7458-z2trh,container_cpu_user_seconds_total,0.2
1739285655,mcnode19.media-service-6c665c775d-g4kpq,container_cpu_user_seconds_total,0.01
1739285655,mcnode19.media-service-6c665c775d-g4kpq,container_cpu_user_seconds_total,0.031
1739285655,mcnode19.compose-post-service-f587bf89d-wxzgx,container_cpu_user_seconds_total,0.005
1739285655,mcnode19.jaeger-67997f9775-4vfpk,container_cpu_user_seconds_total,0.018
1739285655,mcnode19.media-mongodb-7b64c59567-zch5l,container_cpu_user_seconds_total,1.537
1739285655,mcnode19.home-timeline-service-5754ffbc6d-9mv6t,container_cpu_user_seconds_total,0.004
1739285655,mcnode19.user-mention-service-5c4f566c5-f44t2,container_cpu_user_seconds_total,0.022
1739285655,mcnode19.social-graph-service-677dbc655c-gbgnr,container_cpu_user_seconds_total,0.03
1739285655,mcnode19.user-service-547b88cd8f-ckrf5,container_cpu_user_seconds_total,0.033
1739285655,mcnode19.home-timeline-redis-6c6647df6f-kxwd7,container_cpu_user_seconds_total,0.204
1739285655,mcnode19.media-memcached-7889bdfdfb-8kfqd,container_cpu_user_seconds_total,0.024
1739285655,mcnode19.text-service-fff64b8bf-8xjtr,container_cpu_user_seconds_total,0.005
1739285655,mcnode19.user-mention-service-5c4f566c5-f44t2,container_cpu_user_seconds_total,0.013
1739285655,mcnode19.social-graph-redis-5bbd5b7458-z2trh,container_cpu_user_seconds_total,0.031
1739285655,mcnode19.home-timeline-redis-6c6647df6f-kxwd7,container_cpu_user_seconds_total,0.227
1739285655,mcnode19.media-memcached-7889bdfdfb-8kfqd,container_cpu_user_seconds_total,0.065
1739285655,mcnode19.user-service-547b88cd8f-ckrf5,container_cpu_user_seconds_total,0.051
1739285655,mcnode19.social-graph-redis-5bbd5b7458-z2trh,container_cpu_user_seconds_total,0.176
1739285655,mcnode19.user-timeline-service-664c7f6696-khsj2,container_cpu_user_seconds_total,0.019
1739285655,mcnode19.user-timeline-service-664c7f6696-khsj2,container_cpu_user_seconds_total,0.013
1739285655,mcnode19.social-graph-mongodb-55df767ff5-btmlt,container_cpu_user_seconds_total,1.582
1739285655,mcnode19.social-graph-service-677dbc655c-gbgnr,container_cpu_user_seconds_total,0.058
1739285655,mcnode19.unique-id-service-694497b678-mdr5g,container_cpu_user_seconds_total,0.003
1739285655,mcnode19.user-memcached-59687c864d-cs925,container_cpu_user_seconds_total,0.053
1739285655,mcnode19.home-timeline-service-5754ffbc6d-9mv6t,container_cpu_user_seconds_total,0.021
1739285655,mcnode19.user-timeline-mongodb-6758898d48-8pxfm,container_cpu_user_seconds_total,1.658
1739285655,mcnode19.media-mongodb-7b64c59567-zch5l,container_cpu_user_seconds_total,1.513
1739285655,mcnode19.media-frontend-6b66b95ff4-42gfw,container_cpu_user_seconds_total,9.362
1739285655,mcnode19.user-timeline-mongodb-6758898d48-8pxfm,container_cpu_user_seconds_total,0.02
1739285655,mcnode19.post-storage-mongodb-5579669d8c-thwth,container_cpu_user_seconds_total,0.02
1739285655,mcnode19.nginx-thrift-79478f9bf5-f9xwm,container_cpu_user_seconds_total,0.022
1739285655,mcnode19.user-timeline-redis-67cc95bc57-tvbsv,container_cpu_user_seconds_total,0.213
1739285655,mcnode19.user-mention-service-5c4f566c5-f44t2,container_cpu_user_seconds_total,0.009
1739285655,mcnode19.user-timeline-service-664c7f6696-khsj2,container_cpu_user_seconds_total,0.033
1739285655,mcnode19.user-mongodb-7745bbd78-67j8r,container_cpu_user_seconds_total,1.589
1739285655,mcnode19.nginx-thrift-79478f9bf5-f9xwm,container_cpu_user_seconds_total,5.464
1739285655,mcnode19.post-storage-service-66c9966f5f-n8b8r,container_cpu_user_seconds_total,0.029
1739285655,mcnode19.user-memcached-59687c864d-cs925,container_cpu_user_seconds_total,0.017
1739285655,mcnode19.user-mongodb-7745bbd78-67j8r,container_cpu_user_seconds_total,0.027
1739285655,mcnode19.user-service-547b88cd8f-ckrf5,container_cpu_user_seconds_total,0.017
1739285655,mcnode19.unique-id-service-694497b678-mdr5g,container_cpu_user_seconds_total,0.016
1739285655,mcnode19.social-graph-service-677dbc655c-gbgnr,container_cpu_user_seconds_total,0.031
1739285655,mcnode19.unique-id-service-694497b678-mdr5g,container_cpu_user_seconds_total,0.017
1739285670,mcnode19.user-mongodb-7745bbd78-67j8r,container_cpu_user_seconds_total,1.589
1739285670,mcnode19.url-shorten-memcached-6546746864-fwgsl,container_cpu_user_seconds_total,0.038
1739285670,mcnode19.unique-id-service-694497b678-mdr5g,container_cpu_user_seconds_total,0.003
1739285670,mcnode19.text-service-fff64b8bf-8xjtr,container_cpu_user_seconds_total,0.005
1739285670,mcnode19.user-mongodb-7745bbd78-67j8r,container_cpu_user_seconds_total,0.027
1739285670,mcnode19.text-service-fff64b8bf-8xjtr,container_cpu_user_seconds_total,0.028
1739285670,mcnode19.social-graph-redis-5bbd5b7458-z2trh,container_cpu_user_seconds_total,0.031
1739285670,mcnode19.user-timeline-redis-67cc95bc57-tvbsv,container_cpu_user_seconds_total,0.022
1739285670,mcnode19.social-graph-mongodb-55df767ff5-btmlt,container_cpu_user_seconds_total,1.582
1739285670,mcnode19.user-memcached-59687c864d-cs925,container_cpu_user_seconds_total,0.053
1739285670,mcnode19.home-timeline-service-5754ffbc6d-9mv6t,container_cpu_user_seconds_total,0.018
1739285670,mcnode19.user-timeline-redis-67cc95bc57-tvbsv,container_cpu_user_seconds_total,0.213
1739285670,mcnode19.media-frontend-6b66b95ff4-42gfw,container_cpu_user_seconds_total,0.016
1739285670,mcnode19.user-mention-service-5c4f566c5-f44t2,container_cpu_user_seconds_total,0.009
1739285670,mcnode19.post-storage-mongodb-5579669d8c-thwth,container_cpu_user_seconds_total,0.02
1739285670,mcnode19.user-memcached-59687c864d-cs925,container_cpu_user_seconds_total,0.017
1739285670,mcnode19.user-mongodb-7745bbd78-67j8r,container_cpu_user_seconds_total,1.562
1739285670,mcnode19.post-storage-service-66c9966f5f-n8b8r,container_cpu_user_seconds_total,0.0
1739285670,mcnode19.social-graph-redis-5bbd5b7458-z2trh,container_cpu_user_seconds_total,0.176
1739285670,mcnode19.post-storage-mongodb-5579669d8c-thwth,container_cpu_user_seconds_total,1.57
1739285670,mcnode19.user-memcached-59687c864d-cs925,container_cpu_user_seconds_total,0.038
1739285670,mcnode19.social-graph-redis-5bbd5b7458-z2trh,container_cpu_user_seconds_total,0.2
1739285670,mcnode19.social-graph-service-677dbc655c-gbgnr,container_cpu_user_seconds_total,0.03
1739285670,mcnode19.media-frontend-6b66b95ff4-42gfw,container_cpu_user_seconds_total,9.378
1739285670,mcnode19.user-service-547b88cd8f-ckrf5,container_cpu_user_seconds_total,0.051
1739285670,mcnode19.user-service-547b88cd8f-ckrf5,container_cpu_user_seconds_total,0.017
1739285670,mcnode19.user-service-547b88cd8f-ckrf5,container_cpu_user_seconds_total,0.033
1739285670,mcnode19.nginx-thrift-79478f9bf5-f9xwm,container_cpu_user_seconds_total,0.022
1739285670,mcnode19.user-timeline-redis-67cc95bc57-tvbsv,container_cpu_user_seconds_total,0.191
1739285670,mcnode19.jaeger-67997f9775-4vfpk,container_cpu_user_seconds_total,0.018
1739285670,mcnode19.media-service-6c665c775d-g4kpq,container_cpu_user_seconds_total,0.031
1739285670,mcnode19.home-timeline-redis-6c6647df6f-kxwd7,container_cpu_user_seconds_total,0.023
1739285670,mcnode19.social-graph-mongodb-55df767ff5-btmlt,container_cpu_user_seconds_total,0.022
1739285670,mcnode19.jaeger-67997f9775-4vfpk,container_cpu_user_seconds_total,0.073
1739285670,mcnode19.post-storage-service-66c9966f5f-n8b8r,container_cpu_user_seconds_total,0.022
1739285670,mcnode19.media-service-6c665c775d-g4kpq,container_cpu_user_seconds_total,0.022
1739285670,mcnode19.media-service-6c665c775d-g4kpq,container_cpu_user_seconds_total,0.01
1739285670,mcnode19.compose-post-service-f587bf89d-wxzgx,container_cpu_user_seconds_total,0.033
1739285670,mcnode19.user-timeline-service-664c7f6696-khsj2,container_cpu_user_seconds_total,0.013
1739285670,mcnode19.social-graph-service-677dbc655c-gbgnr,container_cpu_user_seconds_total,0.058
1739285670,mcnode19.jaeger-67997f9775-4vfpk,container_cpu_user_seconds_total,0.056
1739285670,mcnode19.unique-id-service-694497b678-mdr5g,container_cpu_user_seconds_total,0.016
1739285670,mcnode19.media-mongodb-7b64c59567-zch5l,container_cpu_user_seconds_total,1.513
1739285670,mcnode19.media-memcached-7889bdfdfb-8kfqd,container_cpu_user_seconds_total,0.065
1739285670,mcnode19.user-timeline-service-664c7f6696-khsj2,container_cpu_user_seconds_total,0.019
1739285670,mcnode19.social-graph-service-677dbc655c-gbgnr,container_cpu_user_seconds_total,0.031
1739285670,mcnode19.media-memcached-7889bdfdfb-8kfqd,container_cpu_user_seconds_total,0.038
1739285670,mcnode19.text-service-fff64b8bf-8xjtr,container_cpu_user_seconds_total,0.022
1739285670,mcnode19.home-timeline-redis-6c6647df6f-kxwd7,container_cpu_user_seconds_total,0.227
1739285670,mcnode19.compose-post-service-f587bf89d-wxzgx,container_cpu_user_seconds_total,0.005
1739285670,mcnode19.post-storage-service-66c9966f5f-n8b8r,container_cpu_user_seconds_total,0.029
1739285670,mcnode19.user-timeline-service-664c7f6696-khsj2,container_cpu_user_seconds_total,0.033
1739285670,mcnode19.nginx-thrift-79478f9bf5-f9xwm,container_cpu_user_seconds_total,5.464
1739285670,mcnode19.compose-post-service-f587bf89d-wxzgx,container_cpu_user_seconds_total,0.027
1739285670,mcnode19.unique-id-service-694497b678-mdr5g,container_cpu_user_seconds_total,0.017
1739285670,mcnode19.user-timeline-mongodb-6758898d48-8pxfm,container_cpu_user_seconds_total,0.02
1739285670,mcnode19.media-mongodb-7b64c59567-zch5l,container_cpu_user_seconds_total,0.024
1739285670,mcnode19.home-timeline-service-5754ffbc6d-9mv6t,container_cpu_user_seconds_total,0.021
1739285670,mcnode19.home-timeline-service-5754ffbc6d-9mv6t,container_cpu_user_seconds_total,0.004
1739285670,mcnode19.post-storage-memcached-6b75788fc6-92vl7,container_cpu_user_seconds_total,0.043
1739285670,mcnode19.user-timeline-mongodb-6758898d48-8pxfm,container_cpu_user_seconds_total,1.638
1739285670,mcnode19.url-shorten-memcached-6546746864-fwgsl,container_cpu_user_seconds_total,0.059
1739285670,mcnode19.user-timeline-mongodb-6758898d48-8pxfm,container_cpu_user_seconds_total,1.658
1739285670,mcnode19.home-timeline-redis-6c6647df6f-kxwd7,container_cpu_user_seconds_total,0.204
1739285670,mcnode19.post-storage-memcached-6b75788fc6-92vl7,container_cpu_user_seconds_total,0.066
1739285670,mcnode19.url-shorten-memcached-6546746864-fwgsl,container_cpu_user_seconds_total,0.021
1739285670,mcnode19.post-storage-memcached-6b75788fc6-92vl7,container_cpu_user_seconds_total,0.023
1739285670,mcnode19.social-graph-mongodb-55df767ff5-btmlt,container_cpu_user_seconds_total,1.596
1739285670,mcnode19.media-memcached-7889bdfdfb-8kfqd,container_cpu_user_seconds_total,0.024
1739285670,mcnode19.media-frontend-6b66b95ff4-42gfw,container_cpu_user_seconds_total,9.362
1739285670,mcnode19.user-mention-service-5c4f566c5-f44t2,container_cpu_user_seconds_total,0.013
1739285670,mcnode19.user-mention-service-5c4f566c5-f44t2,container_cpu_user_seconds_total,0.022
1739285670,mcnode19.media-mongodb-7b64c59567-zch5l,container_cpu_user_seconds_total,1.537
1739285670,mcnode19.post-storage-mongodb-5579669d8c-thwth,container_cpu_user_seconds_total,1.552
1739285670,mcnode19.nginx-thrift-79478f9bf5-f9xwm,container_cpu_user_seconds_total,0.049
1739285685,mcnode19.media-memcached-7889bdfdfb-8kfqd,container_cpu_user_seconds_total,0.024
1739285685,mcnode19.url-shorten-memcached-6546746864-fwgsl,container_cpu_user_seconds_total,0.038
1739285685,mcnode19.media-mongodb-7b64c59567-zch5l,container_cpu_user_seconds_total,1.537
1739285685,mcnode19.home-timeline-redis-6c6647df6f-kxwd7,container_cpu_user_seconds_total,0.204
1739285685,mcnode19.user-memcached-59687c864d-cs925,container_cpu_user_seconds_total,0.017
1739285685,mcnode19.jaeger-67997f9775-4vfpk,container_cpu_user_seconds_total,0.056
1739285685,mcnode19.post-storage-service-66c9966f5f-n8b8r,container_cpu_user_seconds_total,0.029
1739285685,mcnode19.user-timeline-service-664c7f6696-khsj2,container_cpu_user_seconds_total,0.019
1739285685,mcnode19.social-graph-redis-5bbd5b7458-z2trh,container_cpu_user_seconds_total,0.031
1739285685,mcnode19.home-timeline-service-5754ffbc6d-9mv6t,container_cpu_user_seconds_total,0.004
1739285685,mcnode19.social-graph-redis-5bbd5b7458-z2trh,container_cpu_user_seconds_total,0.176
1739285685,mcnode19.jaeger-67997f9775-4vfpk,container_cpu_user_seconds_total,0.018
1739285685,mcnode19.social-graph-redis-5bbd5b7458-z2trh,container_cpu_user_seconds_total,0.2
1739285685,mcnode19.media-service-6c665c775d-g4kpq,container_cpu_user_seconds_total,0.031
1739285685,mcnode19.post-storage-mongodb-5579669d8c-thwth,container_cpu_user_seconds_total,0.02
1739285685,mcnode19.user-mention-service-5c4f566c5-f44t2,container_cpu_user_seconds_total,0.022
1739285685,mcnode19.unique-id-service-694497b678-mdr5g,container_cpu_user_seconds_total,0.017
1739285685,mcnode19.jaeger-67997f9775-4vfpk,container_cpu_user_seconds_total,0.073
1739285685,mcnode19.user-timeline-mongodb-6758898d48-8pxfm,container_cpu_user_seconds_total,1.658
1739285685,mcnode19.social-graph-service-677dbc655c-gbgnr,container_cpu_user_seconds_total,0.03
1739285685,mcnode19.compose-post-service-f587bf89d-wxzgx,container_cpu_user_seconds_total,0.005
1739285685,mcnode19.user-memcached-59687c864d-cs925,container_cpu_user_seconds_total,0.038
1739285685,mcnode19.user-service-547b88cd8f-ckrf5,container_cpu_user_seconds_total,0.051
1739285685,mcnode19.media-service-6c665c775d-g4kpq,container_cpu_user_seconds_total,0.022
1739285685,mcnode19.user-service-547b88cd8f-ckrf5,container_cpu_user_seconds_total,0.033
1739285685,mcnode19.media-memcached-7889bdfdfb-8kfqd,container_cpu_user_seconds_total,0.065
1739285685,mcnode19.text-service-fff64b8bf-8xjtr,container_cpu_user_seconds_total,0.005
1739285685,mcnode19.post-storage-service-66c9966f5f-n8b8r,container_cpu_user_seconds_total,0.022
1739285685,mcnode19.post-storage-mongodb-5579669d8c-thwth,container_cpu_user_seconds_total,1.57
1739285685,mcnode19.user-service-547b88cd8f-ckrf5,container_cpu_user_seconds_total,0.017
1739285685,mcnode19.nginx-thrift-79478f9bf5-f9xwm,container_cpu_user_seconds_total,5.464
1739285685,mcnode19.media-frontend-6b66b95ff4-42gfw,container_cpu_user_seconds_total,0.016
1739285685,mcnode19.user-timeline-redis-67cc95bc57-tvbsv,container_cpu_user_seconds_total,0.191
1739285685,mcnode19.compose-post-service-f587bf89d-wxzgx,container_cpu_user_seconds_total,0.027
1739285685,mcnode19.unique-id-service-694497b678-mdr5g,container_cpu_user_seconds_total,0.003
1739285685,mcnode19.user-mongodb-7745bbd78-67j8r,container_cpu_user_seconds_total,1.589
1739285685,mcnode19.social-graph-mongodb-55df767ff5-btmlt,container_cpu_user_seconds_total,1.596
1739285685,mcnode19.user-mongodb-7745bbd78-67j8r,container_cpu_user_seconds_total,1.562
1739285685,mcnode19.nginx-thrift-79478f9bf5-f9xwm,container_cpu_user_seconds_total,0.049
1739285685,mcnode19.media-frontend-6b66b95ff4-42gfw,container_cpu_user_seconds_total,9.362
1739285685,mcnode19.post-storage-memcached-6b75788fc6-92vl7,container_cpu_user_seconds_total,0.023
1739285685,mcnode19.user-timeline-mongodb-6758898d48-8pxfm,container_cpu_user_seconds_total,1.638
1739285685,mcnode19.text-service-fff64b8bf-8xjtr,container_cpu_user_seconds_total,0.028
1739285685,mcnode19.url-shorten-memcached-6546746864-fwgsl,container_cpu_user_seconds_total,0.059
1739285685,mcnode19.home-timeline-redis-6c6647df6f-kxwd7,container_cpu_user_seconds_total,0.227
1739285685,mcnode19.post-storage-memcached-6b75788fc6-92vl7,container_cpu_user_seconds_total,0.043
1739285685,mcnode19.media-frontend-6b66b95ff4-42gfw,container_cpu_user_seconds_total,9.378
1739285685,mcnode19.home-timeline-service-5754ffbc6d-9mv6t,container_cpu_user_seconds_total,0.021
1739285685,mcnode19.post-storage-memcached-6b75788fc6-92vl7,container_cpu_user_seconds_total,0.066
1739285685,mcnode19.url-shorten-memcached-6546746864-fwgsl,container_cpu_user_seconds_total,0.021
1739285685,mcnode19.post-storage-mongodb-5579669d8c-thwth,container_cpu_user_seconds_total,1.552
1739285685,mcnode19.text-service-fff64b8bf-8xjtr,container_cpu_user_seconds_total,0.022
1739285685,mcnode19.post-storage-service-66c9966f5f-n8b8r,container_cpu_user_seconds_total,0.0
1739285685,mcnode19.home-timeline-service-5754ffbc6d-9mv6t,container_cpu_user_seconds_total,0.018
1739285685,mcnode19.user-timeline-mongodb-6758898d48-8pxfm,container_cpu_user_seconds_total,0.02
1739285685,mcnode19.media-mongodb-7b64c59567-zch5l,container_cpu_user_seconds_total,1.513
1739285685,mcnode19.media-mongodb-7b64c59567-zch5l,container_cpu_user_seconds_total,0.024
1739285685,mcnode19.nginx-thrift-79478f9bf5-f9xwm,container_cpu_user_seconds_total,0.022
1739285685,mcnode19.user-timeline-redis-67cc95bc57-tvbsv,container_cpu_user_seconds_total,0.213
1739285685,mcnode19.user-mongodb-7745bbd78-67j8r,container_cpu_user_seconds_total,0.027
1739285685,mcnode19.user-memcached-59687c864d-cs925,container_cpu_user_seconds_total,0.053
1739285685,mcnode19.user-timeline-redis-67cc95bc57-tvbsv,container_cpu_user_seconds_total,0.022
1739285685,mcnode19.unique-id-service-694497b678-mdr5g,container_cpu_user_seconds_total,0.016
1739285685,mcnode19.social-graph-service-677dbc655c-gbgnr,container_cpu_user_seconds_total,0.058
1739285685,mcnode19.user-mention-service-5c4f566c5-f44t2,container_cpu_user_seconds_total,0.013
1739285685,mcnode19.media-memcached-7889bdfdfb-8kfqd,container_cpu_user_seconds_total,0.038
1739285685,mcnode19.social-graph-mongodb-55df767ff5-btmlt,container_cpu_user_seconds_total,1.582
1739285685,mcnode19.user-timeline-service-664c7f6696-khsj2,container_cpu_user_seconds_total,0.013
1739285685,mcnode19.home-timeline-redis-6c6647df6f-kxwd7,container_cpu_user_seconds_total,0.023
1739285685,mcnode19.compose-post-service-f587bf89d-wxzgx,container_cpu_user_seconds_total,0.033
1739285685,mcnode19.media-service-6c665c775d-g4kpq,container_cpu_user_seconds_total,0.01
1739285685,mcnode19.user-timeline-service-664c7f6696-khsj2,container_cpu_user_seconds_total,0.033
1739285685,mcnode19.social-graph-mongodb-55df767ff5-btmlt,container_cpu_user_seconds_total,0.022
1739285685,mcnode19.user-mention-service-5c4f566c5-f44t2,container_cpu_user_seconds_total,0.009
1739285685,mcnode19.social-graph-service-677dbc655c-gbgnr,container_cpu_user_seconds_total,0.031
1739285700,mcnode19.home-timeline-service-5754ffbc6d-9mv6t,container_cpu_user_seconds_total,0.021
1739285700,mcnode19.unique-id-service-694497b678-mdr5g,container_cpu_user_seconds_total,0.017
1739285700,mcnode19.user-service-547b88cd8f-ckrf5,container_cpu_user_seconds_total,0.051
1739285700,mcnode19.text-service-fff64b8bf-8xjtr,container_cpu_user_seconds_total,0.005
1739285700,mcnode19.unique-id-service-694497b678-mdr5g,container_cpu_user_seconds_total,0.016
1739285700,mcnode19.media-frontend-6b66b95ff4-42gfw,container_cpu_user_seconds_total,9.362
1739285700,mcnode19.user-mongodb-7745bbd78-67j8r,container_cpu_user_seconds_total,0.027
1739285700,mcnode19.compose-post-service-f587bf89d-wxzgx,container_cpu_user_seconds_total,0.005
1739285700,mcnode19.user-timeline-service-664c7f6696-khsj2,container_cpu_user_seconds_total,0.033
1739285700,mcnode19.home-timeline-redis-6c6647df6f-kxwd7,container_cpu_user_seconds_total,0.204
1739285700,mcnode19.text-service-fff64b8bf-8xjtr,container_cpu_user_seconds_total,0.022
1739285700,mcnode19.post-storage-memcached-6b75788fc6-92vl7,container_cpu_user_seconds_total,0.066
1739285700,mcnode19.post-storage-memcached-6b75788fc6-92vl7,container_cpu_user_seconds_total,0.043
1739285700,mcnode19.post-storage-mongodb-5579669d8c-thwth,container_cpu_user_seconds_total,1.552
1739285700,mcnode19.text-service-fff64b8bf-8xjtr,container_cpu_user_seconds_total,0.028
1739285700,mcnode19.post-storage-memcached-6b75788fc6-92vl7,container_cpu_user_seconds_total,0.023
1739285700,mcnode19.nginx-thrift-79478f9bf5-f9xwm,container_cpu_user_seconds_total,0.049
1739285700,mcnode19.social-graph-mongodb-55df767ff5-btmlt,container_cpu_user_seconds_total,1.596
1739285700,mcnode19.post-storage-service-66c9966f5f-n8b8r,container_cpu_user_seconds_total,0.0
1739285700,mcnode19.user-timeline-redis-67cc95bc57-tvbsv,container_cpu_user_seconds_total,0.022
1739285700,mcnode19.social-graph-mongodb-55df767ff5-btmlt,container_cpu_user_seconds_total,0.022
1739285700,mcnode19.media-service-6c665c775d-g4kpq,container_cpu_user_seconds_total,0.01
1739285700,mcnode19.social-graph-service-677dbc655c-gbgnr,container_cpu_user_seconds_total,0.058
1739285700,mcnode19.media-mongodb-7b64c59567-zch5l,container_cpu_user_seconds_total,1.513
1739285700,mcnode19.user-timeline-redis-67cc95bc57-tvbsv,container_cpu_user_seconds_total,0.213
1739285700,mcnode19.social-graph-mongodb-55df767ff5-btmlt,container_cpu_user_seconds_total,1.582
1739285700,mcnode19.social-graph-service-677dbc655c-gbgnr,container_cpu_user_seconds_total,0.031
1739285700,mcnode19.user-mention-service-5c4f566c5-f44t2,container_cpu_user_seconds_total,0.022
1739285700,mcnode19.user-service-547b88cd8f-ckrf5,container_cpu_user_seconds_total,0.033
1739285700,mcnode19.social-graph-service-677dbc655c-gbgnr,container_cpu_user_seconds_total,0.03
1739285700,mcnode19.jaeger-67997f9775-4vfpk,container_cpu_user_seconds_total,0.018
1739285700,mcnode19.home-timeline-service-5754ffbc6d-9mv6t,container_cpu_user_seconds_total,0.004
1739285700,mcnode19.jaeger-67997f9775-4vfpk,container_cpu_user_seconds_total,0.073
1739285700,mcnode19.user-mention-service-5c4f566c5-f44t2,container_cpu_user_seconds_total,0.013
1739285700,mcnode19.post-storage-mongodb-5579669d8c-thwth,container_cpu_user_seconds_total,1.57
1739285700,mcnode19.social-graph-redis-5bbd5b7458-z2trh,container_cpu_user_seconds_total,0.176
1739285700,mcnode19.jaeger-67997f9775-4vfpk,container_cpu_user_seconds_total,0.056
1739285700,mcnode19.user-timeline-service-664c7f6696-khsj2,container_cpu_user_seconds_total,0.019
1739285700,mcnode19.post-storage-mongodb-5579669d8c-thwth,container_cpu_user_seconds_total,0.02
1739285700,mcnode19.media-memcached-7889bdfdfb-8kfqd,container_cpu_user_seconds_total,0.038
1739285700,mcnode19.home-timeline-redis-6c6647df6f-kxwd7,container_cpu_user_seconds_total,0.023
1739285700,mcnode19.home-timeline-service-5754ffbc6d-9mv6t,container_cpu_user_seconds_total,0.018
1739285700,mcnode19.unique-id-service-694497b678-mdr5g,container_cpu_user_seconds_total,0.003
1739285700,mcnode19.user-timeline-mongodb-6758898d48-8pxfm,container_cpu_user_seconds_total,1.658
1739285700,mcnode19.user-mention-service-5c4f566c5-f44t2,container_cpu_user_seconds_total,0.009
1739285700,mcnode19.post-storage-service-66c9966f5f-n8b8r,container_cpu_user_seconds_total,0.029
1739285700,mcnode19.media-frontend-6b66b95ff4-42gfw,container_cpu_user_seconds_total,0.016
1739285700,mcnode19.user-mongodb-7745bbd78-67j8r,container_cpu_user_seconds_total,1.562
1739285700,mcnode19.compose-post-service-f587bf89d-wxzgx,container_cpu_user_seconds_total,0.033
1739285700,mcnode19.user-timeline-service-664c7f6696-khsj2,container_cpu_user_seconds_total,0.013
1739285700,mcnode19.nginx-thrift-79478f9bf5-f9xwm,container_cpu_user_seconds_total,5.464
1739285700,mcnode19.media-frontend-6b66b95ff4-42gfw,container_cpu_user_seconds_total,9.378
1739285700,mcnode19.user-memcached-59687c864d-cs925,container_cpu_user_seconds_total,0.017
1739285700,mcnode19.media-memcached-7889bdfdfb-8kfqd,container_cpu_user_seconds_total,0.024
1739285700,mcnode19.url-shorten-memcached-6546746864-fwgsl,container_cpu_user_seconds_total,0.038
1739285700,mcnode19.user-memcached-59687c864d-cs925,container_cpu_user_seconds_total,0.053
1739285700,mcnode19.user-timeline-mongodb-6758898d48-8pxfm,container_cpu_user_seconds_total,1.638
1739285700,mcnode19.social-graph-redis-5bbd5b7458-z2trh,container_cpu_user_seconds_total,0.031
1739285700,mcnode19.media-mongodb-7b64c59567-zch5l,container_cpu_user_seconds_total,0.024
1739285700,mcnode19.url-shorten-memcached-6546746864-fwgsl,container_cpu_user_seconds_total,0.059
1739285700,mcnode19.nginx-thrift-79478f9bf5-f9xwm,container_cpu_user_seconds_total,0.022
1739285700,mcnode19.media-service-6c665c775d-g4kpq,container_cpu_user_seconds_total,0.031
1739285700,mcnode19.media-memcached-7889bdfdfb-8kfqd,container_cpu_user_seconds_total,0.065
1739285700,mcnode19.media-mongodb-7b64c59567-zch5l,container_cpu_user_seconds_total,1.537
1739285700,mcnode19.url-shorten-memcached-6546746864-fwgsl,container_cpu_user_seconds_total,0.021
1739285700,mcnode19.user-timeline-redis-67cc95bc57-tvbsv,container_cpu_user_seconds_total,0.191
1739285700,mcnode19.compose-post-service-f587bf89d-wxzgx,container_cpu_user_seconds_total,0.027
1739285700,mcnode19.post-storage-service-66c9966f5f-n8b8r,container_cpu_user_seconds_total,0.022
1739285700,mcnode19.user-memcached-59687c864d-cs925,container_cpu_user_seconds_total,0.038
1739285700,mcnode19.user-mongodb-7745bbd78-67j8r,container_cpu_user_seconds_total,1.589
1739285700,mcnode19.user-service-547b88cd8f-ckrf5,container_cpu_user_seconds_total,0.017
1739285700,mcnode19.media-service-6c665c775d-g4kpq,container_cpu_user_seconds_total,0.022
1739285700,mcnode19.user-timeline-mongodb-6758898d48-8pxfm,container_cpu_user_seconds_total,0.02
1739285700,mcnode19.social-graph-redis-5bbd5b7458-z2trh,container_cpu_user_seconds_total,0.2
1739285700,mcnode19.home-timeline-redis-6c6647df6f-kxwd7,container_cpu_user_seconds_total,0.227
1739285715,mcnode19.post-storage-mongodb-5579669d8c-thwth,container_cpu_user_seconds_total,1.997
1739285715,mcnode19.nginx-thrift-79478f9bf5-f9xwm,container_cpu_user_seconds_total,5.466
1739285715,mcnode19.media-mongodb-7b64c59567-zch5l,container_cpu_user_seconds_total,1.932
1739285715,mcnode19.user-service-547b88cd8f-ckrf5,container_cpu_user_seconds_total,0.018
1739285715,mcnode19.user-memcached-59687c864d-cs925,container_cpu_user_seconds_total,0.045
1739285715,mcnode19.social-graph-redis-5bbd5b7458-z2trh,container_cpu_user_seconds_total,0.257
1739285715,mcnode19.media-memcached-7889bdfdfb-8kfqd,container_cpu_user_seconds_total,0.024
1739285715,mcnode19.text-service-fff64b8bf-8xjtr,container_cpu_user_seconds_total,0.022
1739285715,mcnode19.media-frontend-6b66b95ff4-42gfw,container_cpu_user_seconds_total,14.203
1739285715,mcnode19.home-timeline-redis-6c6647df6f-kxwd7,container_cpu_user_seconds_total,0.293
1739285715,mcnode19.user-mention-service-5c4f566c5-f44t2,container_cpu_user_seconds_total,0.013
1739285715,mcnode19.post-storage-mongodb-5579669d8c-thwth,container_cpu_user_seconds_total,1.973
1739285715,mcnode19.user-mention-service-5c4f566c5-f44t2,container_cpu_user_seconds_total,0.023
1739285715,mcnode19.user-timeline-service-664c7f6696-khsj2,container_cpu_user_seconds_total,0.035
1739285715,mcnode19.user-mention-service-5c4f566c5-f44t2,container_cpu_user_seconds_total,0.009
1739285715,mcnode19.jaeger-67997f9775-4vfpk,container_cpu_user_seconds_total,0.091
1739285715,mcnode19.post-storage-service-66c9966f5f-n8b8r,container_cpu_user_seconds_total,0.022
1739285715,mcnode19.user-timeline-redis-67cc95bc57-tvbsv,container_cpu_user_seconds_total,0.261
1739285715,mcnode19.user-memcached-59687c864d-cs925,container_cpu_user_seconds_total,0.06
1739285715,mcnode19.media-service-6c665c775d-g4kpq,container_cpu_user_seconds_total,0.022
1739285715,mcnode19.jaeger-67997f9775-4vfpk,container_cpu_user_seconds_total,0.074
1739285715,mcnode19.home-timeline-service-5754ffbc6d-9mv6t,container_cpu_user_seconds_total,0.004
1739285715,mcnode19.social-graph-mongodb-55df767ff5-btmlt,container_cpu_user_seconds_total,1.971
1739285715,mcnode19.user-timeline-redis-67cc95bc57-tvbsv,container_cpu_user_seconds_total,0.022
1739285715,mcnode19.home-timeline-redis-6c6647df6f-kxwd7,container_cpu_user_seconds_total,0.271
1739285715,mcnode19.media-service-6c665c775d-g4kpq,container_cpu_user_seconds_total,0.031
1739285715,mcnode19.post-storage-service-66c9966f5f-n8b8r,container_cpu_user_seconds_total,0.0
1739285715,mcnode19.media-frontend-6b66b95ff4-42gfw,container_cpu_user_seconds_total,0.016
1739285715,mcnode19.user-mongodb-7745bbd78-67j8r,container_cpu_user_seconds_total,1.964
1739285715,mcnode19.post-storage-mongodb-5579669d8c-thwth,container_cpu_user_seconds_total,0.02
1739285715,mcnode19.user-timeline-service-664c7f6696-khsj2,container_cpu_user_seconds_total,0.019
1739285715,mcnode19.home-timeline-redis-6c6647df6f-kxwd7,container_cpu_user_seconds_total,0.023
1739285715,mcnode19.user-memcached-59687c864d-cs925,container_cpu_user_seconds_total,0.017
1739285715,mcnode19.text-service-fff64b8bf-8xjtr,container_cpu_user_seconds_total,0.028
1739285715,mcnode19.post-storage-service-66c9966f5f-n8b8r,container_cpu_user_seconds_total,0.03
1739285715,mcnode19.social-graph-redis-5bbd5b7458-z2trh,container_cpu_user_seconds_total,0.232
1739285715,mcnode19.jaeger-67997f9775-4vfpk,container_cpu_user_seconds_total,0.018
1739285715,mcnode19.home-timeline-service-5754ffbc6d-9mv6t,container_cpu_user_seconds_total,0.018
1739285715,mcnode19.social-graph-service-677dbc655c-gbgnr,container_cpu_user_seconds_total,0.03
1739285715,mcnode19.nginx-thrift-79478f9bf5-f9xwm,container_cpu_user_seconds_total,0.051
1739285715,mcnode19.media-mongodb-7b64c59567-zch5l,container_cpu_user_seconds_total,1.917
1739285715,mcnode19.user-mongodb-7745bbd78-67j8r,container_cpu_user_seconds_total,1.991
1739285715,mcnode19.media-mongodb-7b64c59567-zch5l,container_cpu_user_seconds_total,0.024
1739285715,mcnode19.media-service-6c665c775d-g4kpq,container_cpu_user_seconds_total,0.01
1739285715,mcnode19.url-shorten-memcached-6546746864-fwgsl,container_cpu_user_seconds_total,0.071
1739285715,mcnode19.user-service-547b88cd8f-ckrf5,container_cpu_user_seconds_total,0.053
1739285715,mcnode19.social-graph-mongodb-55df767ff5-btmlt,container_cpu_user_seconds_total,1.991
1739285715,mcnode19.social-graph-redis-5bbd5b7458-z2trh,container_cpu_user_seconds_total,0.031
1739285715,mcnode19.user-mongodb-7745bbd78-67j8r,container_cpu_user_seconds_total,0.027
1739285715,mcnode19.user-timeline-mongodb-6758898d48-8pxfm,container_cpu_user_seconds_total,2.06
1739285715,mcnode19.user-timeline-mongodb-6758898d48-8pxfm,container_cpu_user_seconds_total,0.02
1739285715,mcnode19.social-graph-mongodb-55df767ff5-btmlt,container_cpu_user_seconds_total,0.022
1739285715,mcnode19.text-service-fff64b8bf-8xjtr,container_cpu_user_seconds_total,0.005
1739285715,mcnode19.post-storage-memcached-6b75788fc6-92vl7,container_cpu_user_seconds_total,0.023
1739285715,mcnode19.media-memcached-7889bdfdfb-8kfqd,container_cpu_user_seconds_total,0.049
1739285715,mcnode19.url-shorten-memcached-6546746864-fwgsl,container_cpu_user_seconds_total,0.051
1739285715,mcnode19.media-frontend-6b66b95ff4-42gfw,container_cpu_user_seconds_total,14.189
1739285715,mcnode19.post-storage-memcached-6b75788fc6-92vl7,container_cpu_user_seconds_total,0.051
1739285715,mcnode19.compose-post-service-f587bf89d-wxzgx,container_cpu_user_seconds_total,0.027
1739285715,mcnode19.unique-id-service-694497b678-mdr5g,container_cpu_user_seconds_total,0.003
1739285715,mcnode19.url-shorten-memcached-6546746864-fwgsl,container_cpu_user_seconds_total,0.021
1739285715,mcnode19.compose-post-service-f587bf89d-wxzgx,container_cpu_user_seconds_total,0.033
1739285715,mcnode19.user-timeline-redis-67cc95bc57-tvbsv,container_cpu_user_seconds_total,0.238
1739285715,mcnode19.user-service-547b88cd8f-ckrf5,container_cpu_user_seconds_total,0.033
1739285715,mcnode19.unique-id-service-694497b678-mdr5g,container_cpu_user_seconds_total,0.016
1739285715,mcnode19.social-graph-service-677dbc655c-gbgnr,container_cpu_user_seconds_total,0.031
1739285715,mcnode19.compose-post-service-f587bf89d-wxzgx,container_cpu_user_seconds_total,0.005
1739285715,mcnode19.user-timeline-service-664c7f6696-khsj2,container_cpu_user_seconds_total,0.015
1739285715,mcnode19.post-storage-memcached-6b75788fc6-92vl7,container_cpu_user_seconds_total,0.074
1739285715,mcnode19.media-memcached-7889bdfdfb-8kfqd,container_cpu_user_seconds_total,0.076
1739285715,mcnode19.user-timeline-mongodb-6758898d48-8pxfm,container_cpu_user_seconds_total,2.085
1739285715,mcnode19.unique-id-service-694497b678-mdr5g,container_cpu_user_seconds_total,0.017
1739285715,mcnode19.nginx-thrift-79478f9bf5-f9xwm,container_cpu_user_seconds_total,0.022
1739285715,mcnode19.home-timeline-service-5754ffbc6d-9mv6t,container_cpu_user_seconds_total,0.021
1739285715,mcnode19.social-graph-service-677dbc655c-gbgnr,container_cpu_user_seconds_total,0.058
1739285730,mcnode19.media-frontend-6b66b95ff4-42gfw,container_cpu_user_seconds_total,0.016
1739285730,mcnode19.social-graph-mongodb-55df767ff5-btmlt,container_cpu_user_seconds_total,0.022
1739285730,mcnode19.post-storage-service-66c9966f5f-n8b8r,container_cpu_user_seconds_total,0.0
1739285730,mcnode19.media-memcached-7889bdfdfb-8kfqd,container_cpu_user_seconds_total,0.049
1739285730,mcnode19.user-timeline-redis-67cc95bc57-tvbsv,container_cpu_user_seconds_total,0.022
1739285730,mcnode19.compose-post-service-f587bf89d-wxzgx,container_cpu_user_seconds_total,0.027
1739285730,mcnode19.media-service-6c665c775d-g4kpq,container_cpu_user_seconds_total,0.022
1739285730,mcnode19.media-service-6c665c775d-g4kpq,container_cpu_user_seconds_total,0.01
1739285730,mcnode19.post-storage-service-66c9966f5f-n8b8r,container_cpu_user_seconds_total,0.022
1739285730,mcnode19.jaeger-67997f9775-4vfpk,container_cpu_user_seconds_total,0.091
1739285730,mcnode19.user-timeline-redis-67cc95bc57-tvbsv,container_cpu_user_seconds_total,0.238
1739285730,mcnode19.jaeger-67997f9775-4vfpk,container_cpu_user_seconds_total,0.074
1739285730,mcnode19.social-graph-mongodb-55df767ff5-btmlt,container_cpu_user_seconds_total,1.991
1739285730,mcnode19.post-storage-memcached-6b75788fc6-92vl7,container_cpu_user_seconds_total,0.023
1739285730,mcnode19.compose-post-service-f587bf89d-wxzgx,container_cpu_user_seconds_total,0.033
1739285730,mcnode19.url-shorten-memcached-6546746864-fwgsl,container_cpu_user_seconds_total,0.021
1739285730,mcnode19.nginx-thrift-79478f9bf5-f9xwm,container_cpu_user_seconds_total,5.466
1739285730,mcnode19.social-graph-service-677dbc655c-gbgnr,container_cpu_user_seconds_total,0.031
1739285730,mcnode19.text-service-fff64b8bf-8xjtr,container_cpu_user_seconds_total,0.022
1739285730,mcnode19.user-service-547b88cd8f-ckrf5,container_cpu_user_seconds_total,0.018
1739285730,mcnode19.user-timeline-service-664c7f6696-khsj2,container_cpu_user_seconds_total,0.015
1739285730,mcnode19.post-storage-memcached-6b75788fc6-92vl7,container_cpu_user_seconds_total,0.074
1739285730,mcnode19.nginx-thrift-79478f9bf5-f9xwm,container_cpu_user_seconds_total,0.022
1739285730,mcnode19.post-storage-memcached-6b75788fc6-92vl7,container_cpu_user_seconds_total,0.051
1739285730,mcnode19.media-mongodb-7b64c59567-zch5l,container_cpu_user_seconds_total,1.917
1739285730,mcnode19.url-shorten-memcached-6546746864-fwgsl,container_cpu_user_seconds_total,0.071
1739285730,mcnode19.post-storage-mongodb-5579669d8c-thwth,container_cpu_user_seconds_total,1.973
1739285730,mcnode19.user-timeline-service-664c7f6696-khsj2,container_cpu_user_seconds_total,0.035
1739285730,mcnode19.media-frontend-6b66b95ff4-42gfw,container_cpu_user_seconds_total,14.203
1739285730,mcnode19.post-storage-service-66c9966f5f-n8b8r,container_cpu_user_seconds_total,0.03
1739285730,mcnode19.user-timeline-mongodb-6758898d48-8pxfm,container_cpu_user_seconds_total,2.06
1739285730,mcnode19.text-service-fff64b8bf-8xjtr,container_cpu_user_seconds_total,0.028
1739285730,mcnode19.social-graph-service-677dbc655c-gbgnr,container_cpu_user_seconds_total,0.058
1739285730,mcnode19.home-timeline-redis-6c6647df6f-kxwd7,container_cpu_user_seconds_total,0.023
1739285730,mcnode19.user-timeline-service-664c7f6696-khsj2,container_cpu_user_seconds_total,0.019
1739285730,mcnode19.user-mongodb-7745bbd78-67j8r,container_cpu_user_seconds_total,1.964
1739285730,mcnode19.nginx-thrift-79478f9bf5-f9xwm,container_cpu_user_seconds_total,0.051
1739285730,mcnode19.unique-id-service-694497b678-mdr5g,container_cpu_user_seconds_total,0.003
1739285730,mcnode19.user-mention-service-5c4f566c5-f44t2,container_cpu_user_seconds_total,0.009
1739285730,mcnode19.user-memcached-59687c864d-cs925,container_cpu_user_seconds_total,0.045
1739285730,mcnode19.user-mongodb-7745bbd78-67j8r,container_cpu_user_seconds_total,1.991
1739285730,mcnode19.user-memcached-59687c864d-cs925,container_cpu_user_seconds_total,0.017
1739285730,mcnode19.user-mention-service-5c4f566c5-f44t2,container_cpu_user_seconds_total,0.023
1739285730,mcnode19.user-mongodb-7745bbd78-67j8r,container_cpu_user_seconds_total,0.027
1739285730,mcnode19.social-graph-redis-5bbd5b7458-z2trh,container_cpu_user_seconds_total,0.232
1739285730,mcnode19.home-timeline-redis-6c6647df6f-kxwd7,container_cpu_user_seconds_total,0.271
1739285730,mcnode19.media-memcached-7889bdfdfb-8kfqd,container_cpu_user_seconds_total,0.024
1739285730,mcnode19.post-storage-mongodb-5579669d8c-thwth,container_cpu_user_seconds_total,1.997
1739285730,mcnode19.user-timeline-mongodb-6758898d48-8pxfm,container_cpu_user_seconds_total,0.02
1739285730,mcnode19.media-mongodb-7b64c59567-zch5l,container_cpu_user_seconds_total,1.932
1739285730,mcnode19.social-graph-redis-5bbd5b7458-z2trh,container_cpu_user_seconds_total,0.257
1739285730,mcnode19.post-storage-mongodb-5579669d8c-thwth,container_cpu_user_seconds_total,0.02
1739285730,mcnode19.user-mention-service-5c4f566c5-f44t2,container_cpu_user_seconds_total,0.013
1739285730,mcnode19.user-service-547b88cd8f-ckrf5,container_cpu_user_seconds_total,0.033
1739285730,mcnode19.compose-post-service-f587bf89d-wxzgx,container_cpu_user_seconds_total,0.005
1739285730,mcnode19.media-memcached-7889bdfdfb-8kfqd,container_cpu_user_seconds_total,0.076
1739285730,mcnode19.social-graph-service-677dbc655c-gbgnr,container_cpu_user_seconds_total,0.03
1739285730,mcnode19.unique-id-service-694497b678-mdr5g,container_cpu_user_seconds_total,0.017
1739285730,mcnode19.url-shorten-memcached-6546746864-fwgsl,container_cpu_user_seconds_total,0.051
1739285730,mcnode19.home-timeline-service-5754ffbc6d-9mv6t,container_cpu_user_seconds_total,0.018
1739285730,mcnode19.media-mongodb-7b64c59567-zch5l,container_cpu_user_seconds_total,0.024
1739285730,mcnode19.user-service-547b88cd8f-ckrf5,container_cpu_user_seconds_total,0.053
1739285730,mcnode19.social-graph-redis-5bbd5b7458-z2trh,container_cpu_user_seconds_total,0.031
1739285730,mcnode19.unique-id-service-694497b678-mdr5g,container_cpu_user_seconds_total,0.016
1739285730,mcnode19.media-frontend-6b66b95ff4-42gfw,container_cpu_user_seconds_total,14.189
1739285730,mcnode19.home-timeline-redis-6c6647df6f-kxwd7,container_cpu_user_seconds_total,0.293
1739285730,mcnode19.text-service-fff64b8bf-8xjtr,container_cpu_user_seconds_total,0.005
1739285730,mcnode19.home-timeline-service-5754ffbc6d-9mv6t,container_cpu_user_seconds_total,0.004
1739285730,mcnode19.user-timeline-redis-67cc95bc57-tvbsv,container_cpu_user_seconds_total,0.261
1739285730,mcnode19.user-timeline-mongodb-6758898d48-8pxfm,container_cpu_user_seconds_total,2.085
1739285730,mcnode19.user-memcached-59687c864d-cs925,container_cpu_user_seconds_total,0.06
1739285730,mcnode19.jaeger-67997f9775-4vfpk,container_cpu_user_seconds_total,0.018
1739285730,mcnode19.home-timeline-service-5754ffbc6d-9mv6t,container_cpu_user_seconds_total,0.021
1739285730,mcnode19.media-service-6c665c775d-g4kpq,container_cpu_user_seconds_total,0.031
1739285730,mcnode19.social-graph-mongodb-55df767ff5-btmlt,container_cpu_user_seconds_total,1.971
1739285745,mcnode19.social-graph-service-677dbc655c-gbgnr,container_cpu_user_seconds_total,0.03
1739285745,mcnode19.home-timeline-service-5754ffbc6d-9mv6t,container_cpu_user_seconds_total,0.021
1739285745,mcnode19.post-storage-memcached-6b75788fc6-92vl7,container_cpu_user_seconds_total,0.074
1739285745,mcnode19.home-timeline-redis-6c6647df6f-kxwd7,container_cpu_user_seconds_total,0.293
1739285745,mcnode19.jaeger-67997f9775-4vfpk,container_cpu_user_seconds_total,0.018
1739285745,mcnode19.media-memcached-7889bdfdfb-8kfqd,container_cpu_user_seconds_total,0.076
1739285745,mcnode19.home-timeline-service-5754ffbc6d-9mv6t,container_cpu_user_seconds_total,0.018
1739285745,mcnode19.user-timeline-service-664c7f6696-khsj2,container_cpu_user_seconds_total,0.015
1739285745,mcnode19.user-service-547b88cd8f-ckrf5,container_cpu_user_seconds_total,0.018
1739285745,mcnode19.home-timeline-service-5754ffbc6d-9mv6t,container_cpu_user_seconds_total,0.004
1739285745,mcnode19.social-graph-service-677dbc655c-gbgnr,container_cpu_user_seconds_total,0.031
1739285745,mcnode19.user-service-547b88cd8f-ckrf5,container_cpu_user_seconds_total,0.033
1739285745,mcnode19.compose-post-service-f587bf89d-wxzgx,container_cpu_user_seconds_total,0.005
1739285745,mcnode19.unique-id-service-694497b678-mdr5g,container_cpu_user_seconds_total,0.017
1739285745,mcnode19.user-memcached-59687c864d-cs925,container_cpu_user_seconds_total,0.06
1739285745,mcnode19.post-storage-memcached-6b75788fc6-92vl7,container_cpu_user_seconds_total,0.051
1739285745,mcnode19.url-shorten-memcached-6546746864-fwgsl,container_cpu_user_seconds_total,0.051
1739285745,mcnode19.user-timeline-mongodb-6758898d48-8pxfm,container_cpu_user_seconds_total,0.02
1739285745,mcnode19.social-graph-service-677dbc655c-gbgnr,container_cpu_user_seconds_total,0.058
1739285745,mcnode19.post-storage-memcached-6b75788fc6-92vl7,container_cpu_user_seconds_total,0.023
1739285745,mcnode19.text-service-fff64b8bf-8xjtr,container_cpu_user_seconds_total,0.005
1739285745,mcnode19.user-mention-service-5c4f566c5-f44t2,container_cpu_user_seconds_total,0.009
1739285745,mcnode19.unique-id-service-694497b678-mdr5g,container_cpu_user_seconds_total,0.016
1739285745,mcnode19.user-timeline-mongodb-6758898d48-8pxfm,container_cpu_user_seconds_total,2.06
1739285745,mcnode19.media-mongodb-7b64c59567-zch5l,container_cpu_user_seconds_total,0.024
1739285745,mcnode19.nginx-thrift-79478f9bf5-f9xwm,container_cpu_user_seconds_total,0.022
1739285745,mcnode19.social-graph-redis-5bbd5b7458-z2trh,container_cpu_user_seconds_total,0.031
1739285745,mcnode19.media-service-6c665c775d-g4kpq,container_cpu_user_seconds_total,0.031
1739285745,mcnode19.user-service-547b88cd8f-ckrf5,container_cpu_user_seconds_total,0.053
1739285745,mcnode19.home-timeline-redis-6c6647df6f-kxwd7,container_cpu_user_seconds_total,0.023
1739285745,mcnode19.url-shorten-memcached-6546746864-fwgsl,container_cpu_user_seconds_total,0.071
1739285745,mcnode19.compose-post-service-f587bf89d-wxzgx,container_cpu_user_seconds_total,0.033
1739285745,mcnode19.media-mongodb-7b64c59567-zch5l,container_cpu_user_seconds_total,1.917
1739285745,mcnode19.nginx-thrift-79478f9bf5-f9xwm,container_cpu_user_seconds_total,0.051
1739285745,mcnode19.user-timeline-redis-67cc95bc57-tvbsv,container_cpu_user_seconds_total,0.261
1739285745,mcnode19.jaeger-67997f9775-4vfpk,container_cpu_user_seconds_total,0.091
1739285745,mcnode19.media-frontend-6b66b95ff4-42gfw,container_cpu_user_seconds_total,14.189
1739285745,mcnode19.social-graph-mongodb-55df767ff5-btmlt,container_cpu_user_seconds_total,0.022
1739285745,mcnode19.unique-id-service-694497b678-mdr5g,container_cpu_user_seconds_total,0.003
1739285745,mcnode19.post-storage-service-66c9966f5f-n8b8r,container_cpu_user_seconds_total,0.022
1739285745,mcnode19.media-frontend-6b66b95ff4-42gfw,container_cpu_user_seconds_total,14.203
1739285745,mcnode19.user-mention-service-5c4f566c5-f44t2,container_cpu_user_seconds_total,0.023
1739285745,mcnode19.user-timeline-service-664c7f6696-khsj2,container_cpu_user_seconds_total,0.019
1739285745,mcnode19.post-storage-service-66c9966f5f-n8b8r,container_cpu_user_seconds_total,0.03
1739285745,mcnode19.text-service-fff64b8bf-8xjtr,container_cpu_user_seconds_total,0.028
1739285745,mcnode19.user-memcached-59687c864d-cs925,container_cpu_user_seconds_total,0.017
1739285745,mcnode19.user-timeline-service-664c7f6696-khsj2,container_cpu_user_seconds_total,0.035
1739285745,mcnode19.post-storage-service-66c9966f5f-n8b8r,container_cpu_user_seconds_total,0.0
1739285745,mcnode19.social-graph-mongodb-55df767ff5-btmlt,container_cpu_user_seconds_total,1.991
1739285745,mcnode19.user-timeline-redis-67cc95bc57-tvbsv,container_cpu_user_seconds_total,0.238
1739285745,mcnode19.media-service-6c665c775d-g4kpq,container_cpu_user_seconds_total,0.022
1739285745,mcnode19.user-mongodb-7745bbd78-67j8r,container_cpu_user_seconds_total,1.991
1739285745,mcnode19.user-mongodb-7745bbd78-67j8r,container_cpu_user_seconds_total,1.964
1739285745,mcnode19.post-storage-mongodb-5579669d8c-thwth,container_cpu_user_seconds_total,0.02
1739285745,mcnode19.media-service-6c665c775d-g4kpq,container_cpu_user_seconds_total,0.01
1739285745,mcnode19.user-memcached-59687c864d-cs925,container_cpu_user_seconds_total,0.045
1739285745,mcnode19.social-graph-redis-5bbd5b7458-z2trh,container_cpu_user_seconds_total,0.232
1739285745,mcnode19.user-timeline-mongodb-6758898d48-8pxfm,container_cpu_user_seconds_total,2.085
1739285745,mcnode19.post-storage-mongodb-5579669d8c-thwth,container_cpu_user_seconds_total,1.973
1739285745,mcnode19.media-memcached-7889bdfdfb-8kfqd,container_cpu_user_seconds_total,0.049
1739285745,mcnode19.user-mongodb-7745bbd78-67j8r,container_cpu_user_seconds_total,0.027
1739285745,mcnode19.user-mention-service-5c4f566c5-f44t2,container_cpu_user_seconds_total,0.013
1739285745,mcnode19.nginx-thrift-79478f9bf5-f9xwm,container_cpu_user_seconds_total,5.466
1739285745,mcnode19.media-frontend-6b66b95ff4-42gfw,container_cpu_user_seconds_total,0.016
1739285745,mcnode19.text-service-fff64b8bf-8xjtr,container_cpu_user_seconds_total,0.022
1739285745,mcnode19.home-timeline-redis-6c6647df6f-kxwd7,container_cpu_user_seconds_total,0.271
1739285745,mcnode19.media-mongodb-7b64c59567-zch5l,container_cpu_user_seconds_total,1.932
1739285745,mcnode19.compose-post-service-f587bf89d-wxzgx,container_cpu_user_seconds_total,0.027
1739285745,mcnode19.social-graph-redis-5bbd5b7458-z2trh,container_cpu_user_seconds_total,0.257
1739285745,mcnode19.social-graph-mongodb-55df767ff5-btmlt,container_cpu_user_seconds_total,1.971
1739285745,mcnode19.user-timeline-redis-67cc95bc57-tvbsv,container_cpu_user_seconds_total,0.022
1739285745,mcnode19.post-storage-mongodb-5579669d8c-thwth,container_cpu_user_seconds_total,1.997
1739285745,mcnode19.jaeger-67997f9775-4vfpk,container_cpu_user_seconds_total,0.074
1739285745,mcnode19.media-memcached-7889bdfdfb-8kfqd,container_cpu_user_seconds_total,0.024
1739285745,mcnode19.url-shorten-memcached-6546746864-fwgsl,container_cpu_user_seconds_total,0.021
1739285760,mcnode19.unique-id-service-694497b678-mdr5g,container_cpu_user_seconds_total,0.016
1739285760,mcnode19.media-mongodb-7b64c59567-zch5l,container_cpu_user_seconds_total,0.024
1739285760,mcnode19.user-timeline-redis-67cc95bc57-tvbsv,container_cpu_user_seconds_total,0.238
1739285760,mcnode19.compose-post-service-f587bf89d-wxzgx,container_cpu_user_seconds_total,0.033
1739285760,mcnode19.social-graph-mongodb-55df767ff5-btmlt,container_cpu_user_seconds_total,0.022
1739285760,mcnode19.user-timeline-mongodb-6758898d48-8pxfm,container_cpu_user_seconds_total,2.085
1739285760,mcnode19.media-service-6c665c775d-g4kpq,container_cpu_user_seconds_total,0.031
1739285760,mcnode19.user-timeline-mongodb-6758898d48-8pxfm,container_cpu_user_seconds_total,0.02
1739285760,mcnode19.home-timeline-service-5754ffbc6d-9mv6t,container_cpu_user_seconds_total,0.004
1739285760,mcnode19.jaeger-67997f9775-4vfpk,container_cpu_user_seconds_total,0.074
1739285760,mcnode19.user-timeline-service-664c7f6696-khsj2,container_cpu_user_seconds_total,0.019
1739285760,mcnode19.post-storage-service-66c9966f5f-n8b8r,container_cpu_user_seconds_total,0.022
1739285760,mcnode19.jaeger-67997f9775-4vfpk,container_cpu_user_seconds_total,0.018
1739285760,mcnode19.home-timeline-redis-6c6647df6f-kxwd7,container_cpu_user_seconds_total,0.023
1739285760,mcnode19.home-timeline-redis-6c6647df6f-kxwd7,container_cpu_user_seconds_total,0.271
1739285760,mcnode19.media-service-6c665c775d-g4kpq,container_cpu_user_seconds_total,0.022
1739285760,mcnode19.media-memcached-7889bdfdfb-8kfqd,container_cpu_user_seconds_total,0.024
1739285760,mcnode19.post-storage-service-66c9966f5f-n8b8r,container_cpu_user_seconds_total,0.03
1739285760,mcnode19.user-timeline-service-664c7f6696-khsj2,container_cpu_user_seconds_total,0.035
1739285760,mcnode19.user-mention-service-5c4f566c5-f44t2,container_cpu_user_seconds_total,0.023
1739285760,mcnode19.nginx-thrift-79478f9bf5-f9xwm,container_cpu_user_seconds_total,0.022
1739285760,mcnode19.media-mongodb-7b64c59567-zch5l,container_cpu_user_seconds_total,1.932
1739285760,mcnode19.user-mention-service-5c4f566c5-f44t2,container_cpu_user_seconds_total,0.013
1739285760,mcnode19.media-memcached-7889bdfdfb-8kfqd,container_cpu_user_seconds_total,0.049
1739285760,mcnode19.home-timeline-redis-6c6647df6f-kxwd7,container_cpu_user_seconds_total,0.293
1739285760,mcnode19.jaeger-67997f9775-4vfpk,container_cpu_user_seconds_total,0.091
1739285760,mcnode19.compose-post-service-f587bf89d-wxzgx,container_cpu_user_seconds_total,0.005
1739285760,mcnode19.social-graph-service-677dbc655c-gbgnr,container_cpu_user_seconds_total,0.031
1739285760,mcnode19.user-timeline-service-664c7f6696-khsj2,container_cpu_user_seconds_total,0.015
1739285760,mcnode19.media-memcached-7889bdfdfb-8kfqd,container_cpu_user_seconds_total,0.076
1739285760,mcnode19.unique-id-service-694497b678-mdr5g,container_cpu_user_seconds_total,0.017
1739285760,mcnode19.media-mongodb-7b64c59567-zch5l,container_cpu_user_seconds_total,1.917
1739285760,mcnode19.social-graph-service-677dbc655c-gbgnr,container_cpu_user_seconds_total,0.058
1739285760,mcnode19.media-frontend-6b66b95ff4-42gfw,container_cpu_user_seconds_total,14.189
1739285760,mcnode19.nginx-thrift-79478f9bf5-f9xwm,container_cpu_user_seconds_total,5.466
1739285760,mcnode19.media-service-6c665c775d-g4kpq,container_cpu_user_seconds_total,0.01
1739285760,mcnode19.home-timeline-service-5754ffbc6d-9mv6t,container_cpu_user_seconds_total,0.021
1739285760,mcnode19.social-graph-redis-5bbd5b7458-z2trh,container_cpu_user_seconds_total,0.232
1739285760,mcnode19.post-storage-memcached-6b75788fc6-92vl7,container_cpu_user_seconds_total,0.023
1739285760,mcnode19.user-timeline-mongodb-6758898d48-8pxfm,container_cpu_user_seconds_total,2.06
1739285760,mcnode19.social-graph-redis-5bbd5b7458-z2trh,container_cpu_user_seconds_total,0.257
1739285760,mcnode19.post-storage-mongodb-5579669d8c-thwth,container_cpu_user_seconds_total,1.997
1739285760,mcnode19.url-shorten-memcached-6546746864-fwgsl,container_cpu_user_seconds_total,0.071
1739285760,mcnode19.post-storage-memcached-6b75788fc6-92vl7,container_cpu_user_seconds_total,0.051
1739285760,mcnode19.user-memcached-59687c864d-cs925,container_cpu_user_seconds_total,0.017
1739285760,mcnode19.post-storage-memcached-6b75788fc6-92vl7,container_cpu_user_seconds_total,0.074
1739285760,mcnode19.user-memcached-59687c864d-cs925,container_cpu_user_seconds_total,0.045
1739285760,mcnode19.post-storage-mongodb-5579669d8c-thwth,container_cpu_user_seconds_total,0.02
1739285760,mcnode19.user-service-547b88cd8f-ckrf5,container_cpu_user_seconds_total,0.018
1739285760,mcnode19.social-graph-mongodb-55df767ff5-btmlt,container_cpu_user_seconds_total,1.971
1739285760,mcnode19.url-shorten-memcached-6546746864-fwgsl,container_cpu_user_seconds_total,0.021
1739285760,mcnode19.user-memcached-59687c864d-cs925,container_cpu_user_seconds_total,0.06
1739285760,mcnode19.user-timeline-redis-67cc95bc57-tvbsv,container_cpu_user_seconds_total,0.261
1739285760,mcnode19.user-mention-service-5c4f566c5-f44t2,container_cpu_user_seconds_total,0.009
1739285760,mcnode19.media-frontend-6b66b95ff4-42gfw,container_cpu_user_seconds_total,0.016
1739285760,mcnode19.user-timeline-redis-67cc95bc57-tvbsv,container_cpu_user_seconds_total,0.022
1739285760,mcnode19.text-service-fff64b8bf-8xjtr,container_cpu_user_seconds_total,0.022
1739285760,mcnode19.post-storage-mongodb-5579669d8c-thwth,container_cpu_user_seconds_total,1.973
1739285760,mcnode19.post-storage-service-66c9966f5f-n8b8r,container_cpu_user_seconds_total,0.0
1739285760,mcnode19.user-mongodb-7745bbd78-67j8r,container_cpu_user_seconds_total,1.964
1739285760,mcnode19.media-frontend-6b66b95ff4-42gfw,container_cpu_user_seconds_total,14.203
1739285760,mcnode19.user-service-547b88cd8f-ckrf5,container_cpu_user_seconds_total,0.033
1739285760,mcnode19.url-shorten-memcached-6546746864-fwgsl,container_cpu_user_seconds_total,0.051
1739285760,mcnode19.text-service-fff64b8bf-8xjtr,container_cpu_user_seconds_total,0.028
1739285760,mcnode19.unique-id-service-694497b678-mdr5g,container_cpu_user_seconds_total,0.003
1739285760,mcnode19.social-graph-service-677dbc655c-gbgnr,container_cpu_user_seconds_total,0.03
1739285760,mcnode19.home-timeline-service-5754ffbc6d-9mv6t,container_cpu_user_seconds_total,0.018
1739285760,mcnode19.nginx-thrift-79478f9bf5-f9xwm,container_cpu_user_seconds_total,0.051
1739285760,mcnode19.user-mongodb-7745bbd78-67j8r,container_cpu_user_seconds_total,0.027
1739285760,mcnode19.user-mongodb-7745bbd78-67j8r,container_cpu_user_seconds_total,1.991
1739285760,mcnode19.social-graph-mongodb-55df767ff5-btmlt,container_cpu_user_seconds_total,1.991
1739285760,mcnode19.text-service-fff64b8bf-8xjtr,container_cpu_user_seconds_total,0.005
1739285760,mcnode19.user-service-547b88cd8f-ckrf5,container_cpu_user_seconds_total,0.053
1739285760,mcnode19.social-graph-redis-5bbd5b7458-z2trh,container_cpu_user_seconds_total,0.031
1739285760,mcnode19.compose-post-service-f587bf89d-wxzgx,container_cpu_user_seconds_total,0.027
1739285775,mcnode19.unique-id-service-694497b678-mdr5g,container_cpu_user_seconds_total,0.004
1739285775,mcnode19.jaeger-67997f9775-4vfpk,container_cpu_user_seconds_total,0.099
1739285775,mcnode19.home-timeline-service-5754ffbc6d-9mv6t,container_cpu_user_seconds_total,0.004
1739285775,mcnode19.user-mention-service-5c4f566c5-f44t2,container_cpu_user_seconds_total,0.01
1739285775,mcnode19.user-mongodb-7745bbd78-67j8r,container_cpu_user_seconds_total,0.027
1739285775,mcnode19.user-memcached-59687c864d-cs925,container_cpu_user_seconds_total,0.061
1739285775,mcnode19.home-timeline-service-5754ffbc6d-9mv6t,container_cpu_user_seconds_total,0.021
1739285775,mcnode19.media-mongodb-7b64c59567-zch5l,container_cpu_user_seconds_total,0.024
1739285775,mcnode19.media-service-6c665c775d-g4kpq,container_cpu_user_seconds_total,0.031
1739285775,mcnode19.social-graph-service-677dbc655c-gbgnr,container_cpu_user_seconds_total,0.031
1739285775,mcnode19.media-frontend-6b66b95ff4-42gfw,container_cpu_user_seconds_total,0.016
1739285775,mcnode19.user-timeline-mongodb-6758898d48-8pxfm,container_cpu_user_seconds_total,2.5
1739285775,mcnode19.social-graph-mongodb-55df767ff5-btmlt,container_cpu_user_seconds_total,2.321
1739285775,mcnode19.user-timeline-redis-67cc95bc57-tvbsv,container_cpu_user_seconds_total,0.022
1739285775,mcnode19.jaeger-67997f9775-4vfpk,container_cpu_user_seconds_total,0.082
1739285775,mcnode19.user-timeline-service-664c7f6696-khsj2,container_cpu_user_seconds_total,0.019
1739285775,mcnode19.user-mongodb-7745bbd78-67j8r,container_cpu_user_seconds_total,2.339
1739285775,mcnode19.user-mongodb-7745bbd78-67j8r,container_cpu_user_seconds_total,2.313
1739285775,mcnode19.media-service-6c665c775d-g4kpq,container_cpu_user_seconds_total,0.022
1739285775,mcnode19.media-frontend-6b66b95ff4-42gfw,container_cpu_user_seconds_total,0.032
1739285775,mcnode19.media-frontend-6b66b95ff4-42gfw,container_cpu_user_seconds_total,16.792
1739285775,mcnode19.post-storage-service-66c9966f5f-n8b8r,container_cpu_user_seconds_total,0.0
1739285775,mcnode19.post-storage-service-66c9966f5f-n8b8r,container_cpu_user_seconds_total,0.022
1739285775,mcnode19.unique-id-service-694497b678-mdr5g,container_cpu_user_seconds_total,0.016
1739285775,mcnode19.post-storage-mongodb-5579669d8c-thwth,container_cpu_user_seconds_total,0.02
1739285775,mcnode19.url-shorten-memcached-6546746864-fwgsl,container_cpu_user_seconds_total,0.062
1739285775,mcnode19.media-memcached-7889bdfdfb-8kfqd,container_cpu_user_seconds_total,0.082
1739285775,mcnode19.url-shorten-service-66949ddcc4-rpdsp,container_cpu_user_seconds_total,0.013
1739285775,mcnode19.unique-id-service-694497b678-mdr5g,container_cpu_user_seconds_total,0.017
1739285775,mcnode19.user-service-547b88cd8f-ckrf5,container_cpu_user_seconds_total,0.033
1739285775,mcnode19.compose-post-service-f587bf89d-wxzgx,container_cpu_user_seconds_total,0.005
1739285775,mcnode19.home-timeline-redis-6c6647df6f-kxwd7,container_cpu_user_seconds_total,0.023
1739285775,mcnode19.user-mention-service-5c4f566c5-f44t2,container_cpu_user_seconds_total,0.013
1739285775,mcnode19.user-service-547b88cd8f-ckrf5,container_cpu_user_seconds_total,0.054
1739285775,mcnode19.media-mongodb-7b64c59567-zch5l,container_cpu_user_seconds_total,2.305
1739285775,mcnode19.social-graph-redis-5bbd5b7458-z2trh,container_cpu_user_seconds_total,0.31
1739285775,mcnode19.media-frontend-6b66b95ff4-42gfw,container_cpu_user_seconds_total,14.189
1739285775,mcnode19.jaeger-67997f9775-4vfpk,container_cpu_user_seconds_total,0.018
1739285775,mcnode19.post-storage-mongodb-5579669d8c-thwth,container_cpu_user_seconds_total,2.385
1739285775,mcnode19.post-storage-service-66c9966f5f-n8b8r,container_cpu_user_seconds_total,0.031
1739285775,mcnode19.social-graph-redis-5bbd5b7458-z2trh,container_cpu_user_seconds_total,0.031
1739285775,mcnode19.user-mention-service-5c4f566c5-f44t2,container_cpu_user_seconds_total,0.023
1739285775,mcnode19.user-memcached-59687c864d-cs925,container_cpu_user_seconds_total,0.017
1739285775,mcnode19.user-timeline-mongodb-6758898d48-8pxfm,container_cpu_user_seconds_total,0.02
1739285775,mcnode19.home-timeline-service-5754ffbc6d-9mv6t,container_cpu_user_seconds_total,0.018
1739285775,mcnode19.media-memcached-7889bdfdfb-8kfqd,container_cpu_user_seconds_total,0.024
1739285775,mcnode19.url-shorten-service-66949ddcc4-rpdsp,container_cpu_user_seconds_total,0.024
1739285775,mcnode19.user-memcached-59687c864d-cs925,container_cpu_user_seconds_total,0.045
1739285775,mcnode19.home-timeline-redis-6c6647df6f-kxwd7,container_cpu_user_seconds_total,0.342
1739285775,mcnode19.text-service-fff64b8bf-8xjtr,container_cpu_user_seconds_total,0.005
1739285775,mcnode19.url-shorten-service-66949ddcc4-rpdsp,container_cpu_user_seconds_total,0.012
1739285775,mcnode19.social-graph-redis-5bbd5b7458-z2trh,container_cpu_user_seconds_total,0.286
1739285775,mcnode19.media-service-6c665c775d-g4kpq,container_cpu_user_seconds_total,0.01
1739285775,mcnode19.user-timeline-redis-67cc95bc57-tvbsv,container_cpu_user_seconds_total,0.324
1739285775,mcnode19.user-timeline-mongodb-6758898d48-8pxfm,container_cpu_user_seconds_total,2.48
1739285775,mcnode19.user-timeline-redis-67cc95bc57-tvbsv,container_cpu_user_seconds_total,0.302
1739285775,mcnode19.compose-post-service-f587bf89d-wxzgx,container_cpu_user_seconds_total,0.027
1739285775,mcnode19.text-service-fff64b8bf-8xjtr,container_cpu_user_seconds_total,0.028
1739285775,mcnode19.media-memcached-7889bdfdfb-8kfqd,container_cpu_user_seconds_total,0.056
1739285775,mcnode19.compose-post-service-f587bf89d-wxzgx,container_cpu_user_seconds_total,0.033
1739285775,mcnode19.nginx-thrift-79478f9bf5-f9xwm,container_cpu_user_seconds_total,5.467
1739285775,mcnode19.url-shorten-memcached-6546746864-fwgsl,container_cpu_user_seconds_total,0.082
1739285775,mcnode19.text-service-fff64b8bf-8xjtr,container_cpu_user_seconds_total,0.022
1739285775,mcnode19.media-mongodb-7b64c59567-zch5l,container_cpu_user_seconds_total,2.284
1739285775,mcnode19.user-service-547b88cd8f-ckrf5,container_cpu_user_seconds_total,0.019
1739285775,mcnode19.user-timeline-service-664c7f6696-khsj2,container_cpu_user_seconds_total,0.017
1739285775,mcnode19.url-shorten-memcached-6546746864-fwgsl,container_cpu_user_seconds_total,0.021
1739285775,mcnode19.post-storage-mongodb-5579669d8c-thwth,container_cpu_user_seconds_total,2.367
1739285775,mcnode19.nginx-thrift-79478f9bf5-f9xwm,container_cpu_user_seconds_total,0.052
1739285775,mcnode19.social-graph-service-677dbc655c-gbgnr,container_cpu_user_seconds_total,0.059
1739285775,mcnode19.post-storage-memcached-6b75788fc6-92vl7,container_cpu_user_seconds_total,0.086
1739285775,mcnode19.post-storage-memcached-6b75788fc6-92vl7,container_cpu_user_seconds_total,0.023
1739285775,mcnode19.user-timeline-service-664c7f6696-khsj2,container_cpu_user_seconds_total,0.037
1739285775,mcnode19.post-storage-memcached-6b75788fc6-92vl7,container_cpu_user_seconds_total,0.062
1739285775,mcnode19.social-graph-mongodb-55df767ff5-btmlt,container_cpu_user_seconds_total,2.331
1739285775,mcnode19.social-graph-service-677dbc655c-gbgnr,container_cpu_user_seconds_total,0.031
1739285775,mcnode19.home-timeline-redis-6c6647df6f-kxwd7,container_cpu_user_seconds_total,0.365
1739285775,mcnode19.nginx-thrift-79478f9bf5-f9xwm,container_cpu_user_seconds_total,0.022
1739285775,mcnode19.social-graph-mongodb-55df767ff5-btmlt,container_cpu_user_seconds_total,0.022
1739285790,mcnode19.post-storage-mongodb-5579669d8c-thwth,container_cpu_user_seconds_total,0.02
1739285790,mcnode19.nginx-thrift-79478f9bf5-f9xwm,container_cpu_user_seconds_total,0.052
1739285790,mcnode19.post-storage-memcached-6b75788fc6-92vl7,container_cpu_user_seconds_total,0.062
1739285790,mcnode19.jaeger-67997f9775-4vfpk,container_cpu_user_seconds_total,0.018
1739285790,mcnode19.media-memcached-7889bdfdfb-8kfqd,container_cpu_user_seconds_total,0.024
1739285790,mcnode19.user-timeline-mongodb-6758898d48-8pxfm,container_cpu_user_seconds_total,2.48
1739285790,mcnode19.user-service-547b88cd8f-ckrf5,container_cpu_user_seconds_total,0.019
1739285790,mcnode19.url-shorten-service-66949ddcc4-rpdsp,container_cpu_user_seconds_total,0.012
1739285790,mcnode19.user-timeline-mongodb-6758898d48-8pxfm,container_cpu_user_seconds_total,0.02
1739285790,mcnode19.home-timeline-redis-6c6647df6f-kxwd7,container_cpu_user_seconds_total,0.342
1739285790,mcnode19.user-timeline-service-664c7f6696-khsj2,container_cpu_user_seconds_total,0.017
1739285790,mcnode19.media-frontend-6b66b95ff4-42gfw,container_cpu_user_seconds_total,14.189
1739285790,mcnode19.home-timeline-redis-6c6647df6f-kxwd7,container_cpu_user_seconds_total,0.023
1739285790,mcnode19.url-shorten-service-66949ddcc4-rpdsp,container_cpu_user_seconds_total,0.024
1739285790,mcnode19.text-service-fff64b8bf-8xjtr,container_cpu_user_seconds_total,0.028
1739285790,mcnode19.user-memcached-59687c864d-cs925,container_cpu_user_seconds_total,0.017
1739285790,mcnode19.url-shorten-service-66949ddcc4-rpdsp,container_cpu_user_seconds_total,0.013
1739285790,mcnode19.nginx-thrift-79478f9bf5-f9xwm,container_cpu_user_seconds_total,0.022
1739285790,mcnode19.compose-post-service-f587bf89d-wxzgx,container_cpu_user_seconds_total,0.005
1739285790,mcnode19.url-shorten-memcached-6546746864-fwgsl,container_cpu_user_seconds_total,0.062
1739285790,mcnode19.post-storage-memcached-6b75788fc6-92vl7,container_cpu_user_seconds_total,0.023
1739285790,mcnode19.media-mongodb-7b64c59567-zch5l,container_cpu_user_seconds_total,2.284
1739285790,mcnode19.user-mention-service-5c4f566c5-f44t2,container_cpu_user_seconds_total,0.013
1739285790,mcnode19.user-service-547b88cd8f-ckrf5,container_cpu_user_seconds_total,0.033
1739285790,mcnode19.home-timeline-service-5754ffbc6d-9mv6t,container_cpu_user_seconds_total,0.018
1739285790,mcnode19.social-graph-redis-5bbd5b7458-z2trh,container_cpu_user_seconds_total,0.31
1739285790,mcnode19.social-graph-service-677dbc655c-gbgnr,container_cpu_user_seconds_total,0.031
1739285790,mcnode19.media-mongodb-7b64c59567-zch5l,container_cpu_user_seconds_total,2.305
1739285790,mcnode19.social-graph-service-677dbc655c-gbgnr,container_cpu_user_seconds_total,0.059
1739285790,mcnode19.social-graph-redis-5bbd5b7458-z2trh,container_cpu_user_seconds_total,0.286
1739285790,mcnode19.user-timeline-redis-67cc95bc57-tvbsv,container_cpu_user_seconds_total,0.302
1739285790,mcnode19.post-storage-mongodb-5579669d8c-thwth,container_cpu_user_seconds_total,2.385
1739285790,mcnode19.unique-id-service-694497b678-mdr5g,container_cpu_user_seconds_total,0.017
1739285790,mcnode19.url-shorten-memcached-6546746864-fwgsl,container_cpu_user_seconds_total,0.082
1739285790,mcnode19.social-graph-redis-5bbd5b7458-z2trh,container_cpu_user_seconds_total,0.031
1739285790,mcnode19.user-service-547b88cd8f-ckrf5,container_cpu_user_seconds_total,0.054
1739285790,mcnode19.user-mention-service-5c4f566c5-f44t2,container_cpu_user_seconds_total,0.023
1739285790,mcnode19.post-storage-memcached-6b75788fc6-92vl7,container_cpu_user_seconds_total,0.086
1739285790,mcnode19.home-timeline-service-5754ffbc6d-9mv6t,container_cpu_user_seconds_total,0.021
1739285790,mcnode19.user-memcached-59687c864d-cs925,container_cpu_user_seconds_total,0.045
1739285790,mcnode19.post-storage-service-66c9966f5f-n8b8r,container_cpu_user_seconds_total,0.022
1739285790,mcnode19.compose-post-service-f587bf89d-wxzgx,container_cpu_user_seconds_total,0.027
1739285790,mcnode19.post-storage-service-66c9966f5f-n8b8r,container_cpu_user_seconds_total,0.0
1739285790,mcnode19.unique-id-service-694497b678-mdr5g,container_cpu_user_seconds_total,0.004
1739285790,mcnode19.media-frontend-6b66b95ff4-42gfw,container_cpu_user_seconds_total,0.016
1739285790,mcnode19.nginx-thrift-79478f9bf5-f9xwm,container_cpu_user_seconds_total,5.467
1739285790,mcnode19.text-service-fff64b8bf-8xjtr,container_cpu_user_seconds_total,0.022
1739285790,mcnode19.user-timeline-redis-67cc95bc57-tvbsv,container_cpu_user_seconds_total,0.022
1739285790,mcnode19.jaeger-67997f9775-4vfpk,container_cpu_user_seconds_total,0.082
1739285790,mcnode19.compose-post-service-f587bf89d-wxzgx,container_cpu_user_seconds_total,0.033
1739285790,mcnode19.media-service-6c665c775d-g4kpq,container_cpu_user_seconds_total,0.031
1739285790,mcnode19.user-timeline-service-664c7f6696-khsj2,container_cpu_user_seconds_total,0.019
1739285790,mcnode19.post-storage-mongodb-5579669d8c-thwth,container_cpu_user_seconds_total,2.367
1739285790,mcnode19.user-mongodb-7745bbd78-67j8r,container_cpu_user_seconds_total,2.313
1739285790,mcnode19.media-service-6c665c775d-g4kpq,container_cpu_user_seconds_total,0.022
1739285790,mcnode19.post-storage-service-66c9966f5f-n8b8r,container_cpu_user_seconds_total,0.031
1739285790,mcnode19.social-graph-mongodb-55df767ff5-btmlt,container_cpu_user_seconds_total,2.331
1739285790,mcnode19.media-frontend-6b66b95ff4-42gfw,container_cpu_user_seconds_total,16.792
1739285790,mcnode19.user-timeline-service-664c7f6696-khsj2,container_cpu_user_seconds_total,0.037
1739285790,mcnode19.media-frontend-6b66b95ff4-42gfw,container_cpu_user_seconds_total,0.032
1739285790,mcnode19.user-mongodb-7745bbd78-67j8r,container_cpu_user_seconds_total,2.339
1739285790,mcnode19.user-timeline-mongodb-6758898d48-8pxfm,container_cpu_user_seconds_total,2.5
1739285790,mcnode19.user-mongodb-7745bbd78-67j8r,container_cpu_user_seconds_total,0.027
1739285790,mcnode19.media-mongodb-7b64c59567-zch5l,container_cpu_user_seconds_total,0.024
1739285790,mcnode19.media-memcached-7889bdfdfb-8kfqd,container_cpu_user_seconds_total,0.082
1739285790,mcnode19.home-timeline-redis-6c6647df6f-kxwd7,container_cpu_user_seconds_total,0.365
1739285790,mcnode19.user-mention-service-5c4f566c5-f44t2,container_cpu_user_seconds_total,0.01
1739285790,mcnode19.user-memcached-59687c864d-cs925,container_cpu_user_seconds_total,0.061
1739285790,mcnode19.home-timeline-service-5754ffbc6d-9mv6t,container_cpu_user_seconds_total,0.004
1739285790,mcnode19.text-service-fff64b8bf-8xjtr,container_cpu_user_seconds_total,0.005
1739285790,mcnode19.social-graph-service-677dbc655c-gbgnr,container_cpu_user_seconds_total,0.031
1739285790,mcnode19.unique-id-service-694497b678-mdr5g,container_cpu_user_seconds_total,0.016
1739285790,mcnode19.social-graph-mongodb-55df767ff5-btmlt,container_cpu_user_seconds_total,2.321
1739285790,mcnode19.media-service-6c665c775d-g4kpq,container_cpu_user_seconds_total,0.01
1739285790,mcnode19.media-memcached-7889bdfdfb-8kfqd,container_cpu_user_seconds_total,0.056
1739285790,mcnode19.social-graph-mongodb-55df767ff5-btmlt,container_cpu_user_seconds_total,0.022
1739285790,mcnode19.jaeger-67997f9775-4vfpk,container_cpu_user_seconds_total,0.099
1739285790,mcnode19.url-shorten-memcached-6546746864-fwgsl,container_cpu_user_seconds_total,0.021
1739285790,mcnode19.user-timeline-redis-67cc95bc57-tvbsv,container_cpu_user_seconds_total,0.324
1739285805,mcnode19.text-service-fff64b8bf-8xjtr,container_cpu_user_seconds_total,0.005
1739285805,mcnode19.user-timeline-mongodb-6758898d48-8pxfm,container_cpu_user_seconds_total,2.48
1739285805,mcnode19.url-shorten-memcached-6546746864-fwgsl,container_cpu_user_seconds_total,0.062
1739285805,mcnode19.social-graph-mongodb-55df767ff5-btmlt,container_cpu_user_seconds_total,0.022
1739285805,mcnode19.user-mongodb-7745bbd78-67j8r,container_cpu_user_seconds_total,2.339
1739285805,mcnode19.media-service-6c665c775d-g4kpq,container_cpu_user_seconds_total,0.01
1739285805,mcnode19.home-timeline-redis-6c6647df6f-kxwd7,container_cpu_user_seconds_total,0.023
1739285805,mcnode19.media-mongodb-7b64c59567-zch5l,container_cpu_user_seconds_total,2.284
1739285805,mcnode19.nginx-thrift-79478f9bf5-f9xwm,container_cpu_user_seconds_total,0.052
1739285805,mcnode19.user-timeline-redis-67cc95bc57-tvbsv,container_cpu_user_seconds_total,0.302
1739285805,mcnode19.user-mongodb-7745bbd78-67j8r,container_cpu_user_seconds_total,0.027
1739285805,mcnode19.media-frontend-6b66b95ff4-42gfw,container_cpu_user_seconds_total,14.189
1739285805,mcnode19.social-graph-service-677dbc655c-gbgnr,container_cpu_user_seconds_total,0.031
1739285805,mcnode19.user-service-547b88cd8f-ckrf5,container_cpu_user_seconds_total,0.054
1739285805,mcnode19.media-mongodb-7b64c59567-zch5l,container_cpu_user_seconds_total,0.024
1739285805,mcnode19.unique-id-service-694497b678-mdr5g,container_cpu_user_seconds_total,0.016
1739285805,mcnode19.unique-id-service-694497b678-mdr5g,container_cpu_user_seconds_total,0.017
1739285805,mcnode19.social-graph-redis-5bbd5b7458-z2trh,container_cpu_user_seconds_total,0.031
1739285805,mcnode19.unique-id-service-694497b678-mdr5g,container_cpu_user_seconds_total,0.004
1739285805,mcnode19.user-timeline-mongodb-6758898d48-8pxfm,container_cpu_user_seconds_total,0.02
1739285805,mcnode19.compose-post-service-f587bf89d-wxzgx,container_cpu_user_seconds_total,0.027
1739285805,mcnode19.compose-post-service-f587bf89d-wxzgx,container_cpu_user_seconds_total,0.033
1739285805,mcnode19.user-timeline-mongodb-6758898d48-8pxfm,container_cpu_user_seconds_total,2.5
1739285805,mcnode19.user-mention-service-5c4f566c5-f44t2,container_cpu_user_seconds_total,0.023
1739285805,mcnode19.nginx-thrift-79478f9bf5-f9xwm,container_cpu_user_seconds_total,0.022
1739285805,mcnode19.user-memcached-59687c864d-cs925,container_cpu_user_seconds_total,0.061
1739285805,mcnode19.social-graph-service-677dbc655c-gbgnr,container_cpu_user_seconds_total,0.031
1739285805,mcnode19.nginx-thrift-79478f9bf5-f9xwm,container_cpu_user_seconds_total,5.467
1739285805,mcnode19.media-memcached-7889bdfdfb-8kfqd,container_cpu_user_seconds_total,0.056
1739285805,mcnode19.home-timeline-service-5754ffbc6d-9mv6t,container_cpu_user_seconds_total,0.004
1739285805,mcnode19.jaeger-67997f9775-4vfpk,container_cpu_user_seconds_total,0.099
1739285805,mcnode19.user-timeline-redis-67cc95bc57-tvbsv,container_cpu_user_seconds_total,0.324
1739285805,mcnode19.url-shorten-memcached-6546746864-fwgsl,container_cpu_user_seconds_total,0.021
1739285805,mcnode19.media-service-6c665c775d-g4kpq,container_cpu_user_seconds_total,0.031
1739285805,mcnode19.post-storage-service-66c9966f5f-n8b8r,container_cpu_user_seconds_total,0.0
1739285805,mcnode19.text-service-fff64b8bf-8xjtr,container_cpu_user_seconds_total,0.022
1739285805,mcnode19.social-graph-mongodb-55df767ff5-btmlt,container_cpu_user_seconds_total,2.321
1739285805,mcnode19.user-mention-service-5c4f566c5-f44t2,container_cpu_user_seconds_total,0.01
1739285805,mcnode19.media-frontend-6b66b95ff4-42gfw,container_cpu_user_seconds_total,0.016
1739285805,mcnode19.user-timeline-service-664c7f6696-khsj2,container_cpu_user_seconds_total,0.019
1739285805,mcnode19.user-mongodb-7745bbd78-67j8r,container_cpu_user_seconds_total,2.313
1739285805,mcnode19.user-timeline-redis-67cc95bc57-tvbsv,container_cpu_user_seconds_total,0.022
1739285805,mcnode19.post-storage-mongodb-5579669d8c-thwth,container_cpu_user_seconds_total,2.367
1739285805,mcnode19.media-frontend-6b66b95ff4-42gfw,container_cpu_user_seconds_total,16.792
1739285805,mcnode19.media-service-6c665c775d-g4kpq,container_cpu_user_seconds_total,0.022
1739285805,mcnode19.jaeger-67997f9775-4vfpk,container_cpu_user_seconds_total,0.082
1739285805,mcnode19.media-frontend-6b66b95ff4-42gfw,container_cpu_user_seconds_total,0.032
1739285805,mcnode19.user-timeline-service-664c7f6696-khsj2,container_cpu_user_seconds_total,0.037
1739285805,mcnode19.text-service-fff64b8bf-8xjtr,container_cpu_user_seconds_total,0.028
1739285805,mcnode19.post-storage-service-66c9966f5f-n8b8r,container_cpu_user_seconds_total,0.031
1739285805,mcnode19.media-memcached-7889bdfdfb-8kfqd,container_cpu_user_seconds_total,0.082
1739285805,mcnode19.post-storage-memcached-6b75788fc6-92vl7,container_cpu_user_seconds_total,0.062
1739285805,mcnode19.post-storage-mongodb-5579669d8c-thwth,container_cpu_user_seconds_total,0.02
1739285805,mcnode19.post-storage-memcached-6b75788fc6-92vl7,container_cpu_user_seconds_total,0.023
1739285805,mcnode19.compose-post-service-f587bf89d-wxzgx,container_cpu_user_seconds_total,0.005
1739285805,mcnode19.home-timeline-service-5754ffbc6d-9mv6t,container_cpu_user_seconds_total,0.021
1739285805,mcnode19.user-mention-service-5c4f566c5-f44t2,container_cpu_user_seconds_total,0.013
1739285805,mcnode19.user-service-547b88cd8f-ckrf5,container_cpu_user_seconds_total,0.033
1739285805,mcnode19.social-graph-redis-5bbd5b7458-z2trh,container_cpu_user_seconds_total,0.31
1739285805,mcnode19.media-mongodb-7b64c59567-zch5l,container_cpu_user_seconds_total,2.305
1739285805,mcnode19.social-graph-service-677dbc655c-gbgnr,container_cpu_user_seconds_total,0.059
1739285805,mcnode19.social-graph-redis-5bbd5b7458-z2trh,container_cpu_user_seconds_total,0.286
1739285805,mcnode19.url-shorten-service-66949ddcc4-rpdsp,container_cpu_user_seconds_total,0.013
1739285805,mcnode19.post-storage-mongodb-5579669d8c-thwth,container_cpu_user_seconds_total,2.385
1739285805,mcnode19.home-timeline-service-5754ffbc6d-9mv6t,container_cpu_user_seconds_total,0.018
1739285805,mcnode19.user-memcached-59687c864d-cs925,container_cpu_user_seconds_total,0.045
1739285805,mcnode19.url-shorten-memcached-6546746864-fwgsl,container_cpu_user_seconds_total,0.082
1739285805,mcnode19.post-storage-memcached-6b75788fc6-92vl7,container_cpu_user_seconds_total,0.086
1739285805,mcnode19.user-memcached-59687c864d-cs925,container_cpu_user_seconds_total,0.017
1739285805,mcnode19.home-timeline-redis-6c6647df6f-kxwd7,container_cpu_user_seconds_total,0.365
1739285805,mcnode19.user-service-547b88cd8f-ckrf5,container_cpu_user_seconds_total,0.019
1739285805,mcnode19.media-memcached-7889bdfdfb-8kfqd,container_cpu_user_seconds_total,0.024
1739285805,mcnode19.home-timeline-redis-6c6647df6f-kxwd7,container_cpu_user_seconds_total,0.342
1739285805,mcnode19.url-shorten-service-66949ddcc4-rpdsp,container_cpu_user_seconds_total,0.024
1739285805,mcnode19.user-timeline-service-664c7f6696-khsj2,container_cpu_user_seconds_total,0.017
1739285805,mcnode19.url-shorten-service-66949ddcc4-rpdsp,container_cpu_user_seconds_total,0.012
1739285805,mcnode19.post-storage-service-66c9966f5f-n8b8r,container_cpu_user_seconds_total,0.022
1739285805,mcnode19.jaeger-67997f9775-4vfpk,container_cpu_user_seconds_total,0.018
1739285805,mcnode19.social-graph-mongodb-55df767ff5-btmlt,container_cpu_user_seconds_total,2.331
1739285820,mcnode19.home-timeline-redis-6c6647df6f-kxwd7,container_cpu_user_seconds_total,0.365
1739285820,mcnode19.home-timeline-service-5754ffbc6d-9mv6t,container_cpu_user_seconds_total,0.018
1739285820,mcnode19.home-timeline-service-5754ffbc6d-9mv6t,container_cpu_user_seconds_total,0.021
1739285820,mcnode19.compose-post-service-f587bf89d-wxzgx,container_cpu_user_seconds_total,0.033
1739285820,mcnode19.unique-id-service-694497b678-mdr5g,container_cpu_user_seconds_total,0.017
1739285820,mcnode19.url-shorten-service-66949ddcc4-rpdsp,container_cpu_user_seconds_total,0.013
1739285820,mcnode19.user-memcached-59687c864d-cs925,container_cpu_user_seconds_total,0.045
1739285820,mcnode19.user-mention-service-5c4f566c5-f44t2,container_cpu_user_seconds_total,0.01
1739285820,mcnode19.user-mongodb-7745bbd78-67j8r,container_cpu_user_seconds_total,2.313
1739285820,mcnode19.user-service-547b88cd8f-ckrf5,container_cpu_user_seconds_total,0.019
1739285820,mcnode19.user-timeline-mongodb-6758898d48-8pxfm,container_cpu_user_seconds_total,2.48
1739285820,mcnode19.user-timeline-redis-67cc95bc57-tvbsv,container_cpu_user_seconds_total,0.302
1739285820,mcnode19.user-timeline-service-664c7f6696-khsj2,container_cpu_user_seconds_total,0.017
1739285820,mcnode19.post-storage-service-66c9966f5f-n8b8r,container_cpu_user_seconds_total,0.031
1739285820,mcnode19.post-storage-service-66c9966f5f-n8b8r,container_cpu_user_seconds_total,0.022
1739285820,mcnode19.media-mongodb-7b64c59567-zch5l,container_cpu_user_seconds_total,2.305
1739285820,mcnode19.media-mongodb-7b64c59567-zch5l,container_cpu_user_seconds_total,0.024
1739285820,mcnode19.user-timeline-mongodb-6758898d48-8pxfm,container_cpu_user_seconds_total,2.5
1739285820,mcnode19.user-timeline-mongodb-6758898d48-8pxfm,container_cpu_user_seconds_total,0.02
1739285820,mcnode19.media-memcached-7889bdfdfb-8kfqd,container_cpu_user_seconds_total,0.082
1739285820,mcnode19.url-shorten-memcached-6546746864-fwgsl,container_cpu_user_seconds_total,0.062
1739285820,mcnode19.media-memcached-7889bdfdfb-8kfqd,container_cpu_user_seconds_total,0.024
1739285820,mcnode19.unique-id-service-694497b678-mdr5g,container_cpu_user_seconds_total,0.004
1739285820,mcnode19.social-graph-service-677dbc655c-gbgnr,container_cpu_user_seconds_total,0.031
1739285820,mcnode19.media-frontend-6b66b95ff4-42gfw,container_cpu_user_seconds_total,14.189
1739285820,mcnode19.compose-post-service-f587bf89d-wxzgx,container_cpu_user_seconds_total,0.005
1739285820,mcnode19.home-timeline-redis-6c6647df6f-kxwd7,container_cpu_user_seconds_total,0.342
1739285820,mcnode19.home-timeline-service-5754ffbc6d-9mv6t,container_cpu_user_seconds_total,0.004
1739285820,mcnode19.jaeger-67997f9775-4vfpk,container_cpu_user_seconds_total,0.082
1739285820,mcnode19.media-frontend-6b66b95ff4-42gfw,container_cpu_user_seconds_total,0.032
1739285820,mcnode19.media-memcached-7889bdfdfb-8kfqd,container_cpu_user_seconds_total,0.056
1739285820,mcnode19.media-mongodb-7b64c59567-zch5l,container_cpu_user_seconds_total,2.284
1739285820,mcnode19.media-service-6c665c775d-g4kpq,container_cpu_user_seconds_total,0.01
1739285820,mcnode19.nginx-thrift-79478f9bf5-f9xwm,container_cpu_user_seconds_total,0.052
1739285820,mcnode19.post-storage-memcached-6b75788fc6-92vl7,container_cpu_user_seconds_total,0.062
1739285820,mcnode19.post-storage-mongodb-5579669d8c-thwth,container_cpu_user_seconds_total,2.367
1739285820,mcnode19.post-storage-service-66c9966f5f-n8b8r,container_cpu_user_seconds_total,0.0
1739285820,mcnode19.social-graph-mongodb-55df767ff5-btmlt,container_cpu_user_seconds_total,2.321
1739285820,mcnode19.social-graph-redis-5bbd5b7458-z2trh,container_cpu_user_seconds_total,0.286
1739285820,mcnode19.text-service-fff64b8bf-8xjtr,container_cpu_user_seconds_total,0.005
1739285820,mcnode19.unique-id-service-694497b678-mdr5g,container_cpu_user_seconds_total,0.016
1739285820,mcnode19.url-shorten-service-66949ddcc4-rpdsp,container_cpu_user_seconds_total,0.024
1739285820,mcnode19.media-service-6c665c775d-g4kpq,container_cpu_user_seconds_total,0.031
1739285820,mcnode19.user-timeline-redis-67cc95bc57-tvbsv,container_cpu_user_seconds_total,0.022
1739285820,mcnode19.text-service-fff64b8bf-8xjtr,container_cpu_user_seconds_total,0.028
1739285820,mcnode19.text-service-fff64b8bf-8xjtr,container_cpu_user_seconds_total,0.022
1739285820,mcnode19.post-storage-memcached-6b75788fc6-92vl7,container_cpu_user_seconds_total,0.086
1739285820,mcnode19.post-storage-memcached-6b75788fc6-92vl7,container_cpu_user_seconds_total,0.023
1739285820,mcnode19.social-graph-mongodb-55df767ff5-btmlt,container_cpu_user_seconds_total,2.331
1739285820,mcnode19.social-graph-mongodb-55df767ff5-btmlt,container_cpu_user_seconds_total,0.022
1739285820,mcnode19.social-graph-service-677dbc655c-gbgnr,container_cpu_user_seconds_total,0.059
1739285820,mcnode19.social-graph-service-677dbc655c-gbgnr,container_cpu_user_seconds_total,0.031
1739285820,mcnode19.user-timeline-service-664c7f6696-khsj2,container_cpu_user_seconds_total,0.037
1739285820,mcnode19.user-timeline-service-664c7f6696-khsj2,container_cpu_user_seconds_total,0.019
1739285820,mcnode19.jaeger-67997f9775-4vfpk,container_cpu_user_seconds_total,0.099
1739285820,mcnode19.jaeger-67997f9775-4vfpk,container_cpu_user_seconds_total,0.018
1739285820,mcnode19.user-mention-service-5c4f566c5-f44t2,container_cpu_user_seconds_total,0.023
1739285820,mcnode19.user-mention-service-5c4f566c5-f44t2,container_cpu_user_seconds_total,0.013
1739285820,mcnode19.user-timeline-redis-67cc95bc57-tvbsv,container_cpu_user_seconds_total,0.324
1739285820,mcnode19.url-shorten-service-66949ddcc4-rpdsp,container_cpu_user_seconds_total,0.012
1739285820,mcnode19.post-storage-mongodb-5579669d8c-thwth,container_cpu_user_seconds_total,0.02
1739285820,mcnode19.user-service-547b88cd8f-ckrf5,container_cpu_user_seconds_total,0.033
1739285820,mcnode19.media-service-6c665c775d-g4kpq,container_cpu_user_seconds_total,0.022
1739285820,mcnode19.nginx-thrift-79478f9bf5-f9xwm,container_cpu_user_seconds_total,5.467
1739285820,mcnode19.nginx-thrift-79478f9bf5-f9xwm,container_cpu_user_seconds_total,0.022
1739285820,mcnode19.compose-post-service-f587bf89d-wxzgx,container_cpu_user_seconds_total,0.027
1739285820,mcnode19.url-shorten-memcached-6546746864-fwgsl,container_cpu_user_seconds_total,0.082
1739285820,mcnode19.url-shorten-memcached-6546746864-fwgsl,container_cpu_user_seconds_total,0.021
1739285820,mcnode19.media-frontend-6b66b95ff4-42gfw,container_cpu_user_seconds_total,16.792
1739285820,mcnode19.media-frontend-6b66b95ff4-42gfw,container_cpu_user_seconds_total,0.016
1739285820,mcnode19.user-memcached-59687c864d-cs925,container_cpu_user_seconds_total,0.061
1739285820,mcnode19.user-memcached-59687c864d-cs925,container_cpu_user_seconds_total,0.017
1739285820,mcnode19.social-graph-redis-5bbd5b7458-z2trh,container_cpu_user_seconds_total,0.31
1739285820,mcnode19.social-graph-redis-5bbd5b7458-z2trh,container_cpu_user_seconds_total,0.031
1739285820,mcnode19.user-mongodb-7745bbd78-67j8r,container_cpu_user_seconds_total,2.339
1739285820,mcnode19.user-mongodb-7745bbd78-67j8r,container_cpu_user_seconds_total,0.027
1739285820,mcnode19.user-service-547b88cd8f-ckrf5,container_cpu_user_seconds_total,0.054
1739285820,mcnode19.post-storage-mongodb-5579669d8c-thwth,container_cpu_user_seconds_total,2.385
1739285820,mcnode19.home-timeline-redis-6c6647df6f-kxwd7,container_cpu_user_seconds_total,0.023
