timestamp,cmdb_id,kpi_name,value
1739285475,mcnode19.user-timeline-mongodb-6758898d48-8pxfm,container_memory_working_set_bytes,200704.0
1739285475,mcnode19.jaeger-67997f9775-4vfpk,container_memory_working_set_bytes,229376.0
1739285475,mcnode19.media-mongodb-7b64c59567-zch5l,container_memory_working_set_bytes,233472.0
1739285475,mcnode19.social-graph-redis-5bbd5b7458-z2trh,container_memory_working_set_bytes,2846720.0
1739285475,mcnode19.user-timeline-mongodb-6758898d48-8pxfm,container_memory_working_set_bytes,58355712.0
1739285475,mcnode19.post-storage-memcached-6b75788fc6-92vl7,container_memory_working_set_bytes,200704.0
1739285475,mcnode19.social-graph-redis-5bbd5b7458-z2trh,container_memory_working_set_bytes,204800.0
1739285475,mcnode19.media-service-6c665c775d-g4kpq,container_memory_working_set_bytes,204800.0
1739285475,mcnode19.post-storage-mongodb-5579669d8c-thwth,container_memory_working_set_bytes,3055616.0
1739285475,mcnode19.unique-id-service-694497b678-mdr5g,container_memory_working_set_bytes,1273856.0
1739285475,mcnode19.url-shorten-memcached-6546746864-fwgsl,container_memory_working_set_bytes,204800.0
1739285475,mcnode19.user-mongodb-7745bbd78-67j8r,container_memory_working_set_bytes,229376.0
1739285475,mcnode19.jaeger-67997f9775-4vfpk,container_memory_working_set_bytes,9838592.0
1739285475,mcnode19.user-timeline-service-664c7f6696-khsj2,container_memory_working_set_bytes,1818624.0
1739285475,mcnode19.post-storage-memcached-6b75788fc6-92vl7,container_memory_working_set_bytes,225280.0
1739285475,mcnode19.home-timeline-redis-6c6647df6f-kxwd7,container_memory_working_set_bytes,2588672.0
1739285475,mcnode19.user-mention-service-5c4f566c5-f44t2,container_memory_working_set_bytes,229376.0
1739285475,mcnode19.user-mention-service-5c4f566c5-f44t2,container_memory_working_set_bytes,1695744.0
1739285475,mcnode19.social-graph-mongodb-55df767ff5-btmlt,container_memory_working_set_bytes,229376.0
1739285475,mcnode19.nginx-thrift-79478f9bf5-f9xwm,container_memory_working_set_bytes,200704.0
1739285475,mcnode19.social-graph-service-677dbc655c-gbgnr,container_memory_working_set_bytes,1781760.0
1739285475,mcnode19.media-frontend-6b66b95ff4-42gfw,container_memory_working_set_bytes,204800.0
1739285475,mcnode19.home-timeline-service-5754ffbc6d-9mv6t,container_memory_working_set_bytes,204800.0
1739285475,mcnode19.home-timeline-redis-6c6647df6f-kxwd7,container_memory_working_set_bytes,2838528.0
1739285475,mcnode19.nginx-thrift-79478f9bf5-f9xwm,container_memory_working_set_bytes,225280.0
1739285475,mcnode19.post-storage-service-66c9966f5f-n8b8r,container_memory_working_set_bytes,229376.0
1739285475,mcnode19.post-storage-service-66c9966f5f-n8b8r,container_memory_working_set_bytes,204800.0
1739285475,mcnode19.home-timeline-redis-6c6647df6f-kxwd7,container_memory_working_set_bytes,200704.0
1739285475,mcnode19.user-mention-service-5c4f566c5-f44t2,container_memory_working_set_bytes,204800.0
1739285475,mcnode19.social-graph-mongodb-55df767ff5-btmlt,container_memory_working_set_bytes,204800.0
1739285475,mcnode19.user-memcached-59687c864d-cs925,container_memory_working_set_bytes,204800.0
1739285475,mcnode19.media-frontend-6b66b95ff4-42gfw,container_memory_working_set_bytes,229376.0
1739285475,mcnode19.social-graph-service-677dbc655c-gbgnr,container_memory_working_set_bytes,208896.0
1739285475,mcnode19.user-memcached-59687c864d-cs925,container_memory_working_set_bytes,229376.0
1739285475,mcnode19.media-service-6c665c775d-g4kpq,container_memory_working_set_bytes,229376.0
1739285475,mcnode19.user-service-547b88cd8f-ckrf5,container_memory_working_set_bytes,1769472.0
1739285475,mcnode19.user-mongodb-7745bbd78-67j8r,container_memory_working_set_bytes,204800.0
1739285475,mcnode19.compose-post-service-f587bf89d-wxzgx,container_memory_working_set_bytes,204800.0
1739285475,mcnode19.social-graph-redis-5bbd5b7458-z2trh,container_memory_working_set_bytes,2592768.0
1739285475,mcnode19.media-memcached-7889bdfdfb-8kfqd,container_memory_working_set_bytes,1671168.0
1739285475,mcnode19.post-storage-mongodb-5579669d8c-thwth,container_memory_working_set_bytes,225280.0
1739285475,mcnode19.text-service-fff64b8bf-8xjtr,container_memory_working_set_bytes,1011712.0
1739285475,mcnode19.home-timeline-service-5754ffbc6d-9mv6t,container_memory_working_set_bytes,229376.0
1739285475,mcnode19.user-timeline-service-664c7f6696-khsj2,container_memory_working_set_bytes,1560576.0
1739285475,mcnode19.user-timeline-redis-67cc95bc57-tvbsv,container_memory_working_set_bytes,200704.0
1739285475,mcnode19.url-shorten-memcached-6546746864-fwgsl,container_memory_working_set_bytes,1662976.0
1739285475,mcnode19.jaeger-67997f9775-4vfpk,container_memory_working_set_bytes,204800.0
1739285475,mcnode19.user-timeline-service-664c7f6696-khsj2,container_memory_working_set_bytes,208896.0
1739285475,mcnode19.compose-post-service-f587bf89d-wxzgx,container_memory_working_set_bytes,1015808.0
1739285475,mcnode19.media-memcached-7889bdfdfb-8kfqd,container_memory_working_set_bytes,225280.0
1739285475,mcnode19.user-service-547b88cd8f-ckrf5,container_memory_working_set_bytes,208896.0
1739285475,mcnode19.text-service-fff64b8bf-8xjtr,container_memory_working_set_bytes,1265664.0
1739285475,mcnode19.compose-post-service-f587bf89d-wxzgx,container_memory_working_set_bytes,1269760.0
1739285475,mcnode19.social-graph-service-677dbc655c-gbgnr,container_memory_working_set_bytes,1523712.0
1739285475,mcnode19.post-storage-mongodb-5579669d8c-thwth,container_memory_working_set_bytes,200704.0
1739285475,mcnode19.user-service-547b88cd8f-ckrf5,container_memory_working_set_bytes,2027520.0
1739285475,mcnode19.media-mongodb-7b64c59567-zch5l,container_memory_working_set_bytes,208896.0
1739285475,mcnode19.media-memcached-7889bdfdfb-8kfqd,container_memory_working_set_bytes,200704.0
1739285475,mcnode19.unique-id-service-694497b678-mdr5g,container_memory_working_set_bytes,1015808.0
1739285475,mcnode19.user-timeline-redis-67cc95bc57-tvbsv,container_memory_working_set_bytes,2584576.0
1739285475,mcnode19.text-service-fff64b8bf-8xjtr,container_memory_working_set_bytes,204800.0
1739285475,mcnode19.url-shorten-memcached-6546746864-fwgsl,container_memory_working_set_bytes,1916928.0
1739285475,mcnode19.unique-id-service-694497b678-mdr5g,container_memory_working_set_bytes,208896.0
1739285475,mcnode19.user-timeline-redis-67cc95bc57-tvbsv,container_memory_working_set_bytes,225280.0
1739285475,mcnode19.user-timeline-mongodb-6758898d48-8pxfm,container_memory_working_set_bytes,58605568.0
1739285490,mcnode19.user-timeline-service-664c7f6696-khsj2,container_memory_working_set_bytes,1560576.0
1739285490,mcnode19.compose-post-service-f587bf89d-wxzgx,container_memory_working_set_bytes,204800.0
1739285490,mcnode19.user-timeline-service-664c7f6696-khsj2,container_memory_working_set_bytes,208896.0
1739285490,mcnode19.media-frontend-6b66b95ff4-42gfw,container_memory_working_set_bytes,229376.0
1739285490,mcnode19.media-memcached-7889bdfdfb-8kfqd,container_memory_working_set_bytes,1671168.0
1739285490,mcnode19.social-graph-service-677dbc655c-gbgnr,container_memory_working_set_bytes,208896.0
1739285490,mcnode19.user-timeline-redis-67cc95bc57-tvbsv,container_memory_working_set_bytes,2584576.0
1739285490,mcnode19.url-shorten-memcached-6546746864-fwgsl,container_memory_working_set_bytes,204800.0
1739285490,mcnode19.url-shorten-memcached-6546746864-fwgsl,container_memory_working_set_bytes,1916928.0
1739285490,mcnode19.user-service-547b88cd8f-ckrf5,container_memory_working_set_bytes,1769472.0
1739285490,mcnode19.user-timeline-service-664c7f6696-khsj2,container_memory_working_set_bytes,1818624.0
1739285490,mcnode19.home-timeline-redis-6c6647df6f-kxwd7,container_memory_working_set_bytes,200704.0
1739285490,mcnode19.social-graph-service-677dbc655c-gbgnr,container_memory_working_set_bytes,1781760.0
1739285490,mcnode19.post-storage-mongodb-5579669d8c-thwth,container_memory_working_set_bytes,200704.0
1739285490,mcnode19.user-timeline-redis-67cc95bc57-tvbsv,container_memory_working_set_bytes,225280.0
1739285490,mcnode19.social-graph-service-677dbc655c-gbgnr,container_memory_working_set_bytes,1523712.0
1739285490,mcnode19.social-graph-redis-5bbd5b7458-z2trh,container_memory_working_set_bytes,2592768.0
1739285490,mcnode19.post-storage-mongodb-5579669d8c-thwth,container_memory_working_set_bytes,225280.0
1739285490,mcnode19.text-service-fff64b8bf-8xjtr,container_memory_working_set_bytes,1011712.0
1739285490,mcnode19.user-timeline-redis-67cc95bc57-tvbsv,container_memory_working_set_bytes,200704.0
1739285490,mcnode19.user-timeline-mongodb-6758898d48-8pxfm,container_memory_working_set_bytes,200704.0
1739285490,mcnode19.user-service-547b88cd8f-ckrf5,container_memory_working_set_bytes,208896.0
1739285490,mcnode19.text-service-fff64b8bf-8xjtr,container_memory_working_set_bytes,1265664.0
1739285490,mcnode19.user-service-547b88cd8f-ckrf5,container_memory_working_set_bytes,2027520.0
1739285490,mcnode19.unique-id-service-694497b678-mdr5g,container_memory_working_set_bytes,1015808.0
1739285490,mcnode19.user-mongodb-7745bbd78-67j8r,container_memory_working_set_bytes,204800.0
1739285490,mcnode19.text-service-fff64b8bf-8xjtr,container_memory_working_set_bytes,204800.0
1739285490,mcnode19.url-shorten-memcached-6546746864-fwgsl,container_memory_working_set_bytes,1662976.0
1739285490,mcnode19.post-storage-memcached-6b75788fc6-92vl7,container_memory_working_set_bytes,225280.0
1739285490,mcnode19.user-mongodb-7745bbd78-67j8r,container_memory_working_set_bytes,229376.0
1739285490,mcnode19.post-storage-mongodb-5579669d8c-thwth,container_memory_working_set_bytes,3055616.0
1739285490,mcnode19.social-graph-redis-5bbd5b7458-z2trh,container_memory_working_set_bytes,204800.0
1739285490,mcnode19.post-storage-memcached-6b75788fc6-92vl7,container_memory_working_set_bytes,200704.0
1739285490,mcnode19.social-graph-redis-5bbd5b7458-z2trh,container_memory_working_set_bytes,2846720.0
1739285490,mcnode19.user-mention-service-5c4f566c5-f44t2,container_memory_working_set_bytes,1695744.0
1739285490,mcnode19.social-graph-mongodb-55df767ff5-btmlt,container_memory_working_set_bytes,229376.0
1739285490,mcnode19.user-memcached-59687c864d-cs925,container_memory_working_set_bytes,204800.0
1739285490,mcnode19.social-graph-mongodb-55df767ff5-btmlt,container_memory_working_set_bytes,204800.0
1739285490,mcnode19.user-memcached-59687c864d-cs925,container_memory_working_set_bytes,229376.0
1739285490,mcnode19.media-frontend-6b66b95ff4-42gfw,container_memory_working_set_bytes,204800.0
1739285490,mcnode19.home-timeline-redis-6c6647df6f-kxwd7,container_memory_working_set_bytes,2838528.0
1739285490,mcnode19.jaeger-67997f9775-4vfpk,container_memory_working_set_bytes,229376.0
1739285490,mcnode19.user-timeline-mongodb-6758898d48-8pxfm,container_memory_working_set_bytes,58355712.0
1739285490,mcnode19.unique-id-service-694497b678-mdr5g,container_memory_working_set_bytes,1273856.0
1739285490,mcnode19.user-mention-service-5c4f566c5-f44t2,container_memory_working_set_bytes,204800.0
1739285490,mcnode19.jaeger-67997f9775-4vfpk,container_memory_working_set_bytes,204800.0
1739285490,mcnode19.home-timeline-service-5754ffbc6d-9mv6t,container_memory_working_set_bytes,229376.0
1739285490,mcnode19.home-timeline-redis-6c6647df6f-kxwd7,container_memory_working_set_bytes,2588672.0
1739285490,mcnode19.unique-id-service-694497b678-mdr5g,container_memory_working_set_bytes,208896.0
1739285490,mcnode19.media-service-6c665c775d-g4kpq,container_memory_working_set_bytes,229376.0
1739285490,mcnode19.post-storage-service-66c9966f5f-n8b8r,container_memory_working_set_bytes,204800.0
1739285490,mcnode19.compose-post-service-f587bf89d-wxzgx,container_memory_working_set_bytes,1269760.0
1739285490,mcnode19.home-timeline-service-5754ffbc6d-9mv6t,container_memory_working_set_bytes,204800.0
1739285490,mcnode19.nginx-thrift-79478f9bf5-f9xwm,container_memory_working_set_bytes,225280.0
1739285490,mcnode19.jaeger-67997f9775-4vfpk,container_memory_working_set_bytes,9838592.0
1739285490,mcnode19.media-memcached-7889bdfdfb-8kfqd,container_memory_working_set_bytes,225280.0
1739285490,mcnode19.user-timeline-mongodb-6758898d48-8pxfm,container_memory_working_set_bytes,58605568.0
1739285490,mcnode19.media-memcached-7889bdfdfb-8kfqd,container_memory_working_set_bytes,200704.0
1739285490,mcnode19.post-storage-service-66c9966f5f-n8b8r,container_memory_working_set_bytes,229376.0
1739285490,mcnode19.media-mongodb-7b64c59567-zch5l,container_memory_working_set_bytes,233472.0
1739285490,mcnode19.compose-post-service-f587bf89d-wxzgx,container_memory_working_set_bytes,1015808.0
1739285490,mcnode19.user-mention-service-5c4f566c5-f44t2,container_memory_working_set_bytes,229376.0
1739285490,mcnode19.media-mongodb-7b64c59567-zch5l,container_memory_working_set_bytes,208896.0
1739285490,mcnode19.nginx-thrift-79478f9bf5-f9xwm,container_memory_working_set_bytes,200704.0
1739285490,mcnode19.media-service-6c665c775d-g4kpq,container_memory_working_set_bytes,204800.0
1739285505,mcnode19.user-mention-service-5c4f566c5-f44t2,container_memory_working_set_bytes,229376.0
1739285505,mcnode19.text-service-fff64b8bf-8xjtr,container_memory_working_set_bytes,1265664.0
1739285505,mcnode19.social-graph-service-677dbc655c-gbgnr,container_memory_working_set_bytes,1781760.0
1739285505,mcnode19.media-frontend-6b66b95ff4-42gfw,container_memory_working_set_bytes,204800.0
1739285505,mcnode19.post-storage-service-66c9966f5f-n8b8r,container_memory_working_set_bytes,204800.0
1739285505,mcnode19.unique-id-service-694497b678-mdr5g,container_memory_working_set_bytes,1015808.0
1739285505,mcnode19.media-mongodb-7b64c59567-zch5l,container_memory_working_set_bytes,208896.0
1739285505,mcnode19.nginx-thrift-79478f9bf5-f9xwm,container_memory_working_set_bytes,225280.0
1739285505,mcnode19.media-memcached-7889bdfdfb-8kfqd,container_memory_working_set_bytes,200704.0
1739285505,mcnode19.user-memcached-59687c864d-cs925,container_memory_working_set_bytes,229376.0
1739285505,mcnode19.social-graph-mongodb-55df767ff5-btmlt,container_memory_working_set_bytes,204800.0
1739285505,mcnode19.user-mention-service-5c4f566c5-f44t2,container_memory_working_set_bytes,204800.0
1739285505,mcnode19.unique-id-service-694497b678-mdr5g,container_memory_working_set_bytes,208896.0
1739285505,mcnode19.post-storage-mongodb-5579669d8c-thwth,container_memory_working_set_bytes,3055616.0
1739285505,mcnode19.social-graph-redis-5bbd5b7458-z2trh,container_memory_working_set_bytes,204800.0
1739285505,mcnode19.home-timeline-redis-6c6647df6f-kxwd7,container_memory_working_set_bytes,2588672.0
1739285505,mcnode19.unique-id-service-694497b678-mdr5g,container_memory_working_set_bytes,1273856.0
1739285505,mcnode19.user-mongodb-7745bbd78-67j8r,container_memory_working_set_bytes,229376.0
1739285505,mcnode19.post-storage-memcached-6b75788fc6-92vl7,container_memory_working_set_bytes,200704.0
1739285505,mcnode19.home-timeline-redis-6c6647df6f-kxwd7,container_memory_working_set_bytes,200704.0
1739285505,mcnode19.post-storage-memcached-6b75788fc6-92vl7,container_memory_working_set_bytes,225280.0
1739285505,mcnode19.user-mongodb-7745bbd78-67j8r,container_memory_working_set_bytes,204800.0
1739285505,mcnode19.social-graph-redis-5bbd5b7458-z2trh,container_memory_working_set_bytes,2846720.0
1739285505,mcnode19.jaeger-67997f9775-4vfpk,container_memory_working_set_bytes,229376.0
1739285505,mcnode19.media-service-6c665c775d-g4kpq,container_memory_working_set_bytes,204800.0
1739285505,mcnode19.user-mention-service-5c4f566c5-f44t2,container_memory_working_set_bytes,1695744.0
1739285505,mcnode19.media-service-6c665c775d-g4kpq,container_memory_working_set_bytes,229376.0
1739285505,mcnode19.url-shorten-memcached-6546746864-fwgsl,container_memory_working_set_bytes,1662976.0
1739285505,mcnode19.social-graph-mongodb-55df767ff5-btmlt,container_memory_working_set_bytes,229376.0
1739285505,mcnode19.text-service-fff64b8bf-8xjtr,container_memory_working_set_bytes,204800.0
1739285505,mcnode19.user-memcached-59687c864d-cs925,container_memory_working_set_bytes,204800.0
1739285505,mcnode19.media-mongodb-7b64c59567-zch5l,container_memory_working_set_bytes,233472.0
1739285505,mcnode19.compose-post-service-f587bf89d-wxzgx,container_memory_working_set_bytes,1015808.0
1739285505,mcnode19.user-service-547b88cd8f-ckrf5,container_memory_working_set_bytes,1769472.0
1739285505,mcnode19.nginx-thrift-79478f9bf5-f9xwm,container_memory_working_set_bytes,200704.0
1739285505,mcnode19.user-timeline-redis-67cc95bc57-tvbsv,container_memory_working_set_bytes,2584576.0
1739285505,mcnode19.user-timeline-mongodb-6758898d48-8pxfm,container_memory_working_set_bytes,58605568.0
1739285505,mcnode19.media-memcached-7889bdfdfb-8kfqd,container_memory_working_set_bytes,225280.0
1739285505,mcnode19.jaeger-67997f9775-4vfpk,container_memory_working_set_bytes,9838592.0
1739285505,mcnode19.user-timeline-service-664c7f6696-khsj2,container_memory_working_set_bytes,1818624.0
1739285505,mcnode19.home-timeline-service-5754ffbc6d-9mv6t,container_memory_working_set_bytes,229376.0
1739285505,mcnode19.compose-post-service-f587bf89d-wxzgx,container_memory_working_set_bytes,204800.0
1739285505,mcnode19.url-shorten-memcached-6546746864-fwgsl,container_memory_working_set_bytes,1916928.0
1739285505,mcnode19.social-graph-service-677dbc655c-gbgnr,container_memory_working_set_bytes,1523712.0
1739285505,mcnode19.post-storage-mongodb-5579669d8c-thwth,container_memory_working_set_bytes,225280.0
1739285505,mcnode19.compose-post-service-f587bf89d-wxzgx,container_memory_working_set_bytes,1269760.0
1739285505,mcnode19.user-timeline-redis-67cc95bc57-tvbsv,container_memory_working_set_bytes,225280.0
1739285505,mcnode19.media-memcached-7889bdfdfb-8kfqd,container_memory_working_set_bytes,1671168.0
1739285505,mcnode19.user-timeline-service-664c7f6696-khsj2,container_memory_working_set_bytes,208896.0
1739285505,mcnode19.user-service-547b88cd8f-ckrf5,container_memory_working_set_bytes,2027520.0
1739285505,mcnode19.url-shorten-memcached-6546746864-fwgsl,container_memory_working_set_bytes,204800.0
1739285505,mcnode19.jaeger-67997f9775-4vfpk,container_memory_working_set_bytes,204800.0
1739285505,mcnode19.user-timeline-redis-67cc95bc57-tvbsv,container_memory_working_set_bytes,200704.0
1739285505,mcnode19.home-timeline-service-5754ffbc6d-9mv6t,container_memory_working_set_bytes,204800.0
1739285505,mcnode19.media-frontend-6b66b95ff4-42gfw,container_memory_working_set_bytes,229376.0
1739285505,mcnode19.user-timeline-service-664c7f6696-khsj2,container_memory_working_set_bytes,1560576.0
1739285505,mcnode19.post-storage-service-66c9966f5f-n8b8r,container_memory_working_set_bytes,229376.0
1739285505,mcnode19.home-timeline-redis-6c6647df6f-kxwd7,container_memory_working_set_bytes,2838528.0
1739285505,mcnode19.user-service-547b88cd8f-ckrf5,container_memory_working_set_bytes,208896.0
1739285505,mcnode19.social-graph-service-677dbc655c-gbgnr,container_memory_working_set_bytes,208896.0
1739285505,mcnode19.post-storage-mongodb-5579669d8c-thwth,container_memory_working_set_bytes,200704.0
1739285505,mcnode19.user-timeline-mongodb-6758898d48-8pxfm,container_memory_working_set_bytes,58355712.0
1739285505,mcnode19.text-service-fff64b8bf-8xjtr,container_memory_working_set_bytes,1011712.0
1739285505,mcnode19.user-timeline-mongodb-6758898d48-8pxfm,container_memory_working_set_bytes,200704.0
1739285505,mcnode19.social-graph-redis-5bbd5b7458-z2trh,container_memory_working_set_bytes,2592768.0
1739285520,mcnode19.user-timeline-mongodb-6758898d48-8pxfm,container_memory_working_set_bytes,200704.0
1739285520,mcnode19.post-storage-memcached-6b75788fc6-92vl7,container_memory_working_set_bytes,225280.0
1739285520,mcnode19.user-timeline-mongodb-6758898d48-8pxfm,container_memory_working_set_bytes,58605568.0
1739285520,mcnode19.post-storage-mongodb-5579669d8c-thwth,container_memory_working_set_bytes,3055616.0
1739285520,mcnode19.media-service-6c665c775d-g4kpq,container_memory_working_set_bytes,229376.0
1739285520,mcnode19.user-mongodb-7745bbd78-67j8r,container_memory_working_set_bytes,229376.0
1739285520,mcnode19.unique-id-service-694497b678-mdr5g,container_memory_working_set_bytes,1273856.0
1739285520,mcnode19.social-graph-service-677dbc655c-gbgnr,container_memory_working_set_bytes,1523712.0
1739285520,mcnode19.user-service-547b88cd8f-ckrf5,container_memory_working_set_bytes,2027520.0
1739285520,mcnode19.post-storage-mongodb-5579669d8c-thwth,container_memory_working_set_bytes,225280.0
1739285520,mcnode19.compose-post-service-f587bf89d-wxzgx,container_memory_working_set_bytes,1015808.0
1739285520,mcnode19.media-mongodb-7b64c59567-zch5l,container_memory_working_set_bytes,208896.0
1739285520,mcnode19.text-service-fff64b8bf-8xjtr,container_memory_working_set_bytes,1265664.0
1739285520,mcnode19.user-service-547b88cd8f-ckrf5,container_memory_working_set_bytes,208896.0
1739285520,mcnode19.text-service-fff64b8bf-8xjtr,container_memory_working_set_bytes,1011712.0
1739285520,mcnode19.user-timeline-redis-67cc95bc57-tvbsv,container_memory_working_set_bytes,200704.0
1739285520,mcnode19.unique-id-service-694497b678-mdr5g,container_memory_working_set_bytes,1015808.0
1739285520,mcnode19.unique-id-service-694497b678-mdr5g,container_memory_working_set_bytes,208896.0
1739285520,mcnode19.user-mongodb-7745bbd78-67j8r,container_memory_working_set_bytes,204800.0
1739285520,mcnode19.media-memcached-7889bdfdfb-8kfqd,container_memory_working_set_bytes,225280.0
1739285520,mcnode19.home-timeline-service-5754ffbc6d-9mv6t,container_memory_working_set_bytes,229376.0
1739285520,mcnode19.text-service-fff64b8bf-8xjtr,container_memory_working_set_bytes,204800.0
1739285520,mcnode19.media-memcached-7889bdfdfb-8kfqd,container_memory_working_set_bytes,200704.0
1739285520,mcnode19.user-timeline-redis-67cc95bc57-tvbsv,container_memory_working_set_bytes,225280.0
1739285520,mcnode19.url-shorten-memcached-6546746864-fwgsl,container_memory_working_set_bytes,1662976.0
1739285520,mcnode19.social-graph-redis-5bbd5b7458-z2trh,container_memory_working_set_bytes,2592768.0
1739285520,mcnode19.jaeger-67997f9775-4vfpk,container_memory_working_set_bytes,229376.0
1739285520,mcnode19.post-storage-mongodb-5579669d8c-thwth,container_memory_working_set_bytes,200704.0
1739285520,mcnode19.home-timeline-redis-6c6647df6f-kxwd7,container_memory_working_set_bytes,200704.0
1739285520,mcnode19.post-storage-service-66c9966f5f-n8b8r,container_memory_working_set_bytes,204800.0
1739285520,mcnode19.home-timeline-service-5754ffbc6d-9mv6t,container_memory_working_set_bytes,204800.0
1739285520,mcnode19.social-graph-mongodb-55df767ff5-btmlt,container_memory_working_set_bytes,204800.0
1739285520,mcnode19.media-frontend-6b66b95ff4-42gfw,container_memory_working_set_bytes,204800.0
1739285520,mcnode19.nginx-thrift-79478f9bf5-f9xwm,container_memory_working_set_bytes,225280.0
1739285520,mcnode19.nginx-thrift-79478f9bf5-f9xwm,container_memory_working_set_bytes,200704.0
1739285520,mcnode19.user-mention-service-5c4f566c5-f44t2,container_memory_working_set_bytes,229376.0
1739285520,mcnode19.social-graph-service-677dbc655c-gbgnr,container_memory_working_set_bytes,1781760.0
1739285520,mcnode19.jaeger-67997f9775-4vfpk,container_memory_working_set_bytes,9838592.0
1739285520,mcnode19.user-service-547b88cd8f-ckrf5,container_memory_working_set_bytes,1769472.0
1739285520,mcnode19.url-shorten-memcached-6546746864-fwgsl,container_memory_working_set_bytes,1916928.0
1739285520,mcnode19.social-graph-redis-5bbd5b7458-z2trh,container_memory_working_set_bytes,204800.0
1739285520,mcnode19.media-frontend-6b66b95ff4-42gfw,container_memory_working_set_bytes,229376.0
1739285520,mcnode19.post-storage-service-66c9966f5f-n8b8r,container_memory_working_set_bytes,229376.0
1739285520,mcnode19.social-graph-service-677dbc655c-gbgnr,container_memory_working_set_bytes,208896.0
1739285520,mcnode19.user-timeline-service-664c7f6696-khsj2,container_memory_working_set_bytes,1818624.0
1739285520,mcnode19.home-timeline-redis-6c6647df6f-kxwd7,container_memory_working_set_bytes,2838528.0
1739285520,mcnode19.jaeger-67997f9775-4vfpk,container_memory_working_set_bytes,204800.0
1739285520,mcnode19.user-timeline-mongodb-6758898d48-8pxfm,container_memory_working_set_bytes,58355712.0
1739285520,mcnode19.user-timeline-service-664c7f6696-khsj2,container_memory_working_set_bytes,208896.0
1739285520,mcnode19.user-memcached-59687c864d-cs925,container_memory_working_set_bytes,229376.0
1739285520,mcnode19.user-timeline-redis-67cc95bc57-tvbsv,container_memory_working_set_bytes,2584576.0
1739285520,mcnode19.social-graph-redis-5bbd5b7458-z2trh,container_memory_working_set_bytes,2846720.0
1739285520,mcnode19.user-timeline-service-664c7f6696-khsj2,container_memory_working_set_bytes,1560576.0
1739285520,mcnode19.home-timeline-redis-6c6647df6f-kxwd7,container_memory_working_set_bytes,2588672.0
1739285520,mcnode19.media-mongodb-7b64c59567-zch5l,container_memory_working_set_bytes,233472.0
1739285520,mcnode19.post-storage-memcached-6b75788fc6-92vl7,container_memory_working_set_bytes,200704.0
1739285520,mcnode19.compose-post-service-f587bf89d-wxzgx,container_memory_working_set_bytes,204800.0
1739285520,mcnode19.user-mention-service-5c4f566c5-f44t2,container_memory_working_set_bytes,1695744.0
1739285520,mcnode19.media-service-6c665c775d-g4kpq,container_memory_working_set_bytes,204800.0
1739285520,mcnode19.compose-post-service-f587bf89d-wxzgx,container_memory_working_set_bytes,1269760.0
1739285520,mcnode19.url-shorten-memcached-6546746864-fwgsl,container_memory_working_set_bytes,204800.0
1739285520,mcnode19.media-memcached-7889bdfdfb-8kfqd,container_memory_working_set_bytes,1671168.0
1739285520,mcnode19.user-mention-service-5c4f566c5-f44t2,container_memory_working_set_bytes,204800.0
1739285520,mcnode19.user-memcached-59687c864d-cs925,container_memory_working_set_bytes,204800.0
1739285520,mcnode19.social-graph-mongodb-55df767ff5-btmlt,container_memory_working_set_bytes,229376.0
1739285535,mcnode19.media-memcached-7889bdfdfb-8kfqd,container_memory_working_set_bytes,1921024.0
1739285535,mcnode19.user-timeline-service-664c7f6696-khsj2,container_memory_working_set_bytes,1560576.0
1739285535,mcnode19.url-shorten-memcached-6546746864-fwgsl,container_memory_working_set_bytes,1916928.0
1739285535,mcnode19.compose-post-service-f587bf89d-wxzgx,container_memory_working_set_bytes,204800.0
1739285535,mcnode19.user-timeline-mongodb-6758898d48-8pxfm,container_memory_working_set_bytes,200704.0
1739285535,mcnode19.user-service-547b88cd8f-ckrf5,container_memory_working_set_bytes,208896.0
1739285535,mcnode19.compose-post-service-f587bf89d-wxzgx,container_memory_working_set_bytes,1269760.0
1739285535,mcnode19.post-storage-mongodb-5579669d8c-thwth,container_memory_working_set_bytes,58781696.0
1739285535,mcnode19.user-timeline-redis-67cc95bc57-tvbsv,container_memory_working_set_bytes,2584576.0
1739285535,mcnode19.nginx-thrift-79478f9bf5-f9xwm,container_memory_working_set_bytes,200704.0
1739285535,mcnode19.social-graph-service-677dbc655c-gbgnr,container_memory_working_set_bytes,1556480.0
1739285535,mcnode19.user-timeline-mongodb-6758898d48-8pxfm,container_memory_working_set_bytes,59064320.0
1739285535,mcnode19.home-timeline-redis-6c6647df6f-kxwd7,container_memory_working_set_bytes,2838528.0
1739285535,mcnode19.media-frontend-6b66b95ff4-42gfw,container_memory_working_set_bytes,6656000.0
1739285535,mcnode19.text-service-fff64b8bf-8xjtr,container_memory_working_set_bytes,1011712.0
1739285535,mcnode19.social-graph-redis-5bbd5b7458-z2trh,container_memory_working_set_bytes,204800.0
1739285535,mcnode19.media-mongodb-7b64c59567-zch5l,container_memory_working_set_bytes,58245120.0
1739285535,mcnode19.user-mongodb-7745bbd78-67j8r,container_memory_working_set_bytes,58826752.0
1739285535,mcnode19.url-shorten-memcached-6546746864-fwgsl,container_memory_working_set_bytes,1662976.0
1739285535,mcnode19.user-memcached-59687c864d-cs925,container_memory_working_set_bytes,1691648.0
1739285535,mcnode19.social-graph-redis-5bbd5b7458-z2trh,container_memory_working_set_bytes,2846720.0
1739285535,mcnode19.media-service-6c665c775d-g4kpq,container_memory_working_set_bytes,204800.0
1739285535,mcnode19.media-memcached-7889bdfdfb-8kfqd,container_memory_working_set_bytes,200704.0
1739285535,mcnode19.home-timeline-redis-6c6647df6f-kxwd7,container_memory_working_set_bytes,200704.0
1739285535,mcnode19.user-mention-service-5c4f566c5-f44t2,container_memory_working_set_bytes,1695744.0
1739285535,mcnode19.user-memcached-59687c864d-cs925,container_memory_working_set_bytes,204800.0
1739285535,mcnode19.user-memcached-59687c864d-cs925,container_memory_working_set_bytes,1945600.0
1739285535,mcnode19.post-storage-service-66c9966f5f-n8b8r,container_memory_working_set_bytes,204800.0
1739285535,mcnode19.user-mongodb-7745bbd78-67j8r,container_memory_working_set_bytes,204800.0
1739285535,mcnode19.unique-id-service-694497b678-mdr5g,container_memory_working_set_bytes,1015808.0
1739285535,mcnode19.user-mongodb-7745bbd78-67j8r,container_memory_working_set_bytes,58568704.0
1739285535,mcnode19.media-frontend-6b66b95ff4-42gfw,container_memory_working_set_bytes,204800.0
1739285535,mcnode19.nginx-thrift-79478f9bf5-f9xwm,container_memory_working_set_bytes,62767104.0
1739285535,mcnode19.post-storage-service-66c9966f5f-n8b8r,container_memory_working_set_bytes,2060288.0
1739285535,mcnode19.user-service-547b88cd8f-ckrf5,container_memory_working_set_bytes,1806336.0
1739285535,mcnode19.user-service-547b88cd8f-ckrf5,container_memory_working_set_bytes,2064384.0
1739285535,mcnode19.url-shorten-memcached-6546746864-fwgsl,container_memory_working_set_bytes,204800.0
1739285535,mcnode19.media-mongodb-7b64c59567-zch5l,container_memory_working_set_bytes,208896.0
1739285535,mcnode19.user-timeline-mongodb-6758898d48-8pxfm,container_memory_working_set_bytes,58814464.0
1739285535,mcnode19.media-service-6c665c775d-g4kpq,container_memory_working_set_bytes,1290240.0
1739285535,mcnode19.media-frontend-6b66b95ff4-42gfw,container_memory_working_set_bytes,6631424.0
1739285535,mcnode19.user-timeline-service-664c7f6696-khsj2,container_memory_working_set_bytes,208896.0
1739285535,mcnode19.post-storage-service-66c9966f5f-n8b8r,container_memory_working_set_bytes,1806336.0
1739285535,mcnode19.nginx-thrift-79478f9bf5-f9xwm,container_memory_working_set_bytes,11931648.0
1739285535,mcnode19.text-service-fff64b8bf-8xjtr,container_memory_working_set_bytes,1265664.0
1739285535,mcnode19.social-graph-mongodb-55df767ff5-btmlt,container_memory_working_set_bytes,204800.0
1739285535,mcnode19.user-mention-service-5c4f566c5-f44t2,container_memory_working_set_bytes,1949696.0
1739285535,mcnode19.jaeger-67997f9775-4vfpk,container_memory_working_set_bytes,204800.0
1739285535,mcnode19.user-timeline-redis-67cc95bc57-tvbsv,container_memory_working_set_bytes,200704.0
1739285535,mcnode19.jaeger-67997f9775-4vfpk,container_memory_working_set_bytes,9838592.0
1739285535,mcnode19.text-service-fff64b8bf-8xjtr,container_memory_working_set_bytes,204800.0
1739285535,mcnode19.social-graph-service-677dbc655c-gbgnr,container_memory_working_set_bytes,1814528.0
1739285535,mcnode19.jaeger-67997f9775-4vfpk,container_memory_working_set_bytes,10092544.0
1739285535,mcnode19.social-graph-mongodb-55df767ff5-btmlt,container_memory_working_set_bytes,58548224.0
1739285535,mcnode19.post-storage-mongodb-5579669d8c-thwth,container_memory_working_set_bytes,200704.0
1739285535,mcnode19.media-memcached-7889bdfdfb-8kfqd,container_memory_working_set_bytes,1671168.0
1739285535,mcnode19.social-graph-service-677dbc655c-gbgnr,container_memory_working_set_bytes,208896.0
1739285535,mcnode19.home-timeline-service-5754ffbc6d-9mv6t,container_memory_working_set_bytes,204800.0
1739285535,mcnode19.user-timeline-service-664c7f6696-khsj2,container_memory_working_set_bytes,1818624.0
1739285535,mcnode19.media-mongodb-7b64c59567-zch5l,container_memory_working_set_bytes,57987072.0
1739285535,mcnode19.media-service-6c665c775d-g4kpq,container_memory_working_set_bytes,1036288.0
1739285535,mcnode19.user-mention-service-5c4f566c5-f44t2,container_memory_working_set_bytes,204800.0
1739285535,mcnode19.home-timeline-service-5754ffbc6d-9mv6t,container_memory_working_set_bytes,1040384.0
1739285535,mcnode19.compose-post-service-f587bf89d-wxzgx,container_memory_working_set_bytes,1015808.0
1739285535,mcnode19.social-graph-redis-5bbd5b7458-z2trh,container_memory_working_set_bytes,2592768.0
1739285535,mcnode19.post-storage-mongodb-5579669d8c-thwth,container_memory_working_set_bytes,58662912.0
1739285535,mcnode19.post-storage-memcached-6b75788fc6-92vl7,container_memory_working_set_bytes,200704.0
1739285535,mcnode19.home-timeline-redis-6c6647df6f-kxwd7,container_memory_working_set_bytes,2588672.0
1739285535,mcnode19.post-storage-memcached-6b75788fc6-92vl7,container_memory_working_set_bytes,1937408.0
1739285535,mcnode19.user-timeline-redis-67cc95bc57-tvbsv,container_memory_working_set_bytes,2834432.0
1739285535,mcnode19.unique-id-service-694497b678-mdr5g,container_memory_working_set_bytes,1273856.0
1739285535,mcnode19.home-timeline-service-5754ffbc6d-9mv6t,container_memory_working_set_bytes,1294336.0
1739285535,mcnode19.social-graph-mongodb-55df767ff5-btmlt,container_memory_working_set_bytes,58806272.0
1739285535,mcnode19.post-storage-memcached-6b75788fc6-92vl7,container_memory_working_set_bytes,1687552.0
1739285535,mcnode19.unique-id-service-694497b678-mdr5g,container_memory_working_set_bytes,208896.0
1739285550,mcnode19.url-shorten-memcached-6546746864-fwgsl,container_memory_working_set_bytes,204800.0
1739285550,mcnode19.nginx-thrift-79478f9bf5-f9xwm,container_memory_working_set_bytes,11931648.0
1739285550,mcnode19.social-graph-service-677dbc655c-gbgnr,container_memory_working_set_bytes,208896.0
1739285550,mcnode19.user-timeline-mongodb-6758898d48-8pxfm,container_memory_working_set_bytes,58814464.0
1739285550,mcnode19.post-storage-memcached-6b75788fc6-92vl7,container_memory_working_set_bytes,200704.0
1739285550,mcnode19.social-graph-redis-5bbd5b7458-z2trh,container_memory_working_set_bytes,2846720.0
1739285550,mcnode19.user-memcached-59687c864d-cs925,container_memory_working_set_bytes,1691648.0
1739285550,mcnode19.user-service-547b88cd8f-ckrf5,container_memory_working_set_bytes,1806336.0
1739285550,mcnode19.media-service-6c665c775d-g4kpq,container_memory_working_set_bytes,1036288.0
1739285550,mcnode19.media-frontend-6b66b95ff4-42gfw,container_memory_working_set_bytes,6656000.0
1739285550,mcnode19.social-graph-service-677dbc655c-gbgnr,container_memory_working_set_bytes,1814528.0
1739285550,mcnode19.post-storage-memcached-6b75788fc6-92vl7,container_memory_working_set_bytes,1687552.0
1739285550,mcnode19.media-frontend-6b66b95ff4-42gfw,container_memory_working_set_bytes,204800.0
1739285550,mcnode19.social-graph-mongodb-55df767ff5-btmlt,container_memory_working_set_bytes,204800.0
1739285550,mcnode19.user-mention-service-5c4f566c5-f44t2,container_memory_working_set_bytes,1695744.0
1739285550,mcnode19.user-mongodb-7745bbd78-67j8r,container_memory_working_set_bytes,58568704.0
1739285550,mcnode19.social-graph-mongodb-55df767ff5-btmlt,container_memory_working_set_bytes,58806272.0
1739285550,mcnode19.user-memcached-59687c864d-cs925,container_memory_working_set_bytes,1945600.0
1739285550,mcnode19.user-memcached-59687c864d-cs925,container_memory_working_set_bytes,204800.0
1739285550,mcnode19.media-mongodb-7b64c59567-zch5l,container_memory_working_set_bytes,57987072.0
1739285550,mcnode19.post-storage-mongodb-5579669d8c-thwth,container_memory_working_set_bytes,200704.0
1739285550,mcnode19.user-timeline-service-664c7f6696-khsj2,container_memory_working_set_bytes,1818624.0
1739285550,mcnode19.user-mention-service-5c4f566c5-f44t2,container_memory_working_set_bytes,204800.0
1739285550,mcnode19.media-service-6c665c775d-g4kpq,container_memory_working_set_bytes,1290240.0
1739285550,mcnode19.home-timeline-redis-6c6647df6f-kxwd7,container_memory_working_set_bytes,2588672.0
1739285550,mcnode19.media-mongodb-7b64c59567-zch5l,container_memory_working_set_bytes,58245120.0
1739285550,mcnode19.unique-id-service-694497b678-mdr5g,container_memory_working_set_bytes,1273856.0
1739285550,mcnode19.media-memcached-7889bdfdfb-8kfqd,container_memory_working_set_bytes,200704.0
1739285550,mcnode19.media-service-6c665c775d-g4kpq,container_memory_working_set_bytes,204800.0
1739285550,mcnode19.compose-post-service-f587bf89d-wxzgx,container_memory_working_set_bytes,1015808.0
1739285550,mcnode19.media-mongodb-7b64c59567-zch5l,container_memory_working_set_bytes,208896.0
1739285550,mcnode19.media-memcached-7889bdfdfb-8kfqd,container_memory_working_set_bytes,1921024.0
1739285550,mcnode19.home-timeline-service-5754ffbc6d-9mv6t,container_memory_working_set_bytes,1294336.0
1739285550,mcnode19.user-timeline-mongodb-6758898d48-8pxfm,container_memory_working_set_bytes,200704.0
1739285550,mcnode19.user-timeline-mongodb-6758898d48-8pxfm,container_memory_working_set_bytes,59064320.0
1739285550,mcnode19.media-frontend-6b66b95ff4-42gfw,container_memory_working_set_bytes,6631424.0
1739285550,mcnode19.unique-id-service-694497b678-mdr5g,container_memory_working_set_bytes,208896.0
1739285550,mcnode19.url-shorten-memcached-6546746864-fwgsl,container_memory_working_set_bytes,1916928.0
1739285550,mcnode19.post-storage-service-66c9966f5f-n8b8r,container_memory_working_set_bytes,204800.0
1739285550,mcnode19.home-timeline-service-5754ffbc6d-9mv6t,container_memory_working_set_bytes,1040384.0
1739285550,mcnode19.user-timeline-redis-67cc95bc57-tvbsv,container_memory_working_set_bytes,2584576.0
1739285550,mcnode19.media-memcached-7889bdfdfb-8kfqd,container_memory_working_set_bytes,1671168.0
1739285550,mcnode19.compose-post-service-f587bf89d-wxzgx,container_memory_working_set_bytes,204800.0
1739285550,mcnode19.social-graph-redis-5bbd5b7458-z2trh,container_memory_working_set_bytes,204800.0
1739285550,mcnode19.user-timeline-service-664c7f6696-khsj2,container_memory_working_set_bytes,208896.0
1739285550,mcnode19.jaeger-67997f9775-4vfpk,container_memory_working_set_bytes,10092544.0
1739285550,mcnode19.user-mention-service-5c4f566c5-f44t2,container_memory_working_set_bytes,1949696.0
1739285550,mcnode19.user-timeline-service-664c7f6696-khsj2,container_memory_working_set_bytes,1560576.0
1739285550,mcnode19.home-timeline-redis-6c6647df6f-kxwd7,container_memory_working_set_bytes,2838528.0
1739285550,mcnode19.nginx-thrift-79478f9bf5-f9xwm,container_memory_working_set_bytes,200704.0
1739285550,mcnode19.jaeger-67997f9775-4vfpk,container_memory_working_set_bytes,9838592.0
1739285550,mcnode19.jaeger-67997f9775-4vfpk,container_memory_working_set_bytes,204800.0
1739285550,mcnode19.post-storage-service-66c9966f5f-n8b8r,container_memory_working_set_bytes,2060288.0
1739285550,mcnode19.nginx-thrift-79478f9bf5-f9xwm,container_memory_working_set_bytes,62767104.0
1739285550,mcnode19.compose-post-service-f587bf89d-wxzgx,container_memory_working_set_bytes,1269760.0
1739285550,mcnode19.post-storage-mongodb-5579669d8c-thwth,container_memory_working_set_bytes,58662912.0
1739285550,mcnode19.home-timeline-service-5754ffbc6d-9mv6t,container_memory_working_set_bytes,204800.0
1739285550,mcnode19.url-shorten-memcached-6546746864-fwgsl,container_memory_working_set_bytes,1662976.0
1739285550,mcnode19.social-graph-redis-5bbd5b7458-z2trh,container_memory_working_set_bytes,2592768.0
1739285550,mcnode19.post-storage-service-66c9966f5f-n8b8r,container_memory_working_set_bytes,1806336.0
1739285550,mcnode19.user-timeline-redis-67cc95bc57-tvbsv,container_memory_working_set_bytes,200704.0
1739285550,mcnode19.unique-id-service-694497b678-mdr5g,container_memory_working_set_bytes,1015808.0
1739285550,mcnode19.user-service-547b88cd8f-ckrf5,container_memory_working_set_bytes,208896.0
1739285550,mcnode19.text-service-fff64b8bf-8xjtr,container_memory_working_set_bytes,1011712.0
1739285550,mcnode19.text-service-fff64b8bf-8xjtr,container_memory_working_set_bytes,204800.0
1739285550,mcnode19.social-graph-mongodb-55df767ff5-btmlt,container_memory_working_set_bytes,58548224.0
1739285550,mcnode19.home-timeline-redis-6c6647df6f-kxwd7,container_memory_working_set_bytes,200704.0
1739285550,mcnode19.social-graph-service-677dbc655c-gbgnr,container_memory_working_set_bytes,1556480.0
1739285550,mcnode19.user-service-547b88cd8f-ckrf5,container_memory_working_set_bytes,2064384.0
1739285550,mcnode19.text-service-fff64b8bf-8xjtr,container_memory_working_set_bytes,1265664.0
1739285550,mcnode19.post-storage-memcached-6b75788fc6-92vl7,container_memory_working_set_bytes,1937408.0
1739285550,mcnode19.post-storage-mongodb-5579669d8c-thwth,container_memory_working_set_bytes,58781696.0
1739285550,mcnode19.user-timeline-redis-67cc95bc57-tvbsv,container_memory_working_set_bytes,2834432.0
1739285550,mcnode19.user-mongodb-7745bbd78-67j8r,container_memory_working_set_bytes,204800.0
1739285550,mcnode19.user-mongodb-7745bbd78-67j8r,container_memory_working_set_bytes,58826752.0
1739285565,mcnode19.post-storage-service-66c9966f5f-n8b8r,container_memory_working_set_bytes,1806336.0
1739285565,mcnode19.user-service-547b88cd8f-ckrf5,container_memory_working_set_bytes,1806336.0
1739285565,mcnode19.media-service-6c665c775d-g4kpq,container_memory_working_set_bytes,1036288.0
1739285565,mcnode19.nginx-thrift-79478f9bf5-f9xwm,container_memory_working_set_bytes,62767104.0
1739285565,mcnode19.user-mongodb-7745bbd78-67j8r,container_memory_working_set_bytes,58568704.0
1739285565,mcnode19.user-timeline-redis-67cc95bc57-tvbsv,container_memory_working_set_bytes,2834432.0
1739285565,mcnode19.social-graph-service-677dbc655c-gbgnr,container_memory_working_set_bytes,1814528.0
1739285565,mcnode19.user-service-547b88cd8f-ckrf5,container_memory_working_set_bytes,208896.0
1739285565,mcnode19.home-timeline-service-5754ffbc6d-9mv6t,container_memory_working_set_bytes,204800.0
1739285565,mcnode19.user-mention-service-5c4f566c5-f44t2,container_memory_working_set_bytes,1949696.0
1739285565,mcnode19.home-timeline-redis-6c6647df6f-kxwd7,container_memory_working_set_bytes,2838528.0
1739285565,mcnode19.social-graph-mongodb-55df767ff5-btmlt,container_memory_working_set_bytes,204800.0
1739285565,mcnode19.user-mongodb-7745bbd78-67j8r,container_memory_working_set_bytes,204800.0
1739285565,mcnode19.media-frontend-6b66b95ff4-42gfw,container_memory_working_set_bytes,204800.0
1739285565,mcnode19.post-storage-service-66c9966f5f-n8b8r,container_memory_working_set_bytes,204800.0
1739285565,mcnode19.home-timeline-service-5754ffbc6d-9mv6t,container_memory_working_set_bytes,1040384.0
1739285565,mcnode19.text-service-fff64b8bf-8xjtr,container_memory_working_set_bytes,1011712.0
1739285565,mcnode19.unique-id-service-694497b678-mdr5g,container_memory_working_set_bytes,1015808.0
1739285565,mcnode19.post-storage-service-66c9966f5f-n8b8r,container_memory_working_set_bytes,2060288.0
1739285565,mcnode19.user-timeline-redis-67cc95bc57-tvbsv,container_memory_working_set_bytes,2584576.0
1739285565,mcnode19.user-service-547b88cd8f-ckrf5,container_memory_working_set_bytes,2064384.0
1739285565,mcnode19.user-timeline-service-664c7f6696-khsj2,container_memory_working_set_bytes,1818624.0
1739285565,mcnode19.compose-post-service-f587bf89d-wxzgx,container_memory_working_set_bytes,204800.0
1739285565,mcnode19.user-timeline-redis-67cc95bc57-tvbsv,container_memory_working_set_bytes,200704.0
1739285565,mcnode19.url-shorten-memcached-6546746864-fwgsl,container_memory_working_set_bytes,1916928.0
1739285565,mcnode19.user-timeline-service-664c7f6696-khsj2,container_memory_working_set_bytes,208896.0
1739285565,mcnode19.media-mongodb-7b64c59567-zch5l,container_memory_working_set_bytes,57987072.0
1739285565,mcnode19.compose-post-service-f587bf89d-wxzgx,container_memory_working_set_bytes,1269760.0
1739285565,mcnode19.media-frontend-6b66b95ff4-42gfw,container_memory_working_set_bytes,6656000.0
1739285565,mcnode19.text-service-fff64b8bf-8xjtr,container_memory_working_set_bytes,1265664.0
1739285565,mcnode19.jaeger-67997f9775-4vfpk,container_memory_working_set_bytes,10092544.0
1739285565,mcnode19.user-timeline-mongodb-6758898d48-8pxfm,container_memory_working_set_bytes,58814464.0
1739285565,mcnode19.user-timeline-service-664c7f6696-khsj2,container_memory_working_set_bytes,1560576.0
1739285565,mcnode19.social-graph-service-677dbc655c-gbgnr,container_memory_working_set_bytes,208896.0
1739285565,mcnode19.url-shorten-memcached-6546746864-fwgsl,container_memory_working_set_bytes,204800.0
1739285565,mcnode19.nginx-thrift-79478f9bf5-f9xwm,container_memory_working_set_bytes,200704.0
1739285565,mcnode19.jaeger-67997f9775-4vfpk,container_memory_working_set_bytes,9838592.0
1739285565,mcnode19.jaeger-67997f9775-4vfpk,container_memory_working_set_bytes,204800.0
1739285565,mcnode19.home-timeline-redis-6c6647df6f-kxwd7,container_memory_working_set_bytes,200704.0
1739285565,mcnode19.social-graph-mongodb-55df767ff5-btmlt,container_memory_working_set_bytes,58548224.0
1739285565,mcnode19.user-mention-service-5c4f566c5-f44t2,container_memory_working_set_bytes,204800.0
1739285565,mcnode19.media-service-6c665c775d-g4kpq,container_memory_working_set_bytes,204800.0
1739285565,mcnode19.media-memcached-7889bdfdfb-8kfqd,container_memory_working_set_bytes,1671168.0
1739285565,mcnode19.text-service-fff64b8bf-8xjtr,container_memory_working_set_bytes,204800.0
1739285565,mcnode19.post-storage-memcached-6b75788fc6-92vl7,container_memory_working_set_bytes,1687552.0
1739285565,mcnode19.media-memcached-7889bdfdfb-8kfqd,container_memory_working_set_bytes,200704.0
1739285565,mcnode19.home-timeline-service-5754ffbc6d-9mv6t,container_memory_working_set_bytes,1294336.0
1739285565,mcnode19.user-timeline-mongodb-6758898d48-8pxfm,container_memory_working_set_bytes,200704.0
1739285565,mcnode19.user-memcached-59687c864d-cs925,container_memory_working_set_bytes,204800.0
1739285565,mcnode19.compose-post-service-f587bf89d-wxzgx,container_memory_working_set_bytes,1015808.0
1739285565,mcnode19.social-graph-redis-5bbd5b7458-z2trh,container_memory_working_set_bytes,2592768.0
1739285565,mcnode19.url-shorten-memcached-6546746864-fwgsl,container_memory_working_set_bytes,1662976.0
1739285565,mcnode19.nginx-thrift-79478f9bf5-f9xwm,container_memory_working_set_bytes,11931648.0
1739285565,mcnode19.unique-id-service-694497b678-mdr5g,container_memory_working_set_bytes,208896.0
1739285565,mcnode19.media-mongodb-7b64c59567-zch5l,container_memory_working_set_bytes,208896.0
1739285565,mcnode19.post-storage-memcached-6b75788fc6-92vl7,container_memory_working_set_bytes,200704.0
1739285565,mcnode19.user-memcached-59687c864d-cs925,container_memory_working_set_bytes,1691648.0
1739285565,mcnode19.social-graph-redis-5bbd5b7458-z2trh,container_memory_working_set_bytes,2846720.0
1739285565,mcnode19.user-mongodb-7745bbd78-67j8r,container_memory_working_set_bytes,58826752.0
1739285565,mcnode19.user-mention-service-5c4f566c5-f44t2,container_memory_working_set_bytes,1695744.0
1739285565,mcnode19.media-memcached-7889bdfdfb-8kfqd,container_memory_working_set_bytes,1921024.0
1739285565,mcnode19.user-timeline-mongodb-6758898d48-8pxfm,container_memory_working_set_bytes,59064320.0
1739285565,mcnode19.post-storage-mongodb-5579669d8c-thwth,container_memory_working_set_bytes,200704.0
1739285565,mcnode19.media-frontend-6b66b95ff4-42gfw,container_memory_working_set_bytes,6631424.0
1739285565,mcnode19.unique-id-service-694497b678-mdr5g,container_memory_working_set_bytes,1273856.0
1739285565,mcnode19.media-mongodb-7b64c59567-zch5l,container_memory_working_set_bytes,58245120.0
1739285565,mcnode19.user-memcached-59687c864d-cs925,container_memory_working_set_bytes,1945600.0
1739285565,mcnode19.social-graph-mongodb-55df767ff5-btmlt,container_memory_working_set_bytes,58806272.0
1739285565,mcnode19.post-storage-mongodb-5579669d8c-thwth,container_memory_working_set_bytes,58781696.0
1739285565,mcnode19.social-graph-redis-5bbd5b7458-z2trh,container_memory_working_set_bytes,204800.0
1739285565,mcnode19.post-storage-mongodb-5579669d8c-thwth,container_memory_working_set_bytes,58662912.0
1739285565,mcnode19.post-storage-memcached-6b75788fc6-92vl7,container_memory_working_set_bytes,1937408.0
1739285565,mcnode19.social-graph-service-677dbc655c-gbgnr,container_memory_working_set_bytes,1556480.0
1739285565,mcnode19.media-service-6c665c775d-g4kpq,container_memory_working_set_bytes,1290240.0
1739285565,mcnode19.home-timeline-redis-6c6647df6f-kxwd7,container_memory_working_set_bytes,2588672.0
1739285580,mcnode19.unique-id-service-694497b678-mdr5g,container_memory_working_set_bytes,208896.0
1739285580,mcnode19.user-timeline-redis-67cc95bc57-tvbsv,container_memory_working_set_bytes,2584576.0
1739285580,mcnode19.home-timeline-redis-6c6647df6f-kxwd7,container_memory_working_set_bytes,200704.0
1739285580,mcnode19.user-timeline-service-664c7f6696-khsj2,container_memory_working_set_bytes,1560576.0
1739285580,mcnode19.compose-post-service-f587bf89d-wxzgx,container_memory_working_set_bytes,204800.0
1739285580,mcnode19.media-frontend-6b66b95ff4-42gfw,container_memory_working_set_bytes,6631424.0
1739285580,mcnode19.user-timeline-mongodb-6758898d48-8pxfm,container_memory_working_set_bytes,59064320.0
1739285580,mcnode19.home-timeline-service-5754ffbc6d-9mv6t,container_memory_working_set_bytes,1294336.0
1739285580,mcnode19.post-storage-mongodb-5579669d8c-thwth,container_memory_working_set_bytes,200704.0
1739285580,mcnode19.text-service-fff64b8bf-8xjtr,container_memory_working_set_bytes,1011712.0
1739285580,mcnode19.user-timeline-service-664c7f6696-khsj2,container_memory_working_set_bytes,208896.0
1739285580,mcnode19.user-timeline-mongodb-6758898d48-8pxfm,container_memory_working_set_bytes,200704.0
1739285580,mcnode19.compose-post-service-f587bf89d-wxzgx,container_memory_working_set_bytes,1269760.0
1739285580,mcnode19.user-mention-service-5c4f566c5-f44t2,container_memory_working_set_bytes,204800.0
1739285580,mcnode19.jaeger-67997f9775-4vfpk,container_memory_working_set_bytes,9838592.0
1739285580,mcnode19.media-service-6c665c775d-g4kpq,container_memory_working_set_bytes,1290240.0
1739285580,mcnode19.home-timeline-redis-6c6647df6f-kxwd7,container_memory_working_set_bytes,2588672.0
1739285580,mcnode19.media-service-6c665c775d-g4kpq,container_memory_working_set_bytes,204800.0
1739285580,mcnode19.post-storage-service-66c9966f5f-n8b8r,container_memory_working_set_bytes,204800.0
1739285580,mcnode19.post-storage-mongodb-5579669d8c-thwth,container_memory_working_set_bytes,58781696.0
1739285580,mcnode19.media-mongodb-7b64c59567-zch5l,container_memory_working_set_bytes,58245120.0
1739285580,mcnode19.user-mention-service-5c4f566c5-f44t2,container_memory_working_set_bytes,1949696.0
1739285580,mcnode19.social-graph-service-677dbc655c-gbgnr,container_memory_working_set_bytes,1556480.0
1739285580,mcnode19.home-timeline-redis-6c6647df6f-kxwd7,container_memory_working_set_bytes,2838528.0
1739285580,mcnode19.user-service-547b88cd8f-ckrf5,container_memory_working_set_bytes,208896.0
1739285580,mcnode19.jaeger-67997f9775-4vfpk,container_memory_working_set_bytes,10092544.0
1739285580,mcnode19.home-timeline-service-5754ffbc6d-9mv6t,container_memory_working_set_bytes,1040384.0
1739285580,mcnode19.media-memcached-7889bdfdfb-8kfqd,container_memory_working_set_bytes,200704.0
1739285580,mcnode19.nginx-thrift-79478f9bf5-f9xwm,container_memory_working_set_bytes,62767104.0
1739285580,mcnode19.user-timeline-redis-67cc95bc57-tvbsv,container_memory_working_set_bytes,2834432.0
1739285580,mcnode19.post-storage-service-66c9966f5f-n8b8r,container_memory_working_set_bytes,2060288.0
1739285580,mcnode19.compose-post-service-f587bf89d-wxzgx,container_memory_working_set_bytes,1015808.0
1739285580,mcnode19.jaeger-67997f9775-4vfpk,container_memory_working_set_bytes,204800.0
1739285580,mcnode19.media-mongodb-7b64c59567-zch5l,container_memory_working_set_bytes,208896.0
1739285580,mcnode19.media-memcached-7889bdfdfb-8kfqd,container_memory_working_set_bytes,1921024.0
1739285580,mcnode19.nginx-thrift-79478f9bf5-f9xwm,container_memory_working_set_bytes,200704.0
1739285580,mcnode19.social-graph-mongodb-55df767ff5-btmlt,container_memory_working_set_bytes,58548224.0
1739285580,mcnode19.unique-id-service-694497b678-mdr5g,container_memory_working_set_bytes,1273856.0
1739285580,mcnode19.social-graph-redis-5bbd5b7458-z2trh,container_memory_working_set_bytes,2592768.0
1739285580,mcnode19.post-storage-mongodb-5579669d8c-thwth,container_memory_working_set_bytes,58662912.0
1739285580,mcnode19.user-service-547b88cd8f-ckrf5,container_memory_working_set_bytes,2064384.0
1739285580,mcnode19.social-graph-service-677dbc655c-gbgnr,container_memory_working_set_bytes,208896.0
1739285580,mcnode19.user-memcached-59687c864d-cs925,container_memory_working_set_bytes,204800.0
1739285580,mcnode19.url-shorten-memcached-6546746864-fwgsl,container_memory_working_set_bytes,204800.0
1739285580,mcnode19.text-service-fff64b8bf-8xjtr,container_memory_working_set_bytes,204800.0
1739285580,mcnode19.user-mention-service-5c4f566c5-f44t2,container_memory_working_set_bytes,1695744.0
1739285580,mcnode19.user-mongodb-7745bbd78-67j8r,container_memory_working_set_bytes,58826752.0
1739285580,mcnode19.social-graph-service-677dbc655c-gbgnr,container_memory_working_set_bytes,1814528.0
1739285580,mcnode19.social-graph-mongodb-55df767ff5-btmlt,container_memory_working_set_bytes,58806272.0
1739285580,mcnode19.unique-id-service-694497b678-mdr5g,container_memory_working_set_bytes,1015808.0
1739285580,mcnode19.post-storage-memcached-6b75788fc6-92vl7,container_memory_working_set_bytes,200704.0
1739285580,mcnode19.media-frontend-6b66b95ff4-42gfw,container_memory_working_set_bytes,6656000.0
1739285580,mcnode19.user-service-547b88cd8f-ckrf5,container_memory_working_set_bytes,1806336.0
1739285580,mcnode19.home-timeline-service-5754ffbc6d-9mv6t,container_memory_working_set_bytes,204800.0
1739285580,mcnode19.media-service-6c665c775d-g4kpq,container_memory_working_set_bytes,1036288.0
1739285580,mcnode19.nginx-thrift-79478f9bf5-f9xwm,container_memory_working_set_bytes,11931648.0
1739285580,mcnode19.user-mongodb-7745bbd78-67j8r,container_memory_working_set_bytes,204800.0
1739285580,mcnode19.user-mongodb-7745bbd78-67j8r,container_memory_working_set_bytes,58568704.0
1739285580,mcnode19.post-storage-service-66c9966f5f-n8b8r,container_memory_working_set_bytes,1806336.0
1739285580,mcnode19.media-memcached-7889bdfdfb-8kfqd,container_memory_working_set_bytes,1671168.0
1739285580,mcnode19.social-graph-mongodb-55df767ff5-btmlt,container_memory_working_set_bytes,204800.0
1739285580,mcnode19.user-memcached-59687c864d-cs925,container_memory_working_set_bytes,1945600.0
1739285580,mcnode19.text-service-fff64b8bf-8xjtr,container_memory_working_set_bytes,1265664.0
1739285580,mcnode19.post-storage-memcached-6b75788fc6-92vl7,container_memory_working_set_bytes,1687552.0
1739285580,mcnode19.url-shorten-memcached-6546746864-fwgsl,container_memory_working_set_bytes,1662976.0
1739285580,mcnode19.social-graph-redis-5bbd5b7458-z2trh,container_memory_working_set_bytes,204800.0
1739285580,mcnode19.user-timeline-service-664c7f6696-khsj2,container_memory_working_set_bytes,1818624.0
1739285580,mcnode19.post-storage-memcached-6b75788fc6-92vl7,container_memory_working_set_bytes,1937408.0
1739285580,mcnode19.user-timeline-redis-67cc95bc57-tvbsv,container_memory_working_set_bytes,200704.0
1739285580,mcnode19.user-timeline-mongodb-6758898d48-8pxfm,container_memory_working_set_bytes,58814464.0
1739285580,mcnode19.url-shorten-memcached-6546746864-fwgsl,container_memory_working_set_bytes,1916928.0
1739285580,mcnode19.user-memcached-59687c864d-cs925,container_memory_working_set_bytes,1691648.0
1739285580,mcnode19.media-mongodb-7b64c59567-zch5l,container_memory_working_set_bytes,57987072.0
1739285580,mcnode19.media-frontend-6b66b95ff4-42gfw,container_memory_working_set_bytes,204800.0
1739285580,mcnode19.social-graph-redis-5bbd5b7458-z2trh,container_memory_working_set_bytes,2846720.0
1739285595,mcnode19.unique-id-service-694497b678-mdr5g,container_memory_working_set_bytes,1273856.0
1739285595,mcnode19.user-mongodb-7745bbd78-67j8r,container_memory_working_set_bytes,59097088.0
1739285595,mcnode19.post-storage-memcached-6b75788fc6-92vl7,container_memory_working_set_bytes,1937408.0
1739285595,mcnode19.social-graph-redis-5bbd5b7458-z2trh,container_memory_working_set_bytes,2592768.0
1739285595,mcnode19.nginx-thrift-79478f9bf5-f9xwm,container_memory_working_set_bytes,11931648.0
1739285595,mcnode19.media-service-6c665c775d-g4kpq,container_memory_working_set_bytes,1290240.0
1739285595,mcnode19.home-timeline-redis-6c6647df6f-kxwd7,container_memory_working_set_bytes,2838528.0
1739285595,mcnode19.user-mention-service-5c4f566c5-f44t2,container_memory_working_set_bytes,204800.0
1739285595,mcnode19.post-storage-memcached-6b75788fc6-92vl7,container_memory_working_set_bytes,200704.0
1739285595,mcnode19.url-shorten-memcached-6546746864-fwgsl,container_memory_working_set_bytes,1662976.0
1739285595,mcnode19.home-timeline-redis-6c6647df6f-kxwd7,container_memory_working_set_bytes,200704.0
1739285595,mcnode19.user-mongodb-7745bbd78-67j8r,container_memory_working_set_bytes,58847232.0
1739285595,mcnode19.user-timeline-mongodb-6758898d48-8pxfm,container_memory_working_set_bytes,59318272.0
1739285595,mcnode19.media-memcached-7889bdfdfb-8kfqd,container_memory_working_set_bytes,1921024.0
1739285595,mcnode19.social-graph-redis-5bbd5b7458-z2trh,container_memory_working_set_bytes,204800.0
1739285595,mcnode19.post-storage-service-66c9966f5f-n8b8r,container_memory_working_set_bytes,204800.0
1739285595,mcnode19.home-timeline-redis-6c6647df6f-kxwd7,container_memory_working_set_bytes,2588672.0
1739285595,mcnode19.user-memcached-59687c864d-cs925,container_memory_working_set_bytes,1691648.0
1739285595,mcnode19.media-frontend-6b66b95ff4-42gfw,container_memory_working_set_bytes,10563584.0
1739285595,mcnode19.user-memcached-59687c864d-cs925,container_memory_working_set_bytes,1945600.0
1739285595,mcnode19.text-service-fff64b8bf-8xjtr,container_memory_working_set_bytes,204800.0
1739285595,mcnode19.media-frontend-6b66b95ff4-42gfw,container_memory_working_set_bytes,204800.0
1739285595,mcnode19.compose-post-service-f587bf89d-wxzgx,container_memory_working_set_bytes,1015808.0
1739285595,mcnode19.user-memcached-59687c864d-cs925,container_memory_working_set_bytes,204800.0
1739285595,mcnode19.media-memcached-7889bdfdfb-8kfqd,container_memory_working_set_bytes,200704.0
1739285595,mcnode19.home-timeline-service-5754ffbc6d-9mv6t,container_memory_working_set_bytes,204800.0
1739285595,mcnode19.unique-id-service-694497b678-mdr5g,container_memory_working_set_bytes,208896.0
1739285595,mcnode19.home-timeline-service-5754ffbc6d-9mv6t,container_memory_working_set_bytes,1294336.0
1739285595,mcnode19.user-mention-service-5c4f566c5-f44t2,container_memory_working_set_bytes,1695744.0
1739285595,mcnode19.media-mongodb-7b64c59567-zch5l,container_memory_working_set_bytes,58589184.0
1739285595,mcnode19.user-timeline-mongodb-6758898d48-8pxfm,container_memory_working_set_bytes,200704.0
1739285595,mcnode19.post-storage-memcached-6b75788fc6-92vl7,container_memory_working_set_bytes,1687552.0
1739285595,mcnode19.social-graph-mongodb-55df767ff5-btmlt,container_memory_working_set_bytes,59146240.0
1739285595,mcnode19.social-graph-redis-5bbd5b7458-z2trh,container_memory_working_set_bytes,2846720.0
1739285595,mcnode19.social-graph-service-677dbc655c-gbgnr,container_memory_working_set_bytes,1556480.0
1739285595,mcnode19.post-storage-mongodb-5579669d8c-thwth,container_memory_working_set_bytes,200704.0
1739285595,mcnode19.post-storage-mongodb-5579669d8c-thwth,container_memory_working_set_bytes,59117568.0
1739285595,mcnode19.media-mongodb-7b64c59567-zch5l,container_memory_working_set_bytes,208896.0
1739285595,mcnode19.media-memcached-7889bdfdfb-8kfqd,container_memory_working_set_bytes,1671168.0
1739285595,mcnode19.jaeger-67997f9775-4vfpk,container_memory_working_set_bytes,9097216.0
1739285595,mcnode19.unique-id-service-694497b678-mdr5g,container_memory_working_set_bytes,1015808.0
1739285595,mcnode19.jaeger-67997f9775-4vfpk,container_memory_working_set_bytes,204800.0
1739285595,mcnode19.text-service-fff64b8bf-8xjtr,container_memory_working_set_bytes,1011712.0
1739285595,mcnode19.user-timeline-redis-67cc95bc57-tvbsv,container_memory_working_set_bytes,2834432.0
1739285595,mcnode19.social-graph-mongodb-55df767ff5-btmlt,container_memory_working_set_bytes,58892288.0
1739285595,mcnode19.url-shorten-memcached-6546746864-fwgsl,container_memory_working_set_bytes,1916928.0
1739285595,mcnode19.url-shorten-memcached-6546746864-fwgsl,container_memory_working_set_bytes,204800.0
1739285595,mcnode19.user-service-547b88cd8f-ckrf5,container_memory_working_set_bytes,2064384.0
1739285595,mcnode19.post-storage-service-66c9966f5f-n8b8r,container_memory_working_set_bytes,1806336.0
1739285595,mcnode19.text-service-fff64b8bf-8xjtr,container_memory_working_set_bytes,1265664.0
1739285595,mcnode19.compose-post-service-f587bf89d-wxzgx,container_memory_working_set_bytes,1269760.0
1739285595,mcnode19.jaeger-67997f9775-4vfpk,container_memory_working_set_bytes,9351168.0
1739285595,mcnode19.social-graph-service-677dbc655c-gbgnr,container_memory_working_set_bytes,208896.0
1739285595,mcnode19.user-timeline-service-664c7f6696-khsj2,container_memory_working_set_bytes,1560576.0
1739285595,mcnode19.user-timeline-service-664c7f6696-khsj2,container_memory_working_set_bytes,208896.0
1739285595,mcnode19.media-mongodb-7b64c59567-zch5l,container_memory_working_set_bytes,58331136.0
1739285595,mcnode19.nginx-thrift-79478f9bf5-f9xwm,container_memory_working_set_bytes,200704.0
1739285595,mcnode19.post-storage-service-66c9966f5f-n8b8r,container_memory_working_set_bytes,2060288.0
1739285595,mcnode19.social-graph-service-677dbc655c-gbgnr,container_memory_working_set_bytes,1814528.0
1739285595,mcnode19.user-timeline-redis-67cc95bc57-tvbsv,container_memory_working_set_bytes,2584576.0
1739285595,mcnode19.user-mention-service-5c4f566c5-f44t2,container_memory_working_set_bytes,1949696.0
1739285595,mcnode19.social-graph-mongodb-55df767ff5-btmlt,container_memory_working_set_bytes,204800.0
1739285595,mcnode19.user-service-547b88cd8f-ckrf5,container_memory_working_set_bytes,208896.0
1739285595,mcnode19.media-service-6c665c775d-g4kpq,container_memory_working_set_bytes,204800.0
1739285595,mcnode19.user-timeline-service-664c7f6696-khsj2,container_memory_working_set_bytes,1818624.0
1739285595,mcnode19.user-service-547b88cd8f-ckrf5,container_memory_working_set_bytes,1806336.0
1739285595,mcnode19.media-frontend-6b66b95ff4-42gfw,container_memory_working_set_bytes,10842112.0
1739285595,mcnode19.user-mongodb-7745bbd78-67j8r,container_memory_working_set_bytes,204800.0
1739285595,mcnode19.user-timeline-mongodb-6758898d48-8pxfm,container_memory_working_set_bytes,59068416.0
1739285595,mcnode19.post-storage-mongodb-5579669d8c-thwth,container_memory_working_set_bytes,58867712.0
1739285595,mcnode19.user-timeline-redis-67cc95bc57-tvbsv,container_memory_working_set_bytes,200704.0
1739285595,mcnode19.media-service-6c665c775d-g4kpq,container_memory_working_set_bytes,1036288.0
1739285595,mcnode19.nginx-thrift-79478f9bf5-f9xwm,container_memory_working_set_bytes,62767104.0
1739285595,mcnode19.compose-post-service-f587bf89d-wxzgx,container_memory_working_set_bytes,204800.0
1739285595,mcnode19.home-timeline-service-5754ffbc6d-9mv6t,container_memory_working_set_bytes,1040384.0
1739285610,mcnode19.social-graph-redis-5bbd5b7458-z2trh,container_memory_working_set_bytes,2846720.0
1739285610,mcnode19.user-timeline-service-664c7f6696-khsj2,container_memory_working_set_bytes,208896.0
1739285610,mcnode19.post-storage-memcached-6b75788fc6-92vl7,container_memory_working_set_bytes,1937408.0
1739285610,mcnode19.url-shorten-memcached-6546746864-fwgsl,container_memory_working_set_bytes,1916928.0
1739285610,mcnode19.social-graph-redis-5bbd5b7458-z2trh,container_memory_working_set_bytes,204800.0
1739285610,mcnode19.unique-id-service-694497b678-mdr5g,container_memory_working_set_bytes,208896.0
1739285610,mcnode19.compose-post-service-f587bf89d-wxzgx,container_memory_working_set_bytes,1269760.0
1739285610,mcnode19.post-storage-mongodb-5579669d8c-thwth,container_memory_working_set_bytes,59117568.0
1739285610,mcnode19.user-timeline-mongodb-6758898d48-8pxfm,container_memory_working_set_bytes,200704.0
1739285610,mcnode19.home-timeline-service-5754ffbc6d-9mv6t,container_memory_working_set_bytes,204800.0
1739285610,mcnode19.user-service-547b88cd8f-ckrf5,container_memory_working_set_bytes,2064384.0
1739285610,mcnode19.compose-post-service-f587bf89d-wxzgx,container_memory_working_set_bytes,204800.0
1739285610,mcnode19.user-timeline-redis-67cc95bc57-tvbsv,container_memory_working_set_bytes,200704.0
1739285610,mcnode19.user-timeline-service-664c7f6696-khsj2,container_memory_working_set_bytes,1818624.0
1739285610,mcnode19.home-timeline-service-5754ffbc6d-9mv6t,container_memory_working_set_bytes,1294336.0
1739285610,mcnode19.user-mention-service-5c4f566c5-f44t2,container_memory_working_set_bytes,1949696.0
1739285610,mcnode19.text-service-fff64b8bf-8xjtr,container_memory_working_set_bytes,204800.0
1739285610,mcnode19.media-service-6c665c775d-g4kpq,container_memory_working_set_bytes,204800.0
1739285610,mcnode19.social-graph-mongodb-55df767ff5-btmlt,container_memory_working_set_bytes,204800.0
1739285610,mcnode19.user-mongodb-7745bbd78-67j8r,container_memory_working_set_bytes,59097088.0
1739285610,mcnode19.media-frontend-6b66b95ff4-42gfw,container_memory_working_set_bytes,10842112.0
1739285610,mcnode19.media-service-6c665c775d-g4kpq,container_memory_working_set_bytes,1290240.0
1739285610,mcnode19.user-mongodb-7745bbd78-67j8r,container_memory_working_set_bytes,204800.0
1739285610,mcnode19.user-mention-service-5c4f566c5-f44t2,container_memory_working_set_bytes,204800.0
1739285610,mcnode19.nginx-thrift-79478f9bf5-f9xwm,container_memory_working_set_bytes,62767104.0
1739285610,mcnode19.user-memcached-59687c864d-cs925,container_memory_working_set_bytes,1945600.0
1739285610,mcnode19.social-graph-mongodb-55df767ff5-btmlt,container_memory_working_set_bytes,59146240.0
1739285610,mcnode19.jaeger-67997f9775-4vfpk,container_memory_working_set_bytes,204800.0
1739285610,mcnode19.media-memcached-7889bdfdfb-8kfqd,container_memory_working_set_bytes,1921024.0
1739285610,mcnode19.user-timeline-redis-67cc95bc57-tvbsv,container_memory_working_set_bytes,2834432.0
1739285610,mcnode19.home-timeline-redis-6c6647df6f-kxwd7,container_memory_working_set_bytes,2838528.0
1739285610,mcnode19.media-memcached-7889bdfdfb-8kfqd,container_memory_working_set_bytes,200704.0
1739285610,mcnode19.url-shorten-memcached-6546746864-fwgsl,container_memory_working_set_bytes,204800.0
1739285610,mcnode19.text-service-fff64b8bf-8xjtr,container_memory_working_set_bytes,1265664.0
1739285610,mcnode19.unique-id-service-694497b678-mdr5g,container_memory_working_set_bytes,1273856.0
1739285610,mcnode19.user-service-547b88cd8f-ckrf5,container_memory_working_set_bytes,208896.0
1739285610,mcnode19.jaeger-67997f9775-4vfpk,container_memory_working_set_bytes,9351168.0
1739285610,mcnode19.user-memcached-59687c864d-cs925,container_memory_working_set_bytes,204800.0
1739285610,mcnode19.post-storage-memcached-6b75788fc6-92vl7,container_memory_working_set_bytes,200704.0
1739285610,mcnode19.post-storage-mongodb-5579669d8c-thwth,container_memory_working_set_bytes,200704.0
1739285610,mcnode19.social-graph-service-677dbc655c-gbgnr,container_memory_working_set_bytes,208896.0
1739285610,mcnode19.social-graph-service-677dbc655c-gbgnr,container_memory_working_set_bytes,1814528.0
1739285610,mcnode19.media-frontend-6b66b95ff4-42gfw,container_memory_working_set_bytes,204800.0
1739285610,mcnode19.nginx-thrift-79478f9bf5-f9xwm,container_memory_working_set_bytes,200704.0
1739285610,mcnode19.user-timeline-mongodb-6758898d48-8pxfm,container_memory_working_set_bytes,59068416.0
1739285610,mcnode19.media-mongodb-7b64c59567-zch5l,container_memory_working_set_bytes,58589184.0
1739285610,mcnode19.nginx-thrift-79478f9bf5-f9xwm,container_memory_working_set_bytes,11931648.0
1739285610,mcnode19.social-graph-service-677dbc655c-gbgnr,container_memory_working_set_bytes,1556480.0
1739285610,mcnode19.user-mention-service-5c4f566c5-f44t2,container_memory_working_set_bytes,1695744.0
1739285610,mcnode19.home-timeline-service-5754ffbc6d-9mv6t,container_memory_working_set_bytes,1040384.0
1739285610,mcnode19.social-graph-redis-5bbd5b7458-z2trh,container_memory_working_set_bytes,2592768.0
1739285610,mcnode19.url-shorten-memcached-6546746864-fwgsl,container_memory_working_set_bytes,1662976.0
1739285610,mcnode19.compose-post-service-f587bf89d-wxzgx,container_memory_working_set_bytes,1015808.0
1739285610,mcnode19.post-storage-memcached-6b75788fc6-92vl7,container_memory_working_set_bytes,1687552.0
1739285610,mcnode19.user-service-547b88cd8f-ckrf5,container_memory_working_set_bytes,1806336.0
1739285610,mcnode19.jaeger-67997f9775-4vfpk,container_memory_working_set_bytes,9097216.0
1739285610,mcnode19.user-timeline-service-664c7f6696-khsj2,container_memory_working_set_bytes,1560576.0
1739285610,mcnode19.post-storage-mongodb-5579669d8c-thwth,container_memory_working_set_bytes,58867712.0
1739285610,mcnode19.media-mongodb-7b64c59567-zch5l,container_memory_working_set_bytes,208896.0
1739285610,mcnode19.user-memcached-59687c864d-cs925,container_memory_working_set_bytes,1691648.0
1739285610,mcnode19.post-storage-service-66c9966f5f-n8b8r,container_memory_working_set_bytes,1806336.0
1739285610,mcnode19.home-timeline-redis-6c6647df6f-kxwd7,container_memory_working_set_bytes,200704.0
1739285610,mcnode19.media-frontend-6b66b95ff4-42gfw,container_memory_working_set_bytes,10563584.0
1739285610,mcnode19.media-mongodb-7b64c59567-zch5l,container_memory_working_set_bytes,58331136.0
1739285610,mcnode19.media-service-6c665c775d-g4kpq,container_memory_working_set_bytes,1036288.0
1739285610,mcnode19.social-graph-mongodb-55df767ff5-btmlt,container_memory_working_set_bytes,58892288.0
1739285610,mcnode19.unique-id-service-694497b678-mdr5g,container_memory_working_set_bytes,1015808.0
1739285610,mcnode19.post-storage-service-66c9966f5f-n8b8r,container_memory_working_set_bytes,204800.0
1739285610,mcnode19.home-timeline-redis-6c6647df6f-kxwd7,container_memory_working_set_bytes,2588672.0
1739285610,mcnode19.user-mongodb-7745bbd78-67j8r,container_memory_working_set_bytes,58847232.0
1739285610,mcnode19.media-memcached-7889bdfdfb-8kfqd,container_memory_working_set_bytes,1671168.0
1739285610,mcnode19.user-timeline-mongodb-6758898d48-8pxfm,container_memory_working_set_bytes,59318272.0
1739285610,mcnode19.post-storage-service-66c9966f5f-n8b8r,container_memory_working_set_bytes,2060288.0
1739285610,mcnode19.text-service-fff64b8bf-8xjtr,container_memory_working_set_bytes,1011712.0
1739285610,mcnode19.user-timeline-redis-67cc95bc57-tvbsv,container_memory_working_set_bytes,2584576.0
1739285625,mcnode19.home-timeline-redis-6c6647df6f-kxwd7,container_memory_working_set_bytes,2838528.0
1739285625,mcnode19.home-timeline-service-5754ffbc6d-9mv6t,container_memory_working_set_bytes,1040384.0
1739285625,mcnode19.user-timeline-service-664c7f6696-khsj2,container_memory_working_set_bytes,1818624.0
1739285625,mcnode19.user-service-547b88cd8f-ckrf5,container_memory_working_set_bytes,208896.0
1739285625,mcnode19.user-mention-service-5c4f566c5-f44t2,container_memory_working_set_bytes,1949696.0
1739285625,mcnode19.compose-post-service-f587bf89d-wxzgx,container_memory_working_set_bytes,204800.0
1739285625,mcnode19.post-storage-memcached-6b75788fc6-92vl7,container_memory_working_set_bytes,200704.0
1739285625,mcnode19.post-storage-memcached-6b75788fc6-92vl7,container_memory_working_set_bytes,1687552.0
1739285625,mcnode19.text-service-fff64b8bf-8xjtr,container_memory_working_set_bytes,1011712.0
1739285625,mcnode19.user-timeline-redis-67cc95bc57-tvbsv,container_memory_working_set_bytes,2584576.0
1739285625,mcnode19.post-storage-service-66c9966f5f-n8b8r,container_memory_working_set_bytes,2060288.0
1739285625,mcnode19.home-timeline-redis-6c6647df6f-kxwd7,container_memory_working_set_bytes,200704.0
1739285625,mcnode19.user-timeline-redis-67cc95bc57-tvbsv,container_memory_working_set_bytes,200704.0
1739285625,mcnode19.media-service-6c665c775d-g4kpq,container_memory_working_set_bytes,1290240.0
1739285625,mcnode19.media-mongodb-7b64c59567-zch5l,container_memory_working_set_bytes,58589184.0
1739285625,mcnode19.post-storage-mongodb-5579669d8c-thwth,container_memory_working_set_bytes,200704.0
1739285625,mcnode19.post-storage-service-66c9966f5f-n8b8r,container_memory_working_set_bytes,1806336.0
1739285625,mcnode19.media-service-6c665c775d-g4kpq,container_memory_working_set_bytes,204800.0
1739285625,mcnode19.user-timeline-service-664c7f6696-khsj2,container_memory_working_set_bytes,208896.0
1739285625,mcnode19.post-storage-service-66c9966f5f-n8b8r,container_memory_working_set_bytes,204800.0
1739285625,mcnode19.text-service-fff64b8bf-8xjtr,container_memory_working_set_bytes,1265664.0
1739285625,mcnode19.media-memcached-7889bdfdfb-8kfqd,container_memory_working_set_bytes,1671168.0
1739285625,mcnode19.jaeger-67997f9775-4vfpk,container_memory_working_set_bytes,9351168.0
1739285625,mcnode19.user-memcached-59687c864d-cs925,container_memory_working_set_bytes,1691648.0
1739285625,mcnode19.user-memcached-59687c864d-cs925,container_memory_working_set_bytes,204800.0
1739285625,mcnode19.jaeger-67997f9775-4vfpk,container_memory_working_set_bytes,9097216.0
1739285625,mcnode19.social-graph-redis-5bbd5b7458-z2trh,container_memory_working_set_bytes,2846720.0
1739285625,mcnode19.jaeger-67997f9775-4vfpk,container_memory_working_set_bytes,204800.0
1739285625,mcnode19.media-frontend-6b66b95ff4-42gfw,container_memory_working_set_bytes,204800.0
1739285625,mcnode19.nginx-thrift-79478f9bf5-f9xwm,container_memory_working_set_bytes,62767104.0
1739285625,mcnode19.url-shorten-memcached-6546746864-fwgsl,container_memory_working_set_bytes,1916928.0
1739285625,mcnode19.social-graph-redis-5bbd5b7458-z2trh,container_memory_working_set_bytes,2592768.0
1739285625,mcnode19.post-storage-mongodb-5579669d8c-thwth,container_memory_working_set_bytes,59117568.0
1739285625,mcnode19.social-graph-service-677dbc655c-gbgnr,container_memory_working_set_bytes,1556480.0
1739285625,mcnode19.user-mention-service-5c4f566c5-f44t2,container_memory_working_set_bytes,1695744.0
1739285625,mcnode19.media-memcached-7889bdfdfb-8kfqd,container_memory_working_set_bytes,200704.0
1739285625,mcnode19.home-timeline-redis-6c6647df6f-kxwd7,container_memory_working_set_bytes,2588672.0
1739285625,mcnode19.user-timeline-redis-67cc95bc57-tvbsv,container_memory_working_set_bytes,2834432.0
1739285625,mcnode19.user-memcached-59687c864d-cs925,container_memory_working_set_bytes,1945600.0
1739285625,mcnode19.url-shorten-memcached-6546746864-fwgsl,container_memory_working_set_bytes,1662976.0
1739285625,mcnode19.text-service-fff64b8bf-8xjtr,container_memory_working_set_bytes,204800.0
1739285625,mcnode19.compose-post-service-f587bf89d-wxzgx,container_memory_working_set_bytes,1015808.0
1739285625,mcnode19.unique-id-service-694497b678-mdr5g,container_memory_working_set_bytes,208896.0
1739285625,mcnode19.user-mongodb-7745bbd78-67j8r,container_memory_working_set_bytes,58847232.0
1739285625,mcnode19.user-mongodb-7745bbd78-67j8r,container_memory_working_set_bytes,59097088.0
1739285625,mcnode19.user-timeline-service-664c7f6696-khsj2,container_memory_working_set_bytes,1560576.0
1739285625,mcnode19.post-storage-mongodb-5579669d8c-thwth,container_memory_working_set_bytes,58867712.0
1739285625,mcnode19.social-graph-service-677dbc655c-gbgnr,container_memory_working_set_bytes,1814528.0
1739285625,mcnode19.user-timeline-mongodb-6758898d48-8pxfm,container_memory_working_set_bytes,200704.0
1739285625,mcnode19.social-graph-mongodb-55df767ff5-btmlt,container_memory_working_set_bytes,58892288.0
1739285625,mcnode19.user-mongodb-7745bbd78-67j8r,container_memory_working_set_bytes,204800.0
1739285625,mcnode19.media-service-6c665c775d-g4kpq,container_memory_working_set_bytes,1036288.0
1739285625,mcnode19.media-frontend-6b66b95ff4-42gfw,container_memory_working_set_bytes,10563584.0
1739285625,mcnode19.user-timeline-mongodb-6758898d48-8pxfm,container_memory_working_set_bytes,59318272.0
1739285625,mcnode19.compose-post-service-f587bf89d-wxzgx,container_memory_working_set_bytes,1269760.0
1739285625,mcnode19.unique-id-service-694497b678-mdr5g,container_memory_working_set_bytes,1015808.0
1739285625,mcnode19.home-timeline-service-5754ffbc6d-9mv6t,container_memory_working_set_bytes,1294336.0
1739285625,mcnode19.user-service-547b88cd8f-ckrf5,container_memory_working_set_bytes,1806336.0
1739285625,mcnode19.home-timeline-service-5754ffbc6d-9mv6t,container_memory_working_set_bytes,204800.0
1739285625,mcnode19.url-shorten-memcached-6546746864-fwgsl,container_memory_working_set_bytes,204800.0
1739285625,mcnode19.post-storage-memcached-6b75788fc6-92vl7,container_memory_working_set_bytes,1937408.0
1739285625,mcnode19.social-graph-mongodb-55df767ff5-btmlt,container_memory_working_set_bytes,59146240.0
1739285625,mcnode19.media-mongodb-7b64c59567-zch5l,container_memory_working_set_bytes,208896.0
1739285625,mcnode19.user-timeline-mongodb-6758898d48-8pxfm,container_memory_working_set_bytes,59068416.0
1739285625,mcnode19.nginx-thrift-79478f9bf5-f9xwm,container_memory_working_set_bytes,200704.0
1739285625,mcnode19.media-frontend-6b66b95ff4-42gfw,container_memory_working_set_bytes,10842112.0
1739285625,mcnode19.media-mongodb-7b64c59567-zch5l,container_memory_working_set_bytes,58331136.0
1739285625,mcnode19.social-graph-service-677dbc655c-gbgnr,container_memory_working_set_bytes,208896.0
1739285625,mcnode19.user-service-547b88cd8f-ckrf5,container_memory_working_set_bytes,2064384.0
1739285625,mcnode19.nginx-thrift-79478f9bf5-f9xwm,container_memory_working_set_bytes,11931648.0
1739285625,mcnode19.social-graph-redis-5bbd5b7458-z2trh,container_memory_working_set_bytes,204800.0
1739285625,mcnode19.unique-id-service-694497b678-mdr5g,container_memory_working_set_bytes,1273856.0
1739285625,mcnode19.media-memcached-7889bdfdfb-8kfqd,container_memory_working_set_bytes,1921024.0
1739285625,mcnode19.user-mention-service-5c4f566c5-f44t2,container_memory_working_set_bytes,204800.0
1739285625,mcnode19.social-graph-mongodb-55df767ff5-btmlt,container_memory_working_set_bytes,204800.0
1739285640,mcnode19.media-memcached-7889bdfdfb-8kfqd,container_memory_working_set_bytes,1671168.0
1739285640,mcnode19.user-timeline-service-664c7f6696-khsj2,container_memory_working_set_bytes,208896.0
1739285640,mcnode19.social-graph-service-677dbc655c-gbgnr,container_memory_working_set_bytes,208896.0
1739285640,mcnode19.user-timeline-redis-67cc95bc57-tvbsv,container_memory_working_set_bytes,2584576.0
1739285640,mcnode19.social-graph-mongodb-55df767ff5-btmlt,container_memory_working_set_bytes,59146240.0
1739285640,mcnode19.user-timeline-redis-67cc95bc57-tvbsv,container_memory_working_set_bytes,2834432.0
1739285640,mcnode19.post-storage-mongodb-5579669d8c-thwth,container_memory_working_set_bytes,200704.0
1739285640,mcnode19.compose-post-service-f587bf89d-wxzgx,container_memory_working_set_bytes,1269760.0
1739285640,mcnode19.media-mongodb-7b64c59567-zch5l,container_memory_working_set_bytes,58331136.0
1739285640,mcnode19.user-memcached-59687c864d-cs925,container_memory_working_set_bytes,204800.0
1739285640,mcnode19.user-memcached-59687c864d-cs925,container_memory_working_set_bytes,1945600.0
1739285640,mcnode19.user-mention-service-5c4f566c5-f44t2,container_memory_working_set_bytes,1695744.0
1739285640,mcnode19.nginx-thrift-79478f9bf5-f9xwm,container_memory_working_set_bytes,200704.0
1739285640,mcnode19.user-timeline-service-664c7f6696-khsj2,container_memory_working_set_bytes,1560576.0
1739285640,mcnode19.post-storage-service-66c9966f5f-n8b8r,container_memory_working_set_bytes,2060288.0
1739285640,mcnode19.social-graph-mongodb-55df767ff5-btmlt,container_memory_working_set_bytes,58892288.0
1739285640,mcnode19.nginx-thrift-79478f9bf5-f9xwm,container_memory_working_set_bytes,62767104.0
1739285640,mcnode19.social-graph-mongodb-55df767ff5-btmlt,container_memory_working_set_bytes,204800.0
1739285640,mcnode19.user-timeline-redis-67cc95bc57-tvbsv,container_memory_working_set_bytes,200704.0
1739285640,mcnode19.social-graph-service-677dbc655c-gbgnr,container_memory_working_set_bytes,1814528.0
1739285640,mcnode19.user-timeline-service-664c7f6696-khsj2,container_memory_working_set_bytes,1818624.0
1739285640,mcnode19.compose-post-service-f587bf89d-wxzgx,container_memory_working_set_bytes,204800.0
1739285640,mcnode19.user-mongodb-7745bbd78-67j8r,container_memory_working_set_bytes,58847232.0
1739285640,mcnode19.media-frontend-6b66b95ff4-42gfw,container_memory_working_set_bytes,204800.0
1739285640,mcnode19.nginx-thrift-79478f9bf5-f9xwm,container_memory_working_set_bytes,11931648.0
1739285640,mcnode19.media-service-6c665c775d-g4kpq,container_memory_working_set_bytes,1290240.0
1739285640,mcnode19.home-timeline-redis-6c6647df6f-kxwd7,container_memory_working_set_bytes,2838528.0
1739285640,mcnode19.post-storage-memcached-6b75788fc6-92vl7,container_memory_working_set_bytes,1687552.0
1739285640,mcnode19.user-service-547b88cd8f-ckrf5,container_memory_working_set_bytes,208896.0
1739285640,mcnode19.user-timeline-mongodb-6758898d48-8pxfm,container_memory_working_set_bytes,200704.0
1739285640,mcnode19.text-service-fff64b8bf-8xjtr,container_memory_working_set_bytes,1011712.0
1739285640,mcnode19.media-memcached-7889bdfdfb-8kfqd,container_memory_working_set_bytes,200704.0
1739285640,mcnode19.home-timeline-redis-6c6647df6f-kxwd7,container_memory_working_set_bytes,2588672.0
1739285640,mcnode19.user-mention-service-5c4f566c5-f44t2,container_memory_working_set_bytes,204800.0
1739285640,mcnode19.social-graph-redis-5bbd5b7458-z2trh,container_memory_working_set_bytes,2592768.0
1739285640,mcnode19.social-graph-redis-5bbd5b7458-z2trh,container_memory_working_set_bytes,204800.0
1739285640,mcnode19.compose-post-service-f587bf89d-wxzgx,container_memory_working_set_bytes,1015808.0
1739285640,mcnode19.home-timeline-redis-6c6647df6f-kxwd7,container_memory_working_set_bytes,200704.0
1739285640,mcnode19.unique-id-service-694497b678-mdr5g,container_memory_working_set_bytes,1273856.0
1739285640,mcnode19.media-frontend-6b66b95ff4-42gfw,container_memory_working_set_bytes,10842112.0
1739285640,mcnode19.user-service-547b88cd8f-ckrf5,container_memory_working_set_bytes,2064384.0
1739285640,mcnode19.user-mongodb-7745bbd78-67j8r,container_memory_working_set_bytes,59097088.0
1739285640,mcnode19.text-service-fff64b8bf-8xjtr,container_memory_working_set_bytes,204800.0
1739285640,mcnode19.unique-id-service-694497b678-mdr5g,container_memory_working_set_bytes,208896.0
1739285640,mcnode19.post-storage-memcached-6b75788fc6-92vl7,container_memory_working_set_bytes,1937408.0
1739285640,mcnode19.media-memcached-7889bdfdfb-8kfqd,container_memory_working_set_bytes,1921024.0
1739285640,mcnode19.media-mongodb-7b64c59567-zch5l,container_memory_working_set_bytes,208896.0
1739285640,mcnode19.url-shorten-memcached-6546746864-fwgsl,container_memory_working_set_bytes,1662976.0
1739285640,mcnode19.user-timeline-mongodb-6758898d48-8pxfm,container_memory_working_set_bytes,59068416.0
1739285640,mcnode19.home-timeline-service-5754ffbc6d-9mv6t,container_memory_working_set_bytes,1040384.0
1739285640,mcnode19.user-mention-service-5c4f566c5-f44t2,container_memory_working_set_bytes,1949696.0
1739285640,mcnode19.home-timeline-service-5754ffbc6d-9mv6t,container_memory_working_set_bytes,204800.0
1739285640,mcnode19.post-storage-service-66c9966f5f-n8b8r,container_memory_working_set_bytes,1806336.0
1739285640,mcnode19.media-service-6c665c775d-g4kpq,container_memory_working_set_bytes,204800.0
1739285640,mcnode19.user-service-547b88cd8f-ckrf5,container_memory_working_set_bytes,1806336.0
1739285640,mcnode19.unique-id-service-694497b678-mdr5g,container_memory_working_set_bytes,1015808.0
1739285640,mcnode19.jaeger-67997f9775-4vfpk,container_memory_working_set_bytes,9097216.0
1739285640,mcnode19.post-storage-service-66c9966f5f-n8b8r,container_memory_working_set_bytes,204800.0
1739285640,mcnode19.text-service-fff64b8bf-8xjtr,container_memory_working_set_bytes,1265664.0
1739285640,mcnode19.user-memcached-59687c864d-cs925,container_memory_working_set_bytes,1691648.0
1739285640,mcnode19.home-timeline-service-5754ffbc6d-9mv6t,container_memory_working_set_bytes,1294336.0
1739285640,mcnode19.social-graph-service-677dbc655c-gbgnr,container_memory_working_set_bytes,1556480.0
1739285640,mcnode19.jaeger-67997f9775-4vfpk,container_memory_working_set_bytes,9351168.0
1739285640,mcnode19.url-shorten-memcached-6546746864-fwgsl,container_memory_working_set_bytes,204800.0
1739285640,mcnode19.media-frontend-6b66b95ff4-42gfw,container_memory_working_set_bytes,10563584.0
1739285640,mcnode19.jaeger-67997f9775-4vfpk,container_memory_working_set_bytes,204800.0
1739285640,mcnode19.social-graph-redis-5bbd5b7458-z2trh,container_memory_working_set_bytes,2846720.0
1739285640,mcnode19.post-storage-memcached-6b75788fc6-92vl7,container_memory_working_set_bytes,200704.0
1739285640,mcnode19.media-service-6c665c775d-g4kpq,container_memory_working_set_bytes,1036288.0
1739285640,mcnode19.url-shorten-memcached-6546746864-fwgsl,container_memory_working_set_bytes,1916928.0
1739285640,mcnode19.post-storage-mongodb-5579669d8c-thwth,container_memory_working_set_bytes,58867712.0
1739285640,mcnode19.user-mongodb-7745bbd78-67j8r,container_memory_working_set_bytes,204800.0
1739285640,mcnode19.post-storage-mongodb-5579669d8c-thwth,container_memory_working_set_bytes,59117568.0
1739285640,mcnode19.media-mongodb-7b64c59567-zch5l,container_memory_working_set_bytes,58589184.0
1739285640,mcnode19.user-timeline-mongodb-6758898d48-8pxfm,container_memory_working_set_bytes,59318272.0
1739285655,mcnode19.text-service-fff64b8bf-8xjtr,container_memory_working_set_bytes,204800.0
1739285655,mcnode19.url-shorten-memcached-6546746864-fwgsl,container_memory_working_set_bytes,204800.0
1739285655,mcnode19.post-storage-mongodb-5579669d8c-thwth,container_memory_working_set_bytes,59138048.0
1739285655,mcnode19.post-storage-service-66c9966f5f-n8b8r,container_memory_working_set_bytes,1806336.0
1739285655,mcnode19.social-graph-mongodb-55df767ff5-btmlt,container_memory_working_set_bytes,204800.0
1739285655,mcnode19.social-graph-mongodb-55df767ff5-btmlt,container_memory_working_set_bytes,59629568.0
1739285655,mcnode19.home-timeline-redis-6c6647df6f-kxwd7,container_memory_working_set_bytes,200704.0
1739285655,mcnode19.user-mongodb-7745bbd78-67j8r,container_memory_working_set_bytes,59232256.0
1739285655,mcnode19.nginx-thrift-79478f9bf5-f9xwm,container_memory_working_set_bytes,11931648.0
1739285655,mcnode19.text-service-fff64b8bf-8xjtr,container_memory_working_set_bytes,1265664.0
1739285655,mcnode19.post-storage-memcached-6b75788fc6-92vl7,container_memory_working_set_bytes,200704.0
1739285655,mcnode19.user-timeline-redis-67cc95bc57-tvbsv,container_memory_working_set_bytes,200704.0
1739285655,mcnode19.compose-post-service-f587bf89d-wxzgx,container_memory_working_set_bytes,204800.0
1739285655,mcnode19.post-storage-memcached-6b75788fc6-92vl7,container_memory_working_set_bytes,1687552.0
1739285655,mcnode19.user-timeline-mongodb-6758898d48-8pxfm,container_memory_working_set_bytes,59346944.0
1739285655,mcnode19.user-timeline-redis-67cc95bc57-tvbsv,container_memory_working_set_bytes,2584576.0
1739285655,mcnode19.media-frontend-6b66b95ff4-42gfw,container_memory_working_set_bytes,204800.0
1739285655,mcnode19.post-storage-memcached-6b75788fc6-92vl7,container_memory_working_set_bytes,1937408.0
1739285655,mcnode19.home-timeline-service-5754ffbc6d-9mv6t,container_memory_working_set_bytes,204800.0
1739285655,mcnode19.url-shorten-memcached-6546746864-fwgsl,container_memory_working_set_bytes,1916928.0
1739285655,mcnode19.media-frontend-6b66b95ff4-42gfw,container_memory_working_set_bytes,27430912.0
1739285655,mcnode19.media-memcached-7889bdfdfb-8kfqd,container_memory_working_set_bytes,1671168.0
1739285655,mcnode19.compose-post-service-f587bf89d-wxzgx,container_memory_working_set_bytes,1269760.0
1739285655,mcnode19.url-shorten-memcached-6546746864-fwgsl,container_memory_working_set_bytes,1662976.0
1739285655,mcnode19.media-mongodb-7b64c59567-zch5l,container_memory_working_set_bytes,208896.0
1739285655,mcnode19.media-service-6c665c775d-g4kpq,container_memory_working_set_bytes,204800.0
1739285655,mcnode19.jaeger-67997f9775-4vfpk,container_memory_working_set_bytes,9097216.0
1739285655,mcnode19.post-storage-service-66c9966f5f-n8b8r,container_memory_working_set_bytes,204800.0
1739285655,mcnode19.user-memcached-59687c864d-cs925,container_memory_working_set_bytes,1691648.0
1739285655,mcnode19.jaeger-67997f9775-4vfpk,container_memory_working_set_bytes,9347072.0
1739285655,mcnode19.post-storage-mongodb-5579669d8c-thwth,container_memory_working_set_bytes,59387904.0
1739285655,mcnode19.social-graph-redis-5bbd5b7458-z2trh,container_memory_working_set_bytes,2846720.0
1739285655,mcnode19.media-service-6c665c775d-g4kpq,container_memory_working_set_bytes,1036288.0
1739285655,mcnode19.media-service-6c665c775d-g4kpq,container_memory_working_set_bytes,1290240.0
1739285655,mcnode19.compose-post-service-f587bf89d-wxzgx,container_memory_working_set_bytes,1015808.0
1739285655,mcnode19.jaeger-67997f9775-4vfpk,container_memory_working_set_bytes,204800.0
1739285655,mcnode19.media-mongodb-7b64c59567-zch5l,container_memory_working_set_bytes,58884096.0
1739285655,mcnode19.home-timeline-service-5754ffbc6d-9mv6t,container_memory_working_set_bytes,1040384.0
1739285655,mcnode19.user-mention-service-5c4f566c5-f44t2,container_memory_working_set_bytes,1949696.0
1739285655,mcnode19.social-graph-service-677dbc655c-gbgnr,container_memory_working_set_bytes,1556480.0
1739285655,mcnode19.user-service-547b88cd8f-ckrf5,container_memory_working_set_bytes,208896.0
1739285655,mcnode19.home-timeline-redis-6c6647df6f-kxwd7,container_memory_working_set_bytes,2588672.0
1739285655,mcnode19.media-memcached-7889bdfdfb-8kfqd,container_memory_working_set_bytes,200704.0
1739285655,mcnode19.text-service-fff64b8bf-8xjtr,container_memory_working_set_bytes,1011712.0
1739285655,mcnode19.user-mention-service-5c4f566c5-f44t2,container_memory_working_set_bytes,204800.0
1739285655,mcnode19.social-graph-redis-5bbd5b7458-z2trh,container_memory_working_set_bytes,204800.0
1739285655,mcnode19.home-timeline-redis-6c6647df6f-kxwd7,container_memory_working_set_bytes,2838528.0
1739285655,mcnode19.media-memcached-7889bdfdfb-8kfqd,container_memory_working_set_bytes,1921024.0
1739285655,mcnode19.user-service-547b88cd8f-ckrf5,container_memory_working_set_bytes,2064384.0
1739285655,mcnode19.social-graph-redis-5bbd5b7458-z2trh,container_memory_working_set_bytes,2592768.0
1739285655,mcnode19.user-timeline-service-664c7f6696-khsj2,container_memory_working_set_bytes,208896.0
1739285655,mcnode19.user-timeline-service-664c7f6696-khsj2,container_memory_working_set_bytes,1560576.0
1739285655,mcnode19.social-graph-mongodb-55df767ff5-btmlt,container_memory_working_set_bytes,59244544.0
1739285655,mcnode19.social-graph-service-677dbc655c-gbgnr,container_memory_working_set_bytes,1814528.0
1739285655,mcnode19.unique-id-service-694497b678-mdr5g,container_memory_working_set_bytes,1015808.0
1739285655,mcnode19.user-memcached-59687c864d-cs925,container_memory_working_set_bytes,1945600.0
1739285655,mcnode19.home-timeline-service-5754ffbc6d-9mv6t,container_memory_working_set_bytes,1294336.0
1739285655,mcnode19.user-timeline-mongodb-6758898d48-8pxfm,container_memory_working_set_bytes,59600896.0
1739285655,mcnode19.media-mongodb-7b64c59567-zch5l,container_memory_working_set_bytes,58626048.0
1739285655,mcnode19.media-frontend-6b66b95ff4-42gfw,container_memory_working_set_bytes,27062272.0
1739285655,mcnode19.user-timeline-mongodb-6758898d48-8pxfm,container_memory_working_set_bytes,200704.0
1739285655,mcnode19.post-storage-mongodb-5579669d8c-thwth,container_memory_working_set_bytes,200704.0
1739285655,mcnode19.nginx-thrift-79478f9bf5-f9xwm,container_memory_working_set_bytes,200704.0
1739285655,mcnode19.user-timeline-redis-67cc95bc57-tvbsv,container_memory_working_set_bytes,2834432.0
1739285655,mcnode19.user-mention-service-5c4f566c5-f44t2,container_memory_working_set_bytes,1695744.0
1739285655,mcnode19.user-timeline-service-664c7f6696-khsj2,container_memory_working_set_bytes,1818624.0
1739285655,mcnode19.user-mongodb-7745bbd78-67j8r,container_memory_working_set_bytes,59482112.0
1739285655,mcnode19.nginx-thrift-79478f9bf5-f9xwm,container_memory_working_set_bytes,62767104.0
1739285655,mcnode19.post-storage-service-66c9966f5f-n8b8r,container_memory_working_set_bytes,2060288.0
1739285655,mcnode19.user-memcached-59687c864d-cs925,container_memory_working_set_bytes,204800.0
1739285655,mcnode19.user-mongodb-7745bbd78-67j8r,container_memory_working_set_bytes,204800.0
1739285655,mcnode19.user-service-547b88cd8f-ckrf5,container_memory_working_set_bytes,1806336.0
1739285655,mcnode19.unique-id-service-694497b678-mdr5g,container_memory_working_set_bytes,208896.0
1739285655,mcnode19.social-graph-service-677dbc655c-gbgnr,container_memory_working_set_bytes,208896.0
1739285655,mcnode19.unique-id-service-694497b678-mdr5g,container_memory_working_set_bytes,1273856.0
1739285670,mcnode19.user-mongodb-7745bbd78-67j8r,container_memory_working_set_bytes,59482112.0
1739285670,mcnode19.url-shorten-memcached-6546746864-fwgsl,container_memory_working_set_bytes,1662976.0
1739285670,mcnode19.unique-id-service-694497b678-mdr5g,container_memory_working_set_bytes,1015808.0
1739285670,mcnode19.text-service-fff64b8bf-8xjtr,container_memory_working_set_bytes,1011712.0
1739285670,mcnode19.user-mongodb-7745bbd78-67j8r,container_memory_working_set_bytes,204800.0
1739285670,mcnode19.text-service-fff64b8bf-8xjtr,container_memory_working_set_bytes,1265664.0
1739285670,mcnode19.social-graph-redis-5bbd5b7458-z2trh,container_memory_working_set_bytes,204800.0
1739285670,mcnode19.user-timeline-redis-67cc95bc57-tvbsv,container_memory_working_set_bytes,200704.0
1739285670,mcnode19.social-graph-mongodb-55df767ff5-btmlt,container_memory_working_set_bytes,59244544.0
1739285670,mcnode19.user-memcached-59687c864d-cs925,container_memory_working_set_bytes,1945600.0
1739285670,mcnode19.home-timeline-service-5754ffbc6d-9mv6t,container_memory_working_set_bytes,204800.0
1739285670,mcnode19.user-timeline-redis-67cc95bc57-tvbsv,container_memory_working_set_bytes,2834432.0
1739285670,mcnode19.media-frontend-6b66b95ff4-42gfw,container_memory_working_set_bytes,204800.0
1739285670,mcnode19.user-mention-service-5c4f566c5-f44t2,container_memory_working_set_bytes,1695744.0
1739285670,mcnode19.post-storage-mongodb-5579669d8c-thwth,container_memory_working_set_bytes,200704.0
1739285670,mcnode19.user-memcached-59687c864d-cs925,container_memory_working_set_bytes,204800.0
1739285670,mcnode19.user-mongodb-7745bbd78-67j8r,container_memory_working_set_bytes,59232256.0
1739285670,mcnode19.post-storage-service-66c9966f5f-n8b8r,container_memory_working_set_bytes,1806336.0
1739285670,mcnode19.social-graph-redis-5bbd5b7458-z2trh,container_memory_working_set_bytes,2592768.0
1739285670,mcnode19.post-storage-mongodb-5579669d8c-thwth,container_memory_working_set_bytes,59387904.0
1739285670,mcnode19.user-memcached-59687c864d-cs925,container_memory_working_set_bytes,1691648.0
1739285670,mcnode19.social-graph-redis-5bbd5b7458-z2trh,container_memory_working_set_bytes,2846720.0
1739285670,mcnode19.social-graph-service-677dbc655c-gbgnr,container_memory_working_set_bytes,1556480.0
1739285670,mcnode19.media-frontend-6b66b95ff4-42gfw,container_memory_working_set_bytes,27430912.0
1739285670,mcnode19.user-service-547b88cd8f-ckrf5,container_memory_working_set_bytes,2064384.0
1739285670,mcnode19.user-service-547b88cd8f-ckrf5,container_memory_working_set_bytes,1806336.0
1739285670,mcnode19.user-service-547b88cd8f-ckrf5,container_memory_working_set_bytes,208896.0
1739285670,mcnode19.nginx-thrift-79478f9bf5-f9xwm,container_memory_working_set_bytes,200704.0
1739285670,mcnode19.user-timeline-redis-67cc95bc57-tvbsv,container_memory_working_set_bytes,2584576.0
1739285670,mcnode19.jaeger-67997f9775-4vfpk,container_memory_working_set_bytes,204800.0
1739285670,mcnode19.media-service-6c665c775d-g4kpq,container_memory_working_set_bytes,1290240.0
1739285670,mcnode19.home-timeline-redis-6c6647df6f-kxwd7,container_memory_working_set_bytes,200704.0
1739285670,mcnode19.social-graph-mongodb-55df767ff5-btmlt,container_memory_working_set_bytes,204800.0
1739285670,mcnode19.jaeger-67997f9775-4vfpk,container_memory_working_set_bytes,9347072.0
1739285670,mcnode19.post-storage-service-66c9966f5f-n8b8r,container_memory_working_set_bytes,204800.0
1739285670,mcnode19.media-service-6c665c775d-g4kpq,container_memory_working_set_bytes,204800.0
1739285670,mcnode19.media-service-6c665c775d-g4kpq,container_memory_working_set_bytes,1036288.0
1739285670,mcnode19.compose-post-service-f587bf89d-wxzgx,container_memory_working_set_bytes,1269760.0
1739285670,mcnode19.user-timeline-service-664c7f6696-khsj2,container_memory_working_set_bytes,1560576.0
1739285670,mcnode19.social-graph-service-677dbc655c-gbgnr,container_memory_working_set_bytes,1814528.0
1739285670,mcnode19.jaeger-67997f9775-4vfpk,container_memory_working_set_bytes,9097216.0
1739285670,mcnode19.unique-id-service-694497b678-mdr5g,container_memory_working_set_bytes,208896.0
1739285670,mcnode19.media-mongodb-7b64c59567-zch5l,container_memory_working_set_bytes,58626048.0
1739285670,mcnode19.media-memcached-7889bdfdfb-8kfqd,container_memory_working_set_bytes,1921024.0
1739285670,mcnode19.user-timeline-service-664c7f6696-khsj2,container_memory_working_set_bytes,208896.0
1739285670,mcnode19.social-graph-service-677dbc655c-gbgnr,container_memory_working_set_bytes,208896.0
1739285670,mcnode19.media-memcached-7889bdfdfb-8kfqd,container_memory_working_set_bytes,1671168.0
1739285670,mcnode19.text-service-fff64b8bf-8xjtr,container_memory_working_set_bytes,204800.0
1739285670,mcnode19.home-timeline-redis-6c6647df6f-kxwd7,container_memory_working_set_bytes,2838528.0
1739285670,mcnode19.compose-post-service-f587bf89d-wxzgx,container_memory_working_set_bytes,1015808.0
1739285670,mcnode19.post-storage-service-66c9966f5f-n8b8r,container_memory_working_set_bytes,2060288.0
1739285670,mcnode19.user-timeline-service-664c7f6696-khsj2,container_memory_working_set_bytes,1818624.0
1739285670,mcnode19.nginx-thrift-79478f9bf5-f9xwm,container_memory_working_set_bytes,62767104.0
1739285670,mcnode19.compose-post-service-f587bf89d-wxzgx,container_memory_working_set_bytes,204800.0
1739285670,mcnode19.unique-id-service-694497b678-mdr5g,container_memory_working_set_bytes,1273856.0
1739285670,mcnode19.user-timeline-mongodb-6758898d48-8pxfm,container_memory_working_set_bytes,200704.0
1739285670,mcnode19.media-mongodb-7b64c59567-zch5l,container_memory_working_set_bytes,208896.0
1739285670,mcnode19.home-timeline-service-5754ffbc6d-9mv6t,container_memory_working_set_bytes,1294336.0
1739285670,mcnode19.home-timeline-service-5754ffbc6d-9mv6t,container_memory_working_set_bytes,1040384.0
1739285670,mcnode19.post-storage-memcached-6b75788fc6-92vl7,container_memory_working_set_bytes,1687552.0
1739285670,mcnode19.user-timeline-mongodb-6758898d48-8pxfm,container_memory_working_set_bytes,59346944.0
1739285670,mcnode19.url-shorten-memcached-6546746864-fwgsl,container_memory_working_set_bytes,1916928.0
1739285670,mcnode19.user-timeline-mongodb-6758898d48-8pxfm,container_memory_working_set_bytes,59600896.0
1739285670,mcnode19.home-timeline-redis-6c6647df6f-kxwd7,container_memory_working_set_bytes,2588672.0
1739285670,mcnode19.post-storage-memcached-6b75788fc6-92vl7,container_memory_working_set_bytes,1937408.0
1739285670,mcnode19.url-shorten-memcached-6546746864-fwgsl,container_memory_working_set_bytes,204800.0
1739285670,mcnode19.post-storage-memcached-6b75788fc6-92vl7,container_memory_working_set_bytes,200704.0
1739285670,mcnode19.social-graph-mongodb-55df767ff5-btmlt,container_memory_working_set_bytes,59629568.0
1739285670,mcnode19.media-memcached-7889bdfdfb-8kfqd,container_memory_working_set_bytes,200704.0
1739285670,mcnode19.media-frontend-6b66b95ff4-42gfw,container_memory_working_set_bytes,27062272.0
1739285670,mcnode19.user-mention-service-5c4f566c5-f44t2,container_memory_working_set_bytes,204800.0
1739285670,mcnode19.user-mention-service-5c4f566c5-f44t2,container_memory_working_set_bytes,1949696.0
1739285670,mcnode19.media-mongodb-7b64c59567-zch5l,container_memory_working_set_bytes,58884096.0
1739285670,mcnode19.post-storage-mongodb-5579669d8c-thwth,container_memory_working_set_bytes,59138048.0
1739285670,mcnode19.nginx-thrift-79478f9bf5-f9xwm,container_memory_working_set_bytes,11931648.0
1739285685,mcnode19.media-memcached-7889bdfdfb-8kfqd,container_memory_working_set_bytes,200704.0
1739285685,mcnode19.url-shorten-memcached-6546746864-fwgsl,container_memory_working_set_bytes,1662976.0
1739285685,mcnode19.media-mongodb-7b64c59567-zch5l,container_memory_working_set_bytes,58884096.0
1739285685,mcnode19.home-timeline-redis-6c6647df6f-kxwd7,container_memory_working_set_bytes,2588672.0
1739285685,mcnode19.user-memcached-59687c864d-cs925,container_memory_working_set_bytes,204800.0
1739285685,mcnode19.jaeger-67997f9775-4vfpk,container_memory_working_set_bytes,9097216.0
1739285685,mcnode19.post-storage-service-66c9966f5f-n8b8r,container_memory_working_set_bytes,2060288.0
1739285685,mcnode19.user-timeline-service-664c7f6696-khsj2,container_memory_working_set_bytes,208896.0
1739285685,mcnode19.social-graph-redis-5bbd5b7458-z2trh,container_memory_working_set_bytes,204800.0
1739285685,mcnode19.home-timeline-service-5754ffbc6d-9mv6t,container_memory_working_set_bytes,1040384.0
1739285685,mcnode19.social-graph-redis-5bbd5b7458-z2trh,container_memory_working_set_bytes,2592768.0
1739285685,mcnode19.jaeger-67997f9775-4vfpk,container_memory_working_set_bytes,204800.0
1739285685,mcnode19.social-graph-redis-5bbd5b7458-z2trh,container_memory_working_set_bytes,2846720.0
1739285685,mcnode19.media-service-6c665c775d-g4kpq,container_memory_working_set_bytes,1290240.0
1739285685,mcnode19.post-storage-mongodb-5579669d8c-thwth,container_memory_working_set_bytes,200704.0
1739285685,mcnode19.user-mention-service-5c4f566c5-f44t2,container_memory_working_set_bytes,1949696.0
1739285685,mcnode19.unique-id-service-694497b678-mdr5g,container_memory_working_set_bytes,1273856.0
1739285685,mcnode19.jaeger-67997f9775-4vfpk,container_memory_working_set_bytes,9347072.0
1739285685,mcnode19.user-timeline-mongodb-6758898d48-8pxfm,container_memory_working_set_bytes,59600896.0
1739285685,mcnode19.social-graph-service-677dbc655c-gbgnr,container_memory_working_set_bytes,1556480.0
1739285685,mcnode19.compose-post-service-f587bf89d-wxzgx,container_memory_working_set_bytes,1015808.0
1739285685,mcnode19.user-memcached-59687c864d-cs925,container_memory_working_set_bytes,1691648.0
1739285685,mcnode19.user-service-547b88cd8f-ckrf5,container_memory_working_set_bytes,2064384.0
1739285685,mcnode19.media-service-6c665c775d-g4kpq,container_memory_working_set_bytes,204800.0
1739285685,mcnode19.user-service-547b88cd8f-ckrf5,container_memory_working_set_bytes,208896.0
1739285685,mcnode19.media-memcached-7889bdfdfb-8kfqd,container_memory_working_set_bytes,1921024.0
1739285685,mcnode19.text-service-fff64b8bf-8xjtr,container_memory_working_set_bytes,1011712.0
1739285685,mcnode19.post-storage-service-66c9966f5f-n8b8r,container_memory_working_set_bytes,204800.0
1739285685,mcnode19.post-storage-mongodb-5579669d8c-thwth,container_memory_working_set_bytes,59387904.0
1739285685,mcnode19.user-service-547b88cd8f-ckrf5,container_memory_working_set_bytes,1806336.0
1739285685,mcnode19.nginx-thrift-79478f9bf5-f9xwm,container_memory_working_set_bytes,62767104.0
1739285685,mcnode19.media-frontend-6b66b95ff4-42gfw,container_memory_working_set_bytes,204800.0
1739285685,mcnode19.user-timeline-redis-67cc95bc57-tvbsv,container_memory_working_set_bytes,2584576.0
1739285685,mcnode19.compose-post-service-f587bf89d-wxzgx,container_memory_working_set_bytes,204800.0
1739285685,mcnode19.unique-id-service-694497b678-mdr5g,container_memory_working_set_bytes,1015808.0
1739285685,mcnode19.user-mongodb-7745bbd78-67j8r,container_memory_working_set_bytes,59482112.0
1739285685,mcnode19.social-graph-mongodb-55df767ff5-btmlt,container_memory_working_set_bytes,59629568.0
1739285685,mcnode19.user-mongodb-7745bbd78-67j8r,container_memory_working_set_bytes,59232256.0
1739285685,mcnode19.nginx-thrift-79478f9bf5-f9xwm,container_memory_working_set_bytes,11931648.0
1739285685,mcnode19.media-frontend-6b66b95ff4-42gfw,container_memory_working_set_bytes,27062272.0
1739285685,mcnode19.post-storage-memcached-6b75788fc6-92vl7,container_memory_working_set_bytes,200704.0
1739285685,mcnode19.user-timeline-mongodb-6758898d48-8pxfm,container_memory_working_set_bytes,59346944.0
1739285685,mcnode19.text-service-fff64b8bf-8xjtr,container_memory_working_set_bytes,1265664.0
1739285685,mcnode19.url-shorten-memcached-6546746864-fwgsl,container_memory_working_set_bytes,1916928.0
1739285685,mcnode19.home-timeline-redis-6c6647df6f-kxwd7,container_memory_working_set_bytes,2838528.0
1739285685,mcnode19.post-storage-memcached-6b75788fc6-92vl7,container_memory_working_set_bytes,1687552.0
1739285685,mcnode19.media-frontend-6b66b95ff4-42gfw,container_memory_working_set_bytes,27430912.0
1739285685,mcnode19.home-timeline-service-5754ffbc6d-9mv6t,container_memory_working_set_bytes,1294336.0
1739285685,mcnode19.post-storage-memcached-6b75788fc6-92vl7,container_memory_working_set_bytes,1937408.0
1739285685,mcnode19.url-shorten-memcached-6546746864-fwgsl,container_memory_working_set_bytes,204800.0
1739285685,mcnode19.post-storage-mongodb-5579669d8c-thwth,container_memory_working_set_bytes,59138048.0
1739285685,mcnode19.text-service-fff64b8bf-8xjtr,container_memory_working_set_bytes,204800.0
1739285685,mcnode19.post-storage-service-66c9966f5f-n8b8r,container_memory_working_set_bytes,1806336.0
1739285685,mcnode19.home-timeline-service-5754ffbc6d-9mv6t,container_memory_working_set_bytes,204800.0
1739285685,mcnode19.user-timeline-mongodb-6758898d48-8pxfm,container_memory_working_set_bytes,200704.0
1739285685,mcnode19.media-mongodb-7b64c59567-zch5l,container_memory_working_set_bytes,58626048.0
1739285685,mcnode19.media-mongodb-7b64c59567-zch5l,container_memory_working_set_bytes,208896.0
1739285685,mcnode19.nginx-thrift-79478f9bf5-f9xwm,container_memory_working_set_bytes,200704.0
1739285685,mcnode19.user-timeline-redis-67cc95bc57-tvbsv,container_memory_working_set_bytes,2834432.0
1739285685,mcnode19.user-mongodb-7745bbd78-67j8r,container_memory_working_set_bytes,204800.0
1739285685,mcnode19.user-memcached-59687c864d-cs925,container_memory_working_set_bytes,1945600.0
1739285685,mcnode19.user-timeline-redis-67cc95bc57-tvbsv,container_memory_working_set_bytes,200704.0
1739285685,mcnode19.unique-id-service-694497b678-mdr5g,container_memory_working_set_bytes,208896.0
1739285685,mcnode19.social-graph-service-677dbc655c-gbgnr,container_memory_working_set_bytes,1814528.0
1739285685,mcnode19.user-mention-service-5c4f566c5-f44t2,container_memory_working_set_bytes,204800.0
1739285685,mcnode19.media-memcached-7889bdfdfb-8kfqd,container_memory_working_set_bytes,1671168.0
1739285685,mcnode19.social-graph-mongodb-55df767ff5-btmlt,container_memory_working_set_bytes,59244544.0
1739285685,mcnode19.user-timeline-service-664c7f6696-khsj2,container_memory_working_set_bytes,1560576.0
1739285685,mcnode19.home-timeline-redis-6c6647df6f-kxwd7,container_memory_working_set_bytes,200704.0
1739285685,mcnode19.compose-post-service-f587bf89d-wxzgx,container_memory_working_set_bytes,1269760.0
1739285685,mcnode19.media-service-6c665c775d-g4kpq,container_memory_working_set_bytes,1036288.0
1739285685,mcnode19.user-timeline-service-664c7f6696-khsj2,container_memory_working_set_bytes,1818624.0
1739285685,mcnode19.social-graph-mongodb-55df767ff5-btmlt,container_memory_working_set_bytes,204800.0
1739285685,mcnode19.user-mention-service-5c4f566c5-f44t2,container_memory_working_set_bytes,1695744.0
1739285685,mcnode19.social-graph-service-677dbc655c-gbgnr,container_memory_working_set_bytes,208896.0
1739285700,mcnode19.home-timeline-service-5754ffbc6d-9mv6t,container_memory_working_set_bytes,1294336.0
1739285700,mcnode19.unique-id-service-694497b678-mdr5g,container_memory_working_set_bytes,1273856.0
1739285700,mcnode19.user-service-547b88cd8f-ckrf5,container_memory_working_set_bytes,2064384.0
1739285700,mcnode19.text-service-fff64b8bf-8xjtr,container_memory_working_set_bytes,1011712.0
1739285700,mcnode19.unique-id-service-694497b678-mdr5g,container_memory_working_set_bytes,208896.0
1739285700,mcnode19.media-frontend-6b66b95ff4-42gfw,container_memory_working_set_bytes,27062272.0
1739285700,mcnode19.user-mongodb-7745bbd78-67j8r,container_memory_working_set_bytes,204800.0
1739285700,mcnode19.compose-post-service-f587bf89d-wxzgx,container_memory_working_set_bytes,1015808.0
1739285700,mcnode19.user-timeline-service-664c7f6696-khsj2,container_memory_working_set_bytes,1818624.0
1739285700,mcnode19.home-timeline-redis-6c6647df6f-kxwd7,container_memory_working_set_bytes,2588672.0
1739285700,mcnode19.text-service-fff64b8bf-8xjtr,container_memory_working_set_bytes,204800.0
1739285700,mcnode19.post-storage-memcached-6b75788fc6-92vl7,container_memory_working_set_bytes,1937408.0
1739285700,mcnode19.post-storage-memcached-6b75788fc6-92vl7,container_memory_working_set_bytes,1687552.0
1739285700,mcnode19.post-storage-mongodb-5579669d8c-thwth,container_memory_working_set_bytes,59138048.0
1739285700,mcnode19.text-service-fff64b8bf-8xjtr,container_memory_working_set_bytes,1265664.0
1739285700,mcnode19.post-storage-memcached-6b75788fc6-92vl7,container_memory_working_set_bytes,200704.0
1739285700,mcnode19.nginx-thrift-79478f9bf5-f9xwm,container_memory_working_set_bytes,11931648.0
1739285700,mcnode19.social-graph-mongodb-55df767ff5-btmlt,container_memory_working_set_bytes,59629568.0
1739285700,mcnode19.post-storage-service-66c9966f5f-n8b8r,container_memory_working_set_bytes,1806336.0
1739285700,mcnode19.user-timeline-redis-67cc95bc57-tvbsv,container_memory_working_set_bytes,200704.0
1739285700,mcnode19.social-graph-mongodb-55df767ff5-btmlt,container_memory_working_set_bytes,204800.0
1739285700,mcnode19.media-service-6c665c775d-g4kpq,container_memory_working_set_bytes,1036288.0
1739285700,mcnode19.social-graph-service-677dbc655c-gbgnr,container_memory_working_set_bytes,1814528.0
1739285700,mcnode19.media-mongodb-7b64c59567-zch5l,container_memory_working_set_bytes,58626048.0
1739285700,mcnode19.user-timeline-redis-67cc95bc57-tvbsv,container_memory_working_set_bytes,2834432.0
1739285700,mcnode19.social-graph-mongodb-55df767ff5-btmlt,container_memory_working_set_bytes,59244544.0
1739285700,mcnode19.social-graph-service-677dbc655c-gbgnr,container_memory_working_set_bytes,208896.0
1739285700,mcnode19.user-mention-service-5c4f566c5-f44t2,container_memory_working_set_bytes,1949696.0
1739285700,mcnode19.user-service-547b88cd8f-ckrf5,container_memory_working_set_bytes,208896.0
1739285700,mcnode19.social-graph-service-677dbc655c-gbgnr,container_memory_working_set_bytes,1556480.0
1739285700,mcnode19.jaeger-67997f9775-4vfpk,container_memory_working_set_bytes,204800.0
1739285700,mcnode19.home-timeline-service-5754ffbc6d-9mv6t,container_memory_working_set_bytes,1040384.0
1739285700,mcnode19.jaeger-67997f9775-4vfpk,container_memory_working_set_bytes,9347072.0
1739285700,mcnode19.user-mention-service-5c4f566c5-f44t2,container_memory_working_set_bytes,204800.0
1739285700,mcnode19.post-storage-mongodb-5579669d8c-thwth,container_memory_working_set_bytes,59387904.0
1739285700,mcnode19.social-graph-redis-5bbd5b7458-z2trh,container_memory_working_set_bytes,2592768.0
1739285700,mcnode19.jaeger-67997f9775-4vfpk,container_memory_working_set_bytes,9097216.0
1739285700,mcnode19.user-timeline-service-664c7f6696-khsj2,container_memory_working_set_bytes,208896.0
1739285700,mcnode19.post-storage-mongodb-5579669d8c-thwth,container_memory_working_set_bytes,200704.0
1739285700,mcnode19.media-memcached-7889bdfdfb-8kfqd,container_memory_working_set_bytes,1671168.0
1739285700,mcnode19.home-timeline-redis-6c6647df6f-kxwd7,container_memory_working_set_bytes,200704.0
1739285700,mcnode19.home-timeline-service-5754ffbc6d-9mv6t,container_memory_working_set_bytes,204800.0
1739285700,mcnode19.unique-id-service-694497b678-mdr5g,container_memory_working_set_bytes,1015808.0
1739285700,mcnode19.user-timeline-mongodb-6758898d48-8pxfm,container_memory_working_set_bytes,59600896.0
1739285700,mcnode19.user-mention-service-5c4f566c5-f44t2,container_memory_working_set_bytes,1695744.0
1739285700,mcnode19.post-storage-service-66c9966f5f-n8b8r,container_memory_working_set_bytes,2060288.0
1739285700,mcnode19.media-frontend-6b66b95ff4-42gfw,container_memory_working_set_bytes,204800.0
1739285700,mcnode19.user-mongodb-7745bbd78-67j8r,container_memory_working_set_bytes,59232256.0
1739285700,mcnode19.compose-post-service-f587bf89d-wxzgx,container_memory_working_set_bytes,1269760.0
1739285700,mcnode19.user-timeline-service-664c7f6696-khsj2,container_memory_working_set_bytes,1560576.0
1739285700,mcnode19.nginx-thrift-79478f9bf5-f9xwm,container_memory_working_set_bytes,62767104.0
1739285700,mcnode19.media-frontend-6b66b95ff4-42gfw,container_memory_working_set_bytes,27430912.0
1739285700,mcnode19.user-memcached-59687c864d-cs925,container_memory_working_set_bytes,204800.0
1739285700,mcnode19.media-memcached-7889bdfdfb-8kfqd,container_memory_working_set_bytes,200704.0
1739285700,mcnode19.url-shorten-memcached-6546746864-fwgsl,container_memory_working_set_bytes,1662976.0
1739285700,mcnode19.user-memcached-59687c864d-cs925,container_memory_working_set_bytes,1945600.0
1739285700,mcnode19.user-timeline-mongodb-6758898d48-8pxfm,container_memory_working_set_bytes,59346944.0
1739285700,mcnode19.social-graph-redis-5bbd5b7458-z2trh,container_memory_working_set_bytes,204800.0
1739285700,mcnode19.media-mongodb-7b64c59567-zch5l,container_memory_working_set_bytes,208896.0
1739285700,mcnode19.url-shorten-memcached-6546746864-fwgsl,container_memory_working_set_bytes,1916928.0
1739285700,mcnode19.nginx-thrift-79478f9bf5-f9xwm,container_memory_working_set_bytes,200704.0
1739285700,mcnode19.media-service-6c665c775d-g4kpq,container_memory_working_set_bytes,1290240.0
1739285700,mcnode19.media-memcached-7889bdfdfb-8kfqd,container_memory_working_set_bytes,1921024.0
1739285700,mcnode19.media-mongodb-7b64c59567-zch5l,container_memory_working_set_bytes,58884096.0
1739285700,mcnode19.url-shorten-memcached-6546746864-fwgsl,container_memory_working_set_bytes,204800.0
1739285700,mcnode19.user-timeline-redis-67cc95bc57-tvbsv,container_memory_working_set_bytes,2584576.0
1739285700,mcnode19.compose-post-service-f587bf89d-wxzgx,container_memory_working_set_bytes,204800.0
1739285700,mcnode19.post-storage-service-66c9966f5f-n8b8r,container_memory_working_set_bytes,204800.0
1739285700,mcnode19.user-memcached-59687c864d-cs925,container_memory_working_set_bytes,1691648.0
1739285700,mcnode19.user-mongodb-7745bbd78-67j8r,container_memory_working_set_bytes,59482112.0
1739285700,mcnode19.user-service-547b88cd8f-ckrf5,container_memory_working_set_bytes,1806336.0
1739285700,mcnode19.media-service-6c665c775d-g4kpq,container_memory_working_set_bytes,204800.0
1739285700,mcnode19.user-timeline-mongodb-6758898d48-8pxfm,container_memory_working_set_bytes,200704.0
1739285700,mcnode19.social-graph-redis-5bbd5b7458-z2trh,container_memory_working_set_bytes,2846720.0
1739285700,mcnode19.home-timeline-redis-6c6647df6f-kxwd7,container_memory_working_set_bytes,2838528.0
1739285715,mcnode19.post-storage-mongodb-5579669d8c-thwth,container_memory_working_set_bytes,59469824.0
1739285715,mcnode19.nginx-thrift-79478f9bf5-f9xwm,container_memory_working_set_bytes,62767104.0
1739285715,mcnode19.media-mongodb-7b64c59567-zch5l,container_memory_working_set_bytes,58900480.0
1739285715,mcnode19.user-service-547b88cd8f-ckrf5,container_memory_working_set_bytes,1806336.0
1739285715,mcnode19.user-memcached-59687c864d-cs925,container_memory_working_set_bytes,1691648.0
1739285715,mcnode19.social-graph-redis-5bbd5b7458-z2trh,container_memory_working_set_bytes,2846720.0
1739285715,mcnode19.media-memcached-7889bdfdfb-8kfqd,container_memory_working_set_bytes,200704.0
1739285715,mcnode19.text-service-fff64b8bf-8xjtr,container_memory_working_set_bytes,204800.0
1739285715,mcnode19.media-frontend-6b66b95ff4-42gfw,container_memory_working_set_bytes,11444224.0
1739285715,mcnode19.home-timeline-redis-6c6647df6f-kxwd7,container_memory_working_set_bytes,2838528.0
1739285715,mcnode19.user-mention-service-5c4f566c5-f44t2,container_memory_working_set_bytes,204800.0
1739285715,mcnode19.post-storage-mongodb-5579669d8c-thwth,container_memory_working_set_bytes,59219968.0
1739285715,mcnode19.user-mention-service-5c4f566c5-f44t2,container_memory_working_set_bytes,1949696.0
1739285715,mcnode19.user-timeline-service-664c7f6696-khsj2,container_memory_working_set_bytes,1818624.0
1739285715,mcnode19.user-mention-service-5c4f566c5-f44t2,container_memory_working_set_bytes,1695744.0
1739285715,mcnode19.jaeger-67997f9775-4vfpk,container_memory_working_set_bytes,9031680.0
1739285715,mcnode19.post-storage-service-66c9966f5f-n8b8r,container_memory_working_set_bytes,204800.0
1739285715,mcnode19.user-timeline-redis-67cc95bc57-tvbsv,container_memory_working_set_bytes,2834432.0
1739285715,mcnode19.user-memcached-59687c864d-cs925,container_memory_working_set_bytes,1945600.0
1739285715,mcnode19.media-service-6c665c775d-g4kpq,container_memory_working_set_bytes,204800.0
1739285715,mcnode19.jaeger-67997f9775-4vfpk,container_memory_working_set_bytes,8777728.0
1739285715,mcnode19.home-timeline-service-5754ffbc6d-9mv6t,container_memory_working_set_bytes,1040384.0
1739285715,mcnode19.social-graph-mongodb-55df767ff5-btmlt,container_memory_working_set_bytes,59260928.0
1739285715,mcnode19.user-timeline-redis-67cc95bc57-tvbsv,container_memory_working_set_bytes,200704.0
1739285715,mcnode19.home-timeline-redis-6c6647df6f-kxwd7,container_memory_working_set_bytes,2588672.0
1739285715,mcnode19.media-service-6c665c775d-g4kpq,container_memory_working_set_bytes,1290240.0
1739285715,mcnode19.post-storage-service-66c9966f5f-n8b8r,container_memory_working_set_bytes,1806336.0
1739285715,mcnode19.media-frontend-6b66b95ff4-42gfw,container_memory_working_set_bytes,204800.0
1739285715,mcnode19.user-mongodb-7745bbd78-67j8r,container_memory_working_set_bytes,59248640.0
1739285715,mcnode19.post-storage-mongodb-5579669d8c-thwth,container_memory_working_set_bytes,200704.0
1739285715,mcnode19.user-timeline-service-664c7f6696-khsj2,container_memory_working_set_bytes,208896.0
1739285715,mcnode19.home-timeline-redis-6c6647df6f-kxwd7,container_memory_working_set_bytes,200704.0
1739285715,mcnode19.user-memcached-59687c864d-cs925,container_memory_working_set_bytes,204800.0
1739285715,mcnode19.text-service-fff64b8bf-8xjtr,container_memory_working_set_bytes,1265664.0
1739285715,mcnode19.post-storage-service-66c9966f5f-n8b8r,container_memory_working_set_bytes,2060288.0
1739285715,mcnode19.social-graph-redis-5bbd5b7458-z2trh,container_memory_working_set_bytes,2592768.0
1739285715,mcnode19.jaeger-67997f9775-4vfpk,container_memory_working_set_bytes,204800.0
1739285715,mcnode19.home-timeline-service-5754ffbc6d-9mv6t,container_memory_working_set_bytes,204800.0
1739285715,mcnode19.social-graph-service-677dbc655c-gbgnr,container_memory_working_set_bytes,1556480.0
1739285715,mcnode19.nginx-thrift-79478f9bf5-f9xwm,container_memory_working_set_bytes,11931648.0
1739285715,mcnode19.media-mongodb-7b64c59567-zch5l,container_memory_working_set_bytes,58646528.0
1739285715,mcnode19.user-mongodb-7745bbd78-67j8r,container_memory_working_set_bytes,59502592.0
1739285715,mcnode19.media-mongodb-7b64c59567-zch5l,container_memory_working_set_bytes,208896.0
1739285715,mcnode19.media-service-6c665c775d-g4kpq,container_memory_working_set_bytes,1036288.0
1739285715,mcnode19.url-shorten-memcached-6546746864-fwgsl,container_memory_working_set_bytes,1916928.0
1739285715,mcnode19.user-service-547b88cd8f-ckrf5,container_memory_working_set_bytes,2064384.0
1739285715,mcnode19.social-graph-mongodb-55df767ff5-btmlt,container_memory_working_set_bytes,59645952.0
1739285715,mcnode19.social-graph-redis-5bbd5b7458-z2trh,container_memory_working_set_bytes,204800.0
1739285715,mcnode19.user-mongodb-7745bbd78-67j8r,container_memory_working_set_bytes,204800.0
1739285715,mcnode19.user-timeline-mongodb-6758898d48-8pxfm,container_memory_working_set_bytes,59428864.0
1739285715,mcnode19.user-timeline-mongodb-6758898d48-8pxfm,container_memory_working_set_bytes,200704.0
1739285715,mcnode19.social-graph-mongodb-55df767ff5-btmlt,container_memory_working_set_bytes,204800.0
1739285715,mcnode19.text-service-fff64b8bf-8xjtr,container_memory_working_set_bytes,1011712.0
1739285715,mcnode19.post-storage-memcached-6b75788fc6-92vl7,container_memory_working_set_bytes,200704.0
1739285715,mcnode19.media-memcached-7889bdfdfb-8kfqd,container_memory_working_set_bytes,1671168.0
1739285715,mcnode19.url-shorten-memcached-6546746864-fwgsl,container_memory_working_set_bytes,1662976.0
1739285715,mcnode19.media-frontend-6b66b95ff4-42gfw,container_memory_working_set_bytes,11198464.0
1739285715,mcnode19.post-storage-memcached-6b75788fc6-92vl7,container_memory_working_set_bytes,1687552.0
1739285715,mcnode19.compose-post-service-f587bf89d-wxzgx,container_memory_working_set_bytes,204800.0
1739285715,mcnode19.unique-id-service-694497b678-mdr5g,container_memory_working_set_bytes,1015808.0
1739285715,mcnode19.url-shorten-memcached-6546746864-fwgsl,container_memory_working_set_bytes,204800.0
1739285715,mcnode19.compose-post-service-f587bf89d-wxzgx,container_memory_working_set_bytes,1269760.0
1739285715,mcnode19.user-timeline-redis-67cc95bc57-tvbsv,container_memory_working_set_bytes,2584576.0
1739285715,mcnode19.user-service-547b88cd8f-ckrf5,container_memory_working_set_bytes,208896.0
1739285715,mcnode19.unique-id-service-694497b678-mdr5g,container_memory_working_set_bytes,208896.0
1739285715,mcnode19.social-graph-service-677dbc655c-gbgnr,container_memory_working_set_bytes,208896.0
1739285715,mcnode19.compose-post-service-f587bf89d-wxzgx,container_memory_working_set_bytes,1015808.0
1739285715,mcnode19.user-timeline-service-664c7f6696-khsj2,container_memory_working_set_bytes,1560576.0
1739285715,mcnode19.post-storage-memcached-6b75788fc6-92vl7,container_memory_working_set_bytes,1937408.0
1739285715,mcnode19.media-memcached-7889bdfdfb-8kfqd,container_memory_working_set_bytes,1921024.0
1739285715,mcnode19.user-timeline-mongodb-6758898d48-8pxfm,container_memory_working_set_bytes,59682816.0
1739285715,mcnode19.unique-id-service-694497b678-mdr5g,container_memory_working_set_bytes,1273856.0
1739285715,mcnode19.nginx-thrift-79478f9bf5-f9xwm,container_memory_working_set_bytes,200704.0
1739285715,mcnode19.home-timeline-service-5754ffbc6d-9mv6t,container_memory_working_set_bytes,1294336.0
1739285715,mcnode19.social-graph-service-677dbc655c-gbgnr,container_memory_working_set_bytes,1814528.0
1739285730,mcnode19.media-frontend-6b66b95ff4-42gfw,container_memory_working_set_bytes,204800.0
1739285730,mcnode19.social-graph-mongodb-55df767ff5-btmlt,container_memory_working_set_bytes,204800.0
1739285730,mcnode19.post-storage-service-66c9966f5f-n8b8r,container_memory_working_set_bytes,1806336.0
1739285730,mcnode19.media-memcached-7889bdfdfb-8kfqd,container_memory_working_set_bytes,1671168.0
1739285730,mcnode19.user-timeline-redis-67cc95bc57-tvbsv,container_memory_working_set_bytes,200704.0
1739285730,mcnode19.compose-post-service-f587bf89d-wxzgx,container_memory_working_set_bytes,204800.0
1739285730,mcnode19.media-service-6c665c775d-g4kpq,container_memory_working_set_bytes,204800.0
1739285730,mcnode19.media-service-6c665c775d-g4kpq,container_memory_working_set_bytes,1036288.0
1739285730,mcnode19.post-storage-service-66c9966f5f-n8b8r,container_memory_working_set_bytes,204800.0
1739285730,mcnode19.jaeger-67997f9775-4vfpk,container_memory_working_set_bytes,9031680.0
1739285730,mcnode19.user-timeline-redis-67cc95bc57-tvbsv,container_memory_working_set_bytes,2584576.0
1739285730,mcnode19.jaeger-67997f9775-4vfpk,container_memory_working_set_bytes,8777728.0
1739285730,mcnode19.social-graph-mongodb-55df767ff5-btmlt,container_memory_working_set_bytes,59645952.0
1739285730,mcnode19.post-storage-memcached-6b75788fc6-92vl7,container_memory_working_set_bytes,200704.0
1739285730,mcnode19.compose-post-service-f587bf89d-wxzgx,container_memory_working_set_bytes,1269760.0
1739285730,mcnode19.url-shorten-memcached-6546746864-fwgsl,container_memory_working_set_bytes,204800.0
1739285730,mcnode19.nginx-thrift-79478f9bf5-f9xwm,container_memory_working_set_bytes,62767104.0
1739285730,mcnode19.social-graph-service-677dbc655c-gbgnr,container_memory_working_set_bytes,208896.0
1739285730,mcnode19.text-service-fff64b8bf-8xjtr,container_memory_working_set_bytes,204800.0
1739285730,mcnode19.user-service-547b88cd8f-ckrf5,container_memory_working_set_bytes,1806336.0
1739285730,mcnode19.user-timeline-service-664c7f6696-khsj2,container_memory_working_set_bytes,1560576.0
1739285730,mcnode19.post-storage-memcached-6b75788fc6-92vl7,container_memory_working_set_bytes,1937408.0
1739285730,mcnode19.nginx-thrift-79478f9bf5-f9xwm,container_memory_working_set_bytes,200704.0
1739285730,mcnode19.post-storage-memcached-6b75788fc6-92vl7,container_memory_working_set_bytes,1687552.0
1739285730,mcnode19.media-mongodb-7b64c59567-zch5l,container_memory_working_set_bytes,58646528.0
1739285730,mcnode19.url-shorten-memcached-6546746864-fwgsl,container_memory_working_set_bytes,1916928.0
1739285730,mcnode19.post-storage-mongodb-5579669d8c-thwth,container_memory_working_set_bytes,59219968.0
1739285730,mcnode19.user-timeline-service-664c7f6696-khsj2,container_memory_working_set_bytes,1818624.0
1739285730,mcnode19.media-frontend-6b66b95ff4-42gfw,container_memory_working_set_bytes,11444224.0
1739285730,mcnode19.post-storage-service-66c9966f5f-n8b8r,container_memory_working_set_bytes,2060288.0
1739285730,mcnode19.user-timeline-mongodb-6758898d48-8pxfm,container_memory_working_set_bytes,59428864.0
1739285730,mcnode19.text-service-fff64b8bf-8xjtr,container_memory_working_set_bytes,1265664.0
1739285730,mcnode19.social-graph-service-677dbc655c-gbgnr,container_memory_working_set_bytes,1814528.0
1739285730,mcnode19.home-timeline-redis-6c6647df6f-kxwd7,container_memory_working_set_bytes,200704.0
1739285730,mcnode19.user-timeline-service-664c7f6696-khsj2,container_memory_working_set_bytes,208896.0
1739285730,mcnode19.user-mongodb-7745bbd78-67j8r,container_memory_working_set_bytes,59248640.0
1739285730,mcnode19.nginx-thrift-79478f9bf5-f9xwm,container_memory_working_set_bytes,11931648.0
1739285730,mcnode19.unique-id-service-694497b678-mdr5g,container_memory_working_set_bytes,1015808.0
1739285730,mcnode19.user-mention-service-5c4f566c5-f44t2,container_memory_working_set_bytes,1695744.0
1739285730,mcnode19.user-memcached-59687c864d-cs925,container_memory_working_set_bytes,1691648.0
1739285730,mcnode19.user-mongodb-7745bbd78-67j8r,container_memory_working_set_bytes,59502592.0
1739285730,mcnode19.user-memcached-59687c864d-cs925,container_memory_working_set_bytes,204800.0
1739285730,mcnode19.user-mention-service-5c4f566c5-f44t2,container_memory_working_set_bytes,1949696.0
1739285730,mcnode19.user-mongodb-7745bbd78-67j8r,container_memory_working_set_bytes,204800.0
1739285730,mcnode19.social-graph-redis-5bbd5b7458-z2trh,container_memory_working_set_bytes,2592768.0
1739285730,mcnode19.home-timeline-redis-6c6647df6f-kxwd7,container_memory_working_set_bytes,2588672.0
1739285730,mcnode19.media-memcached-7889bdfdfb-8kfqd,container_memory_working_set_bytes,200704.0
1739285730,mcnode19.post-storage-mongodb-5579669d8c-thwth,container_memory_working_set_bytes,59469824.0
1739285730,mcnode19.user-timeline-mongodb-6758898d48-8pxfm,container_memory_working_set_bytes,200704.0
1739285730,mcnode19.media-mongodb-7b64c59567-zch5l,container_memory_working_set_bytes,58900480.0
1739285730,mcnode19.social-graph-redis-5bbd5b7458-z2trh,container_memory_working_set_bytes,2846720.0
1739285730,mcnode19.post-storage-mongodb-5579669d8c-thwth,container_memory_working_set_bytes,200704.0
1739285730,mcnode19.user-mention-service-5c4f566c5-f44t2,container_memory_working_set_bytes,204800.0
1739285730,mcnode19.user-service-547b88cd8f-ckrf5,container_memory_working_set_bytes,208896.0
1739285730,mcnode19.compose-post-service-f587bf89d-wxzgx,container_memory_working_set_bytes,1015808.0
1739285730,mcnode19.media-memcached-7889bdfdfb-8kfqd,container_memory_working_set_bytes,1921024.0
1739285730,mcnode19.social-graph-service-677dbc655c-gbgnr,container_memory_working_set_bytes,1556480.0
1739285730,mcnode19.unique-id-service-694497b678-mdr5g,container_memory_working_set_bytes,1273856.0
1739285730,mcnode19.url-shorten-memcached-6546746864-fwgsl,container_memory_working_set_bytes,1662976.0
1739285730,mcnode19.home-timeline-service-5754ffbc6d-9mv6t,container_memory_working_set_bytes,204800.0
1739285730,mcnode19.media-mongodb-7b64c59567-zch5l,container_memory_working_set_bytes,208896.0
1739285730,mcnode19.user-service-547b88cd8f-ckrf5,container_memory_working_set_bytes,2064384.0
1739285730,mcnode19.social-graph-redis-5bbd5b7458-z2trh,container_memory_working_set_bytes,204800.0
1739285730,mcnode19.unique-id-service-694497b678-mdr5g,container_memory_working_set_bytes,208896.0
1739285730,mcnode19.media-frontend-6b66b95ff4-42gfw,container_memory_working_set_bytes,11198464.0
1739285730,mcnode19.home-timeline-redis-6c6647df6f-kxwd7,container_memory_working_set_bytes,2838528.0
1739285730,mcnode19.text-service-fff64b8bf-8xjtr,container_memory_working_set_bytes,1011712.0
1739285730,mcnode19.home-timeline-service-5754ffbc6d-9mv6t,container_memory_working_set_bytes,1040384.0
1739285730,mcnode19.user-timeline-redis-67cc95bc57-tvbsv,container_memory_working_set_bytes,2834432.0
1739285730,mcnode19.user-timeline-mongodb-6758898d48-8pxfm,container_memory_working_set_bytes,59682816.0
1739285730,mcnode19.user-memcached-59687c864d-cs925,container_memory_working_set_bytes,1945600.0
1739285730,mcnode19.jaeger-67997f9775-4vfpk,container_memory_working_set_bytes,204800.0
1739285730,mcnode19.home-timeline-service-5754ffbc6d-9mv6t,container_memory_working_set_bytes,1294336.0
1739285730,mcnode19.media-service-6c665c775d-g4kpq,container_memory_working_set_bytes,1290240.0
1739285730,mcnode19.social-graph-mongodb-55df767ff5-btmlt,container_memory_working_set_bytes,59260928.0
1739285745,mcnode19.social-graph-service-677dbc655c-gbgnr,container_memory_working_set_bytes,1556480.0
1739285745,mcnode19.home-timeline-service-5754ffbc6d-9mv6t,container_memory_working_set_bytes,1294336.0
1739285745,mcnode19.post-storage-memcached-6b75788fc6-92vl7,container_memory_working_set_bytes,1937408.0
1739285745,mcnode19.home-timeline-redis-6c6647df6f-kxwd7,container_memory_working_set_bytes,2838528.0
1739285745,mcnode19.jaeger-67997f9775-4vfpk,container_memory_working_set_bytes,204800.0
1739285745,mcnode19.media-memcached-7889bdfdfb-8kfqd,container_memory_working_set_bytes,1921024.0
1739285745,mcnode19.home-timeline-service-5754ffbc6d-9mv6t,container_memory_working_set_bytes,204800.0
1739285745,mcnode19.user-timeline-service-664c7f6696-khsj2,container_memory_working_set_bytes,1560576.0
1739285745,mcnode19.user-service-547b88cd8f-ckrf5,container_memory_working_set_bytes,1806336.0
1739285745,mcnode19.home-timeline-service-5754ffbc6d-9mv6t,container_memory_working_set_bytes,1040384.0
1739285745,mcnode19.social-graph-service-677dbc655c-gbgnr,container_memory_working_set_bytes,208896.0
1739285745,mcnode19.user-service-547b88cd8f-ckrf5,container_memory_working_set_bytes,208896.0
1739285745,mcnode19.compose-post-service-f587bf89d-wxzgx,container_memory_working_set_bytes,1015808.0
1739285745,mcnode19.unique-id-service-694497b678-mdr5g,container_memory_working_set_bytes,1273856.0
1739285745,mcnode19.user-memcached-59687c864d-cs925,container_memory_working_set_bytes,1945600.0
1739285745,mcnode19.post-storage-memcached-6b75788fc6-92vl7,container_memory_working_set_bytes,1687552.0
1739285745,mcnode19.url-shorten-memcached-6546746864-fwgsl,container_memory_working_set_bytes,1662976.0
1739285745,mcnode19.user-timeline-mongodb-6758898d48-8pxfm,container_memory_working_set_bytes,200704.0
1739285745,mcnode19.social-graph-service-677dbc655c-gbgnr,container_memory_working_set_bytes,1814528.0
1739285745,mcnode19.post-storage-memcached-6b75788fc6-92vl7,container_memory_working_set_bytes,200704.0
1739285745,mcnode19.text-service-fff64b8bf-8xjtr,container_memory_working_set_bytes,1011712.0
1739285745,mcnode19.user-mention-service-5c4f566c5-f44t2,container_memory_working_set_bytes,1695744.0
1739285745,mcnode19.unique-id-service-694497b678-mdr5g,container_memory_working_set_bytes,208896.0
1739285745,mcnode19.user-timeline-mongodb-6758898d48-8pxfm,container_memory_working_set_bytes,59428864.0
1739285745,mcnode19.media-mongodb-7b64c59567-zch5l,container_memory_working_set_bytes,208896.0
1739285745,mcnode19.nginx-thrift-79478f9bf5-f9xwm,container_memory_working_set_bytes,200704.0
1739285745,mcnode19.social-graph-redis-5bbd5b7458-z2trh,container_memory_working_set_bytes,204800.0
1739285745,mcnode19.media-service-6c665c775d-g4kpq,container_memory_working_set_bytes,1290240.0
1739285745,mcnode19.user-service-547b88cd8f-ckrf5,container_memory_working_set_bytes,2064384.0
1739285745,mcnode19.home-timeline-redis-6c6647df6f-kxwd7,container_memory_working_set_bytes,200704.0
1739285745,mcnode19.url-shorten-memcached-6546746864-fwgsl,container_memory_working_set_bytes,1916928.0
1739285745,mcnode19.compose-post-service-f587bf89d-wxzgx,container_memory_working_set_bytes,1269760.0
1739285745,mcnode19.media-mongodb-7b64c59567-zch5l,container_memory_working_set_bytes,58646528.0
1739285745,mcnode19.nginx-thrift-79478f9bf5-f9xwm,container_memory_working_set_bytes,11931648.0
1739285745,mcnode19.user-timeline-redis-67cc95bc57-tvbsv,container_memory_working_set_bytes,2834432.0
1739285745,mcnode19.jaeger-67997f9775-4vfpk,container_memory_working_set_bytes,9031680.0
1739285745,mcnode19.media-frontend-6b66b95ff4-42gfw,container_memory_working_set_bytes,11198464.0
1739285745,mcnode19.social-graph-mongodb-55df767ff5-btmlt,container_memory_working_set_bytes,204800.0
1739285745,mcnode19.unique-id-service-694497b678-mdr5g,container_memory_working_set_bytes,1015808.0
1739285745,mcnode19.post-storage-service-66c9966f5f-n8b8r,container_memory_working_set_bytes,204800.0
1739285745,mcnode19.media-frontend-6b66b95ff4-42gfw,container_memory_working_set_bytes,11444224.0
1739285745,mcnode19.user-mention-service-5c4f566c5-f44t2,container_memory_working_set_bytes,1949696.0
1739285745,mcnode19.user-timeline-service-664c7f6696-khsj2,container_memory_working_set_bytes,208896.0
1739285745,mcnode19.post-storage-service-66c9966f5f-n8b8r,container_memory_working_set_bytes,2060288.0
1739285745,mcnode19.text-service-fff64b8bf-8xjtr,container_memory_working_set_bytes,1265664.0
1739285745,mcnode19.user-memcached-59687c864d-cs925,container_memory_working_set_bytes,204800.0
1739285745,mcnode19.user-timeline-service-664c7f6696-khsj2,container_memory_working_set_bytes,1818624.0
1739285745,mcnode19.post-storage-service-66c9966f5f-n8b8r,container_memory_working_set_bytes,1806336.0
1739285745,mcnode19.social-graph-mongodb-55df767ff5-btmlt,container_memory_working_set_bytes,59645952.0
1739285745,mcnode19.user-timeline-redis-67cc95bc57-tvbsv,container_memory_working_set_bytes,2584576.0
1739285745,mcnode19.media-service-6c665c775d-g4kpq,container_memory_working_set_bytes,204800.0
1739285745,mcnode19.user-mongodb-7745bbd78-67j8r,container_memory_working_set_bytes,59502592.0
1739285745,mcnode19.user-mongodb-7745bbd78-67j8r,container_memory_working_set_bytes,59248640.0
1739285745,mcnode19.post-storage-mongodb-5579669d8c-thwth,container_memory_working_set_bytes,200704.0
1739285745,mcnode19.media-service-6c665c775d-g4kpq,container_memory_working_set_bytes,1036288.0
1739285745,mcnode19.user-memcached-59687c864d-cs925,container_memory_working_set_bytes,1691648.0
1739285745,mcnode19.social-graph-redis-5bbd5b7458-z2trh,container_memory_working_set_bytes,2592768.0
1739285745,mcnode19.user-timeline-mongodb-6758898d48-8pxfm,container_memory_working_set_bytes,59682816.0
1739285745,mcnode19.post-storage-mongodb-5579669d8c-thwth,container_memory_working_set_bytes,59219968.0
1739285745,mcnode19.media-memcached-7889bdfdfb-8kfqd,container_memory_working_set_bytes,1671168.0
1739285745,mcnode19.user-mongodb-7745bbd78-67j8r,container_memory_working_set_bytes,204800.0
1739285745,mcnode19.user-mention-service-5c4f566c5-f44t2,container_memory_working_set_bytes,204800.0
1739285745,mcnode19.nginx-thrift-79478f9bf5-f9xwm,container_memory_working_set_bytes,62767104.0
1739285745,mcnode19.media-frontend-6b66b95ff4-42gfw,container_memory_working_set_bytes,204800.0
1739285745,mcnode19.text-service-fff64b8bf-8xjtr,container_memory_working_set_bytes,204800.0
1739285745,mcnode19.home-timeline-redis-6c6647df6f-kxwd7,container_memory_working_set_bytes,2588672.0
1739285745,mcnode19.media-mongodb-7b64c59567-zch5l,container_memory_working_set_bytes,58900480.0
1739285745,mcnode19.compose-post-service-f587bf89d-wxzgx,container_memory_working_set_bytes,204800.0
1739285745,mcnode19.social-graph-redis-5bbd5b7458-z2trh,container_memory_working_set_bytes,2846720.0
1739285745,mcnode19.social-graph-mongodb-55df767ff5-btmlt,container_memory_working_set_bytes,59260928.0
1739285745,mcnode19.user-timeline-redis-67cc95bc57-tvbsv,container_memory_working_set_bytes,200704.0
1739285745,mcnode19.post-storage-mongodb-5579669d8c-thwth,container_memory_working_set_bytes,59469824.0
1739285745,mcnode19.jaeger-67997f9775-4vfpk,container_memory_working_set_bytes,8777728.0
1739285745,mcnode19.media-memcached-7889bdfdfb-8kfqd,container_memory_working_set_bytes,200704.0
1739285745,mcnode19.url-shorten-memcached-6546746864-fwgsl,container_memory_working_set_bytes,204800.0
1739285760,mcnode19.unique-id-service-694497b678-mdr5g,container_memory_working_set_bytes,208896.0
1739285760,mcnode19.media-mongodb-7b64c59567-zch5l,container_memory_working_set_bytes,208896.0
1739285760,mcnode19.user-timeline-redis-67cc95bc57-tvbsv,container_memory_working_set_bytes,2584576.0
1739285760,mcnode19.compose-post-service-f587bf89d-wxzgx,container_memory_working_set_bytes,1269760.0
1739285760,mcnode19.social-graph-mongodb-55df767ff5-btmlt,container_memory_working_set_bytes,204800.0
1739285760,mcnode19.user-timeline-mongodb-6758898d48-8pxfm,container_memory_working_set_bytes,59682816.0
1739285760,mcnode19.media-service-6c665c775d-g4kpq,container_memory_working_set_bytes,1290240.0
1739285760,mcnode19.user-timeline-mongodb-6758898d48-8pxfm,container_memory_working_set_bytes,200704.0
1739285760,mcnode19.home-timeline-service-5754ffbc6d-9mv6t,container_memory_working_set_bytes,1040384.0
1739285760,mcnode19.jaeger-67997f9775-4vfpk,container_memory_working_set_bytes,8777728.0
1739285760,mcnode19.user-timeline-service-664c7f6696-khsj2,container_memory_working_set_bytes,208896.0
1739285760,mcnode19.post-storage-service-66c9966f5f-n8b8r,container_memory_working_set_bytes,204800.0
1739285760,mcnode19.jaeger-67997f9775-4vfpk,container_memory_working_set_bytes,204800.0
1739285760,mcnode19.home-timeline-redis-6c6647df6f-kxwd7,container_memory_working_set_bytes,200704.0
1739285760,mcnode19.home-timeline-redis-6c6647df6f-kxwd7,container_memory_working_set_bytes,2588672.0
1739285760,mcnode19.media-service-6c665c775d-g4kpq,container_memory_working_set_bytes,204800.0
1739285760,mcnode19.media-memcached-7889bdfdfb-8kfqd,container_memory_working_set_bytes,200704.0
1739285760,mcnode19.post-storage-service-66c9966f5f-n8b8r,container_memory_working_set_bytes,2060288.0
1739285760,mcnode19.user-timeline-service-664c7f6696-khsj2,container_memory_working_set_bytes,1818624.0
1739285760,mcnode19.user-mention-service-5c4f566c5-f44t2,container_memory_working_set_bytes,1949696.0
1739285760,mcnode19.nginx-thrift-79478f9bf5-f9xwm,container_memory_working_set_bytes,200704.0
1739285760,mcnode19.media-mongodb-7b64c59567-zch5l,container_memory_working_set_bytes,58900480.0
1739285760,mcnode19.user-mention-service-5c4f566c5-f44t2,container_memory_working_set_bytes,204800.0
1739285760,mcnode19.media-memcached-7889bdfdfb-8kfqd,container_memory_working_set_bytes,1671168.0
1739285760,mcnode19.home-timeline-redis-6c6647df6f-kxwd7,container_memory_working_set_bytes,2838528.0
1739285760,mcnode19.jaeger-67997f9775-4vfpk,container_memory_working_set_bytes,9031680.0
1739285760,mcnode19.compose-post-service-f587bf89d-wxzgx,container_memory_working_set_bytes,1015808.0
1739285760,mcnode19.social-graph-service-677dbc655c-gbgnr,container_memory_working_set_bytes,208896.0
1739285760,mcnode19.user-timeline-service-664c7f6696-khsj2,container_memory_working_set_bytes,1560576.0
1739285760,mcnode19.media-memcached-7889bdfdfb-8kfqd,container_memory_working_set_bytes,1921024.0
1739285760,mcnode19.unique-id-service-694497b678-mdr5g,container_memory_working_set_bytes,1273856.0
1739285760,mcnode19.media-mongodb-7b64c59567-zch5l,container_memory_working_set_bytes,58646528.0
1739285760,mcnode19.social-graph-service-677dbc655c-gbgnr,container_memory_working_set_bytes,1814528.0
1739285760,mcnode19.media-frontend-6b66b95ff4-42gfw,container_memory_working_set_bytes,11198464.0
1739285760,mcnode19.nginx-thrift-79478f9bf5-f9xwm,container_memory_working_set_bytes,62767104.0
1739285760,mcnode19.media-service-6c665c775d-g4kpq,container_memory_working_set_bytes,1036288.0
1739285760,mcnode19.home-timeline-service-5754ffbc6d-9mv6t,container_memory_working_set_bytes,1294336.0
1739285760,mcnode19.social-graph-redis-5bbd5b7458-z2trh,container_memory_working_set_bytes,2592768.0
1739285760,mcnode19.post-storage-memcached-6b75788fc6-92vl7,container_memory_working_set_bytes,200704.0
1739285760,mcnode19.user-timeline-mongodb-6758898d48-8pxfm,container_memory_working_set_bytes,59428864.0
1739285760,mcnode19.social-graph-redis-5bbd5b7458-z2trh,container_memory_working_set_bytes,2846720.0
1739285760,mcnode19.post-storage-mongodb-5579669d8c-thwth,container_memory_working_set_bytes,59469824.0
1739285760,mcnode19.url-shorten-memcached-6546746864-fwgsl,container_memory_working_set_bytes,1916928.0
1739285760,mcnode19.post-storage-memcached-6b75788fc6-92vl7,container_memory_working_set_bytes,1687552.0
1739285760,mcnode19.user-memcached-59687c864d-cs925,container_memory_working_set_bytes,204800.0
1739285760,mcnode19.post-storage-memcached-6b75788fc6-92vl7,container_memory_working_set_bytes,1937408.0
1739285760,mcnode19.user-memcached-59687c864d-cs925,container_memory_working_set_bytes,1691648.0
1739285760,mcnode19.post-storage-mongodb-5579669d8c-thwth,container_memory_working_set_bytes,200704.0
1739285760,mcnode19.user-service-547b88cd8f-ckrf5,container_memory_working_set_bytes,1806336.0
1739285760,mcnode19.social-graph-mongodb-55df767ff5-btmlt,container_memory_working_set_bytes,59260928.0
1739285760,mcnode19.url-shorten-memcached-6546746864-fwgsl,container_memory_working_set_bytes,204800.0
1739285760,mcnode19.user-memcached-59687c864d-cs925,container_memory_working_set_bytes,1945600.0
1739285760,mcnode19.user-timeline-redis-67cc95bc57-tvbsv,container_memory_working_set_bytes,2834432.0
1739285760,mcnode19.user-mention-service-5c4f566c5-f44t2,container_memory_working_set_bytes,1695744.0
1739285760,mcnode19.media-frontend-6b66b95ff4-42gfw,container_memory_working_set_bytes,204800.0
1739285760,mcnode19.user-timeline-redis-67cc95bc57-tvbsv,container_memory_working_set_bytes,200704.0
1739285760,mcnode19.text-service-fff64b8bf-8xjtr,container_memory_working_set_bytes,204800.0
1739285760,mcnode19.post-storage-mongodb-5579669d8c-thwth,container_memory_working_set_bytes,59219968.0
1739285760,mcnode19.post-storage-service-66c9966f5f-n8b8r,container_memory_working_set_bytes,1806336.0
1739285760,mcnode19.user-mongodb-7745bbd78-67j8r,container_memory_working_set_bytes,59248640.0
1739285760,mcnode19.media-frontend-6b66b95ff4-42gfw,container_memory_working_set_bytes,11444224.0
1739285760,mcnode19.user-service-547b88cd8f-ckrf5,container_memory_working_set_bytes,208896.0
1739285760,mcnode19.url-shorten-memcached-6546746864-fwgsl,container_memory_working_set_bytes,1662976.0
1739285760,mcnode19.text-service-fff64b8bf-8xjtr,container_memory_working_set_bytes,1265664.0
1739285760,mcnode19.unique-id-service-694497b678-mdr5g,container_memory_working_set_bytes,1015808.0
1739285760,mcnode19.social-graph-service-677dbc655c-gbgnr,container_memory_working_set_bytes,1556480.0
1739285760,mcnode19.home-timeline-service-5754ffbc6d-9mv6t,container_memory_working_set_bytes,204800.0
1739285760,mcnode19.nginx-thrift-79478f9bf5-f9xwm,container_memory_working_set_bytes,11931648.0
1739285760,mcnode19.user-mongodb-7745bbd78-67j8r,container_memory_working_set_bytes,204800.0
1739285760,mcnode19.user-mongodb-7745bbd78-67j8r,container_memory_working_set_bytes,59502592.0
1739285760,mcnode19.social-graph-mongodb-55df767ff5-btmlt,container_memory_working_set_bytes,59645952.0
1739285760,mcnode19.text-service-fff64b8bf-8xjtr,container_memory_working_set_bytes,1011712.0
1739285760,mcnode19.user-service-547b88cd8f-ckrf5,container_memory_working_set_bytes,2064384.0
1739285760,mcnode19.social-graph-redis-5bbd5b7458-z2trh,container_memory_working_set_bytes,204800.0
1739285760,mcnode19.compose-post-service-f587bf89d-wxzgx,container_memory_working_set_bytes,204800.0
1739285775,mcnode19.unique-id-service-694497b678-mdr5g,container_memory_working_set_bytes,1015808.0
1739285775,mcnode19.jaeger-67997f9775-4vfpk,container_memory_working_set_bytes,9031680.0
1739285775,mcnode19.home-timeline-service-5754ffbc6d-9mv6t,container_memory_working_set_bytes,1040384.0
1739285775,mcnode19.user-mention-service-5c4f566c5-f44t2,container_memory_working_set_bytes,1695744.0
1739285775,mcnode19.user-mongodb-7745bbd78-67j8r,container_memory_working_set_bytes,204800.0
1739285775,mcnode19.user-memcached-59687c864d-cs925,container_memory_working_set_bytes,1945600.0
1739285775,mcnode19.home-timeline-service-5754ffbc6d-9mv6t,container_memory_working_set_bytes,1294336.0
1739285775,mcnode19.media-mongodb-7b64c59567-zch5l,container_memory_working_set_bytes,208896.0
1739285775,mcnode19.media-service-6c665c775d-g4kpq,container_memory_working_set_bytes,1290240.0
1739285775,mcnode19.social-graph-service-677dbc655c-gbgnr,container_memory_working_set_bytes,1556480.0
1739285775,mcnode19.media-frontend-6b66b95ff4-42gfw,container_memory_working_set_bytes,204800.0
1739285775,mcnode19.user-timeline-mongodb-6758898d48-8pxfm,container_memory_working_set_bytes,60022784.0
1739285775,mcnode19.social-graph-mongodb-55df767ff5-btmlt,container_memory_working_set_bytes,59355136.0
1739285775,mcnode19.user-timeline-redis-67cc95bc57-tvbsv,container_memory_working_set_bytes,200704.0
1739285775,mcnode19.jaeger-67997f9775-4vfpk,container_memory_working_set_bytes,8777728.0
1739285775,mcnode19.user-timeline-service-664c7f6696-khsj2,container_memory_working_set_bytes,208896.0
1739285775,mcnode19.user-mongodb-7745bbd78-67j8r,container_memory_working_set_bytes,59588608.0
1739285775,mcnode19.user-mongodb-7745bbd78-67j8r,container_memory_working_set_bytes,59330560.0
1739285775,mcnode19.media-service-6c665c775d-g4kpq,container_memory_working_set_bytes,204800.0
1739285775,mcnode19.media-frontend-6b66b95ff4-42gfw,container_memory_working_set_bytes,15278080.0
1739285775,mcnode19.media-frontend-6b66b95ff4-42gfw,container_memory_working_set_bytes,61960192.0
1739285775,mcnode19.post-storage-service-66c9966f5f-n8b8r,container_memory_working_set_bytes,1806336.0
1739285775,mcnode19.post-storage-service-66c9966f5f-n8b8r,container_memory_working_set_bytes,204800.0
1739285775,mcnode19.unique-id-service-694497b678-mdr5g,container_memory_working_set_bytes,208896.0
1739285775,mcnode19.post-storage-mongodb-5579669d8c-thwth,container_memory_working_set_bytes,200704.0
1739285775,mcnode19.url-shorten-memcached-6546746864-fwgsl,container_memory_working_set_bytes,1662976.0
1739285775,mcnode19.media-memcached-7889bdfdfb-8kfqd,container_memory_working_set_bytes,1921024.0
1739285775,mcnode19.url-shorten-service-66949ddcc4-rpdsp,container_memory_working_set_bytes,1798144.0
1739285775,mcnode19.unique-id-service-694497b678-mdr5g,container_memory_working_set_bytes,1273856.0
1739285775,mcnode19.user-service-547b88cd8f-ckrf5,container_memory_working_set_bytes,208896.0
1739285775,mcnode19.compose-post-service-f587bf89d-wxzgx,container_memory_working_set_bytes,1015808.0
1739285775,mcnode19.home-timeline-redis-6c6647df6f-kxwd7,container_memory_working_set_bytes,200704.0
1739285775,mcnode19.user-mention-service-5c4f566c5-f44t2,container_memory_working_set_bytes,204800.0
1739285775,mcnode19.user-service-547b88cd8f-ckrf5,container_memory_working_set_bytes,2064384.0
1739285775,mcnode19.media-mongodb-7b64c59567-zch5l,container_memory_working_set_bytes,58982400.0
1739285775,mcnode19.social-graph-redis-5bbd5b7458-z2trh,container_memory_working_set_bytes,2846720.0
1739285775,mcnode19.media-frontend-6b66b95ff4-42gfw,container_memory_working_set_bytes,11198464.0
1739285775,mcnode19.jaeger-67997f9775-4vfpk,container_memory_working_set_bytes,204800.0
1739285775,mcnode19.post-storage-mongodb-5579669d8c-thwth,container_memory_working_set_bytes,59666432.0
1739285775,mcnode19.post-storage-service-66c9966f5f-n8b8r,container_memory_working_set_bytes,2060288.0
1739285775,mcnode19.social-graph-redis-5bbd5b7458-z2trh,container_memory_working_set_bytes,204800.0
1739285775,mcnode19.user-mention-service-5c4f566c5-f44t2,container_memory_working_set_bytes,1949696.0
1739285775,mcnode19.user-memcached-59687c864d-cs925,container_memory_working_set_bytes,204800.0
1739285775,mcnode19.user-timeline-mongodb-6758898d48-8pxfm,container_memory_working_set_bytes,200704.0
1739285775,mcnode19.home-timeline-service-5754ffbc6d-9mv6t,container_memory_working_set_bytes,204800.0
1739285775,mcnode19.media-memcached-7889bdfdfb-8kfqd,container_memory_working_set_bytes,200704.0
1739285775,mcnode19.url-shorten-service-66949ddcc4-rpdsp,container_memory_working_set_bytes,2052096.0
1739285775,mcnode19.user-memcached-59687c864d-cs925,container_memory_working_set_bytes,1691648.0
1739285775,mcnode19.home-timeline-redis-6c6647df6f-kxwd7,container_memory_working_set_bytes,2719744.0
1739285775,mcnode19.text-service-fff64b8bf-8xjtr,container_memory_working_set_bytes,1011712.0
1739285775,mcnode19.url-shorten-service-66949ddcc4-rpdsp,container_memory_working_set_bytes,204800.0
1739285775,mcnode19.social-graph-redis-5bbd5b7458-z2trh,container_memory_working_set_bytes,2592768.0
1739285775,mcnode19.media-service-6c665c775d-g4kpq,container_memory_working_set_bytes,1036288.0
1739285775,mcnode19.user-timeline-redis-67cc95bc57-tvbsv,container_memory_working_set_bytes,2834432.0
1739285775,mcnode19.user-timeline-mongodb-6758898d48-8pxfm,container_memory_working_set_bytes,59641856.0
1739285775,mcnode19.user-timeline-redis-67cc95bc57-tvbsv,container_memory_working_set_bytes,2584576.0
1739285775,mcnode19.compose-post-service-f587bf89d-wxzgx,container_memory_working_set_bytes,204800.0
1739285775,mcnode19.text-service-fff64b8bf-8xjtr,container_memory_working_set_bytes,1265664.0
1739285775,mcnode19.media-memcached-7889bdfdfb-8kfqd,container_memory_working_set_bytes,1671168.0
1739285775,mcnode19.compose-post-service-f587bf89d-wxzgx,container_memory_working_set_bytes,1269760.0
1739285775,mcnode19.nginx-thrift-79478f9bf5-f9xwm,container_memory_working_set_bytes,62767104.0
1739285775,mcnode19.url-shorten-memcached-6546746864-fwgsl,container_memory_working_set_bytes,1916928.0
1739285775,mcnode19.text-service-fff64b8bf-8xjtr,container_memory_working_set_bytes,204800.0
1739285775,mcnode19.media-mongodb-7b64c59567-zch5l,container_memory_working_set_bytes,58724352.0
1739285775,mcnode19.user-service-547b88cd8f-ckrf5,container_memory_working_set_bytes,1806336.0
1739285775,mcnode19.user-timeline-service-664c7f6696-khsj2,container_memory_working_set_bytes,1560576.0
1739285775,mcnode19.url-shorten-memcached-6546746864-fwgsl,container_memory_working_set_bytes,204800.0
1739285775,mcnode19.post-storage-mongodb-5579669d8c-thwth,container_memory_working_set_bytes,59416576.0
1739285775,mcnode19.nginx-thrift-79478f9bf5-f9xwm,container_memory_working_set_bytes,11931648.0
1739285775,mcnode19.social-graph-service-677dbc655c-gbgnr,container_memory_working_set_bytes,1814528.0
1739285775,mcnode19.post-storage-memcached-6b75788fc6-92vl7,container_memory_working_set_bytes,1937408.0
1739285775,mcnode19.post-storage-memcached-6b75788fc6-92vl7,container_memory_working_set_bytes,200704.0
1739285775,mcnode19.user-timeline-service-664c7f6696-khsj2,container_memory_working_set_bytes,1818624.0
1739285775,mcnode19.post-storage-memcached-6b75788fc6-92vl7,container_memory_working_set_bytes,1687552.0
1739285775,mcnode19.social-graph-mongodb-55df767ff5-btmlt,container_memory_working_set_bytes,59604992.0
1739285775,mcnode19.social-graph-service-677dbc655c-gbgnr,container_memory_working_set_bytes,208896.0
1739285775,mcnode19.home-timeline-redis-6c6647df6f-kxwd7,container_memory_working_set_bytes,2969600.0
1739285775,mcnode19.nginx-thrift-79478f9bf5-f9xwm,container_memory_working_set_bytes,200704.0
1739285775,mcnode19.social-graph-mongodb-55df767ff5-btmlt,container_memory_working_set_bytes,204800.0
1739285790,mcnode19.post-storage-mongodb-5579669d8c-thwth,container_memory_working_set_bytes,200704.0
1739285790,mcnode19.nginx-thrift-79478f9bf5-f9xwm,container_memory_working_set_bytes,11931648.0
1739285790,mcnode19.post-storage-memcached-6b75788fc6-92vl7,container_memory_working_set_bytes,1687552.0
1739285790,mcnode19.jaeger-67997f9775-4vfpk,container_memory_working_set_bytes,204800.0
1739285790,mcnode19.media-memcached-7889bdfdfb-8kfqd,container_memory_working_set_bytes,200704.0
1739285790,mcnode19.user-timeline-mongodb-6758898d48-8pxfm,container_memory_working_set_bytes,59641856.0
1739285790,mcnode19.user-service-547b88cd8f-ckrf5,container_memory_working_set_bytes,1806336.0
1739285790,mcnode19.url-shorten-service-66949ddcc4-rpdsp,container_memory_working_set_bytes,204800.0
1739285790,mcnode19.user-timeline-mongodb-6758898d48-8pxfm,container_memory_working_set_bytes,200704.0
1739285790,mcnode19.home-timeline-redis-6c6647df6f-kxwd7,container_memory_working_set_bytes,2719744.0
1739285790,mcnode19.user-timeline-service-664c7f6696-khsj2,container_memory_working_set_bytes,1560576.0
1739285790,mcnode19.media-frontend-6b66b95ff4-42gfw,container_memory_working_set_bytes,11198464.0
1739285790,mcnode19.home-timeline-redis-6c6647df6f-kxwd7,container_memory_working_set_bytes,200704.0
1739285790,mcnode19.url-shorten-service-66949ddcc4-rpdsp,container_memory_working_set_bytes,2052096.0
1739285790,mcnode19.text-service-fff64b8bf-8xjtr,container_memory_working_set_bytes,1265664.0
1739285790,mcnode19.user-memcached-59687c864d-cs925,container_memory_working_set_bytes,204800.0
1739285790,mcnode19.url-shorten-service-66949ddcc4-rpdsp,container_memory_working_set_bytes,1798144.0
1739285790,mcnode19.nginx-thrift-79478f9bf5-f9xwm,container_memory_working_set_bytes,200704.0
1739285790,mcnode19.compose-post-service-f587bf89d-wxzgx,container_memory_working_set_bytes,1015808.0
1739285790,mcnode19.url-shorten-memcached-6546746864-fwgsl,container_memory_working_set_bytes,1662976.0
1739285790,mcnode19.post-storage-memcached-6b75788fc6-92vl7,container_memory_working_set_bytes,200704.0
1739285790,mcnode19.media-mongodb-7b64c59567-zch5l,container_memory_working_set_bytes,58724352.0
1739285790,mcnode19.user-mention-service-5c4f566c5-f44t2,container_memory_working_set_bytes,204800.0
1739285790,mcnode19.user-service-547b88cd8f-ckrf5,container_memory_working_set_bytes,208896.0
1739285790,mcnode19.home-timeline-service-5754ffbc6d-9mv6t,container_memory_working_set_bytes,204800.0
1739285790,mcnode19.social-graph-redis-5bbd5b7458-z2trh,container_memory_working_set_bytes,2846720.0
1739285790,mcnode19.social-graph-service-677dbc655c-gbgnr,container_memory_working_set_bytes,1556480.0
1739285790,mcnode19.media-mongodb-7b64c59567-zch5l,container_memory_working_set_bytes,58982400.0
1739285790,mcnode19.social-graph-service-677dbc655c-gbgnr,container_memory_working_set_bytes,1814528.0
1739285790,mcnode19.social-graph-redis-5bbd5b7458-z2trh,container_memory_working_set_bytes,2592768.0
1739285790,mcnode19.user-timeline-redis-67cc95bc57-tvbsv,container_memory_working_set_bytes,2584576.0
1739285790,mcnode19.post-storage-mongodb-5579669d8c-thwth,container_memory_working_set_bytes,59666432.0
1739285790,mcnode19.unique-id-service-694497b678-mdr5g,container_memory_working_set_bytes,1273856.0
1739285790,mcnode19.url-shorten-memcached-6546746864-fwgsl,container_memory_working_set_bytes,1916928.0
1739285790,mcnode19.social-graph-redis-5bbd5b7458-z2trh,container_memory_working_set_bytes,204800.0
1739285790,mcnode19.user-service-547b88cd8f-ckrf5,container_memory_working_set_bytes,2064384.0
1739285790,mcnode19.user-mention-service-5c4f566c5-f44t2,container_memory_working_set_bytes,1949696.0
1739285790,mcnode19.post-storage-memcached-6b75788fc6-92vl7,container_memory_working_set_bytes,1937408.0
1739285790,mcnode19.home-timeline-service-5754ffbc6d-9mv6t,container_memory_working_set_bytes,1294336.0
1739285790,mcnode19.user-memcached-59687c864d-cs925,container_memory_working_set_bytes,1691648.0
1739285790,mcnode19.post-storage-service-66c9966f5f-n8b8r,container_memory_working_set_bytes,204800.0
1739285790,mcnode19.compose-post-service-f587bf89d-wxzgx,container_memory_working_set_bytes,204800.0
1739285790,mcnode19.post-storage-service-66c9966f5f-n8b8r,container_memory_working_set_bytes,1806336.0
1739285790,mcnode19.unique-id-service-694497b678-mdr5g,container_memory_working_set_bytes,1015808.0
1739285790,mcnode19.media-frontend-6b66b95ff4-42gfw,container_memory_working_set_bytes,204800.0
1739285790,mcnode19.nginx-thrift-79478f9bf5-f9xwm,container_memory_working_set_bytes,62767104.0
1739285790,mcnode19.text-service-fff64b8bf-8xjtr,container_memory_working_set_bytes,204800.0
1739285790,mcnode19.user-timeline-redis-67cc95bc57-tvbsv,container_memory_working_set_bytes,200704.0
1739285790,mcnode19.jaeger-67997f9775-4vfpk,container_memory_working_set_bytes,8777728.0
1739285790,mcnode19.compose-post-service-f587bf89d-wxzgx,container_memory_working_set_bytes,1269760.0
1739285790,mcnode19.media-service-6c665c775d-g4kpq,container_memory_working_set_bytes,1290240.0
1739285790,mcnode19.user-timeline-service-664c7f6696-khsj2,container_memory_working_set_bytes,208896.0
1739285790,mcnode19.post-storage-mongodb-5579669d8c-thwth,container_memory_working_set_bytes,59416576.0
1739285790,mcnode19.user-mongodb-7745bbd78-67j8r,container_memory_working_set_bytes,59330560.0
1739285790,mcnode19.media-service-6c665c775d-g4kpq,container_memory_working_set_bytes,204800.0
1739285790,mcnode19.post-storage-service-66c9966f5f-n8b8r,container_memory_working_set_bytes,2060288.0
1739285790,mcnode19.social-graph-mongodb-55df767ff5-btmlt,container_memory_working_set_bytes,59604992.0
1739285790,mcnode19.media-frontend-6b66b95ff4-42gfw,container_memory_working_set_bytes,61960192.0
1739285790,mcnode19.user-timeline-service-664c7f6696-khsj2,container_memory_working_set_bytes,1818624.0
1739285790,mcnode19.media-frontend-6b66b95ff4-42gfw,container_memory_working_set_bytes,15278080.0
1739285790,mcnode19.user-mongodb-7745bbd78-67j8r,container_memory_working_set_bytes,59588608.0
1739285790,mcnode19.user-timeline-mongodb-6758898d48-8pxfm,container_memory_working_set_bytes,60022784.0
1739285790,mcnode19.user-mongodb-7745bbd78-67j8r,container_memory_working_set_bytes,204800.0
1739285790,mcnode19.media-mongodb-7b64c59567-zch5l,container_memory_working_set_bytes,208896.0
1739285790,mcnode19.media-memcached-7889bdfdfb-8kfqd,container_memory_working_set_bytes,1921024.0
1739285790,mcnode19.home-timeline-redis-6c6647df6f-kxwd7,container_memory_working_set_bytes,2969600.0
1739285790,mcnode19.user-mention-service-5c4f566c5-f44t2,container_memory_working_set_bytes,1695744.0
1739285790,mcnode19.user-memcached-59687c864d-cs925,container_memory_working_set_bytes,1945600.0
1739285790,mcnode19.home-timeline-service-5754ffbc6d-9mv6t,container_memory_working_set_bytes,1040384.0
1739285790,mcnode19.text-service-fff64b8bf-8xjtr,container_memory_working_set_bytes,1011712.0
1739285790,mcnode19.social-graph-service-677dbc655c-gbgnr,container_memory_working_set_bytes,208896.0
1739285790,mcnode19.unique-id-service-694497b678-mdr5g,container_memory_working_set_bytes,208896.0
1739285790,mcnode19.social-graph-mongodb-55df767ff5-btmlt,container_memory_working_set_bytes,59355136.0
1739285790,mcnode19.media-service-6c665c775d-g4kpq,container_memory_working_set_bytes,1036288.0
1739285790,mcnode19.media-memcached-7889bdfdfb-8kfqd,container_memory_working_set_bytes,1671168.0
1739285790,mcnode19.social-graph-mongodb-55df767ff5-btmlt,container_memory_working_set_bytes,204800.0
1739285790,mcnode19.jaeger-67997f9775-4vfpk,container_memory_working_set_bytes,9031680.0
1739285790,mcnode19.url-shorten-memcached-6546746864-fwgsl,container_memory_working_set_bytes,204800.0
1739285790,mcnode19.user-timeline-redis-67cc95bc57-tvbsv,container_memory_working_set_bytes,2834432.0
1739285805,mcnode19.text-service-fff64b8bf-8xjtr,container_memory_working_set_bytes,1011712.0
1739285805,mcnode19.user-timeline-mongodb-6758898d48-8pxfm,container_memory_working_set_bytes,59641856.0
1739285805,mcnode19.url-shorten-memcached-6546746864-fwgsl,container_memory_working_set_bytes,1662976.0
1739285805,mcnode19.social-graph-mongodb-55df767ff5-btmlt,container_memory_working_set_bytes,204800.0
1739285805,mcnode19.user-mongodb-7745bbd78-67j8r,container_memory_working_set_bytes,59588608.0
1739285805,mcnode19.media-service-6c665c775d-g4kpq,container_memory_working_set_bytes,1036288.0
1739285805,mcnode19.home-timeline-redis-6c6647df6f-kxwd7,container_memory_working_set_bytes,200704.0
1739285805,mcnode19.media-mongodb-7b64c59567-zch5l,container_memory_working_set_bytes,58724352.0
1739285805,mcnode19.nginx-thrift-79478f9bf5-f9xwm,container_memory_working_set_bytes,11931648.0
1739285805,mcnode19.user-timeline-redis-67cc95bc57-tvbsv,container_memory_working_set_bytes,2584576.0
1739285805,mcnode19.user-mongodb-7745bbd78-67j8r,container_memory_working_set_bytes,204800.0
1739285805,mcnode19.media-frontend-6b66b95ff4-42gfw,container_memory_working_set_bytes,11198464.0
1739285805,mcnode19.social-graph-service-677dbc655c-gbgnr,container_memory_working_set_bytes,1556480.0
1739285805,mcnode19.user-service-547b88cd8f-ckrf5,container_memory_working_set_bytes,2064384.0
1739285805,mcnode19.media-mongodb-7b64c59567-zch5l,container_memory_working_set_bytes,208896.0
1739285805,mcnode19.unique-id-service-694497b678-mdr5g,container_memory_working_set_bytes,208896.0
1739285805,mcnode19.unique-id-service-694497b678-mdr5g,container_memory_working_set_bytes,1273856.0
1739285805,mcnode19.social-graph-redis-5bbd5b7458-z2trh,container_memory_working_set_bytes,204800.0
1739285805,mcnode19.unique-id-service-694497b678-mdr5g,container_memory_working_set_bytes,1015808.0
1739285805,mcnode19.user-timeline-mongodb-6758898d48-8pxfm,container_memory_working_set_bytes,200704.0
1739285805,mcnode19.compose-post-service-f587bf89d-wxzgx,container_memory_working_set_bytes,204800.0
1739285805,mcnode19.compose-post-service-f587bf89d-wxzgx,container_memory_working_set_bytes,1269760.0
1739285805,mcnode19.user-timeline-mongodb-6758898d48-8pxfm,container_memory_working_set_bytes,60022784.0
1739285805,mcnode19.user-mention-service-5c4f566c5-f44t2,container_memory_working_set_bytes,1949696.0
1739285805,mcnode19.nginx-thrift-79478f9bf5-f9xwm,container_memory_working_set_bytes,200704.0
1739285805,mcnode19.user-memcached-59687c864d-cs925,container_memory_working_set_bytes,1945600.0
1739285805,mcnode19.social-graph-service-677dbc655c-gbgnr,container_memory_working_set_bytes,208896.0
1739285805,mcnode19.nginx-thrift-79478f9bf5-f9xwm,container_memory_working_set_bytes,62767104.0
1739285805,mcnode19.media-memcached-7889bdfdfb-8kfqd,container_memory_working_set_bytes,1671168.0
1739285805,mcnode19.home-timeline-service-5754ffbc6d-9mv6t,container_memory_working_set_bytes,1040384.0
1739285805,mcnode19.jaeger-67997f9775-4vfpk,container_memory_working_set_bytes,9031680.0
1739285805,mcnode19.user-timeline-redis-67cc95bc57-tvbsv,container_memory_working_set_bytes,2834432.0
1739285805,mcnode19.url-shorten-memcached-6546746864-fwgsl,container_memory_working_set_bytes,204800.0
1739285805,mcnode19.media-service-6c665c775d-g4kpq,container_memory_working_set_bytes,1290240.0
1739285805,mcnode19.post-storage-service-66c9966f5f-n8b8r,container_memory_working_set_bytes,1806336.0
1739285805,mcnode19.text-service-fff64b8bf-8xjtr,container_memory_working_set_bytes,204800.0
1739285805,mcnode19.social-graph-mongodb-55df767ff5-btmlt,container_memory_working_set_bytes,59355136.0
1739285805,mcnode19.user-mention-service-5c4f566c5-f44t2,container_memory_working_set_bytes,1695744.0
1739285805,mcnode19.media-frontend-6b66b95ff4-42gfw,container_memory_working_set_bytes,204800.0
1739285805,mcnode19.user-timeline-service-664c7f6696-khsj2,container_memory_working_set_bytes,208896.0
1739285805,mcnode19.user-mongodb-7745bbd78-67j8r,container_memory_working_set_bytes,59330560.0
1739285805,mcnode19.user-timeline-redis-67cc95bc57-tvbsv,container_memory_working_set_bytes,200704.0
1739285805,mcnode19.post-storage-mongodb-5579669d8c-thwth,container_memory_working_set_bytes,59416576.0
1739285805,mcnode19.media-frontend-6b66b95ff4-42gfw,container_memory_working_set_bytes,61960192.0
1739285805,mcnode19.media-service-6c665c775d-g4kpq,container_memory_working_set_bytes,204800.0
1739285805,mcnode19.jaeger-67997f9775-4vfpk,container_memory_working_set_bytes,8777728.0
1739285805,mcnode19.media-frontend-6b66b95ff4-42gfw,container_memory_working_set_bytes,15278080.0
1739285805,mcnode19.user-timeline-service-664c7f6696-khsj2,container_memory_working_set_bytes,1818624.0
1739285805,mcnode19.text-service-fff64b8bf-8xjtr,container_memory_working_set_bytes,1265664.0
1739285805,mcnode19.post-storage-service-66c9966f5f-n8b8r,container_memory_working_set_bytes,2060288.0
1739285805,mcnode19.media-memcached-7889bdfdfb-8kfqd,container_memory_working_set_bytes,1921024.0
1739285805,mcnode19.post-storage-memcached-6b75788fc6-92vl7,container_memory_working_set_bytes,1687552.0
1739285805,mcnode19.post-storage-mongodb-5579669d8c-thwth,container_memory_working_set_bytes,200704.0
1739285805,mcnode19.post-storage-memcached-6b75788fc6-92vl7,container_memory_working_set_bytes,200704.0
1739285805,mcnode19.compose-post-service-f587bf89d-wxzgx,container_memory_working_set_bytes,1015808.0
1739285805,mcnode19.home-timeline-service-5754ffbc6d-9mv6t,container_memory_working_set_bytes,1294336.0
1739285805,mcnode19.user-mention-service-5c4f566c5-f44t2,container_memory_working_set_bytes,204800.0
1739285805,mcnode19.user-service-547b88cd8f-ckrf5,container_memory_working_set_bytes,208896.0
1739285805,mcnode19.social-graph-redis-5bbd5b7458-z2trh,container_memory_working_set_bytes,2846720.0
1739285805,mcnode19.media-mongodb-7b64c59567-zch5l,container_memory_working_set_bytes,58982400.0
1739285805,mcnode19.social-graph-service-677dbc655c-gbgnr,container_memory_working_set_bytes,1814528.0
1739285805,mcnode19.social-graph-redis-5bbd5b7458-z2trh,container_memory_working_set_bytes,2592768.0
1739285805,mcnode19.url-shorten-service-66949ddcc4-rpdsp,container_memory_working_set_bytes,1798144.0
1739285805,mcnode19.post-storage-mongodb-5579669d8c-thwth,container_memory_working_set_bytes,59666432.0
1739285805,mcnode19.home-timeline-service-5754ffbc6d-9mv6t,container_memory_working_set_bytes,204800.0
1739285805,mcnode19.user-memcached-59687c864d-cs925,container_memory_working_set_bytes,1691648.0
1739285805,mcnode19.url-shorten-memcached-6546746864-fwgsl,container_memory_working_set_bytes,1916928.0
1739285805,mcnode19.post-storage-memcached-6b75788fc6-92vl7,container_memory_working_set_bytes,1937408.0
1739285805,mcnode19.user-memcached-59687c864d-cs925,container_memory_working_set_bytes,204800.0
1739285805,mcnode19.home-timeline-redis-6c6647df6f-kxwd7,container_memory_working_set_bytes,2969600.0
1739285805,mcnode19.user-service-547b88cd8f-ckrf5,container_memory_working_set_bytes,1806336.0
1739285805,mcnode19.media-memcached-7889bdfdfb-8kfqd,container_memory_working_set_bytes,200704.0
1739285805,mcnode19.home-timeline-redis-6c6647df6f-kxwd7,container_memory_working_set_bytes,2719744.0
1739285805,mcnode19.url-shorten-service-66949ddcc4-rpdsp,container_memory_working_set_bytes,2052096.0
1739285805,mcnode19.user-timeline-service-664c7f6696-khsj2,container_memory_working_set_bytes,1560576.0
1739285805,mcnode19.url-shorten-service-66949ddcc4-rpdsp,container_memory_working_set_bytes,204800.0
1739285805,mcnode19.post-storage-service-66c9966f5f-n8b8r,container_memory_working_set_bytes,204800.0
1739285805,mcnode19.jaeger-67997f9775-4vfpk,container_memory_working_set_bytes,204800.0
1739285805,mcnode19.social-graph-mongodb-55df767ff5-btmlt,container_memory_working_set_bytes,59604992.0
1739285820,mcnode19.home-timeline-redis-6c6647df6f-kxwd7,container_memory_working_set_bytes,2969600.0
1739285820,mcnode19.home-timeline-service-5754ffbc6d-9mv6t,container_memory_working_set_bytes,204800.0
1739285820,mcnode19.home-timeline-service-5754ffbc6d-9mv6t,container_memory_working_set_bytes,1294336.0
1739285820,mcnode19.compose-post-service-f587bf89d-wxzgx,container_memory_working_set_bytes,1269760.0
1739285820,mcnode19.unique-id-service-694497b678-mdr5g,container_memory_working_set_bytes,1273856.0
1739285820,mcnode19.url-shorten-service-66949ddcc4-rpdsp,container_memory_working_set_bytes,1798144.0
1739285820,mcnode19.user-memcached-59687c864d-cs925,container_memory_working_set_bytes,1691648.0
1739285820,mcnode19.user-mention-service-5c4f566c5-f44t2,container_memory_working_set_bytes,1695744.0
1739285820,mcnode19.user-mongodb-7745bbd78-67j8r,container_memory_working_set_bytes,59330560.0
1739285820,mcnode19.user-service-547b88cd8f-ckrf5,container_memory_working_set_bytes,1806336.0
1739285820,mcnode19.user-timeline-mongodb-6758898d48-8pxfm,container_memory_working_set_bytes,59641856.0
1739285820,mcnode19.user-timeline-redis-67cc95bc57-tvbsv,container_memory_working_set_bytes,2584576.0
1739285820,mcnode19.user-timeline-service-664c7f6696-khsj2,container_memory_working_set_bytes,1560576.0
1739285820,mcnode19.post-storage-service-66c9966f5f-n8b8r,container_memory_working_set_bytes,2060288.0
1739285820,mcnode19.post-storage-service-66c9966f5f-n8b8r,container_memory_working_set_bytes,204800.0
1739285820,mcnode19.media-mongodb-7b64c59567-zch5l,container_memory_working_set_bytes,58982400.0
1739285820,mcnode19.media-mongodb-7b64c59567-zch5l,container_memory_working_set_bytes,208896.0
1739285820,mcnode19.user-timeline-mongodb-6758898d48-8pxfm,container_memory_working_set_bytes,60022784.0
1739285820,mcnode19.user-timeline-mongodb-6758898d48-8pxfm,container_memory_working_set_bytes,200704.0
1739285820,mcnode19.media-memcached-7889bdfdfb-8kfqd,container_memory_working_set_bytes,1921024.0
1739285820,mcnode19.url-shorten-memcached-6546746864-fwgsl,container_memory_working_set_bytes,1662976.0
1739285820,mcnode19.media-memcached-7889bdfdfb-8kfqd,container_memory_working_set_bytes,200704.0
1739285820,mcnode19.unique-id-service-694497b678-mdr5g,container_memory_working_set_bytes,1015808.0
1739285820,mcnode19.social-graph-service-677dbc655c-gbgnr,container_memory_working_set_bytes,1556480.0
1739285820,mcnode19.media-frontend-6b66b95ff4-42gfw,container_memory_working_set_bytes,11198464.0
1739285820,mcnode19.compose-post-service-f587bf89d-wxzgx,container_memory_working_set_bytes,1015808.0
1739285820,mcnode19.home-timeline-redis-6c6647df6f-kxwd7,container_memory_working_set_bytes,2719744.0
1739285820,mcnode19.home-timeline-service-5754ffbc6d-9mv6t,container_memory_working_set_bytes,1040384.0
1739285820,mcnode19.jaeger-67997f9775-4vfpk,container_memory_working_set_bytes,8777728.0
1739285820,mcnode19.media-frontend-6b66b95ff4-42gfw,container_memory_working_set_bytes,15278080.0
1739285820,mcnode19.media-memcached-7889bdfdfb-8kfqd,container_memory_working_set_bytes,1671168.0
1739285820,mcnode19.media-mongodb-7b64c59567-zch5l,container_memory_working_set_bytes,58724352.0
1739285820,mcnode19.media-service-6c665c775d-g4kpq,container_memory_working_set_bytes,1036288.0
1739285820,mcnode19.nginx-thrift-79478f9bf5-f9xwm,container_memory_working_set_bytes,11931648.0
1739285820,mcnode19.post-storage-memcached-6b75788fc6-92vl7,container_memory_working_set_bytes,1687552.0
1739285820,mcnode19.post-storage-mongodb-5579669d8c-thwth,container_memory_working_set_bytes,59416576.0
1739285820,mcnode19.post-storage-service-66c9966f5f-n8b8r,container_memory_working_set_bytes,1806336.0
1739285820,mcnode19.social-graph-mongodb-55df767ff5-btmlt,container_memory_working_set_bytes,59355136.0
1739285820,mcnode19.social-graph-redis-5bbd5b7458-z2trh,container_memory_working_set_bytes,2592768.0
1739285820,mcnode19.text-service-fff64b8bf-8xjtr,container_memory_working_set_bytes,1011712.0
1739285820,mcnode19.unique-id-service-694497b678-mdr5g,container_memory_working_set_bytes,208896.0
1739285820,mcnode19.url-shorten-service-66949ddcc4-rpdsp,container_memory_working_set_bytes,2052096.0
1739285820,mcnode19.media-service-6c665c775d-g4kpq,container_memory_working_set_bytes,1290240.0
1739285820,mcnode19.user-timeline-redis-67cc95bc57-tvbsv,container_memory_working_set_bytes,200704.0
1739285820,mcnode19.text-service-fff64b8bf-8xjtr,container_memory_working_set_bytes,1265664.0
1739285820,mcnode19.text-service-fff64b8bf-8xjtr,container_memory_working_set_bytes,204800.0
1739285820,mcnode19.post-storage-memcached-6b75788fc6-92vl7,container_memory_working_set_bytes,1937408.0
1739285820,mcnode19.post-storage-memcached-6b75788fc6-92vl7,container_memory_working_set_bytes,200704.0
1739285820,mcnode19.social-graph-mongodb-55df767ff5-btmlt,container_memory_working_set_bytes,59604992.0
1739285820,mcnode19.social-graph-mongodb-55df767ff5-btmlt,container_memory_working_set_bytes,204800.0
1739285820,mcnode19.social-graph-service-677dbc655c-gbgnr,container_memory_working_set_bytes,1814528.0
1739285820,mcnode19.social-graph-service-677dbc655c-gbgnr,container_memory_working_set_bytes,208896.0
1739285820,mcnode19.user-timeline-service-664c7f6696-khsj2,container_memory_working_set_bytes,1818624.0
1739285820,mcnode19.user-timeline-service-664c7f6696-khsj2,container_memory_working_set_bytes,208896.0
1739285820,mcnode19.jaeger-67997f9775-4vfpk,container_memory_working_set_bytes,9031680.0
1739285820,mcnode19.jaeger-67997f9775-4vfpk,container_memory_working_set_bytes,204800.0
1739285820,mcnode19.user-mention-service-5c4f566c5-f44t2,container_memory_working_set_bytes,1949696.0
1739285820,mcnode19.user-mention-service-5c4f566c5-f44t2,container_memory_working_set_bytes,204800.0
1739285820,mcnode19.user-timeline-redis-67cc95bc57-tvbsv,container_memory_working_set_bytes,2834432.0
1739285820,mcnode19.url-shorten-service-66949ddcc4-rpdsp,container_memory_working_set_bytes,204800.0
1739285820,mcnode19.post-storage-mongodb-5579669d8c-thwth,container_memory_working_set_bytes,200704.0
1739285820,mcnode19.user-service-547b88cd8f-ckrf5,container_memory_working_set_bytes,208896.0
1739285820,mcnode19.media-service-6c665c775d-g4kpq,container_memory_working_set_bytes,204800.0
1739285820,mcnode19.nginx-thrift-79478f9bf5-f9xwm,container_memory_working_set_bytes,62767104.0
1739285820,mcnode19.nginx-thrift-79478f9bf5-f9xwm,container_memory_working_set_bytes,200704.0
1739285820,mcnode19.compose-post-service-f587bf89d-wxzgx,container_memory_working_set_bytes,204800.0
1739285820,mcnode19.url-shorten-memcached-6546746864-fwgsl,container_memory_working_set_bytes,1916928.0
1739285820,mcnode19.url-shorten-memcached-6546746864-fwgsl,container_memory_working_set_bytes,204800.0
1739285820,mcnode19.media-frontend-6b66b95ff4-42gfw,container_memory_working_set_bytes,61960192.0
1739285820,mcnode19.media-frontend-6b66b95ff4-42gfw,container_memory_working_set_bytes,204800.0
1739285820,mcnode19.user-memcached-59687c864d-cs925,container_memory_working_set_bytes,1945600.0
1739285820,mcnode19.user-memcached-59687c864d-cs925,container_memory_working_set_bytes,204800.0
1739285820,mcnode19.social-graph-redis-5bbd5b7458-z2trh,container_memory_working_set_bytes,2846720.0
1739285820,mcnode19.social-graph-redis-5bbd5b7458-z2trh,container_memory_working_set_bytes,204800.0
1739285820,mcnode19.user-mongodb-7745bbd78-67j8r,container_memory_working_set_bytes,59588608.0
1739285820,mcnode19.user-mongodb-7745bbd78-67j8r,container_memory_working_set_bytes,204800.0
1739285820,mcnode19.user-service-547b88cd8f-ckrf5,container_memory_working_set_bytes,2064384.0
1739285820,mcnode19.post-storage-mongodb-5579669d8c-thwth,container_memory_working_set_bytes,59666432.0
1739285820,mcnode19.home-timeline-redis-6c6647df6f-kxwd7,container_memory_working_set_bytes,200704.0
