timestamp,cmdb_id,kpi_name,value
1744886539,kashef-k8s-ctl.user-memcached-59687c864d-d4tkv,container_memory_cache,0.0
1744886539,kashef-k8s-ctl.user-mention-service-5c4f566c5-pxpzx,container_memory_cache,0.0
1744886539,kashef-k8s-ctl.user-timeline-mongodb-6758898d48-fwnts,container_memory_cache,0.0
1744886539,kashef-k8s-ctl.user-mongodb-7745bbd78-7njl7,container_memory_cache,0.0
1744886539,kashef-k8s-ctl.unique-id-service-694497b678-kz4kq,container_memory_cache,0.0
1744886539,kashef-k8s-ctl.url-shorten-mongodb-57c886d5f8-g8ssb,container_memory_cache,0.0
1744886539,kashef-k8s-ctl.home-timeline-service-5754ffbc6d-2g86b,container_memory_cache,0.0
1744886539,kashef-k8s-w1.nginx-thrift-79478f9bf5-d992x,container_memory_cache,0.0
1744886539,kashef-k8s-ctl.home-timeline-redis-6c6647df6f-ws9vj,container_memory_cache,0.0
1744886539,kashef-k8s-ctl.post-storage-mongodb-5579669d8c-m6bdp,container_memory_cache,0.0
1744886539,kashef-k8s-w1.post-storage-memcached-6b75788fc6-qf227,container_memory_cache,0.0
1744886539,kashef-k8s-w1.media-memcached-7889bdfdfb-f9n92,container_memory_cache,0.0
1744886539,kashef-k8s-ctl.jaeger-67997f9775-cdp9g,container_memory_cache,0.0
1744886539,kashef-k8s-ctl.user-service-547b88cd8f-62khh,container_memory_cache,0.0
1744886539,kashef-k8s-ctl.media-frontend-6b66b95ff4-kw757,container_memory_cache,0.0
1744886539,kashef-k8s-w1.social-graph-mongodb-55df767ff5-7bdxk,container_memory_cache,0.0
1744886545,kashef-k8s-ctl.home-timeline-redis-6c6647df6f-ws9vj,container_memory_cache,0.0
1744886545,kashef-k8s-ctl.unique-id-service-694497b678-kz4kq,container_memory_cache,0.0
1744886545,kashef-k8s-w1.nginx-thrift-79478f9bf5-d992x,container_memory_cache,0.0
1744886545,kashef-k8s-ctl.home-timeline-service-5754ffbc6d-2g86b,container_memory_cache,0.0
1744886545,kashef-k8s-ctl.user-mention-service-5c4f566c5-pxpzx,container_memory_cache,0.0
1744886545,kashef-k8s-ctl.user-memcached-59687c864d-d4tkv,container_memory_cache,0.0
1744886545,kashef-k8s-ctl.user-timeline-mongodb-6758898d48-fwnts,container_memory_cache,0.0
1744886545,kashef-k8s-ctl.user-mongodb-7745bbd78-7njl7,container_memory_cache,0.0
1744886545,kashef-k8s-ctl.jaeger-67997f9775-cdp9g,container_memory_cache,0.0
1744886545,kashef-k8s-ctl.media-frontend-6b66b95ff4-kw757,container_memory_cache,0.0
1744886545,kashef-k8s-ctl.url-shorten-mongodb-57c886d5f8-g8ssb,container_memory_cache,0.0
1744886545,kashef-k8s-w1.social-graph-mongodb-55df767ff5-7bdxk,container_memory_cache,0.0
1744886545,kashef-k8s-ctl.post-storage-mongodb-5579669d8c-m6bdp,container_memory_cache,0.0
1744886545,kashef-k8s-ctl.user-service-547b88cd8f-62khh,container_memory_cache,0.0
1744886545,kashef-k8s-w1.media-memcached-7889bdfdfb-f9n92,container_memory_cache,0.0
1744886545,kashef-k8s-w1.post-storage-memcached-6b75788fc6-qf227,container_memory_cache,0.0
1744886551,kashef-k8s-w1.post-storage-service-66c9966f5f-prqxx,container_memory_cache,5959680.0
1744886551,kashef-k8s-ctl.user-mongodb-7745bbd78-7njl7,container_memory_cache,0.0
1744886551,kashef-k8s-w1.url-shorten-memcached-6546746864-4v94l,container_memory_cache,0.0
1744886551,kashef-k8s-ctl.unique-id-service-694497b678-kz4kq,container_memory_cache,0.0
1744886551,kashef-k8s-w1.user-timeline-service-664c7f6696-768fq,container_memory_cache,491520.0
1744886551,kashef-k8s-ctl.media-frontend-6b66b95ff4-kw757,container_memory_cache,0.0
1744886551,kashef-k8s-w1.social-graph-mongodb-55df767ff5-7bdxk,container_memory_cache,0.0
1744886551,kashef-k8s-ctl.jaeger-67997f9775-cdp9g,container_memory_cache,0.0
1744886551,kashef-k8s-ctl.home-timeline-service-5754ffbc6d-2g86b,container_memory_cache,0.0
1744886551,kashef-k8s-w1.social-graph-service-677dbc655c-wnhhr,container_memory_cache,1757184.0
1744886551,kashef-k8s-w1.nginx-thrift-79478f9bf5-d992x,container_memory_cache,0.0
1744886551,kashef-k8s-ctl.post-storage-mongodb-5579669d8c-m6bdp,container_memory_cache,0.0
1744886551,kashef-k8s-ctl.user-service-547b88cd8f-62khh,container_memory_cache,0.0
1744886551,kashef-k8s-w1.social-graph-redis-5bbd5b7458-82ltg,container_memory_cache,0.0
1744886551,kashef-k8s-w1.post-storage-memcached-6b75788fc6-qf227,container_memory_cache,0.0
1744886551,kashef-k8s-w1.media-service-6c665c775d-nmsvf,container_memory_cache,0.0
1744886551,kashef-k8s-w1.text-service-fff64b8bf-qp8rn,container_memory_cache,184320.0
1744886551,kashef-k8s-w1.compose-post-service-f587bf89d-gz47k,container_memory_cache,53248.0
1744886551,kashef-k8s-w1.media-memcached-7889bdfdfb-f9n92,container_memory_cache,0.0
1744886551,kashef-k8s-ctl.user-mention-service-5c4f566c5-pxpzx,container_memory_cache,0.0
1744886551,kashef-k8s-ctl.user-timeline-mongodb-6758898d48-fwnts,container_memory_cache,0.0
1744886551,kashef-k8s-ctl.url-shorten-mongodb-57c886d5f8-g8ssb,container_memory_cache,0.0
1744886551,kashef-k8s-ctl.home-timeline-redis-6c6647df6f-ws9vj,container_memory_cache,0.0
1744886551,kashef-k8s-ctl.user-memcached-59687c864d-d4tkv,container_memory_cache,0.0
1744886557,kashef-k8s-ctl.user-timeline-mongodb-6758898d48-fwnts,container_memory_cache,0.0
1744886557,kashef-k8s-ctl.url-shorten-mongodb-57c886d5f8-g8ssb,container_memory_cache,0.0
1744886557,kashef-k8s-ctl.user-mention-service-5c4f566c5-pxpzx,container_memory_cache,0.0
1744886557,kashef-k8s-ctl.user-memcached-59687c864d-d4tkv,container_memory_cache,0.0
1744886557,kashef-k8s-w1.user-timeline-redis-67cc95bc57-7699c,container_memory_cache,0.0
1744886557,kashef-k8s-ctl.user-service-547b88cd8f-62khh,container_memory_cache,12288.0
1744886557,kashef-k8s-w1.post-storage-memcached-6b75788fc6-qf227,container_memory_cache,0.0
1744886557,kashef-k8s-w1.text-service-fff64b8bf-qp8rn,container_memory_cache,184320.0
1744886557,kashef-k8s-w1.compose-post-service-f587bf89d-gz47k,container_memory_cache,53248.0
1744886557,kashef-k8s-w1.social-graph-service-677dbc655c-wnhhr,container_memory_cache,1757184.0
1744886557,kashef-k8s-ctl.home-timeline-service-5754ffbc6d-2g86b,container_memory_cache,0.0
1744886557,kashef-k8s-w1.media-service-6c665c775d-nmsvf,container_memory_cache,0.0
1744886557,kashef-k8s-w1.nginx-thrift-79478f9bf5-d992x,container_memory_cache,0.0
1744886557,kashef-k8s-ctl.media-frontend-6b66b95ff4-kw757,container_memory_cache,0.0
1744886557,kashef-k8s-ctl.post-storage-mongodb-5579669d8c-m6bdp,container_memory_cache,0.0
1744886557,kashef-k8s-w1.media-mongodb-7b64c59567-djrkf,container_memory_cache,64839680.0
1744886557,kashef-k8s-w1.social-graph-redis-5bbd5b7458-82ltg,container_memory_cache,0.0
1744886557,kashef-k8s-ctl.home-timeline-redis-6c6647df6f-ws9vj,container_memory_cache,0.0
1744886557,kashef-k8s-ctl.user-mongodb-7745bbd78-7njl7,container_memory_cache,0.0
1744886557,kashef-k8s-w1.url-shorten-memcached-6546746864-4v94l,container_memory_cache,0.0
1744886557,kashef-k8s-w1.url-shorten-service-66949ddcc4-m6qjh,container_memory_cache,0.0
1744886557,kashef-k8s-ctl.unique-id-service-694497b678-kz4kq,container_memory_cache,0.0
1744886557,kashef-k8s-w1.post-storage-service-66c9966f5f-prqxx,container_memory_cache,5959680.0
1744886557,kashef-k8s-w1.media-memcached-7889bdfdfb-f9n92,container_memory_cache,0.0
1744886557,kashef-k8s-w1.user-timeline-service-664c7f6696-768fq,container_memory_cache,491520.0
1744886557,kashef-k8s-ctl.jaeger-67997f9775-cdp9g,container_memory_cache,217088.0
1744886557,kashef-k8s-w1.social-graph-mongodb-55df767ff5-7bdxk,container_memory_cache,0.0
1744886563,kashef-k8s-w1.compose-post-service-f587bf89d-gz47k,container_memory_cache,53248.0
1744886563,kashef-k8s-ctl.url-shorten-mongodb-57c886d5f8-g8ssb,container_memory_cache,0.0
1744886563,kashef-k8s-ctl.home-timeline-redis-6c6647df6f-ws9vj,container_memory_cache,0.0
1744886563,kashef-k8s-w1.nginx-thrift-79478f9bf5-d992x,container_memory_cache,0.0
1744886563,kashef-k8s-w1.text-service-fff64b8bf-qp8rn,container_memory_cache,184320.0
1744886563,kashef-k8s-w1.media-service-6c665c775d-nmsvf,container_memory_cache,0.0
1744886563,kashef-k8s-ctl.post-storage-mongodb-5579669d8c-m6bdp,container_memory_cache,0.0
1744886563,kashef-k8s-w1.post-storage-memcached-6b75788fc6-qf227,container_memory_cache,0.0
1744886563,kashef-k8s-w1.social-graph-redis-5bbd5b7458-82ltg,container_memory_cache,0.0
1744886563,kashef-k8s-w1.media-mongodb-7b64c59567-djrkf,container_memory_cache,64839680.0
1744886563,kashef-k8s-ctl.home-timeline-service-5754ffbc6d-2g86b,container_memory_cache,507904.0
1744886563,kashef-k8s-ctl.user-service-547b88cd8f-62khh,container_memory_cache,12288.0
1744886563,kashef-k8s-ctl.media-frontend-6b66b95ff4-kw757,container_memory_cache,0.0
1744886563,kashef-k8s-w1.user-timeline-redis-67cc95bc57-7699c,container_memory_cache,0.0
1744886563,kashef-k8s-ctl.user-mention-service-5c4f566c5-pxpzx,container_memory_cache,0.0
1744886563,kashef-k8s-ctl.unique-id-service-694497b678-kz4kq,container_memory_cache,0.0
1744886563,kashef-k8s-ctl.user-timeline-mongodb-6758898d48-fwnts,container_memory_cache,0.0
1744886563,kashef-k8s-w1.social-graph-service-677dbc655c-wnhhr,container_memory_cache,1757184.0
1744886563,kashef-k8s-w1.user-timeline-service-664c7f6696-768fq,container_memory_cache,491520.0
1744886563,kashef-k8s-w1.social-graph-mongodb-55df767ff5-7bdxk,container_memory_cache,0.0
1744886563,kashef-k8s-ctl.jaeger-67997f9775-cdp9g,container_memory_cache,217088.0
1744886563,kashef-k8s-w1.url-shorten-memcached-6546746864-4v94l,container_memory_cache,0.0
1744886563,kashef-k8s-ctl.user-mongodb-7745bbd78-7njl7,container_memory_cache,0.0
1744886563,kashef-k8s-ctl.user-memcached-59687c864d-d4tkv,container_memory_cache,0.0
1744886563,kashef-k8s-w1.url-shorten-service-66949ddcc4-m6qjh,container_memory_cache,0.0
1744886563,kashef-k8s-w1.media-memcached-7889bdfdfb-f9n92,container_memory_cache,0.0
1744886563,kashef-k8s-w1.post-storage-service-66c9966f5f-prqxx,container_memory_cache,5959680.0
1744886569,kashef-k8s-w1.user-timeline-service-664c7f6696-768fq,container_memory_cache,491520.0
1744886569,kashef-k8s-w1.user-timeline-redis-67cc95bc57-7699c,container_memory_cache,0.0
1744886569,kashef-k8s-w1.post-storage-memcached-6b75788fc6-qf227,container_memory_cache,0.0
1744886569,kashef-k8s-ctl.user-mention-service-5c4f566c5-pxpzx,container_memory_cache,12288.0
1744886569,kashef-k8s-ctl.jaeger-67997f9775-cdp9g,container_memory_cache,217088.0
1744886569,kashef-k8s-ctl.user-timeline-mongodb-6758898d48-fwnts,container_memory_cache,0.0
1744886569,kashef-k8s-ctl.user-memcached-59687c864d-d4tkv,container_memory_cache,0.0
1744886569,kashef-k8s-w1.media-memcached-7889bdfdfb-f9n92,container_memory_cache,0.0
1744886569,kashef-k8s-ctl.unique-id-service-694497b678-kz4kq,container_memory_cache,0.0
1744886569,kashef-k8s-w1.url-shorten-memcached-6546746864-4v94l,container_memory_cache,0.0
1744886569,kashef-k8s-ctl.user-mongodb-7745bbd78-7njl7,container_memory_cache,176128.0
1744886569,kashef-k8s-w1.nginx-thrift-79478f9bf5-d992x,container_memory_cache,0.0
1744886569,kashef-k8s-w1.media-service-6c665c775d-nmsvf,container_memory_cache,0.0
1744886569,kashef-k8s-ctl.media-frontend-6b66b95ff4-kw757,container_memory_cache,376406016.0
1744886569,kashef-k8s-w1.url-shorten-service-66949ddcc4-m6qjh,container_memory_cache,0.0
1744886569,kashef-k8s-w1.social-graph-service-677dbc655c-wnhhr,container_memory_cache,1757184.0
1744886569,kashef-k8s-ctl.home-timeline-service-5754ffbc6d-2g86b,container_memory_cache,507904.0
1744886569,kashef-k8s-w1.post-storage-service-66c9966f5f-prqxx,container_memory_cache,5959680.0
1744886569,kashef-k8s-w1.social-graph-mongodb-55df767ff5-7bdxk,container_memory_cache,0.0
1744886569,kashef-k8s-w1.social-graph-redis-5bbd5b7458-82ltg,container_memory_cache,0.0
1744886569,kashef-k8s-w1.text-service-fff64b8bf-qp8rn,container_memory_cache,184320.0
1744886569,kashef-k8s-ctl.post-storage-mongodb-5579669d8c-m6bdp,container_memory_cache,0.0
1744886569,kashef-k8s-ctl.url-shorten-mongodb-57c886d5f8-g8ssb,container_memory_cache,176128.0
1744886569,kashef-k8s-ctl.home-timeline-redis-6c6647df6f-ws9vj,container_memory_cache,0.0
1744886569,kashef-k8s-w1.compose-post-service-f587bf89d-gz47k,container_memory_cache,53248.0
1744886569,kashef-k8s-w1.media-mongodb-7b64c59567-djrkf,container_memory_cache,64839680.0
1744886569,kashef-k8s-ctl.user-service-547b88cd8f-62khh,container_memory_cache,12288.0
1744886575,kashef-k8s-ctl.jaeger-67997f9775-cdp9g,container_memory_cache,217088.0
1744886575,kashef-k8s-w1.user-timeline-redis-67cc95bc57-7699c,container_memory_cache,24576.0
1744886575,kashef-k8s-ctl.user-timeline-mongodb-6758898d48-fwnts,container_memory_cache,151552.0
1744886575,kashef-k8s-w1.media-memcached-7889bdfdfb-f9n92,container_memory_cache,0.0
1744886575,kashef-k8s-ctl.user-mention-service-5c4f566c5-pxpzx,container_memory_cache,12288.0
1744886575,kashef-k8s-ctl.user-mongodb-7745bbd78-7njl7,container_memory_cache,176128.0
1744886575,kashef-k8s-w1.nginx-thrift-79478f9bf5-d992x,container_memory_cache,0.0
1744886575,kashef-k8s-w1.url-shorten-memcached-6546746864-4v94l,container_memory_cache,0.0
1744886575,kashef-k8s-w1.media-service-6c665c775d-nmsvf,container_memory_cache,0.0
1744886575,kashef-k8s-w1.url-shorten-service-66949ddcc4-m6qjh,container_memory_cache,0.0
1744886575,kashef-k8s-w1.social-graph-service-677dbc655c-wnhhr,container_memory_cache,1810432.0
1744886575,kashef-k8s-ctl.unique-id-service-694497b678-kz4kq,container_memory_cache,0.0
1744886575,kashef-k8s-w1.text-service-fff64b8bf-qp8rn,container_memory_cache,184320.0
1744886575,kashef-k8s-w1.media-mongodb-7b64c59567-djrkf,container_memory_cache,64839680.0
1744886575,kashef-k8s-w1.user-timeline-service-664c7f6696-768fq,container_memory_cache,491520.0
1744886575,kashef-k8s-w1.post-storage-memcached-6b75788fc6-qf227,container_memory_cache,0.0
1744886575,kashef-k8s-w1.compose-post-service-f587bf89d-gz47k,container_memory_cache,53248.0
1744886575,kashef-k8s-ctl.home-timeline-service-5754ffbc6d-2g86b,container_memory_cache,507904.0
1744886575,kashef-k8s-w1.social-graph-redis-5bbd5b7458-82ltg,container_memory_cache,6135808.0
1744886575,kashef-k8s-w1.social-graph-mongodb-55df767ff5-7bdxk,container_memory_cache,176128.0
1744886575,kashef-k8s-ctl.user-service-547b88cd8f-62khh,container_memory_cache,12288.0
1744886575,kashef-k8s-ctl.home-timeline-redis-6c6647df6f-ws9vj,container_memory_cache,0.0
1744886575,kashef-k8s-w1.post-storage-service-66c9966f5f-prqxx,container_memory_cache,5959680.0
1744886575,kashef-k8s-ctl.url-shorten-mongodb-57c886d5f8-g8ssb,container_memory_cache,176128.0
1744886575,kashef-k8s-ctl.user-memcached-59687c864d-d4tkv,container_memory_cache,0.0
1744886575,kashef-k8s-ctl.post-storage-mongodb-5579669d8c-m6bdp,container_memory_cache,176128.0
1744886575,kashef-k8s-ctl.media-frontend-6b66b95ff4-kw757,container_memory_cache,376406016.0
1744886581,kashef-k8s-ctl.post-storage-mongodb-5579669d8c-m6bdp,container_memory_cache,176128.0
1744886581,kashef-k8s-ctl.media-frontend-6b66b95ff4-kw757,container_memory_cache,376406016.0
1744886581,kashef-k8s-w1.post-storage-service-66c9966f5f-prqxx,container_memory_cache,5959680.0
1744886581,kashef-k8s-ctl.url-shorten-mongodb-57c886d5f8-g8ssb,container_memory_cache,176128.0
1744886581,kashef-k8s-ctl.home-timeline-redis-6c6647df6f-ws9vj,container_memory_cache,0.0
1744886581,kashef-k8s-ctl.jaeger-67997f9775-cdp9g,container_memory_cache,217088.0
1744886581,kashef-k8s-w1.social-graph-redis-5bbd5b7458-82ltg,container_memory_cache,6135808.0
1744886581,kashef-k8s-ctl.home-timeline-service-5754ffbc6d-2g86b,container_memory_cache,507904.0
1744886581,kashef-k8s-w1.social-graph-mongodb-55df767ff5-7bdxk,container_memory_cache,176128.0
1744886581,kashef-k8s-w1.compose-post-service-f587bf89d-gz47k,container_memory_cache,53248.0
1744886581,kashef-k8s-w1.url-shorten-memcached-6546746864-4v94l,container_memory_cache,0.0
1744886581,kashef-k8s-w1.nginx-thrift-79478f9bf5-d992x,container_memory_cache,378523648.0
1744886581,kashef-k8s-w1.media-service-6c665c775d-nmsvf,container_memory_cache,307200.0
1744886581,kashef-k8s-w1.url-shorten-service-66949ddcc4-m6qjh,container_memory_cache,307200.0
1744886581,kashef-k8s-w1.text-service-fff64b8bf-qp8rn,container_memory_cache,184320.0
1744886581,kashef-k8s-ctl.unique-id-service-694497b678-kz4kq,container_memory_cache,0.0
1744886581,kashef-k8s-w1.social-graph-service-677dbc655c-wnhhr,container_memory_cache,1810432.0
1744886581,kashef-k8s-w1.media-mongodb-7b64c59567-djrkf,container_memory_cache,64839680.0
1744886581,kashef-k8s-ctl.user-service-547b88cd8f-62khh,container_memory_cache,12288.0
1744886581,kashef-k8s-w1.user-timeline-service-664c7f6696-768fq,container_memory_cache,491520.0
1744886581,kashef-k8s-ctl.user-timeline-mongodb-6758898d48-fwnts,container_memory_cache,151552.0
1744886581,kashef-k8s-ctl.user-mention-service-5c4f566c5-pxpzx,container_memory_cache,12288.0
1744886581,kashef-k8s-w1.post-storage-memcached-6b75788fc6-qf227,container_memory_cache,0.0
1744886581,kashef-k8s-w1.media-memcached-7889bdfdfb-f9n92,container_memory_cache,0.0
1744886581,kashef-k8s-ctl.user-mongodb-7745bbd78-7njl7,container_memory_cache,176128.0
1744886581,kashef-k8s-w1.user-timeline-redis-67cc95bc57-7699c,container_memory_cache,24576.0
1744886581,kashef-k8s-ctl.user-memcached-59687c864d-d4tkv,container_memory_cache,0.0
1744886587,kashef-k8s-ctl.user-memcached-59687c864d-d4tkv,container_memory_cache,0.0
1744886587,kashef-k8s-ctl.post-storage-mongodb-5579669d8c-m6bdp,container_memory_cache,176128.0
1744886587,kashef-k8s-w1.post-storage-service-66c9966f5f-prqxx,container_memory_cache,5959680.0
1744886587,kashef-k8s-w1.media-memcached-7889bdfdfb-f9n92,container_memory_cache,2375680.0
1744886587,kashef-k8s-w1.text-service-fff64b8bf-qp8rn,container_memory_cache,184320.0
1744886587,kashef-k8s-ctl.user-mention-service-5c4f566c5-pxpzx,container_memory_cache,12288.0
1744886587,kashef-k8s-w1.media-service-6c665c775d-nmsvf,container_memory_cache,307200.0
1744886587,kashef-k8s-w1.url-shorten-service-66949ddcc4-m6qjh,container_memory_cache,307200.0
1744886587,kashef-k8s-ctl.media-frontend-6b66b95ff4-kw757,container_memory_cache,376406016.0
1744886587,kashef-k8s-ctl.home-timeline-service-5754ffbc6d-2g86b,container_memory_cache,507904.0
1744886587,kashef-k8s-w1.compose-post-service-f587bf89d-gz47k,container_memory_cache,53248.0
1744886587,kashef-k8s-w1.post-storage-memcached-6b75788fc6-qf227,container_memory_cache,0.0
1744886587,kashef-k8s-w1.social-graph-mongodb-55df767ff5-7bdxk,container_memory_cache,176128.0
1744886587,kashef-k8s-ctl.jaeger-67997f9775-cdp9g,container_memory_cache,217088.0
1744886587,kashef-k8s-w1.social-graph-redis-5bbd5b7458-82ltg,container_memory_cache,6135808.0
1744886587,kashef-k8s-w1.url-shorten-memcached-6546746864-4v94l,container_memory_cache,0.0
1744886587,kashef-k8s-w1.nginx-thrift-79478f9bf5-d992x,container_memory_cache,378523648.0
1744886587,kashef-k8s-w1.social-graph-service-677dbc655c-wnhhr,container_memory_cache,1810432.0
1744886587,kashef-k8s-w1.media-mongodb-7b64c59567-djrkf,container_memory_cache,64839680.0
1744886587,kashef-k8s-ctl.user-service-547b88cd8f-62khh,container_memory_cache,12288.0
1744886587,kashef-k8s-ctl.unique-id-service-694497b678-kz4kq,container_memory_cache,0.0
1744886587,kashef-k8s-w1.user-timeline-service-664c7f6696-768fq,container_memory_cache,491520.0
1744886587,kashef-k8s-ctl.user-timeline-mongodb-6758898d48-fwnts,container_memory_cache,151552.0
1744886587,kashef-k8s-ctl.user-mongodb-7745bbd78-7njl7,container_memory_cache,176128.0
1744886587,kashef-k8s-w1.user-timeline-redis-67cc95bc57-7699c,container_memory_cache,24576.0
1744886587,kashef-k8s-ctl.url-shorten-mongodb-57c886d5f8-g8ssb,container_memory_cache,176128.0
1744886587,kashef-k8s-ctl.home-timeline-redis-6c6647df6f-ws9vj,container_memory_cache,0.0
1744886593,kashef-k8s-w1.url-shorten-memcached-6546746864-4v94l,container_memory_cache,0.0
1744886593,kashef-k8s-w1.user-timeline-redis-67cc95bc57-7699c,container_memory_cache,24576.0
1744886593,kashef-k8s-w1.media-service-6c665c775d-nmsvf,container_memory_cache,307200.0
1744886593,kashef-k8s-w1.social-graph-service-677dbc655c-wnhhr,container_memory_cache,1810432.0
1744886593,kashef-k8s-ctl.user-mongodb-7745bbd78-7njl7,container_memory_cache,176128.0
1744886593,kashef-k8s-w1.social-graph-redis-5bbd5b7458-82ltg,container_memory_cache,6135808.0
1744886593,kashef-k8s-ctl.jaeger-67997f9775-cdp9g,container_memory_cache,217088.0
1744886593,kashef-k8s-ctl.home-timeline-redis-6c6647df6f-ws9vj,container_memory_cache,0.0
1744886593,kashef-k8s-ctl.url-shorten-mongodb-57c886d5f8-g8ssb,container_memory_cache,176128.0
1744886593,kashef-k8s-ctl.user-service-547b88cd8f-62khh,container_memory_cache,12288.0
1744886593,kashef-k8s-w1.media-mongodb-7b64c59567-djrkf,container_memory_cache,64839680.0
1744886593,kashef-k8s-w1.post-storage-memcached-6b75788fc6-qf227,container_memory_cache,0.0
1744886593,kashef-k8s-w1.social-graph-mongodb-55df767ff5-7bdxk,container_memory_cache,176128.0
1744886593,kashef-k8s-w1.compose-post-service-f587bf89d-gz47k,container_memory_cache,53248.0
1744886593,kashef-k8s-ctl.home-timeline-service-5754ffbc6d-2g86b,container_memory_cache,507904.0
1744886593,kashef-k8s-ctl.unique-id-service-694497b678-kz4kq,container_memory_cache,0.0
1744886593,kashef-k8s-ctl.user-timeline-mongodb-6758898d48-fwnts,container_memory_cache,151552.0
1744886593,kashef-k8s-w1.user-timeline-service-664c7f6696-768fq,container_memory_cache,491520.0
1744886593,kashef-k8s-w1.text-service-fff64b8bf-qp8rn,container_memory_cache,184320.0
1744886593,kashef-k8s-w1.url-shorten-service-66949ddcc4-m6qjh,container_memory_cache,307200.0
1744886593,kashef-k8s-w1.media-memcached-7889bdfdfb-f9n92,container_memory_cache,2375680.0
1744886593,kashef-k8s-ctl.media-frontend-6b66b95ff4-kw757,container_memory_cache,388665344.0
1744886593,kashef-k8s-ctl.user-memcached-59687c864d-d4tkv,container_memory_cache,0.0
1744886593,kashef-k8s-w1.post-storage-service-66c9966f5f-prqxx,container_memory_cache,5959680.0
1744886593,kashef-k8s-ctl.post-storage-mongodb-5579669d8c-m6bdp,container_memory_cache,176128.0
1744886593,kashef-k8s-w1.nginx-thrift-79478f9bf5-d992x,container_memory_cache,378523648.0
1744886593,kashef-k8s-ctl.user-mention-service-5c4f566c5-pxpzx,container_memory_cache,12288.0
1744886599,kashef-k8s-w1.nginx-thrift-79478f9bf5-d992x,container_memory_cache,378523648.0
1744886599,kashef-k8s-ctl.user-mention-service-5c4f566c5-pxpzx,container_memory_cache,12288.0
1744886599,kashef-k8s-w1.post-storage-service-66c9966f5f-prqxx,container_memory_cache,5959680.0
1744886599,kashef-k8s-ctl.home-timeline-redis-6c6647df6f-ws9vj,container_memory_cache,0.0
1744886599,kashef-k8s-w1.media-memcached-7889bdfdfb-f9n92,container_memory_cache,2375680.0
1744886599,kashef-k8s-ctl.media-frontend-6b66b95ff4-kw757,container_memory_cache,388665344.0
1744886599,kashef-k8s-ctl.user-memcached-59687c864d-d4tkv,container_memory_cache,0.0
1744886599,kashef-k8s-ctl.post-storage-mongodb-5579669d8c-m6bdp,container_memory_cache,192512.0
1744886599,kashef-k8s-ctl.unique-id-service-694497b678-kz4kq,container_memory_cache,0.0
1744886599,kashef-k8s-w1.post-storage-memcached-6b75788fc6-qf227,container_memory_cache,0.0
1744886599,kashef-k8s-w1.social-graph-mongodb-55df767ff5-7bdxk,container_memory_cache,176128.0
1744886599,kashef-k8s-ctl.url-shorten-mongodb-57c886d5f8-g8ssb,container_memory_cache,184320.0
1744886599,kashef-k8s-w1.text-service-fff64b8bf-qp8rn,container_memory_cache,184320.0
1744886599,kashef-k8s-w1.url-shorten-service-66949ddcc4-m6qjh,container_memory_cache,307200.0
1744886599,kashef-k8s-w1.compose-post-service-f587bf89d-gz47k,container_memory_cache,53248.0
1744886599,kashef-k8s-w1.user-timeline-service-664c7f6696-768fq,container_memory_cache,491520.0
1744886599,kashef-k8s-w1.social-graph-redis-5bbd5b7458-82ltg,container_memory_cache,6135808.0
1744886599,kashef-k8s-w1.social-graph-service-677dbc655c-wnhhr,container_memory_cache,1810432.0
1744886599,kashef-k8s-ctl.user-mongodb-7745bbd78-7njl7,container_memory_cache,176128.0
1744886599,kashef-k8s-ctl.home-timeline-service-5754ffbc6d-2g86b,container_memory_cache,512000.0
1744886599,kashef-k8s-w1.media-mongodb-7b64c59567-djrkf,container_memory_cache,64839680.0
1744886599,kashef-k8s-w1.user-timeline-redis-67cc95bc57-7699c,container_memory_cache,24576.0
1744886599,kashef-k8s-w1.media-service-6c665c775d-nmsvf,container_memory_cache,307200.0
1744886599,kashef-k8s-w1.url-shorten-memcached-6546746864-4v94l,container_memory_cache,0.0
1744886599,kashef-k8s-ctl.user-service-547b88cd8f-62khh,container_memory_cache,12288.0
1744886599,kashef-k8s-ctl.jaeger-67997f9775-cdp9g,container_memory_cache,217088.0
1744886599,kashef-k8s-ctl.user-timeline-mongodb-6758898d48-fwnts,container_memory_cache,151552.0
1744886605,kashef-k8s-w1.url-shorten-service-66949ddcc4-m6qjh,container_memory_cache,307200.0
1744886605,kashef-k8s-ctl.user-mention-service-5c4f566c5-pxpzx,container_memory_cache,12288.0
1744886605,kashef-k8s-ctl.media-frontend-6b66b95ff4-kw757,container_memory_cache,388665344.0
1744886605,kashef-k8s-w1.text-service-fff64b8bf-qp8rn,container_memory_cache,184320.0
1744886605,kashef-k8s-ctl.post-storage-mongodb-5579669d8c-m6bdp,container_memory_cache,192512.0
1744886605,kashef-k8s-ctl.url-shorten-mongodb-57c886d5f8-g8ssb,container_memory_cache,184320.0
1744886605,kashef-k8s-w1.post-storage-memcached-6b75788fc6-qf227,container_memory_cache,0.0
1744886605,kashef-k8s-ctl.unique-id-service-694497b678-kz4kq,container_memory_cache,0.0
1744886605,kashef-k8s-w1.media-service-6c665c775d-nmsvf,container_memory_cache,307200.0
1744886605,kashef-k8s-w1.user-timeline-service-664c7f6696-768fq,container_memory_cache,491520.0
1744886605,kashef-k8s-w1.social-graph-mongodb-55df767ff5-7bdxk,container_memory_cache,176128.0
1744886605,kashef-k8s-ctl.user-memcached-59687c864d-d4tkv,container_memory_cache,0.0
1744886605,kashef-k8s-w1.compose-post-service-f587bf89d-gz47k,container_memory_cache,53248.0
1744886605,kashef-k8s-w1.user-timeline-redis-67cc95bc57-7699c,container_memory_cache,24576.0
1744886605,kashef-k8s-w1.post-storage-service-66c9966f5f-prqxx,container_memory_cache,5959680.0
1744886605,kashef-k8s-w1.nginx-thrift-79478f9bf5-d992x,container_memory_cache,378548224.0
1744886605,kashef-k8s-ctl.home-timeline-service-5754ffbc6d-2g86b,container_memory_cache,512000.0
1744886605,kashef-k8s-w1.social-graph-redis-5bbd5b7458-82ltg,container_memory_cache,6135808.0
1744886605,kashef-k8s-ctl.user-service-547b88cd8f-62khh,container_memory_cache,12288.0
1744886605,kashef-k8s-ctl.user-timeline-mongodb-6758898d48-fwnts,container_memory_cache,151552.0
1744886605,kashef-k8s-w1.media-mongodb-7b64c59567-djrkf,container_memory_cache,64954368.0
1744886605,kashef-k8s-ctl.user-mongodb-7745bbd78-7njl7,container_memory_cache,176128.0
1744886605,kashef-k8s-w1.social-graph-service-677dbc655c-wnhhr,container_memory_cache,2015232.0
1744886605,kashef-k8s-ctl.jaeger-67997f9775-cdp9g,container_memory_cache,217088.0
1744886605,kashef-k8s-w1.url-shorten-memcached-6546746864-4v94l,container_memory_cache,0.0
1744886605,kashef-k8s-ctl.home-timeline-redis-6c6647df6f-ws9vj,container_memory_cache,0.0
1744886605,kashef-k8s-w1.media-memcached-7889bdfdfb-f9n92,container_memory_cache,2375680.0
1744886611,kashef-k8s-ctl.user-mention-service-5c4f566c5-pxpzx,container_memory_cache,12288.0
1744886611,kashef-k8s-w1.post-storage-service-66c9966f5f-prqxx,container_memory_cache,5959680.0
1744886611,kashef-k8s-w1.user-timeline-redis-67cc95bc57-7699c,container_memory_cache,24576.0
1744886611,kashef-k8s-ctl.user-mongodb-7745bbd78-7njl7,container_memory_cache,176128.0
1744886611,kashef-k8s-ctl.jaeger-67997f9775-cdp9g,container_memory_cache,217088.0
1744886611,kashef-k8s-w1.social-graph-redis-5bbd5b7458-82ltg,container_memory_cache,6135808.0
1744886611,kashef-k8s-w1.social-graph-service-677dbc655c-wnhhr,container_memory_cache,2015232.0
1744886611,kashef-k8s-ctl.url-shorten-mongodb-57c886d5f8-g8ssb,container_memory_cache,184320.0
1744886611,kashef-k8s-w1.nginx-thrift-79478f9bf5-d992x,container_memory_cache,378548224.0
1744886611,kashef-k8s-ctl.user-service-547b88cd8f-62khh,container_memory_cache,12288.0
1744886611,kashef-k8s-w1.social-graph-mongodb-55df767ff5-7bdxk,container_memory_cache,176128.0
1744886611,kashef-k8s-ctl.unique-id-service-694497b678-kz4kq,container_memory_cache,0.0
1744886611,kashef-k8s-ctl.user-timeline-mongodb-6758898d48-fwnts,container_memory_cache,151552.0
1744886611,kashef-k8s-w1.compose-post-service-f587bf89d-gz47k,container_memory_cache,53248.0
1744886611,kashef-k8s-ctl.home-timeline-service-5754ffbc6d-2g86b,container_memory_cache,512000.0
1744886611,kashef-k8s-w1.media-mongodb-7b64c59567-djrkf,container_memory_cache,64954368.0
1744886611,kashef-k8s-w1.user-timeline-service-664c7f6696-768fq,container_memory_cache,491520.0
1744886611,kashef-k8s-w1.url-shorten-service-66949ddcc4-m6qjh,container_memory_cache,307200.0
1744886611,kashef-k8s-ctl.media-frontend-6b66b95ff4-kw757,container_memory_cache,388665344.0
1744886611,kashef-k8s-w1.media-service-6c665c775d-nmsvf,container_memory_cache,307200.0
1744886611,kashef-k8s-w1.post-storage-memcached-6b75788fc6-qf227,container_memory_cache,0.0
1744886611,kashef-k8s-ctl.user-memcached-59687c864d-d4tkv,container_memory_cache,0.0
1744886611,kashef-k8s-w1.url-shorten-memcached-6546746864-4v94l,container_memory_cache,0.0
1744886611,kashef-k8s-ctl.home-timeline-redis-6c6647df6f-ws9vj,container_memory_cache,0.0
1744886611,kashef-k8s-w1.text-service-fff64b8bf-qp8rn,container_memory_cache,184320.0
1744886611,kashef-k8s-ctl.post-storage-mongodb-5579669d8c-m6bdp,container_memory_cache,192512.0
1744886611,kashef-k8s-w1.media-memcached-7889bdfdfb-f9n92,container_memory_cache,2375680.0
1744886617,kashef-k8s-w1.media-memcached-7889bdfdfb-f9n92,container_memory_cache,2375680.0
1744886617,kashef-k8s-ctl.post-storage-mongodb-5579669d8c-m6bdp,container_memory_cache,421888.0
1744886617,kashef-k8s-w1.text-service-fff64b8bf-qp8rn,container_memory_cache,184320.0
1744886617,kashef-k8s-ctl.unique-id-service-694497b678-kz4kq,container_memory_cache,0.0
1744886617,kashef-k8s-ctl.user-service-547b88cd8f-62khh,container_memory_cache,12288.0
1744886617,kashef-k8s-ctl.user-timeline-mongodb-6758898d48-fwnts,container_memory_cache,352256.0
1744886617,kashef-k8s-w1.user-timeline-redis-67cc95bc57-7699c,container_memory_cache,24576.0
1744886617,kashef-k8s-ctl.home-timeline-service-5754ffbc6d-2g86b,container_memory_cache,512000.0
1744886617,kashef-k8s-w1.social-graph-mongodb-55df767ff5-7bdxk,container_memory_cache,176128.0
1744886617,kashef-k8s-w1.media-mongodb-7b64c59567-djrkf,container_memory_cache,64954368.0
1744886617,kashef-k8s-w1.post-storage-memcached-6b75788fc6-qf227,container_memory_cache,0.0
1744886617,kashef-k8s-ctl.media-frontend-6b66b95ff4-kw757,container_memory_cache,388665344.0
1744886617,kashef-k8s-ctl.jaeger-67997f9775-cdp9g,container_memory_cache,217088.0
1744886617,kashef-k8s-w1.media-service-6c665c775d-nmsvf,container_memory_cache,307200.0
1744886617,kashef-k8s-ctl.user-memcached-59687c864d-d4tkv,container_memory_cache,0.0
1744886617,kashef-k8s-w1.compose-post-service-f587bf89d-gz47k,container_memory_cache,53248.0
1744886617,kashef-k8s-w1.social-graph-service-677dbc655c-wnhhr,container_memory_cache,2015232.0
1744886617,kashef-k8s-w1.url-shorten-memcached-6546746864-4v94l,container_memory_cache,0.0
1744886617,kashef-k8s-ctl.url-shorten-mongodb-57c886d5f8-g8ssb,container_memory_cache,184320.0
1744886617,kashef-k8s-ctl.user-mongodb-7745bbd78-7njl7,container_memory_cache,176128.0
1744886617,kashef-k8s-w1.nginx-thrift-79478f9bf5-d992x,container_memory_cache,378548224.0
1744886617,kashef-k8s-w1.post-storage-service-66c9966f5f-prqxx,container_memory_cache,5959680.0
1744886617,kashef-k8s-ctl.user-mention-service-5c4f566c5-pxpzx,container_memory_cache,12288.0
1744886617,kashef-k8s-ctl.home-timeline-redis-6c6647df6f-ws9vj,container_memory_cache,0.0
1744886617,kashef-k8s-w1.url-shorten-service-66949ddcc4-m6qjh,container_memory_cache,307200.0
1744886617,kashef-k8s-w1.user-timeline-service-664c7f6696-768fq,container_memory_cache,491520.0
1744886617,kashef-k8s-w1.social-graph-redis-5bbd5b7458-82ltg,container_memory_cache,6135808.0
1744886623,kashef-k8s-ctl.user-timeline-mongodb-6758898d48-fwnts,container_memory_cache,352256.0
1744886623,kashef-k8s-w1.text-service-fff64b8bf-qp8rn,container_memory_cache,184320.0
1744886623,kashef-k8s-ctl.user-service-547b88cd8f-62khh,container_memory_cache,12288.0
1744886623,kashef-k8s-w1.user-timeline-redis-67cc95bc57-7699c,container_memory_cache,24576.0
1744886623,kashef-k8s-w1.media-memcached-7889bdfdfb-f9n92,container_memory_cache,2375680.0
1744886623,kashef-k8s-w1.post-storage-memcached-6b75788fc6-qf227,container_memory_cache,0.0
1744886623,kashef-k8s-ctl.media-frontend-6b66b95ff4-kw757,container_memory_cache,388665344.0
1744886623,kashef-k8s-ctl.jaeger-67997f9775-cdp9g,container_memory_cache,217088.0
1744886623,kashef-k8s-w1.media-mongodb-7b64c59567-djrkf,container_memory_cache,64954368.0
1744886623,kashef-k8s-ctl.user-memcached-59687c864d-d4tkv,container_memory_cache,0.0
1744886623,kashef-k8s-w1.media-service-6c665c775d-nmsvf,container_memory_cache,307200.0
1744886623,kashef-k8s-ctl.user-mongodb-7745bbd78-7njl7,container_memory_cache,176128.0
1744886623,kashef-k8s-w1.social-graph-redis-5bbd5b7458-82ltg,container_memory_cache,6135808.0
1744886623,kashef-k8s-ctl.unique-id-service-694497b678-kz4kq,container_memory_cache,0.0
1744886623,kashef-k8s-w1.compose-post-service-f587bf89d-gz47k,container_memory_cache,53248.0
1744886623,kashef-k8s-ctl.post-storage-mongodb-5579669d8c-m6bdp,container_memory_cache,421888.0
1744886623,kashef-k8s-w1.social-graph-mongodb-55df767ff5-7bdxk,container_memory_cache,176128.0
1744886623,kashef-k8s-w1.url-shorten-memcached-6546746864-4v94l,container_memory_cache,0.0
1744886623,kashef-k8s-w1.social-graph-service-677dbc655c-wnhhr,container_memory_cache,2015232.0
1744886623,kashef-k8s-w1.url-shorten-service-66949ddcc4-m6qjh,container_memory_cache,307200.0
1744886623,kashef-k8s-w1.nginx-thrift-79478f9bf5-d992x,container_memory_cache,378548224.0
1744886623,kashef-k8s-ctl.url-shorten-mongodb-57c886d5f8-g8ssb,container_memory_cache,184320.0
1744886623,kashef-k8s-w1.user-timeline-service-664c7f6696-768fq,container_memory_cache,491520.0
1744886623,kashef-k8s-ctl.home-timeline-redis-6c6647df6f-ws9vj,container_memory_cache,0.0
1744886623,kashef-k8s-ctl.home-timeline-service-5754ffbc6d-2g86b,container_memory_cache,512000.0
1744886623,kashef-k8s-ctl.user-mention-service-5c4f566c5-pxpzx,container_memory_cache,12288.0
1744886623,kashef-k8s-w1.post-storage-service-66c9966f5f-prqxx,container_memory_cache,5959680.0
1744886629,kashef-k8s-ctl.home-timeline-service-5754ffbc6d-2g86b,container_memory_cache,512000.0
1744886629,kashef-k8s-ctl.home-timeline-redis-6c6647df6f-ws9vj,container_memory_cache,0.0
1744886629,kashef-k8s-w1.post-storage-service-66c9966f5f-prqxx,container_memory_cache,5959680.0
1744886629,kashef-k8s-ctl.media-frontend-6b66b95ff4-kw757,container_memory_cache,388665344.0
1744886629,kashef-k8s-w1.user-timeline-service-664c7f6696-768fq,container_memory_cache,491520.0
1744886629,kashef-k8s-w1.social-graph-redis-5bbd5b7458-82ltg,container_memory_cache,6135808.0
1744886629,kashef-k8s-w1.url-shorten-memcached-6546746864-4v94l,container_memory_cache,0.0
1744886629,kashef-k8s-ctl.url-shorten-mongodb-57c886d5f8-g8ssb,container_memory_cache,380928.0
1744886629,kashef-k8s-w1.url-shorten-service-66949ddcc4-m6qjh,container_memory_cache,307200.0
1744886629,kashef-k8s-w1.media-mongodb-7b64c59567-djrkf,container_memory_cache,64954368.0
1744886629,kashef-k8s-w1.media-memcached-7889bdfdfb-f9n92,container_memory_cache,2375680.0
1744886629,kashef-k8s-ctl.user-mongodb-7745bbd78-7njl7,container_memory_cache,303104.0
1744886629,kashef-k8s-w1.social-graph-mongodb-55df767ff5-7bdxk,container_memory_cache,176128.0
1744886629,kashef-k8s-w1.social-graph-service-677dbc655c-wnhhr,container_memory_cache,2015232.0
1744886629,kashef-k8s-ctl.jaeger-67997f9775-cdp9g,container_memory_cache,217088.0
1744886629,kashef-k8s-w1.nginx-thrift-79478f9bf5-d992x,container_memory_cache,378548224.0
1744886629,kashef-k8s-w1.media-service-6c665c775d-nmsvf,container_memory_cache,307200.0
1744886629,kashef-k8s-w1.compose-post-service-f587bf89d-gz47k,container_memory_cache,53248.0
1744886629,kashef-k8s-ctl.unique-id-service-694497b678-kz4kq,container_memory_cache,0.0
1744886629,kashef-k8s-ctl.user-timeline-mongodb-6758898d48-fwnts,container_memory_cache,352256.0
1744886629,kashef-k8s-w1.user-timeline-redis-67cc95bc57-7699c,container_memory_cache,24576.0
1744886629,kashef-k8s-w1.text-service-fff64b8bf-qp8rn,container_memory_cache,184320.0
1744886629,kashef-k8s-ctl.user-mention-service-5c4f566c5-pxpzx,container_memory_cache,12288.0
1744886629,kashef-k8s-ctl.post-storage-mongodb-5579669d8c-m6bdp,container_memory_cache,421888.0
1744886629,kashef-k8s-ctl.user-service-547b88cd8f-62khh,container_memory_cache,12288.0
1744886629,kashef-k8s-ctl.user-memcached-59687c864d-d4tkv,container_memory_cache,0.0
1744886629,kashef-k8s-w1.post-storage-memcached-6b75788fc6-qf227,container_memory_cache,0.0
1744886635,kashef-k8s-ctl.user-timeline-mongodb-6758898d48-fwnts,container_memory_cache,352256.0
1744886635,kashef-k8s-ctl.home-timeline-redis-6c6647df6f-ws9vj,container_memory_cache,0.0
1744886635,kashef-k8s-w1.user-timeline-service-664c7f6696-768fq,container_memory_cache,491520.0
1744886635,kashef-k8s-ctl.url-shorten-mongodb-57c886d5f8-g8ssb,container_memory_cache,380928.0
1744886635,kashef-k8s-w1.url-shorten-memcached-6546746864-4v94l,container_memory_cache,0.0
1744886635,kashef-k8s-w1.url-shorten-service-66949ddcc4-m6qjh,container_memory_cache,307200.0
1744886635,kashef-k8s-ctl.user-mongodb-7745bbd78-7njl7,container_memory_cache,303104.0
1744886635,kashef-k8s-ctl.jaeger-67997f9775-cdp9g,container_memory_cache,217088.0
1744886635,kashef-k8s-w1.media-mongodb-7b64c59567-djrkf,container_memory_cache,64954368.0
1744886635,kashef-k8s-w1.nginx-thrift-79478f9bf5-d992x,container_memory_cache,378548224.0
1744886635,kashef-k8s-w1.social-graph-mongodb-55df767ff5-7bdxk,container_memory_cache,176128.0
1744886635,kashef-k8s-w1.social-graph-redis-5bbd5b7458-82ltg,container_memory_cache,6135808.0
1744886635,kashef-k8s-w1.social-graph-service-677dbc655c-wnhhr,container_memory_cache,2015232.0
1744886635,kashef-k8s-w1.text-service-fff64b8bf-qp8rn,container_memory_cache,184320.0
1744886635,kashef-k8s-ctl.media-frontend-6b66b95ff4-kw757,container_memory_cache,388665344.0
1744886635,kashef-k8s-w1.compose-post-service-f587bf89d-gz47k,container_memory_cache,53248.0
1744886635,kashef-k8s-ctl.post-storage-mongodb-5579669d8c-m6bdp,container_memory_cache,421888.0
1744886635,kashef-k8s-w1.media-memcached-7889bdfdfb-f9n92,container_memory_cache,2375680.0
1744886635,kashef-k8s-ctl.home-timeline-service-5754ffbc6d-2g86b,container_memory_cache,512000.0
1744886635,kashef-k8s-ctl.user-service-547b88cd8f-62khh,container_memory_cache,12288.0
1744886635,kashef-k8s-w1.post-storage-memcached-6b75788fc6-qf227,container_memory_cache,0.0
1744886635,kashef-k8s-ctl.unique-id-service-694497b678-kz4kq,container_memory_cache,0.0
1744886635,kashef-k8s-w1.media-service-6c665c775d-nmsvf,container_memory_cache,307200.0
1744886635,kashef-k8s-ctl.user-memcached-59687c864d-d4tkv,container_memory_cache,0.0
1744886635,kashef-k8s-w1.user-timeline-redis-67cc95bc57-7699c,container_memory_cache,24576.0
1744886635,kashef-k8s-w1.post-storage-service-66c9966f5f-prqxx,container_memory_cache,5959680.0
1744886635,kashef-k8s-ctl.user-mention-service-5c4f566c5-pxpzx,container_memory_cache,12288.0
1744886641,kashef-k8s-w1.post-storage-service-66c9966f5f-prqxx,container_memory_cache,5959680.0
1744886641,kashef-k8s-w1.media-memcached-7889bdfdfb-f9n92,container_memory_cache,2375680.0
1744886641,kashef-k8s-ctl.user-service-547b88cd8f-62khh,container_memory_cache,12288.0
1744886641,kashef-k8s-w1.social-graph-service-677dbc655c-wnhhr,container_memory_cache,2015232.0
1744886641,kashef-k8s-ctl.unique-id-service-694497b678-kz4kq,container_memory_cache,0.0
1744886641,kashef-k8s-w1.url-shorten-service-66949ddcc4-m6qjh,container_memory_cache,307200.0
1744886641,kashef-k8s-w1.social-graph-mongodb-55df767ff5-7bdxk,container_memory_cache,319488.0
1744886641,kashef-k8s-w1.compose-post-service-f587bf89d-gz47k,container_memory_cache,53248.0
1744886641,kashef-k8s-ctl.jaeger-67997f9775-cdp9g,container_memory_cache,217088.0
1744886641,kashef-k8s-w1.user-timeline-service-664c7f6696-768fq,container_memory_cache,491520.0
1744886641,kashef-k8s-ctl.url-shorten-mongodb-57c886d5f8-g8ssb,container_memory_cache,380928.0
1744886641,kashef-k8s-w1.url-shorten-memcached-6546746864-4v94l,container_memory_cache,0.0
1744886641,kashef-k8s-ctl.user-mongodb-7745bbd78-7njl7,container_memory_cache,303104.0
1744886641,kashef-k8s-w1.social-graph-redis-5bbd5b7458-82ltg,container_memory_cache,6135808.0
1744886641,kashef-k8s-w1.text-service-fff64b8bf-qp8rn,container_memory_cache,184320.0
1744886641,kashef-k8s-ctl.media-frontend-6b66b95ff4-kw757,container_memory_cache,388665344.0
1744886641,kashef-k8s-w1.user-timeline-redis-67cc95bc57-7699c,container_memory_cache,24576.0
1744886641,kashef-k8s-ctl.user-memcached-59687c864d-d4tkv,container_memory_cache,0.0
1744886641,kashef-k8s-ctl.user-timeline-mongodb-6758898d48-fwnts,container_memory_cache,352256.0
1744886641,kashef-k8s-w1.post-storage-memcached-6b75788fc6-qf227,container_memory_cache,0.0
1744886641,kashef-k8s-ctl.home-timeline-redis-6c6647df6f-ws9vj,container_memory_cache,0.0
1744886641,kashef-k8s-ctl.post-storage-mongodb-5579669d8c-m6bdp,container_memory_cache,421888.0
1744886641,kashef-k8s-w1.media-mongodb-7b64c59567-djrkf,container_memory_cache,64954368.0
1744886641,kashef-k8s-ctl.user-mention-service-5c4f566c5-pxpzx,container_memory_cache,12288.0
1744886641,kashef-k8s-ctl.home-timeline-service-5754ffbc6d-2g86b,container_memory_cache,512000.0
1744886641,kashef-k8s-w1.media-service-6c665c775d-nmsvf,container_memory_cache,307200.0
1744886641,kashef-k8s-w1.nginx-thrift-79478f9bf5-d992x,container_memory_cache,378548224.0
1744886647,kashef-k8s-w1.social-graph-redis-5bbd5b7458-82ltg,container_memory_cache,6135808.0
1744886647,kashef-k8s-ctl.user-service-547b88cd8f-62khh,container_memory_cache,12288.0
1744886647,kashef-k8s-w1.post-storage-service-66c9966f5f-prqxx,container_memory_cache,5959680.0
1744886647,kashef-k8s-ctl.user-mongodb-7745bbd78-7njl7,container_memory_cache,303104.0
1744886647,kashef-k8s-ctl.unique-id-service-694497b678-kz4kq,container_memory_cache,0.0
1744886647,kashef-k8s-w1.user-timeline-redis-67cc95bc57-7699c,container_memory_cache,24576.0
1744886647,kashef-k8s-w1.url-shorten-memcached-6546746864-4v94l,container_memory_cache,0.0
1744886647,kashef-k8s-ctl.user-memcached-59687c864d-d4tkv,container_memory_cache,0.0
1744886647,kashef-k8s-ctl.post-storage-mongodb-5579669d8c-m6bdp,container_memory_cache,421888.0
1744886647,kashef-k8s-ctl.media-frontend-6b66b95ff4-kw757,container_memory_cache,388665344.0
1744886647,kashef-k8s-w1.social-graph-mongodb-55df767ff5-7bdxk,container_memory_cache,319488.0
1744886647,kashef-k8s-w1.text-service-fff64b8bf-qp8rn,container_memory_cache,184320.0
1744886647,kashef-k8s-w1.url-shorten-service-66949ddcc4-m6qjh,container_memory_cache,307200.0
1744886647,kashef-k8s-w1.social-graph-service-677dbc655c-wnhhr,container_memory_cache,2015232.0
1744886647,kashef-k8s-w1.media-mongodb-7b64c59567-djrkf,container_memory_cache,64958464.0
1744886647,kashef-k8s-w1.media-memcached-7889bdfdfb-f9n92,container_memory_cache,2375680.0
1744886647,kashef-k8s-ctl.url-shorten-mongodb-57c886d5f8-g8ssb,container_memory_cache,380928.0
1744886647,kashef-k8s-w1.user-timeline-service-664c7f6696-768fq,container_memory_cache,491520.0
1744886647,kashef-k8s-w1.media-service-6c665c775d-nmsvf,container_memory_cache,307200.0
1744886647,kashef-k8s-ctl.user-timeline-mongodb-6758898d48-fwnts,container_memory_cache,352256.0
1744886647,kashef-k8s-w1.nginx-thrift-79478f9bf5-d992x,container_memory_cache,378548224.0
1744886647,kashef-k8s-ctl.jaeger-67997f9775-cdp9g,container_memory_cache,217088.0
1744886647,kashef-k8s-w1.post-storage-memcached-6b75788fc6-qf227,container_memory_cache,0.0
1744886647,kashef-k8s-ctl.home-timeline-service-5754ffbc6d-2g86b,container_memory_cache,512000.0
1744886647,kashef-k8s-ctl.home-timeline-redis-6c6647df6f-ws9vj,container_memory_cache,0.0
1744886647,kashef-k8s-w1.compose-post-service-f587bf89d-gz47k,container_memory_cache,53248.0
1744886647,kashef-k8s-ctl.user-mention-service-5c4f566c5-pxpzx,container_memory_cache,12288.0
1744886653,kashef-k8s-w1.social-graph-redis-5bbd5b7458-82ltg,container_memory_cache,6135808.0
1744886653,kashef-k8s-ctl.user-mention-service-5c4f566c5-pxpzx,container_memory_cache,12288.0
1744886653,kashef-k8s-w1.media-memcached-7889bdfdfb-f9n92,container_memory_cache,2375680.0
1744886653,kashef-k8s-ctl.home-timeline-redis-6c6647df6f-ws9vj,container_memory_cache,0.0
1744886653,kashef-k8s-ctl.home-timeline-service-5754ffbc6d-2g86b,container_memory_cache,512000.0
1744886653,kashef-k8s-w1.media-service-6c665c775d-nmsvf,container_memory_cache,307200.0
1744886653,kashef-k8s-w1.post-storage-memcached-6b75788fc6-qf227,container_memory_cache,0.0
1744886653,kashef-k8s-ctl.jaeger-67997f9775-cdp9g,container_memory_cache,217088.0
1744886653,kashef-k8s-ctl.user-memcached-59687c864d-d4tkv,container_memory_cache,0.0
1744886653,kashef-k8s-w1.text-service-fff64b8bf-qp8rn,container_memory_cache,184320.0
1744886653,kashef-k8s-ctl.post-storage-mongodb-5579669d8c-m6bdp,container_memory_cache,421888.0
1744886653,kashef-k8s-w1.nginx-thrift-79478f9bf5-d992x,container_memory_cache,378548224.0
1744886653,kashef-k8s-w1.user-timeline-service-664c7f6696-768fq,container_memory_cache,491520.0
1744886653,kashef-k8s-ctl.user-timeline-mongodb-6758898d48-fwnts,container_memory_cache,352256.0
1744886653,kashef-k8s-ctl.url-shorten-mongodb-57c886d5f8-g8ssb,container_memory_cache,380928.0
1744886653,kashef-k8s-w1.post-storage-service-66c9966f5f-prqxx,container_memory_cache,5959680.0
1744886653,kashef-k8s-w1.user-timeline-redis-67cc95bc57-7699c,container_memory_cache,24576.0
1744886653,kashef-k8s-w1.compose-post-service-f587bf89d-gz47k,container_memory_cache,53248.0
1744886653,kashef-k8s-w1.url-shorten-service-66949ddcc4-m6qjh,container_memory_cache,307200.0
1744886653,kashef-k8s-ctl.user-mongodb-7745bbd78-7njl7,container_memory_cache,303104.0
1744886653,kashef-k8s-ctl.unique-id-service-694497b678-kz4kq,container_memory_cache,0.0
1744886653,kashef-k8s-w1.social-graph-mongodb-55df767ff5-7bdxk,container_memory_cache,319488.0
1744886653,kashef-k8s-w1.media-mongodb-7b64c59567-djrkf,container_memory_cache,64958464.0
1744886653,kashef-k8s-ctl.user-service-547b88cd8f-62khh,container_memory_cache,12288.0
1744886653,kashef-k8s-ctl.media-frontend-6b66b95ff4-kw757,container_memory_cache,388665344.0
1744886653,kashef-k8s-w1.url-shorten-memcached-6546746864-4v94l,container_memory_cache,0.0
1744886653,kashef-k8s-w1.social-graph-service-677dbc655c-wnhhr,container_memory_cache,2015232.0
1744886659,kashef-k8s-w1.media-service-6c665c775d-nmsvf,container_memory_cache,307200.0
1744886659,kashef-k8s-ctl.user-mongodb-7745bbd78-7njl7,container_memory_cache,303104.0
1744886659,kashef-k8s-w1.social-graph-redis-5bbd5b7458-82ltg,container_memory_cache,6135808.0
1744886659,kashef-k8s-w1.url-shorten-service-66949ddcc4-m6qjh,container_memory_cache,307200.0
1744886659,kashef-k8s-ctl.user-memcached-59687c864d-d4tkv,container_memory_cache,0.0
1744886659,kashef-k8s-ctl.post-storage-mongodb-5579669d8c-m6bdp,container_memory_cache,475136.0
1744886659,kashef-k8s-w1.text-service-fff64b8bf-qp8rn,container_memory_cache,184320.0
1744886659,kashef-k8s-ctl.home-timeline-redis-6c6647df6f-ws9vj,container_memory_cache,0.0
1744886659,kashef-k8s-w1.user-timeline-redis-67cc95bc57-7699c,container_memory_cache,24576.0
1744886659,kashef-k8s-w1.post-storage-service-66c9966f5f-prqxx,container_memory_cache,5959680.0
1744886659,kashef-k8s-ctl.user-timeline-mongodb-6758898d48-fwnts,container_memory_cache,368640.0
1744886659,kashef-k8s-ctl.media-frontend-6b66b95ff4-kw757,container_memory_cache,388665344.0
1744886659,kashef-k8s-w1.user-timeline-service-664c7f6696-768fq,container_memory_cache,491520.0
1744886659,kashef-k8s-w1.post-storage-memcached-6b75788fc6-qf227,container_memory_cache,0.0
1744886659,kashef-k8s-ctl.user-mention-service-5c4f566c5-pxpzx,container_memory_cache,12288.0
1744886659,kashef-k8s-w1.nginx-thrift-79478f9bf5-d992x,container_memory_cache,378548224.0
1744886659,kashef-k8s-ctl.url-shorten-mongodb-57c886d5f8-g8ssb,container_memory_cache,405504.0
1744886659,kashef-k8s-w1.url-shorten-memcached-6546746864-4v94l,container_memory_cache,0.0
1744886659,kashef-k8s-w1.compose-post-service-f587bf89d-gz47k,container_memory_cache,53248.0
1744886659,kashef-k8s-w1.social-graph-mongodb-55df767ff5-7bdxk,container_memory_cache,319488.0
1744886659,kashef-k8s-w1.social-graph-service-677dbc655c-wnhhr,container_memory_cache,2015232.0
1744886659,kashef-k8s-ctl.unique-id-service-694497b678-kz4kq,container_memory_cache,0.0
1744886659,kashef-k8s-ctl.user-service-547b88cd8f-62khh,container_memory_cache,12288.0
1744886659,kashef-k8s-w1.media-mongodb-7b64c59567-djrkf,container_memory_cache,64958464.0
1744886659,kashef-k8s-ctl.jaeger-67997f9775-cdp9g,container_memory_cache,217088.0
1744886659,kashef-k8s-ctl.home-timeline-service-5754ffbc6d-2g86b,container_memory_cache,512000.0
1744886659,kashef-k8s-w1.media-memcached-7889bdfdfb-f9n92,container_memory_cache,2375680.0
1744886665,kashef-k8s-w1.text-service-fff64b8bf-qp8rn,container_memory_cache,184320.0
1744886665,kashef-k8s-w1.url-shorten-memcached-6546746864-4v94l,container_memory_cache,0.0
1744886665,kashef-k8s-w1.user-timeline-service-664c7f6696-768fq,container_memory_cache,491520.0
1744886665,kashef-k8s-ctl.user-memcached-59687c864d-d4tkv,container_memory_cache,0.0
1744886665,kashef-k8s-ctl.media-frontend-6b66b95ff4-kw757,container_memory_cache,388665344.0
1744886665,kashef-k8s-ctl.jaeger-67997f9775-cdp9g,container_memory_cache,217088.0
1744886665,kashef-k8s-ctl.url-shorten-mongodb-57c886d5f8-g8ssb,container_memory_cache,405504.0
1744886665,kashef-k8s-w1.social-graph-redis-5bbd5b7458-82ltg,container_memory_cache,6135808.0
1744886665,kashef-k8s-w1.media-mongodb-7b64c59567-djrkf,container_memory_cache,64958464.0
1744886665,kashef-k8s-w1.media-service-6c665c775d-nmsvf,container_memory_cache,307200.0
1744886665,kashef-k8s-w1.post-storage-memcached-6b75788fc6-qf227,container_memory_cache,0.0
1744886665,kashef-k8s-w1.compose-post-service-f587bf89d-gz47k,container_memory_cache,53248.0
1744886665,kashef-k8s-w1.nginx-thrift-79478f9bf5-d992x,container_memory_cache,378548224.0
1744886665,kashef-k8s-ctl.unique-id-service-694497b678-kz4kq,container_memory_cache,0.0
1744886665,kashef-k8s-ctl.user-mongodb-7745bbd78-7njl7,container_memory_cache,356352.0
1744886665,kashef-k8s-ctl.user-service-547b88cd8f-62khh,container_memory_cache,12288.0
1744886665,kashef-k8s-ctl.user-timeline-mongodb-6758898d48-fwnts,container_memory_cache,368640.0
1744886665,kashef-k8s-ctl.user-mention-service-5c4f566c5-pxpzx,container_memory_cache,12288.0
1744886665,kashef-k8s-w1.social-graph-service-677dbc655c-wnhhr,container_memory_cache,2015232.0
1744886665,kashef-k8s-w1.social-graph-mongodb-55df767ff5-7bdxk,container_memory_cache,319488.0
1744886665,kashef-k8s-w1.url-shorten-service-66949ddcc4-m6qjh,container_memory_cache,307200.0
1744886665,kashef-k8s-ctl.home-timeline-service-5754ffbc6d-2g86b,container_memory_cache,512000.0
1744886665,kashef-k8s-w1.media-memcached-7889bdfdfb-f9n92,container_memory_cache,2375680.0
1744886665,kashef-k8s-ctl.post-storage-mongodb-5579669d8c-m6bdp,container_memory_cache,475136.0
1744886665,kashef-k8s-ctl.home-timeline-redis-6c6647df6f-ws9vj,container_memory_cache,0.0
1744886665,kashef-k8s-w1.post-storage-service-66c9966f5f-prqxx,container_memory_cache,5959680.0
1744886665,kashef-k8s-w1.user-timeline-redis-67cc95bc57-7699c,container_memory_cache,24576.0
1744886671,kashef-k8s-w1.media-memcached-7889bdfdfb-f9n92,container_memory_cache,2375680.0
1744886671,kashef-k8s-ctl.post-storage-mongodb-5579669d8c-m6bdp,container_memory_cache,475136.0
1744886671,kashef-k8s-ctl.user-mention-service-5c4f566c5-pxpzx,container_memory_cache,12288.0
1744886671,kashef-k8s-w1.url-shorten-service-66949ddcc4-m6qjh,container_memory_cache,1150976.0
1744886671,kashef-k8s-ctl.home-timeline-service-5754ffbc6d-2g86b,container_memory_cache,512000.0
1744886671,kashef-k8s-w1.post-storage-service-66c9966f5f-prqxx,container_memory_cache,1429504.0
1744886671,kashef-k8s-ctl.user-memcached-59687c864d-d4tkv,container_memory_cache,0.0
1744886671,kashef-k8s-ctl.media-frontend-6b66b95ff4-kw757,container_memory_cache,388665344.0
1744886671,kashef-k8s-w1.social-graph-service-677dbc655c-wnhhr,container_memory_cache,2498560.0
1744886671,kashef-k8s-w1.social-graph-mongodb-55df767ff5-7bdxk,container_memory_cache,8110080.0
1744886671,kashef-k8s-w1.media-mongodb-7b64c59567-djrkf,container_memory_cache,3768320.0
1744886671,kashef-k8s-ctl.jaeger-67997f9775-cdp9g,container_memory_cache,217088.0
1744886671,kashef-k8s-ctl.url-shorten-mongodb-57c886d5f8-g8ssb,container_memory_cache,405504.0
1744886671,kashef-k8s-w1.media-service-6c665c775d-nmsvf,container_memory_cache,307200.0
1744886671,kashef-k8s-w1.post-storage-memcached-6b75788fc6-qf227,container_memory_cache,704512.0
1744886671,kashef-k8s-w1.social-graph-redis-5bbd5b7458-82ltg,container_memory_cache,1191936.0
1744886671,kashef-k8s-ctl.user-timeline-mongodb-6758898d48-fwnts,container_memory_cache,368640.0
1744886671,kashef-k8s-ctl.user-service-547b88cd8f-62khh,container_memory_cache,12288.0
1744886671,kashef-k8s-w1.compose-post-service-f587bf89d-gz47k,container_memory_cache,53248.0
1744886671,kashef-k8s-w1.nginx-thrift-79478f9bf5-d992x,container_memory_cache,378548224.0
1744886671,kashef-k8s-w1.url-shorten-memcached-6546746864-4v94l,container_memory_cache,0.0
1744886671,kashef-k8s-ctl.unique-id-service-694497b678-kz4kq,container_memory_cache,0.0
1744886671,kashef-k8s-ctl.user-mongodb-7745bbd78-7njl7,container_memory_cache,356352.0
1744886671,kashef-k8s-ctl.home-timeline-redis-6c6647df6f-ws9vj,container_memory_cache,0.0
1744886671,kashef-k8s-w1.user-timeline-redis-67cc95bc57-7699c,container_memory_cache,1818624.0
1744886671,kashef-k8s-w1.text-service-fff64b8bf-qp8rn,container_memory_cache,184320.0
1744886671,kashef-k8s-w1.user-timeline-service-664c7f6696-768fq,container_memory_cache,491520.0
1744886677,kashef-k8s-w1.text-service-fff64b8bf-qp8rn,container_memory_cache,1130496.0
1744886677,kashef-k8s-w1.user-timeline-redis-67cc95bc57-7699c,container_memory_cache,1818624.0
1744886677,kashef-k8s-w1.media-memcached-7889bdfdfb-f9n92,container_memory_cache,2375680.0
1744886677,kashef-k8s-ctl.home-timeline-redis-6c6647df6f-ws9vj,container_memory_cache,0.0
1744886677,kashef-k8s-w1.url-shorten-memcached-6546746864-4v94l,container_memory_cache,299008.0
1744886677,kashef-k8s-ctl.unique-id-service-694497b678-kz4kq,container_memory_cache,0.0
1744886677,kashef-k8s-ctl.user-timeline-mongodb-6758898d48-fwnts,container_memory_cache,368640.0
1744886677,kashef-k8s-ctl.user-mongodb-7745bbd78-7njl7,container_memory_cache,356352.0
1744886677,kashef-k8s-ctl.user-mention-service-5c4f566c5-pxpzx,container_memory_cache,12288.0
1744886677,kashef-k8s-ctl.user-service-547b88cd8f-62khh,container_memory_cache,12288.0
1744886677,kashef-k8s-w1.media-service-6c665c775d-nmsvf,container_memory_cache,1470464.0
1744886677,kashef-k8s-w1.user-timeline-service-664c7f6696-768fq,container_memory_cache,5431296.0
1744886677,kashef-k8s-w1.nginx-thrift-79478f9bf5-d992x,container_memory_cache,7176192.0
1744886677,kashef-k8s-w1.compose-post-service-f587bf89d-gz47k,container_memory_cache,53248.0
1744886677,kashef-k8s-w1.media-mongodb-7b64c59567-djrkf,container_memory_cache,3768320.0
1744886677,kashef-k8s-w1.social-graph-redis-5bbd5b7458-82ltg,container_memory_cache,1191936.0
1744886677,kashef-k8s-w1.social-graph-service-677dbc655c-wnhhr,container_memory_cache,2498560.0
1744886677,kashef-k8s-w1.social-graph-mongodb-55df767ff5-7bdxk,container_memory_cache,8110080.0
1744886677,kashef-k8s-ctl.url-shorten-mongodb-57c886d5f8-g8ssb,container_memory_cache,405504.0
1744886677,kashef-k8s-ctl.user-memcached-59687c864d-d4tkv,container_memory_cache,0.0
1744886677,kashef-k8s-ctl.media-frontend-6b66b95ff4-kw757,container_memory_cache,388665344.0
1744886677,kashef-k8s-ctl.post-storage-mongodb-5579669d8c-m6bdp,container_memory_cache,475136.0
1744886677,kashef-k8s-w1.url-shorten-service-66949ddcc4-m6qjh,container_memory_cache,1150976.0
1744886677,kashef-k8s-ctl.home-timeline-service-5754ffbc6d-2g86b,container_memory_cache,512000.0
1744886677,kashef-k8s-w1.post-storage-service-66c9966f5f-prqxx,container_memory_cache,1429504.0
1744886677,kashef-k8s-ctl.jaeger-67997f9775-cdp9g,container_memory_cache,217088.0
1744886677,kashef-k8s-w1.post-storage-memcached-6b75788fc6-qf227,container_memory_cache,704512.0
1744886683,kashef-k8s-ctl.home-timeline-redis-6c6647df6f-ws9vj,container_memory_cache,0.0
1744886683,kashef-k8s-w1.social-graph-redis-5bbd5b7458-82ltg,container_memory_cache,1191936.0
1744886683,kashef-k8s-w1.url-shorten-memcached-6546746864-4v94l,container_memory_cache,299008.0
1744886683,kashef-k8s-ctl.post-storage-mongodb-5579669d8c-m6bdp,container_memory_cache,475136.0
1744886683,kashef-k8s-w1.text-service-fff64b8bf-qp8rn,container_memory_cache,1130496.0
1744886683,kashef-k8s-w1.user-timeline-service-664c7f6696-768fq,container_memory_cache,5431296.0
1744886683,kashef-k8s-ctl.user-service-547b88cd8f-62khh,container_memory_cache,12288.0
1744886683,kashef-k8s-ctl.user-timeline-mongodb-6758898d48-fwnts,container_memory_cache,458752.0
1744886683,kashef-k8s-ctl.user-mention-service-5c4f566c5-pxpzx,container_memory_cache,12288.0
1744886683,kashef-k8s-w1.url-shorten-service-66949ddcc4-m6qjh,container_memory_cache,1150976.0
1744886683,kashef-k8s-ctl.user-mongodb-7745bbd78-7njl7,container_memory_cache,356352.0
1744886683,kashef-k8s-ctl.unique-id-service-694497b678-kz4kq,container_memory_cache,0.0
1744886683,kashef-k8s-w1.nginx-thrift-79478f9bf5-d992x,container_memory_cache,7176192.0
1744886683,kashef-k8s-ctl.media-frontend-6b66b95ff4-kw757,container_memory_cache,388665344.0
1744886683,kashef-k8s-w1.post-storage-service-66c9966f5f-prqxx,container_memory_cache,1429504.0
1744886683,kashef-k8s-w1.post-storage-memcached-6b75788fc6-qf227,container_memory_cache,704512.0
1744886683,kashef-k8s-w1.user-timeline-redis-67cc95bc57-7699c,container_memory_cache,1818624.0
1744886683,kashef-k8s-w1.media-memcached-7889bdfdfb-f9n92,container_memory_cache,2375680.0
1744886683,kashef-k8s-ctl.home-timeline-service-5754ffbc6d-2g86b,container_memory_cache,512000.0
1744886683,kashef-k8s-w1.compose-post-service-f587bf89d-gz47k,container_memory_cache,53248.0
1744886683,kashef-k8s-ctl.jaeger-67997f9775-cdp9g,container_memory_cache,217088.0
1744886683,kashef-k8s-ctl.url-shorten-mongodb-57c886d5f8-g8ssb,container_memory_cache,405504.0
1744886683,kashef-k8s-w1.social-graph-mongodb-55df767ff5-7bdxk,container_memory_cache,8110080.0
1744886683,kashef-k8s-w1.social-graph-service-677dbc655c-wnhhr,container_memory_cache,2498560.0
1744886683,kashef-k8s-w1.media-service-6c665c775d-nmsvf,container_memory_cache,1470464.0
1744886683,kashef-k8s-w1.media-mongodb-7b64c59567-djrkf,container_memory_cache,3768320.0
1744886683,kashef-k8s-ctl.user-memcached-59687c864d-d4tkv,container_memory_cache,0.0
1744886689,kashef-k8s-w1.post-storage-service-66c9966f5f-prqxx,container_memory_cache,1011712.0
1744886689,kashef-k8s-ctl.media-frontend-6b66b95ff4-kw757,container_memory_cache,388665344.0
1744886689,kashef-k8s-w1.user-timeline-service-664c7f6696-768fq,container_memory_cache,5431296.0
1744886689,kashef-k8s-w1.text-service-fff64b8bf-qp8rn,container_memory_cache,1130496.0
1744886689,kashef-k8s-ctl.user-mention-service-5c4f566c5-pxpzx,container_memory_cache,12288.0
1744886689,kashef-k8s-ctl.user-timeline-mongodb-6758898d48-fwnts,container_memory_cache,458752.0
1744886689,kashef-k8s-w1.nginx-thrift-79478f9bf5-d992x,container_memory_cache,7176192.0
1744886689,kashef-k8s-w1.url-shorten-service-66949ddcc4-m6qjh,container_memory_cache,1150976.0
1744886689,kashef-k8s-ctl.unique-id-service-694497b678-kz4kq,container_memory_cache,0.0
1744886689,kashef-k8s-ctl.user-mongodb-7745bbd78-7njl7,container_memory_cache,356352.0
1744886689,kashef-k8s-w1.compose-post-service-f587bf89d-gz47k,container_memory_cache,53248.0
1744886689,kashef-k8s-ctl.user-memcached-59687c864d-d4tkv,container_memory_cache,0.0
1744886689,kashef-k8s-ctl.user-service-547b88cd8f-62khh,container_memory_cache,12288.0
1744886689,kashef-k8s-w1.media-mongodb-7b64c59567-djrkf,container_memory_cache,3768320.0
1744886689,kashef-k8s-w1.social-graph-redis-5bbd5b7458-82ltg,container_memory_cache,1191936.0
1744886689,kashef-k8s-w1.social-graph-mongodb-55df767ff5-7bdxk,container_memory_cache,8110080.0
1744886689,kashef-k8s-w1.url-shorten-memcached-6546746864-4v94l,container_memory_cache,299008.0
1744886689,kashef-k8s-ctl.home-timeline-service-5754ffbc6d-2g86b,container_memory_cache,512000.0
1744886689,kashef-k8s-w1.social-graph-service-677dbc655c-wnhhr,container_memory_cache,2498560.0
1744886689,kashef-k8s-w1.media-service-6c665c775d-nmsvf,container_memory_cache,1470464.0
1744886689,kashef-k8s-ctl.jaeger-67997f9775-cdp9g,container_memory_cache,217088.0
1744886689,kashef-k8s-ctl.url-shorten-mongodb-57c886d5f8-g8ssb,container_memory_cache,552960.0
1744886689,kashef-k8s-w1.media-memcached-7889bdfdfb-f9n92,container_memory_cache,2375680.0
1744886689,kashef-k8s-ctl.home-timeline-redis-6c6647df6f-ws9vj,container_memory_cache,0.0
1744886689,kashef-k8s-w1.user-timeline-redis-67cc95bc57-7699c,container_memory_cache,1818624.0
1744886689,kashef-k8s-ctl.post-storage-mongodb-5579669d8c-m6bdp,container_memory_cache,663552.0
1744886689,kashef-k8s-w1.post-storage-memcached-6b75788fc6-qf227,container_memory_cache,704512.0
1744886695,kashef-k8s-w1.user-timeline-redis-67cc95bc57-7699c,container_memory_cache,1818624.0
1744886695,kashef-k8s-w1.post-storage-memcached-6b75788fc6-qf227,container_memory_cache,524288.0
1744886695,kashef-k8s-w1.post-storage-service-66c9966f5f-prqxx,container_memory_cache,1011712.0
1744886695,kashef-k8s-w1.media-memcached-7889bdfdfb-f9n92,container_memory_cache,589824.0
1744886695,kashef-k8s-ctl.jaeger-67997f9775-cdp9g,container_memory_cache,217088.0
1744886695,kashef-k8s-w1.social-graph-service-677dbc655c-wnhhr,container_memory_cache,12288.0
1744886695,kashef-k8s-ctl.home-timeline-service-5754ffbc6d-2g86b,container_memory_cache,512000.0
1744886695,kashef-k8s-ctl.unique-id-service-694497b678-kz4kq,container_memory_cache,0.0
1744886695,kashef-k8s-w1.social-graph-mongodb-55df767ff5-7bdxk,container_memory_cache,8110080.0
1744886695,kashef-k8s-w1.url-shorten-memcached-6546746864-4v94l,container_memory_cache,348160.0
1744886695,kashef-k8s-w1.media-mongodb-7b64c59567-djrkf,container_memory_cache,3768320.0
1744886695,kashef-k8s-ctl.user-service-547b88cd8f-62khh,container_memory_cache,12288.0
1744886695,kashef-k8s-w1.media-service-6c665c775d-nmsvf,container_memory_cache,1470464.0
1744886695,kashef-k8s-w1.user-timeline-service-664c7f6696-768fq,container_memory_cache,5431296.0
1744886695,kashef-k8s-ctl.user-memcached-59687c864d-d4tkv,container_memory_cache,0.0
1744886695,kashef-k8s-ctl.user-timeline-mongodb-6758898d48-fwnts,container_memory_cache,458752.0
1744886695,kashef-k8s-w1.nginx-thrift-79478f9bf5-d992x,container_memory_cache,7176192.0
1744886695,kashef-k8s-w1.compose-post-service-f587bf89d-gz47k,container_memory_cache,53248.0
1744886695,kashef-k8s-w1.url-shorten-service-66949ddcc4-m6qjh,container_memory_cache,1150976.0
1744886695,kashef-k8s-w1.social-graph-redis-5bbd5b7458-82ltg,container_memory_cache,1191936.0
1744886695,kashef-k8s-w1.text-service-fff64b8bf-qp8rn,container_memory_cache,0.0
1744886695,kashef-k8s-ctl.url-shorten-mongodb-57c886d5f8-g8ssb,container_memory_cache,552960.0
1744886695,kashef-k8s-ctl.media-frontend-6b66b95ff4-kw757,container_memory_cache,388665344.0
1744886695,kashef-k8s-ctl.post-storage-mongodb-5579669d8c-m6bdp,container_memory_cache,663552.0
1744886695,kashef-k8s-ctl.user-mongodb-7745bbd78-7njl7,container_memory_cache,356352.0
1744886695,kashef-k8s-ctl.home-timeline-redis-6c6647df6f-ws9vj,container_memory_cache,0.0
1744886695,kashef-k8s-ctl.user-mention-service-5c4f566c5-pxpzx,container_memory_cache,12288.0
1744886701,kashef-k8s-w1.text-service-fff64b8bf-qp8rn,container_memory_cache,0.0
1744886701,kashef-k8s-ctl.jaeger-67997f9775-cdp9g,container_memory_cache,217088.0
1744886701,kashef-k8s-w1.social-graph-mongodb-55df767ff5-7bdxk,container_memory_cache,7094272.0
1744886701,kashef-k8s-w1.social-graph-service-677dbc655c-wnhhr,container_memory_cache,12288.0
1744886701,kashef-k8s-w1.post-storage-memcached-6b75788fc6-qf227,container_memory_cache,524288.0
1744886701,kashef-k8s-ctl.user-service-547b88cd8f-62khh,container_memory_cache,12288.0
1744886701,kashef-k8s-w1.url-shorten-memcached-6546746864-4v94l,container_memory_cache,348160.0
1744886701,kashef-k8s-w1.media-mongodb-7b64c59567-djrkf,container_memory_cache,3768320.0
1744886701,kashef-k8s-w1.user-timeline-service-664c7f6696-768fq,container_memory_cache,6823936.0
1744886701,kashef-k8s-w1.user-timeline-redis-67cc95bc57-7699c,container_memory_cache,1814528.0
1744886701,kashef-k8s-ctl.user-memcached-59687c864d-d4tkv,container_memory_cache,0.0
1744886701,kashef-k8s-w1.media-service-6c665c775d-nmsvf,container_memory_cache,1470464.0
1744886701,kashef-k8s-ctl.url-shorten-mongodb-57c886d5f8-g8ssb,container_memory_cache,552960.0
1744886701,kashef-k8s-ctl.post-storage-mongodb-5579669d8c-m6bdp,container_memory_cache,663552.0
1744886701,kashef-k8s-w1.post-storage-service-66c9966f5f-prqxx,container_memory_cache,1011712.0
1744886701,kashef-k8s-ctl.home-timeline-redis-6c6647df6f-ws9vj,container_memory_cache,0.0
1744886701,kashef-k8s-w1.media-memcached-7889bdfdfb-f9n92,container_memory_cache,589824.0
1744886701,kashef-k8s-ctl.media-frontend-6b66b95ff4-kw757,container_memory_cache,388665344.0
1744886701,kashef-k8s-ctl.user-mention-service-5c4f566c5-pxpzx,container_memory_cache,12288.0
1744886701,kashef-k8s-ctl.user-timeline-mongodb-6758898d48-fwnts,container_memory_cache,458752.0
1744886701,kashef-k8s-ctl.unique-id-service-694497b678-kz4kq,container_memory_cache,0.0
1744886701,kashef-k8s-w1.social-graph-redis-5bbd5b7458-82ltg,container_memory_cache,749568.0
1744886701,kashef-k8s-w1.url-shorten-service-66949ddcc4-m6qjh,container_memory_cache,884736.0
1744886701,kashef-k8s-ctl.user-mongodb-7745bbd78-7njl7,container_memory_cache,356352.0
1744886701,kashef-k8s-w1.compose-post-service-f587bf89d-gz47k,container_memory_cache,53248.0
1744886701,kashef-k8s-ctl.home-timeline-service-5754ffbc6d-2g86b,container_memory_cache,512000.0
1744886701,kashef-k8s-w1.nginx-thrift-79478f9bf5-d992x,container_memory_cache,7176192.0
1744886707,kashef-k8s-ctl.post-storage-mongodb-5579669d8c-m6bdp,container_memory_cache,684032.0
1744886707,kashef-k8s-w1.url-shorten-service-66949ddcc4-m6qjh,container_memory_cache,884736.0
1744886707,kashef-k8s-w1.user-timeline-service-664c7f6696-768fq,container_memory_cache,6823936.0
1744886707,kashef-k8s-w1.compose-post-service-f587bf89d-gz47k,container_memory_cache,1671168.0
1744886707,kashef-k8s-ctl.media-frontend-6b66b95ff4-kw757,container_memory_cache,388665344.0
1744886707,kashef-k8s-ctl.unique-id-service-694497b678-kz4kq,container_memory_cache,0.0
1744886707,kashef-k8s-ctl.user-mongodb-7745bbd78-7njl7,container_memory_cache,356352.0
1744886707,kashef-k8s-ctl.user-timeline-mongodb-6758898d48-fwnts,container_memory_cache,458752.0
1744886707,kashef-k8s-ctl.user-service-547b88cd8f-62khh,container_memory_cache,12288.0
1744886707,kashef-k8s-w1.media-service-6c665c775d-nmsvf,container_memory_cache,1646592.0
1744886707,kashef-k8s-w1.url-shorten-memcached-6546746864-4v94l,container_memory_cache,348160.0
1744886707,kashef-k8s-ctl.url-shorten-mongodb-57c886d5f8-g8ssb,container_memory_cache,552960.0
1744886707,kashef-k8s-w1.social-graph-redis-5bbd5b7458-82ltg,container_memory_cache,749568.0
1744886707,kashef-k8s-ctl.user-mention-service-5c4f566c5-pxpzx,container_memory_cache,12288.0
1744886707,kashef-k8s-w1.user-timeline-redis-67cc95bc57-7699c,container_memory_cache,1814528.0
1744886707,kashef-k8s-ctl.user-memcached-59687c864d-d4tkv,container_memory_cache,0.0
1744886707,kashef-k8s-w1.media-mongodb-7b64c59567-djrkf,container_memory_cache,6197248.0
1744886707,kashef-k8s-w1.nginx-thrift-79478f9bf5-d992x,container_memory_cache,5890048.0
1744886707,kashef-k8s-w1.media-memcached-7889bdfdfb-f9n92,container_memory_cache,589824.0
1744886707,kashef-k8s-w1.post-storage-service-66c9966f5f-prqxx,container_memory_cache,1011712.0
1744886707,kashef-k8s-w1.social-graph-service-677dbc655c-wnhhr,container_memory_cache,12288.0
1744886707,kashef-k8s-w1.social-graph-mongodb-55df767ff5-7bdxk,container_memory_cache,7094272.0
1744886707,kashef-k8s-ctl.home-timeline-redis-6c6647df6f-ws9vj,container_memory_cache,0.0
1744886707,kashef-k8s-w1.post-storage-memcached-6b75788fc6-qf227,container_memory_cache,524288.0
1744886707,kashef-k8s-w1.text-service-fff64b8bf-qp8rn,container_memory_cache,0.0
1744886707,kashef-k8s-ctl.home-timeline-service-5754ffbc6d-2g86b,container_memory_cache,512000.0
1744886707,kashef-k8s-ctl.jaeger-67997f9775-cdp9g,container_memory_cache,217088.0
1744886713,kashef-k8s-w1.compose-post-service-f587bf89d-gz47k,container_memory_cache,1671168.0
1744886713,kashef-k8s-ctl.media-frontend-6b66b95ff4-kw757,container_memory_cache,388665344.0
1744886713,kashef-k8s-ctl.post-storage-mongodb-5579669d8c-m6bdp,container_memory_cache,684032.0
1744886713,kashef-k8s-ctl.user-timeline-mongodb-6758898d48-fwnts,container_memory_cache,471040.0
1744886713,kashef-k8s-w1.media-service-6c665c775d-nmsvf,container_memory_cache,1646592.0
1744886713,kashef-k8s-w1.media-mongodb-7b64c59567-djrkf,container_memory_cache,6197248.0
1744886713,kashef-k8s-w1.user-timeline-redis-67cc95bc57-7699c,container_memory_cache,1814528.0
1744886713,kashef-k8s-w1.post-storage-service-66c9966f5f-prqxx,container_memory_cache,1011712.0
1744886713,kashef-k8s-ctl.user-memcached-59687c864d-d4tkv,container_memory_cache,0.0
1744886713,kashef-k8s-ctl.user-mention-service-5c4f566c5-pxpzx,container_memory_cache,12288.0
1744886713,kashef-k8s-ctl.unique-id-service-694497b678-kz4kq,container_memory_cache,0.0
1744886713,kashef-k8s-ctl.url-shorten-mongodb-57c886d5f8-g8ssb,container_memory_cache,552960.0
1744886713,kashef-k8s-ctl.user-mongodb-7745bbd78-7njl7,container_memory_cache,356352.0
1744886713,kashef-k8s-w1.url-shorten-service-66949ddcc4-m6qjh,container_memory_cache,884736.0
1744886713,kashef-k8s-w1.nginx-thrift-79478f9bf5-d992x,container_memory_cache,5890048.0
1744886713,kashef-k8s-ctl.jaeger-67997f9775-cdp9g,container_memory_cache,217088.0
1744886713,kashef-k8s-ctl.user-service-547b88cd8f-62khh,container_memory_cache,12288.0
1744886713,kashef-k8s-ctl.home-timeline-redis-6c6647df6f-ws9vj,container_memory_cache,0.0
1744886713,kashef-k8s-w1.social-graph-redis-5bbd5b7458-82ltg,container_memory_cache,749568.0
1744886713,kashef-k8s-w1.url-shorten-memcached-6546746864-4v94l,container_memory_cache,348160.0
1744886713,kashef-k8s-ctl.home-timeline-service-5754ffbc6d-2g86b,container_memory_cache,512000.0
1744886713,kashef-k8s-w1.media-memcached-7889bdfdfb-f9n92,container_memory_cache,589824.0
1744886713,kashef-k8s-w1.social-graph-mongodb-55df767ff5-7bdxk,container_memory_cache,7094272.0
1744886713,kashef-k8s-w1.social-graph-service-677dbc655c-wnhhr,container_memory_cache,12288.0
1744886713,kashef-k8s-w1.user-timeline-service-664c7f6696-768fq,container_memory_cache,6823936.0
1744886713,kashef-k8s-w1.text-service-fff64b8bf-qp8rn,container_memory_cache,0.0
1744886713,kashef-k8s-w1.post-storage-memcached-6b75788fc6-qf227,container_memory_cache,524288.0
1744886719,kashef-k8s-w1.text-service-fff64b8bf-qp8rn,container_memory_cache,0.0
1744886719,kashef-k8s-w1.post-storage-memcached-6b75788fc6-qf227,container_memory_cache,524288.0
1744886719,kashef-k8s-w1.media-memcached-7889bdfdfb-f9n92,container_memory_cache,589824.0
1744886719,kashef-k8s-ctl.jaeger-67997f9775-cdp9g,container_memory_cache,217088.0
1744886719,kashef-k8s-w1.social-graph-mongodb-55df767ff5-7bdxk,container_memory_cache,7094272.0
1744886719,kashef-k8s-ctl.home-timeline-service-5754ffbc6d-2g86b,container_memory_cache,512000.0
1744886719,kashef-k8s-w1.social-graph-service-677dbc655c-wnhhr,container_memory_cache,12288.0
1744886719,kashef-k8s-w1.url-shorten-memcached-6546746864-4v94l,container_memory_cache,348160.0
1744886719,kashef-k8s-ctl.user-memcached-59687c864d-d4tkv,container_memory_cache,0.0
1744886719,kashef-k8s-ctl.unique-id-service-694497b678-kz4kq,container_memory_cache,0.0
1744886719,kashef-k8s-ctl.user-service-547b88cd8f-62khh,container_memory_cache,12288.0
1744886719,kashef-k8s-w1.user-timeline-redis-67cc95bc57-7699c,container_memory_cache,1814528.0
1744886719,kashef-k8s-w1.post-storage-service-66c9966f5f-prqxx,container_memory_cache,1454080.0
1744886719,kashef-k8s-w1.media-mongodb-7b64c59567-djrkf,container_memory_cache,6197248.0
1744886719,kashef-k8s-ctl.url-shorten-mongodb-57c886d5f8-g8ssb,container_memory_cache,552960.0
1744886719,kashef-k8s-w1.url-shorten-service-66949ddcc4-m6qjh,container_memory_cache,884736.0
1744886719,kashef-k8s-w1.social-graph-redis-5bbd5b7458-82ltg,container_memory_cache,749568.0
1744886719,kashef-k8s-w1.user-timeline-service-664c7f6696-768fq,container_memory_cache,6823936.0
1744886719,kashef-k8s-ctl.home-timeline-redis-6c6647df6f-ws9vj,container_memory_cache,0.0
1744886719,kashef-k8s-ctl.media-frontend-6b66b95ff4-kw757,container_memory_cache,388665344.0
1744886719,kashef-k8s-ctl.user-mongodb-7745bbd78-7njl7,container_memory_cache,356352.0
1744886719,kashef-k8s-ctl.user-timeline-mongodb-6758898d48-fwnts,container_memory_cache,471040.0
1744886719,kashef-k8s-w1.nginx-thrift-79478f9bf5-d992x,container_memory_cache,5890048.0
1744886719,kashef-k8s-ctl.post-storage-mongodb-5579669d8c-m6bdp,container_memory_cache,684032.0
1744886719,kashef-k8s-w1.media-service-6c665c775d-nmsvf,container_memory_cache,1646592.0
1744886719,kashef-k8s-ctl.user-mention-service-5c4f566c5-pxpzx,container_memory_cache,12288.0
1744886719,kashef-k8s-w1.compose-post-service-f587bf89d-gz47k,container_memory_cache,1671168.0
1744886725,kashef-k8s-w1.social-graph-service-677dbc655c-wnhhr,container_memory_cache,12288.0
1744886725,kashef-k8s-w1.media-service-6c665c775d-nmsvf,container_memory_cache,1646592.0
1744886725,kashef-k8s-ctl.post-storage-mongodb-5579669d8c-m6bdp,container_memory_cache,684032.0
1744886725,kashef-k8s-w1.url-shorten-memcached-6546746864-4v94l,container_memory_cache,110592.0
1744886725,kashef-k8s-w1.social-graph-mongodb-55df767ff5-7bdxk,container_memory_cache,7094272.0
1744886725,kashef-k8s-ctl.user-memcached-59687c864d-d4tkv,container_memory_cache,0.0
1744886725,kashef-k8s-ctl.user-service-547b88cd8f-62khh,container_memory_cache,12288.0
1744886725,kashef-k8s-w1.post-storage-service-66c9966f5f-prqxx,container_memory_cache,1454080.0
1744886725,kashef-k8s-ctl.unique-id-service-694497b678-kz4kq,container_memory_cache,0.0
1744886725,kashef-k8s-w1.url-shorten-service-66949ddcc4-m6qjh,container_memory_cache,884736.0
1744886725,kashef-k8s-w1.social-graph-redis-5bbd5b7458-82ltg,container_memory_cache,749568.0
1744886725,kashef-k8s-w1.media-mongodb-7b64c59567-djrkf,container_memory_cache,6254592.0
1744886725,kashef-k8s-ctl.home-timeline-service-5754ffbc6d-2g86b,container_memory_cache,512000.0
1744886725,kashef-k8s-ctl.jaeger-67997f9775-cdp9g,container_memory_cache,217088.0
1744886725,kashef-k8s-w1.media-memcached-7889bdfdfb-f9n92,container_memory_cache,589824.0
1744886725,kashef-k8s-ctl.user-timeline-mongodb-6758898d48-fwnts,container_memory_cache,471040.0
1744886725,kashef-k8s-ctl.user-mongodb-7745bbd78-7njl7,container_memory_cache,364544.0
1744886725,kashef-k8s-w1.user-timeline-service-664c7f6696-768fq,container_memory_cache,7909376.0
1744886725,kashef-k8s-ctl.home-timeline-redis-6c6647df6f-ws9vj,container_memory_cache,0.0
1744886725,kashef-k8s-w1.text-service-fff64b8bf-qp8rn,container_memory_cache,1191936.0
1744886725,kashef-k8s-ctl.user-mention-service-5c4f566c5-pxpzx,container_memory_cache,12288.0
1744886725,kashef-k8s-w1.user-timeline-redis-67cc95bc57-7699c,container_memory_cache,1814528.0
1744886725,kashef-k8s-ctl.media-frontend-6b66b95ff4-kw757,container_memory_cache,388665344.0
1744886725,kashef-k8s-w1.nginx-thrift-79478f9bf5-d992x,container_memory_cache,5890048.0
1744886725,kashef-k8s-w1.compose-post-service-f587bf89d-gz47k,container_memory_cache,1671168.0
1744886725,kashef-k8s-ctl.url-shorten-mongodb-57c886d5f8-g8ssb,container_memory_cache,626688.0
1744886725,kashef-k8s-w1.post-storage-memcached-6b75788fc6-qf227,container_memory_cache,221184.0
1744886731,kashef-k8s-ctl.user-mention-service-5c4f566c5-pxpzx,container_memory_cache,12288.0
1744886731,kashef-k8s-w1.post-storage-service-66c9966f5f-prqxx,container_memory_cache,1454080.0
1744886731,kashef-k8s-ctl.post-storage-mongodb-5579669d8c-m6bdp,container_memory_cache,684032.0
1744886731,kashef-k8s-w1.social-graph-mongodb-55df767ff5-7bdxk,container_memory_cache,7094272.0
1744886731,kashef-k8s-w1.text-service-fff64b8bf-qp8rn,container_memory_cache,1191936.0
1744886731,kashef-k8s-w1.user-timeline-service-664c7f6696-768fq,container_memory_cache,7909376.0
1744886731,kashef-k8s-ctl.media-frontend-6b66b95ff4-kw757,container_memory_cache,388665344.0
1744886731,kashef-k8s-w1.social-graph-redis-5bbd5b7458-82ltg,container_memory_cache,749568.0
1744886731,kashef-k8s-w1.media-service-6c665c775d-nmsvf,container_memory_cache,1646592.0
1744886731,kashef-k8s-w1.url-shorten-service-66949ddcc4-m6qjh,container_memory_cache,884736.0
1744886731,kashef-k8s-ctl.home-timeline-service-5754ffbc6d-2g86b,container_memory_cache,512000.0
1744886731,kashef-k8s-w1.nginx-thrift-79478f9bf5-d992x,container_memory_cache,6389760.0
1744886731,kashef-k8s-ctl.user-service-547b88cd8f-62khh,container_memory_cache,12288.0
1744886731,kashef-k8s-w1.media-mongodb-7b64c59567-djrkf,container_memory_cache,6254592.0
1744886731,kashef-k8s-ctl.jaeger-67997f9775-cdp9g,container_memory_cache,217088.0
1744886731,kashef-k8s-w1.url-shorten-memcached-6546746864-4v94l,container_memory_cache,110592.0
1744886731,kashef-k8s-w1.compose-post-service-f587bf89d-gz47k,container_memory_cache,1966080.0
1744886731,kashef-k8s-ctl.unique-id-service-694497b678-kz4kq,container_memory_cache,0.0
1744886731,kashef-k8s-ctl.user-mongodb-7745bbd78-7njl7,container_memory_cache,364544.0
1744886731,kashef-k8s-ctl.url-shorten-mongodb-57c886d5f8-g8ssb,container_memory_cache,626688.0
1744886731,kashef-k8s-w1.post-storage-memcached-6b75788fc6-qf227,container_memory_cache,221184.0
1744886731,kashef-k8s-ctl.user-timeline-mongodb-6758898d48-fwnts,container_memory_cache,471040.0
1744886731,kashef-k8s-w1.media-memcached-7889bdfdfb-f9n92,container_memory_cache,589824.0
1744886731,kashef-k8s-w1.social-graph-service-677dbc655c-wnhhr,container_memory_cache,1798144.0
1744886731,kashef-k8s-ctl.user-memcached-59687c864d-d4tkv,container_memory_cache,0.0
1744886731,kashef-k8s-w1.user-timeline-redis-67cc95bc57-7699c,container_memory_cache,1814528.0
1744886731,kashef-k8s-ctl.home-timeline-redis-6c6647df6f-ws9vj,container_memory_cache,0.0
1744886737,kashef-k8s-w1.user-timeline-redis-67cc95bc57-7699c,container_memory_cache,1814528.0
1744886737,kashef-k8s-ctl.user-memcached-59687c864d-d4tkv,container_memory_cache,0.0
1744886737,kashef-k8s-w1.media-memcached-7889bdfdfb-f9n92,container_memory_cache,589824.0
1744886737,kashef-k8s-ctl.home-timeline-redis-6c6647df6f-ws9vj,container_memory_cache,0.0
1744886737,kashef-k8s-w1.user-timeline-service-664c7f6696-768fq,container_memory_cache,7909376.0
1744886737,kashef-k8s-ctl.unique-id-service-694497b678-kz4kq,container_memory_cache,0.0
1744886737,kashef-k8s-w1.post-storage-memcached-6b75788fc6-qf227,container_memory_cache,221184.0
1744886737,kashef-k8s-w1.social-graph-service-677dbc655c-wnhhr,container_memory_cache,1798144.0
1744886737,kashef-k8s-ctl.user-timeline-mongodb-6758898d48-fwnts,container_memory_cache,471040.0
1744886737,kashef-k8s-w1.url-shorten-memcached-6546746864-4v94l,container_memory_cache,110592.0
1744886737,kashef-k8s-w1.media-mongodb-7b64c59567-djrkf,container_memory_cache,6254592.0
1744886737,kashef-k8s-ctl.user-service-547b88cd8f-62khh,container_memory_cache,12288.0
1744886737,kashef-k8s-ctl.user-mongodb-7745bbd78-7njl7,container_memory_cache,364544.0
1744886737,kashef-k8s-w1.nginx-thrift-79478f9bf5-d992x,container_memory_cache,6389760.0
1744886737,kashef-k8s-w1.compose-post-service-f587bf89d-gz47k,container_memory_cache,1966080.0
1744886737,kashef-k8s-w1.url-shorten-service-66949ddcc4-m6qjh,container_memory_cache,884736.0
1744886737,kashef-k8s-w1.social-graph-redis-5bbd5b7458-82ltg,container_memory_cache,749568.0
1744886737,kashef-k8s-ctl.post-storage-mongodb-5579669d8c-m6bdp,container_memory_cache,684032.0
1744886737,kashef-k8s-w1.text-service-fff64b8bf-qp8rn,container_memory_cache,1191936.0
1744886737,kashef-k8s-w1.social-graph-mongodb-55df767ff5-7bdxk,container_memory_cache,7159808.0
1744886737,kashef-k8s-w1.media-service-6c665c775d-nmsvf,container_memory_cache,1646592.0
1744886737,kashef-k8s-ctl.url-shorten-mongodb-57c886d5f8-g8ssb,container_memory_cache,626688.0
1744886737,kashef-k8s-w1.post-storage-service-66c9966f5f-prqxx,container_memory_cache,1454080.0
1744886737,kashef-k8s-ctl.user-mention-service-5c4f566c5-pxpzx,container_memory_cache,12288.0
1744886737,kashef-k8s-ctl.jaeger-67997f9775-cdp9g,container_memory_cache,217088.0
1744886737,kashef-k8s-ctl.media-frontend-6b66b95ff4-kw757,container_memory_cache,388665344.0
1744886737,kashef-k8s-ctl.home-timeline-service-5754ffbc6d-2g86b,container_memory_cache,512000.0
1744886743,kashef-k8s-w1.social-graph-service-677dbc655c-wnhhr,container_memory_cache,1798144.0
1744886743,kashef-k8s-w1.user-timeline-service-664c7f6696-768fq,container_memory_cache,7909376.0
1744886743,kashef-k8s-w1.post-storage-memcached-6b75788fc6-qf227,container_memory_cache,221184.0
1744886743,kashef-k8s-ctl.user-memcached-59687c864d-d4tkv,container_memory_cache,0.0
1744886743,kashef-k8s-ctl.home-timeline-redis-6c6647df6f-ws9vj,container_memory_cache,0.0
1744886743,kashef-k8s-w1.media-mongodb-7b64c59567-djrkf,container_memory_cache,6254592.0
1744886743,kashef-k8s-ctl.user-service-547b88cd8f-62khh,container_memory_cache,12288.0
1744886743,kashef-k8s-w1.social-graph-redis-5bbd5b7458-82ltg,container_memory_cache,749568.0
1744886743,kashef-k8s-w1.url-shorten-memcached-6546746864-4v94l,container_memory_cache,110592.0
1744886743,kashef-k8s-w1.nginx-thrift-79478f9bf5-d992x,container_memory_cache,6389760.0
1744886743,kashef-k8s-ctl.unique-id-service-694497b678-kz4kq,container_memory_cache,0.0
1744886743,kashef-k8s-ctl.user-mongodb-7745bbd78-7njl7,container_memory_cache,364544.0
1744886743,kashef-k8s-ctl.user-timeline-mongodb-6758898d48-fwnts,container_memory_cache,487424.0
1744886743,kashef-k8s-w1.compose-post-service-f587bf89d-gz47k,container_memory_cache,1966080.0
1744886743,kashef-k8s-w1.text-service-fff64b8bf-qp8rn,container_memory_cache,1191936.0
1744886743,kashef-k8s-w1.user-timeline-redis-67cc95bc57-7699c,container_memory_cache,1814528.0
1744886743,kashef-k8s-ctl.user-mention-service-5c4f566c5-pxpzx,container_memory_cache,12288.0
1744886743,kashef-k8s-ctl.jaeger-67997f9775-cdp9g,container_memory_cache,217088.0
1744886743,kashef-k8s-ctl.home-timeline-service-5754ffbc6d-2g86b,container_memory_cache,512000.0
1744886743,kashef-k8s-w1.media-service-6c665c775d-nmsvf,container_memory_cache,1646592.0
1744886743,kashef-k8s-w1.url-shorten-service-66949ddcc4-m6qjh,container_memory_cache,884736.0
1744886743,kashef-k8s-w1.social-graph-mongodb-55df767ff5-7bdxk,container_memory_cache,7159808.0
1744886743,kashef-k8s-ctl.post-storage-mongodb-5579669d8c-m6bdp,container_memory_cache,782336.0
1744886743,kashef-k8s-ctl.media-frontend-6b66b95ff4-kw757,container_memory_cache,388665344.0
1744886743,kashef-k8s-ctl.url-shorten-mongodb-57c886d5f8-g8ssb,container_memory_cache,626688.0
1744886743,kashef-k8s-w1.post-storage-service-66c9966f5f-prqxx,container_memory_cache,1454080.0
1744886743,kashef-k8s-w1.media-memcached-7889bdfdfb-f9n92,container_memory_cache,589824.0
1744886749,kashef-k8s-ctl.user-mention-service-5c4f566c5-pxpzx,container_memory_cache,12288.0
1744886749,kashef-k8s-ctl.home-timeline-redis-6c6647df6f-ws9vj,container_memory_cache,0.0
1744886749,kashef-k8s-w1.user-timeline-redis-67cc95bc57-7699c,container_memory_cache,1814528.0
1744886749,kashef-k8s-w1.media-memcached-7889bdfdfb-f9n92,container_memory_cache,589824.0
1744886749,kashef-k8s-ctl.post-storage-mongodb-5579669d8c-m6bdp,container_memory_cache,782336.0
1744886749,kashef-k8s-ctl.media-frontend-6b66b95ff4-kw757,container_memory_cache,388665344.0
1744886749,kashef-k8s-w1.text-service-fff64b8bf-qp8rn,container_memory_cache,1191936.0
1744886749,kashef-k8s-w1.social-graph-mongodb-55df767ff5-7bdxk,container_memory_cache,7159808.0
1744886749,kashef-k8s-w1.url-shorten-memcached-6546746864-4v94l,container_memory_cache,110592.0
1744886749,kashef-k8s-ctl.user-timeline-mongodb-6758898d48-fwnts,container_memory_cache,487424.0
1744886749,kashef-k8s-w1.user-timeline-service-664c7f6696-768fq,container_memory_cache,7909376.0
1744886749,kashef-k8s-w1.nginx-thrift-79478f9bf5-d992x,container_memory_cache,6389760.0
1744886749,kashef-k8s-ctl.user-service-547b88cd8f-62khh,container_memory_cache,12288.0
1744886749,kashef-k8s-w1.social-graph-redis-5bbd5b7458-82ltg,container_memory_cache,749568.0
1744886749,kashef-k8s-ctl.jaeger-67997f9775-cdp9g,container_memory_cache,217088.0
1744886749,kashef-k8s-w1.media-mongodb-7b64c59567-djrkf,container_memory_cache,6254592.0
1744886749,kashef-k8s-ctl.home-timeline-service-5754ffbc6d-2g86b,container_memory_cache,512000.0
1744886749,kashef-k8s-ctl.url-shorten-mongodb-57c886d5f8-g8ssb,container_memory_cache,626688.0
1744886749,kashef-k8s-w1.url-shorten-service-66949ddcc4-m6qjh,container_memory_cache,884736.0
1744886749,kashef-k8s-w1.media-service-6c665c775d-nmsvf,container_memory_cache,1646592.0
1744886749,kashef-k8s-w1.post-storage-memcached-6b75788fc6-qf227,container_memory_cache,221184.0
1744886749,kashef-k8s-w1.post-storage-service-66c9966f5f-prqxx,container_memory_cache,1454080.0
1744886749,kashef-k8s-ctl.user-memcached-59687c864d-d4tkv,container_memory_cache,0.0
1744886749,kashef-k8s-w1.social-graph-service-677dbc655c-wnhhr,container_memory_cache,1798144.0
1744886749,kashef-k8s-w1.compose-post-service-f587bf89d-gz47k,container_memory_cache,1966080.0
1744886749,kashef-k8s-ctl.user-mongodb-7745bbd78-7njl7,container_memory_cache,364544.0
1744886749,kashef-k8s-ctl.unique-id-service-694497b678-kz4kq,container_memory_cache,0.0
1744886755,kashef-k8s-ctl.post-storage-mongodb-5579669d8c-m6bdp,container_memory_cache,782336.0
1744886755,kashef-k8s-ctl.home-timeline-redis-6c6647df6f-ws9vj,container_memory_cache,0.0
1744886755,kashef-k8s-w1.social-graph-mongodb-55df767ff5-7bdxk,container_memory_cache,7159808.0
1744886755,kashef-k8s-w1.text-service-fff64b8bf-qp8rn,container_memory_cache,1191936.0
1744886755,kashef-k8s-ctl.jaeger-67997f9775-cdp9g,container_memory_cache,217088.0
1744886755,kashef-k8s-w1.user-timeline-service-664c7f6696-768fq,container_memory_cache,7909376.0
1744886755,kashef-k8s-ctl.user-timeline-mongodb-6758898d48-fwnts,container_memory_cache,487424.0
1744886755,kashef-k8s-w1.social-graph-redis-5bbd5b7458-82ltg,container_memory_cache,749568.0
1744886755,kashef-k8s-w1.url-shorten-memcached-6546746864-4v94l,container_memory_cache,110592.0
1744886755,kashef-k8s-w1.media-mongodb-7b64c59567-djrkf,container_memory_cache,6254592.0
1744886755,kashef-k8s-ctl.media-frontend-6b66b95ff4-kw757,container_memory_cache,388665344.0
1744886755,kashef-k8s-w1.nginx-thrift-79478f9bf5-d992x,container_memory_cache,6389760.0
1744886755,kashef-k8s-ctl.user-service-547b88cd8f-62khh,container_memory_cache,12288.0
1744886755,kashef-k8s-w1.user-timeline-redis-67cc95bc57-7699c,container_memory_cache,1814528.0
1744886755,kashef-k8s-ctl.user-memcached-59687c864d-d4tkv,container_memory_cache,0.0
1744886755,kashef-k8s-ctl.user-mention-service-5c4f566c5-pxpzx,container_memory_cache,12288.0
1744886755,kashef-k8s-w1.post-storage-memcached-6b75788fc6-qf227,container_memory_cache,221184.0
1744886755,kashef-k8s-ctl.home-timeline-service-5754ffbc6d-2g86b,container_memory_cache,512000.0
1744886755,kashef-k8s-w1.url-shorten-service-66949ddcc4-m6qjh,container_memory_cache,884736.0
1744886755,kashef-k8s-ctl.unique-id-service-694497b678-kz4kq,container_memory_cache,0.0
1744886755,kashef-k8s-w1.compose-post-service-f587bf89d-gz47k,container_memory_cache,1966080.0
1744886755,kashef-k8s-w1.media-service-6c665c775d-nmsvf,container_memory_cache,1646592.0
1744886755,kashef-k8s-ctl.user-mongodb-7745bbd78-7njl7,container_memory_cache,364544.0
1744886755,kashef-k8s-ctl.url-shorten-mongodb-57c886d5f8-g8ssb,container_memory_cache,626688.0
1744886755,kashef-k8s-w1.post-storage-service-66c9966f5f-prqxx,container_memory_cache,1454080.0
1744886755,kashef-k8s-w1.social-graph-service-677dbc655c-wnhhr,container_memory_cache,1798144.0
1744886755,kashef-k8s-w1.media-memcached-7889bdfdfb-f9n92,container_memory_cache,589824.0
1744886761,kashef-k8s-w1.media-memcached-7889bdfdfb-f9n92,container_memory_cache,720896.0
1744886761,kashef-k8s-w1.compose-post-service-f587bf89d-gz47k,container_memory_cache,1966080.0
1744886761,kashef-k8s-ctl.user-timeline-mongodb-6758898d48-fwnts,container_memory_cache,487424.0
1744886761,kashef-k8s-w1.social-graph-service-677dbc655c-wnhhr,container_memory_cache,1798144.0
1744886761,kashef-k8s-ctl.media-frontend-6b66b95ff4-kw757,container_memory_cache,388665344.0
1744886761,kashef-k8s-w1.user-timeline-redis-67cc95bc57-7699c,container_memory_cache,1814528.0
1744886761,kashef-k8s-w1.url-shorten-memcached-6546746864-4v94l,container_memory_cache,110592.0
1744886761,kashef-k8s-w1.social-graph-mongodb-55df767ff5-7bdxk,container_memory_cache,7163904.0
1744886761,kashef-k8s-ctl.url-shorten-mongodb-57c886d5f8-g8ssb,container_memory_cache,626688.0
1744886761,kashef-k8s-ctl.user-mongodb-7745bbd78-7njl7,container_memory_cache,364544.0
1744886761,kashef-k8s-ctl.unique-id-service-694497b678-kz4kq,container_memory_cache,0.0
1744886761,kashef-k8s-w1.user-timeline-service-664c7f6696-768fq,container_memory_cache,7909376.0
1744886761,kashef-k8s-ctl.user-service-547b88cd8f-62khh,container_memory_cache,12288.0
1744886761,kashef-k8s-ctl.home-timeline-service-5754ffbc6d-2g86b,container_memory_cache,512000.0
1744886761,kashef-k8s-w1.text-service-fff64b8bf-qp8rn,container_memory_cache,1191936.0
1744886761,kashef-k8s-w1.url-shorten-service-66949ddcc4-m6qjh,container_memory_cache,884736.0
1744886761,kashef-k8s-w1.nginx-thrift-79478f9bf5-d992x,container_memory_cache,6389760.0
1744886761,kashef-k8s-ctl.home-timeline-redis-6c6647df6f-ws9vj,container_memory_cache,0.0
1744886761,kashef-k8s-ctl.jaeger-67997f9775-cdp9g,container_memory_cache,217088.0
1744886761,kashef-k8s-w1.media-mongodb-7b64c59567-djrkf,container_memory_cache,6254592.0
1744886761,kashef-k8s-w1.media-service-6c665c775d-nmsvf,container_memory_cache,1646592.0
1744886761,kashef-k8s-ctl.post-storage-mongodb-5579669d8c-m6bdp,container_memory_cache,782336.0
1744886761,kashef-k8s-w1.social-graph-redis-5bbd5b7458-82ltg,container_memory_cache,749568.0
1744886761,kashef-k8s-w1.post-storage-service-66c9966f5f-prqxx,container_memory_cache,1454080.0
1744886761,kashef-k8s-ctl.user-mention-service-5c4f566c5-pxpzx,container_memory_cache,12288.0
1744886761,kashef-k8s-w1.post-storage-memcached-6b75788fc6-qf227,container_memory_cache,221184.0
1744886761,kashef-k8s-ctl.user-memcached-59687c864d-d4tkv,container_memory_cache,0.0
1744886767,kashef-k8s-w1.user-timeline-redis-67cc95bc57-7699c,container_memory_cache,1814528.0
1744886767,kashef-k8s-w1.post-storage-memcached-6b75788fc6-qf227,container_memory_cache,221184.0
1744886767,kashef-k8s-w1.post-storage-service-66c9966f5f-prqxx,container_memory_cache,1454080.0
1744886767,kashef-k8s-ctl.user-memcached-59687c864d-d4tkv,container_memory_cache,0.0
1744886767,kashef-k8s-w1.media-memcached-7889bdfdfb-f9n92,container_memory_cache,720896.0
1744886767,kashef-k8s-w1.url-shorten-service-66949ddcc4-m6qjh,container_memory_cache,884736.0
1744886767,kashef-k8s-ctl.post-storage-mongodb-5579669d8c-m6bdp,container_memory_cache,782336.0
1744886767,kashef-k8s-ctl.user-service-547b88cd8f-62khh,container_memory_cache,12288.0
1744886767,kashef-k8s-w1.nginx-thrift-79478f9bf5-d992x,container_memory_cache,6389760.0
1744886767,kashef-k8s-w1.compose-post-service-f587bf89d-gz47k,container_memory_cache,1966080.0
1744886767,kashef-k8s-ctl.home-timeline-service-5754ffbc6d-2g86b,container_memory_cache,512000.0
1744886767,kashef-k8s-ctl.user-mongodb-7745bbd78-7njl7,container_memory_cache,364544.0
1744886767,kashef-k8s-ctl.jaeger-67997f9775-cdp9g,container_memory_cache,217088.0
1744886767,kashef-k8s-w1.media-service-6c665c775d-nmsvf,container_memory_cache,1646592.0
1744886767,kashef-k8s-ctl.home-timeline-redis-6c6647df6f-ws9vj,container_memory_cache,0.0
1744886767,kashef-k8s-w1.text-service-fff64b8bf-qp8rn,container_memory_cache,1191936.0
1744886767,kashef-k8s-w1.media-mongodb-7b64c59567-djrkf,container_memory_cache,6254592.0
1744886767,kashef-k8s-w1.social-graph-mongodb-55df767ff5-7bdxk,container_memory_cache,7163904.0
1744886767,kashef-k8s-w1.social-graph-redis-5bbd5b7458-82ltg,container_memory_cache,749568.0
1744886767,kashef-k8s-w1.url-shorten-memcached-6546746864-4v94l,container_memory_cache,110592.0
1744886767,kashef-k8s-ctl.user-timeline-mongodb-6758898d48-fwnts,container_memory_cache,487424.0
1744886767,kashef-k8s-ctl.user-mention-service-5c4f566c5-pxpzx,container_memory_cache,12288.0
1744886767,kashef-k8s-w1.social-graph-service-677dbc655c-wnhhr,container_memory_cache,1798144.0
1744886767,kashef-k8s-ctl.media-frontend-6b66b95ff4-kw757,container_memory_cache,388665344.0
1744886767,kashef-k8s-w1.user-timeline-service-664c7f6696-768fq,container_memory_cache,7909376.0
1744886767,kashef-k8s-ctl.unique-id-service-694497b678-kz4kq,container_memory_cache,0.0
1744886767,kashef-k8s-ctl.url-shorten-mongodb-57c886d5f8-g8ssb,container_memory_cache,626688.0
1744886773,kashef-k8s-w1.compose-post-service-f587bf89d-gz47k,container_memory_cache,1966080.0
1744886773,kashef-k8s-w1.media-mongodb-7b64c59567-djrkf,container_memory_cache,6254592.0
1744886773,kashef-k8s-ctl.post-storage-mongodb-5579669d8c-m6bdp,container_memory_cache,782336.0
1744886773,kashef-k8s-ctl.home-timeline-service-5754ffbc6d-2g86b,container_memory_cache,512000.0
1744886773,kashef-k8s-w1.user-timeline-redis-67cc95bc57-7699c,container_memory_cache,1814528.0
1744886773,kashef-k8s-ctl.home-timeline-redis-6c6647df6f-ws9vj,container_memory_cache,0.0
1744886773,kashef-k8s-w1.social-graph-service-677dbc655c-wnhhr,container_memory_cache,1798144.0
1744886773,kashef-k8s-w1.post-storage-memcached-6b75788fc6-qf227,container_memory_cache,221184.0
1744886773,kashef-k8s-ctl.media-frontend-6b66b95ff4-kw757,container_memory_cache,388665344.0
1744886773,kashef-k8s-ctl.user-mongodb-7745bbd78-7njl7,container_memory_cache,364544.0
1744886773,kashef-k8s-ctl.user-service-547b88cd8f-62khh,container_memory_cache,12288.0
1744886773,kashef-k8s-w1.url-shorten-service-66949ddcc4-m6qjh,container_memory_cache,884736.0
1744886773,kashef-k8s-w1.media-service-6c665c775d-nmsvf,container_memory_cache,1646592.0
1744886773,kashef-k8s-w1.media-memcached-7889bdfdfb-f9n92,container_memory_cache,720896.0
1744886773,kashef-k8s-w1.post-storage-service-66c9966f5f-prqxx,container_memory_cache,1454080.0
1744886773,kashef-k8s-ctl.user-mention-service-5c4f566c5-pxpzx,container_memory_cache,12288.0
1744886773,kashef-k8s-ctl.user-memcached-59687c864d-d4tkv,container_memory_cache,0.0
1744886773,kashef-k8s-w1.social-graph-mongodb-55df767ff5-7bdxk,container_memory_cache,7163904.0
1744886773,kashef-k8s-w1.user-timeline-service-664c7f6696-768fq,container_memory_cache,7909376.0
1744886773,kashef-k8s-ctl.url-shorten-mongodb-57c886d5f8-g8ssb,container_memory_cache,626688.0
1744886773,kashef-k8s-ctl.unique-id-service-694497b678-kz4kq,container_memory_cache,0.0
1744886773,kashef-k8s-ctl.jaeger-67997f9775-cdp9g,container_memory_cache,217088.0
1744886773,kashef-k8s-w1.nginx-thrift-79478f9bf5-d992x,container_memory_cache,6389760.0
1744886773,kashef-k8s-w1.url-shorten-memcached-6546746864-4v94l,container_memory_cache,110592.0
1744886773,kashef-k8s-w1.social-graph-redis-5bbd5b7458-82ltg,container_memory_cache,749568.0
1744886773,kashef-k8s-ctl.user-timeline-mongodb-6758898d48-fwnts,container_memory_cache,487424.0
1744886773,kashef-k8s-w1.text-service-fff64b8bf-qp8rn,container_memory_cache,1191936.0
1744886779,kashef-k8s-w1.media-memcached-7889bdfdfb-f9n92,container_memory_cache,720896.0
1744886779,kashef-k8s-w1.social-graph-redis-5bbd5b7458-82ltg,container_memory_cache,749568.0
1744886779,kashef-k8s-w1.nginx-thrift-79478f9bf5-d992x,container_memory_cache,6389760.0
1744886779,kashef-k8s-w1.user-timeline-redis-67cc95bc57-7699c,container_memory_cache,1814528.0
1744886779,kashef-k8s-w1.media-mongodb-7b64c59567-djrkf,container_memory_cache,6254592.0
1744886779,kashef-k8s-ctl.unique-id-service-694497b678-kz4kq,container_memory_cache,0.0
1744886779,kashef-k8s-ctl.media-frontend-6b66b95ff4-kw757,container_memory_cache,388665344.0
1744886779,kashef-k8s-ctl.jaeger-67997f9775-cdp9g,container_memory_cache,217088.0
1744886779,kashef-k8s-w1.url-shorten-memcached-6546746864-4v94l,container_memory_cache,110592.0
1744886779,kashef-k8s-w1.compose-post-service-f587bf89d-gz47k,container_memory_cache,1966080.0
1744886779,kashef-k8s-ctl.home-timeline-service-5754ffbc6d-2g86b,container_memory_cache,512000.0
1744886779,kashef-k8s-w1.social-graph-mongodb-55df767ff5-7bdxk,container_memory_cache,7163904.0
1744886779,kashef-k8s-ctl.url-shorten-mongodb-57c886d5f8-g8ssb,container_memory_cache,626688.0
1744886779,kashef-k8s-ctl.user-mongodb-7745bbd78-7njl7,container_memory_cache,364544.0
1744886779,kashef-k8s-w1.media-service-6c665c775d-nmsvf,container_memory_cache,1646592.0
1744886779,kashef-k8s-w1.user-timeline-service-664c7f6696-768fq,container_memory_cache,7909376.0
1744886779,kashef-k8s-ctl.post-storage-mongodb-5579669d8c-m6bdp,container_memory_cache,782336.0
1744886779,kashef-k8s-ctl.user-service-547b88cd8f-62khh,container_memory_cache,12288.0
1744886779,kashef-k8s-w1.text-service-fff64b8bf-qp8rn,container_memory_cache,1191936.0
1744886779,kashef-k8s-ctl.home-timeline-redis-6c6647df6f-ws9vj,container_memory_cache,0.0
1744886779,kashef-k8s-ctl.user-timeline-mongodb-6758898d48-fwnts,container_memory_cache,487424.0
1744886779,kashef-k8s-w1.post-storage-memcached-6b75788fc6-qf227,container_memory_cache,221184.0
1744886779,kashef-k8s-w1.url-shorten-service-66949ddcc4-m6qjh,container_memory_cache,884736.0
1744886779,kashef-k8s-w1.post-storage-service-66c9966f5f-prqxx,container_memory_cache,1454080.0
1744886779,kashef-k8s-ctl.user-mention-service-5c4f566c5-pxpzx,container_memory_cache,12288.0
1744886779,kashef-k8s-ctl.user-memcached-59687c864d-d4tkv,container_memory_cache,0.0
1744886779,kashef-k8s-w1.social-graph-service-677dbc655c-wnhhr,container_memory_cache,1798144.0
1744886785,kashef-k8s-w1.url-shorten-memcached-6546746864-4v94l,container_memory_cache,110592.0
1744886785,kashef-k8s-w1.social-graph-redis-5bbd5b7458-82ltg,container_memory_cache,749568.0
1744886785,kashef-k8s-w1.media-memcached-7889bdfdfb-f9n92,container_memory_cache,720896.0
1744886785,kashef-k8s-w1.media-mongodb-7b64c59567-djrkf,container_memory_cache,6254592.0
1744886785,kashef-k8s-ctl.user-service-547b88cd8f-62khh,container_memory_cache,12288.0
1744886785,kashef-k8s-w1.social-graph-mongodb-55df767ff5-7bdxk,container_memory_cache,7163904.0
1744886785,kashef-k8s-ctl.home-timeline-service-5754ffbc6d-2g86b,container_memory_cache,512000.0
1744886785,kashef-k8s-ctl.jaeger-67997f9775-cdp9g,container_memory_cache,217088.0
1744886785,kashef-k8s-ctl.user-mongodb-7745bbd78-7njl7,container_memory_cache,368640.0
1744886785,kashef-k8s-w1.compose-post-service-f587bf89d-gz47k,container_memory_cache,1966080.0
1744886785,kashef-k8s-ctl.media-frontend-6b66b95ff4-kw757,container_memory_cache,388665344.0
1744886785,kashef-k8s-ctl.url-shorten-mongodb-57c886d5f8-g8ssb,container_memory_cache,626688.0
1744886785,kashef-k8s-w1.user-timeline-service-664c7f6696-768fq,container_memory_cache,7909376.0
1744886785,kashef-k8s-ctl.unique-id-service-694497b678-kz4kq,container_memory_cache,0.0
1744886785,kashef-k8s-w1.post-storage-memcached-6b75788fc6-qf227,container_memory_cache,221184.0
1744886785,kashef-k8s-w1.url-shorten-service-66949ddcc4-m6qjh,container_memory_cache,884736.0
1744886785,kashef-k8s-ctl.post-storage-mongodb-5579669d8c-m6bdp,container_memory_cache,782336.0
1744886785,kashef-k8s-ctl.user-timeline-mongodb-6758898d48-fwnts,container_memory_cache,487424.0
1744886785,kashef-k8s-ctl.user-memcached-59687c864d-d4tkv,container_memory_cache,0.0
1744886785,kashef-k8s-w1.social-graph-service-677dbc655c-wnhhr,container_memory_cache,1798144.0
1744886785,kashef-k8s-w1.nginx-thrift-79478f9bf5-d992x,container_memory_cache,6389760.0
1744886785,kashef-k8s-w1.user-timeline-redis-67cc95bc57-7699c,container_memory_cache,1814528.0
1744886785,kashef-k8s-w1.text-service-fff64b8bf-qp8rn,container_memory_cache,1191936.0
1744886785,kashef-k8s-ctl.home-timeline-redis-6c6647df6f-ws9vj,container_memory_cache,0.0
1744886785,kashef-k8s-w1.media-service-6c665c775d-nmsvf,container_memory_cache,1646592.0
1744886785,kashef-k8s-w1.post-storage-service-66c9966f5f-prqxx,container_memory_cache,1454080.0
1744886785,kashef-k8s-ctl.user-mention-service-5c4f566c5-pxpzx,container_memory_cache,12288.0
1744886791,kashef-k8s-ctl.home-timeline-redis-6c6647df6f-ws9vj,container_memory_cache,0.0
1744886791,kashef-k8s-w1.social-graph-redis-5bbd5b7458-82ltg,container_memory_cache,749568.0
1744886791,kashef-k8s-w1.text-service-fff64b8bf-qp8rn,container_memory_cache,1191936.0
1744886791,kashef-k8s-ctl.user-timeline-mongodb-6758898d48-fwnts,container_memory_cache,487424.0
1744886791,kashef-k8s-w1.post-storage-service-66c9966f5f-prqxx,container_memory_cache,1454080.0
1744886791,kashef-k8s-ctl.user-memcached-59687c864d-d4tkv,container_memory_cache,0.0
1744886791,kashef-k8s-ctl.url-shorten-mongodb-57c886d5f8-g8ssb,container_memory_cache,626688.0
1744886791,kashef-k8s-w1.url-shorten-service-66949ddcc4-m6qjh,container_memory_cache,884736.0
1744886791,kashef-k8s-w1.social-graph-service-677dbc655c-wnhhr,container_memory_cache,1798144.0
1744886791,kashef-k8s-w1.post-storage-memcached-6b75788fc6-qf227,container_memory_cache,221184.0
1744886791,kashef-k8s-ctl.home-timeline-service-5754ffbc6d-2g86b,container_memory_cache,512000.0
1744886791,kashef-k8s-w1.social-graph-mongodb-55df767ff5-7bdxk,container_memory_cache,7163904.0
1744886791,kashef-k8s-ctl.user-mongodb-7745bbd78-7njl7,container_memory_cache,368640.0
1744886791,kashef-k8s-ctl.unique-id-service-694497b678-kz4kq,container_memory_cache,0.0
1744886791,kashef-k8s-w1.media-mongodb-7b64c59567-djrkf,container_memory_cache,6254592.0
1744886791,kashef-k8s-w1.nginx-thrift-79478f9bf5-d992x,container_memory_cache,6389760.0
1744886791,kashef-k8s-w1.url-shorten-memcached-6546746864-4v94l,container_memory_cache,110592.0
1744886791,kashef-k8s-w1.user-timeline-service-664c7f6696-768fq,container_memory_cache,7909376.0
1744886791,kashef-k8s-ctl.post-storage-mongodb-5579669d8c-m6bdp,container_memory_cache,782336.0
1744886791,kashef-k8s-w1.compose-post-service-f587bf89d-gz47k,container_memory_cache,1966080.0
1744886791,kashef-k8s-ctl.jaeger-67997f9775-cdp9g,container_memory_cache,217088.0
1744886791,kashef-k8s-ctl.media-frontend-6b66b95ff4-kw757,container_memory_cache,388665344.0
1744886791,kashef-k8s-ctl.user-service-547b88cd8f-62khh,container_memory_cache,12288.0
1744886791,kashef-k8s-w1.media-memcached-7889bdfdfb-f9n92,container_memory_cache,720896.0
1744886791,kashef-k8s-w1.media-service-6c665c775d-nmsvf,container_memory_cache,1646592.0
1744886791,kashef-k8s-ctl.user-mention-service-5c4f566c5-pxpzx,container_memory_cache,12288.0
1744886791,kashef-k8s-w1.user-timeline-redis-67cc95bc57-7699c,container_memory_cache,1814528.0
1744886797,kashef-k8s-ctl.media-frontend-6b66b95ff4-kw757,container_memory_cache,388665344.0
1744886797,kashef-k8s-w1.social-graph-service-677dbc655c-wnhhr,container_memory_cache,1798144.0
1744886797,kashef-k8s-ctl.user-memcached-59687c864d-d4tkv,container_memory_cache,0.0
1744886797,kashef-k8s-w1.url-shorten-service-66949ddcc4-m6qjh,container_memory_cache,884736.0
1744886797,kashef-k8s-w1.post-storage-memcached-6b75788fc6-qf227,container_memory_cache,221184.0
1744886797,kashef-k8s-w1.user-timeline-redis-67cc95bc57-7699c,container_memory_cache,1814528.0
1744886797,kashef-k8s-ctl.home-timeline-service-5754ffbc6d-2g86b,container_memory_cache,512000.0
1744886797,kashef-k8s-ctl.post-storage-mongodb-5579669d8c-m6bdp,container_memory_cache,782336.0
1744886797,kashef-k8s-w1.social-graph-mongodb-55df767ff5-7bdxk,container_memory_cache,7163904.0
1744886797,kashef-k8s-w1.media-service-6c665c775d-nmsvf,container_memory_cache,1646592.0
1744886797,kashef-k8s-ctl.user-service-547b88cd8f-62khh,container_memory_cache,12288.0
1744886797,kashef-k8s-ctl.jaeger-67997f9775-cdp9g,container_memory_cache,217088.0
1744886797,kashef-k8s-w1.compose-post-service-f587bf89d-gz47k,container_memory_cache,1966080.0
1744886797,kashef-k8s-w1.social-graph-redis-5bbd5b7458-82ltg,container_memory_cache,749568.0
1744886797,kashef-k8s-ctl.url-shorten-mongodb-57c886d5f8-g8ssb,container_memory_cache,626688.0
1744886797,kashef-k8s-ctl.user-mongodb-7745bbd78-7njl7,container_memory_cache,368640.0
1744886797,kashef-k8s-ctl.unique-id-service-694497b678-kz4kq,container_memory_cache,0.0
1744886797,kashef-k8s-w1.url-shorten-memcached-6546746864-4v94l,container_memory_cache,110592.0
1744886797,kashef-k8s-w1.nginx-thrift-79478f9bf5-d992x,container_memory_cache,6389760.0
1744886797,kashef-k8s-w1.user-timeline-service-664c7f6696-768fq,container_memory_cache,7909376.0
1744886797,kashef-k8s-w1.media-mongodb-7b64c59567-djrkf,container_memory_cache,6291456.0
1744886797,kashef-k8s-ctl.home-timeline-redis-6c6647df6f-ws9vj,container_memory_cache,0.0
1744886797,kashef-k8s-ctl.user-mention-service-5c4f566c5-pxpzx,container_memory_cache,12288.0
1744886797,kashef-k8s-w1.media-memcached-7889bdfdfb-f9n92,container_memory_cache,720896.0
1744886797,kashef-k8s-w1.post-storage-service-66c9966f5f-prqxx,container_memory_cache,1454080.0
1744886797,kashef-k8s-w1.text-service-fff64b8bf-qp8rn,container_memory_cache,1191936.0
1744886797,kashef-k8s-ctl.user-timeline-mongodb-6758898d48-fwnts,container_memory_cache,487424.0
1744886803,kashef-k8s-w1.user-timeline-service-664c7f6696-768fq,container_memory_cache,7909376.0
1744886803,kashef-k8s-ctl.user-mention-service-5c4f566c5-pxpzx,container_memory_cache,12288.0
1744886803,kashef-k8s-w1.nginx-thrift-79478f9bf5-d992x,container_memory_cache,6389760.0
1744886803,kashef-k8s-ctl.home-timeline-redis-6c6647df6f-ws9vj,container_memory_cache,0.0
1744886803,kashef-k8s-ctl.media-frontend-6b66b95ff4-kw757,container_memory_cache,388665344.0
1744886803,kashef-k8s-w1.media-mongodb-7b64c59567-djrkf,container_memory_cache,6291456.0
1744886803,kashef-k8s-ctl.unique-id-service-694497b678-kz4kq,container_memory_cache,0.0
1744886803,kashef-k8s-ctl.user-mongodb-7745bbd78-7njl7,container_memory_cache,368640.0
1744886803,kashef-k8s-w1.post-storage-memcached-6b75788fc6-qf227,container_memory_cache,221184.0
1744886803,kashef-k8s-ctl.jaeger-67997f9775-cdp9g,container_memory_cache,217088.0
1744886803,kashef-k8s-ctl.user-service-547b88cd8f-62khh,container_memory_cache,12288.0
1744886803,kashef-k8s-ctl.url-shorten-mongodb-57c886d5f8-g8ssb,container_memory_cache,630784.0
1744886803,kashef-k8s-w1.url-shorten-memcached-6546746864-4v94l,container_memory_cache,110592.0
1744886803,kashef-k8s-w1.social-graph-redis-5bbd5b7458-82ltg,container_memory_cache,749568.0
1744886803,kashef-k8s-ctl.post-storage-mongodb-5579669d8c-m6bdp,container_memory_cache,782336.0
1744886803,kashef-k8s-w1.social-graph-mongodb-55df767ff5-7bdxk,container_memory_cache,7163904.0
1744886803,kashef-k8s-ctl.home-timeline-service-5754ffbc6d-2g86b,container_memory_cache,512000.0
1744886803,kashef-k8s-w1.social-graph-service-677dbc655c-wnhhr,container_memory_cache,1798144.0
1744886803,kashef-k8s-w1.media-memcached-7889bdfdfb-f9n92,container_memory_cache,720896.0
1744886803,kashef-k8s-w1.text-service-fff64b8bf-qp8rn,container_memory_cache,1191936.0
1744886803,kashef-k8s-w1.post-storage-service-66c9966f5f-prqxx,container_memory_cache,1454080.0
1744886803,kashef-k8s-ctl.user-timeline-mongodb-6758898d48-fwnts,container_memory_cache,495616.0
1744886803,kashef-k8s-w1.compose-post-service-f587bf89d-gz47k,container_memory_cache,1966080.0
1744886803,kashef-k8s-w1.url-shorten-service-66949ddcc4-m6qjh,container_memory_cache,884736.0
1744886803,kashef-k8s-w1.media-service-6c665c775d-nmsvf,container_memory_cache,1646592.0
1744886803,kashef-k8s-w1.user-timeline-redis-67cc95bc57-7699c,container_memory_cache,1814528.0
1744886803,kashef-k8s-ctl.user-memcached-59687c864d-d4tkv,container_memory_cache,0.0
1744886809,kashef-k8s-ctl.home-timeline-redis-6c6647df6f-ws9vj,container_memory_cache,0.0
1744886809,kashef-k8s-w1.media-mongodb-7b64c59567-djrkf,container_memory_cache,6291456.0
1744886809,kashef-k8s-ctl.media-frontend-6b66b95ff4-kw757,container_memory_cache,388665344.0
1744886809,kashef-k8s-w1.text-service-fff64b8bf-qp8rn,container_memory_cache,1191936.0
1744886809,kashef-k8s-ctl.user-timeline-mongodb-6758898d48-fwnts,container_memory_cache,495616.0
1744886809,kashef-k8s-w1.post-storage-memcached-6b75788fc6-qf227,container_memory_cache,221184.0
1744886809,kashef-k8s-w1.url-shorten-service-66949ddcc4-m6qjh,container_memory_cache,884736.0
1744886809,kashef-k8s-ctl.user-service-547b88cd8f-62khh,container_memory_cache,12288.0
1744886809,kashef-k8s-ctl.jaeger-67997f9775-cdp9g,container_memory_cache,217088.0
1744886809,kashef-k8s-ctl.url-shorten-mongodb-57c886d5f8-g8ssb,container_memory_cache,630784.0
1744886809,kashef-k8s-ctl.user-mongodb-7745bbd78-7njl7,container_memory_cache,368640.0
1744886809,kashef-k8s-ctl.unique-id-service-694497b678-kz4kq,container_memory_cache,0.0
1744886809,kashef-k8s-w1.url-shorten-memcached-6546746864-4v94l,container_memory_cache,110592.0
1744886809,kashef-k8s-w1.user-timeline-redis-67cc95bc57-7699c,container_memory_cache,1814528.0
1744886809,kashef-k8s-w1.post-storage-service-66c9966f5f-prqxx,container_memory_cache,1454080.0
1744886809,kashef-k8s-w1.social-graph-redis-5bbd5b7458-82ltg,container_memory_cache,749568.0
1744886809,kashef-k8s-w1.user-timeline-service-664c7f6696-768fq,container_memory_cache,7909376.0
1744886809,kashef-k8s-w1.nginx-thrift-79478f9bf5-d992x,container_memory_cache,6389760.0
1744886809,kashef-k8s-w1.social-graph-service-677dbc655c-wnhhr,container_memory_cache,1798144.0
1744886809,kashef-k8s-ctl.post-storage-mongodb-5579669d8c-m6bdp,container_memory_cache,790528.0
1744886809,kashef-k8s-w1.media-service-6c665c775d-nmsvf,container_memory_cache,1646592.0
1744886809,kashef-k8s-w1.media-memcached-7889bdfdfb-f9n92,container_memory_cache,720896.0
1744886809,kashef-k8s-ctl.user-memcached-59687c864d-d4tkv,container_memory_cache,0.0
1744886809,kashef-k8s-ctl.home-timeline-service-5754ffbc6d-2g86b,container_memory_cache,512000.0
1744886809,kashef-k8s-ctl.user-mention-service-5c4f566c5-pxpzx,container_memory_cache,12288.0
1744886809,kashef-k8s-w1.social-graph-mongodb-55df767ff5-7bdxk,container_memory_cache,7163904.0
1744886809,kashef-k8s-w1.compose-post-service-f587bf89d-gz47k,container_memory_cache,1966080.0
1744886815,kashef-k8s-w1.user-timeline-redis-67cc95bc57-7699c,container_memory_cache,1814528.0
1744886815,kashef-k8s-w1.post-storage-memcached-6b75788fc6-qf227,container_memory_cache,221184.0
1744886815,kashef-k8s-ctl.user-mongodb-7745bbd78-7njl7,container_memory_cache,368640.0
1744886815,kashef-k8s-w1.url-shorten-memcached-6546746864-4v94l,container_memory_cache,110592.0
1744886815,kashef-k8s-ctl.unique-id-service-694497b678-kz4kq,container_memory_cache,0.0
1744886815,kashef-k8s-ctl.user-service-547b88cd8f-62khh,container_memory_cache,12288.0
1744886815,kashef-k8s-w1.media-service-6c665c775d-nmsvf,container_memory_cache,1646592.0
1744886815,kashef-k8s-w1.social-graph-mongodb-55df767ff5-7bdxk,container_memory_cache,7163904.0
1744886815,kashef-k8s-w1.user-timeline-service-664c7f6696-768fq,container_memory_cache,7909376.0
1744886815,kashef-k8s-w1.text-service-fff64b8bf-qp8rn,container_memory_cache,1191936.0
1744886815,kashef-k8s-ctl.url-shorten-mongodb-57c886d5f8-g8ssb,container_memory_cache,630784.0
1744886815,kashef-k8s-w1.media-mongodb-7b64c59567-djrkf,container_memory_cache,6291456.0
1744886815,kashef-k8s-ctl.user-mention-service-5c4f566c5-pxpzx,container_memory_cache,12288.0
1744886815,kashef-k8s-ctl.post-storage-mongodb-5579669d8c-m6bdp,container_memory_cache,790528.0
1744886815,kashef-k8s-ctl.jaeger-67997f9775-cdp9g,container_memory_cache,217088.0
1744886815,kashef-k8s-w1.url-shorten-service-66949ddcc4-m6qjh,container_memory_cache,884736.0
1744886815,kashef-k8s-ctl.media-frontend-6b66b95ff4-kw757,container_memory_cache,388665344.0
1744886815,kashef-k8s-w1.nginx-thrift-79478f9bf5-d992x,container_memory_cache,6389760.0
1744886815,kashef-k8s-ctl.home-timeline-service-5754ffbc6d-2g86b,container_memory_cache,512000.0
1744886815,kashef-k8s-w1.social-graph-service-677dbc655c-wnhhr,container_memory_cache,1798144.0
1744886815,kashef-k8s-ctl.user-timeline-mongodb-6758898d48-fwnts,container_memory_cache,495616.0
1744886815,kashef-k8s-w1.compose-post-service-f587bf89d-gz47k,container_memory_cache,1966080.0
1744886815,kashef-k8s-ctl.user-memcached-59687c864d-d4tkv,container_memory_cache,0.0
1744886815,kashef-k8s-ctl.home-timeline-redis-6c6647df6f-ws9vj,container_memory_cache,0.0
1744886815,kashef-k8s-w1.social-graph-redis-5bbd5b7458-82ltg,container_memory_cache,749568.0
1744886815,kashef-k8s-w1.post-storage-service-66c9966f5f-prqxx,container_memory_cache,1454080.0
1744886815,kashef-k8s-w1.media-memcached-7889bdfdfb-f9n92,container_memory_cache,720896.0
1744886821,kashef-k8s-ctl.home-timeline-redis-6c6647df6f-ws9vj,container_memory_cache,0.0
1744886821,kashef-k8s-w1.social-graph-redis-5bbd5b7458-82ltg,container_memory_cache,749568.0
1744886821,kashef-k8s-ctl.user-memcached-59687c864d-d4tkv,container_memory_cache,0.0
1744886821,kashef-k8s-w1.user-timeline-redis-67cc95bc57-7699c,container_memory_cache,1814528.0
1744886821,kashef-k8s-w1.post-storage-service-66c9966f5f-prqxx,container_memory_cache,1454080.0
1744886821,kashef-k8s-w1.url-shorten-service-66949ddcc4-m6qjh,container_memory_cache,884736.0
1744886821,kashef-k8s-ctl.user-timeline-mongodb-6758898d48-fwnts,container_memory_cache,495616.0
1744886821,kashef-k8s-w1.media-memcached-7889bdfdfb-f9n92,container_memory_cache,720896.0
1744886821,kashef-k8s-w1.text-service-fff64b8bf-qp8rn,container_memory_cache,1191936.0
1744886821,kashef-k8s-ctl.user-mongodb-7745bbd78-7njl7,container_memory_cache,368640.0
1744886821,kashef-k8s-ctl.post-storage-mongodb-5579669d8c-m6bdp,container_memory_cache,790528.0
1744886821,kashef-k8s-ctl.media-frontend-6b66b95ff4-kw757,container_memory_cache,388665344.0
1744886821,kashef-k8s-ctl.jaeger-67997f9775-cdp9g,container_memory_cache,217088.0
1744886821,kashef-k8s-w1.social-graph-service-677dbc655c-wnhhr,container_memory_cache,1798144.0
1744886821,kashef-k8s-w1.media-mongodb-7b64c59567-djrkf,container_memory_cache,6291456.0
1744886821,kashef-k8s-ctl.home-timeline-service-5754ffbc6d-2g86b,container_memory_cache,512000.0
1744886821,kashef-k8s-ctl.user-mention-service-5c4f566c5-pxpzx,container_memory_cache,12288.0
1744886821,kashef-k8s-w1.url-shorten-memcached-6546746864-4v94l,container_memory_cache,110592.0
1744886821,kashef-k8s-ctl.url-shorten-mongodb-57c886d5f8-g8ssb,container_memory_cache,630784.0
1744886821,kashef-k8s-ctl.unique-id-service-694497b678-kz4kq,container_memory_cache,0.0
1744886821,kashef-k8s-w1.compose-post-service-f587bf89d-gz47k,container_memory_cache,1966080.0
1744886821,kashef-k8s-ctl.user-service-547b88cd8f-62khh,container_memory_cache,12288.0
1744886821,kashef-k8s-w1.user-timeline-service-664c7f6696-768fq,container_memory_cache,7909376.0
1744886821,kashef-k8s-w1.post-storage-memcached-6b75788fc6-qf227,container_memory_cache,221184.0
1744886821,kashef-k8s-w1.nginx-thrift-79478f9bf5-d992x,container_memory_cache,6389760.0
1744886821,kashef-k8s-w1.media-service-6c665c775d-nmsvf,container_memory_cache,1646592.0
1744886821,kashef-k8s-w1.social-graph-mongodb-55df767ff5-7bdxk,container_memory_cache,7200768.0
1744886827,kashef-k8s-w1.media-memcached-7889bdfdfb-f9n92,container_memory_cache,720896.0
1744886827,kashef-k8s-w1.post-storage-service-66c9966f5f-prqxx,container_memory_cache,1454080.0
1744886827,kashef-k8s-w1.social-graph-redis-5bbd5b7458-82ltg,container_memory_cache,749568.0
1744886827,kashef-k8s-ctl.home-timeline-redis-6c6647df6f-ws9vj,container_memory_cache,0.0
1744886827,kashef-k8s-ctl.url-shorten-mongodb-57c886d5f8-g8ssb,container_memory_cache,630784.0
1744886827,kashef-k8s-ctl.home-timeline-service-5754ffbc6d-2g86b,container_memory_cache,512000.0
1744886827,kashef-k8s-ctl.user-mention-service-5c4f566c5-pxpzx,container_memory_cache,12288.0
1744886827,kashef-k8s-ctl.user-mongodb-7745bbd78-7njl7,container_memory_cache,368640.0
1744886827,kashef-k8s-w1.url-shorten-memcached-6546746864-4v94l,container_memory_cache,110592.0
1744886827,kashef-k8s-ctl.media-frontend-6b66b95ff4-kw757,container_memory_cache,388665344.0
1744886827,kashef-k8s-ctl.user-timeline-mongodb-6758898d48-fwnts,container_memory_cache,495616.0
1744886827,kashef-k8s-w1.compose-post-service-f587bf89d-gz47k,container_memory_cache,1966080.0
1744886827,kashef-k8s-w1.url-shorten-service-66949ddcc4-m6qjh,container_memory_cache,884736.0
1744886827,kashef-k8s-w1.media-mongodb-7b64c59567-djrkf,container_memory_cache,6291456.0
1744886827,kashef-k8s-ctl.jaeger-67997f9775-cdp9g,container_memory_cache,217088.0
1744886827,kashef-k8s-ctl.user-service-547b88cd8f-62khh,container_memory_cache,12288.0
1744886827,kashef-k8s-w1.social-graph-service-677dbc655c-wnhhr,container_memory_cache,1798144.0
1744886827,kashef-k8s-w1.text-service-fff64b8bf-qp8rn,container_memory_cache,1191936.0
1744886827,kashef-k8s-w1.media-service-6c665c775d-nmsvf,container_memory_cache,1646592.0
1744886827,kashef-k8s-w1.social-graph-mongodb-55df767ff5-7bdxk,container_memory_cache,7200768.0
1744886827,kashef-k8s-w1.user-timeline-service-664c7f6696-768fq,container_memory_cache,7909376.0
1744886827,kashef-k8s-ctl.post-storage-mongodb-5579669d8c-m6bdp,container_memory_cache,790528.0
1744886827,kashef-k8s-ctl.user-memcached-59687c864d-d4tkv,container_memory_cache,0.0
1744886827,kashef-k8s-ctl.unique-id-service-694497b678-kz4kq,container_memory_cache,0.0
1744886827,kashef-k8s-w1.nginx-thrift-79478f9bf5-d992x,container_memory_cache,6389760.0
1744886827,kashef-k8s-w1.post-storage-memcached-6b75788fc6-qf227,container_memory_cache,221184.0
1744886827,kashef-k8s-w1.user-timeline-redis-67cc95bc57-7699c,container_memory_cache,1814528.0
1744886833,kashef-k8s-w1.social-graph-redis-5bbd5b7458-82ltg,container_memory_cache,749568.0
1744886833,kashef-k8s-w1.post-storage-service-66c9966f5f-prqxx,container_memory_cache,1454080.0
1744886833,kashef-k8s-ctl.user-memcached-59687c864d-d4tkv,container_memory_cache,0.0
1744886833,kashef-k8s-ctl.user-service-547b88cd8f-62khh,container_memory_cache,12288.0
1744886833,kashef-k8s-w1.social-graph-mongodb-55df767ff5-7bdxk,container_memory_cache,7200768.0
1744886833,kashef-k8s-w1.text-service-fff64b8bf-qp8rn,container_memory_cache,1191936.0
1744886833,kashef-k8s-w1.media-service-6c665c775d-nmsvf,container_memory_cache,1646592.0
1744886833,kashef-k8s-w1.social-graph-service-677dbc655c-wnhhr,container_memory_cache,1798144.0
1744886833,kashef-k8s-ctl.post-storage-mongodb-5579669d8c-m6bdp,container_memory_cache,790528.0
1744886833,kashef-k8s-ctl.jaeger-67997f9775-cdp9g,container_memory_cache,217088.0
1744886833,kashef-k8s-ctl.media-frontend-6b66b95ff4-kw757,container_memory_cache,388665344.0
1744886833,kashef-k8s-w1.compose-post-service-f587bf89d-gz47k,container_memory_cache,1966080.0
1744886833,kashef-k8s-w1.media-mongodb-7b64c59567-djrkf,container_memory_cache,6291456.0
1744886833,kashef-k8s-ctl.home-timeline-service-5754ffbc6d-2g86b,container_memory_cache,512000.0
1744886833,kashef-k8s-ctl.url-shorten-mongodb-57c886d5f8-g8ssb,container_memory_cache,630784.0
1744886833,kashef-k8s-w1.url-shorten-service-66949ddcc4-m6qjh,container_memory_cache,884736.0
1744886833,kashef-k8s-ctl.user-timeline-mongodb-6758898d48-fwnts,container_memory_cache,495616.0
1744886833,kashef-k8s-ctl.user-mongodb-7745bbd78-7njl7,container_memory_cache,368640.0
1744886833,kashef-k8s-ctl.user-mention-service-5c4f566c5-pxpzx,container_memory_cache,12288.0
1744886833,kashef-k8s-w1.user-timeline-service-664c7f6696-768fq,container_memory_cache,7909376.0
1744886833,kashef-k8s-w1.url-shorten-memcached-6546746864-4v94l,container_memory_cache,110592.0
1744886833,kashef-k8s-w1.post-storage-memcached-6b75788fc6-qf227,container_memory_cache,221184.0
1744886833,kashef-k8s-w1.user-timeline-redis-67cc95bc57-7699c,container_memory_cache,1814528.0
1744886833,kashef-k8s-ctl.home-timeline-redis-6c6647df6f-ws9vj,container_memory_cache,0.0
1744886833,kashef-k8s-w1.media-memcached-7889bdfdfb-f9n92,container_memory_cache,720896.0
1744886833,kashef-k8s-ctl.unique-id-service-694497b678-kz4kq,container_memory_cache,0.0
1744886833,kashef-k8s-w1.nginx-thrift-79478f9bf5-d992x,container_memory_cache,6389760.0
1744886839,kashef-k8s-ctl.home-timeline-redis-6c6647df6f-ws9vj,container_memory_cache,0.0
1744886839,kashef-k8s-w1.post-storage-service-66c9966f5f-prqxx,container_memory_cache,1454080.0
1744886839,kashef-k8s-w1.post-storage-memcached-6b75788fc6-qf227,container_memory_cache,221184.0
1744886839,kashef-k8s-w1.user-timeline-redis-67cc95bc57-7699c,container_memory_cache,1814528.0
1744886839,kashef-k8s-w1.url-shorten-service-66949ddcc4-m6qjh,container_memory_cache,884736.0
1744886839,kashef-k8s-w1.social-graph-mongodb-55df767ff5-7bdxk,container_memory_cache,7200768.0
1744886839,kashef-k8s-ctl.url-shorten-mongodb-57c886d5f8-g8ssb,container_memory_cache,634880.0
1744886839,kashef-k8s-ctl.user-timeline-mongodb-6758898d48-fwnts,container_memory_cache,495616.0
1744886839,kashef-k8s-ctl.post-storage-mongodb-5579669d8c-m6bdp,container_memory_cache,790528.0
1744886839,kashef-k8s-w1.compose-post-service-f587bf89d-gz47k,container_memory_cache,1966080.0
1744886839,kashef-k8s-ctl.home-timeline-service-5754ffbc6d-2g86b,container_memory_cache,512000.0
1744886839,kashef-k8s-ctl.jaeger-67997f9775-cdp9g,container_memory_cache,217088.0
1744886839,kashef-k8s-ctl.user-service-547b88cd8f-62khh,container_memory_cache,12288.0
1744886839,kashef-k8s-w1.media-service-6c665c775d-nmsvf,container_memory_cache,1646592.0
1744886839,kashef-k8s-w1.social-graph-service-677dbc655c-wnhhr,container_memory_cache,1798144.0
1744886839,kashef-k8s-w1.text-service-fff64b8bf-qp8rn,container_memory_cache,1191936.0
1744886839,kashef-k8s-ctl.media-frontend-6b66b95ff4-kw757,container_memory_cache,388665344.0
1744886839,kashef-k8s-w1.url-shorten-memcached-6546746864-4v94l,container_memory_cache,110592.0
1744886839,kashef-k8s-w1.nginx-thrift-79478f9bf5-d992x,container_memory_cache,6389760.0
1744886839,kashef-k8s-w1.media-memcached-7889bdfdfb-f9n92,container_memory_cache,720896.0
1744886839,kashef-k8s-w1.user-timeline-service-664c7f6696-768fq,container_memory_cache,7909376.0
1744886839,kashef-k8s-ctl.user-mongodb-7745bbd78-7njl7,container_memory_cache,368640.0
1744886839,kashef-k8s-ctl.user-memcached-59687c864d-d4tkv,container_memory_cache,0.0
1744886839,kashef-k8s-w1.social-graph-redis-5bbd5b7458-82ltg,container_memory_cache,749568.0
1744886839,kashef-k8s-ctl.unique-id-service-694497b678-kz4kq,container_memory_cache,0.0
1744886839,kashef-k8s-ctl.user-mention-service-5c4f566c5-pxpzx,container_memory_cache,12288.0
1744886839,kashef-k8s-w1.media-mongodb-7b64c59567-djrkf,container_memory_cache,6291456.0
1744886845,kashef-k8s-ctl.url-shorten-mongodb-57c886d5f8-g8ssb,container_memory_cache,634880.0
1744886845,kashef-k8s-w1.post-storage-service-66c9966f5f-prqxx,container_memory_cache,1454080.0
1744886845,kashef-k8s-ctl.home-timeline-redis-6c6647df6f-ws9vj,container_memory_cache,0.0
1744886845,kashef-k8s-w1.url-shorten-service-66949ddcc4-m6qjh,container_memory_cache,884736.0
1744886845,kashef-k8s-w1.social-graph-mongodb-55df767ff5-7bdxk,container_memory_cache,7200768.0
1744886845,kashef-k8s-w1.media-mongodb-7b64c59567-djrkf,container_memory_cache,6291456.0
1744886845,kashef-k8s-ctl.jaeger-67997f9775-cdp9g,container_memory_cache,217088.0
1744886845,kashef-k8s-ctl.media-frontend-6b66b95ff4-kw757,container_memory_cache,388665344.0
1744886845,kashef-k8s-w1.compose-post-service-f587bf89d-gz47k,container_memory_cache,1966080.0
1744886845,kashef-k8s-w1.social-graph-service-677dbc655c-wnhhr,container_memory_cache,1798144.0
1744886845,kashef-k8s-w1.text-service-fff64b8bf-qp8rn,container_memory_cache,1191936.0
1744886845,kashef-k8s-ctl.user-service-547b88cd8f-62khh,container_memory_cache,12288.0
1744886845,kashef-k8s-w1.media-service-6c665c775d-nmsvf,container_memory_cache,1646592.0
1744886845,kashef-k8s-ctl.user-timeline-mongodb-6758898d48-fwnts,container_memory_cache,495616.0
1744886845,kashef-k8s-w1.user-timeline-redis-67cc95bc57-7699c,container_memory_cache,1814528.0
1744886845,kashef-k8s-w1.post-storage-memcached-6b75788fc6-qf227,container_memory_cache,221184.0
1744886845,kashef-k8s-ctl.user-mongodb-7745bbd78-7njl7,container_memory_cache,364544.0
1744886845,kashef-k8s-w1.url-shorten-memcached-6546746864-4v94l,container_memory_cache,110592.0
1744886845,kashef-k8s-ctl.post-storage-mongodb-5579669d8c-m6bdp,container_memory_cache,790528.0
1744886845,kashef-k8s-ctl.user-mention-service-5c4f566c5-pxpzx,container_memory_cache,12288.0
1744886845,kashef-k8s-ctl.home-timeline-service-5754ffbc6d-2g86b,container_memory_cache,512000.0
1744886845,kashef-k8s-w1.media-memcached-7889bdfdfb-f9n92,container_memory_cache,720896.0
1744886845,kashef-k8s-w1.nginx-thrift-79478f9bf5-d992x,container_memory_cache,6389760.0
1744886845,kashef-k8s-w1.user-timeline-service-664c7f6696-768fq,container_memory_cache,7909376.0
1744886845,kashef-k8s-ctl.unique-id-service-694497b678-kz4kq,container_memory_cache,0.0
1744886845,kashef-k8s-w1.social-graph-redis-5bbd5b7458-82ltg,container_memory_cache,749568.0
1744886845,kashef-k8s-ctl.user-memcached-59687c864d-d4tkv,container_memory_cache,0.0
1744886851,kashef-k8s-w1.social-graph-redis-5bbd5b7458-82ltg,container_memory_cache,749568.0
1744886851,kashef-k8s-w1.post-storage-service-66c9966f5f-prqxx,container_memory_cache,1454080.0
1744886851,kashef-k8s-ctl.home-timeline-redis-6c6647df6f-ws9vj,container_memory_cache,0.0
1744886851,kashef-k8s-ctl.url-shorten-mongodb-57c886d5f8-g8ssb,container_memory_cache,634880.0
1744886851,kashef-k8s-w1.user-timeline-service-664c7f6696-768fq,container_memory_cache,7909376.0
1744886851,kashef-k8s-ctl.home-timeline-service-5754ffbc6d-2g86b,container_memory_cache,512000.0
1744886851,kashef-k8s-ctl.media-frontend-6b66b95ff4-kw757,container_memory_cache,388665344.0
1744886851,kashef-k8s-w1.url-shorten-service-66949ddcc4-m6qjh,container_memory_cache,884736.0
1744886851,kashef-k8s-w1.text-service-fff64b8bf-qp8rn,container_memory_cache,1191936.0
1744886851,kashef-k8s-w1.media-mongodb-7b64c59567-djrkf,container_memory_cache,7131136.0
1744886851,kashef-k8s-ctl.user-mongodb-7745bbd78-7njl7,container_memory_cache,364544.0
1744886851,kashef-k8s-w1.compose-post-service-f587bf89d-gz47k,container_memory_cache,1966080.0
1744886851,kashef-k8s-ctl.jaeger-67997f9775-cdp9g,container_memory_cache,217088.0
1744886851,kashef-k8s-ctl.user-service-547b88cd8f-62khh,container_memory_cache,12288.0
1744886851,kashef-k8s-w1.social-graph-mongodb-55df767ff5-7bdxk,container_memory_cache,7200768.0
1744886851,kashef-k8s-ctl.user-timeline-mongodb-6758898d48-fwnts,container_memory_cache,495616.0
1744886851,kashef-k8s-w1.social-graph-service-677dbc655c-wnhhr,container_memory_cache,1798144.0
1744886851,kashef-k8s-w1.user-timeline-redis-67cc95bc57-7699c,container_memory_cache,1814528.0
1744886851,kashef-k8s-w1.media-memcached-7889bdfdfb-f9n92,container_memory_cache,720896.0
1744886851,kashef-k8s-w1.nginx-thrift-79478f9bf5-d992x,container_memory_cache,6389760.0
1744886851,kashef-k8s-w1.post-storage-memcached-6b75788fc6-qf227,container_memory_cache,221184.0
1744886851,kashef-k8s-w1.media-service-6c665c775d-nmsvf,container_memory_cache,1646592.0
1744886851,kashef-k8s-ctl.user-memcached-59687c864d-d4tkv,container_memory_cache,0.0
1744886851,kashef-k8s-w1.url-shorten-memcached-6546746864-4v94l,container_memory_cache,110592.0
1744886851,kashef-k8s-ctl.unique-id-service-694497b678-kz4kq,container_memory_cache,0.0
1744886851,kashef-k8s-ctl.post-storage-mongodb-5579669d8c-m6bdp,container_memory_cache,790528.0
1744886851,kashef-k8s-ctl.user-mention-service-5c4f566c5-pxpzx,container_memory_cache,12288.0
1744886857,kashef-k8s-ctl.user-timeline-mongodb-6758898d48-fwnts,container_memory_cache,495616.0
1744886857,kashef-k8s-ctl.media-frontend-6b66b95ff4-kw757,container_memory_cache,388665344.0
1744886857,kashef-k8s-w1.post-storage-service-66c9966f5f-prqxx,container_memory_cache,1454080.0
1744886857,kashef-k8s-ctl.url-shorten-mongodb-57c886d5f8-g8ssb,container_memory_cache,634880.0
1744886857,kashef-k8s-w1.text-service-fff64b8bf-qp8rn,container_memory_cache,1191936.0
1744886857,kashef-k8s-ctl.user-service-547b88cd8f-62khh,container_memory_cache,12288.0
1744886857,kashef-k8s-w1.media-mongodb-7b64c59567-djrkf,container_memory_cache,7131136.0
1744886857,kashef-k8s-w1.social-graph-service-677dbc655c-wnhhr,container_memory_cache,1798144.0
1744886857,kashef-k8s-ctl.user-mention-service-5c4f566c5-pxpzx,container_memory_cache,12288.0
1744886857,kashef-k8s-w1.compose-post-service-f587bf89d-gz47k,container_memory_cache,1966080.0
1744886857,kashef-k8s-w1.social-graph-mongodb-55df767ff5-7bdxk,container_memory_cache,8409088.0
1744886857,kashef-k8s-w1.url-shorten-service-66949ddcc4-m6qjh,container_memory_cache,884736.0
1744886857,kashef-k8s-ctl.jaeger-67997f9775-cdp9g,container_memory_cache,217088.0
1744886857,kashef-k8s-ctl.home-timeline-service-5754ffbc6d-2g86b,container_memory_cache,512000.0
1744886857,kashef-k8s-w1.user-timeline-service-664c7f6696-768fq,container_memory_cache,7909376.0
1744886857,kashef-k8s-ctl.post-storage-mongodb-5579669d8c-m6bdp,container_memory_cache,790528.0
1744886857,kashef-k8s-ctl.user-mongodb-7745bbd78-7njl7,container_memory_cache,364544.0
1744886857,kashef-k8s-ctl.unique-id-service-694497b678-kz4kq,container_memory_cache,0.0
1744886857,kashef-k8s-w1.post-storage-memcached-6b75788fc6-qf227,container_memory_cache,221184.0
1744886857,kashef-k8s-w1.nginx-thrift-79478f9bf5-d992x,container_memory_cache,6389760.0
1744886857,kashef-k8s-w1.media-service-6c665c775d-nmsvf,container_memory_cache,1646592.0
1744886857,kashef-k8s-w1.media-memcached-7889bdfdfb-f9n92,container_memory_cache,720896.0
1744886857,kashef-k8s-ctl.user-memcached-59687c864d-d4tkv,container_memory_cache,0.0
1744886857,kashef-k8s-w1.url-shorten-memcached-6546746864-4v94l,container_memory_cache,110592.0
1744886857,kashef-k8s-w1.social-graph-redis-5bbd5b7458-82ltg,container_memory_cache,749568.0
1744886857,kashef-k8s-ctl.home-timeline-redis-6c6647df6f-ws9vj,container_memory_cache,0.0
1744886857,kashef-k8s-w1.user-timeline-redis-67cc95bc57-7699c,container_memory_cache,1814528.0
