timestamp,cmdb_id,kpi_name,value
1744886539,kashef-k8s-ctl.user-memcached-59687c864d-d4tkv,container_cpu_user_seconds_total,0.0
1744886539,kashef-k8s-ctl.user-mention-service-5c4f566c5-pxpzx,container_cpu_user_seconds_total,0.0
1744886539,kashef-k8s-ctl.user-timeline-mongodb-6758898d48-fwnts,container_cpu_user_seconds_total,0.0
1744886539,kashef-k8s-ctl.user-mongodb-7745bbd78-7njl7,container_cpu_user_seconds_total,0.0
1744886539,kashef-k8s-ctl.unique-id-service-694497b678-kz4kq,container_cpu_user_seconds_total,0.0
1744886539,kashef-k8s-ctl.url-shorten-mongodb-57c886d5f8-g8ssb,container_cpu_user_seconds_total,0.0
1744886539,kashef-k8s-ctl.home-timeline-service-5754ffbc6d-2g86b,container_cpu_user_seconds_total,0.0
1744886539,kashef-k8s-w1.nginx-thrift-79478f9bf5-d992x,container_cpu_user_seconds_total,0.0
1744886539,kashef-k8s-ctl.home-timeline-redis-6c6647df6f-ws9vj,container_cpu_user_seconds_total,0.0
1744886539,kashef-k8s-ctl.post-storage-mongodb-5579669d8c-m6bdp,container_cpu_user_seconds_total,0.0
1744886539,kashef-k8s-w1.post-storage-memcached-6b75788fc6-qf227,container_cpu_user_seconds_total,0.0
1744886539,kashef-k8s-w1.media-memcached-7889bdfdfb-f9n92,container_cpu_user_seconds_total,0.0
1744886539,kashef-k8s-ctl.jaeger-67997f9775-cdp9g,container_cpu_user_seconds_total,0.0
1744886539,kashef-k8s-ctl.user-service-547b88cd8f-62khh,container_cpu_user_seconds_total,0.0
1744886539,kashef-k8s-ctl.media-frontend-6b66b95ff4-kw757,container_cpu_user_seconds_total,0.0
1744886539,kashef-k8s-w1.social-graph-mongodb-55df767ff5-7bdxk,container_cpu_user_seconds_total,0.0
1744886545,kashef-k8s-ctl.home-timeline-redis-6c6647df6f-ws9vj,container_cpu_user_seconds_total,0.0
1744886545,kashef-k8s-ctl.unique-id-service-694497b678-kz4kq,container_cpu_user_seconds_total,0.0
1744886545,kashef-k8s-w1.nginx-thrift-79478f9bf5-d992x,container_cpu_user_seconds_total,0.0
1744886545,kashef-k8s-ctl.home-timeline-service-5754ffbc6d-2g86b,container_cpu_user_seconds_total,0.0
1744886545,kashef-k8s-ctl.user-mention-service-5c4f566c5-pxpzx,container_cpu_user_seconds_total,0.0
1744886545,kashef-k8s-ctl.user-memcached-59687c864d-d4tkv,container_cpu_user_seconds_total,0.0
1744886545,kashef-k8s-ctl.user-timeline-mongodb-6758898d48-fwnts,container_cpu_user_seconds_total,0.0
1744886545,kashef-k8s-ctl.user-mongodb-7745bbd78-7njl7,container_cpu_user_seconds_total,0.0
1744886545,kashef-k8s-ctl.jaeger-67997f9775-cdp9g,container_cpu_user_seconds_total,0.0
1744886545,kashef-k8s-ctl.media-frontend-6b66b95ff4-kw757,container_cpu_user_seconds_total,0.0
1744886545,kashef-k8s-ctl.url-shorten-mongodb-57c886d5f8-g8ssb,container_cpu_user_seconds_total,0.0
1744886545,kashef-k8s-w1.social-graph-mongodb-55df767ff5-7bdxk,container_cpu_user_seconds_total,0.0
1744886545,kashef-k8s-ctl.post-storage-mongodb-5579669d8c-m6bdp,container_cpu_user_seconds_total,0.0
1744886545,kashef-k8s-ctl.user-service-547b88cd8f-62khh,container_cpu_user_seconds_total,0.0
1744886545,kashef-k8s-w1.media-memcached-7889bdfdfb-f9n92,container_cpu_user_seconds_total,0.0
1744886545,kashef-k8s-w1.post-storage-memcached-6b75788fc6-qf227,container_cpu_user_seconds_total,0.0
1744886551,kashef-k8s-w1.post-storage-service-66c9966f5f-prqxx,container_cpu_user_seconds_total,0.058
1744886551,kashef-k8s-ctl.user-mongodb-7745bbd78-7njl7,container_cpu_user_seconds_total,0.0
1744886551,kashef-k8s-w1.url-shorten-memcached-6546746864-4v94l,container_cpu_user_seconds_total,0.048
1744886551,kashef-k8s-ctl.unique-id-service-694497b678-kz4kq,container_cpu_user_seconds_total,0.0
1744886551,kashef-k8s-w1.user-timeline-service-664c7f6696-768fq,container_cpu_user_seconds_total,0.054
1744886551,kashef-k8s-ctl.media-frontend-6b66b95ff4-kw757,container_cpu_user_seconds_total,0.0
1744886551,kashef-k8s-w1.social-graph-mongodb-55df767ff5-7bdxk,container_cpu_user_seconds_total,0.0
1744886551,kashef-k8s-ctl.jaeger-67997f9775-cdp9g,container_cpu_user_seconds_total,0.0
1744886551,kashef-k8s-ctl.home-timeline-service-5754ffbc6d-2g86b,container_cpu_user_seconds_total,0.0
1744886551,kashef-k8s-w1.social-graph-service-677dbc655c-wnhhr,container_cpu_user_seconds_total,0.07
1744886551,kashef-k8s-w1.nginx-thrift-79478f9bf5-d992x,container_cpu_user_seconds_total,0.0
1744886551,kashef-k8s-ctl.post-storage-mongodb-5579669d8c-m6bdp,container_cpu_user_seconds_total,0.0
1744886551,kashef-k8s-ctl.user-service-547b88cd8f-62khh,container_cpu_user_seconds_total,0.0
1744886551,kashef-k8s-w1.social-graph-redis-5bbd5b7458-82ltg,container_cpu_user_seconds_total,0.05
1744886551,kashef-k8s-w1.post-storage-memcached-6b75788fc6-qf227,container_cpu_user_seconds_total,0.0
1744886551,kashef-k8s-w1.media-service-6c665c775d-nmsvf,container_cpu_user_seconds_total,0.016
1744886551,kashef-k8s-w1.text-service-fff64b8bf-qp8rn,container_cpu_user_seconds_total,0.05
1744886551,kashef-k8s-w1.compose-post-service-f587bf89d-gz47k,container_cpu_user_seconds_total,0.054
1744886551,kashef-k8s-w1.media-memcached-7889bdfdfb-f9n92,container_cpu_user_seconds_total,0.0
1744886551,kashef-k8s-ctl.user-mention-service-5c4f566c5-pxpzx,container_cpu_user_seconds_total,0.0
1744886551,kashef-k8s-ctl.user-timeline-mongodb-6758898d48-fwnts,container_cpu_user_seconds_total,0.0
1744886551,kashef-k8s-ctl.url-shorten-mongodb-57c886d5f8-g8ssb,container_cpu_user_seconds_total,0.0
1744886551,kashef-k8s-ctl.home-timeline-redis-6c6647df6f-ws9vj,container_cpu_user_seconds_total,0.0
1744886551,kashef-k8s-ctl.user-memcached-59687c864d-d4tkv,container_cpu_user_seconds_total,0.0
1744886557,kashef-k8s-ctl.user-timeline-mongodb-6758898d48-fwnts,container_cpu_user_seconds_total,0.0
1744886557,kashef-k8s-ctl.url-shorten-mongodb-57c886d5f8-g8ssb,container_cpu_user_seconds_total,0.0
1744886557,kashef-k8s-ctl.user-mention-service-5c4f566c5-pxpzx,container_cpu_user_seconds_total,0.0
1744886557,kashef-k8s-ctl.user-memcached-59687c864d-d4tkv,container_cpu_user_seconds_total,0.0
1744886557,kashef-k8s-w1.user-timeline-redis-67cc95bc57-7699c,container_cpu_user_seconds_total,0.04
1744886557,kashef-k8s-ctl.user-service-547b88cd8f-62khh,container_cpu_user_seconds_total,0.039
1744886557,kashef-k8s-w1.post-storage-memcached-6b75788fc6-qf227,container_cpu_user_seconds_total,0.0
1744886557,kashef-k8s-w1.text-service-fff64b8bf-qp8rn,container_cpu_user_seconds_total,0.05
1744886557,kashef-k8s-w1.compose-post-service-f587bf89d-gz47k,container_cpu_user_seconds_total,0.054
1744886557,kashef-k8s-w1.social-graph-service-677dbc655c-wnhhr,container_cpu_user_seconds_total,0.07
1744886557,kashef-k8s-ctl.home-timeline-service-5754ffbc6d-2g86b,container_cpu_user_seconds_total,0.0
1744886557,kashef-k8s-w1.media-service-6c665c775d-nmsvf,container_cpu_user_seconds_total,0.016
1744886557,kashef-k8s-w1.nginx-thrift-79478f9bf5-d992x,container_cpu_user_seconds_total,0.0
1744886557,kashef-k8s-ctl.media-frontend-6b66b95ff4-kw757,container_cpu_user_seconds_total,0.0
1744886557,kashef-k8s-ctl.post-storage-mongodb-5579669d8c-m6bdp,container_cpu_user_seconds_total,0.0
1744886557,kashef-k8s-w1.media-mongodb-7b64c59567-djrkf,container_cpu_user_seconds_total,1.006
1744886557,kashef-k8s-w1.social-graph-redis-5bbd5b7458-82ltg,container_cpu_user_seconds_total,0.05
1744886557,kashef-k8s-ctl.home-timeline-redis-6c6647df6f-ws9vj,container_cpu_user_seconds_total,0.0
1744886557,kashef-k8s-ctl.user-mongodb-7745bbd78-7njl7,container_cpu_user_seconds_total,0.0
1744886557,kashef-k8s-w1.url-shorten-memcached-6546746864-4v94l,container_cpu_user_seconds_total,0.048
1744886557,kashef-k8s-w1.url-shorten-service-66949ddcc4-m6qjh,container_cpu_user_seconds_total,0.037
1744886557,kashef-k8s-ctl.unique-id-service-694497b678-kz4kq,container_cpu_user_seconds_total,0.0
1744886557,kashef-k8s-w1.post-storage-service-66c9966f5f-prqxx,container_cpu_user_seconds_total,0.058
1744886557,kashef-k8s-w1.media-memcached-7889bdfdfb-f9n92,container_cpu_user_seconds_total,0.0
1744886557,kashef-k8s-w1.user-timeline-service-664c7f6696-768fq,container_cpu_user_seconds_total,0.054
1744886557,kashef-k8s-ctl.jaeger-67997f9775-cdp9g,container_cpu_user_seconds_total,0.087
1744886557,kashef-k8s-w1.social-graph-mongodb-55df767ff5-7bdxk,container_cpu_user_seconds_total,0.0
1744886563,kashef-k8s-w1.compose-post-service-f587bf89d-gz47k,container_cpu_user_seconds_total,0.054
1744886563,kashef-k8s-ctl.url-shorten-mongodb-57c886d5f8-g8ssb,container_cpu_user_seconds_total,0.0
1744886563,kashef-k8s-ctl.home-timeline-redis-6c6647df6f-ws9vj,container_cpu_user_seconds_total,0.062
1744886563,kashef-k8s-w1.nginx-thrift-79478f9bf5-d992x,container_cpu_user_seconds_total,0.0
1744886563,kashef-k8s-w1.text-service-fff64b8bf-qp8rn,container_cpu_user_seconds_total,0.05
1744886563,kashef-k8s-w1.media-service-6c665c775d-nmsvf,container_cpu_user_seconds_total,0.016
1744886563,kashef-k8s-ctl.post-storage-mongodb-5579669d8c-m6bdp,container_cpu_user_seconds_total,0.0
1744886563,kashef-k8s-w1.post-storage-memcached-6b75788fc6-qf227,container_cpu_user_seconds_total,0.0
1744886563,kashef-k8s-w1.social-graph-redis-5bbd5b7458-82ltg,container_cpu_user_seconds_total,0.05
1744886563,kashef-k8s-w1.media-mongodb-7b64c59567-djrkf,container_cpu_user_seconds_total,1.006
1744886563,kashef-k8s-ctl.home-timeline-service-5754ffbc6d-2g86b,container_cpu_user_seconds_total,0.062
1744886563,kashef-k8s-ctl.user-service-547b88cd8f-62khh,container_cpu_user_seconds_total,0.039
1744886563,kashef-k8s-ctl.media-frontend-6b66b95ff4-kw757,container_cpu_user_seconds_total,0.0
1744886563,kashef-k8s-w1.user-timeline-redis-67cc95bc57-7699c,container_cpu_user_seconds_total,0.04
1744886563,kashef-k8s-ctl.user-mention-service-5c4f566c5-pxpzx,container_cpu_user_seconds_total,0.0
1744886563,kashef-k8s-ctl.unique-id-service-694497b678-kz4kq,container_cpu_user_seconds_total,0.042
1744886563,kashef-k8s-ctl.user-timeline-mongodb-6758898d48-fwnts,container_cpu_user_seconds_total,0.0
1744886563,kashef-k8s-w1.social-graph-service-677dbc655c-wnhhr,container_cpu_user_seconds_total,0.07
1744886563,kashef-k8s-w1.user-timeline-service-664c7f6696-768fq,container_cpu_user_seconds_total,0.054
1744886563,kashef-k8s-w1.social-graph-mongodb-55df767ff5-7bdxk,container_cpu_user_seconds_total,0.0
1744886563,kashef-k8s-ctl.jaeger-67997f9775-cdp9g,container_cpu_user_seconds_total,0.087
1744886563,kashef-k8s-w1.url-shorten-memcached-6546746864-4v94l,container_cpu_user_seconds_total,0.048
1744886563,kashef-k8s-ctl.user-mongodb-7745bbd78-7njl7,container_cpu_user_seconds_total,0.0
1744886563,kashef-k8s-ctl.user-memcached-59687c864d-d4tkv,container_cpu_user_seconds_total,0.062
1744886563,kashef-k8s-w1.url-shorten-service-66949ddcc4-m6qjh,container_cpu_user_seconds_total,0.037
1744886563,kashef-k8s-w1.media-memcached-7889bdfdfb-f9n92,container_cpu_user_seconds_total,0.0
1744886563,kashef-k8s-w1.post-storage-service-66c9966f5f-prqxx,container_cpu_user_seconds_total,0.058
1744886569,kashef-k8s-w1.user-timeline-service-664c7f6696-768fq,container_cpu_user_seconds_total,0.054
1744886569,kashef-k8s-w1.user-timeline-redis-67cc95bc57-7699c,container_cpu_user_seconds_total,0.04
1744886569,kashef-k8s-w1.post-storage-memcached-6b75788fc6-qf227,container_cpu_user_seconds_total,0.0
1744886569,kashef-k8s-ctl.user-mention-service-5c4f566c5-pxpzx,container_cpu_user_seconds_total,0.032
1744886569,kashef-k8s-ctl.jaeger-67997f9775-cdp9g,container_cpu_user_seconds_total,0.087
1744886569,kashef-k8s-ctl.user-timeline-mongodb-6758898d48-fwnts,container_cpu_user_seconds_total,0.0
1744886569,kashef-k8s-ctl.user-memcached-59687c864d-d4tkv,container_cpu_user_seconds_total,0.062
1744886569,kashef-k8s-w1.media-memcached-7889bdfdfb-f9n92,container_cpu_user_seconds_total,0.0
1744886569,kashef-k8s-ctl.unique-id-service-694497b678-kz4kq,container_cpu_user_seconds_total,0.042
1744886569,kashef-k8s-w1.url-shorten-memcached-6546746864-4v94l,container_cpu_user_seconds_total,0.048
1744886569,kashef-k8s-ctl.user-mongodb-7745bbd78-7njl7,container_cpu_user_seconds_total,1.14
1744886569,kashef-k8s-w1.nginx-thrift-79478f9bf5-d992x,container_cpu_user_seconds_total,0.0
1744886569,kashef-k8s-w1.media-service-6c665c775d-nmsvf,container_cpu_user_seconds_total,0.016
1744886569,kashef-k8s-ctl.media-frontend-6b66b95ff4-kw757,container_cpu_user_seconds_total,5.755
1744886569,kashef-k8s-w1.url-shorten-service-66949ddcc4-m6qjh,container_cpu_user_seconds_total,0.037
1744886569,kashef-k8s-w1.social-graph-service-677dbc655c-wnhhr,container_cpu_user_seconds_total,0.07
1744886569,kashef-k8s-ctl.home-timeline-service-5754ffbc6d-2g86b,container_cpu_user_seconds_total,0.062
1744886569,kashef-k8s-w1.post-storage-service-66c9966f5f-prqxx,container_cpu_user_seconds_total,0.058
1744886569,kashef-k8s-w1.social-graph-mongodb-55df767ff5-7bdxk,container_cpu_user_seconds_total,0.0
1744886569,kashef-k8s-w1.social-graph-redis-5bbd5b7458-82ltg,container_cpu_user_seconds_total,0.05
1744886569,kashef-k8s-w1.text-service-fff64b8bf-qp8rn,container_cpu_user_seconds_total,0.05
1744886569,kashef-k8s-ctl.post-storage-mongodb-5579669d8c-m6bdp,container_cpu_user_seconds_total,0.0
1744886569,kashef-k8s-ctl.url-shorten-mongodb-57c886d5f8-g8ssb,container_cpu_user_seconds_total,1.107
1744886569,kashef-k8s-ctl.home-timeline-redis-6c6647df6f-ws9vj,container_cpu_user_seconds_total,0.062
1744886569,kashef-k8s-w1.compose-post-service-f587bf89d-gz47k,container_cpu_user_seconds_total,0.054
1744886569,kashef-k8s-w1.media-mongodb-7b64c59567-djrkf,container_cpu_user_seconds_total,1.006
1744886569,kashef-k8s-ctl.user-service-547b88cd8f-62khh,container_cpu_user_seconds_total,0.039
1744886575,kashef-k8s-ctl.jaeger-67997f9775-cdp9g,container_cpu_user_seconds_total,0.087
1744886575,kashef-k8s-w1.user-timeline-redis-67cc95bc57-7699c,container_cpu_user_seconds_total,0.084
1744886575,kashef-k8s-ctl.user-timeline-mongodb-6758898d48-fwnts,container_cpu_user_seconds_total,1.067
1744886575,kashef-k8s-w1.media-memcached-7889bdfdfb-f9n92,container_cpu_user_seconds_total,0.0
1744886575,kashef-k8s-ctl.user-mention-service-5c4f566c5-pxpzx,container_cpu_user_seconds_total,0.032
1744886575,kashef-k8s-ctl.user-mongodb-7745bbd78-7njl7,container_cpu_user_seconds_total,1.14
1744886575,kashef-k8s-w1.nginx-thrift-79478f9bf5-d992x,container_cpu_user_seconds_total,0.0
1744886575,kashef-k8s-w1.url-shorten-memcached-6546746864-4v94l,container_cpu_user_seconds_total,0.048
1744886575,kashef-k8s-w1.media-service-6c665c775d-nmsvf,container_cpu_user_seconds_total,0.016
1744886575,kashef-k8s-w1.url-shorten-service-66949ddcc4-m6qjh,container_cpu_user_seconds_total,0.037
1744886575,kashef-k8s-w1.social-graph-service-677dbc655c-wnhhr,container_cpu_user_seconds_total,0.074
1744886575,kashef-k8s-ctl.unique-id-service-694497b678-kz4kq,container_cpu_user_seconds_total,0.042
1744886575,kashef-k8s-w1.text-service-fff64b8bf-qp8rn,container_cpu_user_seconds_total,0.05
1744886575,kashef-k8s-w1.media-mongodb-7b64c59567-djrkf,container_cpu_user_seconds_total,1.006
1744886575,kashef-k8s-w1.user-timeline-service-664c7f6696-768fq,container_cpu_user_seconds_total,0.054
1744886575,kashef-k8s-w1.post-storage-memcached-6b75788fc6-qf227,container_cpu_user_seconds_total,0.0
1744886575,kashef-k8s-w1.compose-post-service-f587bf89d-gz47k,container_cpu_user_seconds_total,0.054
1744886575,kashef-k8s-ctl.home-timeline-service-5754ffbc6d-2g86b,container_cpu_user_seconds_total,0.062
1744886575,kashef-k8s-w1.social-graph-redis-5bbd5b7458-82ltg,container_cpu_user_seconds_total,0.087
1744886575,kashef-k8s-w1.social-graph-mongodb-55df767ff5-7bdxk,container_cpu_user_seconds_total,1.068
1744886575,kashef-k8s-ctl.user-service-547b88cd8f-62khh,container_cpu_user_seconds_total,0.039
1744886575,kashef-k8s-ctl.home-timeline-redis-6c6647df6f-ws9vj,container_cpu_user_seconds_total,0.062
1744886575,kashef-k8s-w1.post-storage-service-66c9966f5f-prqxx,container_cpu_user_seconds_total,0.058
1744886575,kashef-k8s-ctl.url-shorten-mongodb-57c886d5f8-g8ssb,container_cpu_user_seconds_total,1.107
1744886575,kashef-k8s-ctl.user-memcached-59687c864d-d4tkv,container_cpu_user_seconds_total,0.062
1744886575,kashef-k8s-ctl.post-storage-mongodb-5579669d8c-m6bdp,container_cpu_user_seconds_total,1.097
1744886575,kashef-k8s-ctl.media-frontend-6b66b95ff4-kw757,container_cpu_user_seconds_total,5.755
1744886581,kashef-k8s-ctl.post-storage-mongodb-5579669d8c-m6bdp,container_cpu_user_seconds_total,1.097
1744886581,kashef-k8s-ctl.media-frontend-6b66b95ff4-kw757,container_cpu_user_seconds_total,5.755
1744886581,kashef-k8s-w1.post-storage-service-66c9966f5f-prqxx,container_cpu_user_seconds_total,0.058
1744886581,kashef-k8s-ctl.url-shorten-mongodb-57c886d5f8-g8ssb,container_cpu_user_seconds_total,1.107
1744886581,kashef-k8s-ctl.home-timeline-redis-6c6647df6f-ws9vj,container_cpu_user_seconds_total,0.062
1744886581,kashef-k8s-ctl.jaeger-67997f9775-cdp9g,container_cpu_user_seconds_total,0.087
1744886581,kashef-k8s-w1.social-graph-redis-5bbd5b7458-82ltg,container_cpu_user_seconds_total,0.087
1744886581,kashef-k8s-ctl.home-timeline-service-5754ffbc6d-2g86b,container_cpu_user_seconds_total,0.062
1744886581,kashef-k8s-w1.social-graph-mongodb-55df767ff5-7bdxk,container_cpu_user_seconds_total,1.068
1744886581,kashef-k8s-w1.compose-post-service-f587bf89d-gz47k,container_cpu_user_seconds_total,0.054
1744886581,kashef-k8s-w1.url-shorten-memcached-6546746864-4v94l,container_cpu_user_seconds_total,0.063
1744886581,kashef-k8s-w1.nginx-thrift-79478f9bf5-d992x,container_cpu_user_seconds_total,5.892
1744886581,kashef-k8s-w1.media-service-6c665c775d-nmsvf,container_cpu_user_seconds_total,0.026
1744886581,kashef-k8s-w1.url-shorten-service-66949ddcc4-m6qjh,container_cpu_user_seconds_total,0.048
1744886581,kashef-k8s-w1.text-service-fff64b8bf-qp8rn,container_cpu_user_seconds_total,0.05
1744886581,kashef-k8s-ctl.unique-id-service-694497b678-kz4kq,container_cpu_user_seconds_total,0.042
1744886581,kashef-k8s-w1.social-graph-service-677dbc655c-wnhhr,container_cpu_user_seconds_total,0.074
1744886581,kashef-k8s-w1.media-mongodb-7b64c59567-djrkf,container_cpu_user_seconds_total,1.006
1744886581,kashef-k8s-ctl.user-service-547b88cd8f-62khh,container_cpu_user_seconds_total,0.039
1744886581,kashef-k8s-w1.user-timeline-service-664c7f6696-768fq,container_cpu_user_seconds_total,0.054
1744886581,kashef-k8s-ctl.user-timeline-mongodb-6758898d48-fwnts,container_cpu_user_seconds_total,1.067
1744886581,kashef-k8s-ctl.user-mention-service-5c4f566c5-pxpzx,container_cpu_user_seconds_total,0.032
1744886581,kashef-k8s-w1.post-storage-memcached-6b75788fc6-qf227,container_cpu_user_seconds_total,0.055
1744886581,kashef-k8s-w1.media-memcached-7889bdfdfb-f9n92,container_cpu_user_seconds_total,0.0
1744886581,kashef-k8s-ctl.user-mongodb-7745bbd78-7njl7,container_cpu_user_seconds_total,1.14
1744886581,kashef-k8s-w1.user-timeline-redis-67cc95bc57-7699c,container_cpu_user_seconds_total,0.084
1744886581,kashef-k8s-ctl.user-memcached-59687c864d-d4tkv,container_cpu_user_seconds_total,0.062
1744886587,kashef-k8s-ctl.user-memcached-59687c864d-d4tkv,container_cpu_user_seconds_total,0.062
1744886587,kashef-k8s-ctl.post-storage-mongodb-5579669d8c-m6bdp,container_cpu_user_seconds_total,1.097
1744886587,kashef-k8s-w1.post-storage-service-66c9966f5f-prqxx,container_cpu_user_seconds_total,0.058
1744886587,kashef-k8s-w1.media-memcached-7889bdfdfb-f9n92,container_cpu_user_seconds_total,0.058
1744886587,kashef-k8s-w1.text-service-fff64b8bf-qp8rn,container_cpu_user_seconds_total,0.05
1744886587,kashef-k8s-ctl.user-mention-service-5c4f566c5-pxpzx,container_cpu_user_seconds_total,0.032
1744886587,kashef-k8s-w1.media-service-6c665c775d-nmsvf,container_cpu_user_seconds_total,0.026
1744886587,kashef-k8s-w1.url-shorten-service-66949ddcc4-m6qjh,container_cpu_user_seconds_total,0.048
1744886587,kashef-k8s-ctl.media-frontend-6b66b95ff4-kw757,container_cpu_user_seconds_total,5.755
1744886587,kashef-k8s-ctl.home-timeline-service-5754ffbc6d-2g86b,container_cpu_user_seconds_total,0.062
1744886587,kashef-k8s-w1.compose-post-service-f587bf89d-gz47k,container_cpu_user_seconds_total,0.054
1744886587,kashef-k8s-w1.post-storage-memcached-6b75788fc6-qf227,container_cpu_user_seconds_total,0.055
1744886587,kashef-k8s-w1.social-graph-mongodb-55df767ff5-7bdxk,container_cpu_user_seconds_total,1.068
1744886587,kashef-k8s-ctl.jaeger-67997f9775-cdp9g,container_cpu_user_seconds_total,0.087
1744886587,kashef-k8s-w1.social-graph-redis-5bbd5b7458-82ltg,container_cpu_user_seconds_total,0.087
1744886587,kashef-k8s-w1.url-shorten-memcached-6546746864-4v94l,container_cpu_user_seconds_total,0.063
1744886587,kashef-k8s-w1.nginx-thrift-79478f9bf5-d992x,container_cpu_user_seconds_total,5.892
1744886587,kashef-k8s-w1.social-graph-service-677dbc655c-wnhhr,container_cpu_user_seconds_total,0.074
1744886587,kashef-k8s-w1.media-mongodb-7b64c59567-djrkf,container_cpu_user_seconds_total,1.161
1744886587,kashef-k8s-ctl.user-service-547b88cd8f-62khh,container_cpu_user_seconds_total,0.039
1744886587,kashef-k8s-ctl.unique-id-service-694497b678-kz4kq,container_cpu_user_seconds_total,0.042
1744886587,kashef-k8s-w1.user-timeline-service-664c7f6696-768fq,container_cpu_user_seconds_total,0.054
1744886587,kashef-k8s-ctl.user-timeline-mongodb-6758898d48-fwnts,container_cpu_user_seconds_total,1.112
1744886587,kashef-k8s-ctl.user-mongodb-7745bbd78-7njl7,container_cpu_user_seconds_total,1.14
1744886587,kashef-k8s-w1.user-timeline-redis-67cc95bc57-7699c,container_cpu_user_seconds_total,0.084
1744886587,kashef-k8s-ctl.url-shorten-mongodb-57c886d5f8-g8ssb,container_cpu_user_seconds_total,1.107
1744886587,kashef-k8s-ctl.home-timeline-redis-6c6647df6f-ws9vj,container_cpu_user_seconds_total,0.062
1744886593,kashef-k8s-w1.url-shorten-memcached-6546746864-4v94l,container_cpu_user_seconds_total,0.063
1744886593,kashef-k8s-w1.user-timeline-redis-67cc95bc57-7699c,container_cpu_user_seconds_total,0.084
1744886593,kashef-k8s-w1.media-service-6c665c775d-nmsvf,container_cpu_user_seconds_total,0.026
1744886593,kashef-k8s-w1.social-graph-service-677dbc655c-wnhhr,container_cpu_user_seconds_total,0.074
1744886593,kashef-k8s-ctl.user-mongodb-7745bbd78-7njl7,container_cpu_user_seconds_total,1.14
1744886593,kashef-k8s-w1.social-graph-redis-5bbd5b7458-82ltg,container_cpu_user_seconds_total,0.087
1744886593,kashef-k8s-ctl.jaeger-67997f9775-cdp9g,container_cpu_user_seconds_total,0.093
1744886593,kashef-k8s-ctl.home-timeline-redis-6c6647df6f-ws9vj,container_cpu_user_seconds_total,0.092
1744886593,kashef-k8s-ctl.url-shorten-mongodb-57c886d5f8-g8ssb,container_cpu_user_seconds_total,1.107
1744886593,kashef-k8s-ctl.user-service-547b88cd8f-62khh,container_cpu_user_seconds_total,0.039
1744886593,kashef-k8s-w1.media-mongodb-7b64c59567-djrkf,container_cpu_user_seconds_total,1.161
1744886593,kashef-k8s-w1.post-storage-memcached-6b75788fc6-qf227,container_cpu_user_seconds_total,0.055
1744886593,kashef-k8s-w1.social-graph-mongodb-55df767ff5-7bdxk,container_cpu_user_seconds_total,1.068
1744886593,kashef-k8s-w1.compose-post-service-f587bf89d-gz47k,container_cpu_user_seconds_total,0.054
1744886593,kashef-k8s-ctl.home-timeline-service-5754ffbc6d-2g86b,container_cpu_user_seconds_total,0.062
1744886593,kashef-k8s-ctl.unique-id-service-694497b678-kz4kq,container_cpu_user_seconds_total,0.042
1744886593,kashef-k8s-ctl.user-timeline-mongodb-6758898d48-fwnts,container_cpu_user_seconds_total,1.112
1744886593,kashef-k8s-w1.user-timeline-service-664c7f6696-768fq,container_cpu_user_seconds_total,0.054
1744886593,kashef-k8s-w1.text-service-fff64b8bf-qp8rn,container_cpu_user_seconds_total,0.05
1744886593,kashef-k8s-w1.url-shorten-service-66949ddcc4-m6qjh,container_cpu_user_seconds_total,0.048
1744886593,kashef-k8s-w1.media-memcached-7889bdfdfb-f9n92,container_cpu_user_seconds_total,0.058
1744886593,kashef-k8s-ctl.media-frontend-6b66b95ff4-kw757,container_cpu_user_seconds_total,5.779
1744886593,kashef-k8s-ctl.user-memcached-59687c864d-d4tkv,container_cpu_user_seconds_total,0.062
1744886593,kashef-k8s-w1.post-storage-service-66c9966f5f-prqxx,container_cpu_user_seconds_total,0.058
1744886593,kashef-k8s-ctl.post-storage-mongodb-5579669d8c-m6bdp,container_cpu_user_seconds_total,1.097
1744886593,kashef-k8s-w1.nginx-thrift-79478f9bf5-d992x,container_cpu_user_seconds_total,5.892
1744886593,kashef-k8s-ctl.user-mention-service-5c4f566c5-pxpzx,container_cpu_user_seconds_total,0.032
1744886599,kashef-k8s-w1.nginx-thrift-79478f9bf5-d992x,container_cpu_user_seconds_total,5.892
1744886599,kashef-k8s-ctl.user-mention-service-5c4f566c5-pxpzx,container_cpu_user_seconds_total,0.033
1744886599,kashef-k8s-w1.post-storage-service-66c9966f5f-prqxx,container_cpu_user_seconds_total,0.058
1744886599,kashef-k8s-ctl.home-timeline-redis-6c6647df6f-ws9vj,container_cpu_user_seconds_total,0.092
1744886599,kashef-k8s-w1.media-memcached-7889bdfdfb-f9n92,container_cpu_user_seconds_total,0.058
1744886599,kashef-k8s-ctl.media-frontend-6b66b95ff4-kw757,container_cpu_user_seconds_total,5.779
1744886599,kashef-k8s-ctl.user-memcached-59687c864d-d4tkv,container_cpu_user_seconds_total,0.065
1744886599,kashef-k8s-ctl.post-storage-mongodb-5579669d8c-m6bdp,container_cpu_user_seconds_total,1.248
1744886599,kashef-k8s-ctl.unique-id-service-694497b678-kz4kq,container_cpu_user_seconds_total,0.044
1744886599,kashef-k8s-w1.post-storage-memcached-6b75788fc6-qf227,container_cpu_user_seconds_total,0.055
1744886599,kashef-k8s-w1.social-graph-mongodb-55df767ff5-7bdxk,container_cpu_user_seconds_total,1.068
1744886599,kashef-k8s-ctl.url-shorten-mongodb-57c886d5f8-g8ssb,container_cpu_user_seconds_total,1.344
1744886599,kashef-k8s-w1.text-service-fff64b8bf-qp8rn,container_cpu_user_seconds_total,0.05
1744886599,kashef-k8s-w1.url-shorten-service-66949ddcc4-m6qjh,container_cpu_user_seconds_total,0.048
1744886599,kashef-k8s-w1.compose-post-service-f587bf89d-gz47k,container_cpu_user_seconds_total,0.088
1744886599,kashef-k8s-w1.user-timeline-service-664c7f6696-768fq,container_cpu_user_seconds_total,0.054
1744886599,kashef-k8s-w1.social-graph-redis-5bbd5b7458-82ltg,container_cpu_user_seconds_total,0.087
1744886599,kashef-k8s-w1.social-graph-service-677dbc655c-wnhhr,container_cpu_user_seconds_total,0.074
1744886599,kashef-k8s-ctl.user-mongodb-7745bbd78-7njl7,container_cpu_user_seconds_total,1.14
1744886599,kashef-k8s-ctl.home-timeline-service-5754ffbc6d-2g86b,container_cpu_user_seconds_total,0.078
1744886599,kashef-k8s-w1.media-mongodb-7b64c59567-djrkf,container_cpu_user_seconds_total,1.161
1744886599,kashef-k8s-w1.user-timeline-redis-67cc95bc57-7699c,container_cpu_user_seconds_total,0.084
1744886599,kashef-k8s-w1.media-service-6c665c775d-nmsvf,container_cpu_user_seconds_total,0.026
1744886599,kashef-k8s-w1.url-shorten-memcached-6546746864-4v94l,container_cpu_user_seconds_total,0.063
1744886599,kashef-k8s-ctl.user-service-547b88cd8f-62khh,container_cpu_user_seconds_total,0.039
1744886599,kashef-k8s-ctl.jaeger-67997f9775-cdp9g,container_cpu_user_seconds_total,0.093
1744886599,kashef-k8s-ctl.user-timeline-mongodb-6758898d48-fwnts,container_cpu_user_seconds_total,1.112
1744886605,kashef-k8s-w1.url-shorten-service-66949ddcc4-m6qjh,container_cpu_user_seconds_total,0.048
1744886605,kashef-k8s-ctl.user-mention-service-5c4f566c5-pxpzx,container_cpu_user_seconds_total,0.033
1744886605,kashef-k8s-ctl.media-frontend-6b66b95ff4-kw757,container_cpu_user_seconds_total,5.779
1744886605,kashef-k8s-w1.text-service-fff64b8bf-qp8rn,container_cpu_user_seconds_total,0.05
1744886605,kashef-k8s-ctl.post-storage-mongodb-5579669d8c-m6bdp,container_cpu_user_seconds_total,1.248
1744886605,kashef-k8s-ctl.url-shorten-mongodb-57c886d5f8-g8ssb,container_cpu_user_seconds_total,1.344
1744886605,kashef-k8s-w1.post-storage-memcached-6b75788fc6-qf227,container_cpu_user_seconds_total,0.055
1744886605,kashef-k8s-ctl.unique-id-service-694497b678-kz4kq,container_cpu_user_seconds_total,0.044
1744886605,kashef-k8s-w1.media-service-6c665c775d-nmsvf,container_cpu_user_seconds_total,0.026
1744886605,kashef-k8s-w1.user-timeline-service-664c7f6696-768fq,container_cpu_user_seconds_total,0.054
1744886605,kashef-k8s-w1.social-graph-mongodb-55df767ff5-7bdxk,container_cpu_user_seconds_total,1.068
1744886605,kashef-k8s-ctl.user-memcached-59687c864d-d4tkv,container_cpu_user_seconds_total,0.065
1744886605,kashef-k8s-w1.compose-post-service-f587bf89d-gz47k,container_cpu_user_seconds_total,0.088
1744886605,kashef-k8s-w1.user-timeline-redis-67cc95bc57-7699c,container_cpu_user_seconds_total,0.107
1744886605,kashef-k8s-w1.post-storage-service-66c9966f5f-prqxx,container_cpu_user_seconds_total,0.058
1744886605,kashef-k8s-w1.nginx-thrift-79478f9bf5-d992x,container_cpu_user_seconds_total,6.025
1744886605,kashef-k8s-ctl.home-timeline-service-5754ffbc6d-2g86b,container_cpu_user_seconds_total,0.078
1744886605,kashef-k8s-w1.social-graph-redis-5bbd5b7458-82ltg,container_cpu_user_seconds_total,0.131
1744886605,kashef-k8s-ctl.user-service-547b88cd8f-62khh,container_cpu_user_seconds_total,0.039
1744886605,kashef-k8s-ctl.user-timeline-mongodb-6758898d48-fwnts,container_cpu_user_seconds_total,1.112
1744886605,kashef-k8s-w1.media-mongodb-7b64c59567-djrkf,container_cpu_user_seconds_total,1.268
1744886605,kashef-k8s-ctl.user-mongodb-7745bbd78-7njl7,container_cpu_user_seconds_total,1.334
1744886605,kashef-k8s-w1.social-graph-service-677dbc655c-wnhhr,container_cpu_user_seconds_total,0.083
1744886605,kashef-k8s-ctl.jaeger-67997f9775-cdp9g,container_cpu_user_seconds_total,0.093
1744886605,kashef-k8s-w1.url-shorten-memcached-6546746864-4v94l,container_cpu_user_seconds_total,0.063
1744886605,kashef-k8s-ctl.home-timeline-redis-6c6647df6f-ws9vj,container_cpu_user_seconds_total,0.092
1744886605,kashef-k8s-w1.media-memcached-7889bdfdfb-f9n92,container_cpu_user_seconds_total,0.058
1744886611,kashef-k8s-ctl.user-mention-service-5c4f566c5-pxpzx,container_cpu_user_seconds_total,0.033
1744886611,kashef-k8s-w1.post-storage-service-66c9966f5f-prqxx,container_cpu_user_seconds_total,0.118
1744886611,kashef-k8s-w1.user-timeline-redis-67cc95bc57-7699c,container_cpu_user_seconds_total,0.107
1744886611,kashef-k8s-ctl.user-mongodb-7745bbd78-7njl7,container_cpu_user_seconds_total,1.334
1744886611,kashef-k8s-ctl.jaeger-67997f9775-cdp9g,container_cpu_user_seconds_total,0.093
1744886611,kashef-k8s-w1.social-graph-redis-5bbd5b7458-82ltg,container_cpu_user_seconds_total,0.131
1744886611,kashef-k8s-w1.social-graph-service-677dbc655c-wnhhr,container_cpu_user_seconds_total,0.083
1744886611,kashef-k8s-ctl.url-shorten-mongodb-57c886d5f8-g8ssb,container_cpu_user_seconds_total,1.344
1744886611,kashef-k8s-w1.nginx-thrift-79478f9bf5-d992x,container_cpu_user_seconds_total,6.025
1744886611,kashef-k8s-ctl.user-service-547b88cd8f-62khh,container_cpu_user_seconds_total,0.039
1744886611,kashef-k8s-w1.social-graph-mongodb-55df767ff5-7bdxk,container_cpu_user_seconds_total,1.262
1744886611,kashef-k8s-ctl.unique-id-service-694497b678-kz4kq,container_cpu_user_seconds_total,0.044
1744886611,kashef-k8s-ctl.user-timeline-mongodb-6758898d48-fwnts,container_cpu_user_seconds_total,1.112
1744886611,kashef-k8s-w1.compose-post-service-f587bf89d-gz47k,container_cpu_user_seconds_total,0.088
1744886611,kashef-k8s-ctl.home-timeline-service-5754ffbc6d-2g86b,container_cpu_user_seconds_total,0.078
1744886611,kashef-k8s-w1.media-mongodb-7b64c59567-djrkf,container_cpu_user_seconds_total,1.268
1744886611,kashef-k8s-w1.user-timeline-service-664c7f6696-768fq,container_cpu_user_seconds_total,0.122
1744886611,kashef-k8s-w1.url-shorten-service-66949ddcc4-m6qjh,container_cpu_user_seconds_total,0.069
1744886611,kashef-k8s-ctl.media-frontend-6b66b95ff4-kw757,container_cpu_user_seconds_total,5.779
1744886611,kashef-k8s-w1.media-service-6c665c775d-nmsvf,container_cpu_user_seconds_total,0.026
1744886611,kashef-k8s-w1.post-storage-memcached-6b75788fc6-qf227,container_cpu_user_seconds_total,0.055
1744886611,kashef-k8s-ctl.user-memcached-59687c864d-d4tkv,container_cpu_user_seconds_total,0.065
1744886611,kashef-k8s-w1.url-shorten-memcached-6546746864-4v94l,container_cpu_user_seconds_total,0.063
1744886611,kashef-k8s-ctl.home-timeline-redis-6c6647df6f-ws9vj,container_cpu_user_seconds_total,0.092
1744886611,kashef-k8s-w1.text-service-fff64b8bf-qp8rn,container_cpu_user_seconds_total,0.066
1744886611,kashef-k8s-ctl.post-storage-mongodb-5579669d8c-m6bdp,container_cpu_user_seconds_total,1.248
1744886611,kashef-k8s-w1.media-memcached-7889bdfdfb-f9n92,container_cpu_user_seconds_total,0.063
1744886617,kashef-k8s-w1.media-memcached-7889bdfdfb-f9n92,container_cpu_user_seconds_total,0.063
1744886617,kashef-k8s-ctl.post-storage-mongodb-5579669d8c-m6bdp,container_cpu_user_seconds_total,1.354
1744886617,kashef-k8s-w1.text-service-fff64b8bf-qp8rn,container_cpu_user_seconds_total,0.066
1744886617,kashef-k8s-ctl.unique-id-service-694497b678-kz4kq,container_cpu_user_seconds_total,0.046
1744886617,kashef-k8s-ctl.user-service-547b88cd8f-62khh,container_cpu_user_seconds_total,0.039
1744886617,kashef-k8s-ctl.user-timeline-mongodb-6758898d48-fwnts,container_cpu_user_seconds_total,1.382
1744886617,kashef-k8s-w1.user-timeline-redis-67cc95bc57-7699c,container_cpu_user_seconds_total,0.107
1744886617,kashef-k8s-ctl.home-timeline-service-5754ffbc6d-2g86b,container_cpu_user_seconds_total,0.078
1744886617,kashef-k8s-w1.social-graph-mongodb-55df767ff5-7bdxk,container_cpu_user_seconds_total,1.262
1744886617,kashef-k8s-w1.media-mongodb-7b64c59567-djrkf,container_cpu_user_seconds_total,1.268
1744886617,kashef-k8s-w1.post-storage-memcached-6b75788fc6-qf227,container_cpu_user_seconds_total,0.055
1744886617,kashef-k8s-ctl.media-frontend-6b66b95ff4-kw757,container_cpu_user_seconds_total,5.779
1744886617,kashef-k8s-ctl.jaeger-67997f9775-cdp9g,container_cpu_user_seconds_total,0.093
1744886617,kashef-k8s-w1.media-service-6c665c775d-nmsvf,container_cpu_user_seconds_total,0.028
1744886617,kashef-k8s-ctl.user-memcached-59687c864d-d4tkv,container_cpu_user_seconds_total,0.065
1744886617,kashef-k8s-w1.compose-post-service-f587bf89d-gz47k,container_cpu_user_seconds_total,0.088
1744886617,kashef-k8s-w1.social-graph-service-677dbc655c-wnhhr,container_cpu_user_seconds_total,0.083
1744886617,kashef-k8s-w1.url-shorten-memcached-6546746864-4v94l,container_cpu_user_seconds_total,0.073
1744886617,kashef-k8s-ctl.url-shorten-mongodb-57c886d5f8-g8ssb,container_cpu_user_seconds_total,1.344
1744886617,kashef-k8s-ctl.user-mongodb-7745bbd78-7njl7,container_cpu_user_seconds_total,1.334
1744886617,kashef-k8s-w1.nginx-thrift-79478f9bf5-d992x,container_cpu_user_seconds_total,6.025
1744886617,kashef-k8s-w1.post-storage-service-66c9966f5f-prqxx,container_cpu_user_seconds_total,0.118
1744886617,kashef-k8s-ctl.user-mention-service-5c4f566c5-pxpzx,container_cpu_user_seconds_total,0.033
1744886617,kashef-k8s-ctl.home-timeline-redis-6c6647df6f-ws9vj,container_cpu_user_seconds_total,0.092
1744886617,kashef-k8s-w1.url-shorten-service-66949ddcc4-m6qjh,container_cpu_user_seconds_total,0.069
1744886617,kashef-k8s-w1.user-timeline-service-664c7f6696-768fq,container_cpu_user_seconds_total,0.122
1744886617,kashef-k8s-w1.social-graph-redis-5bbd5b7458-82ltg,container_cpu_user_seconds_total,0.131
1744886623,kashef-k8s-ctl.user-timeline-mongodb-6758898d48-fwnts,container_cpu_user_seconds_total,1.382
1744886623,kashef-k8s-w1.text-service-fff64b8bf-qp8rn,container_cpu_user_seconds_total,0.066
1744886623,kashef-k8s-ctl.user-service-547b88cd8f-62khh,container_cpu_user_seconds_total,0.039
1744886623,kashef-k8s-w1.user-timeline-redis-67cc95bc57-7699c,container_cpu_user_seconds_total,0.107
1744886623,kashef-k8s-w1.media-memcached-7889bdfdfb-f9n92,container_cpu_user_seconds_total,0.063
1744886623,kashef-k8s-w1.post-storage-memcached-6b75788fc6-qf227,container_cpu_user_seconds_total,0.055
1744886623,kashef-k8s-ctl.media-frontend-6b66b95ff4-kw757,container_cpu_user_seconds_total,5.779
1744886623,kashef-k8s-ctl.jaeger-67997f9775-cdp9g,container_cpu_user_seconds_total,0.106
1744886623,kashef-k8s-w1.media-mongodb-7b64c59567-djrkf,container_cpu_user_seconds_total,1.268
1744886623,kashef-k8s-ctl.user-memcached-59687c864d-d4tkv,container_cpu_user_seconds_total,0.065
1744886623,kashef-k8s-w1.media-service-6c665c775d-nmsvf,container_cpu_user_seconds_total,0.028
1744886623,kashef-k8s-ctl.user-mongodb-7745bbd78-7njl7,container_cpu_user_seconds_total,1.334
1744886623,kashef-k8s-w1.social-graph-redis-5bbd5b7458-82ltg,container_cpu_user_seconds_total,0.131
1744886623,kashef-k8s-ctl.unique-id-service-694497b678-kz4kq,container_cpu_user_seconds_total,0.046
1744886623,kashef-k8s-w1.compose-post-service-f587bf89d-gz47k,container_cpu_user_seconds_total,0.088
1744886623,kashef-k8s-ctl.post-storage-mongodb-5579669d8c-m6bdp,container_cpu_user_seconds_total,1.354
1744886623,kashef-k8s-w1.social-graph-mongodb-55df767ff5-7bdxk,container_cpu_user_seconds_total,1.262
1744886623,kashef-k8s-w1.url-shorten-memcached-6546746864-4v94l,container_cpu_user_seconds_total,0.073
1744886623,kashef-k8s-w1.social-graph-service-677dbc655c-wnhhr,container_cpu_user_seconds_total,0.083
1744886623,kashef-k8s-w1.url-shorten-service-66949ddcc4-m6qjh,container_cpu_user_seconds_total,0.069
1744886623,kashef-k8s-w1.nginx-thrift-79478f9bf5-d992x,container_cpu_user_seconds_total,6.025
1744886623,kashef-k8s-ctl.url-shorten-mongodb-57c886d5f8-g8ssb,container_cpu_user_seconds_total,1.344
1744886623,kashef-k8s-w1.user-timeline-service-664c7f6696-768fq,container_cpu_user_seconds_total,0.122
1744886623,kashef-k8s-ctl.home-timeline-redis-6c6647df6f-ws9vj,container_cpu_user_seconds_total,0.128
1744886623,kashef-k8s-ctl.home-timeline-service-5754ffbc6d-2g86b,container_cpu_user_seconds_total,0.078
1744886623,kashef-k8s-ctl.user-mention-service-5c4f566c5-pxpzx,container_cpu_user_seconds_total,0.037
1744886623,kashef-k8s-w1.post-storage-service-66c9966f5f-prqxx,container_cpu_user_seconds_total,0.118
1744886629,kashef-k8s-ctl.home-timeline-service-5754ffbc6d-2g86b,container_cpu_user_seconds_total,0.118
1744886629,kashef-k8s-ctl.home-timeline-redis-6c6647df6f-ws9vj,container_cpu_user_seconds_total,0.128
1744886629,kashef-k8s-w1.post-storage-service-66c9966f5f-prqxx,container_cpu_user_seconds_total,0.141
1744886629,kashef-k8s-ctl.media-frontend-6b66b95ff4-kw757,container_cpu_user_seconds_total,5.779
1744886629,kashef-k8s-w1.user-timeline-service-664c7f6696-768fq,container_cpu_user_seconds_total,0.122
1744886629,kashef-k8s-w1.social-graph-redis-5bbd5b7458-82ltg,container_cpu_user_seconds_total,0.131
1744886629,kashef-k8s-w1.url-shorten-memcached-6546746864-4v94l,container_cpu_user_seconds_total,0.073
1744886629,kashef-k8s-ctl.url-shorten-mongodb-57c886d5f8-g8ssb,container_cpu_user_seconds_total,1.518
1744886629,kashef-k8s-w1.url-shorten-service-66949ddcc4-m6qjh,container_cpu_user_seconds_total,0.069
1744886629,kashef-k8s-w1.media-mongodb-7b64c59567-djrkf,container_cpu_user_seconds_total,1.268
1744886629,kashef-k8s-w1.media-memcached-7889bdfdfb-f9n92,container_cpu_user_seconds_total,0.063
1744886629,kashef-k8s-ctl.user-mongodb-7745bbd78-7njl7,container_cpu_user_seconds_total,1.481
1744886629,kashef-k8s-w1.social-graph-mongodb-55df767ff5-7bdxk,container_cpu_user_seconds_total,1.262
1744886629,kashef-k8s-w1.social-graph-service-677dbc655c-wnhhr,container_cpu_user_seconds_total,0.083
1744886629,kashef-k8s-ctl.jaeger-67997f9775-cdp9g,container_cpu_user_seconds_total,0.106
1744886629,kashef-k8s-w1.nginx-thrift-79478f9bf5-d992x,container_cpu_user_seconds_total,6.025
1744886629,kashef-k8s-w1.media-service-6c665c775d-nmsvf,container_cpu_user_seconds_total,0.028
1744886629,kashef-k8s-w1.compose-post-service-f587bf89d-gz47k,container_cpu_user_seconds_total,0.107
1744886629,kashef-k8s-ctl.unique-id-service-694497b678-kz4kq,container_cpu_user_seconds_total,0.046
1744886629,kashef-k8s-ctl.user-timeline-mongodb-6758898d48-fwnts,container_cpu_user_seconds_total,1.382
1744886629,kashef-k8s-w1.user-timeline-redis-67cc95bc57-7699c,container_cpu_user_seconds_total,0.107
1744886629,kashef-k8s-w1.text-service-fff64b8bf-qp8rn,container_cpu_user_seconds_total,0.066
1744886629,kashef-k8s-ctl.user-mention-service-5c4f566c5-pxpzx,container_cpu_user_seconds_total,0.037
1744886629,kashef-k8s-ctl.post-storage-mongodb-5579669d8c-m6bdp,container_cpu_user_seconds_total,1.354
1744886629,kashef-k8s-ctl.user-service-547b88cd8f-62khh,container_cpu_user_seconds_total,0.04
1744886629,kashef-k8s-ctl.user-memcached-59687c864d-d4tkv,container_cpu_user_seconds_total,0.065
1744886629,kashef-k8s-w1.post-storage-memcached-6b75788fc6-qf227,container_cpu_user_seconds_total,0.055
1744886635,kashef-k8s-ctl.user-timeline-mongodb-6758898d48-fwnts,container_cpu_user_seconds_total,1.382
1744886635,kashef-k8s-ctl.home-timeline-redis-6c6647df6f-ws9vj,container_cpu_user_seconds_total,0.128
1744886635,kashef-k8s-w1.user-timeline-service-664c7f6696-768fq,container_cpu_user_seconds_total,0.122
1744886635,kashef-k8s-ctl.url-shorten-mongodb-57c886d5f8-g8ssb,container_cpu_user_seconds_total,1.518
1744886635,kashef-k8s-w1.url-shorten-memcached-6546746864-4v94l,container_cpu_user_seconds_total,0.073
1744886635,kashef-k8s-w1.url-shorten-service-66949ddcc4-m6qjh,container_cpu_user_seconds_total,0.069
1744886635,kashef-k8s-ctl.user-mongodb-7745bbd78-7njl7,container_cpu_user_seconds_total,1.481
1744886635,kashef-k8s-ctl.jaeger-67997f9775-cdp9g,container_cpu_user_seconds_total,0.106
1744886635,kashef-k8s-w1.media-mongodb-7b64c59567-djrkf,container_cpu_user_seconds_total,1.268
1744886635,kashef-k8s-w1.nginx-thrift-79478f9bf5-d992x,container_cpu_user_seconds_total,6.191
1744886635,kashef-k8s-w1.social-graph-mongodb-55df767ff5-7bdxk,container_cpu_user_seconds_total,1.262
1744886635,kashef-k8s-w1.social-graph-redis-5bbd5b7458-82ltg,container_cpu_user_seconds_total,0.171
1744886635,kashef-k8s-w1.social-graph-service-677dbc655c-wnhhr,container_cpu_user_seconds_total,0.099
1744886635,kashef-k8s-w1.text-service-fff64b8bf-qp8rn,container_cpu_user_seconds_total,0.066
1744886635,kashef-k8s-ctl.media-frontend-6b66b95ff4-kw757,container_cpu_user_seconds_total,5.779
1744886635,kashef-k8s-w1.compose-post-service-f587bf89d-gz47k,container_cpu_user_seconds_total,0.107
1744886635,kashef-k8s-ctl.post-storage-mongodb-5579669d8c-m6bdp,container_cpu_user_seconds_total,1.354
1744886635,kashef-k8s-w1.media-memcached-7889bdfdfb-f9n92,container_cpu_user_seconds_total,0.063
1744886635,kashef-k8s-ctl.home-timeline-service-5754ffbc6d-2g86b,container_cpu_user_seconds_total,0.118
1744886635,kashef-k8s-ctl.user-service-547b88cd8f-62khh,container_cpu_user_seconds_total,0.04
1744886635,kashef-k8s-w1.post-storage-memcached-6b75788fc6-qf227,container_cpu_user_seconds_total,0.055
1744886635,kashef-k8s-ctl.unique-id-service-694497b678-kz4kq,container_cpu_user_seconds_total,0.046
1744886635,kashef-k8s-w1.media-service-6c665c775d-nmsvf,container_cpu_user_seconds_total,0.028
1744886635,kashef-k8s-ctl.user-memcached-59687c864d-d4tkv,container_cpu_user_seconds_total,0.075
1744886635,kashef-k8s-w1.user-timeline-redis-67cc95bc57-7699c,container_cpu_user_seconds_total,0.107
1744886635,kashef-k8s-w1.post-storage-service-66c9966f5f-prqxx,container_cpu_user_seconds_total,0.141
1744886635,kashef-k8s-ctl.user-mention-service-5c4f566c5-pxpzx,container_cpu_user_seconds_total,0.037
1744886641,kashef-k8s-w1.post-storage-service-66c9966f5f-prqxx,container_cpu_user_seconds_total,0.141
1744886641,kashef-k8s-w1.media-memcached-7889bdfdfb-f9n92,container_cpu_user_seconds_total,0.065
1744886641,kashef-k8s-ctl.user-service-547b88cd8f-62khh,container_cpu_user_seconds_total,0.04
1744886641,kashef-k8s-w1.social-graph-service-677dbc655c-wnhhr,container_cpu_user_seconds_total,0.099
1744886641,kashef-k8s-ctl.unique-id-service-694497b678-kz4kq,container_cpu_user_seconds_total,0.046
1744886641,kashef-k8s-w1.url-shorten-service-66949ddcc4-m6qjh,container_cpu_user_seconds_total,0.086
1744886641,kashef-k8s-w1.social-graph-mongodb-55df767ff5-7bdxk,container_cpu_user_seconds_total,1.455
1744886641,kashef-k8s-w1.compose-post-service-f587bf89d-gz47k,container_cpu_user_seconds_total,0.107
1744886641,kashef-k8s-ctl.jaeger-67997f9775-cdp9g,container_cpu_user_seconds_total,0.106
1744886641,kashef-k8s-w1.user-timeline-service-664c7f6696-768fq,container_cpu_user_seconds_total,0.154
1744886641,kashef-k8s-ctl.url-shorten-mongodb-57c886d5f8-g8ssb,container_cpu_user_seconds_total,1.518
1744886641,kashef-k8s-w1.url-shorten-memcached-6546746864-4v94l,container_cpu_user_seconds_total,0.078
1744886641,kashef-k8s-ctl.user-mongodb-7745bbd78-7njl7,container_cpu_user_seconds_total,1.481
1744886641,kashef-k8s-w1.social-graph-redis-5bbd5b7458-82ltg,container_cpu_user_seconds_total,0.171
1744886641,kashef-k8s-w1.text-service-fff64b8bf-qp8rn,container_cpu_user_seconds_total,0.091
1744886641,kashef-k8s-ctl.media-frontend-6b66b95ff4-kw757,container_cpu_user_seconds_total,5.779
1744886641,kashef-k8s-w1.user-timeline-redis-67cc95bc57-7699c,container_cpu_user_seconds_total,0.168
1744886641,kashef-k8s-ctl.user-memcached-59687c864d-d4tkv,container_cpu_user_seconds_total,0.075
1744886641,kashef-k8s-ctl.user-timeline-mongodb-6758898d48-fwnts,container_cpu_user_seconds_total,1.382
1744886641,kashef-k8s-w1.post-storage-memcached-6b75788fc6-qf227,container_cpu_user_seconds_total,0.061
1744886641,kashef-k8s-ctl.home-timeline-redis-6c6647df6f-ws9vj,container_cpu_user_seconds_total,0.128
1744886641,kashef-k8s-ctl.post-storage-mongodb-5579669d8c-m6bdp,container_cpu_user_seconds_total,1.354
1744886641,kashef-k8s-w1.media-mongodb-7b64c59567-djrkf,container_cpu_user_seconds_total,1.268
1744886641,kashef-k8s-ctl.user-mention-service-5c4f566c5-pxpzx,container_cpu_user_seconds_total,0.037
1744886641,kashef-k8s-ctl.home-timeline-service-5754ffbc6d-2g86b,container_cpu_user_seconds_total,0.118
1744886641,kashef-k8s-w1.media-service-6c665c775d-nmsvf,container_cpu_user_seconds_total,0.028
1744886641,kashef-k8s-w1.nginx-thrift-79478f9bf5-d992x,container_cpu_user_seconds_total,6.191
1744886647,kashef-k8s-w1.social-graph-redis-5bbd5b7458-82ltg,container_cpu_user_seconds_total,0.171
1744886647,kashef-k8s-ctl.user-service-547b88cd8f-62khh,container_cpu_user_seconds_total,0.04
1744886647,kashef-k8s-w1.post-storage-service-66c9966f5f-prqxx,container_cpu_user_seconds_total,0.141
1744886647,kashef-k8s-ctl.user-mongodb-7745bbd78-7njl7,container_cpu_user_seconds_total,1.481
1744886647,kashef-k8s-ctl.unique-id-service-694497b678-kz4kq,container_cpu_user_seconds_total,0.046
1744886647,kashef-k8s-w1.user-timeline-redis-67cc95bc57-7699c,container_cpu_user_seconds_total,0.168
1744886647,kashef-k8s-w1.url-shorten-memcached-6546746864-4v94l,container_cpu_user_seconds_total,0.078
1744886647,kashef-k8s-ctl.user-memcached-59687c864d-d4tkv,container_cpu_user_seconds_total,0.075
1744886647,kashef-k8s-ctl.post-storage-mongodb-5579669d8c-m6bdp,container_cpu_user_seconds_total,1.354
1744886647,kashef-k8s-ctl.media-frontend-6b66b95ff4-kw757,container_cpu_user_seconds_total,5.779
1744886647,kashef-k8s-w1.social-graph-mongodb-55df767ff5-7bdxk,container_cpu_user_seconds_total,1.455
1744886647,kashef-k8s-w1.text-service-fff64b8bf-qp8rn,container_cpu_user_seconds_total,0.091
1744886647,kashef-k8s-w1.url-shorten-service-66949ddcc4-m6qjh,container_cpu_user_seconds_total,0.086
1744886647,kashef-k8s-w1.social-graph-service-677dbc655c-wnhhr,container_cpu_user_seconds_total,0.099
1744886647,kashef-k8s-w1.media-mongodb-7b64c59567-djrkf,container_cpu_user_seconds_total,1.448
1744886647,kashef-k8s-w1.media-memcached-7889bdfdfb-f9n92,container_cpu_user_seconds_total,0.065
1744886647,kashef-k8s-ctl.url-shorten-mongodb-57c886d5f8-g8ssb,container_cpu_user_seconds_total,1.518
1744886647,kashef-k8s-w1.user-timeline-service-664c7f6696-768fq,container_cpu_user_seconds_total,0.154
1744886647,kashef-k8s-w1.media-service-6c665c775d-nmsvf,container_cpu_user_seconds_total,0.028
1744886647,kashef-k8s-ctl.user-timeline-mongodb-6758898d48-fwnts,container_cpu_user_seconds_total,1.382
1744886647,kashef-k8s-w1.nginx-thrift-79478f9bf5-d992x,container_cpu_user_seconds_total,6.191
1744886647,kashef-k8s-ctl.jaeger-67997f9775-cdp9g,container_cpu_user_seconds_total,0.106
1744886647,kashef-k8s-w1.post-storage-memcached-6b75788fc6-qf227,container_cpu_user_seconds_total,0.061
1744886647,kashef-k8s-ctl.home-timeline-service-5754ffbc6d-2g86b,container_cpu_user_seconds_total,0.136
1744886647,kashef-k8s-ctl.home-timeline-redis-6c6647df6f-ws9vj,container_cpu_user_seconds_total,0.128
1744886647,kashef-k8s-w1.compose-post-service-f587bf89d-gz47k,container_cpu_user_seconds_total,0.107
1744886647,kashef-k8s-ctl.user-mention-service-5c4f566c5-pxpzx,container_cpu_user_seconds_total,0.037
1744886653,kashef-k8s-w1.social-graph-redis-5bbd5b7458-82ltg,container_cpu_user_seconds_total,0.171
1744886653,kashef-k8s-ctl.user-mention-service-5c4f566c5-pxpzx,container_cpu_user_seconds_total,0.037
1744886653,kashef-k8s-w1.media-memcached-7889bdfdfb-f9n92,container_cpu_user_seconds_total,0.065
1744886653,kashef-k8s-ctl.home-timeline-redis-6c6647df6f-ws9vj,container_cpu_user_seconds_total,0.128
1744886653,kashef-k8s-ctl.home-timeline-service-5754ffbc6d-2g86b,container_cpu_user_seconds_total,0.136
1744886653,kashef-k8s-w1.media-service-6c665c775d-nmsvf,container_cpu_user_seconds_total,0.028
1744886653,kashef-k8s-w1.post-storage-memcached-6b75788fc6-qf227,container_cpu_user_seconds_total,0.061
1744886653,kashef-k8s-ctl.jaeger-67997f9775-cdp9g,container_cpu_user_seconds_total,0.106
1744886653,kashef-k8s-ctl.user-memcached-59687c864d-d4tkv,container_cpu_user_seconds_total,0.075
1744886653,kashef-k8s-w1.text-service-fff64b8bf-qp8rn,container_cpu_user_seconds_total,0.091
1744886653,kashef-k8s-ctl.post-storage-mongodb-5579669d8c-m6bdp,container_cpu_user_seconds_total,1.354
1744886653,kashef-k8s-w1.nginx-thrift-79478f9bf5-d992x,container_cpu_user_seconds_total,6.191
1744886653,kashef-k8s-w1.user-timeline-service-664c7f6696-768fq,container_cpu_user_seconds_total,0.154
1744886653,kashef-k8s-ctl.user-timeline-mongodb-6758898d48-fwnts,container_cpu_user_seconds_total,1.382
1744886653,kashef-k8s-ctl.url-shorten-mongodb-57c886d5f8-g8ssb,container_cpu_user_seconds_total,1.518
1744886653,kashef-k8s-w1.post-storage-service-66c9966f5f-prqxx,container_cpu_user_seconds_total,0.141
1744886653,kashef-k8s-w1.user-timeline-redis-67cc95bc57-7699c,container_cpu_user_seconds_total,0.168
1744886653,kashef-k8s-w1.compose-post-service-f587bf89d-gz47k,container_cpu_user_seconds_total,0.107
1744886653,kashef-k8s-w1.url-shorten-service-66949ddcc4-m6qjh,container_cpu_user_seconds_total,0.086
1744886653,kashef-k8s-ctl.user-mongodb-7745bbd78-7njl7,container_cpu_user_seconds_total,1.481
1744886653,kashef-k8s-ctl.unique-id-service-694497b678-kz4kq,container_cpu_user_seconds_total,0.046
1744886653,kashef-k8s-w1.social-graph-mongodb-55df767ff5-7bdxk,container_cpu_user_seconds_total,1.455
1744886653,kashef-k8s-w1.media-mongodb-7b64c59567-djrkf,container_cpu_user_seconds_total,1.448
1744886653,kashef-k8s-ctl.user-service-547b88cd8f-62khh,container_cpu_user_seconds_total,0.044
1744886653,kashef-k8s-ctl.media-frontend-6b66b95ff4-kw757,container_cpu_user_seconds_total,5.779
1744886653,kashef-k8s-w1.url-shorten-memcached-6546746864-4v94l,container_cpu_user_seconds_total,0.078
1744886653,kashef-k8s-w1.social-graph-service-677dbc655c-wnhhr,container_cpu_user_seconds_total,0.099
1744886659,kashef-k8s-w1.media-service-6c665c775d-nmsvf,container_cpu_user_seconds_total,0.028
1744886659,kashef-k8s-ctl.user-mongodb-7745bbd78-7njl7,container_cpu_user_seconds_total,1.481
1744886659,kashef-k8s-w1.social-graph-redis-5bbd5b7458-82ltg,container_cpu_user_seconds_total,0.171
1744886659,kashef-k8s-w1.url-shorten-service-66949ddcc4-m6qjh,container_cpu_user_seconds_total,0.086
1744886659,kashef-k8s-ctl.user-memcached-59687c864d-d4tkv,container_cpu_user_seconds_total,0.081
1744886659,kashef-k8s-ctl.post-storage-mongodb-5579669d8c-m6bdp,container_cpu_user_seconds_total,1.614
1744886659,kashef-k8s-w1.text-service-fff64b8bf-qp8rn,container_cpu_user_seconds_total,0.091
1744886659,kashef-k8s-ctl.home-timeline-redis-6c6647df6f-ws9vj,container_cpu_user_seconds_total,0.176
1744886659,kashef-k8s-w1.user-timeline-redis-67cc95bc57-7699c,container_cpu_user_seconds_total,0.168
1744886659,kashef-k8s-w1.post-storage-service-66c9966f5f-prqxx,container_cpu_user_seconds_total,0.141
1744886659,kashef-k8s-ctl.user-timeline-mongodb-6758898d48-fwnts,container_cpu_user_seconds_total,1.762
1744886659,kashef-k8s-ctl.media-frontend-6b66b95ff4-kw757,container_cpu_user_seconds_total,5.779
1744886659,kashef-k8s-w1.user-timeline-service-664c7f6696-768fq,container_cpu_user_seconds_total,0.154
1744886659,kashef-k8s-w1.post-storage-memcached-6b75788fc6-qf227,container_cpu_user_seconds_total,0.061
1744886659,kashef-k8s-ctl.user-mention-service-5c4f566c5-pxpzx,container_cpu_user_seconds_total,0.037
1744886659,kashef-k8s-w1.nginx-thrift-79478f9bf5-d992x,container_cpu_user_seconds_total,6.191
1744886659,kashef-k8s-ctl.url-shorten-mongodb-57c886d5f8-g8ssb,container_cpu_user_seconds_total,1.692
1744886659,kashef-k8s-w1.url-shorten-memcached-6546746864-4v94l,container_cpu_user_seconds_total,0.078
1744886659,kashef-k8s-w1.compose-post-service-f587bf89d-gz47k,container_cpu_user_seconds_total,0.107
1744886659,kashef-k8s-w1.social-graph-mongodb-55df767ff5-7bdxk,container_cpu_user_seconds_total,1.455
1744886659,kashef-k8s-w1.social-graph-service-677dbc655c-wnhhr,container_cpu_user_seconds_total,0.099
1744886659,kashef-k8s-ctl.unique-id-service-694497b678-kz4kq,container_cpu_user_seconds_total,0.054
1744886659,kashef-k8s-ctl.user-service-547b88cd8f-62khh,container_cpu_user_seconds_total,0.044
1744886659,kashef-k8s-w1.media-mongodb-7b64c59567-djrkf,container_cpu_user_seconds_total,1.448
1744886659,kashef-k8s-ctl.jaeger-67997f9775-cdp9g,container_cpu_user_seconds_total,0.106
1744886659,kashef-k8s-ctl.home-timeline-service-5754ffbc6d-2g86b,container_cpu_user_seconds_total,0.136
1744886659,kashef-k8s-w1.media-memcached-7889bdfdfb-f9n92,container_cpu_user_seconds_total,0.065
1744886665,kashef-k8s-w1.text-service-fff64b8bf-qp8rn,container_cpu_user_seconds_total,0.091
1744886665,kashef-k8s-w1.url-shorten-memcached-6546746864-4v94l,container_cpu_user_seconds_total,0.078
1744886665,kashef-k8s-w1.user-timeline-service-664c7f6696-768fq,container_cpu_user_seconds_total,0.154
1744886665,kashef-k8s-ctl.user-memcached-59687c864d-d4tkv,container_cpu_user_seconds_total,0.081
1744886665,kashef-k8s-ctl.media-frontend-6b66b95ff4-kw757,container_cpu_user_seconds_total,5.779
1744886665,kashef-k8s-ctl.jaeger-67997f9775-cdp9g,container_cpu_user_seconds_total,0.138
1744886665,kashef-k8s-ctl.url-shorten-mongodb-57c886d5f8-g8ssb,container_cpu_user_seconds_total,1.692
1744886665,kashef-k8s-w1.social-graph-redis-5bbd5b7458-82ltg,container_cpu_user_seconds_total,0.171
1744886665,kashef-k8s-w1.media-mongodb-7b64c59567-djrkf,container_cpu_user_seconds_total,1.448
1744886665,kashef-k8s-w1.media-service-6c665c775d-nmsvf,container_cpu_user_seconds_total,0.028
1744886665,kashef-k8s-w1.post-storage-memcached-6b75788fc6-qf227,container_cpu_user_seconds_total,0.061
1744886665,kashef-k8s-w1.compose-post-service-f587bf89d-gz47k,container_cpu_user_seconds_total,0.132
1744886665,kashef-k8s-w1.nginx-thrift-79478f9bf5-d992x,container_cpu_user_seconds_total,6.191
1744886665,kashef-k8s-ctl.unique-id-service-694497b678-kz4kq,container_cpu_user_seconds_total,0.054
1744886665,kashef-k8s-ctl.user-mongodb-7745bbd78-7njl7,container_cpu_user_seconds_total,1.704
1744886665,kashef-k8s-ctl.user-service-547b88cd8f-62khh,container_cpu_user_seconds_total,0.044
1744886665,kashef-k8s-ctl.user-timeline-mongodb-6758898d48-fwnts,container_cpu_user_seconds_total,1.762
1744886665,kashef-k8s-ctl.user-mention-service-5c4f566c5-pxpzx,container_cpu_user_seconds_total,0.066
1744886665,kashef-k8s-w1.social-graph-service-677dbc655c-wnhhr,container_cpu_user_seconds_total,0.099
1744886665,kashef-k8s-w1.social-graph-mongodb-55df767ff5-7bdxk,container_cpu_user_seconds_total,1.455
1744886665,kashef-k8s-w1.url-shorten-service-66949ddcc4-m6qjh,container_cpu_user_seconds_total,0.086
1744886665,kashef-k8s-ctl.home-timeline-service-5754ffbc6d-2g86b,container_cpu_user_seconds_total,0.136
1744886665,kashef-k8s-w1.media-memcached-7889bdfdfb-f9n92,container_cpu_user_seconds_total,0.068
1744886665,kashef-k8s-ctl.post-storage-mongodb-5579669d8c-m6bdp,container_cpu_user_seconds_total,1.614
1744886665,kashef-k8s-ctl.home-timeline-redis-6c6647df6f-ws9vj,container_cpu_user_seconds_total,0.176
1744886665,kashef-k8s-w1.post-storage-service-66c9966f5f-prqxx,container_cpu_user_seconds_total,0.141
1744886665,kashef-k8s-w1.user-timeline-redis-67cc95bc57-7699c,container_cpu_user_seconds_total,0.168
1744886671,kashef-k8s-w1.media-memcached-7889bdfdfb-f9n92,container_cpu_user_seconds_total,0.068
1744886671,kashef-k8s-ctl.post-storage-mongodb-5579669d8c-m6bdp,container_cpu_user_seconds_total,1.614
1744886671,kashef-k8s-ctl.user-mention-service-5c4f566c5-pxpzx,container_cpu_user_seconds_total,0.066
1744886671,kashef-k8s-w1.url-shorten-service-66949ddcc4-m6qjh,container_cpu_user_seconds_total,0.1
1744886671,kashef-k8s-ctl.home-timeline-service-5754ffbc6d-2g86b,container_cpu_user_seconds_total,0.136
1744886671,kashef-k8s-w1.post-storage-service-66c9966f5f-prqxx,container_cpu_user_seconds_total,0.22
1744886671,kashef-k8s-ctl.user-memcached-59687c864d-d4tkv,container_cpu_user_seconds_total,0.081
1744886671,kashef-k8s-ctl.media-frontend-6b66b95ff4-kw757,container_cpu_user_seconds_total,5.779
1744886671,kashef-k8s-w1.social-graph-service-677dbc655c-wnhhr,container_cpu_user_seconds_total,0.122
1744886671,kashef-k8s-w1.social-graph-mongodb-55df767ff5-7bdxk,container_cpu_user_seconds_total,1.533
1744886671,kashef-k8s-w1.media-mongodb-7b64c59567-djrkf,container_cpu_user_seconds_total,1.517
1744886671,kashef-k8s-ctl.jaeger-67997f9775-cdp9g,container_cpu_user_seconds_total,0.138
1744886671,kashef-k8s-ctl.url-shorten-mongodb-57c886d5f8-g8ssb,container_cpu_user_seconds_total,1.692
1744886671,kashef-k8s-w1.media-service-6c665c775d-nmsvf,container_cpu_user_seconds_total,0.028
1744886671,kashef-k8s-w1.post-storage-memcached-6b75788fc6-qf227,container_cpu_user_seconds_total,0.062
1744886671,kashef-k8s-w1.social-graph-redis-5bbd5b7458-82ltg,container_cpu_user_seconds_total,0.198
1744886671,kashef-k8s-ctl.user-timeline-mongodb-6758898d48-fwnts,container_cpu_user_seconds_total,1.762
1744886671,kashef-k8s-ctl.user-service-547b88cd8f-62khh,container_cpu_user_seconds_total,0.044
1744886671,kashef-k8s-w1.compose-post-service-f587bf89d-gz47k,container_cpu_user_seconds_total,0.132
1744886671,kashef-k8s-w1.nginx-thrift-79478f9bf5-d992x,container_cpu_user_seconds_total,6.191
1744886671,kashef-k8s-w1.url-shorten-memcached-6546746864-4v94l,container_cpu_user_seconds_total,0.078
1744886671,kashef-k8s-ctl.unique-id-service-694497b678-kz4kq,container_cpu_user_seconds_total,0.054
1744886671,kashef-k8s-ctl.user-mongodb-7745bbd78-7njl7,container_cpu_user_seconds_total,1.704
1744886671,kashef-k8s-ctl.home-timeline-redis-6c6647df6f-ws9vj,container_cpu_user_seconds_total,0.176
1744886671,kashef-k8s-w1.user-timeline-redis-67cc95bc57-7699c,container_cpu_user_seconds_total,0.181
1744886671,kashef-k8s-w1.text-service-fff64b8bf-qp8rn,container_cpu_user_seconds_total,0.091
1744886671,kashef-k8s-w1.user-timeline-service-664c7f6696-768fq,container_cpu_user_seconds_total,0.154
1744886677,kashef-k8s-w1.text-service-fff64b8bf-qp8rn,container_cpu_user_seconds_total,0.113
1744886677,kashef-k8s-w1.user-timeline-redis-67cc95bc57-7699c,container_cpu_user_seconds_total,0.181
1744886677,kashef-k8s-w1.media-memcached-7889bdfdfb-f9n92,container_cpu_user_seconds_total,0.068
1744886677,kashef-k8s-ctl.home-timeline-redis-6c6647df6f-ws9vj,container_cpu_user_seconds_total,0.176
1744886677,kashef-k8s-w1.url-shorten-memcached-6546746864-4v94l,container_cpu_user_seconds_total,0.083
1744886677,kashef-k8s-ctl.unique-id-service-694497b678-kz4kq,container_cpu_user_seconds_total,0.059
1744886677,kashef-k8s-ctl.user-timeline-mongodb-6758898d48-fwnts,container_cpu_user_seconds_total,1.762
1744886677,kashef-k8s-ctl.user-mongodb-7745bbd78-7njl7,container_cpu_user_seconds_total,1.704
1744886677,kashef-k8s-ctl.user-mention-service-5c4f566c5-pxpzx,container_cpu_user_seconds_total,0.071
1744886677,kashef-k8s-ctl.user-service-547b88cd8f-62khh,container_cpu_user_seconds_total,0.044
1744886677,kashef-k8s-w1.media-service-6c665c775d-nmsvf,container_cpu_user_seconds_total,0.028
1744886677,kashef-k8s-w1.user-timeline-service-664c7f6696-768fq,container_cpu_user_seconds_total,9.061
1744886677,kashef-k8s-w1.nginx-thrift-79478f9bf5-d992x,container_cpu_user_seconds_total,6.404
1744886677,kashef-k8s-w1.compose-post-service-f587bf89d-gz47k,container_cpu_user_seconds_total,0.132
1744886677,kashef-k8s-w1.media-mongodb-7b64c59567-djrkf,container_cpu_user_seconds_total,1.517
1744886677,kashef-k8s-w1.social-graph-redis-5bbd5b7458-82ltg,container_cpu_user_seconds_total,0.198
1744886677,kashef-k8s-w1.social-graph-service-677dbc655c-wnhhr,container_cpu_user_seconds_total,0.122
1744886677,kashef-k8s-w1.social-graph-mongodb-55df767ff5-7bdxk,container_cpu_user_seconds_total,1.533
1744886677,kashef-k8s-ctl.url-shorten-mongodb-57c886d5f8-g8ssb,container_cpu_user_seconds_total,1.692
1744886677,kashef-k8s-ctl.user-memcached-59687c864d-d4tkv,container_cpu_user_seconds_total,0.081
1744886677,kashef-k8s-ctl.media-frontend-6b66b95ff4-kw757,container_cpu_user_seconds_total,5.779
1744886677,kashef-k8s-ctl.post-storage-mongodb-5579669d8c-m6bdp,container_cpu_user_seconds_total,1.614
1744886677,kashef-k8s-w1.url-shorten-service-66949ddcc4-m6qjh,container_cpu_user_seconds_total,0.1
1744886677,kashef-k8s-ctl.home-timeline-service-5754ffbc6d-2g86b,container_cpu_user_seconds_total,0.136
1744886677,kashef-k8s-w1.post-storage-service-66c9966f5f-prqxx,container_cpu_user_seconds_total,0.22
1744886677,kashef-k8s-ctl.jaeger-67997f9775-cdp9g,container_cpu_user_seconds_total,0.138
1744886677,kashef-k8s-w1.post-storage-memcached-6b75788fc6-qf227,container_cpu_user_seconds_total,0.062
1744886683,kashef-k8s-ctl.home-timeline-redis-6c6647df6f-ws9vj,container_cpu_user_seconds_total,0.176
1744886683,kashef-k8s-w1.social-graph-redis-5bbd5b7458-82ltg,container_cpu_user_seconds_total,0.198
1744886683,kashef-k8s-w1.url-shorten-memcached-6546746864-4v94l,container_cpu_user_seconds_total,0.083
1744886683,kashef-k8s-ctl.post-storage-mongodb-5579669d8c-m6bdp,container_cpu_user_seconds_total,1.614
1744886683,kashef-k8s-w1.text-service-fff64b8bf-qp8rn,container_cpu_user_seconds_total,0.113
1744886683,kashef-k8s-w1.user-timeline-service-664c7f6696-768fq,container_cpu_user_seconds_total,9.061
1744886683,kashef-k8s-ctl.user-service-547b88cd8f-62khh,container_cpu_user_seconds_total,0.044
1744886683,kashef-k8s-ctl.user-timeline-mongodb-6758898d48-fwnts,container_cpu_user_seconds_total,1.92
1744886683,kashef-k8s-ctl.user-mention-service-5c4f566c5-pxpzx,container_cpu_user_seconds_total,0.071
1744886683,kashef-k8s-w1.url-shorten-service-66949ddcc4-m6qjh,container_cpu_user_seconds_total,0.1
1744886683,kashef-k8s-ctl.user-mongodb-7745bbd78-7njl7,container_cpu_user_seconds_total,1.8
1744886683,kashef-k8s-ctl.unique-id-service-694497b678-kz4kq,container_cpu_user_seconds_total,0.059
1744886683,kashef-k8s-w1.nginx-thrift-79478f9bf5-d992x,container_cpu_user_seconds_total,6.404
1744886683,kashef-k8s-ctl.media-frontend-6b66b95ff4-kw757,container_cpu_user_seconds_total,5.779
1744886683,kashef-k8s-w1.post-storage-service-66c9966f5f-prqxx,container_cpu_user_seconds_total,0.22
1744886683,kashef-k8s-w1.post-storage-memcached-6b75788fc6-qf227,container_cpu_user_seconds_total,0.062
1744886683,kashef-k8s-w1.user-timeline-redis-67cc95bc57-7699c,container_cpu_user_seconds_total,0.181
1744886683,kashef-k8s-w1.media-memcached-7889bdfdfb-f9n92,container_cpu_user_seconds_total,0.068
1744886683,kashef-k8s-ctl.home-timeline-service-5754ffbc6d-2g86b,container_cpu_user_seconds_total,0.136
1744886683,kashef-k8s-w1.compose-post-service-f587bf89d-gz47k,container_cpu_user_seconds_total,0.132
1744886683,kashef-k8s-ctl.jaeger-67997f9775-cdp9g,container_cpu_user_seconds_total,0.138
1744886683,kashef-k8s-ctl.url-shorten-mongodb-57c886d5f8-g8ssb,container_cpu_user_seconds_total,1.692
1744886683,kashef-k8s-w1.social-graph-mongodb-55df767ff5-7bdxk,container_cpu_user_seconds_total,1.533
1744886683,kashef-k8s-w1.social-graph-service-677dbc655c-wnhhr,container_cpu_user_seconds_total,0.122
1744886683,kashef-k8s-w1.media-service-6c665c775d-nmsvf,container_cpu_user_seconds_total,0.028
1744886683,kashef-k8s-w1.media-mongodb-7b64c59567-djrkf,container_cpu_user_seconds_total,1.517
1744886683,kashef-k8s-ctl.user-memcached-59687c864d-d4tkv,container_cpu_user_seconds_total,0.088
1744886689,kashef-k8s-w1.post-storage-service-66c9966f5f-prqxx,container_cpu_user_seconds_total,0.243
1744886689,kashef-k8s-ctl.media-frontend-6b66b95ff4-kw757,container_cpu_user_seconds_total,5.779
1744886689,kashef-k8s-w1.user-timeline-service-664c7f6696-768fq,container_cpu_user_seconds_total,9.061
1744886689,kashef-k8s-w1.text-service-fff64b8bf-qp8rn,container_cpu_user_seconds_total,0.113
1744886689,kashef-k8s-ctl.user-mention-service-5c4f566c5-pxpzx,container_cpu_user_seconds_total,0.071
1744886689,kashef-k8s-ctl.user-timeline-mongodb-6758898d48-fwnts,container_cpu_user_seconds_total,1.92
1744886689,kashef-k8s-w1.nginx-thrift-79478f9bf5-d992x,container_cpu_user_seconds_total,6.404
1744886689,kashef-k8s-w1.url-shorten-service-66949ddcc4-m6qjh,container_cpu_user_seconds_total,0.1
1744886689,kashef-k8s-ctl.unique-id-service-694497b678-kz4kq,container_cpu_user_seconds_total,0.059
1744886689,kashef-k8s-ctl.user-mongodb-7745bbd78-7njl7,container_cpu_user_seconds_total,1.8
1744886689,kashef-k8s-w1.compose-post-service-f587bf89d-gz47k,container_cpu_user_seconds_total,0.132
1744886689,kashef-k8s-ctl.user-memcached-59687c864d-d4tkv,container_cpu_user_seconds_total,0.088
1744886689,kashef-k8s-ctl.user-service-547b88cd8f-62khh,container_cpu_user_seconds_total,0.044
1744886689,kashef-k8s-w1.media-mongodb-7b64c59567-djrkf,container_cpu_user_seconds_total,1.517
1744886689,kashef-k8s-w1.social-graph-redis-5bbd5b7458-82ltg,container_cpu_user_seconds_total,0.198
1744886689,kashef-k8s-w1.social-graph-mongodb-55df767ff5-7bdxk,container_cpu_user_seconds_total,1.533
1744886689,kashef-k8s-w1.url-shorten-memcached-6546746864-4v94l,container_cpu_user_seconds_total,0.083
1744886689,kashef-k8s-ctl.home-timeline-service-5754ffbc6d-2g86b,container_cpu_user_seconds_total,0.188
1744886689,kashef-k8s-w1.social-graph-service-677dbc655c-wnhhr,container_cpu_user_seconds_total,0.122
1744886689,kashef-k8s-w1.media-service-6c665c775d-nmsvf,container_cpu_user_seconds_total,0.028
1744886689,kashef-k8s-ctl.jaeger-67997f9775-cdp9g,container_cpu_user_seconds_total,0.138
1744886689,kashef-k8s-ctl.url-shorten-mongodb-57c886d5f8-g8ssb,container_cpu_user_seconds_total,1.924
1744886689,kashef-k8s-w1.media-memcached-7889bdfdfb-f9n92,container_cpu_user_seconds_total,0.068
1744886689,kashef-k8s-ctl.home-timeline-redis-6c6647df6f-ws9vj,container_cpu_user_seconds_total,0.227
1744886689,kashef-k8s-w1.user-timeline-redis-67cc95bc57-7699c,container_cpu_user_seconds_total,0.181
1744886689,kashef-k8s-ctl.post-storage-mongodb-5579669d8c-m6bdp,container_cpu_user_seconds_total,1.838
1744886689,kashef-k8s-w1.post-storage-memcached-6b75788fc6-qf227,container_cpu_user_seconds_total,0.062
1744886695,kashef-k8s-w1.user-timeline-redis-67cc95bc57-7699c,container_cpu_user_seconds_total,0.181
1744886695,kashef-k8s-w1.post-storage-memcached-6b75788fc6-qf227,container_cpu_user_seconds_total,0.062
1744886695,kashef-k8s-w1.post-storage-service-66c9966f5f-prqxx,container_cpu_user_seconds_total,0.243
1744886695,kashef-k8s-w1.media-memcached-7889bdfdfb-f9n92,container_cpu_user_seconds_total,0.068
1744886695,kashef-k8s-ctl.jaeger-67997f9775-cdp9g,container_cpu_user_seconds_total,0.168
1744886695,kashef-k8s-w1.social-graph-service-677dbc655c-wnhhr,container_cpu_user_seconds_total,0.135
1744886695,kashef-k8s-ctl.home-timeline-service-5754ffbc6d-2g86b,container_cpu_user_seconds_total,0.188
1744886695,kashef-k8s-ctl.unique-id-service-694497b678-kz4kq,container_cpu_user_seconds_total,0.059
1744886695,kashef-k8s-w1.social-graph-mongodb-55df767ff5-7bdxk,container_cpu_user_seconds_total,1.533
1744886695,kashef-k8s-w1.url-shorten-memcached-6546746864-4v94l,container_cpu_user_seconds_total,0.083
1744886695,kashef-k8s-w1.media-mongodb-7b64c59567-djrkf,container_cpu_user_seconds_total,1.517
1744886695,kashef-k8s-ctl.user-service-547b88cd8f-62khh,container_cpu_user_seconds_total,0.044
1744886695,kashef-k8s-w1.media-service-6c665c775d-nmsvf,container_cpu_user_seconds_total,0.028
1744886695,kashef-k8s-w1.user-timeline-service-664c7f6696-768fq,container_cpu_user_seconds_total,9.061
1744886695,kashef-k8s-ctl.user-memcached-59687c864d-d4tkv,container_cpu_user_seconds_total,0.088
1744886695,kashef-k8s-ctl.user-timeline-mongodb-6758898d48-fwnts,container_cpu_user_seconds_total,1.92
1744886695,kashef-k8s-w1.nginx-thrift-79478f9bf5-d992x,container_cpu_user_seconds_total,6.404
1744886695,kashef-k8s-w1.compose-post-service-f587bf89d-gz47k,container_cpu_user_seconds_total,0.132
1744886695,kashef-k8s-w1.url-shorten-service-66949ddcc4-m6qjh,container_cpu_user_seconds_total,0.1
1744886695,kashef-k8s-w1.social-graph-redis-5bbd5b7458-82ltg,container_cpu_user_seconds_total,0.198
1744886695,kashef-k8s-w1.text-service-fff64b8bf-qp8rn,container_cpu_user_seconds_total,0.118
1744886695,kashef-k8s-ctl.url-shorten-mongodb-57c886d5f8-g8ssb,container_cpu_user_seconds_total,1.924
1744886695,kashef-k8s-ctl.media-frontend-6b66b95ff4-kw757,container_cpu_user_seconds_total,5.779
1744886695,kashef-k8s-ctl.post-storage-mongodb-5579669d8c-m6bdp,container_cpu_user_seconds_total,1.838
1744886695,kashef-k8s-ctl.user-mongodb-7745bbd78-7njl7,container_cpu_user_seconds_total,1.8
1744886695,kashef-k8s-ctl.home-timeline-redis-6c6647df6f-ws9vj,container_cpu_user_seconds_total,0.227
1744886695,kashef-k8s-ctl.user-mention-service-5c4f566c5-pxpzx,container_cpu_user_seconds_total,0.071
1744886701,kashef-k8s-w1.text-service-fff64b8bf-qp8rn,container_cpu_user_seconds_total,0.118
1744886701,kashef-k8s-ctl.jaeger-67997f9775-cdp9g,container_cpu_user_seconds_total,0.168
1744886701,kashef-k8s-w1.social-graph-mongodb-55df767ff5-7bdxk,container_cpu_user_seconds_total,1.533
1744886701,kashef-k8s-w1.social-graph-service-677dbc655c-wnhhr,container_cpu_user_seconds_total,0.135
1744886701,kashef-k8s-w1.post-storage-memcached-6b75788fc6-qf227,container_cpu_user_seconds_total,0.062
1744886701,kashef-k8s-ctl.user-service-547b88cd8f-62khh,container_cpu_user_seconds_total,0.044
1744886701,kashef-k8s-w1.url-shorten-memcached-6546746864-4v94l,container_cpu_user_seconds_total,0.083
1744886701,kashef-k8s-w1.media-mongodb-7b64c59567-djrkf,container_cpu_user_seconds_total,1.517
1744886701,kashef-k8s-w1.user-timeline-service-664c7f6696-768fq,container_cpu_user_seconds_total,11.185
1744886701,kashef-k8s-w1.user-timeline-redis-67cc95bc57-7699c,container_cpu_user_seconds_total,0.193
1744886701,kashef-k8s-ctl.user-memcached-59687c864d-d4tkv,container_cpu_user_seconds_total,0.088
1744886701,kashef-k8s-w1.media-service-6c665c775d-nmsvf,container_cpu_user_seconds_total,0.028
1744886701,kashef-k8s-ctl.url-shorten-mongodb-57c886d5f8-g8ssb,container_cpu_user_seconds_total,1.924
1744886701,kashef-k8s-ctl.post-storage-mongodb-5579669d8c-m6bdp,container_cpu_user_seconds_total,1.838
1744886701,kashef-k8s-w1.post-storage-service-66c9966f5f-prqxx,container_cpu_user_seconds_total,0.243
1744886701,kashef-k8s-ctl.home-timeline-redis-6c6647df6f-ws9vj,container_cpu_user_seconds_total,0.227
1744886701,kashef-k8s-w1.media-memcached-7889bdfdfb-f9n92,container_cpu_user_seconds_total,0.068
1744886701,kashef-k8s-ctl.media-frontend-6b66b95ff4-kw757,container_cpu_user_seconds_total,5.779
1744886701,kashef-k8s-ctl.user-mention-service-5c4f566c5-pxpzx,container_cpu_user_seconds_total,0.071
1744886701,kashef-k8s-ctl.user-timeline-mongodb-6758898d48-fwnts,container_cpu_user_seconds_total,1.92
1744886701,kashef-k8s-ctl.unique-id-service-694497b678-kz4kq,container_cpu_user_seconds_total,0.059
1744886701,kashef-k8s-w1.social-graph-redis-5bbd5b7458-82ltg,container_cpu_user_seconds_total,0.22
1744886701,kashef-k8s-w1.url-shorten-service-66949ddcc4-m6qjh,container_cpu_user_seconds_total,0.123
1744886701,kashef-k8s-ctl.user-mongodb-7745bbd78-7njl7,container_cpu_user_seconds_total,1.8
1744886701,kashef-k8s-w1.compose-post-service-f587bf89d-gz47k,container_cpu_user_seconds_total,0.132
1744886701,kashef-k8s-ctl.home-timeline-service-5754ffbc6d-2g86b,container_cpu_user_seconds_total,0.188
1744886701,kashef-k8s-w1.nginx-thrift-79478f9bf5-d992x,container_cpu_user_seconds_total,6.404
1744886707,kashef-k8s-ctl.post-storage-mongodb-5579669d8c-m6bdp,container_cpu_user_seconds_total,1.957
1744886707,kashef-k8s-w1.url-shorten-service-66949ddcc4-m6qjh,container_cpu_user_seconds_total,0.123
1744886707,kashef-k8s-w1.user-timeline-service-664c7f6696-768fq,container_cpu_user_seconds_total,11.185
1744886707,kashef-k8s-w1.compose-post-service-f587bf89d-gz47k,container_cpu_user_seconds_total,0.18
1744886707,kashef-k8s-ctl.media-frontend-6b66b95ff4-kw757,container_cpu_user_seconds_total,5.779
1744886707,kashef-k8s-ctl.unique-id-service-694497b678-kz4kq,container_cpu_user_seconds_total,0.059
1744886707,kashef-k8s-ctl.user-mongodb-7745bbd78-7njl7,container_cpu_user_seconds_total,1.8
1744886707,kashef-k8s-ctl.user-timeline-mongodb-6758898d48-fwnts,container_cpu_user_seconds_total,1.92
1744886707,kashef-k8s-ctl.user-service-547b88cd8f-62khh,container_cpu_user_seconds_total,0.044
1744886707,kashef-k8s-w1.media-service-6c665c775d-nmsvf,container_cpu_user_seconds_total,0.032
1744886707,kashef-k8s-w1.url-shorten-memcached-6546746864-4v94l,container_cpu_user_seconds_total,0.083
1744886707,kashef-k8s-ctl.url-shorten-mongodb-57c886d5f8-g8ssb,container_cpu_user_seconds_total,1.924
1744886707,kashef-k8s-w1.social-graph-redis-5bbd5b7458-82ltg,container_cpu_user_seconds_total,0.22
1744886707,kashef-k8s-ctl.user-mention-service-5c4f566c5-pxpzx,container_cpu_user_seconds_total,0.071
1744886707,kashef-k8s-w1.user-timeline-redis-67cc95bc57-7699c,container_cpu_user_seconds_total,0.193
1744886707,kashef-k8s-ctl.user-memcached-59687c864d-d4tkv,container_cpu_user_seconds_total,0.088
1744886707,kashef-k8s-w1.media-mongodb-7b64c59567-djrkf,container_cpu_user_seconds_total,1.517
1744886707,kashef-k8s-w1.nginx-thrift-79478f9bf5-d992x,container_cpu_user_seconds_total,6.46
1744886707,kashef-k8s-w1.media-memcached-7889bdfdfb-f9n92,container_cpu_user_seconds_total,0.068
1744886707,kashef-k8s-w1.post-storage-service-66c9966f5f-prqxx,container_cpu_user_seconds_total,0.243
1744886707,kashef-k8s-w1.social-graph-service-677dbc655c-wnhhr,container_cpu_user_seconds_total,0.135
1744886707,kashef-k8s-w1.social-graph-mongodb-55df767ff5-7bdxk,container_cpu_user_seconds_total,1.533
1744886707,kashef-k8s-ctl.home-timeline-redis-6c6647df6f-ws9vj,container_cpu_user_seconds_total,0.227
1744886707,kashef-k8s-w1.post-storage-memcached-6b75788fc6-qf227,container_cpu_user_seconds_total,0.062
1744886707,kashef-k8s-w1.text-service-fff64b8bf-qp8rn,container_cpu_user_seconds_total,0.118
1744886707,kashef-k8s-ctl.home-timeline-service-5754ffbc6d-2g86b,container_cpu_user_seconds_total,0.188
1744886707,kashef-k8s-ctl.jaeger-67997f9775-cdp9g,container_cpu_user_seconds_total,0.168
1744886713,kashef-k8s-w1.compose-post-service-f587bf89d-gz47k,container_cpu_user_seconds_total,0.18
1744886713,kashef-k8s-ctl.media-frontend-6b66b95ff4-kw757,container_cpu_user_seconds_total,5.779
1744886713,kashef-k8s-ctl.post-storage-mongodb-5579669d8c-m6bdp,container_cpu_user_seconds_total,1.957
1744886713,kashef-k8s-ctl.user-timeline-mongodb-6758898d48-fwnts,container_cpu_user_seconds_total,2.173
1744886713,kashef-k8s-w1.media-service-6c665c775d-nmsvf,container_cpu_user_seconds_total,0.032
1744886713,kashef-k8s-w1.media-mongodb-7b64c59567-djrkf,container_cpu_user_seconds_total,1.517
1744886713,kashef-k8s-w1.user-timeline-redis-67cc95bc57-7699c,container_cpu_user_seconds_total,0.193
1744886713,kashef-k8s-w1.post-storage-service-66c9966f5f-prqxx,container_cpu_user_seconds_total,0.243
1744886713,kashef-k8s-ctl.user-memcached-59687c864d-d4tkv,container_cpu_user_seconds_total,0.093
1744886713,kashef-k8s-ctl.user-mention-service-5c4f566c5-pxpzx,container_cpu_user_seconds_total,0.071
1744886713,kashef-k8s-ctl.unique-id-service-694497b678-kz4kq,container_cpu_user_seconds_total,0.059
1744886713,kashef-k8s-ctl.url-shorten-mongodb-57c886d5f8-g8ssb,container_cpu_user_seconds_total,1.924
1744886713,kashef-k8s-ctl.user-mongodb-7745bbd78-7njl7,container_cpu_user_seconds_total,1.8
1744886713,kashef-k8s-w1.url-shorten-service-66949ddcc4-m6qjh,container_cpu_user_seconds_total,0.123
1744886713,kashef-k8s-w1.nginx-thrift-79478f9bf5-d992x,container_cpu_user_seconds_total,6.46
1744886713,kashef-k8s-ctl.jaeger-67997f9775-cdp9g,container_cpu_user_seconds_total,0.168
1744886713,kashef-k8s-ctl.user-service-547b88cd8f-62khh,container_cpu_user_seconds_total,0.044
1744886713,kashef-k8s-ctl.home-timeline-redis-6c6647df6f-ws9vj,container_cpu_user_seconds_total,0.227
1744886713,kashef-k8s-w1.social-graph-redis-5bbd5b7458-82ltg,container_cpu_user_seconds_total,0.22
1744886713,kashef-k8s-w1.url-shorten-memcached-6546746864-4v94l,container_cpu_user_seconds_total,0.083
1744886713,kashef-k8s-ctl.home-timeline-service-5754ffbc6d-2g86b,container_cpu_user_seconds_total,0.188
1744886713,kashef-k8s-w1.media-memcached-7889bdfdfb-f9n92,container_cpu_user_seconds_total,0.068
1744886713,kashef-k8s-w1.social-graph-mongodb-55df767ff5-7bdxk,container_cpu_user_seconds_total,1.533
1744886713,kashef-k8s-w1.social-graph-service-677dbc655c-wnhhr,container_cpu_user_seconds_total,0.135
1744886713,kashef-k8s-w1.user-timeline-service-664c7f6696-768fq,container_cpu_user_seconds_total,11.185
1744886713,kashef-k8s-w1.text-service-fff64b8bf-qp8rn,container_cpu_user_seconds_total,0.118
1744886713,kashef-k8s-w1.post-storage-memcached-6b75788fc6-qf227,container_cpu_user_seconds_total,0.062
1744886719,kashef-k8s-w1.text-service-fff64b8bf-qp8rn,container_cpu_user_seconds_total,0.118
1744886719,kashef-k8s-w1.post-storage-memcached-6b75788fc6-qf227,container_cpu_user_seconds_total,0.062
1744886719,kashef-k8s-w1.media-memcached-7889bdfdfb-f9n92,container_cpu_user_seconds_total,0.068
1744886719,kashef-k8s-ctl.jaeger-67997f9775-cdp9g,container_cpu_user_seconds_total,0.168
1744886719,kashef-k8s-w1.social-graph-mongodb-55df767ff5-7bdxk,container_cpu_user_seconds_total,1.533
1744886719,kashef-k8s-ctl.home-timeline-service-5754ffbc6d-2g86b,container_cpu_user_seconds_total,0.188
1744886719,kashef-k8s-w1.social-graph-service-677dbc655c-wnhhr,container_cpu_user_seconds_total,0.135
1744886719,kashef-k8s-w1.url-shorten-memcached-6546746864-4v94l,container_cpu_user_seconds_total,0.083
1744886719,kashef-k8s-ctl.user-memcached-59687c864d-d4tkv,container_cpu_user_seconds_total,0.093
1744886719,kashef-k8s-ctl.unique-id-service-694497b678-kz4kq,container_cpu_user_seconds_total,0.06
1744886719,kashef-k8s-ctl.user-service-547b88cd8f-62khh,container_cpu_user_seconds_total,0.044
1744886719,kashef-k8s-w1.user-timeline-redis-67cc95bc57-7699c,container_cpu_user_seconds_total,0.193
1744886719,kashef-k8s-w1.post-storage-service-66c9966f5f-prqxx,container_cpu_user_seconds_total,0.243
1744886719,kashef-k8s-w1.media-mongodb-7b64c59567-djrkf,container_cpu_user_seconds_total,1.517
1744886719,kashef-k8s-ctl.url-shorten-mongodb-57c886d5f8-g8ssb,container_cpu_user_seconds_total,1.924
1744886719,kashef-k8s-w1.url-shorten-service-66949ddcc4-m6qjh,container_cpu_user_seconds_total,0.123
1744886719,kashef-k8s-w1.social-graph-redis-5bbd5b7458-82ltg,container_cpu_user_seconds_total,0.22
1744886719,kashef-k8s-w1.user-timeline-service-664c7f6696-768fq,container_cpu_user_seconds_total,11.185
1744886719,kashef-k8s-ctl.home-timeline-redis-6c6647df6f-ws9vj,container_cpu_user_seconds_total,0.273
1744886719,kashef-k8s-ctl.media-frontend-6b66b95ff4-kw757,container_cpu_user_seconds_total,5.779
1744886719,kashef-k8s-ctl.user-mongodb-7745bbd78-7njl7,container_cpu_user_seconds_total,1.8
1744886719,kashef-k8s-ctl.user-timeline-mongodb-6758898d48-fwnts,container_cpu_user_seconds_total,2.173
1744886719,kashef-k8s-w1.nginx-thrift-79478f9bf5-d992x,container_cpu_user_seconds_total,6.46
1744886719,kashef-k8s-ctl.post-storage-mongodb-5579669d8c-m6bdp,container_cpu_user_seconds_total,1.957
1744886719,kashef-k8s-w1.media-service-6c665c775d-nmsvf,container_cpu_user_seconds_total,0.032
1744886719,kashef-k8s-ctl.user-mention-service-5c4f566c5-pxpzx,container_cpu_user_seconds_total,0.077
1744886719,kashef-k8s-w1.compose-post-service-f587bf89d-gz47k,container_cpu_user_seconds_total,0.18
1744886725,kashef-k8s-w1.social-graph-service-677dbc655c-wnhhr,container_cpu_user_seconds_total,0.135
1744886725,kashef-k8s-w1.media-service-6c665c775d-nmsvf,container_cpu_user_seconds_total,0.032
1744886725,kashef-k8s-ctl.post-storage-mongodb-5579669d8c-m6bdp,container_cpu_user_seconds_total,1.957
1744886725,kashef-k8s-w1.url-shorten-memcached-6546746864-4v94l,container_cpu_user_seconds_total,0.083
1744886725,kashef-k8s-w1.social-graph-mongodb-55df767ff5-7bdxk,container_cpu_user_seconds_total,1.533
1744886725,kashef-k8s-ctl.user-memcached-59687c864d-d4tkv,container_cpu_user_seconds_total,0.093
1744886725,kashef-k8s-ctl.user-service-547b88cd8f-62khh,container_cpu_user_seconds_total,0.044
1744886725,kashef-k8s-w1.post-storage-service-66c9966f5f-prqxx,container_cpu_user_seconds_total,0.243
1744886725,kashef-k8s-ctl.unique-id-service-694497b678-kz4kq,container_cpu_user_seconds_total,0.06
1744886725,kashef-k8s-w1.url-shorten-service-66949ddcc4-m6qjh,container_cpu_user_seconds_total,0.123
1744886725,kashef-k8s-w1.social-graph-redis-5bbd5b7458-82ltg,container_cpu_user_seconds_total,0.249
1744886725,kashef-k8s-w1.media-mongodb-7b64c59567-djrkf,container_cpu_user_seconds_total,1.517
1744886725,kashef-k8s-ctl.home-timeline-service-5754ffbc6d-2g86b,container_cpu_user_seconds_total,0.217
1744886725,kashef-k8s-ctl.jaeger-67997f9775-cdp9g,container_cpu_user_seconds_total,0.181
1744886725,kashef-k8s-w1.media-memcached-7889bdfdfb-f9n92,container_cpu_user_seconds_total,0.068
1744886725,kashef-k8s-ctl.user-timeline-mongodb-6758898d48-fwnts,container_cpu_user_seconds_total,2.173
1744886725,kashef-k8s-ctl.user-mongodb-7745bbd78-7njl7,container_cpu_user_seconds_total,2.012
1744886725,kashef-k8s-w1.user-timeline-service-664c7f6696-768fq,container_cpu_user_seconds_total,12.443
1744886725,kashef-k8s-ctl.home-timeline-redis-6c6647df6f-ws9vj,container_cpu_user_seconds_total,0.273
1744886725,kashef-k8s-w1.text-service-fff64b8bf-qp8rn,container_cpu_user_seconds_total,0.123
1744886725,kashef-k8s-ctl.user-mention-service-5c4f566c5-pxpzx,container_cpu_user_seconds_total,0.077
1744886725,kashef-k8s-w1.user-timeline-redis-67cc95bc57-7699c,container_cpu_user_seconds_total,0.193
1744886725,kashef-k8s-ctl.media-frontend-6b66b95ff4-kw757,container_cpu_user_seconds_total,5.779
1744886725,kashef-k8s-w1.nginx-thrift-79478f9bf5-d992x,container_cpu_user_seconds_total,6.46
1744886725,kashef-k8s-w1.compose-post-service-f587bf89d-gz47k,container_cpu_user_seconds_total,0.18
1744886725,kashef-k8s-ctl.url-shorten-mongodb-57c886d5f8-g8ssb,container_cpu_user_seconds_total,2.113
1744886725,kashef-k8s-w1.post-storage-memcached-6b75788fc6-qf227,container_cpu_user_seconds_total,0.062
1744886731,kashef-k8s-ctl.user-mention-service-5c4f566c5-pxpzx,container_cpu_user_seconds_total,0.077
1744886731,kashef-k8s-w1.post-storage-service-66c9966f5f-prqxx,container_cpu_user_seconds_total,0.243
1744886731,kashef-k8s-ctl.post-storage-mongodb-5579669d8c-m6bdp,container_cpu_user_seconds_total,1.957
1744886731,kashef-k8s-w1.social-graph-mongodb-55df767ff5-7bdxk,container_cpu_user_seconds_total,1.533
1744886731,kashef-k8s-w1.text-service-fff64b8bf-qp8rn,container_cpu_user_seconds_total,0.123
1744886731,kashef-k8s-w1.user-timeline-service-664c7f6696-768fq,container_cpu_user_seconds_total,12.443
1744886731,kashef-k8s-ctl.media-frontend-6b66b95ff4-kw757,container_cpu_user_seconds_total,5.779
1744886731,kashef-k8s-w1.social-graph-redis-5bbd5b7458-82ltg,container_cpu_user_seconds_total,0.249
1744886731,kashef-k8s-w1.media-service-6c665c775d-nmsvf,container_cpu_user_seconds_total,0.032
1744886731,kashef-k8s-w1.url-shorten-service-66949ddcc4-m6qjh,container_cpu_user_seconds_total,0.123
1744886731,kashef-k8s-ctl.home-timeline-service-5754ffbc6d-2g86b,container_cpu_user_seconds_total,0.217
1744886731,kashef-k8s-w1.nginx-thrift-79478f9bf5-d992x,container_cpu_user_seconds_total,6.46
1744886731,kashef-k8s-ctl.user-service-547b88cd8f-62khh,container_cpu_user_seconds_total,0.044
1744886731,kashef-k8s-w1.media-mongodb-7b64c59567-djrkf,container_cpu_user_seconds_total,1.517
1744886731,kashef-k8s-ctl.jaeger-67997f9775-cdp9g,container_cpu_user_seconds_total,0.181
1744886731,kashef-k8s-w1.url-shorten-memcached-6546746864-4v94l,container_cpu_user_seconds_total,0.083
1744886731,kashef-k8s-w1.compose-post-service-f587bf89d-gz47k,container_cpu_user_seconds_total,0.181
1744886731,kashef-k8s-ctl.unique-id-service-694497b678-kz4kq,container_cpu_user_seconds_total,0.06
1744886731,kashef-k8s-ctl.user-mongodb-7745bbd78-7njl7,container_cpu_user_seconds_total,2.012
1744886731,kashef-k8s-ctl.url-shorten-mongodb-57c886d5f8-g8ssb,container_cpu_user_seconds_total,2.113
1744886731,kashef-k8s-w1.post-storage-memcached-6b75788fc6-qf227,container_cpu_user_seconds_total,0.062
1744886731,kashef-k8s-ctl.user-timeline-mongodb-6758898d48-fwnts,container_cpu_user_seconds_total,2.173
1744886731,kashef-k8s-w1.media-memcached-7889bdfdfb-f9n92,container_cpu_user_seconds_total,0.068
1744886731,kashef-k8s-w1.social-graph-service-677dbc655c-wnhhr,container_cpu_user_seconds_total,0.135
1744886731,kashef-k8s-ctl.user-memcached-59687c864d-d4tkv,container_cpu_user_seconds_total,0.093
1744886731,kashef-k8s-w1.user-timeline-redis-67cc95bc57-7699c,container_cpu_user_seconds_total,0.224
1744886731,kashef-k8s-ctl.home-timeline-redis-6c6647df6f-ws9vj,container_cpu_user_seconds_total,0.273
1744886737,kashef-k8s-w1.user-timeline-redis-67cc95bc57-7699c,container_cpu_user_seconds_total,0.224
1744886737,kashef-k8s-ctl.user-memcached-59687c864d-d4tkv,container_cpu_user_seconds_total,0.093
1744886737,kashef-k8s-w1.media-memcached-7889bdfdfb-f9n92,container_cpu_user_seconds_total,0.068
1744886737,kashef-k8s-ctl.home-timeline-redis-6c6647df6f-ws9vj,container_cpu_user_seconds_total,0.273
1744886737,kashef-k8s-w1.user-timeline-service-664c7f6696-768fq,container_cpu_user_seconds_total,12.443
1744886737,kashef-k8s-ctl.unique-id-service-694497b678-kz4kq,container_cpu_user_seconds_total,0.06
1744886737,kashef-k8s-w1.post-storage-memcached-6b75788fc6-qf227,container_cpu_user_seconds_total,0.062
1744886737,kashef-k8s-w1.social-graph-service-677dbc655c-wnhhr,container_cpu_user_seconds_total,0.135
1744886737,kashef-k8s-ctl.user-timeline-mongodb-6758898d48-fwnts,container_cpu_user_seconds_total,2.173
1744886737,kashef-k8s-w1.url-shorten-memcached-6546746864-4v94l,container_cpu_user_seconds_total,0.083
1744886737,kashef-k8s-w1.media-mongodb-7b64c59567-djrkf,container_cpu_user_seconds_total,1.517
1744886737,kashef-k8s-ctl.user-service-547b88cd8f-62khh,container_cpu_user_seconds_total,0.044
1744886737,kashef-k8s-ctl.user-mongodb-7745bbd78-7njl7,container_cpu_user_seconds_total,2.012
1744886737,kashef-k8s-w1.nginx-thrift-79478f9bf5-d992x,container_cpu_user_seconds_total,6.46
1744886737,kashef-k8s-w1.compose-post-service-f587bf89d-gz47k,container_cpu_user_seconds_total,0.181
1744886737,kashef-k8s-w1.url-shorten-service-66949ddcc4-m6qjh,container_cpu_user_seconds_total,0.123
1744886737,kashef-k8s-w1.social-graph-redis-5bbd5b7458-82ltg,container_cpu_user_seconds_total,0.249
1744886737,kashef-k8s-ctl.post-storage-mongodb-5579669d8c-m6bdp,container_cpu_user_seconds_total,1.957
1744886737,kashef-k8s-w1.text-service-fff64b8bf-qp8rn,container_cpu_user_seconds_total,0.123
1744886737,kashef-k8s-w1.social-graph-mongodb-55df767ff5-7bdxk,container_cpu_user_seconds_total,1.533
1744886737,kashef-k8s-w1.media-service-6c665c775d-nmsvf,container_cpu_user_seconds_total,0.032
1744886737,kashef-k8s-ctl.url-shorten-mongodb-57c886d5f8-g8ssb,container_cpu_user_seconds_total,2.113
1744886737,kashef-k8s-w1.post-storage-service-66c9966f5f-prqxx,container_cpu_user_seconds_total,0.243
1744886737,kashef-k8s-ctl.user-mention-service-5c4f566c5-pxpzx,container_cpu_user_seconds_total,0.077
1744886737,kashef-k8s-ctl.jaeger-67997f9775-cdp9g,container_cpu_user_seconds_total,0.183
1744886737,kashef-k8s-ctl.media-frontend-6b66b95ff4-kw757,container_cpu_user_seconds_total,5.779
1744886737,kashef-k8s-ctl.home-timeline-service-5754ffbc6d-2g86b,container_cpu_user_seconds_total,0.217
1744886743,kashef-k8s-w1.social-graph-service-677dbc655c-wnhhr,container_cpu_user_seconds_total,0.135
1744886743,kashef-k8s-w1.user-timeline-service-664c7f6696-768fq,container_cpu_user_seconds_total,12.443
1744886743,kashef-k8s-w1.post-storage-memcached-6b75788fc6-qf227,container_cpu_user_seconds_total,0.062
1744886743,kashef-k8s-ctl.user-memcached-59687c864d-d4tkv,container_cpu_user_seconds_total,0.093
1744886743,kashef-k8s-ctl.home-timeline-redis-6c6647df6f-ws9vj,container_cpu_user_seconds_total,0.273
1744886743,kashef-k8s-w1.media-mongodb-7b64c59567-djrkf,container_cpu_user_seconds_total,1.517
1744886743,kashef-k8s-ctl.user-service-547b88cd8f-62khh,container_cpu_user_seconds_total,0.044
1744886743,kashef-k8s-w1.social-graph-redis-5bbd5b7458-82ltg,container_cpu_user_seconds_total,0.249
1744886743,kashef-k8s-w1.url-shorten-memcached-6546746864-4v94l,container_cpu_user_seconds_total,0.083
1744886743,kashef-k8s-w1.nginx-thrift-79478f9bf5-d992x,container_cpu_user_seconds_total,6.46
1744886743,kashef-k8s-ctl.unique-id-service-694497b678-kz4kq,container_cpu_user_seconds_total,0.06
1744886743,kashef-k8s-ctl.user-mongodb-7745bbd78-7njl7,container_cpu_user_seconds_total,2.109
1744886743,kashef-k8s-ctl.user-timeline-mongodb-6758898d48-fwnts,container_cpu_user_seconds_total,2.371
1744886743,kashef-k8s-w1.compose-post-service-f587bf89d-gz47k,container_cpu_user_seconds_total,0.181
1744886743,kashef-k8s-w1.text-service-fff64b8bf-qp8rn,container_cpu_user_seconds_total,0.123
1744886743,kashef-k8s-w1.user-timeline-redis-67cc95bc57-7699c,container_cpu_user_seconds_total,0.224
1744886743,kashef-k8s-ctl.user-mention-service-5c4f566c5-pxpzx,container_cpu_user_seconds_total,0.077
1744886743,kashef-k8s-ctl.jaeger-67997f9775-cdp9g,container_cpu_user_seconds_total,0.183
1744886743,kashef-k8s-ctl.home-timeline-service-5754ffbc6d-2g86b,container_cpu_user_seconds_total,0.217
1744886743,kashef-k8s-w1.media-service-6c665c775d-nmsvf,container_cpu_user_seconds_total,0.032
1744886743,kashef-k8s-w1.url-shorten-service-66949ddcc4-m6qjh,container_cpu_user_seconds_total,0.123
1744886743,kashef-k8s-w1.social-graph-mongodb-55df767ff5-7bdxk,container_cpu_user_seconds_total,1.533
1744886743,kashef-k8s-ctl.post-storage-mongodb-5579669d8c-m6bdp,container_cpu_user_seconds_total,2.174
1744886743,kashef-k8s-ctl.media-frontend-6b66b95ff4-kw757,container_cpu_user_seconds_total,5.779
1744886743,kashef-k8s-ctl.url-shorten-mongodb-57c886d5f8-g8ssb,container_cpu_user_seconds_total,2.23
1744886743,kashef-k8s-w1.post-storage-service-66c9966f5f-prqxx,container_cpu_user_seconds_total,0.243
1744886743,kashef-k8s-w1.media-memcached-7889bdfdfb-f9n92,container_cpu_user_seconds_total,0.068
1744886749,kashef-k8s-ctl.user-mention-service-5c4f566c5-pxpzx,container_cpu_user_seconds_total,0.077
1744886749,kashef-k8s-ctl.home-timeline-redis-6c6647df6f-ws9vj,container_cpu_user_seconds_total,0.273
1744886749,kashef-k8s-w1.user-timeline-redis-67cc95bc57-7699c,container_cpu_user_seconds_total,0.224
1744886749,kashef-k8s-w1.media-memcached-7889bdfdfb-f9n92,container_cpu_user_seconds_total,0.068
1744886749,kashef-k8s-ctl.post-storage-mongodb-5579669d8c-m6bdp,container_cpu_user_seconds_total,2.174
1744886749,kashef-k8s-ctl.media-frontend-6b66b95ff4-kw757,container_cpu_user_seconds_total,5.779
1744886749,kashef-k8s-w1.text-service-fff64b8bf-qp8rn,container_cpu_user_seconds_total,0.123
1744886749,kashef-k8s-w1.social-graph-mongodb-55df767ff5-7bdxk,container_cpu_user_seconds_total,1.533
1744886749,kashef-k8s-w1.url-shorten-memcached-6546746864-4v94l,container_cpu_user_seconds_total,0.083
1744886749,kashef-k8s-ctl.user-timeline-mongodb-6758898d48-fwnts,container_cpu_user_seconds_total,2.371
1744886749,kashef-k8s-w1.user-timeline-service-664c7f6696-768fq,container_cpu_user_seconds_total,12.443
1744886749,kashef-k8s-w1.nginx-thrift-79478f9bf5-d992x,container_cpu_user_seconds_total,6.46
1744886749,kashef-k8s-ctl.user-service-547b88cd8f-62khh,container_cpu_user_seconds_total,0.046
1744886749,kashef-k8s-w1.social-graph-redis-5bbd5b7458-82ltg,container_cpu_user_seconds_total,0.249
1744886749,kashef-k8s-ctl.jaeger-67997f9775-cdp9g,container_cpu_user_seconds_total,0.183
1744886749,kashef-k8s-w1.media-mongodb-7b64c59567-djrkf,container_cpu_user_seconds_total,1.517
1744886749,kashef-k8s-ctl.home-timeline-service-5754ffbc6d-2g86b,container_cpu_user_seconds_total,0.217
1744886749,kashef-k8s-ctl.url-shorten-mongodb-57c886d5f8-g8ssb,container_cpu_user_seconds_total,2.23
1744886749,kashef-k8s-w1.url-shorten-service-66949ddcc4-m6qjh,container_cpu_user_seconds_total,0.123
1744886749,kashef-k8s-w1.media-service-6c665c775d-nmsvf,container_cpu_user_seconds_total,0.032
1744886749,kashef-k8s-w1.post-storage-memcached-6b75788fc6-qf227,container_cpu_user_seconds_total,0.062
1744886749,kashef-k8s-w1.post-storage-service-66c9966f5f-prqxx,container_cpu_user_seconds_total,0.243
1744886749,kashef-k8s-ctl.user-memcached-59687c864d-d4tkv,container_cpu_user_seconds_total,0.093
1744886749,kashef-k8s-w1.social-graph-service-677dbc655c-wnhhr,container_cpu_user_seconds_total,0.135
1744886749,kashef-k8s-w1.compose-post-service-f587bf89d-gz47k,container_cpu_user_seconds_total,0.181
1744886749,kashef-k8s-ctl.user-mongodb-7745bbd78-7njl7,container_cpu_user_seconds_total,2.109
1744886749,kashef-k8s-ctl.unique-id-service-694497b678-kz4kq,container_cpu_user_seconds_total,0.06
1744886755,kashef-k8s-ctl.post-storage-mongodb-5579669d8c-m6bdp,container_cpu_user_seconds_total,2.174
1744886755,kashef-k8s-ctl.home-timeline-redis-6c6647df6f-ws9vj,container_cpu_user_seconds_total,0.313
1744886755,kashef-k8s-w1.social-graph-mongodb-55df767ff5-7bdxk,container_cpu_user_seconds_total,1.533
1744886755,kashef-k8s-w1.text-service-fff64b8bf-qp8rn,container_cpu_user_seconds_total,0.123
1744886755,kashef-k8s-ctl.jaeger-67997f9775-cdp9g,container_cpu_user_seconds_total,0.183
1744886755,kashef-k8s-w1.user-timeline-service-664c7f6696-768fq,container_cpu_user_seconds_total,12.443
1744886755,kashef-k8s-ctl.user-timeline-mongodb-6758898d48-fwnts,container_cpu_user_seconds_total,2.371
1744886755,kashef-k8s-w1.social-graph-redis-5bbd5b7458-82ltg,container_cpu_user_seconds_total,0.249
1744886755,kashef-k8s-w1.url-shorten-memcached-6546746864-4v94l,container_cpu_user_seconds_total,0.083
1744886755,kashef-k8s-w1.media-mongodb-7b64c59567-djrkf,container_cpu_user_seconds_total,1.517
1744886755,kashef-k8s-ctl.media-frontend-6b66b95ff4-kw757,container_cpu_user_seconds_total,5.779
1744886755,kashef-k8s-w1.nginx-thrift-79478f9bf5-d992x,container_cpu_user_seconds_total,6.46
1744886755,kashef-k8s-ctl.user-service-547b88cd8f-62khh,container_cpu_user_seconds_total,0.046
1744886755,kashef-k8s-w1.user-timeline-redis-67cc95bc57-7699c,container_cpu_user_seconds_total,0.224
1744886755,kashef-k8s-ctl.user-memcached-59687c864d-d4tkv,container_cpu_user_seconds_total,0.098
1744886755,kashef-k8s-ctl.user-mention-service-5c4f566c5-pxpzx,container_cpu_user_seconds_total,0.077
1744886755,kashef-k8s-w1.post-storage-memcached-6b75788fc6-qf227,container_cpu_user_seconds_total,0.062
1744886755,kashef-k8s-ctl.home-timeline-service-5754ffbc6d-2g86b,container_cpu_user_seconds_total,0.217
1744886755,kashef-k8s-w1.url-shorten-service-66949ddcc4-m6qjh,container_cpu_user_seconds_total,0.123
1744886755,kashef-k8s-ctl.unique-id-service-694497b678-kz4kq,container_cpu_user_seconds_total,0.06
1744886755,kashef-k8s-w1.compose-post-service-f587bf89d-gz47k,container_cpu_user_seconds_total,0.181
1744886755,kashef-k8s-w1.media-service-6c665c775d-nmsvf,container_cpu_user_seconds_total,0.032
1744886755,kashef-k8s-ctl.user-mongodb-7745bbd78-7njl7,container_cpu_user_seconds_total,2.109
1744886755,kashef-k8s-ctl.url-shorten-mongodb-57c886d5f8-g8ssb,container_cpu_user_seconds_total,2.23
1744886755,kashef-k8s-w1.post-storage-service-66c9966f5f-prqxx,container_cpu_user_seconds_total,0.243
1744886755,kashef-k8s-w1.social-graph-service-677dbc655c-wnhhr,container_cpu_user_seconds_total,0.135
1744886755,kashef-k8s-w1.media-memcached-7889bdfdfb-f9n92,container_cpu_user_seconds_total,0.068
1744886761,kashef-k8s-w1.media-memcached-7889bdfdfb-f9n92,container_cpu_user_seconds_total,0.068
1744886761,kashef-k8s-w1.compose-post-service-f587bf89d-gz47k,container_cpu_user_seconds_total,0.181
1744886761,kashef-k8s-ctl.user-timeline-mongodb-6758898d48-fwnts,container_cpu_user_seconds_total,2.371
1744886761,kashef-k8s-w1.social-graph-service-677dbc655c-wnhhr,container_cpu_user_seconds_total,0.136
1744886761,kashef-k8s-ctl.media-frontend-6b66b95ff4-kw757,container_cpu_user_seconds_total,5.779
1744886761,kashef-k8s-w1.user-timeline-redis-67cc95bc57-7699c,container_cpu_user_seconds_total,0.263
1744886761,kashef-k8s-w1.url-shorten-memcached-6546746864-4v94l,container_cpu_user_seconds_total,0.083
1744886761,kashef-k8s-w1.social-graph-mongodb-55df767ff5-7bdxk,container_cpu_user_seconds_total,1.533
1744886761,kashef-k8s-ctl.url-shorten-mongodb-57c886d5f8-g8ssb,container_cpu_user_seconds_total,2.23
1744886761,kashef-k8s-ctl.user-mongodb-7745bbd78-7njl7,container_cpu_user_seconds_total,2.109
1744886761,kashef-k8s-ctl.unique-id-service-694497b678-kz4kq,container_cpu_user_seconds_total,0.06
1744886761,kashef-k8s-w1.user-timeline-service-664c7f6696-768fq,container_cpu_user_seconds_total,12.443
1744886761,kashef-k8s-ctl.user-service-547b88cd8f-62khh,container_cpu_user_seconds_total,0.046
1744886761,kashef-k8s-ctl.home-timeline-service-5754ffbc6d-2g86b,container_cpu_user_seconds_total,0.217
1744886761,kashef-k8s-w1.text-service-fff64b8bf-qp8rn,container_cpu_user_seconds_total,0.123
1744886761,kashef-k8s-w1.url-shorten-service-66949ddcc4-m6qjh,container_cpu_user_seconds_total,0.123
1744886761,kashef-k8s-w1.nginx-thrift-79478f9bf5-d992x,container_cpu_user_seconds_total,6.46
1744886761,kashef-k8s-ctl.home-timeline-redis-6c6647df6f-ws9vj,container_cpu_user_seconds_total,0.313
1744886761,kashef-k8s-ctl.jaeger-67997f9775-cdp9g,container_cpu_user_seconds_total,0.183
1744886761,kashef-k8s-w1.media-mongodb-7b64c59567-djrkf,container_cpu_user_seconds_total,1.517
1744886761,kashef-k8s-w1.media-service-6c665c775d-nmsvf,container_cpu_user_seconds_total,0.032
1744886761,kashef-k8s-ctl.post-storage-mongodb-5579669d8c-m6bdp,container_cpu_user_seconds_total,2.174
1744886761,kashef-k8s-w1.social-graph-redis-5bbd5b7458-82ltg,container_cpu_user_seconds_total,0.286
1744886761,kashef-k8s-w1.post-storage-service-66c9966f5f-prqxx,container_cpu_user_seconds_total,0.243
1744886761,kashef-k8s-ctl.user-mention-service-5c4f566c5-pxpzx,container_cpu_user_seconds_total,0.077
1744886761,kashef-k8s-w1.post-storage-memcached-6b75788fc6-qf227,container_cpu_user_seconds_total,0.062
1744886761,kashef-k8s-ctl.user-memcached-59687c864d-d4tkv,container_cpu_user_seconds_total,0.098
1744886767,kashef-k8s-w1.user-timeline-redis-67cc95bc57-7699c,container_cpu_user_seconds_total,0.263
1744886767,kashef-k8s-w1.post-storage-memcached-6b75788fc6-qf227,container_cpu_user_seconds_total,0.062
1744886767,kashef-k8s-w1.post-storage-service-66c9966f5f-prqxx,container_cpu_user_seconds_total,0.243
1744886767,kashef-k8s-ctl.user-memcached-59687c864d-d4tkv,container_cpu_user_seconds_total,0.098
1744886767,kashef-k8s-w1.media-memcached-7889bdfdfb-f9n92,container_cpu_user_seconds_total,0.068
1744886767,kashef-k8s-w1.url-shorten-service-66949ddcc4-m6qjh,container_cpu_user_seconds_total,0.123
1744886767,kashef-k8s-ctl.post-storage-mongodb-5579669d8c-m6bdp,container_cpu_user_seconds_total,2.174
1744886767,kashef-k8s-ctl.user-service-547b88cd8f-62khh,container_cpu_user_seconds_total,0.046
1744886767,kashef-k8s-w1.nginx-thrift-79478f9bf5-d992x,container_cpu_user_seconds_total,6.46
1744886767,kashef-k8s-w1.compose-post-service-f587bf89d-gz47k,container_cpu_user_seconds_total,0.181
1744886767,kashef-k8s-ctl.home-timeline-service-5754ffbc6d-2g86b,container_cpu_user_seconds_total,0.217
1744886767,kashef-k8s-ctl.user-mongodb-7745bbd78-7njl7,container_cpu_user_seconds_total,2.109
1744886767,kashef-k8s-ctl.jaeger-67997f9775-cdp9g,container_cpu_user_seconds_total,0.183
1744886767,kashef-k8s-w1.media-service-6c665c775d-nmsvf,container_cpu_user_seconds_total,0.032
1744886767,kashef-k8s-ctl.home-timeline-redis-6c6647df6f-ws9vj,container_cpu_user_seconds_total,0.313
1744886767,kashef-k8s-w1.text-service-fff64b8bf-qp8rn,container_cpu_user_seconds_total,0.123
1744886767,kashef-k8s-w1.media-mongodb-7b64c59567-djrkf,container_cpu_user_seconds_total,1.517
1744886767,kashef-k8s-w1.social-graph-mongodb-55df767ff5-7bdxk,container_cpu_user_seconds_total,1.533
1744886767,kashef-k8s-w1.social-graph-redis-5bbd5b7458-82ltg,container_cpu_user_seconds_total,0.286
1744886767,kashef-k8s-w1.url-shorten-memcached-6546746864-4v94l,container_cpu_user_seconds_total,0.083
1744886767,kashef-k8s-ctl.user-timeline-mongodb-6758898d48-fwnts,container_cpu_user_seconds_total,2.499
1744886767,kashef-k8s-ctl.user-mention-service-5c4f566c5-pxpzx,container_cpu_user_seconds_total,0.077
1744886767,kashef-k8s-w1.social-graph-service-677dbc655c-wnhhr,container_cpu_user_seconds_total,0.136
1744886767,kashef-k8s-ctl.media-frontend-6b66b95ff4-kw757,container_cpu_user_seconds_total,5.779
1744886767,kashef-k8s-w1.user-timeline-service-664c7f6696-768fq,container_cpu_user_seconds_total,12.443
1744886767,kashef-k8s-ctl.unique-id-service-694497b678-kz4kq,container_cpu_user_seconds_total,0.06
1744886767,kashef-k8s-ctl.url-shorten-mongodb-57c886d5f8-g8ssb,container_cpu_user_seconds_total,2.23
1744886773,kashef-k8s-w1.compose-post-service-f587bf89d-gz47k,container_cpu_user_seconds_total,0.181
1744886773,kashef-k8s-w1.media-mongodb-7b64c59567-djrkf,container_cpu_user_seconds_total,1.517
1744886773,kashef-k8s-ctl.post-storage-mongodb-5579669d8c-m6bdp,container_cpu_user_seconds_total,2.174
1744886773,kashef-k8s-ctl.home-timeline-service-5754ffbc6d-2g86b,container_cpu_user_seconds_total,0.217
1744886773,kashef-k8s-w1.user-timeline-redis-67cc95bc57-7699c,container_cpu_user_seconds_total,0.263
1744886773,kashef-k8s-ctl.home-timeline-redis-6c6647df6f-ws9vj,container_cpu_user_seconds_total,0.313
1744886773,kashef-k8s-w1.social-graph-service-677dbc655c-wnhhr,container_cpu_user_seconds_total,0.136
1744886773,kashef-k8s-w1.post-storage-memcached-6b75788fc6-qf227,container_cpu_user_seconds_total,0.062
1744886773,kashef-k8s-ctl.media-frontend-6b66b95ff4-kw757,container_cpu_user_seconds_total,5.779
1744886773,kashef-k8s-ctl.user-mongodb-7745bbd78-7njl7,container_cpu_user_seconds_total,2.109
1744886773,kashef-k8s-ctl.user-service-547b88cd8f-62khh,container_cpu_user_seconds_total,0.046
1744886773,kashef-k8s-w1.url-shorten-service-66949ddcc4-m6qjh,container_cpu_user_seconds_total,0.123
1744886773,kashef-k8s-w1.media-service-6c665c775d-nmsvf,container_cpu_user_seconds_total,0.032
1744886773,kashef-k8s-w1.media-memcached-7889bdfdfb-f9n92,container_cpu_user_seconds_total,0.068
1744886773,kashef-k8s-w1.post-storage-service-66c9966f5f-prqxx,container_cpu_user_seconds_total,0.243
1744886773,kashef-k8s-ctl.user-mention-service-5c4f566c5-pxpzx,container_cpu_user_seconds_total,0.077
1744886773,kashef-k8s-ctl.user-memcached-59687c864d-d4tkv,container_cpu_user_seconds_total,0.098
1744886773,kashef-k8s-w1.social-graph-mongodb-55df767ff5-7bdxk,container_cpu_user_seconds_total,1.533
1744886773,kashef-k8s-w1.user-timeline-service-664c7f6696-768fq,container_cpu_user_seconds_total,12.443
1744886773,kashef-k8s-ctl.url-shorten-mongodb-57c886d5f8-g8ssb,container_cpu_user_seconds_total,2.378
1744886773,kashef-k8s-ctl.unique-id-service-694497b678-kz4kq,container_cpu_user_seconds_total,0.06
1744886773,kashef-k8s-ctl.jaeger-67997f9775-cdp9g,container_cpu_user_seconds_total,0.183
1744886773,kashef-k8s-w1.nginx-thrift-79478f9bf5-d992x,container_cpu_user_seconds_total,6.46
1744886773,kashef-k8s-w1.url-shorten-memcached-6546746864-4v94l,container_cpu_user_seconds_total,0.083
1744886773,kashef-k8s-w1.social-graph-redis-5bbd5b7458-82ltg,container_cpu_user_seconds_total,0.286
1744886773,kashef-k8s-ctl.user-timeline-mongodb-6758898d48-fwnts,container_cpu_user_seconds_total,2.499
1744886773,kashef-k8s-w1.text-service-fff64b8bf-qp8rn,container_cpu_user_seconds_total,0.123
1744886779,kashef-k8s-w1.media-memcached-7889bdfdfb-f9n92,container_cpu_user_seconds_total,0.068
1744886779,kashef-k8s-w1.social-graph-redis-5bbd5b7458-82ltg,container_cpu_user_seconds_total,0.286
1744886779,kashef-k8s-w1.nginx-thrift-79478f9bf5-d992x,container_cpu_user_seconds_total,6.46
1744886779,kashef-k8s-w1.user-timeline-redis-67cc95bc57-7699c,container_cpu_user_seconds_total,0.263
1744886779,kashef-k8s-w1.media-mongodb-7b64c59567-djrkf,container_cpu_user_seconds_total,1.517
1744886779,kashef-k8s-ctl.unique-id-service-694497b678-kz4kq,container_cpu_user_seconds_total,0.06
1744886779,kashef-k8s-ctl.media-frontend-6b66b95ff4-kw757,container_cpu_user_seconds_total,5.779
1744886779,kashef-k8s-ctl.jaeger-67997f9775-cdp9g,container_cpu_user_seconds_total,0.193
1744886779,kashef-k8s-w1.url-shorten-memcached-6546746864-4v94l,container_cpu_user_seconds_total,0.083
1744886779,kashef-k8s-w1.compose-post-service-f587bf89d-gz47k,container_cpu_user_seconds_total,0.181
1744886779,kashef-k8s-ctl.home-timeline-service-5754ffbc6d-2g86b,container_cpu_user_seconds_total,0.217
1744886779,kashef-k8s-w1.social-graph-mongodb-55df767ff5-7bdxk,container_cpu_user_seconds_total,1.533
1744886779,kashef-k8s-ctl.url-shorten-mongodb-57c886d5f8-g8ssb,container_cpu_user_seconds_total,2.378
1744886779,kashef-k8s-ctl.user-mongodb-7745bbd78-7njl7,container_cpu_user_seconds_total,2.109
1744886779,kashef-k8s-w1.media-service-6c665c775d-nmsvf,container_cpu_user_seconds_total,0.032
1744886779,kashef-k8s-w1.user-timeline-service-664c7f6696-768fq,container_cpu_user_seconds_total,12.443
1744886779,kashef-k8s-ctl.post-storage-mongodb-5579669d8c-m6bdp,container_cpu_user_seconds_total,2.359
1744886779,kashef-k8s-ctl.user-service-547b88cd8f-62khh,container_cpu_user_seconds_total,0.047
1744886779,kashef-k8s-w1.text-service-fff64b8bf-qp8rn,container_cpu_user_seconds_total,0.123
1744886779,kashef-k8s-ctl.home-timeline-redis-6c6647df6f-ws9vj,container_cpu_user_seconds_total,0.347
1744886779,kashef-k8s-ctl.user-timeline-mongodb-6758898d48-fwnts,container_cpu_user_seconds_total,2.499
1744886779,kashef-k8s-w1.post-storage-memcached-6b75788fc6-qf227,container_cpu_user_seconds_total,0.062
1744886779,kashef-k8s-w1.url-shorten-service-66949ddcc4-m6qjh,container_cpu_user_seconds_total,0.124
1744886779,kashef-k8s-w1.post-storage-service-66c9966f5f-prqxx,container_cpu_user_seconds_total,0.243
1744886779,kashef-k8s-ctl.user-mention-service-5c4f566c5-pxpzx,container_cpu_user_seconds_total,0.077
1744886779,kashef-k8s-ctl.user-memcached-59687c864d-d4tkv,container_cpu_user_seconds_total,0.098
1744886779,kashef-k8s-w1.social-graph-service-677dbc655c-wnhhr,container_cpu_user_seconds_total,0.136
1744886785,kashef-k8s-w1.url-shorten-memcached-6546746864-4v94l,container_cpu_user_seconds_total,0.083
1744886785,kashef-k8s-w1.social-graph-redis-5bbd5b7458-82ltg,container_cpu_user_seconds_total,0.286
1744886785,kashef-k8s-w1.media-memcached-7889bdfdfb-f9n92,container_cpu_user_seconds_total,0.068
1744886785,kashef-k8s-w1.media-mongodb-7b64c59567-djrkf,container_cpu_user_seconds_total,1.517
1744886785,kashef-k8s-ctl.user-service-547b88cd8f-62khh,container_cpu_user_seconds_total,0.047
1744886785,kashef-k8s-w1.social-graph-mongodb-55df767ff5-7bdxk,container_cpu_user_seconds_total,1.533
1744886785,kashef-k8s-ctl.home-timeline-service-5754ffbc6d-2g86b,container_cpu_user_seconds_total,0.217
1744886785,kashef-k8s-ctl.jaeger-67997f9775-cdp9g,container_cpu_user_seconds_total,0.193
1744886785,kashef-k8s-ctl.user-mongodb-7745bbd78-7njl7,container_cpu_user_seconds_total,2.305
1744886785,kashef-k8s-w1.compose-post-service-f587bf89d-gz47k,container_cpu_user_seconds_total,0.181
1744886785,kashef-k8s-ctl.media-frontend-6b66b95ff4-kw757,container_cpu_user_seconds_total,5.779
1744886785,kashef-k8s-ctl.url-shorten-mongodb-57c886d5f8-g8ssb,container_cpu_user_seconds_total,2.378
1744886785,kashef-k8s-w1.user-timeline-service-664c7f6696-768fq,container_cpu_user_seconds_total,12.443
1744886785,kashef-k8s-ctl.unique-id-service-694497b678-kz4kq,container_cpu_user_seconds_total,0.06
1744886785,kashef-k8s-w1.post-storage-memcached-6b75788fc6-qf227,container_cpu_user_seconds_total,0.062
1744886785,kashef-k8s-w1.url-shorten-service-66949ddcc4-m6qjh,container_cpu_user_seconds_total,0.124
1744886785,kashef-k8s-ctl.post-storage-mongodb-5579669d8c-m6bdp,container_cpu_user_seconds_total,2.359
1744886785,kashef-k8s-ctl.user-timeline-mongodb-6758898d48-fwnts,container_cpu_user_seconds_total,2.499
1744886785,kashef-k8s-ctl.user-memcached-59687c864d-d4tkv,container_cpu_user_seconds_total,0.105
1744886785,kashef-k8s-w1.social-graph-service-677dbc655c-wnhhr,container_cpu_user_seconds_total,0.136
1744886785,kashef-k8s-w1.nginx-thrift-79478f9bf5-d992x,container_cpu_user_seconds_total,6.46
1744886785,kashef-k8s-w1.user-timeline-redis-67cc95bc57-7699c,container_cpu_user_seconds_total,0.263
1744886785,kashef-k8s-w1.text-service-fff64b8bf-qp8rn,container_cpu_user_seconds_total,0.123
1744886785,kashef-k8s-ctl.home-timeline-redis-6c6647df6f-ws9vj,container_cpu_user_seconds_total,0.347
1744886785,kashef-k8s-w1.media-service-6c665c775d-nmsvf,container_cpu_user_seconds_total,0.032
1744886785,kashef-k8s-w1.post-storage-service-66c9966f5f-prqxx,container_cpu_user_seconds_total,0.243
1744886785,kashef-k8s-ctl.user-mention-service-5c4f566c5-pxpzx,container_cpu_user_seconds_total,0.077
1744886791,kashef-k8s-ctl.home-timeline-redis-6c6647df6f-ws9vj,container_cpu_user_seconds_total,0.347
1744886791,kashef-k8s-w1.social-graph-redis-5bbd5b7458-82ltg,container_cpu_user_seconds_total,0.292
1744886791,kashef-k8s-w1.text-service-fff64b8bf-qp8rn,container_cpu_user_seconds_total,0.123
1744886791,kashef-k8s-ctl.user-timeline-mongodb-6758898d48-fwnts,container_cpu_user_seconds_total,2.499
1744886791,kashef-k8s-w1.post-storage-service-66c9966f5f-prqxx,container_cpu_user_seconds_total,0.243
1744886791,kashef-k8s-ctl.user-memcached-59687c864d-d4tkv,container_cpu_user_seconds_total,0.105
1744886791,kashef-k8s-ctl.url-shorten-mongodb-57c886d5f8-g8ssb,container_cpu_user_seconds_total,2.378
1744886791,kashef-k8s-w1.url-shorten-service-66949ddcc4-m6qjh,container_cpu_user_seconds_total,0.124
1744886791,kashef-k8s-w1.social-graph-service-677dbc655c-wnhhr,container_cpu_user_seconds_total,0.136
1744886791,kashef-k8s-w1.post-storage-memcached-6b75788fc6-qf227,container_cpu_user_seconds_total,0.062
1744886791,kashef-k8s-ctl.home-timeline-service-5754ffbc6d-2g86b,container_cpu_user_seconds_total,0.217
1744886791,kashef-k8s-w1.social-graph-mongodb-55df767ff5-7bdxk,container_cpu_user_seconds_total,1.533
1744886791,kashef-k8s-ctl.user-mongodb-7745bbd78-7njl7,container_cpu_user_seconds_total,2.305
1744886791,kashef-k8s-ctl.unique-id-service-694497b678-kz4kq,container_cpu_user_seconds_total,0.06
1744886791,kashef-k8s-w1.media-mongodb-7b64c59567-djrkf,container_cpu_user_seconds_total,1.517
1744886791,kashef-k8s-w1.nginx-thrift-79478f9bf5-d992x,container_cpu_user_seconds_total,6.46
1744886791,kashef-k8s-w1.url-shorten-memcached-6546746864-4v94l,container_cpu_user_seconds_total,0.083
1744886791,kashef-k8s-w1.user-timeline-service-664c7f6696-768fq,container_cpu_user_seconds_total,12.443
1744886791,kashef-k8s-ctl.post-storage-mongodb-5579669d8c-m6bdp,container_cpu_user_seconds_total,2.359
1744886791,kashef-k8s-w1.compose-post-service-f587bf89d-gz47k,container_cpu_user_seconds_total,0.181
1744886791,kashef-k8s-ctl.jaeger-67997f9775-cdp9g,container_cpu_user_seconds_total,0.193
1744886791,kashef-k8s-ctl.media-frontend-6b66b95ff4-kw757,container_cpu_user_seconds_total,5.779
1744886791,kashef-k8s-ctl.user-service-547b88cd8f-62khh,container_cpu_user_seconds_total,0.047
1744886791,kashef-k8s-w1.media-memcached-7889bdfdfb-f9n92,container_cpu_user_seconds_total,0.068
1744886791,kashef-k8s-w1.media-service-6c665c775d-nmsvf,container_cpu_user_seconds_total,0.032
1744886791,kashef-k8s-ctl.user-mention-service-5c4f566c5-pxpzx,container_cpu_user_seconds_total,0.077
1744886791,kashef-k8s-w1.user-timeline-redis-67cc95bc57-7699c,container_cpu_user_seconds_total,0.291
1744886797,kashef-k8s-ctl.media-frontend-6b66b95ff4-kw757,container_cpu_user_seconds_total,5.779
1744886797,kashef-k8s-w1.social-graph-service-677dbc655c-wnhhr,container_cpu_user_seconds_total,0.136
1744886797,kashef-k8s-ctl.user-memcached-59687c864d-d4tkv,container_cpu_user_seconds_total,0.105
1744886797,kashef-k8s-w1.url-shorten-service-66949ddcc4-m6qjh,container_cpu_user_seconds_total,0.124
1744886797,kashef-k8s-w1.post-storage-memcached-6b75788fc6-qf227,container_cpu_user_seconds_total,0.062
1744886797,kashef-k8s-w1.user-timeline-redis-67cc95bc57-7699c,container_cpu_user_seconds_total,0.291
1744886797,kashef-k8s-ctl.home-timeline-service-5754ffbc6d-2g86b,container_cpu_user_seconds_total,0.217
1744886797,kashef-k8s-ctl.post-storage-mongodb-5579669d8c-m6bdp,container_cpu_user_seconds_total,2.359
1744886797,kashef-k8s-w1.social-graph-mongodb-55df767ff5-7bdxk,container_cpu_user_seconds_total,1.533
1744886797,kashef-k8s-w1.media-service-6c665c775d-nmsvf,container_cpu_user_seconds_total,0.032
1744886797,kashef-k8s-ctl.user-service-547b88cd8f-62khh,container_cpu_user_seconds_total,0.047
1744886797,kashef-k8s-ctl.jaeger-67997f9775-cdp9g,container_cpu_user_seconds_total,0.193
1744886797,kashef-k8s-w1.compose-post-service-f587bf89d-gz47k,container_cpu_user_seconds_total,0.181
1744886797,kashef-k8s-w1.social-graph-redis-5bbd5b7458-82ltg,container_cpu_user_seconds_total,0.292
1744886797,kashef-k8s-ctl.url-shorten-mongodb-57c886d5f8-g8ssb,container_cpu_user_seconds_total,2.378
1744886797,kashef-k8s-ctl.user-mongodb-7745bbd78-7njl7,container_cpu_user_seconds_total,2.305
1744886797,kashef-k8s-ctl.unique-id-service-694497b678-kz4kq,container_cpu_user_seconds_total,0.06
1744886797,kashef-k8s-w1.url-shorten-memcached-6546746864-4v94l,container_cpu_user_seconds_total,0.083
1744886797,kashef-k8s-w1.nginx-thrift-79478f9bf5-d992x,container_cpu_user_seconds_total,6.46
1744886797,kashef-k8s-w1.user-timeline-service-664c7f6696-768fq,container_cpu_user_seconds_total,12.443
1744886797,kashef-k8s-w1.media-mongodb-7b64c59567-djrkf,container_cpu_user_seconds_total,1.517
1744886797,kashef-k8s-ctl.home-timeline-redis-6c6647df6f-ws9vj,container_cpu_user_seconds_total,0.376
1744886797,kashef-k8s-ctl.user-mention-service-5c4f566c5-pxpzx,container_cpu_user_seconds_total,0.077
1744886797,kashef-k8s-w1.media-memcached-7889bdfdfb-f9n92,container_cpu_user_seconds_total,0.068
1744886797,kashef-k8s-w1.post-storage-service-66c9966f5f-prqxx,container_cpu_user_seconds_total,0.243
1744886797,kashef-k8s-w1.text-service-fff64b8bf-qp8rn,container_cpu_user_seconds_total,0.123
1744886797,kashef-k8s-ctl.user-timeline-mongodb-6758898d48-fwnts,container_cpu_user_seconds_total,2.499
1744886803,kashef-k8s-w1.user-timeline-service-664c7f6696-768fq,container_cpu_user_seconds_total,12.443
1744886803,kashef-k8s-ctl.user-mention-service-5c4f566c5-pxpzx,container_cpu_user_seconds_total,0.077
1744886803,kashef-k8s-w1.nginx-thrift-79478f9bf5-d992x,container_cpu_user_seconds_total,6.46
1744886803,kashef-k8s-ctl.home-timeline-redis-6c6647df6f-ws9vj,container_cpu_user_seconds_total,0.376
1744886803,kashef-k8s-ctl.media-frontend-6b66b95ff4-kw757,container_cpu_user_seconds_total,5.779
1744886803,kashef-k8s-w1.media-mongodb-7b64c59567-djrkf,container_cpu_user_seconds_total,1.517
1744886803,kashef-k8s-ctl.unique-id-service-694497b678-kz4kq,container_cpu_user_seconds_total,0.06
1744886803,kashef-k8s-ctl.user-mongodb-7745bbd78-7njl7,container_cpu_user_seconds_total,2.414
1744886803,kashef-k8s-w1.post-storage-memcached-6b75788fc6-qf227,container_cpu_user_seconds_total,0.062
1744886803,kashef-k8s-ctl.jaeger-67997f9775-cdp9g,container_cpu_user_seconds_total,0.193
1744886803,kashef-k8s-ctl.user-service-547b88cd8f-62khh,container_cpu_user_seconds_total,0.048
1744886803,kashef-k8s-ctl.url-shorten-mongodb-57c886d5f8-g8ssb,container_cpu_user_seconds_total,2.536
1744886803,kashef-k8s-w1.url-shorten-memcached-6546746864-4v94l,container_cpu_user_seconds_total,0.083
1744886803,kashef-k8s-w1.social-graph-redis-5bbd5b7458-82ltg,container_cpu_user_seconds_total,0.292
1744886803,kashef-k8s-ctl.post-storage-mongodb-5579669d8c-m6bdp,container_cpu_user_seconds_total,2.359
1744886803,kashef-k8s-w1.social-graph-mongodb-55df767ff5-7bdxk,container_cpu_user_seconds_total,1.533
1744886803,kashef-k8s-ctl.home-timeline-service-5754ffbc6d-2g86b,container_cpu_user_seconds_total,0.217
1744886803,kashef-k8s-w1.social-graph-service-677dbc655c-wnhhr,container_cpu_user_seconds_total,0.136
1744886803,kashef-k8s-w1.media-memcached-7889bdfdfb-f9n92,container_cpu_user_seconds_total,0.068
1744886803,kashef-k8s-w1.text-service-fff64b8bf-qp8rn,container_cpu_user_seconds_total,0.123
1744886803,kashef-k8s-w1.post-storage-service-66c9966f5f-prqxx,container_cpu_user_seconds_total,0.243
1744886803,kashef-k8s-ctl.user-timeline-mongodb-6758898d48-fwnts,container_cpu_user_seconds_total,2.707
1744886803,kashef-k8s-w1.compose-post-service-f587bf89d-gz47k,container_cpu_user_seconds_total,0.181
1744886803,kashef-k8s-w1.url-shorten-service-66949ddcc4-m6qjh,container_cpu_user_seconds_total,0.124
1744886803,kashef-k8s-w1.media-service-6c665c775d-nmsvf,container_cpu_user_seconds_total,0.032
1744886803,kashef-k8s-w1.user-timeline-redis-67cc95bc57-7699c,container_cpu_user_seconds_total,0.291
1744886803,kashef-k8s-ctl.user-memcached-59687c864d-d4tkv,container_cpu_user_seconds_total,0.107
1744886809,kashef-k8s-ctl.home-timeline-redis-6c6647df6f-ws9vj,container_cpu_user_seconds_total,0.376
1744886809,kashef-k8s-w1.media-mongodb-7b64c59567-djrkf,container_cpu_user_seconds_total,1.517
1744886809,kashef-k8s-ctl.media-frontend-6b66b95ff4-kw757,container_cpu_user_seconds_total,5.779
1744886809,kashef-k8s-w1.text-service-fff64b8bf-qp8rn,container_cpu_user_seconds_total,0.123
1744886809,kashef-k8s-ctl.user-timeline-mongodb-6758898d48-fwnts,container_cpu_user_seconds_total,2.707
1744886809,kashef-k8s-w1.post-storage-memcached-6b75788fc6-qf227,container_cpu_user_seconds_total,0.062
1744886809,kashef-k8s-w1.url-shorten-service-66949ddcc4-m6qjh,container_cpu_user_seconds_total,0.125
1744886809,kashef-k8s-ctl.user-service-547b88cd8f-62khh,container_cpu_user_seconds_total,0.048
1744886809,kashef-k8s-ctl.jaeger-67997f9775-cdp9g,container_cpu_user_seconds_total,0.21
1744886809,kashef-k8s-ctl.url-shorten-mongodb-57c886d5f8-g8ssb,container_cpu_user_seconds_total,2.536
1744886809,kashef-k8s-ctl.user-mongodb-7745bbd78-7njl7,container_cpu_user_seconds_total,2.414
1744886809,kashef-k8s-ctl.unique-id-service-694497b678-kz4kq,container_cpu_user_seconds_total,0.06
1744886809,kashef-k8s-w1.url-shorten-memcached-6546746864-4v94l,container_cpu_user_seconds_total,0.083
1744886809,kashef-k8s-w1.user-timeline-redis-67cc95bc57-7699c,container_cpu_user_seconds_total,0.291
1744886809,kashef-k8s-w1.post-storage-service-66c9966f5f-prqxx,container_cpu_user_seconds_total,0.243
1744886809,kashef-k8s-w1.social-graph-redis-5bbd5b7458-82ltg,container_cpu_user_seconds_total,0.292
1744886809,kashef-k8s-w1.user-timeline-service-664c7f6696-768fq,container_cpu_user_seconds_total,12.443
1744886809,kashef-k8s-w1.nginx-thrift-79478f9bf5-d992x,container_cpu_user_seconds_total,6.46
1744886809,kashef-k8s-w1.social-graph-service-677dbc655c-wnhhr,container_cpu_user_seconds_total,0.136
1744886809,kashef-k8s-ctl.post-storage-mongodb-5579669d8c-m6bdp,container_cpu_user_seconds_total,2.508
1744886809,kashef-k8s-w1.media-service-6c665c775d-nmsvf,container_cpu_user_seconds_total,0.032
1744886809,kashef-k8s-w1.media-memcached-7889bdfdfb-f9n92,container_cpu_user_seconds_total,0.068
1744886809,kashef-k8s-ctl.user-memcached-59687c864d-d4tkv,container_cpu_user_seconds_total,0.107
1744886809,kashef-k8s-ctl.home-timeline-service-5754ffbc6d-2g86b,container_cpu_user_seconds_total,0.217
1744886809,kashef-k8s-ctl.user-mention-service-5c4f566c5-pxpzx,container_cpu_user_seconds_total,0.077
1744886809,kashef-k8s-w1.social-graph-mongodb-55df767ff5-7bdxk,container_cpu_user_seconds_total,1.533
1744886809,kashef-k8s-w1.compose-post-service-f587bf89d-gz47k,container_cpu_user_seconds_total,0.181
1744886815,kashef-k8s-w1.user-timeline-redis-67cc95bc57-7699c,container_cpu_user_seconds_total,0.291
1744886815,kashef-k8s-w1.post-storage-memcached-6b75788fc6-qf227,container_cpu_user_seconds_total,0.062
1744886815,kashef-k8s-ctl.user-mongodb-7745bbd78-7njl7,container_cpu_user_seconds_total,2.414
1744886815,kashef-k8s-w1.url-shorten-memcached-6546746864-4v94l,container_cpu_user_seconds_total,0.083
1744886815,kashef-k8s-ctl.unique-id-service-694497b678-kz4kq,container_cpu_user_seconds_total,0.06
1744886815,kashef-k8s-ctl.user-service-547b88cd8f-62khh,container_cpu_user_seconds_total,0.048
1744886815,kashef-k8s-w1.media-service-6c665c775d-nmsvf,container_cpu_user_seconds_total,0.032
1744886815,kashef-k8s-w1.social-graph-mongodb-55df767ff5-7bdxk,container_cpu_user_seconds_total,1.533
1744886815,kashef-k8s-w1.user-timeline-service-664c7f6696-768fq,container_cpu_user_seconds_total,12.443
1744886815,kashef-k8s-w1.text-service-fff64b8bf-qp8rn,container_cpu_user_seconds_total,0.123
1744886815,kashef-k8s-ctl.url-shorten-mongodb-57c886d5f8-g8ssb,container_cpu_user_seconds_total,2.536
1744886815,kashef-k8s-w1.media-mongodb-7b64c59567-djrkf,container_cpu_user_seconds_total,1.517
1744886815,kashef-k8s-ctl.user-mention-service-5c4f566c5-pxpzx,container_cpu_user_seconds_total,0.077
1744886815,kashef-k8s-ctl.post-storage-mongodb-5579669d8c-m6bdp,container_cpu_user_seconds_total,2.508
1744886815,kashef-k8s-ctl.jaeger-67997f9775-cdp9g,container_cpu_user_seconds_total,0.21
1744886815,kashef-k8s-w1.url-shorten-service-66949ddcc4-m6qjh,container_cpu_user_seconds_total,0.125
1744886815,kashef-k8s-ctl.media-frontend-6b66b95ff4-kw757,container_cpu_user_seconds_total,5.779
1744886815,kashef-k8s-w1.nginx-thrift-79478f9bf5-d992x,container_cpu_user_seconds_total,6.46
1744886815,kashef-k8s-ctl.home-timeline-service-5754ffbc6d-2g86b,container_cpu_user_seconds_total,0.217
1744886815,kashef-k8s-w1.social-graph-service-677dbc655c-wnhhr,container_cpu_user_seconds_total,0.136
1744886815,kashef-k8s-ctl.user-timeline-mongodb-6758898d48-fwnts,container_cpu_user_seconds_total,2.707
1744886815,kashef-k8s-w1.compose-post-service-f587bf89d-gz47k,container_cpu_user_seconds_total,0.181
1744886815,kashef-k8s-ctl.user-memcached-59687c864d-d4tkv,container_cpu_user_seconds_total,0.107
1744886815,kashef-k8s-ctl.home-timeline-redis-6c6647df6f-ws9vj,container_cpu_user_seconds_total,0.376
1744886815,kashef-k8s-w1.social-graph-redis-5bbd5b7458-82ltg,container_cpu_user_seconds_total,0.292
1744886815,kashef-k8s-w1.post-storage-service-66c9966f5f-prqxx,container_cpu_user_seconds_total,0.243
1744886815,kashef-k8s-w1.media-memcached-7889bdfdfb-f9n92,container_cpu_user_seconds_total,0.068
1744886821,kashef-k8s-ctl.home-timeline-redis-6c6647df6f-ws9vj,container_cpu_user_seconds_total,0.376
1744886821,kashef-k8s-w1.social-graph-redis-5bbd5b7458-82ltg,container_cpu_user_seconds_total,0.309
1744886821,kashef-k8s-ctl.user-memcached-59687c864d-d4tkv,container_cpu_user_seconds_total,0.107
1744886821,kashef-k8s-w1.user-timeline-redis-67cc95bc57-7699c,container_cpu_user_seconds_total,0.291
1744886821,kashef-k8s-w1.post-storage-service-66c9966f5f-prqxx,container_cpu_user_seconds_total,0.243
1744886821,kashef-k8s-w1.url-shorten-service-66949ddcc4-m6qjh,container_cpu_user_seconds_total,0.125
1744886821,kashef-k8s-ctl.user-timeline-mongodb-6758898d48-fwnts,container_cpu_user_seconds_total,2.707
1744886821,kashef-k8s-w1.media-memcached-7889bdfdfb-f9n92,container_cpu_user_seconds_total,0.069
1744886821,kashef-k8s-w1.text-service-fff64b8bf-qp8rn,container_cpu_user_seconds_total,0.123
1744886821,kashef-k8s-ctl.user-mongodb-7745bbd78-7njl7,container_cpu_user_seconds_total,2.414
1744886821,kashef-k8s-ctl.post-storage-mongodb-5579669d8c-m6bdp,container_cpu_user_seconds_total,2.508
1744886821,kashef-k8s-ctl.media-frontend-6b66b95ff4-kw757,container_cpu_user_seconds_total,5.779
1744886821,kashef-k8s-ctl.jaeger-67997f9775-cdp9g,container_cpu_user_seconds_total,0.21
1744886821,kashef-k8s-w1.social-graph-service-677dbc655c-wnhhr,container_cpu_user_seconds_total,0.136
1744886821,kashef-k8s-w1.media-mongodb-7b64c59567-djrkf,container_cpu_user_seconds_total,1.517
1744886821,kashef-k8s-ctl.home-timeline-service-5754ffbc6d-2g86b,container_cpu_user_seconds_total,0.217
1744886821,kashef-k8s-ctl.user-mention-service-5c4f566c5-pxpzx,container_cpu_user_seconds_total,0.077
1744886821,kashef-k8s-w1.url-shorten-memcached-6546746864-4v94l,container_cpu_user_seconds_total,0.083
1744886821,kashef-k8s-ctl.url-shorten-mongodb-57c886d5f8-g8ssb,container_cpu_user_seconds_total,2.536
1744886821,kashef-k8s-ctl.unique-id-service-694497b678-kz4kq,container_cpu_user_seconds_total,0.06
1744886821,kashef-k8s-w1.compose-post-service-f587bf89d-gz47k,container_cpu_user_seconds_total,0.181
1744886821,kashef-k8s-ctl.user-service-547b88cd8f-62khh,container_cpu_user_seconds_total,0.048
1744886821,kashef-k8s-w1.user-timeline-service-664c7f6696-768fq,container_cpu_user_seconds_total,12.443
1744886821,kashef-k8s-w1.post-storage-memcached-6b75788fc6-qf227,container_cpu_user_seconds_total,0.062
1744886821,kashef-k8s-w1.nginx-thrift-79478f9bf5-d992x,container_cpu_user_seconds_total,6.46
1744886821,kashef-k8s-w1.media-service-6c665c775d-nmsvf,container_cpu_user_seconds_total,0.032
1744886821,kashef-k8s-w1.social-graph-mongodb-55df767ff5-7bdxk,container_cpu_user_seconds_total,1.533
1744886827,kashef-k8s-w1.media-memcached-7889bdfdfb-f9n92,container_cpu_user_seconds_total,0.069
1744886827,kashef-k8s-w1.post-storage-service-66c9966f5f-prqxx,container_cpu_user_seconds_total,0.243
1744886827,kashef-k8s-w1.social-graph-redis-5bbd5b7458-82ltg,container_cpu_user_seconds_total,0.309
1744886827,kashef-k8s-ctl.home-timeline-redis-6c6647df6f-ws9vj,container_cpu_user_seconds_total,0.376
1744886827,kashef-k8s-ctl.url-shorten-mongodb-57c886d5f8-g8ssb,container_cpu_user_seconds_total,2.536
1744886827,kashef-k8s-ctl.home-timeline-service-5754ffbc6d-2g86b,container_cpu_user_seconds_total,0.217
1744886827,kashef-k8s-ctl.user-mention-service-5c4f566c5-pxpzx,container_cpu_user_seconds_total,0.077
1744886827,kashef-k8s-ctl.user-mongodb-7745bbd78-7njl7,container_cpu_user_seconds_total,2.414
1744886827,kashef-k8s-w1.url-shorten-memcached-6546746864-4v94l,container_cpu_user_seconds_total,0.083
1744886827,kashef-k8s-ctl.media-frontend-6b66b95ff4-kw757,container_cpu_user_seconds_total,5.779
1744886827,kashef-k8s-ctl.user-timeline-mongodb-6758898d48-fwnts,container_cpu_user_seconds_total,2.707
1744886827,kashef-k8s-w1.compose-post-service-f587bf89d-gz47k,container_cpu_user_seconds_total,0.181
1744886827,kashef-k8s-w1.url-shorten-service-66949ddcc4-m6qjh,container_cpu_user_seconds_total,0.125
1744886827,kashef-k8s-w1.media-mongodb-7b64c59567-djrkf,container_cpu_user_seconds_total,1.517
1744886827,kashef-k8s-ctl.jaeger-67997f9775-cdp9g,container_cpu_user_seconds_total,0.21
1744886827,kashef-k8s-ctl.user-service-547b88cd8f-62khh,container_cpu_user_seconds_total,0.048
1744886827,kashef-k8s-w1.social-graph-service-677dbc655c-wnhhr,container_cpu_user_seconds_total,0.136
1744886827,kashef-k8s-w1.text-service-fff64b8bf-qp8rn,container_cpu_user_seconds_total,0.123
1744886827,kashef-k8s-w1.media-service-6c665c775d-nmsvf,container_cpu_user_seconds_total,0.032
1744886827,kashef-k8s-w1.social-graph-mongodb-55df767ff5-7bdxk,container_cpu_user_seconds_total,1.533
1744886827,kashef-k8s-w1.user-timeline-service-664c7f6696-768fq,container_cpu_user_seconds_total,12.443
1744886827,kashef-k8s-ctl.post-storage-mongodb-5579669d8c-m6bdp,container_cpu_user_seconds_total,2.508
1744886827,kashef-k8s-ctl.user-memcached-59687c864d-d4tkv,container_cpu_user_seconds_total,0.11
1744886827,kashef-k8s-ctl.unique-id-service-694497b678-kz4kq,container_cpu_user_seconds_total,0.06
1744886827,kashef-k8s-w1.nginx-thrift-79478f9bf5-d992x,container_cpu_user_seconds_total,6.46
1744886827,kashef-k8s-w1.post-storage-memcached-6b75788fc6-qf227,container_cpu_user_seconds_total,0.062
1744886827,kashef-k8s-w1.user-timeline-redis-67cc95bc57-7699c,container_cpu_user_seconds_total,0.325
1744886833,kashef-k8s-w1.social-graph-redis-5bbd5b7458-82ltg,container_cpu_user_seconds_total,0.309
1744886833,kashef-k8s-w1.post-storage-service-66c9966f5f-prqxx,container_cpu_user_seconds_total,0.243
1744886833,kashef-k8s-ctl.user-memcached-59687c864d-d4tkv,container_cpu_user_seconds_total,0.11
1744886833,kashef-k8s-ctl.user-service-547b88cd8f-62khh,container_cpu_user_seconds_total,0.05
1744886833,kashef-k8s-w1.social-graph-mongodb-55df767ff5-7bdxk,container_cpu_user_seconds_total,1.533
1744886833,kashef-k8s-w1.text-service-fff64b8bf-qp8rn,container_cpu_user_seconds_total,0.123
1744886833,kashef-k8s-w1.media-service-6c665c775d-nmsvf,container_cpu_user_seconds_total,0.032
1744886833,kashef-k8s-w1.social-graph-service-677dbc655c-wnhhr,container_cpu_user_seconds_total,0.136
1744886833,kashef-k8s-ctl.post-storage-mongodb-5579669d8c-m6bdp,container_cpu_user_seconds_total,2.606
1744886833,kashef-k8s-ctl.jaeger-67997f9775-cdp9g,container_cpu_user_seconds_total,0.21
1744886833,kashef-k8s-ctl.media-frontend-6b66b95ff4-kw757,container_cpu_user_seconds_total,5.779
1744886833,kashef-k8s-w1.compose-post-service-f587bf89d-gz47k,container_cpu_user_seconds_total,0.181
1744886833,kashef-k8s-w1.media-mongodb-7b64c59567-djrkf,container_cpu_user_seconds_total,1.517
1744886833,kashef-k8s-ctl.home-timeline-service-5754ffbc6d-2g86b,container_cpu_user_seconds_total,0.217
1744886833,kashef-k8s-ctl.url-shorten-mongodb-57c886d5f8-g8ssb,container_cpu_user_seconds_total,2.536
1744886833,kashef-k8s-w1.url-shorten-service-66949ddcc4-m6qjh,container_cpu_user_seconds_total,0.125
1744886833,kashef-k8s-ctl.user-timeline-mongodb-6758898d48-fwnts,container_cpu_user_seconds_total,2.86
1744886833,kashef-k8s-ctl.user-mongodb-7745bbd78-7njl7,container_cpu_user_seconds_total,2.414
1744886833,kashef-k8s-ctl.user-mention-service-5c4f566c5-pxpzx,container_cpu_user_seconds_total,0.077
1744886833,kashef-k8s-w1.user-timeline-service-664c7f6696-768fq,container_cpu_user_seconds_total,12.443
1744886833,kashef-k8s-w1.url-shorten-memcached-6546746864-4v94l,container_cpu_user_seconds_total,0.083
1744886833,kashef-k8s-w1.post-storage-memcached-6b75788fc6-qf227,container_cpu_user_seconds_total,0.062
1744886833,kashef-k8s-w1.user-timeline-redis-67cc95bc57-7699c,container_cpu_user_seconds_total,0.325
1744886833,kashef-k8s-ctl.home-timeline-redis-6c6647df6f-ws9vj,container_cpu_user_seconds_total,0.376
1744886833,kashef-k8s-w1.media-memcached-7889bdfdfb-f9n92,container_cpu_user_seconds_total,0.069
1744886833,kashef-k8s-ctl.unique-id-service-694497b678-kz4kq,container_cpu_user_seconds_total,0.06
1744886833,kashef-k8s-w1.nginx-thrift-79478f9bf5-d992x,container_cpu_user_seconds_total,6.46
1744886839,kashef-k8s-ctl.home-timeline-redis-6c6647df6f-ws9vj,container_cpu_user_seconds_total,0.376
1744886839,kashef-k8s-w1.post-storage-service-66c9966f5f-prqxx,container_cpu_user_seconds_total,0.243
1744886839,kashef-k8s-w1.post-storage-memcached-6b75788fc6-qf227,container_cpu_user_seconds_total,0.062
1744886839,kashef-k8s-w1.user-timeline-redis-67cc95bc57-7699c,container_cpu_user_seconds_total,0.325
1744886839,kashef-k8s-w1.url-shorten-service-66949ddcc4-m6qjh,container_cpu_user_seconds_total,0.125
1744886839,kashef-k8s-w1.social-graph-mongodb-55df767ff5-7bdxk,container_cpu_user_seconds_total,1.533
1744886839,kashef-k8s-ctl.url-shorten-mongodb-57c886d5f8-g8ssb,container_cpu_user_seconds_total,2.719
1744886839,kashef-k8s-ctl.user-timeline-mongodb-6758898d48-fwnts,container_cpu_user_seconds_total,2.86
1744886839,kashef-k8s-ctl.post-storage-mongodb-5579669d8c-m6bdp,container_cpu_user_seconds_total,2.606
1744886839,kashef-k8s-w1.compose-post-service-f587bf89d-gz47k,container_cpu_user_seconds_total,0.181
1744886839,kashef-k8s-ctl.home-timeline-service-5754ffbc6d-2g86b,container_cpu_user_seconds_total,0.217
1744886839,kashef-k8s-ctl.jaeger-67997f9775-cdp9g,container_cpu_user_seconds_total,0.222
1744886839,kashef-k8s-ctl.user-service-547b88cd8f-62khh,container_cpu_user_seconds_total,0.05
1744886839,kashef-k8s-w1.media-service-6c665c775d-nmsvf,container_cpu_user_seconds_total,0.032
1744886839,kashef-k8s-w1.social-graph-service-677dbc655c-wnhhr,container_cpu_user_seconds_total,0.136
1744886839,kashef-k8s-w1.text-service-fff64b8bf-qp8rn,container_cpu_user_seconds_total,0.123
1744886839,kashef-k8s-ctl.media-frontend-6b66b95ff4-kw757,container_cpu_user_seconds_total,5.779
1744886839,kashef-k8s-w1.url-shorten-memcached-6546746864-4v94l,container_cpu_user_seconds_total,0.083
1744886839,kashef-k8s-w1.nginx-thrift-79478f9bf5-d992x,container_cpu_user_seconds_total,6.46
1744886839,kashef-k8s-w1.media-memcached-7889bdfdfb-f9n92,container_cpu_user_seconds_total,0.069
1744886839,kashef-k8s-w1.user-timeline-service-664c7f6696-768fq,container_cpu_user_seconds_total,12.443
1744886839,kashef-k8s-ctl.user-mongodb-7745bbd78-7njl7,container_cpu_user_seconds_total,2.414
1744886839,kashef-k8s-ctl.user-memcached-59687c864d-d4tkv,container_cpu_user_seconds_total,0.11
1744886839,kashef-k8s-w1.social-graph-redis-5bbd5b7458-82ltg,container_cpu_user_seconds_total,0.309
1744886839,kashef-k8s-ctl.unique-id-service-694497b678-kz4kq,container_cpu_user_seconds_total,0.06
1744886839,kashef-k8s-ctl.user-mention-service-5c4f566c5-pxpzx,container_cpu_user_seconds_total,0.077
1744886839,kashef-k8s-w1.media-mongodb-7b64c59567-djrkf,container_cpu_user_seconds_total,1.517
1744886845,kashef-k8s-ctl.url-shorten-mongodb-57c886d5f8-g8ssb,container_cpu_user_seconds_total,2.719
1744886845,kashef-k8s-w1.post-storage-service-66c9966f5f-prqxx,container_cpu_user_seconds_total,0.243
1744886845,kashef-k8s-ctl.home-timeline-redis-6c6647df6f-ws9vj,container_cpu_user_seconds_total,0.43
1744886845,kashef-k8s-w1.url-shorten-service-66949ddcc4-m6qjh,container_cpu_user_seconds_total,0.125
1744886845,kashef-k8s-w1.social-graph-mongodb-55df767ff5-7bdxk,container_cpu_user_seconds_total,1.533
1744886845,kashef-k8s-w1.media-mongodb-7b64c59567-djrkf,container_cpu_user_seconds_total,1.517
1744886845,kashef-k8s-ctl.jaeger-67997f9775-cdp9g,container_cpu_user_seconds_total,0.222
1744886845,kashef-k8s-ctl.media-frontend-6b66b95ff4-kw757,container_cpu_user_seconds_total,5.779
1744886845,kashef-k8s-w1.compose-post-service-f587bf89d-gz47k,container_cpu_user_seconds_total,0.181
1744886845,kashef-k8s-w1.social-graph-service-677dbc655c-wnhhr,container_cpu_user_seconds_total,0.136
1744886845,kashef-k8s-w1.text-service-fff64b8bf-qp8rn,container_cpu_user_seconds_total,0.123
1744886845,kashef-k8s-ctl.user-service-547b88cd8f-62khh,container_cpu_user_seconds_total,0.05
1744886845,kashef-k8s-w1.media-service-6c665c775d-nmsvf,container_cpu_user_seconds_total,0.032
1744886845,kashef-k8s-ctl.user-timeline-mongodb-6758898d48-fwnts,container_cpu_user_seconds_total,2.86
1744886845,kashef-k8s-w1.user-timeline-redis-67cc95bc57-7699c,container_cpu_user_seconds_total,0.325
1744886845,kashef-k8s-w1.post-storage-memcached-6b75788fc6-qf227,container_cpu_user_seconds_total,0.062
1744886845,kashef-k8s-ctl.user-mongodb-7745bbd78-7njl7,container_cpu_user_seconds_total,2.609
1744886845,kashef-k8s-w1.url-shorten-memcached-6546746864-4v94l,container_cpu_user_seconds_total,0.083
1744886845,kashef-k8s-ctl.post-storage-mongodb-5579669d8c-m6bdp,container_cpu_user_seconds_total,2.606
1744886845,kashef-k8s-ctl.user-mention-service-5c4f566c5-pxpzx,container_cpu_user_seconds_total,0.077
1744886845,kashef-k8s-ctl.home-timeline-service-5754ffbc6d-2g86b,container_cpu_user_seconds_total,0.217
1744886845,kashef-k8s-w1.media-memcached-7889bdfdfb-f9n92,container_cpu_user_seconds_total,0.069
1744886845,kashef-k8s-w1.nginx-thrift-79478f9bf5-d992x,container_cpu_user_seconds_total,6.46
1744886845,kashef-k8s-w1.user-timeline-service-664c7f6696-768fq,container_cpu_user_seconds_total,12.444
1744886845,kashef-k8s-ctl.unique-id-service-694497b678-kz4kq,container_cpu_user_seconds_total,0.06
1744886845,kashef-k8s-w1.social-graph-redis-5bbd5b7458-82ltg,container_cpu_user_seconds_total,0.309
1744886845,kashef-k8s-ctl.user-memcached-59687c864d-d4tkv,container_cpu_user_seconds_total,0.11
1744886851,kashef-k8s-w1.social-graph-redis-5bbd5b7458-82ltg,container_cpu_user_seconds_total,0.33
1744886851,kashef-k8s-w1.post-storage-service-66c9966f5f-prqxx,container_cpu_user_seconds_total,0.243
1744886851,kashef-k8s-ctl.home-timeline-redis-6c6647df6f-ws9vj,container_cpu_user_seconds_total,0.43
1744886851,kashef-k8s-ctl.url-shorten-mongodb-57c886d5f8-g8ssb,container_cpu_user_seconds_total,2.719
1744886851,kashef-k8s-w1.user-timeline-service-664c7f6696-768fq,container_cpu_user_seconds_total,12.444
1744886851,kashef-k8s-ctl.home-timeline-service-5754ffbc6d-2g86b,container_cpu_user_seconds_total,0.217
1744886851,kashef-k8s-ctl.media-frontend-6b66b95ff4-kw757,container_cpu_user_seconds_total,5.779
1744886851,kashef-k8s-w1.url-shorten-service-66949ddcc4-m6qjh,container_cpu_user_seconds_total,0.125
1744886851,kashef-k8s-w1.text-service-fff64b8bf-qp8rn,container_cpu_user_seconds_total,0.123
1744886851,kashef-k8s-w1.media-mongodb-7b64c59567-djrkf,container_cpu_user_seconds_total,1.564
1744886851,kashef-k8s-ctl.user-mongodb-7745bbd78-7njl7,container_cpu_user_seconds_total,2.609
1744886851,kashef-k8s-w1.compose-post-service-f587bf89d-gz47k,container_cpu_user_seconds_total,0.181
1744886851,kashef-k8s-ctl.jaeger-67997f9775-cdp9g,container_cpu_user_seconds_total,0.222
1744886851,kashef-k8s-ctl.user-service-547b88cd8f-62khh,container_cpu_user_seconds_total,0.05
1744886851,kashef-k8s-w1.social-graph-mongodb-55df767ff5-7bdxk,container_cpu_user_seconds_total,1.533
1744886851,kashef-k8s-ctl.user-timeline-mongodb-6758898d48-fwnts,container_cpu_user_seconds_total,2.86
1744886851,kashef-k8s-w1.social-graph-service-677dbc655c-wnhhr,container_cpu_user_seconds_total,0.136
1744886851,kashef-k8s-w1.user-timeline-redis-67cc95bc57-7699c,container_cpu_user_seconds_total,0.325
1744886851,kashef-k8s-w1.media-memcached-7889bdfdfb-f9n92,container_cpu_user_seconds_total,0.069
1744886851,kashef-k8s-w1.nginx-thrift-79478f9bf5-d992x,container_cpu_user_seconds_total,6.46
1744886851,kashef-k8s-w1.post-storage-memcached-6b75788fc6-qf227,container_cpu_user_seconds_total,0.062
1744886851,kashef-k8s-w1.media-service-6c665c775d-nmsvf,container_cpu_user_seconds_total,0.032
1744886851,kashef-k8s-ctl.user-memcached-59687c864d-d4tkv,container_cpu_user_seconds_total,0.11
1744886851,kashef-k8s-w1.url-shorten-memcached-6546746864-4v94l,container_cpu_user_seconds_total,0.083
1744886851,kashef-k8s-ctl.unique-id-service-694497b678-kz4kq,container_cpu_user_seconds_total,0.06
1744886851,kashef-k8s-ctl.post-storage-mongodb-5579669d8c-m6bdp,container_cpu_user_seconds_total,2.606
1744886851,kashef-k8s-ctl.user-mention-service-5c4f566c5-pxpzx,container_cpu_user_seconds_total,0.077
1744886857,kashef-k8s-ctl.user-timeline-mongodb-6758898d48-fwnts,container_cpu_user_seconds_total,2.86
1744886857,kashef-k8s-ctl.media-frontend-6b66b95ff4-kw757,container_cpu_user_seconds_total,5.779
1744886857,kashef-k8s-w1.post-storage-service-66c9966f5f-prqxx,container_cpu_user_seconds_total,0.243
1744886857,kashef-k8s-ctl.url-shorten-mongodb-57c886d5f8-g8ssb,container_cpu_user_seconds_total,2.719
1744886857,kashef-k8s-w1.text-service-fff64b8bf-qp8rn,container_cpu_user_seconds_total,0.123
1744886857,kashef-k8s-ctl.user-service-547b88cd8f-62khh,container_cpu_user_seconds_total,0.05
1744886857,kashef-k8s-w1.media-mongodb-7b64c59567-djrkf,container_cpu_user_seconds_total,1.564
1744886857,kashef-k8s-w1.social-graph-service-677dbc655c-wnhhr,container_cpu_user_seconds_total,0.136
1744886857,kashef-k8s-ctl.user-mention-service-5c4f566c5-pxpzx,container_cpu_user_seconds_total,0.077
1744886857,kashef-k8s-w1.compose-post-service-f587bf89d-gz47k,container_cpu_user_seconds_total,0.181
1744886857,kashef-k8s-w1.social-graph-mongodb-55df767ff5-7bdxk,container_cpu_user_seconds_total,1.545
1744886857,kashef-k8s-w1.url-shorten-service-66949ddcc4-m6qjh,container_cpu_user_seconds_total,0.125
1744886857,kashef-k8s-ctl.jaeger-67997f9775-cdp9g,container_cpu_user_seconds_total,0.222
1744886857,kashef-k8s-ctl.home-timeline-service-5754ffbc6d-2g86b,container_cpu_user_seconds_total,0.217
1744886857,kashef-k8s-w1.user-timeline-service-664c7f6696-768fq,container_cpu_user_seconds_total,12.444
1744886857,kashef-k8s-ctl.post-storage-mongodb-5579669d8c-m6bdp,container_cpu_user_seconds_total,2.606
1744886857,kashef-k8s-ctl.user-mongodb-7745bbd78-7njl7,container_cpu_user_seconds_total,2.609
1744886857,kashef-k8s-ctl.unique-id-service-694497b678-kz4kq,container_cpu_user_seconds_total,0.06
1744886857,kashef-k8s-w1.post-storage-memcached-6b75788fc6-qf227,container_cpu_user_seconds_total,0.062
1744886857,kashef-k8s-w1.nginx-thrift-79478f9bf5-d992x,container_cpu_user_seconds_total,6.46
1744886857,kashef-k8s-w1.media-service-6c665c775d-nmsvf,container_cpu_user_seconds_total,0.032
1744886857,kashef-k8s-w1.media-memcached-7889bdfdfb-f9n92,container_cpu_user_seconds_total,0.07
1744886857,kashef-k8s-ctl.user-memcached-59687c864d-d4tkv,container_cpu_user_seconds_total,0.11
1744886857,kashef-k8s-w1.url-shorten-memcached-6546746864-4v94l,container_cpu_user_seconds_total,0.083
1744886857,kashef-k8s-w1.social-graph-redis-5bbd5b7458-82ltg,container_cpu_user_seconds_total,0.33
1744886857,kashef-k8s-ctl.home-timeline-redis-6c6647df6f-ws9vj,container_cpu_user_seconds_total,0.43
1744886857,kashef-k8s-w1.user-timeline-redis-67cc95bc57-7699c,container_cpu_user_seconds_total,0.356
