timestamp,cmdb_id,kpi_name,value
1744868201,kashef-k8s-ctl.url-shorten-mongodb-57c886d5f8-rc4wb,container_cpu_user_seconds_total,0.0
1744868201,kashef-k8s-ctl.social-graph-service-677dbc655c-pz4ck,container_cpu_user_seconds_total,0.0
1744868201,kashef-k8s-ctl.jaeger-67997f9775-dzz5g,container_cpu_user_seconds_total,0.0
1744868201,kashef-k8s-ctl.user-timeline-redis-67cc95bc57-gbqwf,container_cpu_user_seconds_total,0.0
1744868201,kashef-k8s-ctl.user-service-547b88cd8f-zfrpr,container_cpu_user_seconds_total,0.0
1744868201,kashef-k8s-ctl.post-storage-mongodb-5579669d8c-9kthd,container_cpu_user_seconds_total,0.0
1744868207,kashef-k8s-w1.social-graph-mongodb-55df767ff5-99667,container_cpu_user_seconds_total,1.019
1744868207,kashef-k8s-ctl.jaeger-67997f9775-dzz5g,container_cpu_user_seconds_total,0.0
1744868207,kashef-k8s-ctl.user-timeline-redis-67cc95bc57-gbqwf,container_cpu_user_seconds_total,0.0
1744868207,kashef-k8s-ctl.user-service-547b88cd8f-zfrpr,container_cpu_user_seconds_total,0.0
1744868207,kashef-k8s-ctl.social-graph-service-677dbc655c-pz4ck,container_cpu_user_seconds_total,0.0
1744868207,kashef-k8s-ctl.home-timeline-redis-6c6647df6f-kl9ws,container_cpu_user_seconds_total,0.058
1744868207,kashef-k8s-ctl.post-storage-mongodb-5579669d8c-9kthd,container_cpu_user_seconds_total,0.0
1744868207,kashef-k8s-ctl.url-shorten-mongodb-57c886d5f8-rc4wb,container_cpu_user_seconds_total,0.0
1744868213,kashef-k8s-ctl.user-mention-service-5c4f566c5-8kvv8,container_cpu_user_seconds_total,0.063
1744868213,kashef-k8s-w1.social-graph-redis-5bbd5b7458-f5dwx,container_cpu_user_seconds_total,0.063
1744868213,kashef-k8s-ctl.jaeger-67997f9775-dzz5g,container_cpu_user_seconds_total,0.0
1744868213,kashef-k8s-ctl.home-timeline-service-5754ffbc6d-s8g28,container_cpu_user_seconds_total,0.035
1744868213,kashef-k8s-w1.unique-id-service-694497b678-7nkgj,container_cpu_user_seconds_total,0.019
1744868213,kashef-k8s-ctl.social-graph-service-677dbc655c-pz4ck,container_cpu_user_seconds_total,0.0
1744868213,kashef-k8s-ctl.text-service-fff64b8bf-w4hcw,container_cpu_user_seconds_total,0.051
1744868213,kashef-k8s-ctl.user-memcached-59687c864d-59q77,container_cpu_user_seconds_total,0.045
1744868213,kashef-k8s-ctl.home-timeline-redis-6c6647df6f-kl9ws,container_cpu_user_seconds_total,0.058
1744868213,kashef-k8s-ctl.user-timeline-redis-67cc95bc57-gbqwf,container_cpu_user_seconds_total,0.0
1744868213,kashef-k8s-ctl.user-service-547b88cd8f-zfrpr,container_cpu_user_seconds_total,0.0
1744868213,kashef-k8s-ctl.post-storage-memcached-6b75788fc6-4zbvg,container_cpu_user_seconds_total,0.045
1744868213,kashef-k8s-w1.media-mongodb-7b64c59567-zxnhk,container_cpu_user_seconds_total,1.033
1744868213,kashef-k8s-w1.social-graph-mongodb-55df767ff5-99667,container_cpu_user_seconds_total,1.019
1744868213,kashef-k8s-w1.post-storage-service-66c9966f5f-wr46r,container_cpu_user_seconds_total,0.037
1744868213,kashef-k8s-ctl.url-shorten-mongodb-57c886d5f8-rc4wb,container_cpu_user_seconds_total,0.0
1744868213,kashef-k8s-ctl.url-shorten-service-66949ddcc4-mz6m7,container_cpu_user_seconds_total,0.062
1744868213,kashef-k8s-w1.user-timeline-service-664c7f6696-7lqph,container_cpu_user_seconds_total,0.07
1744868213,kashef-k8s-ctl.user-mongodb-7745bbd78-p6prs,container_cpu_user_seconds_total,0.029
1744868213,kashef-k8s-ctl.post-storage-mongodb-5579669d8c-9kthd,container_cpu_user_seconds_total,0.0
1744868219,kashef-k8s-ctl.social-graph-service-677dbc655c-pz4ck,container_cpu_user_seconds_total,0.0
1744868219,kashef-k8s-w1.social-graph-redis-5bbd5b7458-f5dwx,container_cpu_user_seconds_total,0.063
1744868219,kashef-k8s-ctl.user-mention-service-5c4f566c5-8kvv8,container_cpu_user_seconds_total,0.063
1744868219,kashef-k8s-ctl.jaeger-67997f9775-dzz5g,container_cpu_user_seconds_total,0.0
1744868219,kashef-k8s-ctl.home-timeline-service-5754ffbc6d-s8g28,container_cpu_user_seconds_total,0.035
1744868219,kashef-k8s-w1.url-shorten-memcached-6546746864-zn9d2,container_cpu_user_seconds_total,0.036
1744868219,kashef-k8s-w1.media-frontend-6b66b95ff4-r52pn,container_cpu_user_seconds_total,0.041
1744868219,kashef-k8s-w1.user-timeline-service-664c7f6696-7lqph,container_cpu_user_seconds_total,0.07
1744868219,kashef-k8s-ctl.url-shorten-service-66949ddcc4-mz6m7,container_cpu_user_seconds_total,0.062
1744868219,kashef-k8s-w1.post-storage-service-66c9966f5f-wr46r,container_cpu_user_seconds_total,0.037
1744868219,kashef-k8s-ctl.url-shorten-mongodb-57c886d5f8-rc4wb,container_cpu_user_seconds_total,0.0
1744868219,kashef-k8s-w1.social-graph-mongodb-55df767ff5-99667,container_cpu_user_seconds_total,1.019
1744868219,kashef-k8s-w1.unique-id-service-694497b678-7nkgj,container_cpu_user_seconds_total,0.019
1744868219,kashef-k8s-ctl.user-timeline-redis-67cc95bc57-gbqwf,container_cpu_user_seconds_total,0.0
1744868219,kashef-k8s-w1.media-mongodb-7b64c59567-zxnhk,container_cpu_user_seconds_total,1.033
1744868219,kashef-k8s-ctl.user-service-547b88cd8f-zfrpr,container_cpu_user_seconds_total,0.0
1744868219,kashef-k8s-w1.media-memcached-7889bdfdfb-2vvrg,container_cpu_user_seconds_total,0.049
1744868219,kashef-k8s-w1.nginx-thrift-79478f9bf5-d8c6k,container_cpu_user_seconds_total,0.078
1744868219,kashef-k8s-ctl.post-storage-memcached-6b75788fc6-4zbvg,container_cpu_user_seconds_total,0.045
1744868219,kashef-k8s-ctl.post-storage-mongodb-5579669d8c-9kthd,container_cpu_user_seconds_total,0.0
1744868219,kashef-k8s-ctl.home-timeline-redis-6c6647df6f-kl9ws,container_cpu_user_seconds_total,0.058
1744868219,kashef-k8s-ctl.user-mongodb-7745bbd78-p6prs,container_cpu_user_seconds_total,0.029
1744868219,kashef-k8s-ctl.text-service-fff64b8bf-w4hcw,container_cpu_user_seconds_total,0.051
1744868219,kashef-k8s-ctl.user-memcached-59687c864d-59q77,container_cpu_user_seconds_total,0.045
1744868225,kashef-k8s-ctl.user-memcached-59687c864d-59q77,container_cpu_user_seconds_total,0.045
1744868225,kashef-k8s-w1.user-timeline-mongodb-6758898d48-dnw2v,container_cpu_user_seconds_total,1.045
1744868225,kashef-k8s-ctl.home-timeline-redis-6c6647df6f-kl9ws,container_cpu_user_seconds_total,0.058
1744868225,kashef-k8s-ctl.user-mongodb-7745bbd78-p6prs,container_cpu_user_seconds_total,0.029
1744868225,kashef-k8s-w1.media-mongodb-7b64c59567-zxnhk,container_cpu_user_seconds_total,1.033
1744868225,kashef-k8s-w1.media-service-6c665c775d-hpth5,container_cpu_user_seconds_total,0.056
1744868225,kashef-k8s-ctl.user-service-547b88cd8f-zfrpr,container_cpu_user_seconds_total,0.0
1744868225,kashef-k8s-ctl.post-storage-mongodb-5579669d8c-9kthd,container_cpu_user_seconds_total,0.0
1744868225,kashef-k8s-ctl.user-timeline-redis-67cc95bc57-gbqwf,container_cpu_user_seconds_total,0.0
1744868225,kashef-k8s-w1.compose-post-service-f587bf89d-79pvg,container_cpu_user_seconds_total,0.052
1744868225,kashef-k8s-ctl.jaeger-67997f9775-dzz5g,container_cpu_user_seconds_total,0.0
1744868225,kashef-k8s-ctl.home-timeline-service-5754ffbc6d-s8g28,container_cpu_user_seconds_total,0.035
1744868225,kashef-k8s-ctl.post-storage-memcached-6b75788fc6-4zbvg,container_cpu_user_seconds_total,0.045
1744868225,kashef-k8s-w1.social-graph-mongodb-55df767ff5-99667,container_cpu_user_seconds_total,1.019
1744868225,kashef-k8s-ctl.social-graph-service-677dbc655c-pz4ck,container_cpu_user_seconds_total,0.0
1744868225,kashef-k8s-w1.media-memcached-7889bdfdfb-2vvrg,container_cpu_user_seconds_total,0.049
1744868225,kashef-k8s-w1.url-shorten-memcached-6546746864-zn9d2,container_cpu_user_seconds_total,0.036
1744868225,kashef-k8s-w1.post-storage-service-66c9966f5f-wr46r,container_cpu_user_seconds_total,0.037
1744868225,kashef-k8s-ctl.url-shorten-service-66949ddcc4-mz6m7,container_cpu_user_seconds_total,0.062
1744868225,kashef-k8s-ctl.text-service-fff64b8bf-w4hcw,container_cpu_user_seconds_total,0.051
1744868225,kashef-k8s-ctl.url-shorten-mongodb-57c886d5f8-rc4wb,container_cpu_user_seconds_total,0.0
1744868225,kashef-k8s-w1.user-timeline-service-664c7f6696-7lqph,container_cpu_user_seconds_total,0.07
1744868225,kashef-k8s-w1.media-frontend-6b66b95ff4-r52pn,container_cpu_user_seconds_total,0.041
1744868225,kashef-k8s-w1.nginx-thrift-79478f9bf5-d8c6k,container_cpu_user_seconds_total,0.078
1744868225,kashef-k8s-ctl.user-mention-service-5c4f566c5-8kvv8,container_cpu_user_seconds_total,0.063
1744868225,kashef-k8s-w1.unique-id-service-694497b678-7nkgj,container_cpu_user_seconds_total,0.019
1744868225,kashef-k8s-w1.social-graph-redis-5bbd5b7458-f5dwx,container_cpu_user_seconds_total,0.063
1744868231,kashef-k8s-ctl.user-service-547b88cd8f-zfrpr,container_cpu_user_seconds_total,0.0
1744868231,kashef-k8s-w1.media-service-6c665c775d-hpth5,container_cpu_user_seconds_total,0.056
1744868231,kashef-k8s-ctl.post-storage-mongodb-5579669d8c-9kthd,container_cpu_user_seconds_total,1.019
1744868231,kashef-k8s-w1.media-mongodb-7b64c59567-zxnhk,container_cpu_user_seconds_total,1.033
1744868231,kashef-k8s-w1.social-graph-redis-5bbd5b7458-f5dwx,container_cpu_user_seconds_total,0.063
1744868231,kashef-k8s-ctl.post-storage-memcached-6b75788fc6-4zbvg,container_cpu_user_seconds_total,0.065
1744868231,kashef-k8s-w1.url-shorten-memcached-6546746864-zn9d2,container_cpu_user_seconds_total,0.036
1744868231,kashef-k8s-ctl.home-timeline-service-5754ffbc6d-s8g28,container_cpu_user_seconds_total,0.035
1744868231,kashef-k8s-w1.compose-post-service-f587bf89d-79pvg,container_cpu_user_seconds_total,0.052
1744868231,kashef-k8s-w1.social-graph-mongodb-55df767ff5-99667,container_cpu_user_seconds_total,1.019
1744868231,kashef-k8s-ctl.user-timeline-redis-67cc95bc57-gbqwf,container_cpu_user_seconds_total,0.09
1744868231,kashef-k8s-ctl.jaeger-67997f9775-dzz5g,container_cpu_user_seconds_total,0.104
1744868231,kashef-k8s-ctl.social-graph-service-677dbc655c-pz4ck,container_cpu_user_seconds_total,0.0
1744868231,kashef-k8s-w1.media-memcached-7889bdfdfb-2vvrg,container_cpu_user_seconds_total,0.049
1744868231,kashef-k8s-ctl.user-memcached-59687c864d-59q77,container_cpu_user_seconds_total,0.045
1744868231,kashef-k8s-ctl.user-mongodb-7745bbd78-p6prs,container_cpu_user_seconds_total,0.029
1744868231,kashef-k8s-ctl.user-mention-service-5c4f566c5-8kvv8,container_cpu_user_seconds_total,0.063
1744868231,kashef-k8s-ctl.url-shorten-mongodb-57c886d5f8-rc4wb,container_cpu_user_seconds_total,0.0
1744868231,kashef-k8s-w1.unique-id-service-694497b678-7nkgj,container_cpu_user_seconds_total,0.019
1744868231,kashef-k8s-w1.user-timeline-mongodb-6758898d48-dnw2v,container_cpu_user_seconds_total,1.045
1744868231,kashef-k8s-w1.post-storage-service-66c9966f5f-wr46r,container_cpu_user_seconds_total,0.037
1744868231,kashef-k8s-ctl.text-service-fff64b8bf-w4hcw,container_cpu_user_seconds_total,0.051
1744868231,kashef-k8s-ctl.url-shorten-service-66949ddcc4-mz6m7,container_cpu_user_seconds_total,0.062
1744868231,kashef-k8s-w1.media-frontend-6b66b95ff4-r52pn,container_cpu_user_seconds_total,0.041
1744868231,kashef-k8s-w1.nginx-thrift-79478f9bf5-d8c6k,container_cpu_user_seconds_total,0.078
1744868231,kashef-k8s-ctl.home-timeline-redis-6c6647df6f-kl9ws,container_cpu_user_seconds_total,0.058
1744868231,kashef-k8s-w1.user-timeline-service-664c7f6696-7lqph,container_cpu_user_seconds_total,0.07
1744868237,kashef-k8s-ctl.text-service-fff64b8bf-w4hcw,container_cpu_user_seconds_total,0.051
1744868237,kashef-k8s-w1.media-frontend-6b66b95ff4-r52pn,container_cpu_user_seconds_total,0.041
1744868237,kashef-k8s-w1.url-shorten-memcached-6546746864-zn9d2,container_cpu_user_seconds_total,0.036
1744868237,kashef-k8s-ctl.url-shorten-service-66949ddcc4-mz6m7,container_cpu_user_seconds_total,0.063
1744868237,kashef-k8s-ctl.user-mention-service-5c4f566c5-8kvv8,container_cpu_user_seconds_total,0.063
1744868237,kashef-k8s-ctl.jaeger-67997f9775-dzz5g,container_cpu_user_seconds_total,0.104
1744868237,kashef-k8s-w1.nginx-thrift-79478f9bf5-d8c6k,container_cpu_user_seconds_total,0.078
1744868237,kashef-k8s-w1.user-timeline-mongodb-6758898d48-dnw2v,container_cpu_user_seconds_total,1.045
1744868237,kashef-k8s-w1.post-storage-service-66c9966f5f-wr46r,container_cpu_user_seconds_total,0.037
1744868237,kashef-k8s-w1.social-graph-mongodb-55df767ff5-99667,container_cpu_user_seconds_total,1.019
1744868237,kashef-k8s-ctl.user-service-547b88cd8f-zfrpr,container_cpu_user_seconds_total,0.067
1744868237,kashef-k8s-ctl.home-timeline-service-5754ffbc6d-s8g28,container_cpu_user_seconds_total,0.035
1744868237,kashef-k8s-ctl.post-storage-mongodb-5579669d8c-9kthd,container_cpu_user_seconds_total,1.019
1744868237,kashef-k8s-w1.compose-post-service-f587bf89d-79pvg,container_cpu_user_seconds_total,0.052
1744868237,kashef-k8s-ctl.post-storage-memcached-6b75788fc6-4zbvg,container_cpu_user_seconds_total,0.065
1744868237,kashef-k8s-w1.social-graph-redis-5bbd5b7458-f5dwx,container_cpu_user_seconds_total,0.063
1744868237,kashef-k8s-ctl.user-timeline-redis-67cc95bc57-gbqwf,container_cpu_user_seconds_total,0.09
1744868237,kashef-k8s-w1.media-mongodb-7b64c59567-zxnhk,container_cpu_user_seconds_total,1.033
1744868237,kashef-k8s-ctl.user-memcached-59687c864d-59q77,container_cpu_user_seconds_total,0.045
1744868237,kashef-k8s-ctl.user-mongodb-7745bbd78-p6prs,container_cpu_user_seconds_total,0.029
1744868237,kashef-k8s-w1.unique-id-service-694497b678-7nkgj,container_cpu_user_seconds_total,0.019
1744868237,kashef-k8s-ctl.url-shorten-mongodb-57c886d5f8-rc4wb,container_cpu_user_seconds_total,1.115
1744868237,kashef-k8s-ctl.home-timeline-redis-6c6647df6f-kl9ws,container_cpu_user_seconds_total,0.058
1744868237,kashef-k8s-w1.user-timeline-service-664c7f6696-7lqph,container_cpu_user_seconds_total,0.07
1744868237,kashef-k8s-ctl.social-graph-service-677dbc655c-pz4ck,container_cpu_user_seconds_total,0.04
1744868237,kashef-k8s-w1.media-memcached-7889bdfdfb-2vvrg,container_cpu_user_seconds_total,0.049
1744868237,kashef-k8s-w1.media-service-6c665c775d-hpth5,container_cpu_user_seconds_total,0.056
1744868243,kashef-k8s-w1.user-timeline-mongodb-6758898d48-dnw2v,container_cpu_user_seconds_total,1.151
1744868243,kashef-k8s-ctl.jaeger-67997f9775-dzz5g,container_cpu_user_seconds_total,0.104
1744868243,kashef-k8s-w1.nginx-thrift-79478f9bf5-d8c6k,container_cpu_user_seconds_total,5.905
1744868243,kashef-k8s-w1.url-shorten-memcached-6546746864-zn9d2,container_cpu_user_seconds_total,0.036
1744868243,kashef-k8s-ctl.url-shorten-service-66949ddcc4-mz6m7,container_cpu_user_seconds_total,0.063
1744868243,kashef-k8s-ctl.home-timeline-service-5754ffbc6d-s8g28,container_cpu_user_seconds_total,0.035
1744868243,kashef-k8s-w1.social-graph-mongodb-55df767ff5-99667,container_cpu_user_seconds_total,1.019
1744868243,kashef-k8s-w1.media-frontend-6b66b95ff4-r52pn,container_cpu_user_seconds_total,0.041
1744868243,kashef-k8s-w1.compose-post-service-f587bf89d-79pvg,container_cpu_user_seconds_total,0.052
1744868243,kashef-k8s-ctl.post-storage-mongodb-5579669d8c-9kthd,container_cpu_user_seconds_total,1.019
1744868243,kashef-k8s-ctl.url-shorten-mongodb-57c886d5f8-rc4wb,container_cpu_user_seconds_total,1.115
1744868243,kashef-k8s-ctl.post-storage-memcached-6b75788fc6-4zbvg,container_cpu_user_seconds_total,0.065
1744868243,kashef-k8s-w1.post-storage-service-66c9966f5f-wr46r,container_cpu_user_seconds_total,0.037
1744868243,kashef-k8s-ctl.user-mention-service-5c4f566c5-8kvv8,container_cpu_user_seconds_total,0.063
1744868243,kashef-k8s-ctl.text-service-fff64b8bf-w4hcw,container_cpu_user_seconds_total,0.051
1744868243,kashef-k8s-ctl.home-timeline-redis-6c6647df6f-kl9ws,container_cpu_user_seconds_total,0.09
1744868243,kashef-k8s-w1.user-timeline-service-664c7f6696-7lqph,container_cpu_user_seconds_total,0.07
1744868243,kashef-k8s-ctl.social-graph-service-677dbc655c-pz4ck,container_cpu_user_seconds_total,0.04
1744868243,kashef-k8s-w1.media-service-6c665c775d-hpth5,container_cpu_user_seconds_total,0.056
1744868243,kashef-k8s-ctl.user-service-547b88cd8f-zfrpr,container_cpu_user_seconds_total,0.067
1744868243,kashef-k8s-w1.social-graph-redis-5bbd5b7458-f5dwx,container_cpu_user_seconds_total,0.092
1744868243,kashef-k8s-ctl.user-mongodb-7745bbd78-p6prs,container_cpu_user_seconds_total,1.087
1744868243,kashef-k8s-w1.media-mongodb-7b64c59567-zxnhk,container_cpu_user_seconds_total,1.152
1744868243,kashef-k8s-w1.media-memcached-7889bdfdfb-2vvrg,container_cpu_user_seconds_total,0.049
1744868243,kashef-k8s-ctl.user-timeline-redis-67cc95bc57-gbqwf,container_cpu_user_seconds_total,0.09
1744868243,kashef-k8s-w1.unique-id-service-694497b678-7nkgj,container_cpu_user_seconds_total,0.019
1744868243,kashef-k8s-ctl.user-memcached-59687c864d-59q77,container_cpu_user_seconds_total,0.047
1744868249,kashef-k8s-w1.unique-id-service-694497b678-7nkgj,container_cpu_user_seconds_total,0.029
1744868249,kashef-k8s-ctl.user-mongodb-7745bbd78-p6prs,container_cpu_user_seconds_total,1.087
1744868249,kashef-k8s-w1.media-memcached-7889bdfdfb-2vvrg,container_cpu_user_seconds_total,0.049
1744868249,kashef-k8s-w1.media-mongodb-7b64c59567-zxnhk,container_cpu_user_seconds_total,1.152
1744868249,kashef-k8s-ctl.social-graph-service-677dbc655c-pz4ck,container_cpu_user_seconds_total,0.04
1744868249,kashef-k8s-w1.social-graph-redis-5bbd5b7458-f5dwx,container_cpu_user_seconds_total,0.092
1744868249,kashef-k8s-w1.media-service-6c665c775d-hpth5,container_cpu_user_seconds_total,0.057
1744868249,kashef-k8s-w1.media-frontend-6b66b95ff4-r52pn,container_cpu_user_seconds_total,5.929
1744868249,kashef-k8s-ctl.post-storage-memcached-6b75788fc6-4zbvg,container_cpu_user_seconds_total,0.065
1744868249,kashef-k8s-w1.social-graph-mongodb-55df767ff5-99667,container_cpu_user_seconds_total,1.21
1744868249,kashef-k8s-ctl.user-service-547b88cd8f-zfrpr,container_cpu_user_seconds_total,0.067
1744868249,kashef-k8s-ctl.post-storage-mongodb-5579669d8c-9kthd,container_cpu_user_seconds_total,1.019
1744868249,kashef-k8s-ctl.home-timeline-service-5754ffbc6d-s8g28,container_cpu_user_seconds_total,0.035
1744868249,kashef-k8s-w1.compose-post-service-f587bf89d-79pvg,container_cpu_user_seconds_total,0.053
1744868249,kashef-k8s-ctl.user-timeline-redis-67cc95bc57-gbqwf,container_cpu_user_seconds_total,0.09
1744868249,kashef-k8s-ctl.user-mention-service-5c4f566c5-8kvv8,container_cpu_user_seconds_total,0.063
1744868249,kashef-k8s-ctl.url-shorten-service-66949ddcc4-mz6m7,container_cpu_user_seconds_total,0.063
1744868249,kashef-k8s-w1.nginx-thrift-79478f9bf5-d8c6k,container_cpu_user_seconds_total,5.905
1744868249,kashef-k8s-w1.user-timeline-mongodb-6758898d48-dnw2v,container_cpu_user_seconds_total,1.151
1744868249,kashef-k8s-ctl.url-shorten-mongodb-57c886d5f8-rc4wb,container_cpu_user_seconds_total,1.115
1744868249,kashef-k8s-ctl.user-memcached-59687c864d-59q77,container_cpu_user_seconds_total,0.047
1744868249,kashef-k8s-ctl.text-service-fff64b8bf-w4hcw,container_cpu_user_seconds_total,0.051
1744868249,kashef-k8s-w1.user-timeline-service-664c7f6696-7lqph,container_cpu_user_seconds_total,0.07
1744868249,kashef-k8s-ctl.home-timeline-redis-6c6647df6f-kl9ws,container_cpu_user_seconds_total,0.09
1744868249,kashef-k8s-ctl.jaeger-67997f9775-dzz5g,container_cpu_user_seconds_total,0.104
1744868249,kashef-k8s-w1.url-shorten-memcached-6546746864-zn9d2,container_cpu_user_seconds_total,0.074
1744868249,kashef-k8s-w1.post-storage-service-66c9966f5f-wr46r,container_cpu_user_seconds_total,0.037
1744868255,kashef-k8s-ctl.post-storage-memcached-6b75788fc6-4zbvg,container_cpu_user_seconds_total,0.065
1744868255,kashef-k8s-w1.media-mongodb-7b64c59567-zxnhk,container_cpu_user_seconds_total,1.152
1744868255,kashef-k8s-w1.social-graph-redis-5bbd5b7458-f5dwx,container_cpu_user_seconds_total,0.092
1744868255,kashef-k8s-ctl.social-graph-service-677dbc655c-pz4ck,container_cpu_user_seconds_total,0.04
1744868255,kashef-k8s-w1.user-timeline-service-664c7f6696-7lqph,container_cpu_user_seconds_total,0.083
1744868255,kashef-k8s-ctl.user-service-547b88cd8f-zfrpr,container_cpu_user_seconds_total,0.067
1744868255,kashef-k8s-w1.compose-post-service-f587bf89d-79pvg,container_cpu_user_seconds_total,0.053
1744868255,kashef-k8s-w1.url-shorten-memcached-6546746864-zn9d2,container_cpu_user_seconds_total,0.074
1744868255,kashef-k8s-ctl.home-timeline-service-5754ffbc6d-s8g28,container_cpu_user_seconds_total,0.035
1744868255,kashef-k8s-w1.media-service-6c665c775d-hpth5,container_cpu_user_seconds_total,0.057
1744868255,kashef-k8s-ctl.user-timeline-redis-67cc95bc57-gbqwf,container_cpu_user_seconds_total,0.09
1744868255,kashef-k8s-ctl.post-storage-mongodb-5579669d8c-9kthd,container_cpu_user_seconds_total,1.019
1744868255,kashef-k8s-ctl.home-timeline-redis-6c6647df6f-kl9ws,container_cpu_user_seconds_total,0.09
1744868255,kashef-k8s-ctl.user-memcached-59687c864d-59q77,container_cpu_user_seconds_total,0.053
1744868255,kashef-k8s-ctl.user-mongodb-7745bbd78-p6prs,container_cpu_user_seconds_total,1.087
1744868255,kashef-k8s-w1.unique-id-service-694497b678-7nkgj,container_cpu_user_seconds_total,0.029
1744868255,kashef-k8s-w1.social-graph-mongodb-55df767ff5-99667,container_cpu_user_seconds_total,1.21
1744868255,kashef-k8s-ctl.jaeger-67997f9775-dzz5g,container_cpu_user_seconds_total,0.104
1744868255,kashef-k8s-w1.media-memcached-7889bdfdfb-2vvrg,container_cpu_user_seconds_total,0.055
1744868255,kashef-k8s-w1.media-frontend-6b66b95ff4-r52pn,container_cpu_user_seconds_total,5.929
1744868255,kashef-k8s-w1.post-storage-service-66c9966f5f-wr46r,container_cpu_user_seconds_total,0.055
1744868255,kashef-k8s-ctl.url-shorten-mongodb-57c886d5f8-rc4wb,container_cpu_user_seconds_total,1.115
1744868255,kashef-k8s-ctl.user-mention-service-5c4f566c5-8kvv8,container_cpu_user_seconds_total,0.063
1744868255,kashef-k8s-ctl.url-shorten-service-66949ddcc4-mz6m7,container_cpu_user_seconds_total,0.063
1744868255,kashef-k8s-w1.nginx-thrift-79478f9bf5-d8c6k,container_cpu_user_seconds_total,5.905
1744868255,kashef-k8s-ctl.text-service-fff64b8bf-w4hcw,container_cpu_user_seconds_total,0.062
1744868255,kashef-k8s-w1.user-timeline-mongodb-6758898d48-dnw2v,container_cpu_user_seconds_total,1.151
1744868261,kashef-k8s-w1.unique-id-service-694497b678-7nkgj,container_cpu_user_seconds_total,0.029
1744868261,kashef-k8s-w1.user-timeline-mongodb-6758898d48-dnw2v,container_cpu_user_seconds_total,1.151
1744868261,kashef-k8s-ctl.url-shorten-service-66949ddcc4-mz6m7,container_cpu_user_seconds_total,0.063
1744868261,kashef-k8s-w1.nginx-thrift-79478f9bf5-d8c6k,container_cpu_user_seconds_total,5.905
1744868261,kashef-k8s-ctl.text-service-fff64b8bf-w4hcw,container_cpu_user_seconds_total,0.062
1744868261,kashef-k8s-ctl.user-mention-service-5c4f566c5-8kvv8,container_cpu_user_seconds_total,0.063
1744868261,kashef-k8s-w1.url-shorten-memcached-6546746864-zn9d2,container_cpu_user_seconds_total,0.074
1744868261,kashef-k8s-ctl.post-storage-memcached-6b75788fc6-4zbvg,container_cpu_user_seconds_total,0.067
1744868261,kashef-k8s-w1.post-storage-service-66c9966f5f-wr46r,container_cpu_user_seconds_total,0.055
1744868261,kashef-k8s-ctl.jaeger-67997f9775-dzz5g,container_cpu_user_seconds_total,0.111
1744868261,kashef-k8s-w1.compose-post-service-f587bf89d-79pvg,container_cpu_user_seconds_total,0.053
1744868261,kashef-k8s-w1.media-memcached-7889bdfdfb-2vvrg,container_cpu_user_seconds_total,0.055
1744868261,kashef-k8s-ctl.social-graph-service-677dbc655c-pz4ck,container_cpu_user_seconds_total,0.04
1744868261,kashef-k8s-w1.social-graph-mongodb-55df767ff5-99667,container_cpu_user_seconds_total,1.21
1744868261,kashef-k8s-w1.user-timeline-service-664c7f6696-7lqph,container_cpu_user_seconds_total,0.083
1744868261,kashef-k8s-ctl.user-timeline-redis-67cc95bc57-gbqwf,container_cpu_user_seconds_total,0.109
1744868261,kashef-k8s-ctl.home-timeline-service-5754ffbc6d-s8g28,container_cpu_user_seconds_total,0.07
1744868261,kashef-k8s-ctl.post-storage-mongodb-5579669d8c-9kthd,container_cpu_user_seconds_total,1.019
1744868261,kashef-k8s-w1.media-frontend-6b66b95ff4-r52pn,container_cpu_user_seconds_total,5.929
1744868261,kashef-k8s-w1.media-mongodb-7b64c59567-zxnhk,container_cpu_user_seconds_total,1.152
1744868261,kashef-k8s-ctl.user-service-547b88cd8f-zfrpr,container_cpu_user_seconds_total,0.067
1744868261,kashef-k8s-w1.media-service-6c665c775d-hpth5,container_cpu_user_seconds_total,0.057
1744868261,kashef-k8s-w1.social-graph-redis-5bbd5b7458-f5dwx,container_cpu_user_seconds_total,0.092
1744868261,kashef-k8s-ctl.home-timeline-redis-6c6647df6f-kl9ws,container_cpu_user_seconds_total,0.09
1744868261,kashef-k8s-ctl.user-mongodb-7745bbd78-p6prs,container_cpu_user_seconds_total,1.087
1744868261,kashef-k8s-ctl.user-memcached-59687c864d-59q77,container_cpu_user_seconds_total,0.053
1744868261,kashef-k8s-ctl.url-shorten-mongodb-57c886d5f8-rc4wb,container_cpu_user_seconds_total,1.115
1744868267,kashef-k8s-ctl.text-service-fff64b8bf-w4hcw,container_cpu_user_seconds_total,0.062
1744868267,kashef-k8s-w1.compose-post-service-f587bf89d-79pvg,container_cpu_user_seconds_total,0.053
1744868267,kashef-k8s-ctl.user-service-547b88cd8f-zfrpr,container_cpu_user_seconds_total,0.076
1744868267,kashef-k8s-ctl.url-shorten-service-66949ddcc4-mz6m7,container_cpu_user_seconds_total,0.063
1744868267,kashef-k8s-w1.nginx-thrift-79478f9bf5-d8c6k,container_cpu_user_seconds_total,5.905
1744868267,kashef-k8s-w1.post-storage-service-66c9966f5f-wr46r,container_cpu_user_seconds_total,0.055
1744868267,kashef-k8s-ctl.user-mention-service-5c4f566c5-8kvv8,container_cpu_user_seconds_total,0.083
1744868267,kashef-k8s-ctl.jaeger-67997f9775-dzz5g,container_cpu_user_seconds_total,0.111
1744868267,kashef-k8s-ctl.home-timeline-redis-6c6647df6f-kl9ws,container_cpu_user_seconds_total,0.09
1744868267,kashef-k8s-ctl.social-graph-service-677dbc655c-pz4ck,container_cpu_user_seconds_total,0.04
1744868267,kashef-k8s-ctl.post-storage-memcached-6b75788fc6-4zbvg,container_cpu_user_seconds_total,0.067
1744868267,kashef-k8s-w1.social-graph-redis-5bbd5b7458-f5dwx,container_cpu_user_seconds_total,0.092
1744868267,kashef-k8s-w1.media-mongodb-7b64c59567-zxnhk,container_cpu_user_seconds_total,1.152
1744868267,kashef-k8s-w1.media-service-6c665c775d-hpth5,container_cpu_user_seconds_total,0.057
1744868267,kashef-k8s-w1.url-shorten-memcached-6546746864-zn9d2,container_cpu_user_seconds_total,0.074
1744868267,kashef-k8s-ctl.post-storage-mongodb-5579669d8c-9kthd,container_cpu_user_seconds_total,1.2
1744868267,kashef-k8s-ctl.user-timeline-redis-67cc95bc57-gbqwf,container_cpu_user_seconds_total,0.109
1744868267,kashef-k8s-w1.social-graph-mongodb-55df767ff5-99667,container_cpu_user_seconds_total,1.21
1744868267,kashef-k8s-w1.media-memcached-7889bdfdfb-2vvrg,container_cpu_user_seconds_total,0.055
1744868267,kashef-k8s-ctl.home-timeline-service-5754ffbc6d-s8g28,container_cpu_user_seconds_total,0.07
1744868267,kashef-k8s-w1.media-frontend-6b66b95ff4-r52pn,container_cpu_user_seconds_total,5.929
1744868267,kashef-k8s-w1.user-timeline-service-664c7f6696-7lqph,container_cpu_user_seconds_total,0.083
1744868267,kashef-k8s-ctl.user-memcached-59687c864d-59q77,container_cpu_user_seconds_total,0.053
1744868267,kashef-k8s-ctl.url-shorten-mongodb-57c886d5f8-rc4wb,container_cpu_user_seconds_total,1.309
1744868267,kashef-k8s-ctl.user-mongodb-7745bbd78-p6prs,container_cpu_user_seconds_total,1.206
1744868267,kashef-k8s-w1.user-timeline-mongodb-6758898d48-dnw2v,container_cpu_user_seconds_total,1.151
1744868267,kashef-k8s-w1.unique-id-service-694497b678-7nkgj,container_cpu_user_seconds_total,0.029
1744868273,kashef-k8s-w1.user-timeline-mongodb-6758898d48-dnw2v,container_cpu_user_seconds_total,1.351
1744868273,kashef-k8s-w1.media-mongodb-7b64c59567-zxnhk,container_cpu_user_seconds_total,1.344
1744868273,kashef-k8s-w1.unique-id-service-694497b678-7nkgj,container_cpu_user_seconds_total,0.034
1744868273,kashef-k8s-ctl.user-memcached-59687c864d-59q77,container_cpu_user_seconds_total,0.053
1744868273,kashef-k8s-ctl.text-service-fff64b8bf-w4hcw,container_cpu_user_seconds_total,0.062
1744868273,kashef-k8s-w1.user-timeline-service-664c7f6696-7lqph,container_cpu_user_seconds_total,0.083
1744868273,kashef-k8s-ctl.home-timeline-service-5754ffbc6d-s8g28,container_cpu_user_seconds_total,0.07
1744868273,kashef-k8s-ctl.user-mongodb-7745bbd78-p6prs,container_cpu_user_seconds_total,1.206
1744868273,kashef-k8s-w1.media-memcached-7889bdfdfb-2vvrg,container_cpu_user_seconds_total,0.055
1744868273,kashef-k8s-w1.social-graph-redis-5bbd5b7458-f5dwx,container_cpu_user_seconds_total,0.13
1744868273,kashef-k8s-w1.media-service-6c665c775d-hpth5,container_cpu_user_seconds_total,0.057
1744868273,kashef-k8s-ctl.post-storage-mongodb-5579669d8c-9kthd,container_cpu_user_seconds_total,1.2
1744868273,kashef-k8s-w1.social-graph-mongodb-55df767ff5-99667,container_cpu_user_seconds_total,1.21
1744868273,kashef-k8s-w1.url-shorten-memcached-6546746864-zn9d2,container_cpu_user_seconds_total,0.074
1744868273,kashef-k8s-ctl.user-timeline-redis-67cc95bc57-gbqwf,container_cpu_user_seconds_total,0.109
1744868273,kashef-k8s-ctl.jaeger-67997f9775-dzz5g,container_cpu_user_seconds_total,0.111
1744868273,kashef-k8s-ctl.user-mention-service-5c4f566c5-8kvv8,container_cpu_user_seconds_total,0.083
1744868273,kashef-k8s-ctl.url-shorten-mongodb-57c886d5f8-rc4wb,container_cpu_user_seconds_total,1.309
1744868273,kashef-k8s-w1.nginx-thrift-79478f9bf5-d8c6k,container_cpu_user_seconds_total,6.064
1744868273,kashef-k8s-w1.post-storage-service-66c9966f5f-wr46r,container_cpu_user_seconds_total,0.08
1744868273,kashef-k8s-w1.compose-post-service-f587bf89d-79pvg,container_cpu_user_seconds_total,0.053
1744868273,kashef-k8s-w1.media-frontend-6b66b95ff4-r52pn,container_cpu_user_seconds_total,5.929
1744868273,kashef-k8s-ctl.user-service-547b88cd8f-zfrpr,container_cpu_user_seconds_total,0.076
1744868273,kashef-k8s-ctl.url-shorten-service-66949ddcc4-mz6m7,container_cpu_user_seconds_total,0.079
1744868273,kashef-k8s-ctl.post-storage-memcached-6b75788fc6-4zbvg,container_cpu_user_seconds_total,0.067
1744868273,kashef-k8s-ctl.social-graph-service-677dbc655c-pz4ck,container_cpu_user_seconds_total,0.045
1744868273,kashef-k8s-ctl.home-timeline-redis-6c6647df6f-kl9ws,container_cpu_user_seconds_total,0.133
1744868279,kashef-k8s-ctl.post-storage-mongodb-5579669d8c-9kthd,container_cpu_user_seconds_total,1.2
1744868279,kashef-k8s-w1.nginx-thrift-79478f9bf5-d8c6k,container_cpu_user_seconds_total,6.064
1744868279,kashef-k8s-ctl.user-timeline-redis-67cc95bc57-gbqwf,container_cpu_user_seconds_total,0.109
1744868279,kashef-k8s-ctl.home-timeline-service-5754ffbc6d-s8g28,container_cpu_user_seconds_total,0.07
1744868279,kashef-k8s-w1.unique-id-service-694497b678-7nkgj,container_cpu_user_seconds_total,0.034
1744868279,kashef-k8s-ctl.home-timeline-redis-6c6647df6f-kl9ws,container_cpu_user_seconds_total,0.133
1744868279,kashef-k8s-w1.media-service-6c665c775d-hpth5,container_cpu_user_seconds_total,0.057
1744868279,kashef-k8s-w1.social-graph-redis-5bbd5b7458-f5dwx,container_cpu_user_seconds_total,0.13
1744868279,kashef-k8s-w1.url-shorten-memcached-6546746864-zn9d2,container_cpu_user_seconds_total,0.079
1744868279,kashef-k8s-ctl.social-graph-service-677dbc655c-pz4ck,container_cpu_user_seconds_total,0.045
1744868279,kashef-k8s-w1.user-timeline-service-664c7f6696-7lqph,container_cpu_user_seconds_total,0.124
1744868279,kashef-k8s-w1.compose-post-service-f587bf89d-79pvg,container_cpu_user_seconds_total,0.053
1744868279,kashef-k8s-w1.media-memcached-7889bdfdfb-2vvrg,container_cpu_user_seconds_total,0.055
1744868279,kashef-k8s-w1.social-graph-mongodb-55df767ff5-99667,container_cpu_user_seconds_total,1.21
1744868279,kashef-k8s-w1.user-timeline-mongodb-6758898d48-dnw2v,container_cpu_user_seconds_total,1.351
1744868279,kashef-k8s-w1.media-mongodb-7b64c59567-zxnhk,container_cpu_user_seconds_total,1.344
1744868279,kashef-k8s-ctl.user-mongodb-7745bbd78-p6prs,container_cpu_user_seconds_total,1.206
1744868279,kashef-k8s-ctl.text-service-fff64b8bf-w4hcw,container_cpu_user_seconds_total,0.062
1744868279,kashef-k8s-w1.post-storage-service-66c9966f5f-wr46r,container_cpu_user_seconds_total,0.08
1744868279,kashef-k8s-ctl.user-memcached-59687c864d-59q77,container_cpu_user_seconds_total,0.053
1744868279,kashef-k8s-ctl.post-storage-memcached-6b75788fc6-4zbvg,container_cpu_user_seconds_total,0.067
1744868279,kashef-k8s-ctl.url-shorten-mongodb-57c886d5f8-rc4wb,container_cpu_user_seconds_total,1.309
1744868279,kashef-k8s-ctl.user-mention-service-5c4f566c5-8kvv8,container_cpu_user_seconds_total,0.083
1744868279,kashef-k8s-ctl.url-shorten-service-66949ddcc4-mz6m7,container_cpu_user_seconds_total,0.079
1744868279,kashef-k8s-ctl.jaeger-67997f9775-dzz5g,container_cpu_user_seconds_total,0.111
1744868279,kashef-k8s-w1.media-frontend-6b66b95ff4-r52pn,container_cpu_user_seconds_total,5.929
1744868279,kashef-k8s-ctl.user-service-547b88cd8f-zfrpr,container_cpu_user_seconds_total,0.076
1744868285,kashef-k8s-ctl.text-service-fff64b8bf-w4hcw,container_cpu_user_seconds_total,0.062
1744868285,kashef-k8s-ctl.url-shorten-service-66949ddcc4-mz6m7,container_cpu_user_seconds_total,0.079
1744868285,kashef-k8s-ctl.jaeger-67997f9775-dzz5g,container_cpu_user_seconds_total,0.111
1744868285,kashef-k8s-w1.media-mongodb-7b64c59567-zxnhk,container_cpu_user_seconds_total,1.344
1744868285,kashef-k8s-ctl.url-shorten-mongodb-57c886d5f8-rc4wb,container_cpu_user_seconds_total,1.309
1744868285,kashef-k8s-w1.media-frontend-6b66b95ff4-r52pn,container_cpu_user_seconds_total,5.929
1744868285,kashef-k8s-ctl.home-timeline-service-5754ffbc6d-s8g28,container_cpu_user_seconds_total,0.07
1744868285,kashef-k8s-ctl.home-timeline-redis-6c6647df6f-kl9ws,container_cpu_user_seconds_total,0.133
1744868285,kashef-k8s-w1.post-storage-service-66c9966f5f-wr46r,container_cpu_user_seconds_total,0.08
1744868285,kashef-k8s-ctl.social-graph-service-677dbc655c-pz4ck,container_cpu_user_seconds_total,0.045
1744868285,kashef-k8s-w1.social-graph-redis-5bbd5b7458-f5dwx,container_cpu_user_seconds_total,0.13
1744868285,kashef-k8s-ctl.user-service-547b88cd8f-zfrpr,container_cpu_user_seconds_total,0.076
1744868285,kashef-k8s-w1.social-graph-mongodb-55df767ff5-99667,container_cpu_user_seconds_total,1.393
1744868285,kashef-k8s-w1.nginx-thrift-79478f9bf5-d8c6k,container_cpu_user_seconds_total,6.064
1744868285,kashef-k8s-w1.media-service-6c665c775d-hpth5,container_cpu_user_seconds_total,0.063
1744868285,kashef-k8s-ctl.user-timeline-redis-67cc95bc57-gbqwf,container_cpu_user_seconds_total,0.109
1744868285,kashef-k8s-w1.url-shorten-memcached-6546746864-zn9d2,container_cpu_user_seconds_total,0.079
1744868285,kashef-k8s-w1.media-memcached-7889bdfdfb-2vvrg,container_cpu_user_seconds_total,0.059
1744868285,kashef-k8s-w1.user-timeline-service-664c7f6696-7lqph,container_cpu_user_seconds_total,0.124
1744868285,kashef-k8s-ctl.post-storage-memcached-6b75788fc6-4zbvg,container_cpu_user_seconds_total,0.067
1744868285,kashef-k8s-w1.compose-post-service-f587bf89d-79pvg,container_cpu_user_seconds_total,0.089
1744868285,kashef-k8s-w1.user-timeline-mongodb-6758898d48-dnw2v,container_cpu_user_seconds_total,1.351
1744868285,kashef-k8s-w1.unique-id-service-694497b678-7nkgj,container_cpu_user_seconds_total,0.034
1744868285,kashef-k8s-ctl.user-memcached-59687c864d-59q77,container_cpu_user_seconds_total,0.053
1744868285,kashef-k8s-ctl.user-mongodb-7745bbd78-p6prs,container_cpu_user_seconds_total,1.206
1744868285,kashef-k8s-ctl.user-mention-service-5c4f566c5-8kvv8,container_cpu_user_seconds_total,0.083
1744868285,kashef-k8s-ctl.post-storage-mongodb-5579669d8c-9kthd,container_cpu_user_seconds_total,1.2
1744868291,kashef-k8s-w1.unique-id-service-694497b678-7nkgj,container_cpu_user_seconds_total,0.034
1744868291,kashef-k8s-ctl.user-mongodb-7745bbd78-p6prs,container_cpu_user_seconds_total,1.206
1744868291,kashef-k8s-w1.user-timeline-mongodb-6758898d48-dnw2v,container_cpu_user_seconds_total,1.351
1744868291,kashef-k8s-ctl.post-storage-mongodb-5579669d8c-9kthd,container_cpu_user_seconds_total,1.2
1744868291,kashef-k8s-ctl.user-memcached-59687c864d-59q77,container_cpu_user_seconds_total,0.053
1744868291,kashef-k8s-ctl.post-storage-memcached-6b75788fc6-4zbvg,container_cpu_user_seconds_total,0.067
1744868291,kashef-k8s-w1.user-timeline-service-664c7f6696-7lqph,container_cpu_user_seconds_total,0.124
1744868291,kashef-k8s-ctl.user-mention-service-5c4f566c5-8kvv8,container_cpu_user_seconds_total,0.083
1744868291,kashef-k8s-w1.social-graph-mongodb-55df767ff5-99667,container_cpu_user_seconds_total,1.393
1744868291,kashef-k8s-w1.social-graph-redis-5bbd5b7458-f5dwx,container_cpu_user_seconds_total,0.13
1744868291,kashef-k8s-ctl.user-service-547b88cd8f-zfrpr,container_cpu_user_seconds_total,0.078
1744868291,kashef-k8s-w1.nginx-thrift-79478f9bf5-d8c6k,container_cpu_user_seconds_total,6.064
1744868291,kashef-k8s-w1.media-memcached-7889bdfdfb-2vvrg,container_cpu_user_seconds_total,0.059
1744868291,kashef-k8s-w1.compose-post-service-f587bf89d-79pvg,container_cpu_user_seconds_total,0.089
1744868291,kashef-k8s-w1.url-shorten-memcached-6546746864-zn9d2,container_cpu_user_seconds_total,0.079
1744868291,kashef-k8s-ctl.social-graph-service-677dbc655c-pz4ck,container_cpu_user_seconds_total,0.049
1744868291,kashef-k8s-w1.media-frontend-6b66b95ff4-r52pn,container_cpu_user_seconds_total,5.929
1744868291,kashef-k8s-ctl.user-timeline-redis-67cc95bc57-gbqwf,container_cpu_user_seconds_total,0.109
1744868291,kashef-k8s-ctl.jaeger-67997f9775-dzz5g,container_cpu_user_seconds_total,0.111
1744868291,kashef-k8s-ctl.text-service-fff64b8bf-w4hcw,container_cpu_user_seconds_total,0.062
1744868291,kashef-k8s-ctl.url-shorten-mongodb-57c886d5f8-rc4wb,container_cpu_user_seconds_total,1.309
1744868291,kashef-k8s-ctl.home-timeline-redis-6c6647df6f-kl9ws,container_cpu_user_seconds_total,0.133
1744868291,kashef-k8s-ctl.home-timeline-service-5754ffbc6d-s8g28,container_cpu_user_seconds_total,0.07
1744868291,kashef-k8s-ctl.url-shorten-service-66949ddcc4-mz6m7,container_cpu_user_seconds_total,0.091
1744868291,kashef-k8s-w1.media-service-6c665c775d-hpth5,container_cpu_user_seconds_total,0.063
1744868291,kashef-k8s-w1.media-mongodb-7b64c59567-zxnhk,container_cpu_user_seconds_total,1.344
1744868291,kashef-k8s-w1.post-storage-service-66c9966f5f-wr46r,container_cpu_user_seconds_total,0.08
1744868297,kashef-k8s-w1.user-timeline-mongodb-6758898d48-dnw2v,container_cpu_user_seconds_total,1.351
1744868297,kashef-k8s-ctl.url-shorten-mongodb-57c886d5f8-rc4wb,container_cpu_user_seconds_total,1.309
1744868297,kashef-k8s-ctl.user-mongodb-7745bbd78-p6prs,container_cpu_user_seconds_total,1.426
1744868297,kashef-k8s-ctl.user-memcached-59687c864d-59q77,container_cpu_user_seconds_total,0.056
1744868297,kashef-k8s-w1.social-graph-mongodb-55df767ff5-99667,container_cpu_user_seconds_total,1.468
1744868297,kashef-k8s-w1.url-shorten-memcached-6546746864-zn9d2,container_cpu_user_seconds_total,0.079
1744868297,kashef-k8s-ctl.home-timeline-redis-6c6647df6f-kl9ws,container_cpu_user_seconds_total,0.172
1744868297,kashef-k8s-ctl.user-service-547b88cd8f-zfrpr,container_cpu_user_seconds_total,0.078
1744868297,kashef-k8s-ctl.user-timeline-redis-67cc95bc57-gbqwf,container_cpu_user_seconds_total,0.109
1744868297,kashef-k8s-w1.media-memcached-7889bdfdfb-2vvrg,container_cpu_user_seconds_total,0.059
1744868297,kashef-k8s-ctl.social-graph-service-677dbc655c-pz4ck,container_cpu_user_seconds_total,0.049
1744868297,kashef-k8s-w1.nginx-thrift-79478f9bf5-d8c6k,container_cpu_user_seconds_total,6.064
1744868297,kashef-k8s-ctl.post-storage-memcached-6b75788fc6-4zbvg,container_cpu_user_seconds_total,0.072
1744868297,kashef-k8s-w1.user-timeline-service-664c7f6696-7lqph,container_cpu_user_seconds_total,0.124
1744868297,kashef-k8s-w1.media-frontend-6b66b95ff4-r52pn,container_cpu_user_seconds_total,5.929
1744868297,kashef-k8s-ctl.home-timeline-service-5754ffbc6d-s8g28,container_cpu_user_seconds_total,0.113
1744868297,kashef-k8s-ctl.user-mention-service-5c4f566c5-8kvv8,container_cpu_user_seconds_total,0.084
1744868297,kashef-k8s-w1.social-graph-redis-5bbd5b7458-f5dwx,container_cpu_user_seconds_total,0.13
1744868297,kashef-k8s-w1.media-mongodb-7b64c59567-zxnhk,container_cpu_user_seconds_total,1.344
1744868297,kashef-k8s-ctl.url-shorten-service-66949ddcc4-mz6m7,container_cpu_user_seconds_total,0.091
1744868297,kashef-k8s-w1.post-storage-service-66c9966f5f-wr46r,container_cpu_user_seconds_total,0.08
1744868297,kashef-k8s-ctl.jaeger-67997f9775-dzz5g,container_cpu_user_seconds_total,0.15
1744868297,kashef-k8s-ctl.post-storage-mongodb-5579669d8c-9kthd,container_cpu_user_seconds_total,1.43
1744868297,kashef-k8s-w1.compose-post-service-f587bf89d-79pvg,container_cpu_user_seconds_total,0.089
1744868297,kashef-k8s-ctl.text-service-fff64b8bf-w4hcw,container_cpu_user_seconds_total,0.062
1744868297,kashef-k8s-w1.media-service-6c665c775d-hpth5,container_cpu_user_seconds_total,0.063
1744868297,kashef-k8s-w1.unique-id-service-694497b678-7nkgj,container_cpu_user_seconds_total,0.034
1744868303,kashef-k8s-w1.media-memcached-7889bdfdfb-2vvrg,container_cpu_user_seconds_total,0.059
1744868303,kashef-k8s-w1.user-timeline-service-664c7f6696-7lqph,container_cpu_user_seconds_total,0.176
1744868303,kashef-k8s-ctl.url-shorten-mongodb-57c886d5f8-rc4wb,container_cpu_user_seconds_total,1.516
1744868303,kashef-k8s-ctl.user-mongodb-7745bbd78-p6prs,container_cpu_user_seconds_total,1.426
1744868303,kashef-k8s-ctl.social-graph-service-677dbc655c-pz4ck,container_cpu_user_seconds_total,0.049
1744868303,kashef-k8s-w1.media-service-6c665c775d-hpth5,container_cpu_user_seconds_total,0.063
1744868303,kashef-k8s-w1.user-timeline-mongodb-6758898d48-dnw2v,container_cpu_user_seconds_total,1.563
1744868303,kashef-k8s-ctl.user-memcached-59687c864d-59q77,container_cpu_user_seconds_total,0.056
1744868303,kashef-k8s-w1.post-storage-service-66c9966f5f-wr46r,container_cpu_user_seconds_total,0.106
1744868303,kashef-k8s-ctl.user-mention-service-5c4f566c5-8kvv8,container_cpu_user_seconds_total,0.084
1744868303,kashef-k8s-w1.social-graph-mongodb-55df767ff5-99667,container_cpu_user_seconds_total,1.468
1744868303,kashef-k8s-ctl.user-timeline-redis-67cc95bc57-gbqwf,container_cpu_user_seconds_total,0.164
1744868303,kashef-k8s-w1.compose-post-service-f587bf89d-79pvg,container_cpu_user_seconds_total,0.089
1744868303,kashef-k8s-ctl.post-storage-memcached-6b75788fc6-4zbvg,container_cpu_user_seconds_total,0.072
1744868303,kashef-k8s-w1.social-graph-redis-5bbd5b7458-f5dwx,container_cpu_user_seconds_total,0.13
1744868303,kashef-k8s-w1.url-shorten-memcached-6546746864-zn9d2,container_cpu_user_seconds_total,0.079
1744868303,kashef-k8s-ctl.jaeger-67997f9775-dzz5g,container_cpu_user_seconds_total,0.15
1744868303,kashef-k8s-ctl.text-service-fff64b8bf-w4hcw,container_cpu_user_seconds_total,0.112
1744868303,kashef-k8s-ctl.home-timeline-redis-6c6647df6f-kl9ws,container_cpu_user_seconds_total,0.172
1744868303,kashef-k8s-ctl.post-storage-mongodb-5579669d8c-9kthd,container_cpu_user_seconds_total,1.43
1744868303,kashef-k8s-w1.nginx-thrift-79478f9bf5-d8c6k,container_cpu_user_seconds_total,6.064
1744868303,kashef-k8s-ctl.home-timeline-service-5754ffbc6d-s8g28,container_cpu_user_seconds_total,0.113
1744868303,kashef-k8s-w1.unique-id-service-694497b678-7nkgj,container_cpu_user_seconds_total,0.042
1744868303,kashef-k8s-w1.media-mongodb-7b64c59567-zxnhk,container_cpu_user_seconds_total,1.344
1744868303,kashef-k8s-ctl.user-service-547b88cd8f-zfrpr,container_cpu_user_seconds_total,0.078
1744868303,kashef-k8s-w1.media-frontend-6b66b95ff4-r52pn,container_cpu_user_seconds_total,5.929
1744868303,kashef-k8s-ctl.url-shorten-service-66949ddcc4-mz6m7,container_cpu_user_seconds_total,0.091
1744868309,kashef-k8s-w1.url-shorten-memcached-6546746864-zn9d2,container_cpu_user_seconds_total,0.083
1744868309,kashef-k8s-ctl.social-graph-service-677dbc655c-pz4ck,container_cpu_user_seconds_total,0.049
1744868309,kashef-k8s-w1.media-service-6c665c775d-hpth5,container_cpu_user_seconds_total,0.063
1744868309,kashef-k8s-w1.user-timeline-mongodb-6758898d48-dnw2v,container_cpu_user_seconds_total,1.563
1744868309,kashef-k8s-ctl.user-memcached-59687c864d-59q77,container_cpu_user_seconds_total,0.056
1744868309,kashef-k8s-ctl.user-timeline-redis-67cc95bc57-gbqwf,container_cpu_user_seconds_total,0.164
1744868309,kashef-k8s-w1.media-frontend-6b66b95ff4-r52pn,container_cpu_user_seconds_total,5.929
1744868309,kashef-k8s-w1.social-graph-mongodb-55df767ff5-99667,container_cpu_user_seconds_total,1.468
1744868309,kashef-k8s-w1.post-storage-service-66c9966f5f-wr46r,container_cpu_user_seconds_total,0.106
1744868309,kashef-k8s-w1.social-graph-redis-5bbd5b7458-f5dwx,container_cpu_user_seconds_total,0.175
1744868309,kashef-k8s-ctl.home-timeline-service-5754ffbc6d-s8g28,container_cpu_user_seconds_total,0.113
1744868309,kashef-k8s-w1.compose-post-service-f587bf89d-79pvg,container_cpu_user_seconds_total,0.089
1744868309,kashef-k8s-ctl.post-storage-memcached-6b75788fc6-4zbvg,container_cpu_user_seconds_total,0.072
1744868309,kashef-k8s-ctl.user-mongodb-7745bbd78-p6prs,container_cpu_user_seconds_total,1.426
1744868309,kashef-k8s-ctl.url-shorten-mongodb-57c886d5f8-rc4wb,container_cpu_user_seconds_total,1.516
1744868309,kashef-k8s-ctl.post-storage-mongodb-5579669d8c-9kthd,container_cpu_user_seconds_total,1.43
1744868309,kashef-k8s-w1.media-memcached-7889bdfdfb-2vvrg,container_cpu_user_seconds_total,0.062
1744868309,kashef-k8s-w1.user-timeline-service-664c7f6696-7lqph,container_cpu_user_seconds_total,0.176
1744868309,kashef-k8s-ctl.user-service-547b88cd8f-zfrpr,container_cpu_user_seconds_total,0.078
1744868309,kashef-k8s-ctl.url-shorten-service-66949ddcc4-mz6m7,container_cpu_user_seconds_total,0.091
1744868309,kashef-k8s-ctl.user-mention-service-5c4f566c5-8kvv8,container_cpu_user_seconds_total,0.084
1744868309,kashef-k8s-w1.media-mongodb-7b64c59567-zxnhk,container_cpu_user_seconds_total,1.535
1744868309,kashef-k8s-ctl.home-timeline-redis-6c6647df6f-kl9ws,container_cpu_user_seconds_total,0.172
1744868309,kashef-k8s-w1.nginx-thrift-79478f9bf5-d8c6k,container_cpu_user_seconds_total,6.285
1744868309,kashef-k8s-ctl.text-service-fff64b8bf-w4hcw,container_cpu_user_seconds_total,0.112
1744868309,kashef-k8s-ctl.jaeger-67997f9775-dzz5g,container_cpu_user_seconds_total,0.15
1744868309,kashef-k8s-w1.unique-id-service-694497b678-7nkgj,container_cpu_user_seconds_total,0.042
1744868315,kashef-k8s-ctl.user-mongodb-7745bbd78-p6prs,container_cpu_user_seconds_total,1.426
1744868315,kashef-k8s-w1.unique-id-service-694497b678-7nkgj,container_cpu_user_seconds_total,0.042
1744868315,kashef-k8s-w1.nginx-thrift-79478f9bf5-d8c6k,container_cpu_user_seconds_total,6.285
1744868315,kashef-k8s-ctl.home-timeline-redis-6c6647df6f-kl9ws,container_cpu_user_seconds_total,0.172
1744868315,kashef-k8s-ctl.text-service-fff64b8bf-w4hcw,container_cpu_user_seconds_total,0.114
1744868315,kashef-k8s-ctl.url-shorten-service-66949ddcc4-mz6m7,container_cpu_user_seconds_total,0.091
1744868315,kashef-k8s-ctl.user-service-547b88cd8f-zfrpr,container_cpu_user_seconds_total,0.078
1744868315,kashef-k8s-w1.media-memcached-7889bdfdfb-2vvrg,container_cpu_user_seconds_total,0.062
1744868315,kashef-k8s-ctl.user-mention-service-5c4f566c5-8kvv8,container_cpu_user_seconds_total,0.084
1744868315,kashef-k8s-w1.compose-post-service-f587bf89d-79pvg,container_cpu_user_seconds_total,0.13
1744868315,kashef-k8s-ctl.home-timeline-service-5754ffbc6d-s8g28,container_cpu_user_seconds_total,0.113
1744868315,kashef-k8s-ctl.post-storage-memcached-6b75788fc6-4zbvg,container_cpu_user_seconds_total,0.072
1744868315,kashef-k8s-w1.post-storage-service-66c9966f5f-wr46r,container_cpu_user_seconds_total,0.106
1744868315,kashef-k8s-w1.social-graph-mongodb-55df767ff5-99667,container_cpu_user_seconds_total,1.468
1744868315,kashef-k8s-ctl.user-timeline-redis-67cc95bc57-gbqwf,container_cpu_user_seconds_total,0.164
1744868315,kashef-k8s-w1.media-frontend-6b66b95ff4-r52pn,container_cpu_user_seconds_total,5.929
1744868315,kashef-k8s-w1.user-timeline-mongodb-6758898d48-dnw2v,container_cpu_user_seconds_total,1.563
1744868315,kashef-k8s-ctl.url-shorten-mongodb-57c886d5f8-rc4wb,container_cpu_user_seconds_total,1.516
1744868315,kashef-k8s-ctl.post-storage-mongodb-5579669d8c-9kthd,container_cpu_user_seconds_total,1.43
1744868315,kashef-k8s-ctl.jaeger-67997f9775-dzz5g,container_cpu_user_seconds_total,0.15
1744868315,kashef-k8s-w1.url-shorten-memcached-6546746864-zn9d2,container_cpu_user_seconds_total,0.083
1744868315,kashef-k8s-w1.user-timeline-service-664c7f6696-7lqph,container_cpu_user_seconds_total,0.176
1744868315,kashef-k8s-ctl.user-memcached-59687c864d-59q77,container_cpu_user_seconds_total,0.056
1744868315,kashef-k8s-w1.media-mongodb-7b64c59567-zxnhk,container_cpu_user_seconds_total,1.535
1744868315,kashef-k8s-w1.media-service-6c665c775d-hpth5,container_cpu_user_seconds_total,0.064
1744868315,kashef-k8s-ctl.social-graph-service-677dbc655c-pz4ck,container_cpu_user_seconds_total,0.049
1744868315,kashef-k8s-w1.social-graph-redis-5bbd5b7458-f5dwx,container_cpu_user_seconds_total,0.175
1744868321,kashef-k8s-ctl.user-mention-service-5c4f566c5-8kvv8,container_cpu_user_seconds_total,0.087
1744868321,kashef-k8s-w1.unique-id-service-694497b678-7nkgj,container_cpu_user_seconds_total,0.042
1744868321,kashef-k8s-ctl.user-service-547b88cd8f-zfrpr,container_cpu_user_seconds_total,0.078
1744868321,kashef-k8s-ctl.text-service-fff64b8bf-w4hcw,container_cpu_user_seconds_total,0.114
1744868321,kashef-k8s-w1.media-memcached-7889bdfdfb-2vvrg,container_cpu_user_seconds_total,0.062
1744868321,kashef-k8s-ctl.home-timeline-service-5754ffbc6d-s8g28,container_cpu_user_seconds_total,0.161
1744868321,kashef-k8s-ctl.post-storage-memcached-6b75788fc6-4zbvg,container_cpu_user_seconds_total,0.074
1744868321,kashef-k8s-w1.post-storage-service-66c9966f5f-wr46r,container_cpu_user_seconds_total,0.106
1744868321,kashef-k8s-w1.compose-post-service-f587bf89d-79pvg,container_cpu_user_seconds_total,0.13
1744868321,kashef-k8s-w1.media-frontend-6b66b95ff4-r52pn,container_cpu_user_seconds_total,5.929
1744868321,kashef-k8s-w1.nginx-thrift-79478f9bf5-d8c6k,container_cpu_user_seconds_total,6.285
1744868321,kashef-k8s-ctl.user-timeline-redis-67cc95bc57-gbqwf,container_cpu_user_seconds_total,0.194
1744868321,kashef-k8s-w1.social-graph-mongodb-55df767ff5-99667,container_cpu_user_seconds_total,1.468
1744868321,kashef-k8s-ctl.url-shorten-service-66949ddcc4-mz6m7,container_cpu_user_seconds_total,0.091
1744868321,kashef-k8s-ctl.user-memcached-59687c864d-59q77,container_cpu_user_seconds_total,0.056
1744868321,kashef-k8s-ctl.user-mongodb-7745bbd78-p6prs,container_cpu_user_seconds_total,1.622
1744868321,kashef-k8s-w1.url-shorten-memcached-6546746864-zn9d2,container_cpu_user_seconds_total,0.083
1744868321,kashef-k8s-w1.user-timeline-mongodb-6758898d48-dnw2v,container_cpu_user_seconds_total,1.563
1744868321,kashef-k8s-w1.media-service-6c665c775d-hpth5,container_cpu_user_seconds_total,0.064
1744868321,kashef-k8s-w1.social-graph-redis-5bbd5b7458-f5dwx,container_cpu_user_seconds_total,0.175
1744868321,kashef-k8s-w1.user-timeline-service-664c7f6696-7lqph,container_cpu_user_seconds_total,0.176
1744868321,kashef-k8s-ctl.jaeger-67997f9775-dzz5g,container_cpu_user_seconds_total,0.15
1744868321,kashef-k8s-ctl.url-shorten-mongodb-57c886d5f8-rc4wb,container_cpu_user_seconds_total,1.516
1744868321,kashef-k8s-ctl.social-graph-service-677dbc655c-pz4ck,container_cpu_user_seconds_total,0.049
1744868321,kashef-k8s-ctl.post-storage-mongodb-5579669d8c-9kthd,container_cpu_user_seconds_total,1.43
1744868321,kashef-k8s-w1.media-mongodb-7b64c59567-zxnhk,container_cpu_user_seconds_total,1.535
1744868321,kashef-k8s-ctl.home-timeline-redis-6c6647df6f-kl9ws,container_cpu_user_seconds_total,0.172
1744868327,kashef-k8s-w1.media-mongodb-7b64c59567-zxnhk,container_cpu_user_seconds_total,1.535
1744868327,kashef-k8s-w1.social-graph-redis-5bbd5b7458-f5dwx,container_cpu_user_seconds_total,0.175
1744868327,kashef-k8s-w1.unique-id-service-694497b678-7nkgj,container_cpu_user_seconds_total,0.042
1744868327,kashef-k8s-ctl.user-mongodb-7745bbd78-p6prs,container_cpu_user_seconds_total,1.622
1744868327,kashef-k8s-w1.media-service-6c665c775d-hpth5,container_cpu_user_seconds_total,0.064
1744868327,kashef-k8s-w1.user-timeline-service-664c7f6696-7lqph,container_cpu_user_seconds_total,0.176
1744868327,kashef-k8s-ctl.jaeger-67997f9775-dzz5g,container_cpu_user_seconds_total,0.15
1744868327,kashef-k8s-ctl.post-storage-mongodb-5579669d8c-9kthd,container_cpu_user_seconds_total,1.603
1744868327,kashef-k8s-w1.post-storage-service-66c9966f5f-wr46r,container_cpu_user_seconds_total,0.106
1744868327,kashef-k8s-w1.social-graph-mongodb-55df767ff5-99667,container_cpu_user_seconds_total,1.468
1744868327,kashef-k8s-ctl.home-timeline-redis-6c6647df6f-kl9ws,container_cpu_user_seconds_total,0.172
1744868327,kashef-k8s-w1.user-timeline-mongodb-6758898d48-dnw2v,container_cpu_user_seconds_total,1.563
1744868327,kashef-k8s-ctl.url-shorten-service-66949ddcc4-mz6m7,container_cpu_user_seconds_total,0.091
1744868327,kashef-k8s-ctl.home-timeline-service-5754ffbc6d-s8g28,container_cpu_user_seconds_total,0.161
1744868327,kashef-k8s-ctl.url-shorten-mongodb-57c886d5f8-rc4wb,container_cpu_user_seconds_total,1.683
1744868327,kashef-k8s-w1.url-shorten-memcached-6546746864-zn9d2,container_cpu_user_seconds_total,0.083
1744868327,kashef-k8s-ctl.user-mention-service-5c4f566c5-8kvv8,container_cpu_user_seconds_total,0.087
1744868327,kashef-k8s-w1.media-frontend-6b66b95ff4-r52pn,container_cpu_user_seconds_total,5.929
1744868327,kashef-k8s-ctl.post-storage-memcached-6b75788fc6-4zbvg,container_cpu_user_seconds_total,0.074
1744868327,kashef-k8s-ctl.social-graph-service-677dbc655c-pz4ck,container_cpu_user_seconds_total,0.068
1744868327,kashef-k8s-ctl.text-service-fff64b8bf-w4hcw,container_cpu_user_seconds_total,0.114
1744868327,kashef-k8s-w1.media-memcached-7889bdfdfb-2vvrg,container_cpu_user_seconds_total,0.062
1744868327,kashef-k8s-ctl.user-memcached-59687c864d-59q77,container_cpu_user_seconds_total,0.065
1744868327,kashef-k8s-w1.compose-post-service-f587bf89d-79pvg,container_cpu_user_seconds_total,0.13
1744868327,kashef-k8s-ctl.user-timeline-redis-67cc95bc57-gbqwf,container_cpu_user_seconds_total,0.194
1744868327,kashef-k8s-w1.nginx-thrift-79478f9bf5-d8c6k,container_cpu_user_seconds_total,6.285
1744868327,kashef-k8s-ctl.user-service-547b88cd8f-zfrpr,container_cpu_user_seconds_total,0.078
1744868333,kashef-k8s-ctl.url-shorten-mongodb-57c886d5f8-rc4wb,container_cpu_user_seconds_total,1.683
1744868333,kashef-k8s-w1.unique-id-service-694497b678-7nkgj,container_cpu_user_seconds_total,0.042
1744868333,kashef-k8s-w1.media-mongodb-7b64c59567-zxnhk,container_cpu_user_seconds_total,1.6
1744868333,kashef-k8s-ctl.post-storage-mongodb-5579669d8c-9kthd,container_cpu_user_seconds_total,1.603
1744868333,kashef-k8s-ctl.jaeger-67997f9775-dzz5g,container_cpu_user_seconds_total,0.168
1744868333,kashef-k8s-ctl.social-graph-service-677dbc655c-pz4ck,container_cpu_user_seconds_total,0.068
1744868333,kashef-k8s-w1.user-timeline-mongodb-6758898d48-dnw2v,container_cpu_user_seconds_total,1.563
1744868333,kashef-k8s-w1.post-storage-service-66c9966f5f-wr46r,container_cpu_user_seconds_total,0.127
1744868333,kashef-k8s-ctl.home-timeline-service-5754ffbc6d-s8g28,container_cpu_user_seconds_total,0.161
1744868333,kashef-k8s-w1.url-shorten-memcached-6546746864-zn9d2,container_cpu_user_seconds_total,0.083
1744868333,kashef-k8s-w1.user-timeline-service-664c7f6696-7lqph,container_cpu_user_seconds_total,8.57
1744868333,kashef-k8s-ctl.url-shorten-service-66949ddcc4-mz6m7,container_cpu_user_seconds_total,0.102
1744868333,kashef-k8s-w1.media-service-6c665c775d-hpth5,container_cpu_user_seconds_total,0.064
1744868333,kashef-k8s-ctl.home-timeline-redis-6c6647df6f-kl9ws,container_cpu_user_seconds_total,0.212
1744868333,kashef-k8s-ctl.user-mongodb-7745bbd78-p6prs,container_cpu_user_seconds_total,1.622
1744868333,kashef-k8s-w1.nginx-thrift-79478f9bf5-d8c6k,container_cpu_user_seconds_total,6.363
1744868333,kashef-k8s-ctl.user-mention-service-5c4f566c5-8kvv8,container_cpu_user_seconds_total,0.087
1744868333,kashef-k8s-w1.media-memcached-7889bdfdfb-2vvrg,container_cpu_user_seconds_total,0.062
1744868333,kashef-k8s-ctl.user-timeline-redis-67cc95bc57-gbqwf,container_cpu_user_seconds_total,0.194
1744868333,kashef-k8s-ctl.user-service-547b88cd8f-zfrpr,container_cpu_user_seconds_total,0.078
1744868333,kashef-k8s-ctl.text-service-fff64b8bf-w4hcw,container_cpu_user_seconds_total,0.114
1744868333,kashef-k8s-w1.media-frontend-6b66b95ff4-r52pn,container_cpu_user_seconds_total,5.929
1744868333,kashef-k8s-w1.compose-post-service-f587bf89d-79pvg,container_cpu_user_seconds_total,0.13
1744868333,kashef-k8s-w1.social-graph-mongodb-55df767ff5-99667,container_cpu_user_seconds_total,1.468
1744868333,kashef-k8s-ctl.post-storage-memcached-6b75788fc6-4zbvg,container_cpu_user_seconds_total,0.074
1744868333,kashef-k8s-w1.social-graph-redis-5bbd5b7458-f5dwx,container_cpu_user_seconds_total,0.175
1744868333,kashef-k8s-ctl.user-memcached-59687c864d-59q77,container_cpu_user_seconds_total,0.065
1744868339,kashef-k8s-ctl.home-timeline-redis-6c6647df6f-kl9ws,container_cpu_user_seconds_total,0.212
1744868339,kashef-k8s-ctl.user-memcached-59687c864d-59q77,container_cpu_user_seconds_total,0.065
1744868339,kashef-k8s-w1.social-graph-redis-5bbd5b7458-f5dwx,container_cpu_user_seconds_total,0.175
1744868339,kashef-k8s-ctl.url-shorten-mongodb-57c886d5f8-rc4wb,container_cpu_user_seconds_total,1.683
1744868339,kashef-k8s-ctl.post-storage-mongodb-5579669d8c-9kthd,container_cpu_user_seconds_total,1.603
1744868339,kashef-k8s-w1.user-timeline-service-664c7f6696-7lqph,container_cpu_user_seconds_total,8.57
1744868339,kashef-k8s-ctl.home-timeline-service-5754ffbc6d-s8g28,container_cpu_user_seconds_total,0.161
1744868339,kashef-k8s-w1.url-shorten-memcached-6546746864-zn9d2,container_cpu_user_seconds_total,0.083
1744868339,kashef-k8s-ctl.url-shorten-service-66949ddcc4-mz6m7,container_cpu_user_seconds_total,0.102
1744868339,kashef-k8s-w1.social-graph-mongodb-55df767ff5-99667,container_cpu_user_seconds_total,1.468
1744868339,kashef-k8s-w1.user-timeline-mongodb-6758898d48-dnw2v,container_cpu_user_seconds_total,1.563
1744868339,kashef-k8s-ctl.social-graph-service-677dbc655c-pz4ck,container_cpu_user_seconds_total,0.068
1744868339,kashef-k8s-w1.post-storage-service-66c9966f5f-wr46r,container_cpu_user_seconds_total,0.127
1744868339,kashef-k8s-w1.nginx-thrift-79478f9bf5-d8c6k,container_cpu_user_seconds_total,6.363
1744868339,kashef-k8s-w1.media-service-6c665c775d-hpth5,container_cpu_user_seconds_total,0.07
1744868339,kashef-k8s-ctl.user-mention-service-5c4f566c5-8kvv8,container_cpu_user_seconds_total,0.087
1744868339,kashef-k8s-w1.compose-post-service-f587bf89d-79pvg,container_cpu_user_seconds_total,0.13
1744868339,kashef-k8s-ctl.text-service-fff64b8bf-w4hcw,container_cpu_user_seconds_total,0.114
1744868339,kashef-k8s-ctl.user-service-547b88cd8f-zfrpr,container_cpu_user_seconds_total,0.078
1744868339,kashef-k8s-w1.media-frontend-6b66b95ff4-r52pn,container_cpu_user_seconds_total,5.929
1744868339,kashef-k8s-w1.media-memcached-7889bdfdfb-2vvrg,container_cpu_user_seconds_total,0.063
1744868339,kashef-k8s-ctl.user-mongodb-7745bbd78-p6prs,container_cpu_user_seconds_total,1.622
1744868339,kashef-k8s-ctl.jaeger-67997f9775-dzz5g,container_cpu_user_seconds_total,0.168
1744868339,kashef-k8s-w1.unique-id-service-694497b678-7nkgj,container_cpu_user_seconds_total,0.052
1744868339,kashef-k8s-w1.media-mongodb-7b64c59567-zxnhk,container_cpu_user_seconds_total,1.6
1744868339,kashef-k8s-ctl.post-storage-memcached-6b75788fc6-4zbvg,container_cpu_user_seconds_total,0.074
1744868339,kashef-k8s-ctl.user-timeline-redis-67cc95bc57-gbqwf,container_cpu_user_seconds_total,0.194
1744868345,kashef-k8s-ctl.jaeger-67997f9775-dzz5g,container_cpu_user_seconds_total,0.168
1744868345,kashef-k8s-w1.media-memcached-7889bdfdfb-2vvrg,container_cpu_user_seconds_total,0.063
1744868345,kashef-k8s-ctl.url-shorten-mongodb-57c886d5f8-rc4wb,container_cpu_user_seconds_total,1.683
1744868345,kashef-k8s-ctl.home-timeline-service-5754ffbc6d-s8g28,container_cpu_user_seconds_total,0.161
1744868345,kashef-k8s-ctl.user-service-547b88cd8f-zfrpr,container_cpu_user_seconds_total,0.078
1744868345,kashef-k8s-ctl.social-graph-service-677dbc655c-pz4ck,container_cpu_user_seconds_total,0.068
1744868345,kashef-k8s-ctl.text-service-fff64b8bf-w4hcw,container_cpu_user_seconds_total,0.114
1744868345,kashef-k8s-w1.compose-post-service-f587bf89d-79pvg,container_cpu_user_seconds_total,0.184
1744868345,kashef-k8s-w1.nginx-thrift-79478f9bf5-d8c6k,container_cpu_user_seconds_total,6.363
1744868345,kashef-k8s-w1.media-service-6c665c775d-hpth5,container_cpu_user_seconds_total,0.07
1744868345,kashef-k8s-w1.media-frontend-6b66b95ff4-r52pn,container_cpu_user_seconds_total,5.929
1744868345,kashef-k8s-ctl.user-mention-service-5c4f566c5-8kvv8,container_cpu_user_seconds_total,0.087
1744868345,kashef-k8s-ctl.url-shorten-service-66949ddcc4-mz6m7,container_cpu_user_seconds_total,0.102
1744868345,kashef-k8s-w1.user-timeline-service-664c7f6696-7lqph,container_cpu_user_seconds_total,8.57
1744868345,kashef-k8s-ctl.post-storage-mongodb-5579669d8c-9kthd,container_cpu_user_seconds_total,1.603
1744868345,kashef-k8s-w1.url-shorten-memcached-6546746864-zn9d2,container_cpu_user_seconds_total,0.083
1744868345,kashef-k8s-w1.post-storage-service-66c9966f5f-wr46r,container_cpu_user_seconds_total,0.127
1744868345,kashef-k8s-w1.media-mongodb-7b64c59567-zxnhk,container_cpu_user_seconds_total,1.6
1744868345,kashef-k8s-w1.unique-id-service-694497b678-7nkgj,container_cpu_user_seconds_total,0.052
1744868345,kashef-k8s-ctl.user-timeline-redis-67cc95bc57-gbqwf,container_cpu_user_seconds_total,0.194
1744868345,kashef-k8s-ctl.post-storage-memcached-6b75788fc6-4zbvg,container_cpu_user_seconds_total,0.074
1744868345,kashef-k8s-ctl.home-timeline-redis-6c6647df6f-kl9ws,container_cpu_user_seconds_total,0.212
1744868345,kashef-k8s-w1.social-graph-redis-5bbd5b7458-f5dwx,container_cpu_user_seconds_total,0.204
1744868345,kashef-k8s-ctl.user-memcached-59687c864d-59q77,container_cpu_user_seconds_total,0.065
1744868345,kashef-k8s-w1.user-timeline-mongodb-6758898d48-dnw2v,container_cpu_user_seconds_total,1.69
1744868345,kashef-k8s-w1.social-graph-mongodb-55df767ff5-99667,container_cpu_user_seconds_total,1.64
1744868345,kashef-k8s-ctl.user-mongodb-7745bbd78-p6prs,container_cpu_user_seconds_total,1.622
1744868351,kashef-k8s-ctl.user-service-547b88cd8f-zfrpr,container_cpu_user_seconds_total,0.078
1744868351,kashef-k8s-w1.media-memcached-7889bdfdfb-2vvrg,container_cpu_user_seconds_total,0.063
1744868351,kashef-k8s-w1.compose-post-service-f587bf89d-79pvg,container_cpu_user_seconds_total,0.184
1744868351,kashef-k8s-w1.social-graph-redis-5bbd5b7458-f5dwx,container_cpu_user_seconds_total,0.204
1744868351,kashef-k8s-w1.media-frontend-6b66b95ff4-r52pn,container_cpu_user_seconds_total,5.929
1744868351,kashef-k8s-ctl.user-mention-service-5c4f566c5-8kvv8,container_cpu_user_seconds_total,0.087
1744868351,kashef-k8s-ctl.user-memcached-59687c864d-59q77,container_cpu_user_seconds_total,0.065
1744868351,kashef-k8s-w1.media-service-6c665c775d-hpth5,container_cpu_user_seconds_total,0.07
1744868351,kashef-k8s-w1.url-shorten-memcached-6546746864-zn9d2,container_cpu_user_seconds_total,0.083
1744868351,kashef-k8s-ctl.post-storage-mongodb-5579669d8c-9kthd,container_cpu_user_seconds_total,1.603
1744868351,kashef-k8s-ctl.social-graph-service-677dbc655c-pz4ck,container_cpu_user_seconds_total,0.068
1744868351,kashef-k8s-w1.nginx-thrift-79478f9bf5-d8c6k,container_cpu_user_seconds_total,6.363
1744868351,kashef-k8s-w1.user-timeline-service-664c7f6696-7lqph,container_cpu_user_seconds_total,8.57
1744868351,kashef-k8s-ctl.url-shorten-mongodb-57c886d5f8-rc4wb,container_cpu_user_seconds_total,1.683
1744868351,kashef-k8s-w1.unique-id-service-694497b678-7nkgj,container_cpu_user_seconds_total,0.052
1744868351,kashef-k8s-ctl.url-shorten-service-66949ddcc4-mz6m7,container_cpu_user_seconds_total,0.102
1744868351,kashef-k8s-w1.social-graph-mongodb-55df767ff5-99667,container_cpu_user_seconds_total,1.64
1744868351,kashef-k8s-ctl.jaeger-67997f9775-dzz5g,container_cpu_user_seconds_total,0.168
1744868351,kashef-k8s-ctl.post-storage-memcached-6b75788fc6-4zbvg,container_cpu_user_seconds_total,0.074
1744868351,kashef-k8s-ctl.user-mongodb-7745bbd78-p6prs,container_cpu_user_seconds_total,1.622
1744868351,kashef-k8s-w1.user-timeline-mongodb-6758898d48-dnw2v,container_cpu_user_seconds_total,1.69
1744868351,kashef-k8s-ctl.home-timeline-service-5754ffbc6d-s8g28,container_cpu_user_seconds_total,0.161
1744868351,kashef-k8s-w1.media-mongodb-7b64c59567-zxnhk,container_cpu_user_seconds_total,1.6
1744868351,kashef-k8s-w1.post-storage-service-66c9966f5f-wr46r,container_cpu_user_seconds_total,0.127
1744868351,kashef-k8s-ctl.text-service-fff64b8bf-w4hcw,container_cpu_user_seconds_total,0.114
1744868351,kashef-k8s-ctl.home-timeline-redis-6c6647df6f-kl9ws,container_cpu_user_seconds_total,0.212
1744868351,kashef-k8s-ctl.user-timeline-redis-67cc95bc57-gbqwf,container_cpu_user_seconds_total,0.194
1744868357,kashef-k8s-ctl.home-timeline-redis-6c6647df6f-kl9ws,container_cpu_user_seconds_total,0.212
1744868357,kashef-k8s-ctl.home-timeline-service-5754ffbc6d-s8g28,container_cpu_user_seconds_total,0.161
1744868357,kashef-k8s-ctl.jaeger-67997f9775-dzz5g,container_cpu_user_seconds_total,0.168
1744868357,kashef-k8s-ctl.text-service-fff64b8bf-w4hcw,container_cpu_user_seconds_total,0.114
1744868357,kashef-k8s-ctl.social-graph-service-677dbc655c-pz4ck,container_cpu_user_seconds_total,0.068
1744868357,kashef-k8s-ctl.post-storage-memcached-6b75788fc6-4zbvg,container_cpu_user_seconds_total,0.074
1744868357,kashef-k8s-w1.post-storage-service-66c9966f5f-wr46r,container_cpu_user_seconds_total,0.127
1744868357,kashef-k8s-ctl.url-shorten-mongodb-57c886d5f8-rc4wb,container_cpu_user_seconds_total,1.683
1744868357,kashef-k8s-ctl.user-mongodb-7745bbd78-p6prs,container_cpu_user_seconds_total,1.622
1744868357,kashef-k8s-w1.media-service-6c665c775d-hpth5,container_cpu_user_seconds_total,0.07
1744868357,kashef-k8s-ctl.user-memcached-59687c864d-59q77,container_cpu_user_seconds_total,0.065
1744868357,kashef-k8s-ctl.user-mention-service-5c4f566c5-8kvv8,container_cpu_user_seconds_total,0.087
1744868357,kashef-k8s-w1.nginx-thrift-79478f9bf5-d8c6k,container_cpu_user_seconds_total,6.363
1744868357,kashef-k8s-w1.user-timeline-service-664c7f6696-7lqph,container_cpu_user_seconds_total,8.57
1744868357,kashef-k8s-w1.user-timeline-mongodb-6758898d48-dnw2v,container_cpu_user_seconds_total,1.69
1744868357,kashef-k8s-ctl.user-timeline-redis-67cc95bc57-gbqwf,container_cpu_user_seconds_total,0.194
1744868357,kashef-k8s-w1.url-shorten-memcached-6546746864-zn9d2,container_cpu_user_seconds_total,0.083
1744868357,kashef-k8s-w1.compose-post-service-f587bf89d-79pvg,container_cpu_user_seconds_total,0.184
1744868357,kashef-k8s-w1.media-memcached-7889bdfdfb-2vvrg,container_cpu_user_seconds_total,0.063
1744868357,kashef-k8s-ctl.url-shorten-service-66949ddcc4-mz6m7,container_cpu_user_seconds_total,0.102
1744868357,kashef-k8s-w1.unique-id-service-694497b678-7nkgj,container_cpu_user_seconds_total,0.052
1744868357,kashef-k8s-ctl.post-storage-mongodb-5579669d8c-9kthd,container_cpu_user_seconds_total,1.603
1744868357,kashef-k8s-w1.media-mongodb-7b64c59567-zxnhk,container_cpu_user_seconds_total,1.6
1744868357,kashef-k8s-w1.social-graph-mongodb-55df767ff5-99667,container_cpu_user_seconds_total,1.64
1744868357,kashef-k8s-ctl.user-service-547b88cd8f-zfrpr,container_cpu_user_seconds_total,0.078
1744868357,kashef-k8s-w1.media-frontend-6b66b95ff4-r52pn,container_cpu_user_seconds_total,5.929
1744868357,kashef-k8s-w1.social-graph-redis-5bbd5b7458-f5dwx,container_cpu_user_seconds_total,0.204
1744868363,kashef-k8s-w1.media-mongodb-7b64c59567-zxnhk,container_cpu_user_seconds_total,1.6
1744868363,kashef-k8s-ctl.user-timeline-redis-67cc95bc57-gbqwf,container_cpu_user_seconds_total,0.194
1744868363,kashef-k8s-ctl.user-service-547b88cd8f-zfrpr,container_cpu_user_seconds_total,0.078
1744868363,kashef-k8s-ctl.post-storage-memcached-6b75788fc6-4zbvg,container_cpu_user_seconds_total,0.074
1744868363,kashef-k8s-w1.user-timeline-service-664c7f6696-7lqph,container_cpu_user_seconds_total,8.57
1744868363,kashef-k8s-w1.nginx-thrift-79478f9bf5-d8c6k,container_cpu_user_seconds_total,6.363
1744868363,kashef-k8s-w1.media-memcached-7889bdfdfb-2vvrg,container_cpu_user_seconds_total,0.063
1744868363,kashef-k8s-ctl.post-storage-mongodb-5579669d8c-9kthd,container_cpu_user_seconds_total,1.603
1744868363,kashef-k8s-w1.media-service-6c665c775d-hpth5,container_cpu_user_seconds_total,0.07
1744868363,kashef-k8s-w1.unique-id-service-694497b678-7nkgj,container_cpu_user_seconds_total,0.052
1744868363,kashef-k8s-w1.user-timeline-mongodb-6758898d48-dnw2v,container_cpu_user_seconds_total,1.69
1744868363,kashef-k8s-w1.social-graph-mongodb-55df767ff5-99667,container_cpu_user_seconds_total,1.64
1744868363,kashef-k8s-w1.post-storage-service-66c9966f5f-wr46r,container_cpu_user_seconds_total,0.127
1744868363,kashef-k8s-ctl.social-graph-service-677dbc655c-pz4ck,container_cpu_user_seconds_total,0.068
1744868363,kashef-k8s-w1.media-frontend-6b66b95ff4-r52pn,container_cpu_user_seconds_total,5.929
1744868363,kashef-k8s-w1.compose-post-service-f587bf89d-79pvg,container_cpu_user_seconds_total,0.184
1744868363,kashef-k8s-ctl.text-service-fff64b8bf-w4hcw,container_cpu_user_seconds_total,0.114
1744868363,kashef-k8s-ctl.home-timeline-service-5754ffbc6d-s8g28,container_cpu_user_seconds_total,0.161
1744868363,kashef-k8s-ctl.user-mention-service-5c4f566c5-8kvv8,container_cpu_user_seconds_total,0.087
1744868363,kashef-k8s-w1.url-shorten-memcached-6546746864-zn9d2,container_cpu_user_seconds_total,0.083
1744868363,kashef-k8s-ctl.jaeger-67997f9775-dzz5g,container_cpu_user_seconds_total,0.168
1744868363,kashef-k8s-ctl.home-timeline-redis-6c6647df6f-kl9ws,container_cpu_user_seconds_total,0.212
1744868363,kashef-k8s-w1.social-graph-redis-5bbd5b7458-f5dwx,container_cpu_user_seconds_total,0.204
1744868363,kashef-k8s-ctl.url-shorten-service-66949ddcc4-mz6m7,container_cpu_user_seconds_total,0.116
1744868363,kashef-k8s-ctl.user-mongodb-7745bbd78-p6prs,container_cpu_user_seconds_total,1.9
1744868363,kashef-k8s-ctl.url-shorten-mongodb-57c886d5f8-rc4wb,container_cpu_user_seconds_total,1.683
1744868363,kashef-k8s-ctl.user-memcached-59687c864d-59q77,container_cpu_user_seconds_total,0.065
1744868369,kashef-k8s-w1.social-graph-redis-5bbd5b7458-f5dwx,container_cpu_user_seconds_total,0.204
1744868369,kashef-k8s-ctl.url-shorten-service-66949ddcc4-mz6m7,container_cpu_user_seconds_total,0.116
1744868369,kashef-k8s-ctl.jaeger-67997f9775-dzz5g,container_cpu_user_seconds_total,0.168
1744868369,kashef-k8s-w1.user-timeline-service-664c7f6696-7lqph,container_cpu_user_seconds_total,8.57
1744868369,kashef-k8s-w1.nginx-thrift-79478f9bf5-d8c6k,container_cpu_user_seconds_total,6.363
1744868369,kashef-k8s-ctl.user-service-547b88cd8f-zfrpr,container_cpu_user_seconds_total,0.081
1744868369,kashef-k8s-ctl.post-storage-mongodb-5579669d8c-9kthd,container_cpu_user_seconds_total,1.916
1744868369,kashef-k8s-ctl.post-storage-memcached-6b75788fc6-4zbvg,container_cpu_user_seconds_total,0.086
1744868369,kashef-k8s-ctl.user-mention-service-5c4f566c5-8kvv8,container_cpu_user_seconds_total,0.098
1744868369,kashef-k8s-w1.url-shorten-memcached-6546746864-zn9d2,container_cpu_user_seconds_total,0.083
1744868369,kashef-k8s-w1.media-mongodb-7b64c59567-zxnhk,container_cpu_user_seconds_total,1.6
1744868369,kashef-k8s-w1.media-service-6c665c775d-hpth5,container_cpu_user_seconds_total,0.07
1744868369,kashef-k8s-w1.unique-id-service-694497b678-7nkgj,container_cpu_user_seconds_total,0.052
1744868369,kashef-k8s-w1.user-timeline-mongodb-6758898d48-dnw2v,container_cpu_user_seconds_total,1.69
1744868369,kashef-k8s-w1.social-graph-mongodb-55df767ff5-99667,container_cpu_user_seconds_total,1.64
1744868369,kashef-k8s-w1.post-storage-service-66c9966f5f-wr46r,container_cpu_user_seconds_total,0.127
1744868369,kashef-k8s-w1.media-memcached-7889bdfdfb-2vvrg,container_cpu_user_seconds_total,0.063
1744868369,kashef-k8s-ctl.home-timeline-service-5754ffbc6d-s8g28,container_cpu_user_seconds_total,0.207
1744868369,kashef-k8s-w1.compose-post-service-f587bf89d-79pvg,container_cpu_user_seconds_total,0.184
1744868369,kashef-k8s-ctl.text-service-fff64b8bf-w4hcw,container_cpu_user_seconds_total,0.149
1744868369,kashef-k8s-ctl.social-graph-service-677dbc655c-pz4ck,container_cpu_user_seconds_total,0.068
1744868369,kashef-k8s-w1.media-frontend-6b66b95ff4-r52pn,container_cpu_user_seconds_total,5.929
1744868369,kashef-k8s-ctl.url-shorten-mongodb-57c886d5f8-rc4wb,container_cpu_user_seconds_total,1.683
1744868369,kashef-k8s-ctl.user-memcached-59687c864d-59q77,container_cpu_user_seconds_total,0.071
1744868369,kashef-k8s-ctl.user-mongodb-7745bbd78-p6prs,container_cpu_user_seconds_total,1.9
1744868369,kashef-k8s-ctl.user-timeline-redis-67cc95bc57-gbqwf,container_cpu_user_seconds_total,0.194
1744868369,kashef-k8s-ctl.home-timeline-redis-6c6647df6f-kl9ws,container_cpu_user_seconds_total,0.23
1744868375,kashef-k8s-ctl.url-shorten-service-66949ddcc4-mz6m7,container_cpu_user_seconds_total,0.116
1744868375,kashef-k8s-ctl.home-timeline-redis-6c6647df6f-kl9ws,container_cpu_user_seconds_total,0.23
1744868375,kashef-k8s-ctl.user-mongodb-7745bbd78-p6prs,container_cpu_user_seconds_total,1.9
1744868375,kashef-k8s-ctl.url-shorten-mongodb-57c886d5f8-rc4wb,container_cpu_user_seconds_total,1.965
1744868375,kashef-k8s-ctl.social-graph-service-677dbc655c-pz4ck,container_cpu_user_seconds_total,0.079
1744868375,kashef-k8s-ctl.text-service-fff64b8bf-w4hcw,container_cpu_user_seconds_total,0.149
1744868375,kashef-k8s-ctl.user-memcached-59687c864d-59q77,container_cpu_user_seconds_total,0.071
1744868375,kashef-k8s-w1.compose-post-service-f587bf89d-79pvg,container_cpu_user_seconds_total,0.184
1744868375,kashef-k8s-w1.social-graph-mongodb-55df767ff5-99667,container_cpu_user_seconds_total,1.64
1744868375,kashef-k8s-w1.post-storage-service-66c9966f5f-wr46r,container_cpu_user_seconds_total,0.139
1744868375,kashef-k8s-ctl.user-timeline-redis-67cc95bc57-gbqwf,container_cpu_user_seconds_total,0.248
1744868375,kashef-k8s-w1.media-frontend-6b66b95ff4-r52pn,container_cpu_user_seconds_total,5.929
1744868375,kashef-k8s-ctl.home-timeline-service-5754ffbc6d-s8g28,container_cpu_user_seconds_total,0.207
1744868375,kashef-k8s-w1.media-service-6c665c775d-hpth5,container_cpu_user_seconds_total,0.072
1744868375,kashef-k8s-w1.unique-id-service-694497b678-7nkgj,container_cpu_user_seconds_total,0.052
1744868375,kashef-k8s-w1.media-mongodb-7b64c59567-zxnhk,container_cpu_user_seconds_total,1.6
1744868375,kashef-k8s-w1.media-memcached-7889bdfdfb-2vvrg,container_cpu_user_seconds_total,0.063
1744868375,kashef-k8s-w1.user-timeline-service-664c7f6696-7lqph,container_cpu_user_seconds_total,10.464
1744868375,kashef-k8s-ctl.user-service-547b88cd8f-zfrpr,container_cpu_user_seconds_total,0.081
1744868375,kashef-k8s-w1.nginx-thrift-79478f9bf5-d8c6k,container_cpu_user_seconds_total,6.453
1744868375,kashef-k8s-w1.social-graph-redis-5bbd5b7458-f5dwx,container_cpu_user_seconds_total,0.216
1744868375,kashef-k8s-ctl.post-storage-mongodb-5579669d8c-9kthd,container_cpu_user_seconds_total,1.916
1744868375,kashef-k8s-ctl.jaeger-67997f9775-dzz5g,container_cpu_user_seconds_total,0.19
1744868375,kashef-k8s-w1.user-timeline-mongodb-6758898d48-dnw2v,container_cpu_user_seconds_total,1.69
1744868375,kashef-k8s-ctl.post-storage-memcached-6b75788fc6-4zbvg,container_cpu_user_seconds_total,0.086
1744868375,kashef-k8s-ctl.user-mention-service-5c4f566c5-8kvv8,container_cpu_user_seconds_total,0.098
1744868375,kashef-k8s-w1.url-shorten-memcached-6546746864-zn9d2,container_cpu_user_seconds_total,0.083
1744868381,kashef-k8s-ctl.social-graph-service-677dbc655c-pz4ck,container_cpu_user_seconds_total,0.079
1744868381,kashef-k8s-ctl.url-shorten-service-66949ddcc4-mz6m7,container_cpu_user_seconds_total,0.116
1744868381,kashef-k8s-ctl.home-timeline-redis-6c6647df6f-kl9ws,container_cpu_user_seconds_total,0.23
1744868381,kashef-k8s-ctl.text-service-fff64b8bf-w4hcw,container_cpu_user_seconds_total,0.149
1744868381,kashef-k8s-ctl.user-memcached-59687c864d-59q77,container_cpu_user_seconds_total,0.071
1744868381,kashef-k8s-w1.nginx-thrift-79478f9bf5-d8c6k,container_cpu_user_seconds_total,6.453
1744868381,kashef-k8s-ctl.user-timeline-redis-67cc95bc57-gbqwf,container_cpu_user_seconds_total,0.248
1744868381,kashef-k8s-w1.social-graph-mongodb-55df767ff5-99667,container_cpu_user_seconds_total,1.64
1744868381,kashef-k8s-w1.media-frontend-6b66b95ff4-r52pn,container_cpu_user_seconds_total,5.929
1744868381,kashef-k8s-w1.unique-id-service-694497b678-7nkgj,container_cpu_user_seconds_total,0.052
1744868381,kashef-k8s-w1.media-mongodb-7b64c59567-zxnhk,container_cpu_user_seconds_total,1.6
1744868381,kashef-k8s-w1.media-service-6c665c775d-hpth5,container_cpu_user_seconds_total,0.072
1744868381,kashef-k8s-w1.social-graph-redis-5bbd5b7458-f5dwx,container_cpu_user_seconds_total,0.216
1744868381,kashef-k8s-ctl.url-shorten-mongodb-57c886d5f8-rc4wb,container_cpu_user_seconds_total,1.965
1744868381,kashef-k8s-ctl.user-mongodb-7745bbd78-p6prs,container_cpu_user_seconds_total,1.996
1744868381,kashef-k8s-w1.media-memcached-7889bdfdfb-2vvrg,container_cpu_user_seconds_total,0.063
1744868381,kashef-k8s-w1.compose-post-service-f587bf89d-79pvg,container_cpu_user_seconds_total,0.184
1744868381,kashef-k8s-w1.post-storage-service-66c9966f5f-wr46r,container_cpu_user_seconds_total,0.139
1744868381,kashef-k8s-ctl.post-storage-mongodb-5579669d8c-9kthd,container_cpu_user_seconds_total,1.916
1744868381,kashef-k8s-w1.url-shorten-memcached-6546746864-zn9d2,container_cpu_user_seconds_total,0.083
1744868381,kashef-k8s-ctl.user-mention-service-5c4f566c5-8kvv8,container_cpu_user_seconds_total,0.098
1744868381,kashef-k8s-w1.user-timeline-service-664c7f6696-7lqph,container_cpu_user_seconds_total,10.464
1744868381,kashef-k8s-ctl.post-storage-memcached-6b75788fc6-4zbvg,container_cpu_user_seconds_total,0.086
1744868381,kashef-k8s-ctl.home-timeline-service-5754ffbc6d-s8g28,container_cpu_user_seconds_total,0.208
1744868381,kashef-k8s-ctl.jaeger-67997f9775-dzz5g,container_cpu_user_seconds_total,0.19
1744868381,kashef-k8s-w1.user-timeline-mongodb-6758898d48-dnw2v,container_cpu_user_seconds_total,1.69
1744868381,kashef-k8s-ctl.user-service-547b88cd8f-zfrpr,container_cpu_user_seconds_total,0.082
1744868387,kashef-k8s-ctl.user-mongodb-7745bbd78-p6prs,container_cpu_user_seconds_total,1.996
1744868387,kashef-k8s-w1.media-frontend-6b66b95ff4-r52pn,container_cpu_user_seconds_total,5.929
1744868387,kashef-k8s-ctl.user-service-547b88cd8f-zfrpr,container_cpu_user_seconds_total,0.082
1744868387,kashef-k8s-ctl.url-shorten-mongodb-57c886d5f8-rc4wb,container_cpu_user_seconds_total,2.022
1744868387,kashef-k8s-ctl.post-storage-memcached-6b75788fc6-4zbvg,container_cpu_user_seconds_total,0.089
1744868387,kashef-k8s-w1.media-memcached-7889bdfdfb-2vvrg,container_cpu_user_seconds_total,0.063
1744868387,kashef-k8s-ctl.post-storage-mongodb-5579669d8c-9kthd,container_cpu_user_seconds_total,2.011
1744868387,kashef-k8s-w1.user-timeline-service-664c7f6696-7lqph,container_cpu_user_seconds_total,10.464
1744868387,kashef-k8s-w1.media-service-6c665c775d-hpth5,container_cpu_user_seconds_total,0.072
1744868387,kashef-k8s-ctl.social-graph-service-677dbc655c-pz4ck,container_cpu_user_seconds_total,0.079
1744868387,kashef-k8s-ctl.text-service-fff64b8bf-w4hcw,container_cpu_user_seconds_total,0.149
1744868387,kashef-k8s-w1.url-shorten-memcached-6546746864-zn9d2,container_cpu_user_seconds_total,0.083
1744868387,kashef-k8s-w1.compose-post-service-f587bf89d-79pvg,container_cpu_user_seconds_total,0.184
1744868387,kashef-k8s-w1.social-graph-mongodb-55df767ff5-99667,container_cpu_user_seconds_total,1.64
1744868387,kashef-k8s-w1.nginx-thrift-79478f9bf5-d8c6k,container_cpu_user_seconds_total,6.453
1744868387,kashef-k8s-w1.post-storage-service-66c9966f5f-wr46r,container_cpu_user_seconds_total,0.139
1744868387,kashef-k8s-w1.media-mongodb-7b64c59567-zxnhk,container_cpu_user_seconds_total,1.6
1744868387,kashef-k8s-ctl.user-timeline-redis-67cc95bc57-gbqwf,container_cpu_user_seconds_total,0.273
1744868387,kashef-k8s-ctl.url-shorten-service-66949ddcc4-mz6m7,container_cpu_user_seconds_total,0.116
1744868387,kashef-k8s-w1.user-timeline-mongodb-6758898d48-dnw2v,container_cpu_user_seconds_total,1.69
1744868387,kashef-k8s-w1.social-graph-redis-5bbd5b7458-f5dwx,container_cpu_user_seconds_total,0.216
1744868387,kashef-k8s-ctl.home-timeline-redis-6c6647df6f-kl9ws,container_cpu_user_seconds_total,0.242
1744868387,kashef-k8s-ctl.user-memcached-59687c864d-59q77,container_cpu_user_seconds_total,0.076
1744868387,kashef-k8s-w1.unique-id-service-694497b678-7nkgj,container_cpu_user_seconds_total,0.052
1744868387,kashef-k8s-ctl.home-timeline-service-5754ffbc6d-s8g28,container_cpu_user_seconds_total,0.208
1744868387,kashef-k8s-ctl.jaeger-67997f9775-dzz5g,container_cpu_user_seconds_total,0.206
1744868387,kashef-k8s-ctl.user-mention-service-5c4f566c5-8kvv8,container_cpu_user_seconds_total,0.098
1744868393,kashef-k8s-w1.user-timeline-service-664c7f6696-7lqph,container_cpu_user_seconds_total,10.47
1744868393,kashef-k8s-ctl.post-storage-memcached-6b75788fc6-4zbvg,container_cpu_user_seconds_total,0.089
1744868393,kashef-k8s-ctl.post-storage-mongodb-5579669d8c-9kthd,container_cpu_user_seconds_total,2.011
1744868393,kashef-k8s-w1.media-frontend-6b66b95ff4-r52pn,container_cpu_user_seconds_total,5.929
1744868393,kashef-k8s-ctl.user-service-547b88cd8f-zfrpr,container_cpu_user_seconds_total,0.082
1744868393,kashef-k8s-ctl.user-mention-service-5c4f566c5-8kvv8,container_cpu_user_seconds_total,0.098
1744868393,kashef-k8s-w1.url-shorten-memcached-6546746864-zn9d2,container_cpu_user_seconds_total,0.083
1744868393,kashef-k8s-ctl.text-service-fff64b8bf-w4hcw,container_cpu_user_seconds_total,0.149
1744868393,kashef-k8s-ctl.social-graph-service-677dbc655c-pz4ck,container_cpu_user_seconds_total,0.079
1744868393,kashef-k8s-w1.nginx-thrift-79478f9bf5-d8c6k,container_cpu_user_seconds_total,6.453
1744868393,kashef-k8s-w1.compose-post-service-f587bf89d-79pvg,container_cpu_user_seconds_total,0.184
1744868393,kashef-k8s-w1.social-graph-mongodb-55df767ff5-99667,container_cpu_user_seconds_total,1.64
1744868393,kashef-k8s-w1.media-service-6c665c775d-hpth5,container_cpu_user_seconds_total,0.072
1744868393,kashef-k8s-w1.media-memcached-7889bdfdfb-2vvrg,container_cpu_user_seconds_total,0.063
1744868393,kashef-k8s-ctl.home-timeline-redis-6c6647df6f-kl9ws,container_cpu_user_seconds_total,0.242
1744868393,kashef-k8s-ctl.user-mongodb-7745bbd78-p6prs,container_cpu_user_seconds_total,1.996
1744868393,kashef-k8s-ctl.url-shorten-mongodb-57c886d5f8-rc4wb,container_cpu_user_seconds_total,2.022
1744868393,kashef-k8s-ctl.user-timeline-redis-67cc95bc57-gbqwf,container_cpu_user_seconds_total,0.273
1744868393,kashef-k8s-ctl.home-timeline-service-5754ffbc6d-s8g28,container_cpu_user_seconds_total,0.208
1744868393,kashef-k8s-w1.post-storage-service-66c9966f5f-wr46r,container_cpu_user_seconds_total,0.139
1744868393,kashef-k8s-ctl.jaeger-67997f9775-dzz5g,container_cpu_user_seconds_total,0.206
1744868393,kashef-k8s-ctl.url-shorten-service-66949ddcc4-mz6m7,container_cpu_user_seconds_total,0.116
1744868393,kashef-k8s-w1.unique-id-service-694497b678-7nkgj,container_cpu_user_seconds_total,0.052
1744868393,kashef-k8s-w1.user-timeline-mongodb-6758898d48-dnw2v,container_cpu_user_seconds_total,1.69
1744868393,kashef-k8s-w1.media-mongodb-7b64c59567-zxnhk,container_cpu_user_seconds_total,1.6
1744868393,kashef-k8s-w1.social-graph-redis-5bbd5b7458-f5dwx,container_cpu_user_seconds_total,0.224
1744868393,kashef-k8s-ctl.user-memcached-59687c864d-59q77,container_cpu_user_seconds_total,0.076
1744868399,kashef-k8s-ctl.user-memcached-59687c864d-59q77,container_cpu_user_seconds_total,0.076
1744868399,kashef-k8s-ctl.home-timeline-redis-6c6647df6f-kl9ws,container_cpu_user_seconds_total,0.242
1744868399,kashef-k8s-w1.media-memcached-7889bdfdfb-2vvrg,container_cpu_user_seconds_total,0.063
1744868399,kashef-k8s-w1.social-graph-redis-5bbd5b7458-f5dwx,container_cpu_user_seconds_total,0.224
1744868399,kashef-k8s-w1.user-timeline-mongodb-6758898d48-dnw2v,container_cpu_user_seconds_total,1.69
1744868399,kashef-k8s-ctl.post-storage-mongodb-5579669d8c-9kthd,container_cpu_user_seconds_total,2.011
1744868399,kashef-k8s-ctl.text-service-fff64b8bf-w4hcw,container_cpu_user_seconds_total,0.149
1744868399,kashef-k8s-w1.media-mongodb-7b64c59567-zxnhk,container_cpu_user_seconds_total,1.6
1744868399,kashef-k8s-ctl.post-storage-memcached-6b75788fc6-4zbvg,container_cpu_user_seconds_total,0.089
1744868399,kashef-k8s-ctl.user-service-547b88cd8f-zfrpr,container_cpu_user_seconds_total,0.082
1744868399,kashef-k8s-w1.nginx-thrift-79478f9bf5-d8c6k,container_cpu_user_seconds_total,6.453
1744868399,kashef-k8s-ctl.jaeger-67997f9775-dzz5g,container_cpu_user_seconds_total,0.206
1744868399,kashef-k8s-ctl.home-timeline-service-5754ffbc6d-s8g28,container_cpu_user_seconds_total,0.208
1744868399,kashef-k8s-w1.social-graph-mongodb-55df767ff5-99667,container_cpu_user_seconds_total,1.64
1744868399,kashef-k8s-w1.media-service-6c665c775d-hpth5,container_cpu_user_seconds_total,0.072
1744868399,kashef-k8s-ctl.social-graph-service-677dbc655c-pz4ck,container_cpu_user_seconds_total,0.079
1744868399,kashef-k8s-w1.compose-post-service-f587bf89d-79pvg,container_cpu_user_seconds_total,0.184
1744868399,kashef-k8s-ctl.user-mention-service-5c4f566c5-8kvv8,container_cpu_user_seconds_total,0.098
1744868399,kashef-k8s-ctl.url-shorten-service-66949ddcc4-mz6m7,container_cpu_user_seconds_total,0.116
1744868399,kashef-k8s-ctl.user-mongodb-7745bbd78-p6prs,container_cpu_user_seconds_total,1.996
1744868399,kashef-k8s-w1.unique-id-service-694497b678-7nkgj,container_cpu_user_seconds_total,0.052
1744868399,kashef-k8s-ctl.user-timeline-redis-67cc95bc57-gbqwf,container_cpu_user_seconds_total,0.273
1744868399,kashef-k8s-ctl.url-shorten-mongodb-57c886d5f8-rc4wb,container_cpu_user_seconds_total,2.022
1744868399,kashef-k8s-w1.user-timeline-service-664c7f6696-7lqph,container_cpu_user_seconds_total,10.47
1744868399,kashef-k8s-w1.media-frontend-6b66b95ff4-r52pn,container_cpu_user_seconds_total,5.929
1744868399,kashef-k8s-w1.url-shorten-memcached-6546746864-zn9d2,container_cpu_user_seconds_total,0.083
1744868399,kashef-k8s-w1.post-storage-service-66c9966f5f-wr46r,container_cpu_user_seconds_total,0.139
1744868405,kashef-k8s-ctl.post-storage-mongodb-5579669d8c-9kthd,container_cpu_user_seconds_total,2.011
1744868405,kashef-k8s-w1.media-mongodb-7b64c59567-zxnhk,container_cpu_user_seconds_total,1.6
1744868405,kashef-k8s-w1.media-memcached-7889bdfdfb-2vvrg,container_cpu_user_seconds_total,0.063
1744868405,kashef-k8s-w1.social-graph-mongodb-55df767ff5-99667,container_cpu_user_seconds_total,1.64
1744868405,kashef-k8s-ctl.home-timeline-redis-6c6647df6f-kl9ws,container_cpu_user_seconds_total,0.242
1744868405,kashef-k8s-ctl.jaeger-67997f9775-dzz5g,container_cpu_user_seconds_total,0.206
1744868405,kashef-k8s-w1.user-timeline-service-664c7f6696-7lqph,container_cpu_user_seconds_total,10.47
1744868405,kashef-k8s-w1.media-frontend-6b66b95ff4-r52pn,container_cpu_user_seconds_total,5.929
1744868405,kashef-k8s-w1.media-service-6c665c775d-hpth5,container_cpu_user_seconds_total,0.072
1744868405,kashef-k8s-ctl.post-storage-memcached-6b75788fc6-4zbvg,container_cpu_user_seconds_total,0.092
1744868405,kashef-k8s-w1.post-storage-service-66c9966f5f-wr46r,container_cpu_user_seconds_total,0.139
1744868405,kashef-k8s-ctl.home-timeline-service-5754ffbc6d-s8g28,container_cpu_user_seconds_total,0.208
1744868405,kashef-k8s-ctl.user-service-547b88cd8f-zfrpr,container_cpu_user_seconds_total,0.082
1744868405,kashef-k8s-ctl.text-service-fff64b8bf-w4hcw,container_cpu_user_seconds_total,0.149
1744868405,kashef-k8s-w1.user-timeline-mongodb-6758898d48-dnw2v,container_cpu_user_seconds_total,1.69
1744868405,kashef-k8s-ctl.user-mongodb-7745bbd78-p6prs,container_cpu_user_seconds_total,1.996
1744868405,kashef-k8s-ctl.user-timeline-redis-67cc95bc57-gbqwf,container_cpu_user_seconds_total,0.273
1744868405,kashef-k8s-w1.social-graph-redis-5bbd5b7458-f5dwx,container_cpu_user_seconds_total,0.224
1744868405,kashef-k8s-w1.url-shorten-memcached-6546746864-zn9d2,container_cpu_user_seconds_total,0.083
1744868405,kashef-k8s-w1.nginx-thrift-79478f9bf5-d8c6k,container_cpu_user_seconds_total,6.453
1744868405,kashef-k8s-ctl.social-graph-service-677dbc655c-pz4ck,container_cpu_user_seconds_total,0.079
1744868405,kashef-k8s-ctl.url-shorten-service-66949ddcc4-mz6m7,container_cpu_user_seconds_total,0.116
1744868405,kashef-k8s-ctl.user-memcached-59687c864d-59q77,container_cpu_user_seconds_total,0.076
1744868405,kashef-k8s-w1.compose-post-service-f587bf89d-79pvg,container_cpu_user_seconds_total,0.184
1744868405,kashef-k8s-ctl.user-mention-service-5c4f566c5-8kvv8,container_cpu_user_seconds_total,0.098
1744868405,kashef-k8s-w1.unique-id-service-694497b678-7nkgj,container_cpu_user_seconds_total,0.052
1744868405,kashef-k8s-ctl.url-shorten-mongodb-57c886d5f8-rc4wb,container_cpu_user_seconds_total,2.022
1744868411,kashef-k8s-ctl.url-shorten-mongodb-57c886d5f8-rc4wb,container_cpu_user_seconds_total,2.022
1744868411,kashef-k8s-w1.compose-post-service-f587bf89d-79pvg,container_cpu_user_seconds_total,0.184
1744868411,kashef-k8s-ctl.url-shorten-service-66949ddcc4-mz6m7,container_cpu_user_seconds_total,0.116
1744868411,kashef-k8s-ctl.user-memcached-59687c864d-59q77,container_cpu_user_seconds_total,0.076
1744868411,kashef-k8s-w1.url-shorten-memcached-6546746864-zn9d2,container_cpu_user_seconds_total,0.083
1744868411,kashef-k8s-ctl.social-graph-service-677dbc655c-pz4ck,container_cpu_user_seconds_total,0.08
1744868411,kashef-k8s-ctl.user-mention-service-5c4f566c5-8kvv8,container_cpu_user_seconds_total,0.098
1744868411,kashef-k8s-w1.nginx-thrift-79478f9bf5-d8c6k,container_cpu_user_seconds_total,6.453
1744868411,kashef-k8s-w1.media-service-6c665c775d-hpth5,container_cpu_user_seconds_total,0.072
1744868411,kashef-k8s-ctl.user-service-547b88cd8f-zfrpr,container_cpu_user_seconds_total,0.082
1744868411,kashef-k8s-w1.media-frontend-6b66b95ff4-r52pn,container_cpu_user_seconds_total,5.929
1744868411,kashef-k8s-ctl.post-storage-memcached-6b75788fc6-4zbvg,container_cpu_user_seconds_total,0.092
1744868411,kashef-k8s-ctl.jaeger-67997f9775-dzz5g,container_cpu_user_seconds_total,0.206
1744868411,kashef-k8s-w1.user-timeline-service-664c7f6696-7lqph,container_cpu_user_seconds_total,10.47
1744868411,kashef-k8s-w1.unique-id-service-694497b678-7nkgj,container_cpu_user_seconds_total,0.052
1744868411,kashef-k8s-w1.user-timeline-mongodb-6758898d48-dnw2v,container_cpu_user_seconds_total,1.69
1744868411,kashef-k8s-w1.social-graph-redis-5bbd5b7458-f5dwx,container_cpu_user_seconds_total,0.224
1744868411,kashef-k8s-w1.media-mongodb-7b64c59567-zxnhk,container_cpu_user_seconds_total,1.6
1744868411,kashef-k8s-w1.media-memcached-7889bdfdfb-2vvrg,container_cpu_user_seconds_total,0.063
1744868411,kashef-k8s-ctl.user-mongodb-7745bbd78-p6prs,container_cpu_user_seconds_total,1.996
1744868411,kashef-k8s-ctl.user-timeline-redis-67cc95bc57-gbqwf,container_cpu_user_seconds_total,0.273
1744868411,kashef-k8s-ctl.home-timeline-redis-6c6647df6f-kl9ws,container_cpu_user_seconds_total,0.242
1744868411,kashef-k8s-w1.social-graph-mongodb-55df767ff5-99667,container_cpu_user_seconds_total,1.64
1744868411,kashef-k8s-ctl.post-storage-mongodb-5579669d8c-9kthd,container_cpu_user_seconds_total,2.011
1744868411,kashef-k8s-ctl.home-timeline-service-5754ffbc6d-s8g28,container_cpu_user_seconds_total,0.208
1744868411,kashef-k8s-ctl.text-service-fff64b8bf-w4hcw,container_cpu_user_seconds_total,0.149
1744868411,kashef-k8s-w1.post-storage-service-66c9966f5f-wr46r,container_cpu_user_seconds_total,0.139
1744868417,kashef-k8s-w1.compose-post-service-f587bf89d-79pvg,container_cpu_user_seconds_total,0.184
1744868417,kashef-k8s-w1.url-shorten-memcached-6546746864-zn9d2,container_cpu_user_seconds_total,0.083
1744868417,kashef-k8s-ctl.jaeger-67997f9775-dzz5g,container_cpu_user_seconds_total,0.206
1744868417,kashef-k8s-ctl.url-shorten-service-66949ddcc4-mz6m7,container_cpu_user_seconds_total,0.116
1744868417,kashef-k8s-w1.post-storage-service-66c9966f5f-wr46r,container_cpu_user_seconds_total,0.139
1744868417,kashef-k8s-w1.media-frontend-6b66b95ff4-r52pn,container_cpu_user_seconds_total,5.929
1744868417,kashef-k8s-w1.social-graph-mongodb-55df767ff5-99667,container_cpu_user_seconds_total,1.64
1744868417,kashef-k8s-ctl.post-storage-memcached-6b75788fc6-4zbvg,container_cpu_user_seconds_total,0.092
1744868417,kashef-k8s-w1.media-memcached-7889bdfdfb-2vvrg,container_cpu_user_seconds_total,0.063
1744868417,kashef-k8s-w1.media-service-6c665c775d-hpth5,container_cpu_user_seconds_total,0.072
1744868417,kashef-k8s-ctl.home-timeline-service-5754ffbc6d-s8g28,container_cpu_user_seconds_total,0.208
1744868417,kashef-k8s-w1.nginx-thrift-79478f9bf5-d8c6k,container_cpu_user_seconds_total,6.453
1744868417,kashef-k8s-ctl.user-service-547b88cd8f-zfrpr,container_cpu_user_seconds_total,0.082
1744868417,kashef-k8s-ctl.social-graph-service-677dbc655c-pz4ck,container_cpu_user_seconds_total,0.08
1744868417,kashef-k8s-w1.user-timeline-service-664c7f6696-7lqph,container_cpu_user_seconds_total,10.47
1744868417,kashef-k8s-ctl.url-shorten-mongodb-57c886d5f8-rc4wb,container_cpu_user_seconds_total,2.183
1744868417,kashef-k8s-ctl.user-memcached-59687c864d-59q77,container_cpu_user_seconds_total,0.083
1744868417,kashef-k8s-ctl.user-mention-service-5c4f566c5-8kvv8,container_cpu_user_seconds_total,0.098
1744868417,kashef-k8s-ctl.text-service-fff64b8bf-w4hcw,container_cpu_user_seconds_total,0.149
1744868417,kashef-k8s-w1.user-timeline-mongodb-6758898d48-dnw2v,container_cpu_user_seconds_total,1.69
1744868417,kashef-k8s-w1.unique-id-service-694497b678-7nkgj,container_cpu_user_seconds_total,0.052
1744868417,kashef-k8s-ctl.post-storage-mongodb-5579669d8c-9kthd,container_cpu_user_seconds_total,2.011
1744868417,kashef-k8s-w1.media-mongodb-7b64c59567-zxnhk,container_cpu_user_seconds_total,1.6
1744868417,kashef-k8s-w1.social-graph-redis-5bbd5b7458-f5dwx,container_cpu_user_seconds_total,0.224
1744868417,kashef-k8s-ctl.user-timeline-redis-67cc95bc57-gbqwf,container_cpu_user_seconds_total,0.284
1744868417,kashef-k8s-ctl.home-timeline-redis-6c6647df6f-kl9ws,container_cpu_user_seconds_total,0.263
1744868417,kashef-k8s-ctl.user-mongodb-7745bbd78-p6prs,container_cpu_user_seconds_total,1.996
1744868423,kashef-k8s-w1.user-timeline-mongodb-6758898d48-dnw2v,container_cpu_user_seconds_total,1.69
1744868423,kashef-k8s-w1.post-storage-service-66c9966f5f-wr46r,container_cpu_user_seconds_total,0.139
1744868423,kashef-k8s-ctl.user-timeline-redis-67cc95bc57-gbqwf,container_cpu_user_seconds_total,0.284
1744868423,kashef-k8s-ctl.url-shorten-service-66949ddcc4-mz6m7,container_cpu_user_seconds_total,0.116
1744868423,kashef-k8s-w1.media-mongodb-7b64c59567-zxnhk,container_cpu_user_seconds_total,1.6
1744868423,kashef-k8s-ctl.home-timeline-service-5754ffbc6d-s8g28,container_cpu_user_seconds_total,0.209
1744868423,kashef-k8s-w1.unique-id-service-694497b678-7nkgj,container_cpu_user_seconds_total,0.052
1744868423,kashef-k8s-w1.user-timeline-service-664c7f6696-7lqph,container_cpu_user_seconds_total,10.47
1744868423,kashef-k8s-w1.compose-post-service-f587bf89d-79pvg,container_cpu_user_seconds_total,0.184
1744868423,kashef-k8s-w1.url-shorten-memcached-6546746864-zn9d2,container_cpu_user_seconds_total,0.083
1744868423,kashef-k8s-w1.nginx-thrift-79478f9bf5-d8c6k,container_cpu_user_seconds_total,6.453
1744868423,kashef-k8s-ctl.jaeger-67997f9775-dzz5g,container_cpu_user_seconds_total,0.213
1744868423,kashef-k8s-ctl.text-service-fff64b8bf-w4hcw,container_cpu_user_seconds_total,0.149
1744868423,kashef-k8s-w1.social-graph-mongodb-55df767ff5-99667,container_cpu_user_seconds_total,1.64
1744868423,kashef-k8s-ctl.user-mention-service-5c4f566c5-8kvv8,container_cpu_user_seconds_total,0.098
1744868423,kashef-k8s-w1.social-graph-redis-5bbd5b7458-f5dwx,container_cpu_user_seconds_total,0.224
1744868423,kashef-k8s-ctl.user-service-547b88cd8f-zfrpr,container_cpu_user_seconds_total,0.082
1744868423,kashef-k8s-w1.media-memcached-7889bdfdfb-2vvrg,container_cpu_user_seconds_total,0.063
1744868423,kashef-k8s-ctl.social-graph-service-677dbc655c-pz4ck,container_cpu_user_seconds_total,0.08
1744868423,kashef-k8s-w1.media-frontend-6b66b95ff4-r52pn,container_cpu_user_seconds_total,5.929
1744868423,kashef-k8s-ctl.post-storage-memcached-6b75788fc6-4zbvg,container_cpu_user_seconds_total,0.092
1744868423,kashef-k8s-w1.media-service-6c665c775d-hpth5,container_cpu_user_seconds_total,0.072
1744868423,kashef-k8s-ctl.home-timeline-redis-6c6647df6f-kl9ws,container_cpu_user_seconds_total,0.263
1744868423,kashef-k8s-ctl.url-shorten-mongodb-57c886d5f8-rc4wb,container_cpu_user_seconds_total,2.183
1744868423,kashef-k8s-ctl.post-storage-mongodb-5579669d8c-9kthd,container_cpu_user_seconds_total,2.225
1744868423,kashef-k8s-ctl.user-memcached-59687c864d-59q77,container_cpu_user_seconds_total,0.083
1744868423,kashef-k8s-ctl.user-mongodb-7745bbd78-p6prs,container_cpu_user_seconds_total,2.235
1744868429,kashef-k8s-w1.user-timeline-mongodb-6758898d48-dnw2v,container_cpu_user_seconds_total,1.69
1744868429,kashef-k8s-ctl.user-memcached-59687c864d-59q77,container_cpu_user_seconds_total,0.083
1744868429,kashef-k8s-ctl.user-timeline-redis-67cc95bc57-gbqwf,container_cpu_user_seconds_total,0.284
1744868429,kashef-k8s-ctl.url-shorten-service-66949ddcc4-mz6m7,container_cpu_user_seconds_total,0.116
1744868429,kashef-k8s-ctl.user-mention-service-5c4f566c5-8kvv8,container_cpu_user_seconds_total,0.098
1744868429,kashef-k8s-w1.nginx-thrift-79478f9bf5-d8c6k,container_cpu_user_seconds_total,6.453
1744868429,kashef-k8s-w1.media-mongodb-7b64c59567-zxnhk,container_cpu_user_seconds_total,1.6
1744868429,kashef-k8s-w1.user-timeline-service-664c7f6696-7lqph,container_cpu_user_seconds_total,10.47
1744868429,kashef-k8s-ctl.home-timeline-redis-6c6647df6f-kl9ws,container_cpu_user_seconds_total,0.263
1744868429,kashef-k8s-ctl.home-timeline-service-5754ffbc6d-s8g28,container_cpu_user_seconds_total,0.209
1744868429,kashef-k8s-w1.unique-id-service-694497b678-7nkgj,container_cpu_user_seconds_total,0.052
1744868429,kashef-k8s-ctl.user-service-547b88cd8f-zfrpr,container_cpu_user_seconds_total,0.082
1744868429,kashef-k8s-ctl.social-graph-service-677dbc655c-pz4ck,container_cpu_user_seconds_total,0.08
1744868429,kashef-k8s-w1.social-graph-redis-5bbd5b7458-f5dwx,container_cpu_user_seconds_total,0.265
1744868429,kashef-k8s-ctl.jaeger-67997f9775-dzz5g,container_cpu_user_seconds_total,0.213
1744868429,kashef-k8s-w1.url-shorten-memcached-6546746864-zn9d2,container_cpu_user_seconds_total,0.083
1744868429,kashef-k8s-w1.social-graph-mongodb-55df767ff5-99667,container_cpu_user_seconds_total,1.64
1744868429,kashef-k8s-w1.compose-post-service-f587bf89d-79pvg,container_cpu_user_seconds_total,0.184
1744868429,kashef-k8s-ctl.text-service-fff64b8bf-w4hcw,container_cpu_user_seconds_total,0.149
1744868429,kashef-k8s-ctl.post-storage-mongodb-5579669d8c-9kthd,container_cpu_user_seconds_total,2.225
1744868429,kashef-k8s-w1.post-storage-service-66c9966f5f-wr46r,container_cpu_user_seconds_total,0.139
1744868429,kashef-k8s-ctl.user-mongodb-7745bbd78-p6prs,container_cpu_user_seconds_total,2.235
1744868429,kashef-k8s-ctl.url-shorten-mongodb-57c886d5f8-rc4wb,container_cpu_user_seconds_total,2.183
1744868429,kashef-k8s-w1.media-memcached-7889bdfdfb-2vvrg,container_cpu_user_seconds_total,0.063
1744868429,kashef-k8s-ctl.post-storage-memcached-6b75788fc6-4zbvg,container_cpu_user_seconds_total,0.092
1744868429,kashef-k8s-w1.media-frontend-6b66b95ff4-r52pn,container_cpu_user_seconds_total,5.929
1744868429,kashef-k8s-w1.media-service-6c665c775d-hpth5,container_cpu_user_seconds_total,0.072
1744868435,kashef-k8s-ctl.url-shorten-mongodb-57c886d5f8-rc4wb,container_cpu_user_seconds_total,2.183
1744868435,kashef-k8s-w1.media-service-6c665c775d-hpth5,container_cpu_user_seconds_total,0.072
1744868435,kashef-k8s-ctl.url-shorten-service-66949ddcc4-mz6m7,container_cpu_user_seconds_total,0.116
1744868435,kashef-k8s-ctl.post-storage-mongodb-5579669d8c-9kthd,container_cpu_user_seconds_total,2.225
1744868435,kashef-k8s-w1.social-graph-redis-5bbd5b7458-f5dwx,container_cpu_user_seconds_total,0.265
1744868435,kashef-k8s-ctl.user-mongodb-7745bbd78-p6prs,container_cpu_user_seconds_total,2.235
1744868435,kashef-k8s-w1.user-timeline-service-664c7f6696-7lqph,container_cpu_user_seconds_total,10.47
1744868435,kashef-k8s-w1.compose-post-service-f587bf89d-79pvg,container_cpu_user_seconds_total,0.184
1744868435,kashef-k8s-w1.url-shorten-memcached-6546746864-zn9d2,container_cpu_user_seconds_total,0.083
1744868435,kashef-k8s-ctl.user-service-547b88cd8f-zfrpr,container_cpu_user_seconds_total,0.082
1744868435,kashef-k8s-ctl.social-graph-service-677dbc655c-pz4ck,container_cpu_user_seconds_total,0.08
1744868435,kashef-k8s-w1.media-frontend-6b66b95ff4-r52pn,container_cpu_user_seconds_total,5.929
1744868435,kashef-k8s-w1.social-graph-mongodb-55df767ff5-99667,container_cpu_user_seconds_total,1.64
1744868435,kashef-k8s-ctl.text-service-fff64b8bf-w4hcw,container_cpu_user_seconds_total,0.149
1744868435,kashef-k8s-ctl.post-storage-memcached-6b75788fc6-4zbvg,container_cpu_user_seconds_total,0.092
1744868435,kashef-k8s-w1.post-storage-service-66c9966f5f-wr46r,container_cpu_user_seconds_total,0.139
1744868435,kashef-k8s-ctl.jaeger-67997f9775-dzz5g,container_cpu_user_seconds_total,0.213
1744868435,kashef-k8s-ctl.user-timeline-redis-67cc95bc57-gbqwf,container_cpu_user_seconds_total,0.284
1744868435,kashef-k8s-w1.media-memcached-7889bdfdfb-2vvrg,container_cpu_user_seconds_total,0.063
1744868435,kashef-k8s-w1.nginx-thrift-79478f9bf5-d8c6k,container_cpu_user_seconds_total,6.453
1744868435,kashef-k8s-ctl.user-mention-service-5c4f566c5-8kvv8,container_cpu_user_seconds_total,0.098
1744868435,kashef-k8s-w1.media-mongodb-7b64c59567-zxnhk,container_cpu_user_seconds_total,1.6
1744868435,kashef-k8s-ctl.user-memcached-59687c864d-59q77,container_cpu_user_seconds_total,0.083
1744868435,kashef-k8s-w1.user-timeline-mongodb-6758898d48-dnw2v,container_cpu_user_seconds_total,1.69
1744868435,kashef-k8s-w1.unique-id-service-694497b678-7nkgj,container_cpu_user_seconds_total,0.052
1744868435,kashef-k8s-ctl.home-timeline-redis-6c6647df6f-kl9ws,container_cpu_user_seconds_total,0.263
1744868435,kashef-k8s-ctl.home-timeline-service-5754ffbc6d-s8g28,container_cpu_user_seconds_total,0.209
1744868441,kashef-k8s-w1.url-shorten-memcached-6546746864-zn9d2,container_cpu_user_seconds_total,0.083
1744868441,kashef-k8s-w1.social-graph-redis-5bbd5b7458-f5dwx,container_cpu_user_seconds_total,0.265
1744868441,kashef-k8s-ctl.post-storage-mongodb-5579669d8c-9kthd,container_cpu_user_seconds_total,2.225
1744868441,kashef-k8s-ctl.user-mention-service-5c4f566c5-8kvv8,container_cpu_user_seconds_total,0.098
1744868441,kashef-k8s-w1.user-timeline-service-664c7f6696-7lqph,container_cpu_user_seconds_total,10.47
1744868441,kashef-k8s-ctl.social-graph-service-677dbc655c-pz4ck,container_cpu_user_seconds_total,0.08
1744868441,kashef-k8s-w1.media-service-6c665c775d-hpth5,container_cpu_user_seconds_total,0.072
1744868441,kashef-k8s-ctl.user-service-547b88cd8f-zfrpr,container_cpu_user_seconds_total,0.082
1744868441,kashef-k8s-ctl.jaeger-67997f9775-dzz5g,container_cpu_user_seconds_total,0.213
1744868441,kashef-k8s-w1.media-frontend-6b66b95ff4-r52pn,container_cpu_user_seconds_total,5.929
1744868441,kashef-k8s-w1.post-storage-service-66c9966f5f-wr46r,container_cpu_user_seconds_total,0.139
1744868441,kashef-k8s-ctl.post-storage-memcached-6b75788fc6-4zbvg,container_cpu_user_seconds_total,0.092
1744868441,kashef-k8s-ctl.text-service-fff64b8bf-w4hcw,container_cpu_user_seconds_total,0.149
1744868441,kashef-k8s-w1.compose-post-service-f587bf89d-79pvg,container_cpu_user_seconds_total,0.184
1744868441,kashef-k8s-w1.social-graph-mongodb-55df767ff5-99667,container_cpu_user_seconds_total,1.64
1744868441,kashef-k8s-w1.media-mongodb-7b64c59567-zxnhk,container_cpu_user_seconds_total,1.6
1744868441,kashef-k8s-ctl.home-timeline-service-5754ffbc6d-s8g28,container_cpu_user_seconds_total,0.209
1744868441,kashef-k8s-w1.unique-id-service-694497b678-7nkgj,container_cpu_user_seconds_total,0.052
1744868441,kashef-k8s-ctl.home-timeline-redis-6c6647df6f-kl9ws,container_cpu_user_seconds_total,0.263
1744868441,kashef-k8s-w1.nginx-thrift-79478f9bf5-d8c6k,container_cpu_user_seconds_total,6.453
1744868441,kashef-k8s-ctl.user-mongodb-7745bbd78-p6prs,container_cpu_user_seconds_total,2.235
1744868441,kashef-k8s-ctl.url-shorten-service-66949ddcc4-mz6m7,container_cpu_user_seconds_total,0.116
1744868441,kashef-k8s-ctl.user-timeline-redis-67cc95bc57-gbqwf,container_cpu_user_seconds_total,0.284
1744868441,kashef-k8s-ctl.user-memcached-59687c864d-59q77,container_cpu_user_seconds_total,0.083
1744868441,kashef-k8s-ctl.url-shorten-mongodb-57c886d5f8-rc4wb,container_cpu_user_seconds_total,2.183
1744868441,kashef-k8s-w1.user-timeline-mongodb-6758898d48-dnw2v,container_cpu_user_seconds_total,1.69
1744868441,kashef-k8s-w1.media-memcached-7889bdfdfb-2vvrg,container_cpu_user_seconds_total,0.063
