timestamp,cmdb_id,kpi_name,value
1745328349,kashef-k8s-w1.temp-debug-alt,container_cpu_system_seconds_total,0.142
1745328349,kashef-k8s-ctl.user-mongodb-7745bbd78-488nc,container_cpu_system_seconds_total,3.827
1745328355,kashef-k8s-ctl.user-mongodb-7745bbd78-488nc,container_cpu_system_seconds_total,3.827
1745328355,kashef-k8s-w1.temp-debug-alt,container_cpu_system_seconds_total,0.142
1745328361,kashef-k8s-ctl.user-mongodb-7745bbd78-488nc,container_cpu_system_seconds_total,3.827
1745328361,kashef-k8s-w1.temp-debug-alt,container_cpu_system_seconds_total,0.142
1745328367,kashef-k8s-w1.temp-debug-alt,container_cpu_system_seconds_total,0.142
1745328367,kashef-k8s-ctl.user-mongodb-7745bbd78-488nc,container_cpu_system_seconds_total,3.827
1745328373,kashef-k8s-ctl.user-mongodb-7745bbd78-488nc,container_cpu_system_seconds_total,3.827
1745328373,kashef-k8s-w1.temp-debug-alt,container_cpu_system_seconds_total,0.142
1745328379,kashef-k8s-ctl.user-mongodb-7745bbd78-488nc,container_cpu_system_seconds_total,3.839
1745328379,kashef-k8s-w1.temp-debug-alt,container_cpu_system_seconds_total,0.142
1745328385,kashef-k8s-ctl.user-mongodb-7745bbd78-488nc,container_cpu_system_seconds_total,3.839
1745328385,kashef-k8s-w1.temp-debug-alt,container_cpu_system_seconds_total,0.142
1745328391,kashef-k8s-w1.temp-debug-alt,container_cpu_system_seconds_total,0.142
1745328391,kashef-k8s-ctl.user-mongodb-7745bbd78-488nc,container_cpu_system_seconds_total,3.839
1745328397,kashef-k8s-ctl.user-mongodb-7745bbd78-488nc,container_cpu_system_seconds_total,3.839
1745328397,kashef-k8s-w1.temp-debug-alt,container_cpu_system_seconds_total,0.142
1745328403,kashef-k8s-w1.temp-debug-alt,container_cpu_system_seconds_total,0.142
1745328403,kashef-k8s-ctl.user-mongodb-7745bbd78-488nc,container_cpu_system_seconds_total,3.839
1745328409,kashef-k8s-ctl.user-mongodb-7745bbd78-488nc,container_cpu_system_seconds_total,3.839
1745328409,kashef-k8s-w1.temp-debug-alt,container_cpu_system_seconds_total,0.142
1745328415,kashef-k8s-w1.temp-debug-alt,container_cpu_system_seconds_total,0.142
1745328415,kashef-k8s-ctl.user-mongodb-7745bbd78-488nc,container_cpu_system_seconds_total,3.839
1745328421,kashef-k8s-ctl.user-mongodb-7745bbd78-488nc,container_cpu_system_seconds_total,3.839
1745328421,kashef-k8s-w1.temp-debug-alt,container_cpu_system_seconds_total,0.142
1745328427,kashef-k8s-w1.temp-debug-alt,container_cpu_system_seconds_total,0.142
1745328427,kashef-k8s-ctl.user-mongodb-7745bbd78-488nc,container_cpu_system_seconds_total,3.839
1745328433,kashef-k8s-w1.temp-debug-alt,container_cpu_system_seconds_total,0.142
1745328433,kashef-k8s-ctl.user-mongodb-7745bbd78-488nc,container_cpu_system_seconds_total,3.839
1745328439,kashef-k8s-w1.temp-debug-alt,container_cpu_system_seconds_total,0.142
1745328439,kashef-k8s-ctl.user-mongodb-7745bbd78-488nc,container_cpu_system_seconds_total,3.839
1745328445,kashef-k8s-w1.temp-debug-alt,container_cpu_system_seconds_total,0.142
1745328445,kashef-k8s-ctl.user-mongodb-7745bbd78-488nc,container_cpu_system_seconds_total,3.839
1745328451,kashef-k8s-ctl.user-mongodb-7745bbd78-488nc,container_cpu_system_seconds_total,3.839
1745328451,kashef-k8s-w1.temp-debug-alt,container_cpu_system_seconds_total,0.142
1745328457,kashef-k8s-w1.temp-debug-alt,container_cpu_system_seconds_total,0.142
1745328457,kashef-k8s-ctl.user-mongodb-7745bbd78-488nc,container_cpu_system_seconds_total,3.85
1745328463,kashef-k8s-ctl.user-mongodb-7745bbd78-488nc,container_cpu_system_seconds_total,3.85
1745328463,kashef-k8s-w1.temp-debug-alt,container_cpu_system_seconds_total,0.142
1745328469,kashef-k8s-w1.temp-debug-alt,container_cpu_system_seconds_total,0.142
1745328469,kashef-k8s-ctl.user-mongodb-7745bbd78-488nc,container_cpu_system_seconds_total,3.85
1745328475,kashef-k8s-ctl.user-mongodb-7745bbd78-488nc,container_cpu_system_seconds_total,3.85
1745328475,kashef-k8s-w1.temp-debug-alt,container_cpu_system_seconds_total,0.142
1745328481,kashef-k8s-w1.temp-debug-alt,container_cpu_system_seconds_total,0.142
1745328481,kashef-k8s-ctl.user-mongodb-7745bbd78-488nc,container_cpu_system_seconds_total,3.85
1745328487,kashef-k8s-ctl.user-mongodb-7745bbd78-488nc,container_cpu_system_seconds_total,3.85
1745328487,kashef-k8s-w1.temp-debug-alt,container_cpu_system_seconds_total,0.142
1745328493,kashef-k8s-w1.temp-debug-alt,container_cpu_system_seconds_total,0.142
1745328493,kashef-k8s-ctl.user-mongodb-7745bbd78-488nc,container_cpu_system_seconds_total,3.87
1745328499,kashef-k8s-ctl.user-mongodb-7745bbd78-488nc,container_cpu_system_seconds_total,3.87
1745328499,kashef-k8s-w1.temp-debug-alt,container_cpu_system_seconds_total,0.142
1745328505,kashef-k8s-w1.temp-debug-alt,container_cpu_system_seconds_total,0.142
1745328505,kashef-k8s-ctl.user-mongodb-7745bbd78-488nc,container_cpu_system_seconds_total,3.87
1745328511,kashef-k8s-ctl.user-mongodb-7745bbd78-488nc,container_cpu_system_seconds_total,3.87
1745328511,kashef-k8s-w1.temp-debug-alt,container_cpu_system_seconds_total,0.142
1745328517,kashef-k8s-ctl.user-mongodb-7745bbd78-488nc,container_cpu_system_seconds_total,3.87
1745328517,kashef-k8s-w1.temp-debug-alt,container_cpu_system_seconds_total,0.142
1745328523,kashef-k8s-w1.temp-debug-alt,container_cpu_system_seconds_total,0.142
1745328523,kashef-k8s-ctl.user-mongodb-7745bbd78-488nc,container_cpu_system_seconds_total,3.87
1745328529,kashef-k8s-w1.temp-debug-alt,container_cpu_system_seconds_total,0.142
1745328529,kashef-k8s-ctl.user-mongodb-7745bbd78-488nc,container_cpu_system_seconds_total,3.87
1745328535,kashef-k8s-ctl.user-mongodb-7745bbd78-488nc,container_cpu_system_seconds_total,3.875
1745328535,kashef-k8s-w1.temp-debug-alt,container_cpu_system_seconds_total,0.142
1745328541,kashef-k8s-ctl.user-mongodb-7745bbd78-488nc,container_cpu_system_seconds_total,3.875
1745328541,kashef-k8s-w1.temp-debug-alt,container_cpu_system_seconds_total,0.142
1745328547,kashef-k8s-w1.temp-debug-alt,container_cpu_system_seconds_total,0.142
1745328547,kashef-k8s-ctl.user-mongodb-7745bbd78-488nc,container_cpu_system_seconds_total,3.875
1745328553,kashef-k8s-ctl.user-mongodb-7745bbd78-488nc,container_cpu_system_seconds_total,3.875
1745328553,kashef-k8s-w1.temp-debug-alt,container_cpu_system_seconds_total,0.142
1745328559,kashef-k8s-w1.temp-debug-alt,container_cpu_system_seconds_total,0.142
1745328559,kashef-k8s-ctl.user-mongodb-7745bbd78-488nc,container_cpu_system_seconds_total,3.875
1745328565,kashef-k8s-w1.temp-debug-alt,container_cpu_system_seconds_total,0.142
1745328565,kashef-k8s-ctl.user-mongodb-7745bbd78-488nc,container_cpu_system_seconds_total,3.875
1745328571,kashef-k8s-ctl.user-mongodb-7745bbd78-488nc,container_cpu_system_seconds_total,3.875
1745328571,kashef-k8s-w1.temp-debug-alt,container_cpu_system_seconds_total,0.142
1745328577,kashef-k8s-ctl.user-mongodb-7745bbd78-488nc,container_cpu_system_seconds_total,3.875
1745328577,kashef-k8s-w1.temp-debug-alt,container_cpu_system_seconds_total,0.142
1745328583,kashef-k8s-ctl.user-mongodb-7745bbd78-488nc,container_cpu_system_seconds_total,3.88
1745328583,kashef-k8s-w1.temp-debug-alt,container_cpu_system_seconds_total,0.142
1745328589,kashef-k8s-ctl.user-mongodb-7745bbd78-488nc,container_cpu_system_seconds_total,3.88
1745328589,kashef-k8s-w1.temp-debug-alt,container_cpu_system_seconds_total,0.142
1745328595,kashef-k8s-w1.temp-debug-alt,container_cpu_system_seconds_total,0.142
1745328595,kashef-k8s-ctl.user-mongodb-7745bbd78-488nc,container_cpu_system_seconds_total,3.88
1745328601,kashef-k8s-ctl.user-mongodb-7745bbd78-488nc,container_cpu_system_seconds_total,3.88
1745328601,kashef-k8s-w1.temp-debug-alt,container_cpu_system_seconds_total,0.142
1745328607,kashef-k8s-w1.temp-debug-alt,container_cpu_system_seconds_total,0.142
1745328607,kashef-k8s-ctl.user-mongodb-7745bbd78-488nc,container_cpu_system_seconds_total,3.88
1745328613,kashef-k8s-ctl.user-mongodb-7745bbd78-488nc,container_cpu_system_seconds_total,3.882
1745328613,kashef-k8s-w1.temp-debug-alt,container_cpu_system_seconds_total,0.142
1745328619,kashef-k8s-w1.temp-debug-alt,container_cpu_system_seconds_total,0.142
1745328619,kashef-k8s-ctl.user-mongodb-7745bbd78-488nc,container_cpu_system_seconds_total,3.882
1745328625,kashef-k8s-ctl.user-mongodb-7745bbd78-488nc,container_cpu_system_seconds_total,3.882
1745328625,kashef-k8s-w1.temp-debug-alt,container_cpu_system_seconds_total,0.142
1745328631,kashef-k8s-w1.temp-debug-alt,container_cpu_system_seconds_total,0.142
1745328631,kashef-k8s-ctl.user-mongodb-7745bbd78-488nc,container_cpu_system_seconds_total,3.882
1745328637,kashef-k8s-ctl.user-mongodb-7745bbd78-488nc,container_cpu_system_seconds_total,3.882
1745328637,kashef-k8s-w1.temp-debug-alt,container_cpu_system_seconds_total,0.142
1745328643,kashef-k8s-w1.temp-debug-alt,container_cpu_system_seconds_total,0.142
1745328643,kashef-k8s-ctl.user-mongodb-7745bbd78-488nc,container_cpu_system_seconds_total,3.882
1745328649,kashef-k8s-w1.temp-debug-alt,container_cpu_system_seconds_total,0.142
1745328649,kashef-k8s-ctl.user-mongodb-7745bbd78-488nc,container_cpu_system_seconds_total,3.882
1745328655,kashef-k8s-ctl.user-mongodb-7745bbd78-488nc,container_cpu_system_seconds_total,3.882
1745328655,kashef-k8s-w1.temp-debug-alt,container_cpu_system_seconds_total,0.142
1745328661,kashef-k8s-w1.temp-debug-alt,container_cpu_system_seconds_total,0.142
1745328661,kashef-k8s-ctl.user-mongodb-7745bbd78-488nc,container_cpu_system_seconds_total,3.882
1745328667,kashef-k8s-w1.temp-debug-alt,container_cpu_system_seconds_total,0.142
1745328667,kashef-k8s-ctl.user-mongodb-7745bbd78-488nc,container_cpu_system_seconds_total,3.882
1745328673,kashef-k8s-ctl.user-mongodb-7745bbd78-488nc,container_cpu_system_seconds_total,3.882
1745328673,kashef-k8s-w1.temp-debug-alt,container_cpu_system_seconds_total,0.142
1745328679,kashef-k8s-w1.temp-debug-alt,container_cpu_system_seconds_total,0.142
1745328679,kashef-k8s-ctl.user-mongodb-7745bbd78-488nc,container_cpu_system_seconds_total,3.913
1745328685,kashef-k8s-w1.temp-debug-alt,container_cpu_system_seconds_total,0.142
1745328685,kashef-k8s-ctl.user-mongodb-7745bbd78-488nc,container_cpu_system_seconds_total,3.913
1745328691,kashef-k8s-ctl.user-mongodb-7745bbd78-488nc,container_cpu_system_seconds_total,3.913
1745328691,kashef-k8s-w1.temp-debug-alt,container_cpu_system_seconds_total,0.142
1745328697,kashef-k8s-ctl.user-mongodb-7745bbd78-zcdgh,container_cpu_system_seconds_total,0.0
1745328697,kashef-k8s-w1.media-mongodb-7b64c59567-8xpml,container_cpu_system_seconds_total,0.0
1745328697,kashef-k8s-w1.user-mention-service-5c4f566c5-9sb7k,container_cpu_system_seconds_total,0.0
1745328697,kashef-k8s-w1.social-graph-service-677dbc655c-pxq2d,container_cpu_system_seconds_total,0.0
1745328697,kashef-k8s-w1.url-shorten-service-66949ddcc4-8jpjp,container_cpu_system_seconds_total,0.0
1745328697,kashef-k8s-w1.user-memcached-59687c864d-8trz6,container_cpu_system_seconds_total,0.0
1745328697,kashef-k8s-w1.temp-debug-alt,container_cpu_system_seconds_total,0.142
1745328697,kashef-k8s-w1.home-timeline-redis-6c6647df6f-ln2jz,container_cpu_system_seconds_total,0.0
1745328697,kashef-k8s-ctl.social-graph-mongodb-55df767ff5-wwcpn,container_cpu_system_seconds_total,0.0
1745328697,kashef-k8s-w1.media-memcached-7889bdfdfb-cqgpc,container_cpu_system_seconds_total,0.0
1745328697,kashef-k8s-w1.media-frontend-6b66b95ff4-6qwtj,container_cpu_system_seconds_total,0.0
1745328697,kashef-k8s-ctl.user-mongodb-7745bbd78-488nc,container_cpu_system_seconds_total,3.913
1745328697,kashef-k8s-ctl.url-shorten-memcached-6546746864-6jhh6,container_cpu_system_seconds_total,0.0
1745328697,kashef-k8s-w1.url-shorten-mongodb-57c886d5f8-q84tt,container_cpu_system_seconds_total,0.0
1745328703,kashef-k8s-w1.social-graph-service-677dbc655c-pxq2d,container_cpu_system_seconds_total,0.0
1745328703,kashef-k8s-w1.media-mongodb-7b64c59567-8xpml,container_cpu_system_seconds_total,0.0
1745328703,kashef-k8s-w1.url-shorten-mongodb-57c886d5f8-q84tt,container_cpu_system_seconds_total,0.0
1745328703,kashef-k8s-w1.temp-debug-alt,container_cpu_system_seconds_total,0.142
1745328703,kashef-k8s-w1.media-memcached-7889bdfdfb-cqgpc,container_cpu_system_seconds_total,0.0
1745328703,kashef-k8s-w1.user-memcached-59687c864d-8trz6,container_cpu_system_seconds_total,0.0
1745328703,kashef-k8s-w1.home-timeline-redis-6c6647df6f-ln2jz,container_cpu_system_seconds_total,0.0
1745328703,kashef-k8s-ctl.url-shorten-memcached-6546746864-6jhh6,container_cpu_system_seconds_total,0.0
1745328703,kashef-k8s-ctl.user-mongodb-7745bbd78-488nc,container_cpu_system_seconds_total,3.913
1745328703,kashef-k8s-w1.media-frontend-6b66b95ff4-6qwtj,container_cpu_system_seconds_total,0.0
1745328703,kashef-k8s-w1.url-shorten-service-66949ddcc4-8jpjp,container_cpu_system_seconds_total,0.0
1745328703,kashef-k8s-w1.user-mention-service-5c4f566c5-9sb7k,container_cpu_system_seconds_total,0.0
1745328703,kashef-k8s-ctl.social-graph-mongodb-55df767ff5-wwcpn,container_cpu_system_seconds_total,0.0
1745328703,kashef-k8s-ctl.user-mongodb-7745bbd78-zcdgh,container_cpu_system_seconds_total,0.0
1745328709,kashef-k8s-w1.user-mention-service-5c4f566c5-9sb7k,container_cpu_system_seconds_total,0.0
1745328709,kashef-k8s-w1.temp-debug-alt,container_cpu_system_seconds_total,0.142
1745328709,kashef-k8s-w1.media-mongodb-7b64c59567-8xpml,container_cpu_system_seconds_total,0.0
1745328709,kashef-k8s-w1.social-graph-service-677dbc655c-pxq2d,container_cpu_system_seconds_total,0.0
1745328709,kashef-k8s-ctl.home-timeline-service-5754ffbc6d-h6r4x,container_cpu_system_seconds_total,0.051
1745328709,kashef-k8s-ctl.user-mongodb-7745bbd78-488nc,container_cpu_system_seconds_total,3.919
1745328709,kashef-k8s-w1.media-memcached-7889bdfdfb-cqgpc,container_cpu_system_seconds_total,0.0
1745328709,kashef-k8s-ctl.compose-post-service-f587bf89d-kv8ds,container_cpu_system_seconds_total,0.08
1745328709,kashef-k8s-w1.user-memcached-59687c864d-8trz6,container_cpu_system_seconds_total,0.0
1745328709,kashef-k8s-w1.home-timeline-redis-6c6647df6f-ln2jz,container_cpu_system_seconds_total,0.0
1745328709,kashef-k8s-ctl.user-timeline-service-664c7f6696-lnpt7,container_cpu_system_seconds_total,0.062
1745328709,kashef-k8s-ctl.nginx-thrift-79478f9bf5-gzvn9,container_cpu_system_seconds_total,0.018
1745328709,kashef-k8s-ctl.jaeger-67997f9775-vhgmx,container_cpu_system_seconds_total,0.107
1745328709,kashef-k8s-ctl.social-graph-mongodb-55df767ff5-wwcpn,container_cpu_system_seconds_total,0.0
1745328709,kashef-k8s-ctl.user-mongodb-7745bbd78-zcdgh,container_cpu_system_seconds_total,0.0
1745328709,kashef-k8s-w1.media-service-6c665c775d-fxpjf,container_cpu_system_seconds_total,0.036
1745328709,kashef-k8s-ctl.url-shorten-memcached-6546746864-6jhh6,container_cpu_system_seconds_total,0.0
1745328709,kashef-k8s-w1.url-shorten-service-66949ddcc4-8jpjp,container_cpu_system_seconds_total,0.025
1745328709,kashef-k8s-ctl.post-storage-service-66c9966f5f-ptkcz,container_cpu_system_seconds_total,0.03
1745328709,kashef-k8s-w1.url-shorten-mongodb-57c886d5f8-q84tt,container_cpu_system_seconds_total,0.0
1745328709,kashef-k8s-w1.media-frontend-6b66b95ff4-6qwtj,container_cpu_system_seconds_total,0.0
1745328715,kashef-k8s-w1.media-mongodb-7b64c59567-8xpml,container_cpu_system_seconds_total,0.0
1745328715,kashef-k8s-ctl.text-service-fff64b8bf-9vq7f,container_cpu_system_seconds_total,0.061
1745328715,kashef-k8s-ctl.user-mongodb-7745bbd78-zcdgh,container_cpu_system_seconds_total,0.0
1745328715,kashef-k8s-w1.unique-id-service-694497b678-4qjsc,container_cpu_system_seconds_total,0.036
1745328715,kashef-k8s-ctl.url-shorten-memcached-6546746864-6jhh6,container_cpu_system_seconds_total,0.0
1745328715,kashef-k8s-w1.user-memcached-59687c864d-8trz6,container_cpu_system_seconds_total,0.076
1745328715,kashef-k8s-ctl.post-storage-memcached-6b75788fc6-mwfnt,container_cpu_system_seconds_total,0.061
1745328715,kashef-k8s-w1.url-shorten-mongodb-57c886d5f8-q84tt,container_cpu_system_seconds_total,0.238
1745328715,kashef-k8s-ctl.home-timeline-service-5754ffbc6d-h6r4x,container_cpu_system_seconds_total,0.051
1745328715,kashef-k8s-ctl.compose-post-service-f587bf89d-kv8ds,container_cpu_system_seconds_total,0.08
1745328715,kashef-k8s-w1.media-memcached-7889bdfdfb-cqgpc,container_cpu_system_seconds_total,0.0
1745328715,kashef-k8s-ctl.user-mongodb-7745bbd78-488nc,container_cpu_system_seconds_total,3.919
1745328715,kashef-k8s-ctl.user-timeline-service-664c7f6696-lnpt7,container_cpu_system_seconds_total,0.062
1745328715,kashef-k8s-ctl.nginx-thrift-79478f9bf5-gzvn9,container_cpu_system_seconds_total,0.018
1745328715,kashef-k8s-w1.home-timeline-redis-6c6647df6f-ln2jz,container_cpu_system_seconds_total,0.12
1745328715,kashef-k8s-ctl.jaeger-67997f9775-vhgmx,container_cpu_system_seconds_total,0.107
1745328715,kashef-k8s-w1.user-mention-service-5c4f566c5-9sb7k,container_cpu_system_seconds_total,0.0
1745328715,kashef-k8s-w1.post-storage-mongodb-5579669d8c-m2tvh,container_cpu_system_seconds_total,0.029
1745328715,kashef-k8s-w1.social-graph-service-677dbc655c-pxq2d,container_cpu_system_seconds_total,0.0
1745328715,kashef-k8s-ctl.social-graph-mongodb-55df767ff5-wwcpn,container_cpu_system_seconds_total,0.0
1745328715,kashef-k8s-w1.url-shorten-service-66949ddcc4-8jpjp,container_cpu_system_seconds_total,0.025
1745328715,kashef-k8s-w1.temp-debug-alt,container_cpu_system_seconds_total,0.142
1745328715,kashef-k8s-w1.media-frontend-6b66b95ff4-6qwtj,container_cpu_system_seconds_total,0.676
1745328715,kashef-k8s-w1.media-service-6c665c775d-fxpjf,container_cpu_system_seconds_total,0.036
1745328715,kashef-k8s-ctl.post-storage-service-66c9966f5f-ptkcz,container_cpu_system_seconds_total,0.03
1745328721,kashef-k8s-ctl.url-shorten-memcached-6546746864-6jhh6,container_cpu_system_seconds_total,0.0
1745328721,kashef-k8s-w1.user-memcached-59687c864d-8trz6,container_cpu_system_seconds_total,0.076
1745328721,kashef-k8s-ctl.home-timeline-service-5754ffbc6d-h6r4x,container_cpu_system_seconds_total,0.051
1745328721,kashef-k8s-w1.url-shorten-mongodb-57c886d5f8-q84tt,container_cpu_system_seconds_total,0.238
1745328721,kashef-k8s-w1.media-mongodb-7b64c59567-8xpml,container_cpu_system_seconds_total,0.0
1745328721,kashef-k8s-w1.unique-id-service-694497b678-4qjsc,container_cpu_system_seconds_total,0.036
1745328721,kashef-k8s-ctl.post-storage-memcached-6b75788fc6-mwfnt,container_cpu_system_seconds_total,0.061
1745328721,kashef-k8s-w1.media-memcached-7889bdfdfb-cqgpc,container_cpu_system_seconds_total,0.0
1745328721,kashef-k8s-w1.post-storage-mongodb-5579669d8c-m2tvh,container_cpu_system_seconds_total,0.029
1745328721,kashef-k8s-ctl.user-timeline-service-664c7f6696-lnpt7,container_cpu_system_seconds_total,0.062
1745328721,kashef-k8s-ctl.compose-post-service-f587bf89d-kv8ds,container_cpu_system_seconds_total,0.08
1745328721,kashef-k8s-ctl.user-mongodb-7745bbd78-488nc,container_cpu_system_seconds_total,3.919
1745328721,kashef-k8s-ctl.jaeger-67997f9775-vhgmx,container_cpu_system_seconds_total,0.107
1745328721,kashef-k8s-w1.home-timeline-redis-6c6647df6f-ln2jz,container_cpu_system_seconds_total,0.12
1745328721,kashef-k8s-ctl.nginx-thrift-79478f9bf5-gzvn9,container_cpu_system_seconds_total,0.018
1745328721,kashef-k8s-ctl.user-mongodb-7745bbd78-zcdgh,container_cpu_system_seconds_total,0.0
1745328721,kashef-k8s-w1.url-shorten-service-66949ddcc4-8jpjp,container_cpu_system_seconds_total,0.025
1745328721,kashef-k8s-w1.temp-debug-alt,container_cpu_system_seconds_total,0.142
1745328721,kashef-k8s-w1.user-timeline-redis-67cc95bc57-rz2gp,container_cpu_system_seconds_total,0.105
1745328721,kashef-k8s-w1.user-mention-service-5c4f566c5-9sb7k,container_cpu_system_seconds_total,0.049
1745328721,kashef-k8s-w1.media-frontend-6b66b95ff4-6qwtj,container_cpu_system_seconds_total,0.676
1745328721,kashef-k8s-ctl.social-graph-mongodb-55df767ff5-wwcpn,container_cpu_system_seconds_total,0.0
1745328721,kashef-k8s-ctl.post-storage-service-66c9966f5f-ptkcz,container_cpu_system_seconds_total,0.03
1745328721,kashef-k8s-w1.social-graph-service-677dbc655c-pxq2d,container_cpu_system_seconds_total,0.095
1745328721,kashef-k8s-ctl.text-service-fff64b8bf-9vq7f,container_cpu_system_seconds_total,0.061
1745328721,kashef-k8s-w1.media-service-6c665c775d-fxpjf,container_cpu_system_seconds_total,0.036
1745328727,kashef-k8s-w1.media-mongodb-7b64c59567-8xpml,container_cpu_system_seconds_total,0.249
1745328727,kashef-k8s-ctl.nginx-thrift-79478f9bf5-gzvn9,container_cpu_system_seconds_total,0.018
1745328727,kashef-k8s-ctl.jaeger-67997f9775-vhgmx,container_cpu_system_seconds_total,0.107
1745328727,kashef-k8s-w1.user-timeline-redis-67cc95bc57-rz2gp,container_cpu_system_seconds_total,0.105
1745328727,kashef-k8s-w1.media-frontend-6b66b95ff4-6qwtj,container_cpu_system_seconds_total,0.676
1745328727,kashef-k8s-ctl.post-storage-memcached-6b75788fc6-mwfnt,container_cpu_system_seconds_total,0.063
1745328727,kashef-k8s-w1.user-timeline-mongodb-6758898d48-ncm96,container_cpu_system_seconds_total,0.218
1745328727,kashef-k8s-ctl.post-storage-service-66c9966f5f-ptkcz,container_cpu_system_seconds_total,0.03
1745328727,kashef-k8s-ctl.user-mongodb-7745bbd78-488nc,container_cpu_system_seconds_total,3.919
1745328727,kashef-k8s-w1.url-shorten-service-66949ddcc4-8jpjp,container_cpu_system_seconds_total,0.025
1745328727,kashef-k8s-w1.media-memcached-7889bdfdfb-cqgpc,container_cpu_system_seconds_total,0.076
1745328727,kashef-k8s-ctl.text-service-fff64b8bf-9vq7f,container_cpu_system_seconds_total,0.061
1745328727,kashef-k8s-w1.social-graph-redis-5bbd5b7458-czkmd,container_cpu_system_seconds_total,0.073
1745328727,kashef-k8s-w1.url-shorten-mongodb-57c886d5f8-q84tt,container_cpu_system_seconds_total,0.238
1745328727,kashef-k8s-ctl.url-shorten-memcached-6546746864-6jhh6,container_cpu_system_seconds_total,0.0
1745328727,kashef-k8s-ctl.user-timeline-service-664c7f6696-lnpt7,container_cpu_system_seconds_total,0.062
1745328727,kashef-k8s-w1.home-timeline-redis-6c6647df6f-ln2jz,container_cpu_system_seconds_total,0.12
1745328727,kashef-k8s-ctl.compose-post-service-f587bf89d-kv8ds,container_cpu_system_seconds_total,0.08
1745328727,kashef-k8s-w1.post-storage-mongodb-5579669d8c-m2tvh,container_cpu_system_seconds_total,0.029
1745328727,kashef-k8s-w1.social-graph-service-677dbc655c-pxq2d,container_cpu_system_seconds_total,0.095
1745328727,kashef-k8s-ctl.social-graph-mongodb-55df767ff5-wwcpn,container_cpu_system_seconds_total,0.0
1745328727,kashef-k8s-ctl.user-mongodb-7745bbd78-zcdgh,container_cpu_system_seconds_total,0.0
1745328727,kashef-k8s-w1.unique-id-service-694497b678-4qjsc,container_cpu_system_seconds_total,0.036
1745328727,kashef-k8s-w1.temp-debug-alt,container_cpu_system_seconds_total,0.142
1745328727,kashef-k8s-ctl.home-timeline-service-5754ffbc6d-h6r4x,container_cpu_system_seconds_total,0.051
1745328727,kashef-k8s-w1.user-memcached-59687c864d-8trz6,container_cpu_system_seconds_total,0.076
1745328727,kashef-k8s-w1.media-service-6c665c775d-fxpjf,container_cpu_system_seconds_total,0.036
1745328727,kashef-k8s-w1.user-mention-service-5c4f566c5-9sb7k,container_cpu_system_seconds_total,0.049
1745328733,kashef-k8s-ctl.post-storage-memcached-6b75788fc6-mwfnt,container_cpu_system_seconds_total,0.063
1745328733,kashef-k8s-w1.user-timeline-mongodb-6758898d48-ncm96,container_cpu_system_seconds_total,0.218
1745328733,kashef-k8s-w1.user-timeline-redis-67cc95bc57-rz2gp,container_cpu_system_seconds_total,0.105
1745328733,kashef-k8s-w1.media-mongodb-7b64c59567-8xpml,container_cpu_system_seconds_total,0.249
1745328733,kashef-k8s-w1.unique-id-service-694497b678-4qjsc,container_cpu_system_seconds_total,0.036
1745328733,kashef-k8s-ctl.text-service-fff64b8bf-9vq7f,container_cpu_system_seconds_total,0.061
1745328733,kashef-k8s-w1.media-memcached-7889bdfdfb-cqgpc,container_cpu_system_seconds_total,0.076
1745328733,kashef-k8s-ctl.user-mongodb-7745bbd78-488nc,container_cpu_system_seconds_total,3.919
1745328733,kashef-k8s-w1.media-frontend-6b66b95ff4-6qwtj,container_cpu_system_seconds_total,0.676
1745328733,kashef-k8s-ctl.user-mongodb-7745bbd78-zcdgh,container_cpu_system_seconds_total,0.0
1745328733,kashef-k8s-w1.social-graph-redis-5bbd5b7458-czkmd,container_cpu_system_seconds_total,0.073
1745328733,kashef-k8s-ctl.url-shorten-memcached-6546746864-6jhh6,container_cpu_system_seconds_total,0.0
1745328733,kashef-k8s-w1.url-shorten-service-66949ddcc4-8jpjp,container_cpu_system_seconds_total,0.025
1745328733,kashef-k8s-ctl.jaeger-67997f9775-vhgmx,container_cpu_system_seconds_total,0.113
1745328733,kashef-k8s-w1.user-mention-service-5c4f566c5-9sb7k,container_cpu_system_seconds_total,0.049
1745328733,kashef-k8s-ctl.user-timeline-service-664c7f6696-lnpt7,container_cpu_system_seconds_total,0.07
1745328733,kashef-k8s-ctl.post-storage-service-66c9966f5f-ptkcz,container_cpu_system_seconds_total,0.03
1745328733,kashef-k8s-ctl.nginx-thrift-79478f9bf5-gzvn9,container_cpu_system_seconds_total,0.018
1745328733,kashef-k8s-w1.url-shorten-mongodb-57c886d5f8-q84tt,container_cpu_system_seconds_total,0.238
1745328733,kashef-k8s-ctl.home-timeline-service-5754ffbc6d-h6r4x,container_cpu_system_seconds_total,0.052
1745328733,kashef-k8s-w1.temp-debug-alt,container_cpu_system_seconds_total,0.142
1745328733,kashef-k8s-w1.media-service-6c665c775d-fxpjf,container_cpu_system_seconds_total,0.036
1745328733,kashef-k8s-ctl.compose-post-service-f587bf89d-kv8ds,container_cpu_system_seconds_total,0.08
1745328733,kashef-k8s-w1.user-memcached-59687c864d-8trz6,container_cpu_system_seconds_total,0.076
1745328733,kashef-k8s-w1.home-timeline-redis-6c6647df6f-ln2jz,container_cpu_system_seconds_total,0.12
1745328733,kashef-k8s-w1.post-storage-mongodb-5579669d8c-m2tvh,container_cpu_system_seconds_total,0.029
1745328733,kashef-k8s-w1.social-graph-service-677dbc655c-pxq2d,container_cpu_system_seconds_total,0.095
1745328733,kashef-k8s-ctl.social-graph-mongodb-55df767ff5-wwcpn,container_cpu_system_seconds_total,0.222
1745328739,kashef-k8s-ctl.social-graph-mongodb-55df767ff5-wwcpn,container_cpu_system_seconds_total,0.222
1745328739,kashef-k8s-w1.unique-id-service-694497b678-4qjsc,container_cpu_system_seconds_total,0.036
1745328739,kashef-k8s-w1.social-graph-service-677dbc655c-pxq2d,container_cpu_system_seconds_total,0.095
1745328739,kashef-k8s-w1.post-storage-mongodb-5579669d8c-m2tvh,container_cpu_system_seconds_total,0.029
1745328739,kashef-k8s-ctl.compose-post-service-f587bf89d-kv8ds,container_cpu_system_seconds_total,0.08
1745328739,kashef-k8s-w1.user-memcached-59687c864d-8trz6,container_cpu_system_seconds_total,0.078
1745328739,kashef-k8s-w1.temp-debug-alt,container_cpu_system_seconds_total,0.142
1745328739,kashef-k8s-w1.media-service-6c665c775d-fxpjf,container_cpu_system_seconds_total,0.036
1745328739,kashef-k8s-w1.media-mongodb-7b64c59567-8xpml,container_cpu_system_seconds_total,0.249
1745328739,kashef-k8s-ctl.text-service-fff64b8bf-9vq7f,container_cpu_system_seconds_total,0.061
1745328739,kashef-k8s-ctl.url-shorten-memcached-6546746864-6jhh6,container_cpu_system_seconds_total,0.067
1745328739,kashef-k8s-ctl.user-mongodb-7745bbd78-488nc,container_cpu_system_seconds_total,3.952
1745328739,kashef-k8s-w1.media-frontend-6b66b95ff4-6qwtj,container_cpu_system_seconds_total,0.676
1745328739,kashef-k8s-w1.url-shorten-mongodb-57c886d5f8-q84tt,container_cpu_system_seconds_total,0.238
1745328739,kashef-k8s-w1.home-timeline-redis-6c6647df6f-ln2jz,container_cpu_system_seconds_total,0.12
1745328739,kashef-k8s-ctl.home-timeline-service-5754ffbc6d-h6r4x,container_cpu_system_seconds_total,0.052
1745328739,kashef-k8s-w1.media-memcached-7889bdfdfb-cqgpc,container_cpu_system_seconds_total,0.076
1745328739,kashef-k8s-ctl.jaeger-67997f9775-vhgmx,container_cpu_system_seconds_total,0.113
1745328739,kashef-k8s-ctl.post-storage-service-66c9966f5f-ptkcz,container_cpu_system_seconds_total,0.08
1745328739,kashef-k8s-ctl.nginx-thrift-79478f9bf5-gzvn9,container_cpu_system_seconds_total,5.502
1745328739,kashef-k8s-ctl.post-storage-memcached-6b75788fc6-mwfnt,container_cpu_system_seconds_total,0.063
1745328739,kashef-k8s-w1.user-timeline-redis-67cc95bc57-rz2gp,container_cpu_system_seconds_total,0.105
1745328739,kashef-k8s-w1.user-mention-service-5c4f566c5-9sb7k,container_cpu_system_seconds_total,0.049
1745328739,kashef-k8s-ctl.user-timeline-service-664c7f6696-lnpt7,container_cpu_system_seconds_total,0.07
1745328739,kashef-k8s-w1.url-shorten-service-66949ddcc4-8jpjp,container_cpu_system_seconds_total,0.025
1745328739,kashef-k8s-w1.user-timeline-mongodb-6758898d48-ncm96,container_cpu_system_seconds_total,0.218
1745328739,kashef-k8s-w1.social-graph-redis-5bbd5b7458-czkmd,container_cpu_system_seconds_total,0.073
1745328739,kashef-k8s-ctl.user-mongodb-7745bbd78-zcdgh,container_cpu_system_seconds_total,0.266
1745328745,kashef-k8s-w1.unique-id-service-694497b678-4qjsc,container_cpu_system_seconds_total,0.036
1745328745,kashef-k8s-ctl.text-service-fff64b8bf-9vq7f,container_cpu_system_seconds_total,0.061
1745328745,kashef-k8s-w1.temp-debug-alt,container_cpu_system_seconds_total,0.142
1745328745,kashef-k8s-w1.user-memcached-59687c864d-8trz6,container_cpu_system_seconds_total,0.078
1745328745,kashef-k8s-ctl.user-mongodb-7745bbd78-488nc,container_cpu_system_seconds_total,3.952
1745328745,kashef-k8s-ctl.url-shorten-memcached-6546746864-6jhh6,container_cpu_system_seconds_total,0.067
1745328745,kashef-k8s-w1.media-memcached-7889bdfdfb-cqgpc,container_cpu_system_seconds_total,0.079
1745328745,kashef-k8s-w1.media-mongodb-7b64c59567-8xpml,container_cpu_system_seconds_total,0.249
1745328745,kashef-k8s-w1.media-service-6c665c775d-fxpjf,container_cpu_system_seconds_total,0.067
1745328745,kashef-k8s-ctl.home-timeline-service-5754ffbc6d-h6r4x,container_cpu_system_seconds_total,0.052
1745328745,kashef-k8s-w1.home-timeline-redis-6c6647df6f-ln2jz,container_cpu_system_seconds_total,0.12
1745328745,kashef-k8s-w1.social-graph-redis-5bbd5b7458-czkmd,container_cpu_system_seconds_total,0.073
1745328745,kashef-k8s-w1.user-mention-service-5c4f566c5-9sb7k,container_cpu_system_seconds_total,0.049
1745328745,kashef-k8s-w1.post-storage-mongodb-5579669d8c-m2tvh,container_cpu_system_seconds_total,0.029
1745328745,kashef-k8s-ctl.social-graph-mongodb-55df767ff5-wwcpn,container_cpu_system_seconds_total,0.222
1745328745,kashef-k8s-w1.user-timeline-mongodb-6758898d48-ncm96,container_cpu_system_seconds_total,0.236
1745328745,kashef-k8s-ctl.user-timeline-service-664c7f6696-lnpt7,container_cpu_system_seconds_total,0.07
1745328745,kashef-k8s-ctl.compose-post-service-f587bf89d-kv8ds,container_cpu_system_seconds_total,0.08
1745328745,kashef-k8s-w1.media-frontend-6b66b95ff4-6qwtj,container_cpu_system_seconds_total,3.629
1745328745,kashef-k8s-w1.url-shorten-mongodb-57c886d5f8-q84tt,container_cpu_system_seconds_total,0.28
1745328745,kashef-k8s-ctl.post-storage-service-66c9966f5f-ptkcz,container_cpu_system_seconds_total,0.08
1745328745,kashef-k8s-ctl.nginx-thrift-79478f9bf5-gzvn9,container_cpu_system_seconds_total,5.502
1745328745,kashef-k8s-ctl.jaeger-67997f9775-vhgmx,container_cpu_system_seconds_total,0.113
1745328745,kashef-k8s-ctl.post-storage-memcached-6b75788fc6-mwfnt,container_cpu_system_seconds_total,0.063
1745328745,kashef-k8s-w1.url-shorten-service-66949ddcc4-8jpjp,container_cpu_system_seconds_total,0.053
1745328745,kashef-k8s-w1.user-timeline-redis-67cc95bc57-rz2gp,container_cpu_system_seconds_total,0.105
1745328745,kashef-k8s-ctl.user-mongodb-7745bbd78-zcdgh,container_cpu_system_seconds_total,0.266
1745328745,kashef-k8s-w1.social-graph-service-677dbc655c-pxq2d,container_cpu_system_seconds_total,0.095
1745328751,kashef-k8s-w1.unique-id-service-694497b678-4qjsc,container_cpu_system_seconds_total,0.067
1745328751,kashef-k8s-w1.url-shorten-service-66949ddcc4-8jpjp,container_cpu_system_seconds_total,0.053
1745328751,kashef-k8s-w1.user-timeline-redis-67cc95bc57-rz2gp,container_cpu_system_seconds_total,0.156
1745328751,kashef-k8s-ctl.text-service-fff64b8bf-9vq7f,container_cpu_system_seconds_total,0.061
1745328751,kashef-k8s-ctl.user-timeline-service-664c7f6696-lnpt7,container_cpu_system_seconds_total,0.07
1745328751,kashef-k8s-ctl.user-mongodb-7745bbd78-zcdgh,container_cpu_system_seconds_total,0.266
1745328751,kashef-k8s-ctl.home-timeline-service-5754ffbc6d-h6r4x,container_cpu_system_seconds_total,0.052
1745328751,kashef-k8s-w1.media-mongodb-7b64c59567-8xpml,container_cpu_system_seconds_total,0.304
1745328751,kashef-k8s-w1.social-graph-redis-5bbd5b7458-czkmd,container_cpu_system_seconds_total,0.107
1745328751,kashef-k8s-w1.media-frontend-6b66b95ff4-6qwtj,container_cpu_system_seconds_total,3.629
1745328751,kashef-k8s-w1.user-timeline-mongodb-6758898d48-ncm96,container_cpu_system_seconds_total,0.236
1745328751,kashef-k8s-ctl.jaeger-67997f9775-vhgmx,container_cpu_system_seconds_total,0.113
1745328751,kashef-k8s-ctl.post-storage-memcached-6b75788fc6-mwfnt,container_cpu_system_seconds_total,0.063
1745328751,kashef-k8s-ctl.compose-post-service-f587bf89d-kv8ds,container_cpu_system_seconds_total,0.08
1745328751,kashef-k8s-w1.temp-debug-alt,container_cpu_system_seconds_total,0.142
1745328751,kashef-k8s-w1.media-memcached-7889bdfdfb-cqgpc,container_cpu_system_seconds_total,0.079
1745328751,kashef-k8s-w1.media-service-6c665c775d-fxpjf,container_cpu_system_seconds_total,0.067
1745328751,kashef-k8s-w1.user-memcached-59687c864d-8trz6,container_cpu_system_seconds_total,0.078
1745328751,kashef-k8s-ctl.nginx-thrift-79478f9bf5-gzvn9,container_cpu_system_seconds_total,5.502
1745328751,kashef-k8s-w1.url-shorten-mongodb-57c886d5f8-q84tt,container_cpu_system_seconds_total,0.28
1745328751,kashef-k8s-ctl.user-mongodb-7745bbd78-488nc,container_cpu_system_seconds_total,3.952
1745328751,kashef-k8s-ctl.url-shorten-memcached-6546746864-6jhh6,container_cpu_system_seconds_total,0.067
1745328751,kashef-k8s-w1.home-timeline-redis-6c6647df6f-ln2jz,container_cpu_system_seconds_total,0.167
1745328751,kashef-k8s-ctl.social-graph-mongodb-55df767ff5-wwcpn,container_cpu_system_seconds_total,0.222
1745328751,kashef-k8s-ctl.post-storage-service-66c9966f5f-ptkcz,container_cpu_system_seconds_total,0.08
1745328751,kashef-k8s-w1.user-mention-service-5c4f566c5-9sb7k,container_cpu_system_seconds_total,0.049
1745328751,kashef-k8s-w1.social-graph-service-677dbc655c-pxq2d,container_cpu_system_seconds_total,0.096
1745328751,kashef-k8s-w1.post-storage-mongodb-5579669d8c-m2tvh,container_cpu_system_seconds_total,0.296
1745328757,kashef-k8s-w1.user-mention-service-5c4f566c5-9sb7k,container_cpu_system_seconds_total,0.049
1745328757,kashef-k8s-w1.social-graph-service-677dbc655c-pxq2d,container_cpu_system_seconds_total,0.096
1745328757,kashef-k8s-w1.unique-id-service-694497b678-4qjsc,container_cpu_system_seconds_total,0.067
1745328757,kashef-k8s-w1.post-storage-mongodb-5579669d8c-m2tvh,container_cpu_system_seconds_total,0.296
1745328757,kashef-k8s-ctl.url-shorten-memcached-6546746864-6jhh6,container_cpu_system_seconds_total,0.067
1745328757,kashef-k8s-w1.temp-debug-alt,container_cpu_system_seconds_total,0.142
1745328757,kashef-k8s-ctl.text-service-fff64b8bf-9vq7f,container_cpu_system_seconds_total,0.061
1745328757,kashef-k8s-w1.url-shorten-service-66949ddcc4-8jpjp,container_cpu_system_seconds_total,0.053
1745328757,kashef-k8s-w1.media-service-6c665c775d-fxpjf,container_cpu_system_seconds_total,0.067
1745328757,kashef-k8s-w1.user-memcached-59687c864d-8trz6,container_cpu_system_seconds_total,0.078
1745328757,kashef-k8s-w1.home-timeline-redis-6c6647df6f-ln2jz,container_cpu_system_seconds_total,0.167
1745328757,kashef-k8s-w1.media-memcached-7889bdfdfb-cqgpc,container_cpu_system_seconds_total,0.079
1745328757,kashef-k8s-ctl.nginx-thrift-79478f9bf5-gzvn9,container_cpu_system_seconds_total,5.503
1745328757,kashef-k8s-w1.url-shorten-mongodb-57c886d5f8-q84tt,container_cpu_system_seconds_total,0.28
1745328757,kashef-k8s-ctl.user-mongodb-7745bbd78-488nc,container_cpu_system_seconds_total,3.952
1745328757,kashef-k8s-w1.media-frontend-6b66b95ff4-6qwtj,container_cpu_system_seconds_total,3.629
1745328757,kashef-k8s-w1.user-timeline-mongodb-6758898d48-ncm96,container_cpu_system_seconds_total,0.236
1745328757,kashef-k8s-ctl.user-timeline-service-664c7f6696-lnpt7,container_cpu_system_seconds_total,0.07
1745328757,kashef-k8s-ctl.compose-post-service-f587bf89d-kv8ds,container_cpu_system_seconds_total,0.08
1745328757,kashef-k8s-ctl.social-graph-mongodb-55df767ff5-wwcpn,container_cpu_system_seconds_total,0.222
1745328757,kashef-k8s-w1.user-timeline-redis-67cc95bc57-rz2gp,container_cpu_system_seconds_total,0.156
1745328757,kashef-k8s-ctl.jaeger-67997f9775-vhgmx,container_cpu_system_seconds_total,0.113
1745328757,kashef-k8s-ctl.user-mongodb-7745bbd78-zcdgh,container_cpu_system_seconds_total,0.297
1745328757,kashef-k8s-ctl.post-storage-service-66c9966f5f-ptkcz,container_cpu_system_seconds_total,0.08
1745328757,kashef-k8s-ctl.post-storage-memcached-6b75788fc6-mwfnt,container_cpu_system_seconds_total,0.063
1745328757,kashef-k8s-w1.social-graph-redis-5bbd5b7458-czkmd,container_cpu_system_seconds_total,0.107
1745328757,kashef-k8s-w1.media-mongodb-7b64c59567-8xpml,container_cpu_system_seconds_total,0.304
1745328757,kashef-k8s-ctl.home-timeline-service-5754ffbc6d-h6r4x,container_cpu_system_seconds_total,0.052
1745328763,kashef-k8s-w1.temp-debug-alt,container_cpu_system_seconds_total,0.142
1745328763,kashef-k8s-w1.url-shorten-service-66949ddcc4-8jpjp,container_cpu_system_seconds_total,0.053
1745328763,kashef-k8s-w1.media-memcached-7889bdfdfb-cqgpc,container_cpu_system_seconds_total,0.079
1745328763,kashef-k8s-w1.unique-id-service-694497b678-4qjsc,container_cpu_system_seconds_total,0.067
1745328763,kashef-k8s-w1.media-service-6c665c775d-fxpjf,container_cpu_system_seconds_total,0.067
1745328763,kashef-k8s-ctl.home-timeline-service-5754ffbc6d-h6r4x,container_cpu_system_seconds_total,0.052
1745328763,kashef-k8s-w1.home-timeline-redis-6c6647df6f-ln2jz,container_cpu_system_seconds_total,0.167
1745328763,kashef-k8s-w1.user-memcached-59687c864d-8trz6,container_cpu_system_seconds_total,0.078
1745328763,kashef-k8s-w1.social-graph-redis-5bbd5b7458-czkmd,container_cpu_system_seconds_total,0.107
1745328763,kashef-k8s-w1.url-shorten-mongodb-57c886d5f8-q84tt,container_cpu_system_seconds_total,0.28
1745328763,kashef-k8s-ctl.user-mongodb-7745bbd78-488nc,container_cpu_system_seconds_total,3.952
1745328763,kashef-k8s-ctl.url-shorten-memcached-6546746864-6jhh6,container_cpu_system_seconds_total,0.067
1745328763,kashef-k8s-ctl.compose-post-service-f587bf89d-kv8ds,container_cpu_system_seconds_total,0.08
1745328763,kashef-k8s-w1.post-storage-mongodb-5579669d8c-m2tvh,container_cpu_system_seconds_total,0.296
1745328763,kashef-k8s-w1.user-mention-service-5c4f566c5-9sb7k,container_cpu_system_seconds_total,0.049
1745328763,kashef-k8s-ctl.text-service-fff64b8bf-9vq7f,container_cpu_system_seconds_total,0.061
1745328763,kashef-k8s-ctl.user-mongodb-7745bbd78-zcdgh,container_cpu_system_seconds_total,0.297
1745328763,kashef-k8s-w1.user-timeline-mongodb-6758898d48-ncm96,container_cpu_system_seconds_total,0.236
1745328763,kashef-k8s-ctl.post-storage-memcached-6b75788fc6-mwfnt,container_cpu_system_seconds_total,0.063
1745328763,kashef-k8s-ctl.nginx-thrift-79478f9bf5-gzvn9,container_cpu_system_seconds_total,5.503
1745328763,kashef-k8s-w1.media-mongodb-7b64c59567-8xpml,container_cpu_system_seconds_total,0.304
1745328763,kashef-k8s-ctl.user-timeline-service-664c7f6696-lnpt7,container_cpu_system_seconds_total,0.07
1745328763,kashef-k8s-w1.media-frontend-6b66b95ff4-6qwtj,container_cpu_system_seconds_total,3.629
1745328763,kashef-k8s-ctl.post-storage-service-66c9966f5f-ptkcz,container_cpu_system_seconds_total,0.08
1745328763,kashef-k8s-w1.user-timeline-redis-67cc95bc57-rz2gp,container_cpu_system_seconds_total,0.156
1745328763,kashef-k8s-ctl.jaeger-67997f9775-vhgmx,container_cpu_system_seconds_total,0.113
1745328763,kashef-k8s-ctl.social-graph-mongodb-55df767ff5-wwcpn,container_cpu_system_seconds_total,0.222
1745328763,kashef-k8s-w1.social-graph-service-677dbc655c-pxq2d,container_cpu_system_seconds_total,0.096
1745328769,kashef-k8s-w1.media-frontend-6b66b95ff4-6qwtj,container_cpu_system_seconds_total,5.852
1745328769,kashef-k8s-w1.unique-id-service-694497b678-4qjsc,container_cpu_system_seconds_total,0.067
1745328769,kashef-k8s-w1.url-shorten-mongodb-57c886d5f8-q84tt,container_cpu_system_seconds_total,0.28
1745328769,kashef-k8s-ctl.url-shorten-memcached-6546746864-6jhh6,container_cpu_system_seconds_total,0.071
1745328769,kashef-k8s-ctl.home-timeline-service-5754ffbc6d-h6r4x,container_cpu_system_seconds_total,0.052
1745328769,kashef-k8s-ctl.text-service-fff64b8bf-9vq7f,container_cpu_system_seconds_total,0.061
1745328769,kashef-k8s-w1.user-mention-service-5c4f566c5-9sb7k,container_cpu_system_seconds_total,0.049
1745328769,kashef-k8s-w1.social-graph-service-677dbc655c-pxq2d,container_cpu_system_seconds_total,0.096
1745328769,kashef-k8s-ctl.post-storage-memcached-6b75788fc6-mwfnt,container_cpu_system_seconds_total,0.069
1745328769,kashef-k8s-ctl.jaeger-67997f9775-vhgmx,container_cpu_system_seconds_total,0.119
1745328769,kashef-k8s-ctl.post-storage-service-66c9966f5f-ptkcz,container_cpu_system_seconds_total,0.08
1745328769,kashef-k8s-w1.home-timeline-redis-6c6647df6f-ln2jz,container_cpu_system_seconds_total,0.167
1745328769,kashef-k8s-w1.user-memcached-59687c864d-8trz6,container_cpu_system_seconds_total,0.078
1745328769,kashef-k8s-ctl.user-mongodb-7745bbd78-488nc,container_cpu_system_seconds_total,3.984
1745328769,kashef-k8s-w1.post-storage-mongodb-5579669d8c-m2tvh,container_cpu_system_seconds_total,0.324
1745328769,kashef-k8s-ctl.social-graph-mongodb-55df767ff5-wwcpn,container_cpu_system_seconds_total,0.222
1745328769,kashef-k8s-w1.user-timeline-redis-67cc95bc57-rz2gp,container_cpu_system_seconds_total,0.156
1745328769,kashef-k8s-w1.social-graph-redis-5bbd5b7458-czkmd,container_cpu_system_seconds_total,0.129
1745328769,kashef-k8s-w1.url-shorten-service-66949ddcc4-8jpjp,container_cpu_system_seconds_total,0.053
1745328769,kashef-k8s-w1.media-service-6c665c775d-fxpjf,container_cpu_system_seconds_total,0.067
1745328769,kashef-k8s-w1.user-timeline-mongodb-6758898d48-ncm96,container_cpu_system_seconds_total,0.236
1745328769,kashef-k8s-w1.media-memcached-7889bdfdfb-cqgpc,container_cpu_system_seconds_total,0.079
1745328769,kashef-k8s-ctl.user-mongodb-7745bbd78-zcdgh,container_cpu_system_seconds_total,0.297
1745328769,kashef-k8s-w1.media-mongodb-7b64c59567-8xpml,container_cpu_system_seconds_total,0.335
1745328769,kashef-k8s-ctl.compose-post-service-f587bf89d-kv8ds,container_cpu_system_seconds_total,0.08
1745328769,kashef-k8s-ctl.user-timeline-service-664c7f6696-lnpt7,container_cpu_system_seconds_total,0.07
1745328769,kashef-k8s-w1.temp-debug-alt,container_cpu_system_seconds_total,0.142
1745328769,kashef-k8s-ctl.nginx-thrift-79478f9bf5-gzvn9,container_cpu_system_seconds_total,5.503
1745328775,kashef-k8s-w1.user-mention-service-5c4f566c5-9sb7k,container_cpu_system_seconds_total,0.049
1745328775,kashef-k8s-ctl.text-service-fff64b8bf-9vq7f,container_cpu_system_seconds_total,0.061
1745328775,kashef-k8s-ctl.home-timeline-service-5754ffbc6d-h6r4x,container_cpu_system_seconds_total,0.052
1745328775,kashef-k8s-w1.url-shorten-mongodb-57c886d5f8-q84tt,container_cpu_system_seconds_total,0.332
1745328775,kashef-k8s-w1.user-timeline-mongodb-6758898d48-ncm96,container_cpu_system_seconds_total,0.236
1745328775,kashef-k8s-ctl.post-storage-service-66c9966f5f-ptkcz,container_cpu_system_seconds_total,0.08
1745328775,kashef-k8s-ctl.jaeger-67997f9775-vhgmx,container_cpu_system_seconds_total,0.119
1745328775,kashef-k8s-w1.user-timeline-redis-67cc95bc57-rz2gp,container_cpu_system_seconds_total,0.156
1745328775,kashef-k8s-ctl.post-storage-memcached-6b75788fc6-mwfnt,container_cpu_system_seconds_total,0.069
1745328775,kashef-k8s-w1.home-timeline-redis-6c6647df6f-ln2jz,container_cpu_system_seconds_total,0.167
1745328775,kashef-k8s-w1.user-memcached-59687c864d-8trz6,container_cpu_system_seconds_total,0.078
1745328775,kashef-k8s-ctl.social-graph-mongodb-55df767ff5-wwcpn,container_cpu_system_seconds_total,0.222
1745328775,kashef-k8s-w1.social-graph-service-677dbc655c-pxq2d,container_cpu_system_seconds_total,0.096
1745328775,kashef-k8s-ctl.url-shorten-memcached-6546746864-6jhh6,container_cpu_system_seconds_total,0.071
1745328775,kashef-k8s-w1.media-frontend-6b66b95ff4-6qwtj,container_cpu_system_seconds_total,5.852
1745328775,kashef-k8s-ctl.user-timeline-service-664c7f6696-lnpt7,container_cpu_system_seconds_total,0.07
1745328775,kashef-k8s-w1.social-graph-redis-5bbd5b7458-czkmd,container_cpu_system_seconds_total,0.129
1745328775,kashef-k8s-ctl.compose-post-service-f587bf89d-kv8ds,container_cpu_system_seconds_total,0.08
1745328775,kashef-k8s-ctl.nginx-thrift-79478f9bf5-gzvn9,container_cpu_system_seconds_total,5.503
1745328775,kashef-k8s-w1.temp-debug-alt,container_cpu_system_seconds_total,0.142
1745328775,kashef-k8s-w1.post-storage-mongodb-5579669d8c-m2tvh,container_cpu_system_seconds_total,0.324
1745328775,kashef-k8s-ctl.user-mongodb-7745bbd78-488nc,container_cpu_system_seconds_total,3.984
1745328775,kashef-k8s-w1.url-shorten-service-66949ddcc4-8jpjp,container_cpu_system_seconds_total,0.053
1745328775,kashef-k8s-w1.media-memcached-7889bdfdfb-cqgpc,container_cpu_system_seconds_total,0.079
1745328775,kashef-k8s-w1.media-service-6c665c775d-fxpjf,container_cpu_system_seconds_total,0.067
1745328775,kashef-k8s-w1.media-mongodb-7b64c59567-8xpml,container_cpu_system_seconds_total,0.335
1745328775,kashef-k8s-ctl.user-mongodb-7745bbd78-zcdgh,container_cpu_system_seconds_total,0.297
1745328775,kashef-k8s-w1.unique-id-service-694497b678-4qjsc,container_cpu_system_seconds_total,0.067
1745328781,kashef-k8s-w1.media-mongodb-7b64c59567-8xpml,container_cpu_system_seconds_total,0.335
1745328781,kashef-k8s-w1.unique-id-service-694497b678-4qjsc,container_cpu_system_seconds_total,0.067
1745328781,kashef-k8s-ctl.user-mongodb-7745bbd78-zcdgh,container_cpu_system_seconds_total,0.297
1745328781,kashef-k8s-ctl.social-graph-mongodb-55df767ff5-wwcpn,container_cpu_system_seconds_total,0.222
1745328781,kashef-k8s-w1.post-storage-mongodb-5579669d8c-m2tvh,container_cpu_system_seconds_total,0.324
1745328781,kashef-k8s-w1.media-memcached-7889bdfdfb-cqgpc,container_cpu_system_seconds_total,0.083
1745328781,kashef-k8s-ctl.nginx-thrift-79478f9bf5-gzvn9,container_cpu_system_seconds_total,5.503
1745328781,kashef-k8s-w1.url-shorten-service-66949ddcc4-8jpjp,container_cpu_system_seconds_total,0.054
1745328781,kashef-k8s-ctl.user-mongodb-7745bbd78-488nc,container_cpu_system_seconds_total,3.984
1745328781,kashef-k8s-ctl.compose-post-service-f587bf89d-kv8ds,container_cpu_system_seconds_total,0.08
1745328781,kashef-k8s-ctl.post-storage-service-66c9966f5f-ptkcz,container_cpu_system_seconds_total,0.08
1745328781,kashef-k8s-w1.user-timeline-mongodb-6758898d48-ncm96,container_cpu_system_seconds_total,0.282
1745328781,kashef-k8s-w1.social-graph-redis-5bbd5b7458-czkmd,container_cpu_system_seconds_total,0.129
1745328781,kashef-k8s-ctl.post-storage-memcached-6b75788fc6-mwfnt,container_cpu_system_seconds_total,0.069
1745328781,kashef-k8s-ctl.jaeger-67997f9775-vhgmx,container_cpu_system_seconds_total,0.119
1745328781,kashef-k8s-w1.temp-debug-alt,container_cpu_system_seconds_total,0.142
1745328781,kashef-k8s-w1.home-timeline-redis-6c6647df6f-ln2jz,container_cpu_system_seconds_total,0.225
1745328781,kashef-k8s-w1.url-shorten-mongodb-57c886d5f8-q84tt,container_cpu_system_seconds_total,0.332
1745328781,kashef-k8s-ctl.user-timeline-service-664c7f6696-lnpt7,container_cpu_system_seconds_total,0.07
1745328781,kashef-k8s-ctl.text-service-fff64b8bf-9vq7f,container_cpu_system_seconds_total,0.061
1745328781,kashef-k8s-w1.user-memcached-59687c864d-8trz6,container_cpu_system_seconds_total,0.088
1745328781,kashef-k8s-ctl.home-timeline-service-5754ffbc6d-h6r4x,container_cpu_system_seconds_total,0.052
1745328781,kashef-k8s-w1.social-graph-service-677dbc655c-pxq2d,container_cpu_system_seconds_total,0.096
1745328781,kashef-k8s-w1.media-service-6c665c775d-fxpjf,container_cpu_system_seconds_total,0.067
1745328781,kashef-k8s-w1.user-mention-service-5c4f566c5-9sb7k,container_cpu_system_seconds_total,0.049
1745328781,kashef-k8s-w1.user-timeline-redis-67cc95bc57-rz2gp,container_cpu_system_seconds_total,0.209
1745328781,kashef-k8s-ctl.url-shorten-memcached-6546746864-6jhh6,container_cpu_system_seconds_total,0.071
1745328781,kashef-k8s-w1.media-frontend-6b66b95ff4-6qwtj,container_cpu_system_seconds_total,5.852
1745328787,kashef-k8s-w1.media-memcached-7889bdfdfb-cqgpc,container_cpu_system_seconds_total,0.083
1745328787,kashef-k8s-ctl.user-mongodb-7745bbd78-zcdgh,container_cpu_system_seconds_total,0.311
1745328787,kashef-k8s-ctl.post-storage-service-66c9966f5f-ptkcz,container_cpu_system_seconds_total,0.08
1745328787,kashef-k8s-w1.user-memcached-59687c864d-8trz6,container_cpu_system_seconds_total,0.088
1745328787,kashef-k8s-ctl.home-timeline-service-5754ffbc6d-h6r4x,container_cpu_system_seconds_total,0.052
1745328787,kashef-k8s-w1.media-mongodb-7b64c59567-8xpml,container_cpu_system_seconds_total,0.335
1745328787,kashef-k8s-w1.temp-debug-alt,container_cpu_system_seconds_total,0.142
1745328787,kashef-k8s-w1.home-timeline-redis-6c6647df6f-ln2jz,container_cpu_system_seconds_total,0.225
1745328787,kashef-k8s-ctl.compose-post-service-f587bf89d-kv8ds,container_cpu_system_seconds_total,0.08
1745328787,kashef-k8s-w1.user-timeline-mongodb-6758898d48-ncm96,container_cpu_system_seconds_total,0.282
1745328787,kashef-k8s-w1.url-shorten-service-66949ddcc4-8jpjp,container_cpu_system_seconds_total,0.054
1745328787,kashef-k8s-ctl.user-mongodb-7745bbd78-488nc,container_cpu_system_seconds_total,3.984
1745328787,kashef-k8s-w1.social-graph-redis-5bbd5b7458-czkmd,container_cpu_system_seconds_total,0.129
1745328787,kashef-k8s-ctl.nginx-thrift-79478f9bf5-gzvn9,container_cpu_system_seconds_total,5.503
1745328787,kashef-k8s-ctl.post-storage-memcached-6b75788fc6-mwfnt,container_cpu_system_seconds_total,0.069
1745328787,kashef-k8s-ctl.jaeger-67997f9775-vhgmx,container_cpu_system_seconds_total,0.119
1745328787,kashef-k8s-ctl.user-timeline-service-664c7f6696-lnpt7,container_cpu_system_seconds_total,0.07
1745328787,kashef-k8s-ctl.text-service-fff64b8bf-9vq7f,container_cpu_system_seconds_total,0.061
1745328787,kashef-k8s-ctl.url-shorten-memcached-6546746864-6jhh6,container_cpu_system_seconds_total,0.071
1745328787,kashef-k8s-w1.url-shorten-mongodb-57c886d5f8-q84tt,container_cpu_system_seconds_total,0.332
1745328787,kashef-k8s-w1.user-mention-service-5c4f566c5-9sb7k,container_cpu_system_seconds_total,0.049
1745328787,kashef-k8s-w1.user-timeline-redis-67cc95bc57-rz2gp,container_cpu_system_seconds_total,0.209
1745328787,kashef-k8s-ctl.social-graph-mongodb-55df767ff5-wwcpn,container_cpu_system_seconds_total,0.268
1745328787,kashef-k8s-w1.post-storage-mongodb-5579669d8c-m2tvh,container_cpu_system_seconds_total,0.324
1745328787,kashef-k8s-w1.social-graph-service-677dbc655c-pxq2d,container_cpu_system_seconds_total,0.096
1745328787,kashef-k8s-w1.unique-id-service-694497b678-4qjsc,container_cpu_system_seconds_total,0.067
1745328787,kashef-k8s-w1.media-frontend-6b66b95ff4-6qwtj,container_cpu_system_seconds_total,5.852
1745328787,kashef-k8s-w1.media-service-6c665c775d-fxpjf,container_cpu_system_seconds_total,0.067
1745328793,kashef-k8s-ctl.user-mongodb-7745bbd78-zcdgh,container_cpu_system_seconds_total,0.311
1745328793,kashef-k8s-w1.media-frontend-6b66b95ff4-6qwtj,container_cpu_system_seconds_total,5.852
1745328793,kashef-k8s-w1.media-mongodb-7b64c59567-8xpml,container_cpu_system_seconds_total,0.335
1745328793,kashef-k8s-w1.user-timeline-mongodb-6758898d48-ncm96,container_cpu_system_seconds_total,0.282
1745328793,kashef-k8s-ctl.compose-post-service-f587bf89d-kv8ds,container_cpu_system_seconds_total,0.08
1745328793,kashef-k8s-ctl.post-storage-service-66c9966f5f-ptkcz,container_cpu_system_seconds_total,0.08
1745328793,kashef-k8s-ctl.url-shorten-memcached-6546746864-6jhh6,container_cpu_system_seconds_total,0.071
1745328793,kashef-k8s-w1.url-shorten-mongodb-57c886d5f8-q84tt,container_cpu_system_seconds_total,0.332
1745328793,kashef-k8s-ctl.nginx-thrift-79478f9bf5-gzvn9,container_cpu_system_seconds_total,5.503
1745328793,kashef-k8s-w1.user-timeline-redis-67cc95bc57-rz2gp,container_cpu_system_seconds_total,0.209
1745328793,kashef-k8s-w1.temp-debug-alt,container_cpu_system_seconds_total,0.142
1745328793,kashef-k8s-w1.social-graph-redis-5bbd5b7458-czkmd,container_cpu_system_seconds_total,0.129
1745328793,kashef-k8s-ctl.jaeger-67997f9775-vhgmx,container_cpu_system_seconds_total,0.119
1745328793,kashef-k8s-ctl.post-storage-memcached-6b75788fc6-mwfnt,container_cpu_system_seconds_total,0.069
1745328793,kashef-k8s-w1.url-shorten-service-66949ddcc4-8jpjp,container_cpu_system_seconds_total,0.054
1745328793,kashef-k8s-ctl.user-mongodb-7745bbd78-488nc,container_cpu_system_seconds_total,4.014
1745328793,kashef-k8s-w1.home-timeline-redis-6c6647df6f-ln2jz,container_cpu_system_seconds_total,0.225
1745328793,kashef-k8s-w1.post-storage-mongodb-5579669d8c-m2tvh,container_cpu_system_seconds_total,0.324
1745328793,kashef-k8s-w1.unique-id-service-694497b678-4qjsc,container_cpu_system_seconds_total,0.067
1745328793,kashef-k8s-w1.media-memcached-7889bdfdfb-cqgpc,container_cpu_system_seconds_total,0.083
1745328793,kashef-k8s-ctl.home-timeline-service-5754ffbc6d-h6r4x,container_cpu_system_seconds_total,0.052
1745328793,kashef-k8s-w1.media-service-6c665c775d-fxpjf,container_cpu_system_seconds_total,0.067
1745328793,kashef-k8s-w1.social-graph-service-677dbc655c-pxq2d,container_cpu_system_seconds_total,0.096
1745328793,kashef-k8s-w1.user-mention-service-5c4f566c5-9sb7k,container_cpu_system_seconds_total,0.049
1745328793,kashef-k8s-ctl.text-service-fff64b8bf-9vq7f,container_cpu_system_seconds_total,0.061
1745328793,kashef-k8s-ctl.social-graph-mongodb-55df767ff5-wwcpn,container_cpu_system_seconds_total,0.268
1745328793,kashef-k8s-ctl.user-timeline-service-664c7f6696-lnpt7,container_cpu_system_seconds_total,0.07
1745328793,kashef-k8s-w1.user-memcached-59687c864d-8trz6,container_cpu_system_seconds_total,0.088
1745328799,kashef-k8s-ctl.post-storage-memcached-6b75788fc6-mwfnt,container_cpu_system_seconds_total,0.074
1745328799,kashef-k8s-ctl.compose-post-service-f587bf89d-kv8ds,container_cpu_system_seconds_total,0.08
1745328799,kashef-k8s-ctl.url-shorten-memcached-6546746864-6jhh6,container_cpu_system_seconds_total,0.075
1745328799,kashef-k8s-w1.url-shorten-mongodb-57c886d5f8-q84tt,container_cpu_system_seconds_total,0.332
1745328799,kashef-k8s-w1.temp-debug-alt,container_cpu_system_seconds_total,0.142
1745328799,kashef-k8s-w1.home-timeline-redis-6c6647df6f-ln2jz,container_cpu_system_seconds_total,0.225
1745328799,kashef-k8s-ctl.nginx-thrift-79478f9bf5-gzvn9,container_cpu_system_seconds_total,5.506
1745328799,kashef-k8s-w1.user-timeline-redis-67cc95bc57-rz2gp,container_cpu_system_seconds_total,0.209
1745328799,kashef-k8s-w1.url-shorten-service-66949ddcc4-8jpjp,container_cpu_system_seconds_total,0.054
1745328799,kashef-k8s-w1.social-graph-redis-5bbd5b7458-czkmd,container_cpu_system_seconds_total,0.129
1745328799,kashef-k8s-ctl.jaeger-67997f9775-vhgmx,container_cpu_system_seconds_total,0.119
1745328799,kashef-k8s-ctl.post-storage-service-66c9966f5f-ptkcz,container_cpu_system_seconds_total,0.081
1745328799,kashef-k8s-w1.user-timeline-mongodb-6758898d48-ncm96,container_cpu_system_seconds_total,0.282
1745328799,kashef-k8s-w1.media-mongodb-7b64c59567-8xpml,container_cpu_system_seconds_total,0.38
1745328799,kashef-k8s-ctl.user-mongodb-7745bbd78-zcdgh,container_cpu_system_seconds_total,0.311
1745328799,kashef-k8s-ctl.user-mongodb-7745bbd78-488nc,container_cpu_system_seconds_total,4.014
1745328799,kashef-k8s-ctl.text-service-fff64b8bf-9vq7f,container_cpu_system_seconds_total,0.061
1745328799,kashef-k8s-ctl.home-timeline-service-5754ffbc6d-h6r4x,container_cpu_system_seconds_total,0.052
1745328799,kashef-k8s-w1.user-memcached-59687c864d-8trz6,container_cpu_system_seconds_total,0.088
1745328799,kashef-k8s-ctl.user-timeline-service-664c7f6696-lnpt7,container_cpu_system_seconds_total,0.07
1745328799,kashef-k8s-w1.media-memcached-7889bdfdfb-cqgpc,container_cpu_system_seconds_total,0.083
1745328799,kashef-k8s-w1.post-storage-mongodb-5579669d8c-m2tvh,container_cpu_system_seconds_total,0.324
1745328799,kashef-k8s-ctl.social-graph-mongodb-55df767ff5-wwcpn,container_cpu_system_seconds_total,0.268
1745328799,kashef-k8s-w1.unique-id-service-694497b678-4qjsc,container_cpu_system_seconds_total,0.067
1745328799,kashef-k8s-w1.media-service-6c665c775d-fxpjf,container_cpu_system_seconds_total,0.067
1745328799,kashef-k8s-w1.user-mention-service-5c4f566c5-9sb7k,container_cpu_system_seconds_total,0.049
1745328799,kashef-k8s-w1.social-graph-service-677dbc655c-pxq2d,container_cpu_system_seconds_total,0.096
1745328799,kashef-k8s-w1.media-frontend-6b66b95ff4-6qwtj,container_cpu_system_seconds_total,5.852
1745328805,kashef-k8s-w1.user-mention-service-5c4f566c5-9sb7k,container_cpu_system_seconds_total,0.049
1745328805,kashef-k8s-w1.social-graph-service-677dbc655c-pxq2d,container_cpu_system_seconds_total,0.097
1745328805,kashef-k8s-w1.media-frontend-6b66b95ff4-6qwtj,container_cpu_system_seconds_total,5.852
1745328805,kashef-k8s-w1.media-memcached-7889bdfdfb-cqgpc,container_cpu_system_seconds_total,0.083
1745328805,kashef-k8s-w1.unique-id-service-694497b678-4qjsc,container_cpu_system_seconds_total,0.067
1745328805,kashef-k8s-ctl.social-graph-mongodb-55df767ff5-wwcpn,container_cpu_system_seconds_total,0.268
1745328805,kashef-k8s-w1.post-storage-mongodb-5579669d8c-m2tvh,container_cpu_system_seconds_total,0.324
1745328805,kashef-k8s-ctl.user-timeline-service-664c7f6696-lnpt7,container_cpu_system_seconds_total,0.07
1745328805,kashef-k8s-ctl.home-timeline-service-5754ffbc6d-h6r4x,container_cpu_system_seconds_total,0.052
1745328805,kashef-k8s-ctl.user-mongodb-7745bbd78-488nc,container_cpu_system_seconds_total,4.014
1745328805,kashef-k8s-w1.temp-debug-alt,container_cpu_system_seconds_total,0.142
1745328805,kashef-k8s-w1.user-memcached-59687c864d-8trz6,container_cpu_system_seconds_total,0.088
1745328805,kashef-k8s-ctl.text-service-fff64b8bf-9vq7f,container_cpu_system_seconds_total,0.061
1745328805,kashef-k8s-w1.user-timeline-redis-67cc95bc57-rz2gp,container_cpu_system_seconds_total,0.209
1745328805,kashef-k8s-w1.home-timeline-redis-6c6647df6f-ln2jz,container_cpu_system_seconds_total,0.225
1745328805,kashef-k8s-w1.url-shorten-service-66949ddcc4-8jpjp,container_cpu_system_seconds_total,0.081
1745328805,kashef-k8s-ctl.jaeger-67997f9775-vhgmx,container_cpu_system_seconds_total,0.126
1745328805,kashef-k8s-ctl.compose-post-service-f587bf89d-kv8ds,container_cpu_system_seconds_total,0.08
1745328805,kashef-k8s-ctl.post-storage-service-66c9966f5f-ptkcz,container_cpu_system_seconds_total,0.081
1745328805,kashef-k8s-w1.social-graph-redis-5bbd5b7458-czkmd,container_cpu_system_seconds_total,0.129
1745328805,kashef-k8s-ctl.nginx-thrift-79478f9bf5-gzvn9,container_cpu_system_seconds_total,5.506
1745328805,kashef-k8s-ctl.post-storage-memcached-6b75788fc6-mwfnt,container_cpu_system_seconds_total,0.074
1745328805,kashef-k8s-w1.url-shorten-mongodb-57c886d5f8-q84tt,container_cpu_system_seconds_total,0.332
1745328805,kashef-k8s-ctl.url-shorten-memcached-6546746864-6jhh6,container_cpu_system_seconds_total,0.075
1745328805,kashef-k8s-w1.media-service-6c665c775d-fxpjf,container_cpu_system_seconds_total,0.067
1745328805,kashef-k8s-w1.media-mongodb-7b64c59567-8xpml,container_cpu_system_seconds_total,0.38
1745328805,kashef-k8s-w1.user-timeline-mongodb-6758898d48-ncm96,container_cpu_system_seconds_total,0.306
1745328805,kashef-k8s-ctl.user-mongodb-7745bbd78-zcdgh,container_cpu_system_seconds_total,0.311
1745328811,kashef-k8s-w1.media-service-6c665c775d-fxpjf,container_cpu_system_seconds_total,0.067
1745328811,kashef-k8s-ctl.user-timeline-service-664c7f6696-lnpt7,container_cpu_system_seconds_total,0.07
1745328811,kashef-k8s-w1.home-timeline-redis-6c6647df6f-ln2jz,container_cpu_system_seconds_total,0.225
1745328811,kashef-k8s-w1.media-mongodb-7b64c59567-8xpml,container_cpu_system_seconds_total,0.38
1745328811,kashef-k8s-ctl.jaeger-67997f9775-vhgmx,container_cpu_system_seconds_total,0.126
1745328811,kashef-k8s-w1.user-timeline-redis-67cc95bc57-rz2gp,container_cpu_system_seconds_total,0.209
1745328811,kashef-k8s-w1.url-shorten-mongodb-57c886d5f8-q84tt,container_cpu_system_seconds_total,0.415
1745328811,kashef-k8s-ctl.nginx-thrift-79478f9bf5-gzvn9,container_cpu_system_seconds_total,5.506
1745328811,kashef-k8s-ctl.user-mongodb-7745bbd78-488nc,container_cpu_system_seconds_total,4.014
1745328811,kashef-k8s-ctl.home-timeline-service-5754ffbc6d-h6r4x,container_cpu_system_seconds_total,0.052
1745328811,kashef-k8s-ctl.user-mongodb-7745bbd78-zcdgh,container_cpu_system_seconds_total,0.311
1745328811,kashef-k8s-w1.post-storage-mongodb-5579669d8c-m2tvh,container_cpu_system_seconds_total,0.39
1745328811,kashef-k8s-ctl.post-storage-memcached-6b75788fc6-mwfnt,container_cpu_system_seconds_total,0.074
1745328811,kashef-k8s-ctl.compose-post-service-f587bf89d-kv8ds,container_cpu_system_seconds_total,0.08
1745328811,kashef-k8s-ctl.text-service-fff64b8bf-9vq7f,container_cpu_system_seconds_total,0.061
1745328811,kashef-k8s-ctl.social-graph-mongodb-55df767ff5-wwcpn,container_cpu_system_seconds_total,0.268
1745328811,kashef-k8s-ctl.post-storage-service-66c9966f5f-ptkcz,container_cpu_system_seconds_total,0.081
1745328811,kashef-k8s-w1.unique-id-service-694497b678-4qjsc,container_cpu_system_seconds_total,0.067
1745328811,kashef-k8s-w1.social-graph-redis-5bbd5b7458-czkmd,container_cpu_system_seconds_total,0.129
1745328811,kashef-k8s-ctl.url-shorten-memcached-6546746864-6jhh6,container_cpu_system_seconds_total,0.075
1745328811,kashef-k8s-w1.user-memcached-59687c864d-8trz6,container_cpu_system_seconds_total,0.139
1745328811,kashef-k8s-w1.url-shorten-service-66949ddcc4-8jpjp,container_cpu_system_seconds_total,0.081
1745328811,kashef-k8s-w1.media-memcached-7889bdfdfb-cqgpc,container_cpu_system_seconds_total,0.091
1745328811,kashef-k8s-w1.temp-debug-alt,container_cpu_system_seconds_total,0.142
1745328811,kashef-k8s-w1.social-graph-service-677dbc655c-pxq2d,container_cpu_system_seconds_total,0.097
1745328811,kashef-k8s-w1.user-timeline-mongodb-6758898d48-ncm96,container_cpu_system_seconds_total,0.306
1745328811,kashef-k8s-w1.user-mention-service-5c4f566c5-9sb7k,container_cpu_system_seconds_total,0.049
1745328811,kashef-k8s-w1.media-frontend-6b66b95ff4-6qwtj,container_cpu_system_seconds_total,5.852
1745328817,kashef-k8s-w1.url-shorten-service-66949ddcc4-8jpjp,container_cpu_system_seconds_total,0.081
1745328817,kashef-k8s-w1.media-memcached-7889bdfdfb-cqgpc,container_cpu_system_seconds_total,0.091
1745328817,kashef-k8s-ctl.user-timeline-service-664c7f6696-lnpt7,container_cpu_system_seconds_total,0.07
1745328817,kashef-k8s-w1.home-timeline-redis-6c6647df6f-ln2jz,container_cpu_system_seconds_total,0.278
1745328817,kashef-k8s-w1.user-memcached-59687c864d-8trz6,container_cpu_system_seconds_total,0.139
1745328817,kashef-k8s-w1.media-mongodb-7b64c59567-8xpml,container_cpu_system_seconds_total,0.38
1745328817,kashef-k8s-w1.temp-debug-alt,container_cpu_system_seconds_total,0.142
1745328817,kashef-k8s-w1.social-graph-redis-5bbd5b7458-czkmd,container_cpu_system_seconds_total,0.182
1745328817,kashef-k8s-w1.user-timeline-redis-67cc95bc57-rz2gp,container_cpu_system_seconds_total,0.259
1745328817,kashef-k8s-ctl.social-graph-mongodb-55df767ff5-wwcpn,container_cpu_system_seconds_total,0.268
1745328817,kashef-k8s-w1.media-service-6c665c775d-fxpjf,container_cpu_system_seconds_total,0.067
1745328817,kashef-k8s-w1.url-shorten-mongodb-57c886d5f8-q84tt,container_cpu_system_seconds_total,0.415
1745328817,kashef-k8s-w1.unique-id-service-694497b678-4qjsc,container_cpu_system_seconds_total,0.067
1745328817,kashef-k8s-ctl.jaeger-67997f9775-vhgmx,container_cpu_system_seconds_total,0.126
1745328817,kashef-k8s-ctl.url-shorten-memcached-6546746864-6jhh6,container_cpu_system_seconds_total,0.075
1745328817,kashef-k8s-ctl.user-mongodb-7745bbd78-zcdgh,container_cpu_system_seconds_total,0.311
1745328817,kashef-k8s-w1.post-storage-mongodb-5579669d8c-m2tvh,container_cpu_system_seconds_total,0.39
1745328817,kashef-k8s-ctl.nginx-thrift-79478f9bf5-gzvn9,container_cpu_system_seconds_total,5.601
1745328817,kashef-k8s-ctl.home-timeline-service-5754ffbc6d-h6r4x,container_cpu_system_seconds_total,0.052
1745328817,kashef-k8s-w1.social-graph-service-677dbc655c-pxq2d,container_cpu_system_seconds_total,0.097
1745328817,kashef-k8s-w1.user-timeline-mongodb-6758898d48-ncm96,container_cpu_system_seconds_total,0.306
1745328817,kashef-k8s-w1.user-mention-service-5c4f566c5-9sb7k,container_cpu_system_seconds_total,0.15
1745328817,kashef-k8s-w1.media-frontend-6b66b95ff4-6qwtj,container_cpu_system_seconds_total,5.852
1745328817,kashef-k8s-ctl.post-storage-memcached-6b75788fc6-mwfnt,container_cpu_system_seconds_total,0.074
1745328817,kashef-k8s-ctl.post-storage-service-66c9966f5f-ptkcz,container_cpu_system_seconds_total,0.081
1745328817,kashef-k8s-ctl.compose-post-service-f587bf89d-kv8ds,container_cpu_system_seconds_total,0.355
1745328817,kashef-k8s-ctl.user-mongodb-7745bbd78-488nc,container_cpu_system_seconds_total,4.014
1745328817,kashef-k8s-ctl.text-service-fff64b8bf-9vq7f,container_cpu_system_seconds_total,0.061
1745328823,kashef-k8s-w1.user-timeline-mongodb-6758898d48-ncm96,container_cpu_system_seconds_total,0.306
1745328823,kashef-k8s-w1.user-timeline-redis-67cc95bc57-rz2gp,container_cpu_system_seconds_total,0.259
1745328823,kashef-k8s-ctl.compose-post-service-f587bf89d-kv8ds,container_cpu_system_seconds_total,0.355
1745328823,kashef-k8s-w1.media-mongodb-7b64c59567-8xpml,container_cpu_system_seconds_total,0.38
1745328823,kashef-k8s-w1.url-shorten-mongodb-57c886d5f8-q84tt,container_cpu_system_seconds_total,0.415
1745328823,kashef-k8s-ctl.social-graph-mongodb-55df767ff5-wwcpn,container_cpu_system_seconds_total,0.268
1745328823,kashef-k8s-ctl.jaeger-67997f9775-vhgmx,container_cpu_system_seconds_total,0.126
1745328823,kashef-k8s-w1.temp-debug-alt,container_cpu_system_seconds_total,0.142
1745328823,kashef-k8s-ctl.url-shorten-memcached-6546746864-6jhh6,container_cpu_system_seconds_total,0.079
1745328823,kashef-k8s-w1.social-graph-redis-5bbd5b7458-czkmd,container_cpu_system_seconds_total,0.182
1745328823,kashef-k8s-ctl.user-mongodb-7745bbd78-zcdgh,container_cpu_system_seconds_total,0.319
1745328823,kashef-k8s-w1.url-shorten-service-66949ddcc4-8jpjp,container_cpu_system_seconds_total,0.081
1745328823,kashef-k8s-ctl.home-timeline-service-5754ffbc6d-h6r4x,container_cpu_system_seconds_total,0.052
1745328823,kashef-k8s-w1.home-timeline-redis-6c6647df6f-ln2jz,container_cpu_system_seconds_total,0.278
1745328823,kashef-k8s-w1.media-service-6c665c775d-fxpjf,container_cpu_system_seconds_total,0.067
1745328823,kashef-k8s-ctl.user-timeline-service-664c7f6696-lnpt7,container_cpu_system_seconds_total,0.07
1745328823,kashef-k8s-w1.user-memcached-59687c864d-8trz6,container_cpu_system_seconds_total,0.139
1745328823,kashef-k8s-ctl.post-storage-service-66c9966f5f-ptkcz,container_cpu_system_seconds_total,0.082
1745328823,kashef-k8s-w1.media-memcached-7889bdfdfb-cqgpc,container_cpu_system_seconds_total,0.091
1745328823,kashef-k8s-ctl.user-mongodb-7745bbd78-488nc,container_cpu_system_seconds_total,4.014
1745328823,kashef-k8s-ctl.post-storage-memcached-6b75788fc6-mwfnt,container_cpu_system_seconds_total,0.074
1745328823,kashef-k8s-ctl.nginx-thrift-79478f9bf5-gzvn9,container_cpu_system_seconds_total,5.601
1745328823,kashef-k8s-ctl.text-service-fff64b8bf-9vq7f,container_cpu_system_seconds_total,0.168
1745328823,kashef-k8s-w1.post-storage-mongodb-5579669d8c-m2tvh,container_cpu_system_seconds_total,0.39
1745328823,kashef-k8s-w1.user-mention-service-5c4f566c5-9sb7k,container_cpu_system_seconds_total,0.15
1745328823,kashef-k8s-w1.social-graph-service-677dbc655c-pxq2d,container_cpu_system_seconds_total,0.097
1745328823,kashef-k8s-w1.unique-id-service-694497b678-4qjsc,container_cpu_system_seconds_total,0.067
1745328823,kashef-k8s-w1.media-frontend-6b66b95ff4-6qwtj,container_cpu_system_seconds_total,5.852
1745328829,kashef-k8s-ctl.user-timeline-service-664c7f6696-lnpt7,container_cpu_system_seconds_total,0.07
1745328829,kashef-k8s-w1.unique-id-service-694497b678-4qjsc,container_cpu_system_seconds_total,0.067
1745328829,kashef-k8s-w1.user-mention-service-5c4f566c5-9sb7k,container_cpu_system_seconds_total,0.15
1745328829,kashef-k8s-w1.media-frontend-6b66b95ff4-6qwtj,container_cpu_system_seconds_total,5.852
1745328829,kashef-k8s-ctl.text-service-fff64b8bf-9vq7f,container_cpu_system_seconds_total,0.168
1745328829,kashef-k8s-w1.post-storage-mongodb-5579669d8c-m2tvh,container_cpu_system_seconds_total,0.39
1745328829,kashef-k8s-ctl.nginx-thrift-79478f9bf5-gzvn9,container_cpu_system_seconds_total,5.601
1745328829,kashef-k8s-w1.temp-debug-alt,container_cpu_system_seconds_total,0.142
1745328829,kashef-k8s-w1.url-shorten-mongodb-57c886d5f8-q84tt,container_cpu_system_seconds_total,0.447
1745328829,kashef-k8s-w1.social-graph-redis-5bbd5b7458-czkmd,container_cpu_system_seconds_total,0.182
1745328829,kashef-k8s-ctl.user-mongodb-7745bbd78-488nc,container_cpu_system_seconds_total,4.014
1745328829,kashef-k8s-w1.home-timeline-redis-6c6647df6f-ln2jz,container_cpu_system_seconds_total,0.278
1745328829,kashef-k8s-w1.media-memcached-7889bdfdfb-cqgpc,container_cpu_system_seconds_total,0.094
1745328829,kashef-k8s-ctl.post-storage-memcached-6b75788fc6-mwfnt,container_cpu_system_seconds_total,0.074
1745328829,kashef-k8s-ctl.post-storage-service-66c9966f5f-ptkcz,container_cpu_system_seconds_total,0.082
1745328829,kashef-k8s-ctl.social-graph-mongodb-55df767ff5-wwcpn,container_cpu_system_seconds_total,0.268
1745328829,kashef-k8s-ctl.compose-post-service-f587bf89d-kv8ds,container_cpu_system_seconds_total,0.355
1745328829,kashef-k8s-w1.user-timeline-redis-67cc95bc57-rz2gp,container_cpu_system_seconds_total,0.259
1745328829,kashef-k8s-w1.user-memcached-59687c864d-8trz6,container_cpu_system_seconds_total,0.139
1745328829,kashef-k8s-w1.user-timeline-mongodb-6758898d48-ncm96,container_cpu_system_seconds_total,0.306
1745328829,kashef-k8s-w1.media-service-6c665c775d-fxpjf,container_cpu_system_seconds_total,0.067
1745328829,kashef-k8s-ctl.home-timeline-service-5754ffbc6d-h6r4x,container_cpu_system_seconds_total,0.052
1745328829,kashef-k8s-w1.social-graph-service-677dbc655c-pxq2d,container_cpu_system_seconds_total,0.097
1745328829,kashef-k8s-ctl.user-mongodb-7745bbd78-zcdgh,container_cpu_system_seconds_total,0.319
1745328829,kashef-k8s-ctl.jaeger-67997f9775-vhgmx,container_cpu_system_seconds_total,0.126
1745328829,kashef-k8s-w1.media-mongodb-7b64c59567-8xpml,container_cpu_system_seconds_total,0.38
1745328829,kashef-k8s-ctl.url-shorten-memcached-6546746864-6jhh6,container_cpu_system_seconds_total,0.079
1745328829,kashef-k8s-w1.url-shorten-service-66949ddcc4-8jpjp,container_cpu_system_seconds_total,0.081
1745328835,kashef-k8s-ctl.post-storage-memcached-6b75788fc6-mwfnt,container_cpu_system_seconds_total,0.081
1745328835,kashef-k8s-w1.post-storage-mongodb-5579669d8c-m2tvh,container_cpu_system_seconds_total,0.39
1745328835,kashef-k8s-ctl.text-service-fff64b8bf-9vq7f,container_cpu_system_seconds_total,0.168
1745328835,kashef-k8s-ctl.nginx-thrift-79478f9bf5-gzvn9,container_cpu_system_seconds_total,5.601
1745328835,kashef-k8s-w1.temp-debug-alt,container_cpu_system_seconds_total,0.142
1745328835,kashef-k8s-w1.social-graph-redis-5bbd5b7458-czkmd,container_cpu_system_seconds_total,0.182
1745328835,kashef-k8s-w1.home-timeline-redis-6c6647df6f-ln2jz,container_cpu_system_seconds_total,0.278
1745328835,kashef-k8s-w1.url-shorten-mongodb-57c886d5f8-q84tt,container_cpu_system_seconds_total,0.447
1745328835,kashef-k8s-ctl.post-storage-service-66c9966f5f-ptkcz,container_cpu_system_seconds_total,0.082
1745328835,kashef-k8s-ctl.social-graph-mongodb-55df767ff5-wwcpn,container_cpu_system_seconds_total,0.327
1745328835,kashef-k8s-w1.media-memcached-7889bdfdfb-cqgpc,container_cpu_system_seconds_total,0.094
1745328835,kashef-k8s-w1.user-mention-service-5c4f566c5-9sb7k,container_cpu_system_seconds_total,0.15
1745328835,kashef-k8s-w1.media-service-6c665c775d-fxpjf,container_cpu_system_seconds_total,0.081
1745328835,kashef-k8s-w1.media-frontend-6b66b95ff4-6qwtj,container_cpu_system_seconds_total,5.852
1745328835,kashef-k8s-w1.social-graph-service-677dbc655c-pxq2d,container_cpu_system_seconds_total,0.097
1745328835,kashef-k8s-ctl.jaeger-67997f9775-vhgmx,container_cpu_system_seconds_total,0.145
1745328835,kashef-k8s-ctl.compose-post-service-f587bf89d-kv8ds,container_cpu_system_seconds_total,0.355
1745328835,kashef-k8s-ctl.user-mongodb-7745bbd78-488nc,container_cpu_system_seconds_total,4.048
1745328835,kashef-k8s-ctl.url-shorten-memcached-6546746864-6jhh6,container_cpu_system_seconds_total,0.079
1745328835,kashef-k8s-w1.url-shorten-service-66949ddcc4-8jpjp,container_cpu_system_seconds_total,0.081
1745328835,kashef-k8s-ctl.user-timeline-service-664c7f6696-lnpt7,container_cpu_system_seconds_total,0.07
1745328835,kashef-k8s-w1.user-memcached-59687c864d-8trz6,container_cpu_system_seconds_total,0.139
1745328835,kashef-k8s-w1.user-timeline-mongodb-6758898d48-ncm96,container_cpu_system_seconds_total,0.368
1745328835,kashef-k8s-w1.user-timeline-redis-67cc95bc57-rz2gp,container_cpu_system_seconds_total,0.295
1745328835,kashef-k8s-w1.media-mongodb-7b64c59567-8xpml,container_cpu_system_seconds_total,0.38
1745328835,kashef-k8s-ctl.home-timeline-service-5754ffbc6d-h6r4x,container_cpu_system_seconds_total,0.052
1745328835,kashef-k8s-w1.unique-id-service-694497b678-4qjsc,container_cpu_system_seconds_total,0.092
1745328835,kashef-k8s-ctl.user-mongodb-7745bbd78-zcdgh,container_cpu_system_seconds_total,0.319
1745328841,kashef-k8s-w1.user-timeline-redis-67cc95bc57-rz2gp,container_cpu_system_seconds_total,0.295
1745328841,kashef-k8s-w1.media-mongodb-7b64c59567-8xpml,container_cpu_system_seconds_total,0.429
1745328841,kashef-k8s-ctl.home-timeline-service-5754ffbc6d-h6r4x,container_cpu_system_seconds_total,0.052
1745328841,kashef-k8s-w1.user-mention-service-5c4f566c5-9sb7k,container_cpu_system_seconds_total,0.15
1745328841,kashef-k8s-w1.social-graph-service-677dbc655c-pxq2d,container_cpu_system_seconds_total,0.098
1745328841,kashef-k8s-w1.user-memcached-59687c864d-8trz6,container_cpu_system_seconds_total,0.144
1745328841,kashef-k8s-ctl.compose-post-service-f587bf89d-kv8ds,container_cpu_system_seconds_total,0.355
1745328841,kashef-k8s-ctl.user-timeline-service-664c7f6696-lnpt7,container_cpu_system_seconds_total,0.07
1745328841,kashef-k8s-w1.url-shorten-mongodb-57c886d5f8-q84tt,container_cpu_system_seconds_total,0.447
1745328841,kashef-k8s-w1.home-timeline-redis-6c6647df6f-ln2jz,container_cpu_system_seconds_total,0.302
1745328841,kashef-k8s-ctl.url-shorten-memcached-6546746864-6jhh6,container_cpu_system_seconds_total,0.079
1745328841,kashef-k8s-ctl.nginx-thrift-79478f9bf5-gzvn9,container_cpu_system_seconds_total,5.601
1745328841,kashef-k8s-w1.url-shorten-service-66949ddcc4-8jpjp,container_cpu_system_seconds_total,0.118
1745328841,kashef-k8s-w1.social-graph-redis-5bbd5b7458-czkmd,container_cpu_system_seconds_total,0.221
1745328841,kashef-k8s-w1.media-memcached-7889bdfdfb-cqgpc,container_cpu_system_seconds_total,0.094
1745328841,kashef-k8s-w1.temp-debug-alt,container_cpu_system_seconds_total,0.142
1745328841,kashef-k8s-ctl.jaeger-67997f9775-vhgmx,container_cpu_system_seconds_total,0.145
1745328841,kashef-k8s-ctl.post-storage-service-66c9966f5f-ptkcz,container_cpu_system_seconds_total,0.082
1745328841,kashef-k8s-w1.media-frontend-6b66b95ff4-6qwtj,container_cpu_system_seconds_total,5.852
1745328841,kashef-k8s-w1.post-storage-mongodb-5579669d8c-m2tvh,container_cpu_system_seconds_total,0.443
1745328841,kashef-k8s-w1.user-timeline-mongodb-6758898d48-ncm96,container_cpu_system_seconds_total,0.368
1745328841,kashef-k8s-ctl.user-mongodb-7745bbd78-zcdgh,container_cpu_system_seconds_total,0.319
1745328841,kashef-k8s-w1.media-service-6c665c775d-fxpjf,container_cpu_system_seconds_total,0.081
1745328841,kashef-k8s-w1.unique-id-service-694497b678-4qjsc,container_cpu_system_seconds_total,0.092
1745328841,kashef-k8s-ctl.text-service-fff64b8bf-9vq7f,container_cpu_system_seconds_total,0.168
1745328841,kashef-k8s-ctl.social-graph-mongodb-55df767ff5-wwcpn,container_cpu_system_seconds_total,0.327
1745328841,kashef-k8s-ctl.post-storage-memcached-6b75788fc6-mwfnt,container_cpu_system_seconds_total,0.081
1745328841,kashef-k8s-ctl.user-mongodb-7745bbd78-488nc,container_cpu_system_seconds_total,4.048
1745328847,kashef-k8s-w1.social-graph-service-677dbc655c-pxq2d,container_cpu_system_seconds_total,0.098
1745328847,kashef-k8s-w1.media-memcached-7889bdfdfb-cqgpc,container_cpu_system_seconds_total,0.094
1745328847,kashef-k8s-w1.user-mention-service-5c4f566c5-9sb7k,container_cpu_system_seconds_total,0.15
1745328847,kashef-k8s-ctl.compose-post-service-f587bf89d-kv8ds,container_cpu_system_seconds_total,0.355
1745328847,kashef-k8s-w1.url-shorten-service-66949ddcc4-8jpjp,container_cpu_system_seconds_total,0.118
1745328847,kashef-k8s-ctl.url-shorten-memcached-6546746864-6jhh6,container_cpu_system_seconds_total,0.079
1745328847,kashef-k8s-w1.url-shorten-mongodb-57c886d5f8-q84tt,container_cpu_system_seconds_total,0.447
1745328847,kashef-k8s-ctl.nginx-thrift-79478f9bf5-gzvn9,container_cpu_system_seconds_total,5.601
1745328847,kashef-k8s-w1.temp-debug-alt,container_cpu_system_seconds_total,0.142
1745328847,kashef-k8s-w1.user-memcached-59687c864d-8trz6,container_cpu_system_seconds_total,0.144
1745328847,kashef-k8s-w1.social-graph-redis-5bbd5b7458-czkmd,container_cpu_system_seconds_total,0.221
1745328847,kashef-k8s-w1.user-timeline-mongodb-6758898d48-ncm96,container_cpu_system_seconds_total,0.368
1745328847,kashef-k8s-ctl.home-timeline-service-5754ffbc6d-h6r4x,container_cpu_system_seconds_total,0.052
1745328847,kashef-k8s-w1.media-mongodb-7b64c59567-8xpml,container_cpu_system_seconds_total,0.429
1745328847,kashef-k8s-w1.user-timeline-redis-67cc95bc57-rz2gp,container_cpu_system_seconds_total,0.295
1745328847,kashef-k8s-w1.home-timeline-redis-6c6647df6f-ln2jz,container_cpu_system_seconds_total,0.302
1745328847,kashef-k8s-ctl.text-service-fff64b8bf-9vq7f,container_cpu_system_seconds_total,0.168
1745328847,kashef-k8s-ctl.post-storage-memcached-6b75788fc6-mwfnt,container_cpu_system_seconds_total,0.081
1745328847,kashef-k8s-ctl.user-timeline-service-664c7f6696-lnpt7,container_cpu_system_seconds_total,0.07
1745328847,kashef-k8s-ctl.user-mongodb-7745bbd78-488nc,container_cpu_system_seconds_total,4.048
1745328847,kashef-k8s-w1.post-storage-mongodb-5579669d8c-m2tvh,container_cpu_system_seconds_total,0.443
1745328847,kashef-k8s-ctl.post-storage-service-66c9966f5f-ptkcz,container_cpu_system_seconds_total,0.082
1745328847,kashef-k8s-ctl.social-graph-mongodb-55df767ff5-wwcpn,container_cpu_system_seconds_total,0.327
1745328847,kashef-k8s-ctl.jaeger-67997f9775-vhgmx,container_cpu_system_seconds_total,0.145
1745328847,kashef-k8s-ctl.user-mongodb-7745bbd78-zcdgh,container_cpu_system_seconds_total,0.319
1745328847,kashef-k8s-w1.media-frontend-6b66b95ff4-6qwtj,container_cpu_system_seconds_total,5.852
1745328847,kashef-k8s-w1.unique-id-service-694497b678-4qjsc,container_cpu_system_seconds_total,0.092
1745328847,kashef-k8s-w1.media-service-6c665c775d-fxpjf,container_cpu_system_seconds_total,0.081
1745328853,kashef-k8s-ctl.user-mongodb-7745bbd78-zcdgh,container_cpu_system_seconds_total,0.319
1745328853,kashef-k8s-ctl.post-storage-service-66c9966f5f-ptkcz,container_cpu_system_seconds_total,0.082
1745328853,kashef-k8s-w1.media-service-6c665c775d-fxpjf,container_cpu_system_seconds_total,0.081
1745328853,kashef-k8s-w1.media-frontend-6b66b95ff4-6qwtj,container_cpu_system_seconds_total,5.852
1745328853,kashef-k8s-ctl.jaeger-67997f9775-vhgmx,container_cpu_system_seconds_total,0.149
1745328853,kashef-k8s-ctl.compose-post-service-f587bf89d-kv8ds,container_cpu_system_seconds_total,0.355
1745328853,kashef-k8s-ctl.post-storage-memcached-6b75788fc6-mwfnt,container_cpu_system_seconds_total,0.084
1745328853,kashef-k8s-w1.post-storage-mongodb-5579669d8c-m2tvh,container_cpu_system_seconds_total,0.443
1745328853,kashef-k8s-w1.social-graph-redis-5bbd5b7458-czkmd,container_cpu_system_seconds_total,0.221
1745328853,kashef-k8s-w1.user-memcached-59687c864d-8trz6,container_cpu_system_seconds_total,0.144
1745328853,kashef-k8s-w1.url-shorten-mongodb-57c886d5f8-q84tt,container_cpu_system_seconds_total,0.447
1745328853,kashef-k8s-ctl.user-timeline-service-664c7f6696-lnpt7,container_cpu_system_seconds_total,0.07
1745328853,kashef-k8s-ctl.text-service-fff64b8bf-9vq7f,container_cpu_system_seconds_total,0.168
1745328853,kashef-k8s-w1.url-shorten-service-66949ddcc4-8jpjp,container_cpu_system_seconds_total,0.118
1745328853,kashef-k8s-ctl.user-mongodb-7745bbd78-488nc,container_cpu_system_seconds_total,4.048
1745328853,kashef-k8s-ctl.social-graph-mongodb-55df767ff5-wwcpn,container_cpu_system_seconds_total,0.353
1745328853,kashef-k8s-ctl.home-timeline-service-5754ffbc6d-h6r4x,container_cpu_system_seconds_total,0.052
1745328853,kashef-k8s-w1.social-graph-service-677dbc655c-pxq2d,container_cpu_system_seconds_total,0.098
1745328853,kashef-k8s-ctl.url-shorten-memcached-6546746864-6jhh6,container_cpu_system_seconds_total,0.079
1745328853,kashef-k8s-w1.media-mongodb-7b64c59567-8xpml,container_cpu_system_seconds_total,0.429
1745328853,kashef-k8s-w1.user-timeline-mongodb-6758898d48-ncm96,container_cpu_system_seconds_total,0.368
1745328853,kashef-k8s-w1.unique-id-service-694497b678-4qjsc,container_cpu_system_seconds_total,0.092
1745328853,kashef-k8s-w1.home-timeline-redis-6c6647df6f-ln2jz,container_cpu_system_seconds_total,0.302
1745328853,kashef-k8s-w1.user-mention-service-5c4f566c5-9sb7k,container_cpu_system_seconds_total,0.15
1745328853,kashef-k8s-w1.temp-debug-alt,container_cpu_system_seconds_total,0.142
1745328853,kashef-k8s-w1.media-memcached-7889bdfdfb-cqgpc,container_cpu_system_seconds_total,0.094
1745328853,kashef-k8s-ctl.nginx-thrift-79478f9bf5-gzvn9,container_cpu_system_seconds_total,5.601
1745328853,kashef-k8s-w1.user-timeline-redis-67cc95bc57-rz2gp,container_cpu_system_seconds_total,0.295
1745328859,kashef-k8s-ctl.jaeger-67997f9775-vhgmx,container_cpu_system_seconds_total,0.149
1745328859,kashef-k8s-ctl.post-storage-memcached-6b75788fc6-mwfnt,container_cpu_system_seconds_total,0.084
1745328859,kashef-k8s-w1.post-storage-mongodb-5579669d8c-m2tvh,container_cpu_system_seconds_total,0.443
1745328859,kashef-k8s-ctl.text-service-fff64b8bf-9vq7f,container_cpu_system_seconds_total,0.168
1745328859,kashef-k8s-w1.url-shorten-mongodb-57c886d5f8-q84tt,container_cpu_system_seconds_total,0.447
1745328859,kashef-k8s-w1.user-memcached-59687c864d-8trz6,container_cpu_system_seconds_total,0.144
1745328859,kashef-k8s-ctl.user-mongodb-7745bbd78-488nc,container_cpu_system_seconds_total,4.075
1745328859,kashef-k8s-w1.social-graph-redis-5bbd5b7458-czkmd,container_cpu_system_seconds_total,0.221
1745328859,kashef-k8s-ctl.social-graph-mongodb-55df767ff5-wwcpn,container_cpu_system_seconds_total,0.353
1745328859,kashef-k8s-ctl.post-storage-service-66c9966f5f-ptkcz,container_cpu_system_seconds_total,0.084
1745328859,kashef-k8s-ctl.compose-post-service-f587bf89d-kv8ds,container_cpu_system_seconds_total,0.355
1745328859,kashef-k8s-w1.url-shorten-service-66949ddcc4-8jpjp,container_cpu_system_seconds_total,0.118
1745328859,kashef-k8s-w1.media-frontend-6b66b95ff4-6qwtj,container_cpu_system_seconds_total,5.852
1745328859,kashef-k8s-w1.user-mention-service-5c4f566c5-9sb7k,container_cpu_system_seconds_total,0.15
1745328859,kashef-k8s-w1.media-service-6c665c775d-fxpjf,container_cpu_system_seconds_total,0.081
1745328859,kashef-k8s-w1.media-memcached-7889bdfdfb-cqgpc,container_cpu_system_seconds_total,0.094
1745328859,kashef-k8s-w1.temp-debug-alt,container_cpu_system_seconds_total,0.142
1745328859,kashef-k8s-ctl.user-timeline-service-664c7f6696-lnpt7,container_cpu_system_seconds_total,0.07
1745328859,kashef-k8s-w1.user-timeline-redis-67cc95bc57-rz2gp,container_cpu_system_seconds_total,0.295
1745328859,kashef-k8s-ctl.nginx-thrift-79478f9bf5-gzvn9,container_cpu_system_seconds_total,5.604
1745328859,kashef-k8s-ctl.url-shorten-memcached-6546746864-6jhh6,container_cpu_system_seconds_total,0.083
1745328859,kashef-k8s-w1.media-mongodb-7b64c59567-8xpml,container_cpu_system_seconds_total,0.429
1745328859,kashef-k8s-ctl.home-timeline-service-5754ffbc6d-h6r4x,container_cpu_system_seconds_total,0.052
1745328859,kashef-k8s-ctl.user-mongodb-7745bbd78-zcdgh,container_cpu_system_seconds_total,0.332
1745328859,kashef-k8s-w1.social-graph-service-677dbc655c-pxq2d,container_cpu_system_seconds_total,0.098
1745328859,kashef-k8s-w1.user-timeline-mongodb-6758898d48-ncm96,container_cpu_system_seconds_total,0.368
1745328859,kashef-k8s-w1.unique-id-service-694497b678-4qjsc,container_cpu_system_seconds_total,0.092
1745328859,kashef-k8s-w1.home-timeline-redis-6c6647df6f-ln2jz,container_cpu_system_seconds_total,0.302
1745328865,kashef-k8s-w1.unique-id-service-694497b678-4qjsc,container_cpu_system_seconds_total,0.093
1745328865,kashef-k8s-w1.social-graph-redis-5bbd5b7458-czkmd,container_cpu_system_seconds_total,0.221
1745328865,kashef-k8s-w1.url-shorten-mongodb-57c886d5f8-q84tt,container_cpu_system_seconds_total,0.447
1745328865,kashef-k8s-w1.media-frontend-6b66b95ff4-6qwtj,container_cpu_system_seconds_total,5.852
1745328865,kashef-k8s-ctl.user-timeline-service-664c7f6696-lnpt7,container_cpu_system_seconds_total,0.07
1745328865,kashef-k8s-ctl.jaeger-67997f9775-vhgmx,container_cpu_system_seconds_total,0.149
1745328865,kashef-k8s-ctl.home-timeline-service-5754ffbc6d-h6r4x,container_cpu_system_seconds_total,0.052
1745328865,kashef-k8s-ctl.user-mongodb-7745bbd78-zcdgh,container_cpu_system_seconds_total,0.332
1745328865,kashef-k8s-ctl.compose-post-service-f587bf89d-kv8ds,container_cpu_system_seconds_total,0.355
1745328865,kashef-k8s-ctl.nginx-thrift-79478f9bf5-gzvn9,container_cpu_system_seconds_total,5.604
1745328865,kashef-k8s-w1.user-timeline-redis-67cc95bc57-rz2gp,container_cpu_system_seconds_total,0.295
1745328865,kashef-k8s-w1.home-timeline-redis-6c6647df6f-ln2jz,container_cpu_system_seconds_total,0.302
1745328865,kashef-k8s-w1.user-timeline-mongodb-6758898d48-ncm96,container_cpu_system_seconds_total,0.408
1745328865,kashef-k8s-ctl.url-shorten-memcached-6546746864-6jhh6,container_cpu_system_seconds_total,0.083
1745328865,kashef-k8s-w1.user-memcached-59687c864d-8trz6,container_cpu_system_seconds_total,0.144
1745328865,kashef-k8s-ctl.post-storage-service-66c9966f5f-ptkcz,container_cpu_system_seconds_total,0.084
1745328865,kashef-k8s-ctl.post-storage-memcached-6b75788fc6-mwfnt,container_cpu_system_seconds_total,0.084
1745328865,kashef-k8s-w1.media-mongodb-7b64c59567-8xpml,container_cpu_system_seconds_total,0.429
1745328865,kashef-k8s-ctl.text-service-fff64b8bf-9vq7f,container_cpu_system_seconds_total,0.168
1745328865,kashef-k8s-w1.post-storage-mongodb-5579669d8c-m2tvh,container_cpu_system_seconds_total,0.443
1745328865,kashef-k8s-w1.media-service-6c665c775d-fxpjf,container_cpu_system_seconds_total,0.081
1745328865,kashef-k8s-w1.media-memcached-7889bdfdfb-cqgpc,container_cpu_system_seconds_total,0.098
1745328865,kashef-k8s-w1.social-graph-service-677dbc655c-pxq2d,container_cpu_system_seconds_total,0.098
1745328865,kashef-k8s-w1.user-mention-service-5c4f566c5-9sb7k,container_cpu_system_seconds_total,0.15
1745328865,kashef-k8s-ctl.user-mongodb-7745bbd78-488nc,container_cpu_system_seconds_total,4.075
1745328865,kashef-k8s-w1.url-shorten-service-66949ddcc4-8jpjp,container_cpu_system_seconds_total,0.118
1745328865,kashef-k8s-ctl.social-graph-mongodb-55df767ff5-wwcpn,container_cpu_system_seconds_total,0.353
1745328865,kashef-k8s-w1.temp-debug-alt,container_cpu_system_seconds_total,0.142
1745328871,kashef-k8s-ctl.user-timeline-service-664c7f6696-lnpt7,container_cpu_system_seconds_total,0.07
1745328871,kashef-k8s-ctl.home-timeline-service-5754ffbc6d-h6r4x,container_cpu_system_seconds_total,0.052
1745328871,kashef-k8s-w1.social-graph-redis-5bbd5b7458-czkmd,container_cpu_system_seconds_total,0.249
1745328871,kashef-k8s-ctl.user-mongodb-7745bbd78-zcdgh,container_cpu_system_seconds_total,0.332
1745328871,kashef-k8s-w1.home-timeline-redis-6c6647df6f-ln2jz,container_cpu_system_seconds_total,0.355
1745328871,kashef-k8s-w1.url-shorten-service-66949ddcc4-8jpjp,container_cpu_system_seconds_total,0.119
1745328871,kashef-k8s-ctl.url-shorten-memcached-6546746864-6jhh6,container_cpu_system_seconds_total,0.083
1745328871,kashef-k8s-ctl.compose-post-service-f587bf89d-kv8ds,container_cpu_system_seconds_total,0.355
1745328871,kashef-k8s-ctl.jaeger-67997f9775-vhgmx,container_cpu_system_seconds_total,0.149
1745328871,kashef-k8s-w1.temp-debug-alt,container_cpu_system_seconds_total,0.142
1745328871,kashef-k8s-ctl.post-storage-service-66c9966f5f-ptkcz,container_cpu_system_seconds_total,0.084
1745328871,kashef-k8s-w1.user-timeline-mongodb-6758898d48-ncm96,container_cpu_system_seconds_total,0.408
1745328871,kashef-k8s-w1.media-frontend-6b66b95ff4-6qwtj,container_cpu_system_seconds_total,5.852
1745328871,kashef-k8s-w1.user-memcached-59687c864d-8trz6,container_cpu_system_seconds_total,0.149
1745328871,kashef-k8s-w1.url-shorten-mongodb-57c886d5f8-q84tt,container_cpu_system_seconds_total,0.517
1745328871,kashef-k8s-w1.unique-id-service-694497b678-4qjsc,container_cpu_system_seconds_total,0.093
1745328871,kashef-k8s-ctl.user-mongodb-7745bbd78-488nc,container_cpu_system_seconds_total,4.075
1745328871,kashef-k8s-w1.post-storage-mongodb-5579669d8c-m2tvh,container_cpu_system_seconds_total,0.476
1745328871,kashef-k8s-w1.user-timeline-redis-67cc95bc57-rz2gp,container_cpu_system_seconds_total,0.337
1745328871,kashef-k8s-ctl.nginx-thrift-79478f9bf5-gzvn9,container_cpu_system_seconds_total,5.604
1745328871,kashef-k8s-ctl.text-service-fff64b8bf-9vq7f,container_cpu_system_seconds_total,0.168
1745328871,kashef-k8s-w1.media-mongodb-7b64c59567-8xpml,container_cpu_system_seconds_total,0.484
1745328871,kashef-k8s-ctl.post-storage-memcached-6b75788fc6-mwfnt,container_cpu_system_seconds_total,0.084
1745328871,kashef-k8s-ctl.social-graph-mongodb-55df767ff5-wwcpn,container_cpu_system_seconds_total,0.353
1745328871,kashef-k8s-w1.media-memcached-7889bdfdfb-cqgpc,container_cpu_system_seconds_total,0.098
1745328871,kashef-k8s-w1.media-service-6c665c775d-fxpjf,container_cpu_system_seconds_total,0.081
1745328871,kashef-k8s-w1.social-graph-service-677dbc655c-pxq2d,container_cpu_system_seconds_total,0.099
1745328871,kashef-k8s-w1.user-mention-service-5c4f566c5-9sb7k,container_cpu_system_seconds_total,0.15
1745328877,kashef-k8s-w1.media-memcached-7889bdfdfb-cqgpc,container_cpu_system_seconds_total,0.098
1745328877,kashef-k8s-w1.media-frontend-6b66b95ff4-6qwtj,container_cpu_system_seconds_total,5.852
1745328877,kashef-k8s-w1.media-service-6c665c775d-fxpjf,container_cpu_system_seconds_total,0.081
1745328877,kashef-k8s-w1.social-graph-service-677dbc655c-pxq2d,container_cpu_system_seconds_total,0.099
1745328877,kashef-k8s-w1.user-mention-service-5c4f566c5-9sb7k,container_cpu_system_seconds_total,0.152
1745328877,kashef-k8s-ctl.post-storage-memcached-6b75788fc6-mwfnt,container_cpu_system_seconds_total,0.084
1745328877,kashef-k8s-w1.media-mongodb-7b64c59567-8xpml,container_cpu_system_seconds_total,0.484
1745328877,kashef-k8s-ctl.text-service-fff64b8bf-9vq7f,container_cpu_system_seconds_total,0.168
1745328877,kashef-k8s-ctl.social-graph-mongodb-55df767ff5-wwcpn,container_cpu_system_seconds_total,0.353
1745328877,kashef-k8s-ctl.nginx-thrift-79478f9bf5-gzvn9,container_cpu_system_seconds_total,5.604
1745328877,kashef-k8s-ctl.compose-post-service-f587bf89d-kv8ds,container_cpu_system_seconds_total,0.355
1745328877,kashef-k8s-w1.home-timeline-redis-6c6647df6f-ln2jz,container_cpu_system_seconds_total,0.355
1745328877,kashef-k8s-w1.url-shorten-service-66949ddcc4-8jpjp,container_cpu_system_seconds_total,0.119
1745328877,kashef-k8s-w1.post-storage-mongodb-5579669d8c-m2tvh,container_cpu_system_seconds_total,0.476
1745328877,kashef-k8s-ctl.user-mongodb-7745bbd78-488nc,container_cpu_system_seconds_total,4.101
1745328877,kashef-k8s-w1.user-timeline-redis-67cc95bc57-rz2gp,container_cpu_system_seconds_total,0.337
1745328877,kashef-k8s-ctl.home-timeline-service-5754ffbc6d-h6r4x,container_cpu_system_seconds_total,0.052
1745328877,kashef-k8s-w1.social-graph-redis-5bbd5b7458-czkmd,container_cpu_system_seconds_total,0.249
1745328877,kashef-k8s-ctl.jaeger-67997f9775-vhgmx,container_cpu_system_seconds_total,0.149
1745328877,kashef-k8s-w1.url-shorten-mongodb-57c886d5f8-q84tt,container_cpu_system_seconds_total,0.517
1745328877,kashef-k8s-ctl.url-shorten-memcached-6546746864-6jhh6,container_cpu_system_seconds_total,0.083
1745328877,kashef-k8s-w1.user-memcached-59687c864d-8trz6,container_cpu_system_seconds_total,0.149
1745328877,kashef-k8s-w1.unique-id-service-694497b678-4qjsc,container_cpu_system_seconds_total,0.093
1745328877,kashef-k8s-ctl.user-timeline-service-664c7f6696-lnpt7,container_cpu_system_seconds_total,0.07
1745328877,kashef-k8s-ctl.user-mongodb-7745bbd78-zcdgh,container_cpu_system_seconds_total,0.332
1745328877,kashef-k8s-ctl.post-storage-service-66c9966f5f-ptkcz,container_cpu_system_seconds_total,0.084
1745328877,kashef-k8s-w1.user-timeline-mongodb-6758898d48-ncm96,container_cpu_system_seconds_total,0.408
1745328877,kashef-k8s-w1.temp-debug-alt,container_cpu_system_seconds_total,0.142
1745328883,kashef-k8s-ctl.post-storage-memcached-6b75788fc6-mwfnt,container_cpu_system_seconds_total,0.084
1745328883,kashef-k8s-ctl.social-graph-mongodb-55df767ff5-wwcpn,container_cpu_system_seconds_total,0.419
1745328883,kashef-k8s-ctl.text-service-fff64b8bf-9vq7f,container_cpu_system_seconds_total,0.168
1745328883,kashef-k8s-w1.media-service-6c665c775d-fxpjf,container_cpu_system_seconds_total,0.081
1745328883,kashef-k8s-ctl.jaeger-67997f9775-vhgmx,container_cpu_system_seconds_total,0.149
1745328883,kashef-k8s-ctl.compose-post-service-f587bf89d-kv8ds,container_cpu_system_seconds_total,0.355
1745328883,kashef-k8s-ctl.post-storage-service-66c9966f5f-ptkcz,container_cpu_system_seconds_total,0.085
1745328883,kashef-k8s-w1.home-timeline-redis-6c6647df6f-ln2jz,container_cpu_system_seconds_total,0.355
1745328883,kashef-k8s-ctl.nginx-thrift-79478f9bf5-gzvn9,container_cpu_system_seconds_total,5.604
1745328883,kashef-k8s-w1.temp-debug-alt,container_cpu_system_seconds_total,0.142
1745328883,kashef-k8s-w1.user-mention-service-5c4f566c5-9sb7k,container_cpu_system_seconds_total,0.152
1745328883,kashef-k8s-ctl.url-shorten-memcached-6546746864-6jhh6,container_cpu_system_seconds_total,0.083
1745328883,kashef-k8s-w1.url-shorten-service-66949ddcc4-8jpjp,container_cpu_system_seconds_total,0.119
1745328883,kashef-k8s-w1.post-storage-mongodb-5579669d8c-m2tvh,container_cpu_system_seconds_total,0.476
1745328883,kashef-k8s-w1.media-memcached-7889bdfdfb-cqgpc,container_cpu_system_seconds_total,0.098
1745328883,kashef-k8s-w1.media-frontend-6b66b95ff4-6qwtj,container_cpu_system_seconds_total,5.852
1745328883,kashef-k8s-w1.media-mongodb-7b64c59567-8xpml,container_cpu_system_seconds_total,0.484
1745328883,kashef-k8s-w1.user-timeline-mongodb-6758898d48-ncm96,container_cpu_system_seconds_total,0.408
1745328883,kashef-k8s-ctl.user-timeline-service-664c7f6696-lnpt7,container_cpu_system_seconds_total,0.07
1745328883,kashef-k8s-w1.social-graph-redis-5bbd5b7458-czkmd,container_cpu_system_seconds_total,0.249
1745328883,kashef-k8s-ctl.user-mongodb-7745bbd78-488nc,container_cpu_system_seconds_total,4.101
1745328883,kashef-k8s-ctl.user-mongodb-7745bbd78-zcdgh,container_cpu_system_seconds_total,0.356
1745328883,kashef-k8s-ctl.home-timeline-service-5754ffbc6d-h6r4x,container_cpu_system_seconds_total,0.052
1745328883,kashef-k8s-w1.user-memcached-59687c864d-8trz6,container_cpu_system_seconds_total,0.149
1745328883,kashef-k8s-w1.user-timeline-redis-67cc95bc57-rz2gp,container_cpu_system_seconds_total,0.337
1745328883,kashef-k8s-w1.url-shorten-mongodb-57c886d5f8-q84tt,container_cpu_system_seconds_total,0.517
1745328883,kashef-k8s-w1.social-graph-service-677dbc655c-pxq2d,container_cpu_system_seconds_total,0.099
1745328883,kashef-k8s-w1.unique-id-service-694497b678-4qjsc,container_cpu_system_seconds_total,0.093
1745328889,kashef-k8s-w1.media-service-6c665c775d-fxpjf,container_cpu_system_seconds_total,0.081
1745328889,kashef-k8s-w1.social-graph-service-677dbc655c-pxq2d,container_cpu_system_seconds_total,0.099
1745328889,kashef-k8s-w1.media-frontend-6b66b95ff4-6qwtj,container_cpu_system_seconds_total,5.852
1745328889,kashef-k8s-w1.url-shorten-mongodb-57c886d5f8-q84tt,container_cpu_system_seconds_total,0.517
1745328889,kashef-k8s-w1.user-memcached-59687c864d-8trz6,container_cpu_system_seconds_total,0.15
1745328889,kashef-k8s-w1.social-graph-redis-5bbd5b7458-czkmd,container_cpu_system_seconds_total,0.249
1745328889,kashef-k8s-ctl.nginx-thrift-79478f9bf5-gzvn9,container_cpu_system_seconds_total,5.604
1745328889,kashef-k8s-ctl.post-storage-service-66c9966f5f-ptkcz,container_cpu_system_seconds_total,0.085
1745328889,kashef-k8s-ctl.user-mongodb-7745bbd78-zcdgh,container_cpu_system_seconds_total,0.356
1745328889,kashef-k8s-ctl.user-timeline-service-664c7f6696-lnpt7,container_cpu_system_seconds_total,0.07
1745328889,kashef-k8s-w1.temp-debug-alt,container_cpu_system_seconds_total,0.142
1745328889,kashef-k8s-ctl.jaeger-67997f9775-vhgmx,container_cpu_system_seconds_total,0.149
1745328889,kashef-k8s-w1.url-shorten-service-66949ddcc4-8jpjp,container_cpu_system_seconds_total,0.119
1745328889,kashef-k8s-w1.post-storage-mongodb-5579669d8c-m2tvh,container_cpu_system_seconds_total,0.509
1745328889,kashef-k8s-w1.media-mongodb-7b64c59567-8xpml,container_cpu_system_seconds_total,0.484
1745328889,kashef-k8s-ctl.compose-post-service-f587bf89d-kv8ds,container_cpu_system_seconds_total,0.355
1745328889,kashef-k8s-ctl.user-mongodb-7745bbd78-488nc,container_cpu_system_seconds_total,4.101
1745328889,kashef-k8s-w1.user-mention-service-5c4f566c5-9sb7k,container_cpu_system_seconds_total,0.152
1745328889,kashef-k8s-ctl.url-shorten-memcached-6546746864-6jhh6,container_cpu_system_seconds_total,0.089
1745328889,kashef-k8s-w1.home-timeline-redis-6c6647df6f-ln2jz,container_cpu_system_seconds_total,0.355
1745328889,kashef-k8s-ctl.text-service-fff64b8bf-9vq7f,container_cpu_system_seconds_total,0.168
1745328889,kashef-k8s-ctl.post-storage-memcached-6b75788fc6-mwfnt,container_cpu_system_seconds_total,0.084
1745328889,kashef-k8s-ctl.social-graph-mongodb-55df767ff5-wwcpn,container_cpu_system_seconds_total,0.419
1745328889,kashef-k8s-ctl.user-service-547b88cd8f-n45rv,container_cpu_system_seconds_total,0.0
1745328889,kashef-k8s-w1.media-memcached-7889bdfdfb-cqgpc,container_cpu_system_seconds_total,0.098
1745328889,kashef-k8s-ctl.home-timeline-service-5754ffbc6d-h6r4x,container_cpu_system_seconds_total,0.052
1745328889,kashef-k8s-w1.unique-id-service-694497b678-4qjsc,container_cpu_system_seconds_total,0.093
1745328889,kashef-k8s-w1.user-timeline-mongodb-6758898d48-ncm96,container_cpu_system_seconds_total,0.408
1745328889,kashef-k8s-w1.user-timeline-redis-67cc95bc57-rz2gp,container_cpu_system_seconds_total,0.337
1745328895,kashef-k8s-w1.user-timeline-mongodb-6758898d48-ncm96,container_cpu_system_seconds_total,0.454
1745328895,kashef-k8s-w1.url-shorten-mongodb-57c886d5f8-q84tt,container_cpu_system_seconds_total,0.517
1745328895,kashef-k8s-w1.user-timeline-redis-67cc95bc57-rz2gp,container_cpu_system_seconds_total,0.381
1745328895,kashef-k8s-w1.media-frontend-6b66b95ff4-6qwtj,container_cpu_system_seconds_total,5.852
1745328895,kashef-k8s-w1.media-memcached-7889bdfdfb-cqgpc,container_cpu_system_seconds_total,0.105
1745328895,kashef-k8s-ctl.social-graph-mongodb-55df767ff5-wwcpn,container_cpu_system_seconds_total,0.419
1745328895,kashef-k8s-ctl.user-service-547b88cd8f-n45rv,container_cpu_system_seconds_total,0.0
1745328895,kashef-k8s-w1.social-graph-redis-5bbd5b7458-czkmd,container_cpu_system_seconds_total,0.249
1745328895,kashef-k8s-ctl.post-storage-memcached-6b75788fc6-mwfnt,container_cpu_system_seconds_total,0.089
1745328895,kashef-k8s-w1.post-storage-mongodb-5579669d8c-m2tvh,container_cpu_system_seconds_total,0.509
1745328895,kashef-k8s-ctl.user-timeline-service-664c7f6696-lnpt7,container_cpu_system_seconds_total,0.07
1745328895,kashef-k8s-ctl.user-mongodb-7745bbd78-488nc,container_cpu_system_seconds_total,4.101
1745328895,kashef-k8s-ctl.compose-post-service-f587bf89d-kv8ds,container_cpu_system_seconds_total,0.355
1745328895,kashef-k8s-ctl.text-service-fff64b8bf-9vq7f,container_cpu_system_seconds_total,0.168
1745328895,kashef-k8s-w1.url-shorten-service-66949ddcc4-8jpjp,container_cpu_system_seconds_total,0.119
1745328895,kashef-k8s-w1.media-mongodb-7b64c59567-8xpml,container_cpu_system_seconds_total,0.484
1745328895,kashef-k8s-w1.user-mention-service-5c4f566c5-9sb7k,container_cpu_system_seconds_total,0.152
1745328895,kashef-k8s-ctl.nginx-thrift-79478f9bf5-gzvn9,container_cpu_system_seconds_total,5.607
1745328895,kashef-k8s-w1.user-memcached-59687c864d-8trz6,container_cpu_system_seconds_total,0.15
1745328895,kashef-k8s-ctl.home-timeline-service-5754ffbc6d-h6r4x,container_cpu_system_seconds_total,0.052
1745328895,kashef-k8s-w1.unique-id-service-694497b678-4qjsc,container_cpu_system_seconds_total,0.093
1745328895,kashef-k8s-w1.media-service-6c665c775d-fxpjf,container_cpu_system_seconds_total,0.081
1745328895,kashef-k8s-w1.social-graph-service-677dbc655c-pxq2d,container_cpu_system_seconds_total,0.099
1745328895,kashef-k8s-w1.home-timeline-redis-6c6647df6f-ln2jz,container_cpu_system_seconds_total,0.38
1745328895,kashef-k8s-ctl.url-shorten-memcached-6546746864-6jhh6,container_cpu_system_seconds_total,0.089
1745328895,kashef-k8s-ctl.post-storage-service-66c9966f5f-ptkcz,container_cpu_system_seconds_total,0.085
1745328895,kashef-k8s-ctl.jaeger-67997f9775-vhgmx,container_cpu_system_seconds_total,0.157
1745328895,kashef-k8s-w1.temp-debug-alt,container_cpu_system_seconds_total,0.142
1745328895,kashef-k8s-ctl.user-mongodb-7745bbd78-zcdgh,container_cpu_system_seconds_total,0.356
1745328901,kashef-k8s-ctl.social-graph-mongodb-55df767ff5-wwcpn,container_cpu_system_seconds_total,0.419
1745328901,kashef-k8s-w1.unique-id-service-694497b678-4qjsc,container_cpu_system_seconds_total,0.093
1745328901,kashef-k8s-w1.social-graph-redis-5bbd5b7458-czkmd,container_cpu_system_seconds_total,0.302
1745328901,kashef-k8s-w1.post-storage-mongodb-5579669d8c-m2tvh,container_cpu_system_seconds_total,0.509
1745328901,kashef-k8s-w1.user-timeline-mongodb-6758898d48-ncm96,container_cpu_system_seconds_total,0.454
1745328901,kashef-k8s-w1.user-mention-service-5c4f566c5-9sb7k,container_cpu_system_seconds_total,0.152
1745328901,kashef-k8s-w1.url-shorten-service-66949ddcc4-8jpjp,container_cpu_system_seconds_total,0.119
1745328901,kashef-k8s-ctl.user-service-547b88cd8f-n45rv,container_cpu_system_seconds_total,0.0
1745328901,kashef-k8s-w1.media-mongodb-7b64c59567-8xpml,container_cpu_system_seconds_total,0.527
1745328901,kashef-k8s-ctl.text-service-fff64b8bf-9vq7f,container_cpu_system_seconds_total,0.168
1745328901,kashef-k8s-ctl.user-mongodb-7745bbd78-488nc,container_cpu_system_seconds_total,4.101
1745328901,kashef-k8s-ctl.compose-post-service-f587bf89d-kv8ds,container_cpu_system_seconds_total,0.355
1745328901,kashef-k8s-w1.media-memcached-7889bdfdfb-cqgpc,container_cpu_system_seconds_total,0.105
1745328901,kashef-k8s-w1.url-shorten-mongodb-57c886d5f8-q84tt,container_cpu_system_seconds_total,0.58
1745328901,kashef-k8s-w1.media-frontend-6b66b95ff4-6qwtj,container_cpu_system_seconds_total,5.852
1745328901,kashef-k8s-ctl.post-storage-service-66c9966f5f-ptkcz,container_cpu_system_seconds_total,0.085
1745328901,kashef-k8s-w1.user-timeline-redis-67cc95bc57-rz2gp,container_cpu_system_seconds_total,0.381
1745328901,kashef-k8s-ctl.post-storage-memcached-6b75788fc6-mwfnt,container_cpu_system_seconds_total,0.089
1745328901,kashef-k8s-ctl.user-timeline-service-664c7f6696-lnpt7,container_cpu_system_seconds_total,0.07
1745328901,kashef-k8s-w1.user-memcached-59687c864d-8trz6,container_cpu_system_seconds_total,0.15
1745328901,kashef-k8s-ctl.nginx-thrift-79478f9bf5-gzvn9,container_cpu_system_seconds_total,5.607
1745328901,kashef-k8s-w1.temp-debug-alt,container_cpu_system_seconds_total,0.142
1745328901,kashef-k8s-ctl.user-mongodb-7745bbd78-zcdgh,container_cpu_system_seconds_total,0.356
1745328901,kashef-k8s-ctl.jaeger-67997f9775-vhgmx,container_cpu_system_seconds_total,0.157
1745328901,kashef-k8s-w1.home-timeline-redis-6c6647df6f-ln2jz,container_cpu_system_seconds_total,0.38
1745328901,kashef-k8s-w1.media-service-6c665c775d-fxpjf,container_cpu_system_seconds_total,0.081
1745328901,kashef-k8s-ctl.url-shorten-memcached-6546746864-6jhh6,container_cpu_system_seconds_total,0.089
1745328901,kashef-k8s-w1.social-graph-service-677dbc655c-pxq2d,container_cpu_system_seconds_total,0.1
1745328901,kashef-k8s-ctl.home-timeline-service-5754ffbc6d-h6r4x,container_cpu_system_seconds_total,0.052
1745328907,kashef-k8s-w1.media-memcached-7889bdfdfb-cqgpc,container_cpu_system_seconds_total,0.105
1745328907,kashef-k8s-w1.media-service-6c665c775d-fxpjf,container_cpu_system_seconds_total,0.081
1745328907,kashef-k8s-w1.unique-id-service-694497b678-4qjsc,container_cpu_system_seconds_total,0.093
1745328907,kashef-k8s-ctl.url-shorten-memcached-6546746864-6jhh6,container_cpu_system_seconds_total,0.089
1745328907,kashef-k8s-ctl.text-service-fff64b8bf-9vq7f,container_cpu_system_seconds_total,0.168
1745328907,kashef-k8s-ctl.user-service-547b88cd8f-n45rv,container_cpu_system_seconds_total,0.0
1745328907,kashef-k8s-ctl.home-timeline-service-5754ffbc6d-h6r4x,container_cpu_system_seconds_total,0.052
1745328907,kashef-k8s-ctl.compose-post-service-f587bf89d-kv8ds,container_cpu_system_seconds_total,0.355
1745328907,kashef-k8s-w1.url-shorten-mongodb-57c886d5f8-q84tt,container_cpu_system_seconds_total,0.58
1745328907,kashef-k8s-w1.media-mongodb-7b64c59567-8xpml,container_cpu_system_seconds_total,0.527
1745328907,kashef-k8s-ctl.post-storage-memcached-6b75788fc6-mwfnt,container_cpu_system_seconds_total,0.089
1745328907,kashef-k8s-w1.post-storage-mongodb-5579669d8c-m2tvh,container_cpu_system_seconds_total,0.509
1745328907,kashef-k8s-w1.user-timeline-mongodb-6758898d48-ncm96,container_cpu_system_seconds_total,0.454
1745328907,kashef-k8s-ctl.user-timeline-service-664c7f6696-lnpt7,container_cpu_system_seconds_total,0.07
1745328907,kashef-k8s-w1.user-mention-service-5c4f566c5-9sb7k,container_cpu_system_seconds_total,0.152
1745328907,kashef-k8s-ctl.social-graph-mongodb-55df767ff5-wwcpn,container_cpu_system_seconds_total,0.419
1745328907,kashef-k8s-ctl.jaeger-67997f9775-vhgmx,container_cpu_system_seconds_total,0.157
1745328907,kashef-k8s-w1.url-shorten-service-66949ddcc4-8jpjp,container_cpu_system_seconds_total,0.119
1745328907,kashef-k8s-w1.social-graph-redis-5bbd5b7458-czkmd,container_cpu_system_seconds_total,0.302
1745328907,kashef-k8s-w1.user-timeline-redis-67cc95bc57-rz2gp,container_cpu_system_seconds_total,0.381
1745328907,kashef-k8s-w1.social-graph-service-677dbc655c-pxq2d,container_cpu_system_seconds_total,0.1
1745328907,kashef-k8s-ctl.user-mongodb-7745bbd78-zcdgh,container_cpu_system_seconds_total,0.356
1745328907,kashef-k8s-w1.media-frontend-6b66b95ff4-6qwtj,container_cpu_system_seconds_total,5.852
1745328907,kashef-k8s-w1.home-timeline-redis-6c6647df6f-ln2jz,container_cpu_system_seconds_total,0.38
1745328907,kashef-k8s-ctl.user-mongodb-7745bbd78-488nc,container_cpu_system_seconds_total,4.101
1745328907,kashef-k8s-ctl.nginx-thrift-79478f9bf5-gzvn9,container_cpu_system_seconds_total,5.607
1745328907,kashef-k8s-w1.user-memcached-59687c864d-8trz6,container_cpu_system_seconds_total,0.15
1745328907,kashef-k8s-w1.temp-debug-alt,container_cpu_system_seconds_total,0.142
1745328907,kashef-k8s-ctl.post-storage-service-66c9966f5f-ptkcz,container_cpu_system_seconds_total,0.085
1745328913,kashef-k8s-ctl.social-graph-mongodb-55df767ff5-wwcpn,container_cpu_system_seconds_total,0.463
1745328913,kashef-k8s-ctl.home-timeline-service-5754ffbc6d-h6r4x,container_cpu_system_seconds_total,0.052
1745328913,kashef-k8s-ctl.user-service-547b88cd8f-n45rv,container_cpu_system_seconds_total,0.0
1745328913,kashef-k8s-w1.post-storage-mongodb-5579669d8c-m2tvh,container_cpu_system_seconds_total,0.509
1745328913,kashef-k8s-w1.media-mongodb-7b64c59567-8xpml,container_cpu_system_seconds_total,0.527
1745328913,kashef-k8s-w1.url-shorten-mongodb-57c886d5f8-q84tt,container_cpu_system_seconds_total,0.58
1745328913,kashef-k8s-w1.user-timeline-mongodb-6758898d48-ncm96,container_cpu_system_seconds_total,0.454
1745328913,kashef-k8s-ctl.user-timeline-service-664c7f6696-lnpt7,container_cpu_system_seconds_total,0.07
1745328913,kashef-k8s-ctl.text-service-fff64b8bf-9vq7f,container_cpu_system_seconds_total,0.168
1745328913,kashef-k8s-w1.user-mention-service-5c4f566c5-9sb7k,container_cpu_system_seconds_total,0.152
1745328913,kashef-k8s-w1.media-service-6c665c775d-fxpjf,container_cpu_system_seconds_total,0.081
1745328913,kashef-k8s-ctl.url-shorten-memcached-6546746864-6jhh6,container_cpu_system_seconds_total,0.089
1745328913,kashef-k8s-w1.social-graph-service-677dbc655c-pxq2d,container_cpu_system_seconds_total,0.1
1745328913,kashef-k8s-w1.media-memcached-7889bdfdfb-cqgpc,container_cpu_system_seconds_total,0.105
1745328913,kashef-k8s-w1.unique-id-service-694497b678-4qjsc,container_cpu_system_seconds_total,0.093
1745328913,kashef-k8s-w1.user-memcached-59687c864d-8trz6,container_cpu_system_seconds_total,0.15
1745328913,kashef-k8s-ctl.jaeger-67997f9775-vhgmx,container_cpu_system_seconds_total,0.16
1745328913,kashef-k8s-w1.temp-debug-alt,container_cpu_system_seconds_total,0.142
1745328913,kashef-k8s-ctl.compose-post-service-f587bf89d-kv8ds,container_cpu_system_seconds_total,0.355
1745328913,kashef-k8s-w1.user-timeline-redis-67cc95bc57-rz2gp,container_cpu_system_seconds_total,0.381
1745328913,kashef-k8s-ctl.post-storage-memcached-6b75788fc6-mwfnt,container_cpu_system_seconds_total,0.089
1745328913,kashef-k8s-w1.social-graph-redis-5bbd5b7458-czkmd,container_cpu_system_seconds_total,0.302
1745328913,kashef-k8s-ctl.nginx-thrift-79478f9bf5-gzvn9,container_cpu_system_seconds_total,5.607
1745328913,kashef-k8s-ctl.post-storage-service-66c9966f5f-ptkcz,container_cpu_system_seconds_total,0.087
1745328913,kashef-k8s-w1.url-shorten-service-66949ddcc4-8jpjp,container_cpu_system_seconds_total,0.119
1745328913,kashef-k8s-w1.home-timeline-redis-6c6647df6f-ln2jz,container_cpu_system_seconds_total,0.38
1745328913,kashef-k8s-ctl.user-mongodb-7745bbd78-488nc,container_cpu_system_seconds_total,4.132
1745328913,kashef-k8s-w1.media-frontend-6b66b95ff4-6qwtj,container_cpu_system_seconds_total,5.852
1745328913,kashef-k8s-ctl.user-mongodb-7745bbd78-zcdgh,container_cpu_system_seconds_total,0.356
1745328919,kashef-k8s-w1.media-memcached-7889bdfdfb-cqgpc,container_cpu_system_seconds_total,0.105
1745328919,kashef-k8s-ctl.url-shorten-memcached-6546746864-6jhh6,container_cpu_system_seconds_total,0.096
1745328919,kashef-k8s-w1.unique-id-service-694497b678-4qjsc,container_cpu_system_seconds_total,0.093
1745328919,kashef-k8s-w1.media-service-6c665c775d-fxpjf,container_cpu_system_seconds_total,0.081
1745328919,kashef-k8s-w1.home-timeline-redis-6c6647df6f-ln2jz,container_cpu_system_seconds_total,0.38
1745328919,kashef-k8s-ctl.user-service-547b88cd8f-n45rv,container_cpu_system_seconds_total,0.068
1745328919,kashef-k8s-ctl.social-graph-mongodb-55df767ff5-wwcpn,container_cpu_system_seconds_total,0.463
1745328919,kashef-k8s-ctl.home-timeline-service-5754ffbc6d-h6r4x,container_cpu_system_seconds_total,0.052
1745328919,kashef-k8s-ctl.post-storage-memcached-6b75788fc6-mwfnt,container_cpu_system_seconds_total,0.093
1745328919,kashef-k8s-w1.social-graph-redis-5bbd5b7458-czkmd,container_cpu_system_seconds_total,0.302
1745328919,kashef-k8s-w1.url-shorten-mongodb-57c886d5f8-q84tt,container_cpu_system_seconds_total,0.58
1745328919,kashef-k8s-ctl.user-timeline-service-664c7f6696-lnpt7,container_cpu_system_seconds_total,0.07
1745328919,kashef-k8s-ctl.text-service-fff64b8bf-9vq7f,container_cpu_system_seconds_total,0.168
1745328919,kashef-k8s-w1.user-mention-service-5c4f566c5-9sb7k,container_cpu_system_seconds_total,0.152
1745328919,kashef-k8s-ctl.user-mongodb-7745bbd78-488nc,container_cpu_system_seconds_total,4.132
1745328919,kashef-k8s-w1.user-timeline-redis-67cc95bc57-rz2gp,container_cpu_system_seconds_total,0.399
1745328919,kashef-k8s-w1.post-storage-mongodb-5579669d8c-m2tvh,container_cpu_system_seconds_total,0.509
1745328919,kashef-k8s-w1.url-shorten-service-66949ddcc4-8jpjp,container_cpu_system_seconds_total,0.119
1745328919,kashef-k8s-ctl.compose-post-service-f587bf89d-kv8ds,container_cpu_system_seconds_total,0.355
1745328919,kashef-k8s-ctl.post-storage-service-66c9966f5f-ptkcz,container_cpu_system_seconds_total,0.087
1745328919,kashef-k8s-w1.social-graph-service-677dbc655c-pxq2d,container_cpu_system_seconds_total,0.101
1745328919,kashef-k8s-ctl.jaeger-67997f9775-vhgmx,container_cpu_system_seconds_total,0.16
1745328919,kashef-k8s-w1.media-frontend-6b66b95ff4-6qwtj,container_cpu_system_seconds_total,5.852
1745328919,kashef-k8s-ctl.user-mongodb-7745bbd78-zcdgh,container_cpu_system_seconds_total,0.387
1745328919,kashef-k8s-w1.user-memcached-59687c864d-8trz6,container_cpu_system_seconds_total,0.15
1745328919,kashef-k8s-w1.user-timeline-mongodb-6758898d48-ncm96,container_cpu_system_seconds_total,0.454
1745328919,kashef-k8s-ctl.nginx-thrift-79478f9bf5-gzvn9,container_cpu_system_seconds_total,5.607
1745328919,kashef-k8s-w1.media-mongodb-7b64c59567-8xpml,container_cpu_system_seconds_total,0.527
1745328919,kashef-k8s-w1.temp-debug-alt,container_cpu_system_seconds_total,0.142
1745328925,kashef-k8s-w1.home-timeline-redis-6c6647df6f-ln2jz,container_cpu_system_seconds_total,0.38
1745328925,kashef-k8s-w1.media-memcached-7889bdfdfb-cqgpc,container_cpu_system_seconds_total,0.11
1745328925,kashef-k8s-ctl.social-graph-mongodb-55df767ff5-wwcpn,container_cpu_system_seconds_total,0.463
1745328925,kashef-k8s-w1.url-shorten-mongodb-57c886d5f8-q84tt,container_cpu_system_seconds_total,0.58
1745328925,kashef-k8s-ctl.text-service-fff64b8bf-9vq7f,container_cpu_system_seconds_total,0.168
1745328925,kashef-k8s-w1.social-graph-redis-5bbd5b7458-czkmd,container_cpu_system_seconds_total,0.302
1745328925,kashef-k8s-ctl.post-storage-memcached-6b75788fc6-mwfnt,container_cpu_system_seconds_total,0.093
1745328925,kashef-k8s-ctl.user-timeline-service-664c7f6696-lnpt7,container_cpu_system_seconds_total,0.07
1745328925,kashef-k8s-ctl.user-service-547b88cd8f-n45rv,container_cpu_system_seconds_total,0.068
1745328925,kashef-k8s-ctl.user-mongodb-7745bbd78-488nc,container_cpu_system_seconds_total,4.132
1745328925,kashef-k8s-w1.user-mention-service-5c4f566c5-9sb7k,container_cpu_system_seconds_total,0.152
1745328925,kashef-k8s-w1.unique-id-service-694497b678-4qjsc,container_cpu_system_seconds_total,0.093
1745328925,kashef-k8s-w1.media-service-6c665c775d-fxpjf,container_cpu_system_seconds_total,0.081
1745328925,kashef-k8s-w1.user-timeline-redis-67cc95bc57-rz2gp,container_cpu_system_seconds_total,0.399
1745328925,kashef-k8s-ctl.url-shorten-memcached-6546746864-6jhh6,container_cpu_system_seconds_total,0.096
1745328925,kashef-k8s-ctl.home-timeline-service-5754ffbc6d-h6r4x,container_cpu_system_seconds_total,0.052
1745328925,kashef-k8s-w1.user-timeline-mongodb-6758898d48-ncm96,container_cpu_system_seconds_total,0.503
1745328925,kashef-k8s-w1.temp-debug-alt,container_cpu_system_seconds_total,0.142
1745328925,kashef-k8s-ctl.nginx-thrift-79478f9bf5-gzvn9,container_cpu_system_seconds_total,5.607
1745328925,kashef-k8s-w1.media-mongodb-7b64c59567-8xpml,container_cpu_system_seconds_total,0.527
1745328925,kashef-k8s-ctl.compose-post-service-f587bf89d-kv8ds,container_cpu_system_seconds_total,0.355
1745328925,kashef-k8s-w1.url-shorten-service-66949ddcc4-8jpjp,container_cpu_system_seconds_total,0.12
1745328925,kashef-k8s-w1.user-memcached-59687c864d-8trz6,container_cpu_system_seconds_total,0.153
1745328925,kashef-k8s-w1.post-storage-mongodb-5579669d8c-m2tvh,container_cpu_system_seconds_total,0.509
1745328925,kashef-k8s-ctl.jaeger-67997f9775-vhgmx,container_cpu_system_seconds_total,0.16
1745328925,kashef-k8s-ctl.user-mongodb-7745bbd78-zcdgh,container_cpu_system_seconds_total,0.387
1745328925,kashef-k8s-ctl.post-storage-service-66c9966f5f-ptkcz,container_cpu_system_seconds_total,0.087
1745328925,kashef-k8s-w1.media-frontend-6b66b95ff4-6qwtj,container_cpu_system_seconds_total,5.852
1745328925,kashef-k8s-w1.social-graph-service-677dbc655c-pxq2d,container_cpu_system_seconds_total,0.101
1745328931,kashef-k8s-w1.social-graph-service-677dbc655c-pxq2d,container_cpu_system_seconds_total,0.101
1745328931,kashef-k8s-ctl.post-storage-service-66c9966f5f-ptkcz,container_cpu_system_seconds_total,0.087
1745328931,kashef-k8s-w1.media-service-6c665c775d-fxpjf,container_cpu_system_seconds_total,0.081
1745328931,kashef-k8s-w1.unique-id-service-694497b678-4qjsc,container_cpu_system_seconds_total,0.093
1745328931,kashef-k8s-w1.media-memcached-7889bdfdfb-cqgpc,container_cpu_system_seconds_total,0.11
1745328931,kashef-k8s-ctl.compose-post-service-f587bf89d-kv8ds,container_cpu_system_seconds_total,0.355
1745328931,kashef-k8s-ctl.jaeger-67997f9775-vhgmx,container_cpu_system_seconds_total,0.16
1745328931,kashef-k8s-w1.media-frontend-6b66b95ff4-6qwtj,container_cpu_system_seconds_total,5.852
1745328931,kashef-k8s-ctl.social-graph-mongodb-55df767ff5-wwcpn,container_cpu_system_seconds_total,0.463
1745328931,kashef-k8s-ctl.user-service-547b88cd8f-n45rv,container_cpu_system_seconds_total,0.068
1745328931,kashef-k8s-w1.user-timeline-mongodb-6758898d48-ncm96,container_cpu_system_seconds_total,0.503
1745328931,kashef-k8s-w1.post-storage-mongodb-5579669d8c-m2tvh,container_cpu_system_seconds_total,0.563
1745328931,kashef-k8s-w1.media-mongodb-7b64c59567-8xpml,container_cpu_system_seconds_total,0.58
1745328931,kashef-k8s-w1.user-memcached-59687c864d-8trz6,container_cpu_system_seconds_total,0.153
1745328931,kashef-k8s-w1.url-shorten-service-66949ddcc4-8jpjp,container_cpu_system_seconds_total,0.12
1745328931,kashef-k8s-w1.home-timeline-redis-6c6647df6f-ln2jz,container_cpu_system_seconds_total,0.414
1745328931,kashef-k8s-ctl.user-mongodb-7745bbd78-488nc,container_cpu_system_seconds_total,4.132
1745328931,kashef-k8s-ctl.text-service-fff64b8bf-9vq7f,container_cpu_system_seconds_total,0.168
1745328931,kashef-k8s-ctl.post-storage-memcached-6b75788fc6-mwfnt,container_cpu_system_seconds_total,0.093
1745328931,kashef-k8s-ctl.home-timeline-service-5754ffbc6d-h6r4x,container_cpu_system_seconds_total,0.052
1745328931,kashef-k8s-ctl.user-timeline-service-664c7f6696-lnpt7,container_cpu_system_seconds_total,0.07
1745328931,kashef-k8s-ctl.user-mongodb-7745bbd78-zcdgh,container_cpu_system_seconds_total,0.387
1745328931,kashef-k8s-w1.user-timeline-redis-67cc95bc57-rz2gp,container_cpu_system_seconds_total,0.399
1745328931,kashef-k8s-ctl.url-shorten-memcached-6546746864-6jhh6,container_cpu_system_seconds_total,0.096
1745328931,kashef-k8s-w1.url-shorten-mongodb-57c886d5f8-q84tt,container_cpu_system_seconds_total,0.58
1745328931,kashef-k8s-ctl.nginx-thrift-79478f9bf5-gzvn9,container_cpu_system_seconds_total,5.607
1745328931,kashef-k8s-w1.social-graph-redis-5bbd5b7458-czkmd,container_cpu_system_seconds_total,0.339
1745328931,kashef-k8s-w1.user-mention-service-5c4f566c5-9sb7k,container_cpu_system_seconds_total,0.152
1745328931,kashef-k8s-w1.temp-debug-alt,container_cpu_system_seconds_total,0.142
1745328937,kashef-k8s-ctl.compose-post-service-f587bf89d-kv8ds,container_cpu_system_seconds_total,0.355
1745328937,kashef-k8s-ctl.user-timeline-service-664c7f6696-lnpt7,container_cpu_system_seconds_total,0.07
1745328937,kashef-k8s-w1.media-frontend-6b66b95ff4-6qwtj,container_cpu_system_seconds_total,5.852
1745328937,kashef-k8s-w1.user-timeline-mongodb-6758898d48-ncm96,container_cpu_system_seconds_total,0.503
1745328937,kashef-k8s-w1.post-storage-mongodb-5579669d8c-m2tvh,container_cpu_system_seconds_total,0.563
1745328937,kashef-k8s-w1.media-mongodb-7b64c59567-8xpml,container_cpu_system_seconds_total,0.58
1745328937,kashef-k8s-ctl.user-mongodb-7745bbd78-488nc,container_cpu_system_seconds_total,4.132
1745328937,kashef-k8s-w1.url-shorten-service-66949ddcc4-8jpjp,container_cpu_system_seconds_total,0.12
1745328937,kashef-k8s-ctl.user-service-547b88cd8f-n45rv,container_cpu_system_seconds_total,0.068
1745328937,kashef-k8s-w1.unique-id-service-694497b678-4qjsc,container_cpu_system_seconds_total,0.093
1745328937,kashef-k8s-w1.user-memcached-59687c864d-8trz6,container_cpu_system_seconds_total,0.153
1745328937,kashef-k8s-ctl.user-mongodb-7745bbd78-zcdgh,container_cpu_system_seconds_total,0.387
1745328937,kashef-k8s-w1.media-service-6c665c775d-fxpjf,container_cpu_system_seconds_total,0.081
1745328937,kashef-k8s-ctl.jaeger-67997f9775-vhgmx,container_cpu_system_seconds_total,0.16
1745328937,kashef-k8s-ctl.post-storage-service-66c9966f5f-ptkcz,container_cpu_system_seconds_total,0.087
1745328937,kashef-k8s-ctl.nginx-thrift-79478f9bf5-gzvn9,container_cpu_system_seconds_total,5.607
1745328937,kashef-k8s-w1.social-graph-redis-5bbd5b7458-czkmd,container_cpu_system_seconds_total,0.339
1745328937,kashef-k8s-ctl.social-graph-mongodb-55df767ff5-wwcpn,container_cpu_system_seconds_total,0.463
1745328937,kashef-k8s-w1.user-mention-service-5c4f566c5-9sb7k,container_cpu_system_seconds_total,0.153
1745328937,kashef-k8s-w1.url-shorten-mongodb-57c886d5f8-q84tt,container_cpu_system_seconds_total,0.638
1745328937,kashef-k8s-ctl.text-service-fff64b8bf-9vq7f,container_cpu_system_seconds_total,0.168
1745328937,kashef-k8s-ctl.post-storage-memcached-6b75788fc6-mwfnt,container_cpu_system_seconds_total,0.093
1745328937,kashef-k8s-ctl.home-timeline-service-5754ffbc6d-h6r4x,container_cpu_system_seconds_total,0.052
1745328937,kashef-k8s-w1.social-graph-service-677dbc655c-pxq2d,container_cpu_system_seconds_total,0.101
1745328937,kashef-k8s-w1.temp-debug-alt,container_cpu_system_seconds_total,0.142
1745328937,kashef-k8s-ctl.url-shorten-memcached-6546746864-6jhh6,container_cpu_system_seconds_total,0.096
1745328937,kashef-k8s-w1.home-timeline-redis-6c6647df6f-ln2jz,container_cpu_system_seconds_total,0.414
1745328937,kashef-k8s-w1.user-timeline-redis-67cc95bc57-rz2gp,container_cpu_system_seconds_total,0.399
1745328937,kashef-k8s-w1.media-memcached-7889bdfdfb-cqgpc,container_cpu_system_seconds_total,0.11
1745328943,kashef-k8s-w1.home-timeline-redis-6c6647df6f-ln2jz,container_cpu_system_seconds_total,0.414
1745328943,kashef-k8s-w1.media-memcached-7889bdfdfb-cqgpc,container_cpu_system_seconds_total,0.11
1745328943,kashef-k8s-w1.media-frontend-6b66b95ff4-6qwtj,container_cpu_system_seconds_total,5.852
1745328943,kashef-k8s-w1.social-graph-service-677dbc655c-pxq2d,container_cpu_system_seconds_total,0.101
1745328943,kashef-k8s-ctl.post-storage-memcached-6b75788fc6-mwfnt,container_cpu_system_seconds_total,0.093
1745328943,kashef-k8s-ctl.text-service-fff64b8bf-9vq7f,container_cpu_system_seconds_total,0.168
1745328943,kashef-k8s-w1.url-shorten-mongodb-57c886d5f8-q84tt,container_cpu_system_seconds_total,0.638
1745328943,kashef-k8s-w1.temp-debug-alt,container_cpu_system_seconds_total,0.142
1745328943,kashef-k8s-w1.post-storage-mongodb-5579669d8c-m2tvh,container_cpu_system_seconds_total,0.563
1745328943,kashef-k8s-w1.user-timeline-mongodb-6758898d48-ncm96,container_cpu_system_seconds_total,0.503
1745328943,kashef-k8s-ctl.user-mongodb-7745bbd78-488nc,container_cpu_system_seconds_total,4.132
1745328943,kashef-k8s-w1.user-mention-service-5c4f566c5-9sb7k,container_cpu_system_seconds_total,0.153
1745328943,kashef-k8s-ctl.social-graph-mongodb-55df767ff5-wwcpn,container_cpu_system_seconds_total,0.463
1745328943,kashef-k8s-w1.media-mongodb-7b64c59567-8xpml,container_cpu_system_seconds_total,0.58
1745328943,kashef-k8s-ctl.home-timeline-service-5754ffbc6d-h6r4x,container_cpu_system_seconds_total,0.052
1745328943,kashef-k8s-w1.social-graph-redis-5bbd5b7458-czkmd,container_cpu_system_seconds_total,0.339
1745328943,kashef-k8s-ctl.nginx-thrift-79478f9bf5-gzvn9,container_cpu_system_seconds_total,5.607
1745328943,kashef-k8s-w1.unique-id-service-694497b678-4qjsc,container_cpu_system_seconds_total,0.093
1745328943,kashef-k8s-w1.user-memcached-59687c864d-8trz6,container_cpu_system_seconds_total,0.153
1745328943,kashef-k8s-ctl.compose-post-service-f587bf89d-kv8ds,container_cpu_system_seconds_total,0.355
1745328943,kashef-k8s-w1.media-service-6c665c775d-fxpjf,container_cpu_system_seconds_total,0.081
1745328943,kashef-k8s-ctl.user-timeline-service-664c7f6696-lnpt7,container_cpu_system_seconds_total,0.07
1745328943,kashef-k8s-ctl.jaeger-67997f9775-vhgmx,container_cpu_system_seconds_total,0.16
1745328943,kashef-k8s-ctl.post-storage-service-66c9966f5f-ptkcz,container_cpu_system_seconds_total,0.087
1745328943,kashef-k8s-ctl.url-shorten-memcached-6546746864-6jhh6,container_cpu_system_seconds_total,0.096
1745328943,kashef-k8s-w1.url-shorten-service-66949ddcc4-8jpjp,container_cpu_system_seconds_total,0.12
1745328943,kashef-k8s-w1.user-timeline-redis-67cc95bc57-rz2gp,container_cpu_system_seconds_total,0.399
1745328943,kashef-k8s-ctl.user-service-547b88cd8f-n45rv,container_cpu_system_seconds_total,0.068
1745328943,kashef-k8s-ctl.user-mongodb-7745bbd78-zcdgh,container_cpu_system_seconds_total,0.387
1745328949,kashef-k8s-ctl.user-timeline-service-664c7f6696-lnpt7,container_cpu_system_seconds_total,0.07
1745328949,kashef-k8s-w1.temp-debug-alt,container_cpu_system_seconds_total,0.142
1745328949,kashef-k8s-w1.user-timeline-mongodb-6758898d48-ncm96,container_cpu_system_seconds_total,0.503
1745328949,kashef-k8s-w1.user-mention-service-5c4f566c5-9sb7k,container_cpu_system_seconds_total,0.153
1745328949,kashef-k8s-ctl.user-mongodb-7745bbd78-488nc,container_cpu_system_seconds_total,4.132
1745328949,kashef-k8s-w1.social-graph-redis-5bbd5b7458-czkmd,container_cpu_system_seconds_total,0.339
1745328949,kashef-k8s-w1.media-mongodb-7b64c59567-8xpml,container_cpu_system_seconds_total,0.58
1745328949,kashef-k8s-ctl.home-timeline-service-5754ffbc6d-h6r4x,container_cpu_system_seconds_total,0.052
1745328949,kashef-k8s-w1.url-shorten-mongodb-57c886d5f8-q84tt,container_cpu_system_seconds_total,0.638
1745328949,kashef-k8s-ctl.social-graph-mongodb-55df767ff5-wwcpn,container_cpu_system_seconds_total,0.463
1745328949,kashef-k8s-ctl.post-storage-memcached-6b75788fc6-mwfnt,container_cpu_system_seconds_total,0.093
1745328949,kashef-k8s-w1.media-frontend-6b66b95ff4-6qwtj,container_cpu_system_seconds_total,5.852
1745328949,kashef-k8s-w1.social-graph-service-677dbc655c-pxq2d,container_cpu_system_seconds_total,0.101
1745328949,kashef-k8s-w1.home-timeline-redis-6c6647df6f-ln2jz,container_cpu_system_seconds_total,0.414
1745328949,kashef-k8s-w1.media-memcached-7889bdfdfb-cqgpc,container_cpu_system_seconds_total,0.11
1745328949,kashef-k8s-w1.user-timeline-redis-67cc95bc57-rz2gp,container_cpu_system_seconds_total,0.399
1745328949,kashef-k8s-w1.url-shorten-service-66949ddcc4-8jpjp,container_cpu_system_seconds_total,0.12
1745328949,kashef-k8s-w1.post-storage-mongodb-5579669d8c-m2tvh,container_cpu_system_seconds_total,0.563
1745328949,kashef-k8s-ctl.nginx-thrift-79478f9bf5-gzvn9,container_cpu_system_seconds_total,5.607
1745328949,kashef-k8s-ctl.compose-post-service-f587bf89d-kv8ds,container_cpu_system_seconds_total,0.355
1745328949,kashef-k8s-ctl.jaeger-67997f9775-vhgmx,container_cpu_system_seconds_total,0.16
1745328949,kashef-k8s-w1.user-memcached-59687c864d-8trz6,container_cpu_system_seconds_total,0.153
1745328949,kashef-k8s-ctl.user-mongodb-7745bbd78-zcdgh,container_cpu_system_seconds_total,0.387
1745328949,kashef-k8s-ctl.user-service-547b88cd8f-n45rv,container_cpu_system_seconds_total,0.068
1745328949,kashef-k8s-ctl.url-shorten-memcached-6546746864-6jhh6,container_cpu_system_seconds_total,0.096
1745328949,kashef-k8s-w1.unique-id-service-694497b678-4qjsc,container_cpu_system_seconds_total,0.093
1745328949,kashef-k8s-ctl.text-service-fff64b8bf-9vq7f,container_cpu_system_seconds_total,0.168
1745328949,kashef-k8s-ctl.post-storage-service-66c9966f5f-ptkcz,container_cpu_system_seconds_total,0.087
1745328949,kashef-k8s-w1.media-service-6c665c775d-fxpjf,container_cpu_system_seconds_total,0.081
