timestamp,cmdb_id,kpi_name,value
1744885976,kashef-k8s-w1.user-memcached-59687c864d-d5rb5,container_memory_usage_bytes,0.0
1744885976,kashef-k8s-w1.user-timeline-service-664c7f6696-fvhv9,container_memory_usage_bytes,0.0
1744885976,kashef-k8s-w1.media-service-6c665c775d-s7hl8,container_memory_usage_bytes,0.0
1744885976,kashef-k8s-w1.url-shorten-service-66949ddcc4-xlfmt,container_memory_usage_bytes,0.0
1744885976,kashef-k8s-w1.text-service-fff64b8bf-v9dsr,container_memory_usage_bytes,0.0
1744885976,kashef-k8s-w1.post-storage-service-66c9966f5f-nllkd,container_memory_usage_bytes,0.0
1744885976,kashef-k8s-w1.social-graph-mongodb-55df767ff5-c86pb,container_memory_usage_bytes,0.0
1744885976,kashef-k8s-w1.user-service-547b88cd8f-mbl6h,container_memory_usage_bytes,0.0
1744885976,kashef-k8s-w1.home-timeline-service-5754ffbc6d-zp4pr,container_memory_usage_bytes,0.0
1744885976,kashef-k8s-w1.social-graph-redis-5bbd5b7458-tqz7l,container_memory_usage_bytes,0.0
1744885976,kashef-k8s-w1.media-frontend-6b66b95ff4-xrdq6,container_memory_usage_bytes,0.0
1744885976,kashef-k8s-w1.nginx-thrift-79478f9bf5-h66tn,container_memory_usage_bytes,0.0
1744885976,kashef-k8s-w1.user-mention-service-5c4f566c5-w4xpc,container_memory_usage_bytes,0.0
1744885982,kashef-k8s-w1.text-service-fff64b8bf-v9dsr,container_memory_usage_bytes,0.0
1744885982,kashef-k8s-w1.user-timeline-service-664c7f6696-fvhv9,container_memory_usage_bytes,0.0
1744885982,kashef-k8s-w1.social-graph-redis-5bbd5b7458-tqz7l,container_memory_usage_bytes,0.0
1744885982,kashef-k8s-w1.post-storage-service-66c9966f5f-nllkd,container_memory_usage_bytes,0.0
1744885982,kashef-k8s-w1.media-frontend-6b66b95ff4-xrdq6,container_memory_usage_bytes,0.0
1744885982,kashef-k8s-w1.social-graph-mongodb-55df767ff5-c86pb,container_memory_usage_bytes,0.0
1744885982,kashef-k8s-w1.media-service-6c665c775d-s7hl8,container_memory_usage_bytes,0.0
1744885982,kashef-k8s-w1.user-service-547b88cd8f-mbl6h,container_memory_usage_bytes,0.0
1744885982,kashef-k8s-w1.user-mention-service-5c4f566c5-w4xpc,container_memory_usage_bytes,0.0
1744885982,kashef-k8s-w1.url-shorten-service-66949ddcc4-xlfmt,container_memory_usage_bytes,0.0
1744885982,kashef-k8s-w1.home-timeline-service-5754ffbc6d-zp4pr,container_memory_usage_bytes,0.0
1744885982,kashef-k8s-w1.user-memcached-59687c864d-d5rb5,container_memory_usage_bytes,0.0
1744885982,kashef-k8s-w1.nginx-thrift-79478f9bf5-h66tn,container_memory_usage_bytes,0.0
1744885988,kashef-k8s-w1.url-shorten-service-66949ddcc4-xlfmt,container_memory_usage_bytes,0.0
1744885988,kashef-k8s-w1.user-memcached-59687c864d-d5rb5,container_memory_usage_bytes,0.0
1744885988,kashef-k8s-w1.nginx-thrift-79478f9bf5-h66tn,container_memory_usage_bytes,0.0
1744885988,kashef-k8s-w1.home-timeline-service-5754ffbc6d-zp4pr,container_memory_usage_bytes,0.0
1744885988,kashef-k8s-ctl.user-timeline-mongodb-6758898d48-gggfw,container_memory_usage_bytes,61636608.0
1744885988,kashef-k8s-w1.media-frontend-6b66b95ff4-xrdq6,container_memory_usage_bytes,0.0
1744885988,kashef-k8s-ctl.user-mongodb-7745bbd78-xrw2n,container_memory_usage_bytes,59625472.0
1744885988,kashef-k8s-w1.post-storage-service-66c9966f5f-nllkd,container_memory_usage_bytes,0.0
1744885988,kashef-k8s-w1.social-graph-mongodb-55df767ff5-c86pb,container_memory_usage_bytes,0.0
1744885988,kashef-k8s-w1.compose-post-service-f587bf89d-l5zcs,container_memory_usage_bytes,696320.0
1744885988,kashef-k8s-w1.text-service-fff64b8bf-v9dsr,container_memory_usage_bytes,0.0
1744885988,kashef-k8s-w1.user-service-547b88cd8f-mbl6h,container_memory_usage_bytes,0.0
1744885988,kashef-k8s-w1.user-mention-service-5c4f566c5-w4xpc,container_memory_usage_bytes,0.0
1744885988,kashef-k8s-ctl.post-storage-mongodb-5579669d8c-ckzsx,container_memory_usage_bytes,692224.0
1744885988,kashef-k8s-w1.media-service-6c665c775d-s7hl8,container_memory_usage_bytes,0.0
1744885988,kashef-k8s-w1.social-graph-redis-5bbd5b7458-tqz7l,container_memory_usage_bytes,0.0
1744885988,kashef-k8s-w1.user-timeline-service-664c7f6696-fvhv9,container_memory_usage_bytes,0.0
1744885994,kashef-k8s-w1.media-frontend-6b66b95ff4-xrdq6,container_memory_usage_bytes,0.0
1744885994,kashef-k8s-w1.social-graph-mongodb-55df767ff5-c86pb,container_memory_usage_bytes,0.0
1744885994,kashef-k8s-w1.media-service-6c665c775d-s7hl8,container_memory_usage_bytes,0.0
1744885994,kashef-k8s-ctl.unique-id-service-694497b678-bzxbf,container_memory_usage_bytes,1921024.0
1744885994,kashef-k8s-ctl.user-timeline-mongodb-6758898d48-gggfw,container_memory_usage_bytes,61636608.0
1744885994,kashef-k8s-w1.url-shorten-service-66949ddcc4-xlfmt,container_memory_usage_bytes,0.0
1744885994,kashef-k8s-ctl.media-mongodb-7b64c59567-6ntnm,container_memory_usage_bytes,692224.0
1744885994,kashef-k8s-w1.post-storage-service-66c9966f5f-nllkd,container_memory_usage_bytes,0.0
1744885994,kashef-k8s-ctl.home-timeline-redis-6c6647df6f-5vgsk,container_memory_usage_bytes,10383360.0
1744885994,kashef-k8s-w1.user-mention-service-5c4f566c5-w4xpc,container_memory_usage_bytes,0.0
1744885994,kashef-k8s-w1.compose-post-service-f587bf89d-l5zcs,container_memory_usage_bytes,696320.0
1744885994,kashef-k8s-ctl.user-timeline-redis-67cc95bc57-klp4b,container_memory_usage_bytes,700416.0
1744885994,kashef-k8s-w1.nginx-thrift-79478f9bf5-h66tn,container_memory_usage_bytes,0.0
1744885994,kashef-k8s-w1.home-timeline-service-5754ffbc6d-zp4pr,container_memory_usage_bytes,0.0
1744885994,kashef-k8s-w1.user-memcached-59687c864d-d5rb5,container_memory_usage_bytes,0.0
1744885994,kashef-k8s-w1.text-service-fff64b8bf-v9dsr,container_memory_usage_bytes,0.0
1744885994,kashef-k8s-w1.user-service-547b88cd8f-mbl6h,container_memory_usage_bytes,0.0
1744885994,kashef-k8s-ctl.post-storage-memcached-6b75788fc6-gnd8c,container_memory_usage_bytes,2629632.0
1744885994,kashef-k8s-w1.social-graph-redis-5bbd5b7458-tqz7l,container_memory_usage_bytes,0.0
1744885994,kashef-k8s-w1.user-timeline-service-664c7f6696-fvhv9,container_memory_usage_bytes,0.0
1744885994,kashef-k8s-ctl.user-mongodb-7745bbd78-xrw2n,container_memory_usage_bytes,59625472.0
1744885994,kashef-k8s-ctl.post-storage-mongodb-5579669d8c-ckzsx,container_memory_usage_bytes,692224.0
1744886000,kashef-k8s-w1.user-memcached-59687c864d-d5rb5,container_memory_usage_bytes,0.0
1744886000,kashef-k8s-w1.social-graph-redis-5bbd5b7458-tqz7l,container_memory_usage_bytes,0.0
1744886000,kashef-k8s-w1.social-graph-mongodb-55df767ff5-c86pb,container_memory_usage_bytes,0.0
1744886000,kashef-k8s-w1.text-service-fff64b8bf-v9dsr,container_memory_usage_bytes,0.0
1744886000,kashef-k8s-ctl.post-storage-memcached-6b75788fc6-gnd8c,container_memory_usage_bytes,2629632.0
1744886000,kashef-k8s-w1.user-service-547b88cd8f-mbl6h,container_memory_usage_bytes,0.0
1744886000,kashef-k8s-ctl.user-timeline-redis-67cc95bc57-klp4b,container_memory_usage_bytes,700416.0
1744886000,kashef-k8s-ctl.url-shorten-mongodb-57c886d5f8-2m8fs,container_memory_usage_bytes,59645952.0
1744886000,kashef-k8s-w1.post-storage-service-66c9966f5f-nllkd,container_memory_usage_bytes,0.0
1744886000,kashef-k8s-ctl.url-shorten-memcached-6546746864-pg8xh,container_memory_usage_bytes,2584576.0
1744886000,kashef-k8s-w1.compose-post-service-f587bf89d-l5zcs,container_memory_usage_bytes,696320.0
1744886000,kashef-k8s-ctl.user-timeline-mongodb-6758898d48-gggfw,container_memory_usage_bytes,61636608.0
1744886000,kashef-k8s-w1.home-timeline-service-5754ffbc6d-zp4pr,container_memory_usage_bytes,0.0
1744886000,kashef-k8s-w1.media-frontend-6b66b95ff4-xrdq6,container_memory_usage_bytes,0.0
1744886000,kashef-k8s-w1.user-mention-service-5c4f566c5-w4xpc,container_memory_usage_bytes,0.0
1744886000,kashef-k8s-ctl.home-timeline-redis-6c6647df6f-5vgsk,container_memory_usage_bytes,10383360.0
1744886000,kashef-k8s-ctl.post-storage-mongodb-5579669d8c-ckzsx,container_memory_usage_bytes,692224.0
1744886000,kashef-k8s-w1.media-service-6c665c775d-s7hl8,container_memory_usage_bytes,0.0
1744886000,kashef-k8s-w1.user-timeline-service-664c7f6696-fvhv9,container_memory_usage_bytes,0.0
1744886000,kashef-k8s-ctl.user-mongodb-7745bbd78-xrw2n,container_memory_usage_bytes,59625472.0
1744886000,kashef-k8s-ctl.media-memcached-7889bdfdfb-2thqn,container_memory_usage_bytes,2621440.0
1744886000,kashef-k8s-ctl.media-mongodb-7b64c59567-6ntnm,container_memory_usage_bytes,692224.0
1744886000,kashef-k8s-w1.url-shorten-service-66949ddcc4-xlfmt,container_memory_usage_bytes,0.0
1744886000,kashef-k8s-w1.nginx-thrift-79478f9bf5-h66tn,container_memory_usage_bytes,0.0
1744886000,kashef-k8s-ctl.unique-id-service-694497b678-bzxbf,container_memory_usage_bytes,1921024.0
1744886006,kashef-k8s-ctl.jaeger-67997f9775-tjgc8,container_memory_usage_bytes,10784768.0
1744886006,kashef-k8s-w1.user-service-547b88cd8f-mbl6h,container_memory_usage_bytes,0.0
1744886006,kashef-k8s-ctl.user-timeline-redis-67cc95bc57-klp4b,container_memory_usage_bytes,700416.0
1744886006,kashef-k8s-w1.social-graph-mongodb-55df767ff5-c86pb,container_memory_usage_bytes,124493824.0
1744886006,kashef-k8s-w1.user-memcached-59687c864d-d5rb5,container_memory_usage_bytes,4837376.0
1744886006,kashef-k8s-ctl.post-storage-memcached-6b75788fc6-gnd8c,container_memory_usage_bytes,2629632.0
1744886006,kashef-k8s-w1.social-graph-redis-5bbd5b7458-tqz7l,container_memory_usage_bytes,0.0
1744886006,kashef-k8s-w1.compose-post-service-f587bf89d-l5zcs,container_memory_usage_bytes,2330624.0
1744886006,kashef-k8s-ctl.url-shorten-memcached-6546746864-pg8xh,container_memory_usage_bytes,2584576.0
1744886006,kashef-k8s-w1.post-storage-service-66c9966f5f-nllkd,container_memory_usage_bytes,0.0
1744886006,kashef-k8s-w1.media-frontend-6b66b95ff4-xrdq6,container_memory_usage_bytes,10272768.0
1744886006,kashef-k8s-ctl.user-timeline-mongodb-6758898d48-gggfw,container_memory_usage_bytes,61636608.0
1744886006,kashef-k8s-ctl.url-shorten-mongodb-57c886d5f8-2m8fs,container_memory_usage_bytes,59645952.0
1744886006,kashef-k8s-w1.user-mention-service-5c4f566c5-w4xpc,container_memory_usage_bytes,0.0
1744886006,kashef-k8s-w1.home-timeline-service-5754ffbc6d-zp4pr,container_memory_usage_bytes,0.0
1744886006,kashef-k8s-w1.text-service-fff64b8bf-v9dsr,container_memory_usage_bytes,0.0
1744886006,kashef-k8s-ctl.social-graph-service-677dbc655c-2tqbt,container_memory_usage_bytes,2473984.0
1744886006,kashef-k8s-ctl.media-memcached-7889bdfdfb-2thqn,container_memory_usage_bytes,2621440.0
1744886006,kashef-k8s-ctl.media-mongodb-7b64c59567-6ntnm,container_memory_usage_bytes,692224.0
1744886006,kashef-k8s-ctl.post-storage-mongodb-5579669d8c-ckzsx,container_memory_usage_bytes,692224.0
1744886006,kashef-k8s-w1.media-service-6c665c775d-s7hl8,container_memory_usage_bytes,2924544.0
1744886006,kashef-k8s-ctl.home-timeline-redis-6c6647df6f-5vgsk,container_memory_usage_bytes,10383360.0
1744886006,kashef-k8s-ctl.user-mongodb-7745bbd78-xrw2n,container_memory_usage_bytes,59625472.0
1744886006,kashef-k8s-w1.user-timeline-service-664c7f6696-fvhv9,container_memory_usage_bytes,0.0
1744886006,kashef-k8s-ctl.unique-id-service-694497b678-bzxbf,container_memory_usage_bytes,1921024.0
1744886006,kashef-k8s-w1.nginx-thrift-79478f9bf5-h66tn,container_memory_usage_bytes,0.0
1744886006,kashef-k8s-w1.url-shorten-service-66949ddcc4-xlfmt,container_memory_usage_bytes,10096640.0
1744886012,kashef-k8s-w1.url-shorten-service-66949ddcc4-xlfmt,container_memory_usage_bytes,10096640.0
1744886012,kashef-k8s-ctl.unique-id-service-694497b678-bzxbf,container_memory_usage_bytes,1921024.0
1744886012,kashef-k8s-ctl.media-mongodb-7b64c59567-6ntnm,container_memory_usage_bytes,692224.0
1744886012,kashef-k8s-w1.text-service-fff64b8bf-v9dsr,container_memory_usage_bytes,2125824.0
1744886012,kashef-k8s-w1.compose-post-service-f587bf89d-l5zcs,container_memory_usage_bytes,2330624.0
1744886012,kashef-k8s-ctl.user-mongodb-7745bbd78-xrw2n,container_memory_usage_bytes,59625472.0
1744886012,kashef-k8s-ctl.post-storage-mongodb-5579669d8c-ckzsx,container_memory_usage_bytes,692224.0
1744886012,kashef-k8s-ctl.home-timeline-redis-6c6647df6f-5vgsk,container_memory_usage_bytes,10383360.0
1744886012,kashef-k8s-w1.media-service-6c665c775d-s7hl8,container_memory_usage_bytes,2924544.0
1744886012,kashef-k8s-w1.user-mention-service-5c4f566c5-w4xpc,container_memory_usage_bytes,3657728.0
1744886012,kashef-k8s-ctl.user-timeline-mongodb-6758898d48-gggfw,container_memory_usage_bytes,61636608.0
1744886012,kashef-k8s-ctl.post-storage-memcached-6b75788fc6-gnd8c,container_memory_usage_bytes,2629632.0
1744886012,kashef-k8s-ctl.jaeger-67997f9775-tjgc8,container_memory_usage_bytes,10784768.0
1744886012,kashef-k8s-w1.home-timeline-service-5754ffbc6d-zp4pr,container_memory_usage_bytes,0.0
1744886012,kashef-k8s-ctl.social-graph-service-677dbc655c-2tqbt,container_memory_usage_bytes,2473984.0
1744886012,kashef-k8s-w1.user-service-547b88cd8f-mbl6h,container_memory_usage_bytes,4198400.0
1744886012,kashef-k8s-ctl.url-shorten-mongodb-57c886d5f8-2m8fs,container_memory_usage_bytes,59645952.0
1744886012,kashef-k8s-w1.media-frontend-6b66b95ff4-xrdq6,container_memory_usage_bytes,10272768.0
1744886012,kashef-k8s-w1.post-storage-service-66c9966f5f-nllkd,container_memory_usage_bytes,3203072.0
1744886012,kashef-k8s-ctl.user-timeline-redis-67cc95bc57-klp4b,container_memory_usage_bytes,700416.0
1744886012,kashef-k8s-w1.social-graph-mongodb-55df767ff5-c86pb,container_memory_usage_bytes,124493824.0
1744886012,kashef-k8s-ctl.url-shorten-memcached-6546746864-pg8xh,container_memory_usage_bytes,2584576.0
1744886012,kashef-k8s-w1.nginx-thrift-79478f9bf5-h66tn,container_memory_usage_bytes,392208384.0
1744886012,kashef-k8s-w1.user-memcached-59687c864d-d5rb5,container_memory_usage_bytes,4837376.0
1744886012,kashef-k8s-w1.user-timeline-service-664c7f6696-fvhv9,container_memory_usage_bytes,2985984.0
1744886012,kashef-k8s-ctl.media-memcached-7889bdfdfb-2thqn,container_memory_usage_bytes,2621440.0
1744886012,kashef-k8s-w1.social-graph-redis-5bbd5b7458-tqz7l,container_memory_usage_bytes,10285056.0
1744886018,kashef-k8s-ctl.media-memcached-7889bdfdfb-2thqn,container_memory_usage_bytes,2621440.0
1744886018,kashef-k8s-w1.post-storage-service-66c9966f5f-nllkd,container_memory_usage_bytes,3203072.0
1744886018,kashef-k8s-ctl.user-timeline-redis-67cc95bc57-klp4b,container_memory_usage_bytes,700416.0
1744886018,kashef-k8s-ctl.home-timeline-redis-6c6647df6f-5vgsk,container_memory_usage_bytes,10383360.0
1744886018,kashef-k8s-w1.media-service-6c665c775d-s7hl8,container_memory_usage_bytes,2924544.0
1744886018,kashef-k8s-w1.compose-post-service-f587bf89d-l5zcs,container_memory_usage_bytes,2330624.0
1744886018,kashef-k8s-ctl.user-mongodb-7745bbd78-xrw2n,container_memory_usage_bytes,59625472.0
1744886018,kashef-k8s-ctl.media-mongodb-7b64c59567-6ntnm,container_memory_usage_bytes,692224.0
1744886018,kashef-k8s-w1.user-service-547b88cd8f-mbl6h,container_memory_usage_bytes,4198400.0
1744886018,kashef-k8s-ctl.post-storage-mongodb-5579669d8c-ckzsx,container_memory_usage_bytes,692224.0
1744886018,kashef-k8s-ctl.url-shorten-memcached-6546746864-pg8xh,container_memory_usage_bytes,2584576.0
1744886018,kashef-k8s-ctl.user-timeline-mongodb-6758898d48-gggfw,container_memory_usage_bytes,61874176.0
1744886018,kashef-k8s-w1.user-mention-service-5c4f566c5-w4xpc,container_memory_usage_bytes,3657728.0
1744886018,kashef-k8s-w1.text-service-fff64b8bf-v9dsr,container_memory_usage_bytes,2125824.0
1744886018,kashef-k8s-ctl.social-graph-service-677dbc655c-2tqbt,container_memory_usage_bytes,2473984.0
1744886018,kashef-k8s-ctl.url-shorten-mongodb-57c886d5f8-2m8fs,container_memory_usage_bytes,59645952.0
1744886018,kashef-k8s-ctl.post-storage-memcached-6b75788fc6-gnd8c,container_memory_usage_bytes,2629632.0
1744886018,kashef-k8s-w1.home-timeline-service-5754ffbc6d-zp4pr,container_memory_usage_bytes,2514944.0
1744886018,kashef-k8s-w1.social-graph-mongodb-55df767ff5-c86pb,container_memory_usage_bytes,124493824.0
1744886018,kashef-k8s-ctl.jaeger-67997f9775-tjgc8,container_memory_usage_bytes,10784768.0
1744886018,kashef-k8s-w1.media-frontend-6b66b95ff4-xrdq6,container_memory_usage_bytes,10272768.0
1744886018,kashef-k8s-w1.social-graph-redis-5bbd5b7458-tqz7l,container_memory_usage_bytes,10285056.0
1744886018,kashef-k8s-w1.nginx-thrift-79478f9bf5-h66tn,container_memory_usage_bytes,392208384.0
1744886018,kashef-k8s-w1.user-memcached-59687c864d-d5rb5,container_memory_usage_bytes,4837376.0
1744886018,kashef-k8s-w1.user-timeline-service-664c7f6696-fvhv9,container_memory_usage_bytes,2985984.0
1744886018,kashef-k8s-ctl.unique-id-service-694497b678-bzxbf,container_memory_usage_bytes,1921024.0
1744886018,kashef-k8s-w1.url-shorten-service-66949ddcc4-xlfmt,container_memory_usage_bytes,10096640.0
1744886024,kashef-k8s-w1.compose-post-service-f587bf89d-l5zcs,container_memory_usage_bytes,2330624.0
1744886024,kashef-k8s-ctl.unique-id-service-694497b678-bzxbf,container_memory_usage_bytes,1921024.0
1744886024,kashef-k8s-w1.social-graph-redis-5bbd5b7458-tqz7l,container_memory_usage_bytes,10285056.0
1744886024,kashef-k8s-w1.url-shorten-service-66949ddcc4-xlfmt,container_memory_usage_bytes,10096640.0
1744886024,kashef-k8s-ctl.post-storage-memcached-6b75788fc6-gnd8c,container_memory_usage_bytes,2629632.0
1744886024,kashef-k8s-ctl.home-timeline-redis-6c6647df6f-5vgsk,container_memory_usage_bytes,10383360.0
1744886024,kashef-k8s-w1.media-frontend-6b66b95ff4-xrdq6,container_memory_usage_bytes,10272768.0
1744886024,kashef-k8s-w1.nginx-thrift-79478f9bf5-h66tn,container_memory_usage_bytes,392208384.0
1744886024,kashef-k8s-w1.home-timeline-service-5754ffbc6d-zp4pr,container_memory_usage_bytes,2514944.0
1744886024,kashef-k8s-w1.text-service-fff64b8bf-v9dsr,container_memory_usage_bytes,2125824.0
1744886024,kashef-k8s-w1.user-mention-service-5c4f566c5-w4xpc,container_memory_usage_bytes,3657728.0
1744886024,kashef-k8s-ctl.user-timeline-mongodb-6758898d48-gggfw,container_memory_usage_bytes,61874176.0
1744886024,kashef-k8s-ctl.jaeger-67997f9775-tjgc8,container_memory_usage_bytes,10784768.0
1744886024,kashef-k8s-ctl.url-shorten-mongodb-57c886d5f8-2m8fs,container_memory_usage_bytes,59875328.0
1744886024,kashef-k8s-w1.media-service-6c665c775d-s7hl8,container_memory_usage_bytes,2924544.0
1744886024,kashef-k8s-w1.social-graph-mongodb-55df767ff5-c86pb,container_memory_usage_bytes,124493824.0
1744886024,kashef-k8s-w1.user-memcached-59687c864d-d5rb5,container_memory_usage_bytes,4837376.0
1744886024,kashef-k8s-w1.user-service-547b88cd8f-mbl6h,container_memory_usage_bytes,4198400.0
1744886024,kashef-k8s-ctl.user-mongodb-7745bbd78-xrw2n,container_memory_usage_bytes,59625472.0
1744886024,kashef-k8s-ctl.post-storage-mongodb-5579669d8c-ckzsx,container_memory_usage_bytes,692224.0
1744886024,kashef-k8s-ctl.media-mongodb-7b64c59567-6ntnm,container_memory_usage_bytes,692224.0
1744886024,kashef-k8s-ctl.media-memcached-7889bdfdfb-2thqn,container_memory_usage_bytes,2621440.0
1744886024,kashef-k8s-ctl.user-timeline-redis-67cc95bc57-klp4b,container_memory_usage_bytes,4046848.0
1744886024,kashef-k8s-w1.post-storage-service-66c9966f5f-nllkd,container_memory_usage_bytes,3203072.0
1744886024,kashef-k8s-ctl.social-graph-service-677dbc655c-2tqbt,container_memory_usage_bytes,2473984.0
1744886024,kashef-k8s-w1.user-timeline-service-664c7f6696-fvhv9,container_memory_usage_bytes,2985984.0
1744886024,kashef-k8s-ctl.url-shorten-memcached-6546746864-pg8xh,container_memory_usage_bytes,2584576.0
1744886030,kashef-k8s-ctl.post-storage-memcached-6b75788fc6-gnd8c,container_memory_usage_bytes,2600960.0
1744886030,kashef-k8s-ctl.unique-id-service-694497b678-bzxbf,container_memory_usage_bytes,1921024.0
1744886030,kashef-k8s-w1.media-frontend-6b66b95ff4-xrdq6,container_memory_usage_bytes,10272768.0
1744886030,kashef-k8s-w1.nginx-thrift-79478f9bf5-h66tn,container_memory_usage_bytes,392208384.0
1744886030,kashef-k8s-w1.user-service-547b88cd8f-mbl6h,container_memory_usage_bytes,4198400.0
1744886030,kashef-k8s-ctl.user-timeline-mongodb-6758898d48-gggfw,container_memory_usage_bytes,61874176.0
1744886030,kashef-k8s-ctl.post-storage-mongodb-5579669d8c-ckzsx,container_memory_usage_bytes,59645952.0
1744886030,kashef-k8s-w1.home-timeline-service-5754ffbc6d-zp4pr,container_memory_usage_bytes,2514944.0
1744886030,kashef-k8s-ctl.url-shorten-mongodb-57c886d5f8-2m8fs,container_memory_usage_bytes,59875328.0
1744886030,kashef-k8s-w1.social-graph-mongodb-55df767ff5-c86pb,container_memory_usage_bytes,124493824.0
1744886030,kashef-k8s-ctl.home-timeline-redis-6c6647df6f-5vgsk,container_memory_usage_bytes,10383360.0
1744886030,kashef-k8s-w1.media-service-6c665c775d-s7hl8,container_memory_usage_bytes,2924544.0
1744886030,kashef-k8s-ctl.jaeger-67997f9775-tjgc8,container_memory_usage_bytes,10784768.0
1744886030,kashef-k8s-w1.user-memcached-59687c864d-d5rb5,container_memory_usage_bytes,4837376.0
1744886030,kashef-k8s-w1.social-graph-redis-5bbd5b7458-tqz7l,container_memory_usage_bytes,10285056.0
1744886030,kashef-k8s-ctl.media-memcached-7889bdfdfb-2thqn,container_memory_usage_bytes,2621440.0
1744886030,kashef-k8s-ctl.url-shorten-memcached-6546746864-pg8xh,container_memory_usage_bytes,2584576.0
1744886030,kashef-k8s-w1.text-service-fff64b8bf-v9dsr,container_memory_usage_bytes,2125824.0
1744886030,kashef-k8s-w1.user-timeline-service-664c7f6696-fvhv9,container_memory_usage_bytes,2985984.0
1744886030,kashef-k8s-ctl.social-graph-service-677dbc655c-2tqbt,container_memory_usage_bytes,2473984.0
1744886030,kashef-k8s-w1.post-storage-service-66c9966f5f-nllkd,container_memory_usage_bytes,3203072.0
1744886030,kashef-k8s-w1.url-shorten-service-66949ddcc4-xlfmt,container_memory_usage_bytes,10096640.0
1744886030,kashef-k8s-ctl.user-mongodb-7745bbd78-xrw2n,container_memory_usage_bytes,59650048.0
1744886030,kashef-k8s-ctl.media-mongodb-7b64c59567-6ntnm,container_memory_usage_bytes,59035648.0
1744886030,kashef-k8s-w1.user-mention-service-5c4f566c5-w4xpc,container_memory_usage_bytes,3657728.0
1744886030,kashef-k8s-ctl.user-timeline-redis-67cc95bc57-klp4b,container_memory_usage_bytes,4046848.0
1744886030,kashef-k8s-w1.compose-post-service-f587bf89d-l5zcs,container_memory_usage_bytes,2330624.0
1744886036,kashef-k8s-w1.user-memcached-59687c864d-d5rb5,container_memory_usage_bytes,4837376.0
1744886036,kashef-k8s-w1.social-graph-redis-5bbd5b7458-tqz7l,container_memory_usage_bytes,10289152.0
1744886036,kashef-k8s-ctl.post-storage-mongodb-5579669d8c-ckzsx,container_memory_usage_bytes,59645952.0
1744886036,kashef-k8s-ctl.user-timeline-mongodb-6758898d48-gggfw,container_memory_usage_bytes,61874176.0
1744886036,kashef-k8s-w1.user-service-547b88cd8f-mbl6h,container_memory_usage_bytes,4198400.0
1744886036,kashef-k8s-ctl.media-memcached-7889bdfdfb-2thqn,container_memory_usage_bytes,2621440.0
1744886036,kashef-k8s-w1.compose-post-service-f587bf89d-l5zcs,container_memory_usage_bytes,2330624.0
1744886036,kashef-k8s-ctl.media-mongodb-7b64c59567-6ntnm,container_memory_usage_bytes,59035648.0
1744886036,kashef-k8s-w1.user-mention-service-5c4f566c5-w4xpc,container_memory_usage_bytes,3657728.0
1744886036,kashef-k8s-ctl.social-graph-service-677dbc655c-2tqbt,container_memory_usage_bytes,2473984.0
1744886036,kashef-k8s-w1.post-storage-service-66c9966f5f-nllkd,container_memory_usage_bytes,3203072.0
1744886036,kashef-k8s-w1.user-timeline-service-664c7f6696-fvhv9,container_memory_usage_bytes,2985984.0
1744886036,kashef-k8s-ctl.jaeger-67997f9775-tjgc8,container_memory_usage_bytes,10731520.0
1744886036,kashef-k8s-w1.home-timeline-service-5754ffbc6d-zp4pr,container_memory_usage_bytes,2514944.0
1744886036,kashef-k8s-ctl.home-timeline-redis-6c6647df6f-5vgsk,container_memory_usage_bytes,10383360.0
1744886036,kashef-k8s-ctl.unique-id-service-694497b678-bzxbf,container_memory_usage_bytes,1921024.0
1744886036,kashef-k8s-w1.text-service-fff64b8bf-v9dsr,container_memory_usage_bytes,2125824.0
1744886036,kashef-k8s-ctl.user-timeline-redis-67cc95bc57-klp4b,container_memory_usage_bytes,4046848.0
1744886036,kashef-k8s-w1.media-service-6c665c775d-s7hl8,container_memory_usage_bytes,2924544.0
1744886036,kashef-k8s-w1.social-graph-mongodb-55df767ff5-c86pb,container_memory_usage_bytes,124465152.0
1744886036,kashef-k8s-ctl.url-shorten-mongodb-57c886d5f8-2m8fs,container_memory_usage_bytes,59875328.0
1744886036,kashef-k8s-w1.media-frontend-6b66b95ff4-xrdq6,container_memory_usage_bytes,10272768.0
1744886036,kashef-k8s-w1.nginx-thrift-79478f9bf5-h66tn,container_memory_usage_bytes,392208384.0
1744886036,kashef-k8s-w1.url-shorten-service-66949ddcc4-xlfmt,container_memory_usage_bytes,10096640.0
1744886036,kashef-k8s-ctl.user-mongodb-7745bbd78-xrw2n,container_memory_usage_bytes,59650048.0
1744886036,kashef-k8s-ctl.url-shorten-memcached-6546746864-pg8xh,container_memory_usage_bytes,2584576.0
1744886036,kashef-k8s-ctl.post-storage-memcached-6b75788fc6-gnd8c,container_memory_usage_bytes,2600960.0
1744886042,kashef-k8s-w1.user-mention-service-5c4f566c5-w4xpc,container_memory_usage_bytes,3657728.0
1744886042,kashef-k8s-ctl.post-storage-mongodb-5579669d8c-ckzsx,container_memory_usage_bytes,59645952.0
1744886042,kashef-k8s-w1.social-graph-redis-5bbd5b7458-tqz7l,container_memory_usage_bytes,10289152.0
1744886042,kashef-k8s-ctl.media-mongodb-7b64c59567-6ntnm,container_memory_usage_bytes,59035648.0
1744886042,kashef-k8s-w1.compose-post-service-f587bf89d-l5zcs,container_memory_usage_bytes,2330624.0
1744886042,kashef-k8s-ctl.home-timeline-redis-6c6647df6f-5vgsk,container_memory_usage_bytes,10383360.0
1744886042,kashef-k8s-ctl.social-graph-service-677dbc655c-2tqbt,container_memory_usage_bytes,2473984.0
1744886042,kashef-k8s-w1.user-timeline-service-664c7f6696-fvhv9,container_memory_usage_bytes,2985984.0
1744886042,kashef-k8s-w1.text-service-fff64b8bf-v9dsr,container_memory_usage_bytes,2125824.0
1744886042,kashef-k8s-ctl.unique-id-service-694497b678-bzxbf,container_memory_usage_bytes,1921024.0
1744886042,kashef-k8s-ctl.media-memcached-7889bdfdfb-2thqn,container_memory_usage_bytes,2621440.0
1744886042,kashef-k8s-ctl.jaeger-67997f9775-tjgc8,container_memory_usage_bytes,10731520.0
1744886042,kashef-k8s-w1.home-timeline-service-5754ffbc6d-zp4pr,container_memory_usage_bytes,2514944.0
1744886042,kashef-k8s-w1.user-memcached-59687c864d-d5rb5,container_memory_usage_bytes,4837376.0
1744886042,kashef-k8s-w1.user-service-547b88cd8f-mbl6h,container_memory_usage_bytes,4071424.0
1744886042,kashef-k8s-ctl.url-shorten-mongodb-57c886d5f8-2m8fs,container_memory_usage_bytes,59875328.0
1744886042,kashef-k8s-ctl.user-timeline-redis-67cc95bc57-klp4b,container_memory_usage_bytes,4046848.0
1744886042,kashef-k8s-w1.social-graph-mongodb-55df767ff5-c86pb,container_memory_usage_bytes,124465152.0
1744886042,kashef-k8s-ctl.post-storage-memcached-6b75788fc6-gnd8c,container_memory_usage_bytes,2600960.0
1744886042,kashef-k8s-w1.post-storage-service-66c9966f5f-nllkd,container_memory_usage_bytes,3203072.0
1744886042,kashef-k8s-ctl.url-shorten-memcached-6546746864-pg8xh,container_memory_usage_bytes,2584576.0
1744886042,kashef-k8s-w1.nginx-thrift-79478f9bf5-h66tn,container_memory_usage_bytes,437780480.0
1744886042,kashef-k8s-w1.media-frontend-6b66b95ff4-xrdq6,container_memory_usage_bytes,35475456.0
1744886042,kashef-k8s-w1.media-service-6c665c775d-s7hl8,container_memory_usage_bytes,2924544.0
1744886042,kashef-k8s-ctl.user-timeline-mongodb-6758898d48-gggfw,container_memory_usage_bytes,61874176.0
1744886042,kashef-k8s-ctl.user-mongodb-7745bbd78-xrw2n,container_memory_usage_bytes,59650048.0
1744886042,kashef-k8s-w1.url-shorten-service-66949ddcc4-xlfmt,container_memory_usage_bytes,10096640.0
1744886048,kashef-k8s-w1.user-memcached-59687c864d-d5rb5,container_memory_usage_bytes,4837376.0
1744886048,kashef-k8s-w1.url-shorten-service-66949ddcc4-xlfmt,container_memory_usage_bytes,10096640.0
1744886048,kashef-k8s-ctl.user-timeline-mongodb-6758898d48-gggfw,container_memory_usage_bytes,62124032.0
1744886048,kashef-k8s-w1.nginx-thrift-79478f9bf5-h66tn,container_memory_usage_bytes,437780480.0
1744886048,kashef-k8s-ctl.post-storage-memcached-6b75788fc6-gnd8c,container_memory_usage_bytes,2600960.0
1744886048,kashef-k8s-w1.media-service-6c665c775d-s7hl8,container_memory_usage_bytes,2924544.0
1744886048,kashef-k8s-ctl.user-timeline-redis-67cc95bc57-klp4b,container_memory_usage_bytes,4046848.0
1744886048,kashef-k8s-ctl.user-mongodb-7745bbd78-xrw2n,container_memory_usage_bytes,59650048.0
1744886048,kashef-k8s-w1.media-frontend-6b66b95ff4-xrdq6,container_memory_usage_bytes,35475456.0
1744886048,kashef-k8s-w1.text-service-fff64b8bf-v9dsr,container_memory_usage_bytes,2125824.0
1744886048,kashef-k8s-w1.user-timeline-service-664c7f6696-fvhv9,container_memory_usage_bytes,2985984.0
1744886048,kashef-k8s-ctl.home-timeline-redis-6c6647df6f-5vgsk,container_memory_usage_bytes,10383360.0
1744886048,kashef-k8s-ctl.url-shorten-mongodb-57c886d5f8-2m8fs,container_memory_usage_bytes,59875328.0
1744886048,kashef-k8s-ctl.url-shorten-memcached-6546746864-pg8xh,container_memory_usage_bytes,2584576.0
1744886048,kashef-k8s-w1.post-storage-service-66c9966f5f-nllkd,container_memory_usage_bytes,3203072.0
1744886048,kashef-k8s-w1.social-graph-mongodb-55df767ff5-c86pb,container_memory_usage_bytes,124465152.0
1744886048,kashef-k8s-ctl.social-graph-service-677dbc655c-2tqbt,container_memory_usage_bytes,2473984.0
1744886048,kashef-k8s-w1.home-timeline-service-5754ffbc6d-zp4pr,container_memory_usage_bytes,2514944.0
1744886048,kashef-k8s-ctl.media-mongodb-7b64c59567-6ntnm,container_memory_usage_bytes,59035648.0
1744886048,kashef-k8s-ctl.unique-id-service-694497b678-bzxbf,container_memory_usage_bytes,1921024.0
1744886048,kashef-k8s-ctl.media-memcached-7889bdfdfb-2thqn,container_memory_usage_bytes,2621440.0
1744886048,kashef-k8s-ctl.jaeger-67997f9775-tjgc8,container_memory_usage_bytes,10731520.0
1744886048,kashef-k8s-ctl.post-storage-mongodb-5579669d8c-ckzsx,container_memory_usage_bytes,59645952.0
1744886048,kashef-k8s-w1.social-graph-redis-5bbd5b7458-tqz7l,container_memory_usage_bytes,10289152.0
1744886048,kashef-k8s-w1.compose-post-service-f587bf89d-l5zcs,container_memory_usage_bytes,2330624.0
1744886048,kashef-k8s-w1.user-service-547b88cd8f-mbl6h,container_memory_usage_bytes,4071424.0
1744886048,kashef-k8s-w1.user-mention-service-5c4f566c5-w4xpc,container_memory_usage_bytes,3657728.0
1744886054,kashef-k8s-w1.media-frontend-6b66b95ff4-xrdq6,container_memory_usage_bytes,35475456.0
1744886054,kashef-k8s-w1.nginx-thrift-79478f9bf5-h66tn,container_memory_usage_bytes,437780480.0
1744886054,kashef-k8s-w1.user-memcached-59687c864d-d5rb5,container_memory_usage_bytes,4837376.0
1744886054,kashef-k8s-w1.media-service-6c665c775d-s7hl8,container_memory_usage_bytes,2924544.0
1744886054,kashef-k8s-ctl.post-storage-memcached-6b75788fc6-gnd8c,container_memory_usage_bytes,2600960.0
1744886054,kashef-k8s-w1.user-timeline-service-664c7f6696-fvhv9,container_memory_usage_bytes,2985984.0
1744886054,kashef-k8s-ctl.url-shorten-memcached-6546746864-pg8xh,container_memory_usage_bytes,2584576.0
1744886054,kashef-k8s-w1.social-graph-mongodb-55df767ff5-c86pb,container_memory_usage_bytes,124465152.0
1744886054,kashef-k8s-ctl.social-graph-service-677dbc655c-2tqbt,container_memory_usage_bytes,2473984.0
1744886054,kashef-k8s-w1.post-storage-service-66c9966f5f-nllkd,container_memory_usage_bytes,3203072.0
1744886054,kashef-k8s-ctl.user-timeline-redis-67cc95bc57-klp4b,container_memory_usage_bytes,4046848.0
1744886054,kashef-k8s-ctl.home-timeline-redis-6c6647df6f-5vgsk,container_memory_usage_bytes,10383360.0
1744886054,kashef-k8s-ctl.url-shorten-mongodb-57c886d5f8-2m8fs,container_memory_usage_bytes,59875328.0
1744886054,kashef-k8s-w1.url-shorten-service-66949ddcc4-xlfmt,container_memory_usage_bytes,10096640.0
1744886054,kashef-k8s-w1.social-graph-redis-5bbd5b7458-tqz7l,container_memory_usage_bytes,10289152.0
1744886054,kashef-k8s-w1.user-mention-service-5c4f566c5-w4xpc,container_memory_usage_bytes,3657728.0
1744886054,kashef-k8s-w1.user-service-547b88cd8f-mbl6h,container_memory_usage_bytes,4071424.0
1744886054,kashef-k8s-w1.compose-post-service-f587bf89d-l5zcs,container_memory_usage_bytes,2330624.0
1744886054,kashef-k8s-w1.home-timeline-service-5754ffbc6d-zp4pr,container_memory_usage_bytes,2514944.0
1744886054,kashef-k8s-w1.text-service-fff64b8bf-v9dsr,container_memory_usage_bytes,2125824.0
1744886054,kashef-k8s-ctl.media-memcached-7889bdfdfb-2thqn,container_memory_usage_bytes,2621440.0
1744886054,kashef-k8s-ctl.unique-id-service-694497b678-bzxbf,container_memory_usage_bytes,1921024.0
1744886054,kashef-k8s-ctl.media-mongodb-7b64c59567-6ntnm,container_memory_usage_bytes,59035648.0
1744886054,kashef-k8s-ctl.jaeger-67997f9775-tjgc8,container_memory_usage_bytes,10731520.0
1744886054,kashef-k8s-ctl.user-mongodb-7745bbd78-xrw2n,container_memory_usage_bytes,59650048.0
1744886054,kashef-k8s-ctl.user-timeline-mongodb-6758898d48-gggfw,container_memory_usage_bytes,62124032.0
1744886054,kashef-k8s-ctl.post-storage-mongodb-5579669d8c-ckzsx,container_memory_usage_bytes,59645952.0
1744886060,kashef-k8s-w1.social-graph-redis-5bbd5b7458-tqz7l,container_memory_usage_bytes,10289152.0
1744886060,kashef-k8s-ctl.jaeger-67997f9775-tjgc8,container_memory_usage_bytes,10731520.0
1744886060,kashef-k8s-ctl.social-graph-service-677dbc655c-2tqbt,container_memory_usage_bytes,2473984.0
1744886060,kashef-k8s-w1.user-service-547b88cd8f-mbl6h,container_memory_usage_bytes,4071424.0
1744886060,kashef-k8s-ctl.user-timeline-mongodb-6758898d48-gggfw,container_memory_usage_bytes,62124032.0
1744886060,kashef-k8s-ctl.url-shorten-memcached-6546746864-pg8xh,container_memory_usage_bytes,2584576.0
1744886060,kashef-k8s-w1.social-graph-mongodb-55df767ff5-c86pb,container_memory_usage_bytes,124465152.0
1744886060,kashef-k8s-w1.user-mention-service-5c4f566c5-w4xpc,container_memory_usage_bytes,3657728.0
1744886060,kashef-k8s-w1.text-service-fff64b8bf-v9dsr,container_memory_usage_bytes,2125824.0
1744886060,kashef-k8s-ctl.url-shorten-mongodb-57c886d5f8-2m8fs,container_memory_usage_bytes,60157952.0
1744886060,kashef-k8s-ctl.home-timeline-redis-6c6647df6f-5vgsk,container_memory_usage_bytes,10383360.0
1744886060,kashef-k8s-w1.user-timeline-service-664c7f6696-fvhv9,container_memory_usage_bytes,2985984.0
1744886060,kashef-k8s-w1.compose-post-service-f587bf89d-l5zcs,container_memory_usage_bytes,2330624.0
1744886060,kashef-k8s-w1.nginx-thrift-79478f9bf5-h66tn,container_memory_usage_bytes,437780480.0
1744886060,kashef-k8s-ctl.post-storage-mongodb-5579669d8c-ckzsx,container_memory_usage_bytes,60157952.0
1744886060,kashef-k8s-w1.media-frontend-6b66b95ff4-xrdq6,container_memory_usage_bytes,35475456.0
1744886060,kashef-k8s-w1.media-service-6c665c775d-s7hl8,container_memory_usage_bytes,2924544.0
1744886060,kashef-k8s-ctl.user-timeline-redis-67cc95bc57-klp4b,container_memory_usage_bytes,4046848.0
1744886060,kashef-k8s-ctl.media-mongodb-7b64c59567-6ntnm,container_memory_usage_bytes,59035648.0
1744886060,kashef-k8s-w1.user-memcached-59687c864d-d5rb5,container_memory_usage_bytes,4837376.0
1744886060,kashef-k8s-ctl.media-memcached-7889bdfdfb-2thqn,container_memory_usage_bytes,2621440.0
1744886060,kashef-k8s-ctl.unique-id-service-694497b678-bzxbf,container_memory_usage_bytes,1921024.0
1744886060,kashef-k8s-w1.url-shorten-service-66949ddcc4-xlfmt,container_memory_usage_bytes,10096640.0
1744886060,kashef-k8s-ctl.user-mongodb-7745bbd78-xrw2n,container_memory_usage_bytes,60014592.0
1744886060,kashef-k8s-ctl.post-storage-memcached-6b75788fc6-gnd8c,container_memory_usage_bytes,2600960.0
1744886060,kashef-k8s-w1.home-timeline-service-5754ffbc6d-zp4pr,container_memory_usage_bytes,2514944.0
1744886060,kashef-k8s-w1.post-storage-service-66c9966f5f-nllkd,container_memory_usage_bytes,3203072.0
1744886066,kashef-k8s-ctl.user-timeline-mongodb-6758898d48-gggfw,container_memory_usage_bytes,62124032.0
1744886066,kashef-k8s-w1.compose-post-service-f587bf89d-l5zcs,container_memory_usage_bytes,2330624.0
1744886066,kashef-k8s-w1.user-memcached-59687c864d-d5rb5,container_memory_usage_bytes,4837376.0
1744886066,kashef-k8s-ctl.social-graph-service-677dbc655c-2tqbt,container_memory_usage_bytes,2473984.0
1744886066,kashef-k8s-w1.social-graph-mongodb-55df767ff5-c86pb,container_memory_usage_bytes,124882944.0
1744886066,kashef-k8s-w1.user-mention-service-5c4f566c5-w4xpc,container_memory_usage_bytes,3657728.0
1744886066,kashef-k8s-w1.user-timeline-service-664c7f6696-fvhv9,container_memory_usage_bytes,2985984.0
1744886066,kashef-k8s-w1.social-graph-redis-5bbd5b7458-tqz7l,container_memory_usage_bytes,10289152.0
1744886066,kashef-k8s-ctl.post-storage-mongodb-5579669d8c-ckzsx,container_memory_usage_bytes,60157952.0
1744886066,kashef-k8s-ctl.user-mongodb-7745bbd78-xrw2n,container_memory_usage_bytes,60014592.0
1744886066,kashef-k8s-w1.media-frontend-6b66b95ff4-xrdq6,container_memory_usage_bytes,35475456.0
1744886066,kashef-k8s-ctl.url-shorten-memcached-6546746864-pg8xh,container_memory_usage_bytes,2584576.0
1744886066,kashef-k8s-w1.nginx-thrift-79478f9bf5-h66tn,container_memory_usage_bytes,437780480.0
1744886066,kashef-k8s-w1.user-service-547b88cd8f-mbl6h,container_memory_usage_bytes,4071424.0
1744886066,kashef-k8s-ctl.media-memcached-7889bdfdfb-2thqn,container_memory_usage_bytes,2621440.0
1744886066,kashef-k8s-ctl.jaeger-67997f9775-tjgc8,container_memory_usage_bytes,10731520.0
1744886066,kashef-k8s-w1.home-timeline-service-5754ffbc6d-zp4pr,container_memory_usage_bytes,2514944.0
1744886066,kashef-k8s-ctl.home-timeline-redis-6c6647df6f-5vgsk,container_memory_usage_bytes,10383360.0
1744886066,kashef-k8s-w1.post-storage-service-66c9966f5f-nllkd,container_memory_usage_bytes,3203072.0
1744886066,kashef-k8s-w1.text-service-fff64b8bf-v9dsr,container_memory_usage_bytes,2125824.0
1744886066,kashef-k8s-w1.media-service-6c665c775d-s7hl8,container_memory_usage_bytes,2924544.0
1744886066,kashef-k8s-ctl.media-mongodb-7b64c59567-6ntnm,container_memory_usage_bytes,59035648.0
1744886066,kashef-k8s-ctl.user-timeline-redis-67cc95bc57-klp4b,container_memory_usage_bytes,4046848.0
1744886066,kashef-k8s-ctl.post-storage-memcached-6b75788fc6-gnd8c,container_memory_usage_bytes,2600960.0
1744886066,kashef-k8s-ctl.unique-id-service-694497b678-bzxbf,container_memory_usage_bytes,1921024.0
1744886066,kashef-k8s-ctl.url-shorten-mongodb-57c886d5f8-2m8fs,container_memory_usage_bytes,60157952.0
1744886066,kashef-k8s-w1.url-shorten-service-66949ddcc4-xlfmt,container_memory_usage_bytes,10096640.0
1744886072,kashef-k8s-ctl.jaeger-67997f9775-tjgc8,container_memory_usage_bytes,10731520.0
1744886072,kashef-k8s-w1.url-shorten-service-66949ddcc4-xlfmt,container_memory_usage_bytes,10096640.0
1744886072,kashef-k8s-ctl.user-mongodb-7745bbd78-xrw2n,container_memory_usage_bytes,60014592.0
1744886072,kashef-k8s-ctl.url-shorten-mongodb-57c886d5f8-2m8fs,container_memory_usage_bytes,60157952.0
1744886072,kashef-k8s-ctl.media-mongodb-7b64c59567-6ntnm,container_memory_usage_bytes,59035648.0
1744886072,kashef-k8s-ctl.unique-id-service-694497b678-bzxbf,container_memory_usage_bytes,1921024.0
1744886072,kashef-k8s-w1.home-timeline-service-5754ffbc6d-zp4pr,container_memory_usage_bytes,2514944.0
1744886072,kashef-k8s-w1.user-mention-service-5c4f566c5-w4xpc,container_memory_usage_bytes,3657728.0
1744886072,kashef-k8s-w1.text-service-fff64b8bf-v9dsr,container_memory_usage_bytes,2125824.0
1744886072,kashef-k8s-ctl.post-storage-memcached-6b75788fc6-gnd8c,container_memory_usage_bytes,2600960.0
1744886072,kashef-k8s-w1.post-storage-service-66c9966f5f-nllkd,container_memory_usage_bytes,3203072.0
1744886072,kashef-k8s-ctl.user-timeline-redis-67cc95bc57-klp4b,container_memory_usage_bytes,4046848.0
1744886072,kashef-k8s-w1.social-graph-mongodb-55df767ff5-c86pb,container_memory_usage_bytes,124882944.0
1744886072,kashef-k8s-w1.nginx-thrift-79478f9bf5-h66tn,container_memory_usage_bytes,437780480.0
1744886072,kashef-k8s-w1.media-service-6c665c775d-s7hl8,container_memory_usage_bytes,2924544.0
1744886072,kashef-k8s-ctl.home-timeline-redis-6c6647df6f-5vgsk,container_memory_usage_bytes,10383360.0
1744886072,kashef-k8s-w1.media-frontend-6b66b95ff4-xrdq6,container_memory_usage_bytes,70328320.0
1744886072,kashef-k8s-ctl.url-shorten-memcached-6546746864-pg8xh,container_memory_usage_bytes,2584576.0
1744886072,kashef-k8s-w1.user-timeline-service-664c7f6696-fvhv9,container_memory_usage_bytes,2985984.0
1744886072,kashef-k8s-ctl.post-storage-mongodb-5579669d8c-ckzsx,container_memory_usage_bytes,60157952.0
1744886072,kashef-k8s-w1.social-graph-redis-5bbd5b7458-tqz7l,container_memory_usage_bytes,10285056.0
1744886072,kashef-k8s-ctl.user-timeline-mongodb-6758898d48-gggfw,container_memory_usage_bytes,62124032.0
1744886072,kashef-k8s-w1.user-service-547b88cd8f-mbl6h,container_memory_usage_bytes,4071424.0
1744886072,kashef-k8s-ctl.social-graph-service-677dbc655c-2tqbt,container_memory_usage_bytes,2473984.0
1744886072,kashef-k8s-w1.user-memcached-59687c864d-d5rb5,container_memory_usage_bytes,4837376.0
1744886072,kashef-k8s-w1.compose-post-service-f587bf89d-l5zcs,container_memory_usage_bytes,2330624.0
1744886072,kashef-k8s-ctl.media-memcached-7889bdfdfb-2thqn,container_memory_usage_bytes,2621440.0
1744886078,kashef-k8s-w1.compose-post-service-f587bf89d-l5zcs,container_memory_usage_bytes,2330624.0
1744886078,kashef-k8s-ctl.jaeger-67997f9775-tjgc8,container_memory_usage_bytes,10731520.0
1744886078,kashef-k8s-w1.user-memcached-59687c864d-d5rb5,container_memory_usage_bytes,4837376.0
1744886078,kashef-k8s-ctl.media-mongodb-7b64c59567-6ntnm,container_memory_usage_bytes,59035648.0
1744886078,kashef-k8s-w1.media-service-6c665c775d-s7hl8,container_memory_usage_bytes,2924544.0
1744886078,kashef-k8s-ctl.user-timeline-redis-67cc95bc57-klp4b,container_memory_usage_bytes,4046848.0
1744886078,kashef-k8s-w1.social-graph-mongodb-55df767ff5-c86pb,container_memory_usage_bytes,124882944.0
1744886078,kashef-k8s-ctl.social-graph-service-677dbc655c-2tqbt,container_memory_usage_bytes,2473984.0
1744886078,kashef-k8s-w1.nginx-thrift-79478f9bf5-h66tn,container_memory_usage_bytes,437780480.0
1744886078,kashef-k8s-w1.text-service-fff64b8bf-v9dsr,container_memory_usage_bytes,2125824.0
1744886078,kashef-k8s-w1.media-frontend-6b66b95ff4-xrdq6,container_memory_usage_bytes,70328320.0
1744886078,kashef-k8s-ctl.post-storage-memcached-6b75788fc6-gnd8c,container_memory_usage_bytes,2600960.0
1744886078,kashef-k8s-w1.home-timeline-service-5754ffbc6d-zp4pr,container_memory_usage_bytes,2514944.0
1744886078,kashef-k8s-ctl.post-storage-mongodb-5579669d8c-ckzsx,container_memory_usage_bytes,60157952.0
1744886078,kashef-k8s-ctl.url-shorten-mongodb-57c886d5f8-2m8fs,container_memory_usage_bytes,60289024.0
1744886078,kashef-k8s-w1.user-mention-service-5c4f566c5-w4xpc,container_memory_usage_bytes,3657728.0
1744886078,kashef-k8s-ctl.url-shorten-memcached-6546746864-pg8xh,container_memory_usage_bytes,2584576.0
1744886078,kashef-k8s-w1.post-storage-service-66c9966f5f-nllkd,container_memory_usage_bytes,3203072.0
1744886078,kashef-k8s-ctl.media-memcached-7889bdfdfb-2thqn,container_memory_usage_bytes,2621440.0
1744886078,kashef-k8s-ctl.home-timeline-redis-6c6647df6f-5vgsk,container_memory_usage_bytes,10383360.0
1744886078,kashef-k8s-w1.social-graph-redis-5bbd5b7458-tqz7l,container_memory_usage_bytes,10285056.0
1744886078,kashef-k8s-ctl.user-timeline-mongodb-6758898d48-gggfw,container_memory_usage_bytes,62218240.0
1744886078,kashef-k8s-w1.user-timeline-service-664c7f6696-fvhv9,container_memory_usage_bytes,2985984.0
1744886078,kashef-k8s-w1.url-shorten-service-66949ddcc4-xlfmt,container_memory_usage_bytes,10096640.0
1744886078,kashef-k8s-ctl.unique-id-service-694497b678-bzxbf,container_memory_usage_bytes,1921024.0
1744886078,kashef-k8s-ctl.user-mongodb-7745bbd78-xrw2n,container_memory_usage_bytes,60014592.0
1744886078,kashef-k8s-w1.user-service-547b88cd8f-mbl6h,container_memory_usage_bytes,4071424.0
1744886084,kashef-k8s-w1.social-graph-mongodb-55df767ff5-c86pb,container_memory_usage_bytes,124882944.0
1744886084,kashef-k8s-w1.media-service-6c665c775d-s7hl8,container_memory_usage_bytes,2924544.0
1744886084,kashef-k8s-ctl.media-mongodb-7b64c59567-6ntnm,container_memory_usage_bytes,59543552.0
1744886084,kashef-k8s-w1.compose-post-service-f587bf89d-l5zcs,container_memory_usage_bytes,2330624.0
1744886084,kashef-k8s-ctl.user-timeline-redis-67cc95bc57-klp4b,container_memory_usage_bytes,4046848.0
1744886084,kashef-k8s-ctl.url-shorten-memcached-6546746864-pg8xh,container_memory_usage_bytes,2584576.0
1744886084,kashef-k8s-w1.post-storage-service-66c9966f5f-nllkd,container_memory_usage_bytes,3203072.0
1744886084,kashef-k8s-ctl.post-storage-memcached-6b75788fc6-gnd8c,container_memory_usage_bytes,2600960.0
1744886084,kashef-k8s-ctl.post-storage-mongodb-5579669d8c-ckzsx,container_memory_usage_bytes,60157952.0
1744886084,kashef-k8s-w1.user-mention-service-5c4f566c5-w4xpc,container_memory_usage_bytes,3657728.0
1744886084,kashef-k8s-w1.nginx-thrift-79478f9bf5-h66tn,container_memory_usage_bytes,437780480.0
1744886084,kashef-k8s-ctl.url-shorten-mongodb-57c886d5f8-2m8fs,container_memory_usage_bytes,60289024.0
1744886084,kashef-k8s-w1.home-timeline-service-5754ffbc6d-zp4pr,container_memory_usage_bytes,2514944.0
1744886084,kashef-k8s-ctl.social-graph-service-677dbc655c-2tqbt,container_memory_usage_bytes,2473984.0
1744886084,kashef-k8s-ctl.user-timeline-mongodb-6758898d48-gggfw,container_memory_usage_bytes,62218240.0
1744886084,kashef-k8s-w1.user-service-547b88cd8f-mbl6h,container_memory_usage_bytes,4071424.0
1744886084,kashef-k8s-ctl.media-memcached-7889bdfdfb-2thqn,container_memory_usage_bytes,2621440.0
1744886084,kashef-k8s-w1.user-timeline-service-664c7f6696-fvhv9,container_memory_usage_bytes,2985984.0
1744886084,kashef-k8s-ctl.jaeger-67997f9775-tjgc8,container_memory_usage_bytes,10731520.0
1744886084,kashef-k8s-w1.text-service-fff64b8bf-v9dsr,container_memory_usage_bytes,2125824.0
1744886084,kashef-k8s-w1.media-frontend-6b66b95ff4-xrdq6,container_memory_usage_bytes,70328320.0
1744886084,kashef-k8s-ctl.user-mongodb-7745bbd78-xrw2n,container_memory_usage_bytes,60162048.0
1744886084,kashef-k8s-w1.social-graph-redis-5bbd5b7458-tqz7l,container_memory_usage_bytes,10285056.0
1744886084,kashef-k8s-ctl.home-timeline-redis-6c6647df6f-5vgsk,container_memory_usage_bytes,10383360.0
1744886084,kashef-k8s-ctl.unique-id-service-694497b678-bzxbf,container_memory_usage_bytes,1921024.0
1744886084,kashef-k8s-w1.url-shorten-service-66949ddcc4-xlfmt,container_memory_usage_bytes,10096640.0
1744886084,kashef-k8s-w1.user-memcached-59687c864d-d5rb5,container_memory_usage_bytes,4837376.0
1744886090,kashef-k8s-w1.nginx-thrift-79478f9bf5-h66tn,container_memory_usage_bytes,437780480.0
1744886090,kashef-k8s-ctl.user-timeline-mongodb-6758898d48-gggfw,container_memory_usage_bytes,62218240.0
1744886090,kashef-k8s-ctl.jaeger-67997f9775-tjgc8,container_memory_usage_bytes,10731520.0
1744886090,kashef-k8s-w1.user-timeline-service-664c7f6696-fvhv9,container_memory_usage_bytes,2985984.0
1744886090,kashef-k8s-w1.media-service-6c665c775d-s7hl8,container_memory_usage_bytes,2924544.0
1744886090,kashef-k8s-w1.social-graph-mongodb-55df767ff5-c86pb,container_memory_usage_bytes,124882944.0
1744886090,kashef-k8s-w1.post-storage-service-66c9966f5f-nllkd,container_memory_usage_bytes,3203072.0
1744886090,kashef-k8s-ctl.url-shorten-mongodb-57c886d5f8-2m8fs,container_memory_usage_bytes,60289024.0
1744886090,kashef-k8s-ctl.media-mongodb-7b64c59567-6ntnm,container_memory_usage_bytes,59543552.0
1744886090,kashef-k8s-ctl.unique-id-service-694497b678-bzxbf,container_memory_usage_bytes,1921024.0
1744886090,kashef-k8s-w1.url-shorten-service-66949ddcc4-xlfmt,container_memory_usage_bytes,10096640.0
1744886090,kashef-k8s-ctl.url-shorten-memcached-6546746864-pg8xh,container_memory_usage_bytes,2584576.0
1744886090,kashef-k8s-ctl.user-timeline-redis-67cc95bc57-klp4b,container_memory_usage_bytes,4046848.0
1744886090,kashef-k8s-ctl.social-graph-service-677dbc655c-2tqbt,container_memory_usage_bytes,2473984.0
1744886090,kashef-k8s-w1.social-graph-redis-5bbd5b7458-tqz7l,container_memory_usage_bytes,10285056.0
1744886090,kashef-k8s-ctl.home-timeline-redis-6c6647df6f-5vgsk,container_memory_usage_bytes,10387456.0
1744886090,kashef-k8s-w1.user-service-547b88cd8f-mbl6h,container_memory_usage_bytes,4071424.0
1744886090,kashef-k8s-w1.text-service-fff64b8bf-v9dsr,container_memory_usage_bytes,2125824.0
1744886090,kashef-k8s-ctl.post-storage-memcached-6b75788fc6-gnd8c,container_memory_usage_bytes,2600960.0
1744886090,kashef-k8s-w1.user-mention-service-5c4f566c5-w4xpc,container_memory_usage_bytes,3657728.0
1744886090,kashef-k8s-ctl.post-storage-mongodb-5579669d8c-ckzsx,container_memory_usage_bytes,60043264.0
1744886090,kashef-k8s-w1.media-frontend-6b66b95ff4-xrdq6,container_memory_usage_bytes,70328320.0
1744886090,kashef-k8s-ctl.media-memcached-7889bdfdfb-2thqn,container_memory_usage_bytes,2621440.0
1744886090,kashef-k8s-ctl.user-mongodb-7745bbd78-xrw2n,container_memory_usage_bytes,60162048.0
1744886090,kashef-k8s-w1.home-timeline-service-5754ffbc6d-zp4pr,container_memory_usage_bytes,2514944.0
1744886090,kashef-k8s-w1.user-memcached-59687c864d-d5rb5,container_memory_usage_bytes,4837376.0
1744886090,kashef-k8s-w1.compose-post-service-f587bf89d-l5zcs,container_memory_usage_bytes,2330624.0
1744886096,kashef-k8s-ctl.url-shorten-mongodb-57c886d5f8-2m8fs,container_memory_usage_bytes,60289024.0
1744886096,kashef-k8s-w1.media-service-6c665c775d-s7hl8,container_memory_usage_bytes,2924544.0
1744886096,kashef-k8s-w1.post-storage-service-66c9966f5f-nllkd,container_memory_usage_bytes,3203072.0
1744886096,kashef-k8s-ctl.media-mongodb-7b64c59567-6ntnm,container_memory_usage_bytes,59543552.0
1744886096,kashef-k8s-ctl.unique-id-service-694497b678-bzxbf,container_memory_usage_bytes,1921024.0
1744886096,kashef-k8s-w1.home-timeline-service-5754ffbc6d-zp4pr,container_memory_usage_bytes,2514944.0
1744886096,kashef-k8s-w1.url-shorten-service-66949ddcc4-xlfmt,container_memory_usage_bytes,10096640.0
1744886096,kashef-k8s-ctl.url-shorten-memcached-6546746864-pg8xh,container_memory_usage_bytes,2584576.0
1744886096,kashef-k8s-ctl.social-graph-service-677dbc655c-2tqbt,container_memory_usage_bytes,2473984.0
1744886096,kashef-k8s-w1.user-service-547b88cd8f-mbl6h,container_memory_usage_bytes,4071424.0
1744886096,kashef-k8s-ctl.post-storage-mongodb-5579669d8c-ckzsx,container_memory_usage_bytes,60043264.0
1744886096,kashef-k8s-w1.media-frontend-6b66b95ff4-xrdq6,container_memory_usage_bytes,82640896.0
1744886096,kashef-k8s-ctl.home-timeline-redis-6c6647df6f-5vgsk,container_memory_usage_bytes,10387456.0
1744886096,kashef-k8s-ctl.user-timeline-redis-67cc95bc57-klp4b,container_memory_usage_bytes,4046848.0
1744886096,kashef-k8s-w1.social-graph-mongodb-55df767ff5-c86pb,container_memory_usage_bytes,124882944.0
1744886096,kashef-k8s-w1.text-service-fff64b8bf-v9dsr,container_memory_usage_bytes,2125824.0
1744886096,kashef-k8s-ctl.post-storage-memcached-6b75788fc6-gnd8c,container_memory_usage_bytes,2600960.0
1744886096,kashef-k8s-w1.social-graph-redis-5bbd5b7458-tqz7l,container_memory_usage_bytes,10285056.0
1744886096,kashef-k8s-ctl.media-memcached-7889bdfdfb-2thqn,container_memory_usage_bytes,2621440.0
1744886096,kashef-k8s-w1.user-mention-service-5c4f566c5-w4xpc,container_memory_usage_bytes,3657728.0
1744886096,kashef-k8s-w1.user-timeline-service-664c7f6696-fvhv9,container_memory_usage_bytes,2985984.0
1744886096,kashef-k8s-w1.nginx-thrift-79478f9bf5-h66tn,container_memory_usage_bytes,437780480.0
1744886096,kashef-k8s-w1.compose-post-service-f587bf89d-l5zcs,container_memory_usage_bytes,2330624.0
1744886096,kashef-k8s-w1.user-memcached-59687c864d-d5rb5,container_memory_usage_bytes,4837376.0
1744886096,kashef-k8s-ctl.user-timeline-mongodb-6758898d48-gggfw,container_memory_usage_bytes,62218240.0
1744886096,kashef-k8s-ctl.jaeger-67997f9775-tjgc8,container_memory_usage_bytes,10731520.0
1744886096,kashef-k8s-ctl.user-mongodb-7745bbd78-xrw2n,container_memory_usage_bytes,60162048.0
1744886102,kashef-k8s-w1.user-memcached-59687c864d-d5rb5,container_memory_usage_bytes,4837376.0
1744886102,kashef-k8s-ctl.jaeger-67997f9775-tjgc8,container_memory_usage_bytes,10731520.0
1744886102,kashef-k8s-ctl.user-mongodb-7745bbd78-xrw2n,container_memory_usage_bytes,60162048.0
1744886102,kashef-k8s-w1.user-service-547b88cd8f-mbl6h,container_memory_usage_bytes,4071424.0
1744886102,kashef-k8s-w1.nginx-thrift-79478f9bf5-h66tn,container_memory_usage_bytes,437780480.0
1744886102,kashef-k8s-ctl.post-storage-mongodb-5579669d8c-ckzsx,container_memory_usage_bytes,60043264.0
1744886102,kashef-k8s-ctl.url-shorten-memcached-6546746864-pg8xh,container_memory_usage_bytes,2584576.0
1744886102,kashef-k8s-w1.compose-post-service-f587bf89d-l5zcs,container_memory_usage_bytes,2330624.0
1744886102,kashef-k8s-w1.social-graph-mongodb-55df767ff5-c86pb,container_memory_usage_bytes,124882944.0
1744886102,kashef-k8s-w1.user-mention-service-5c4f566c5-w4xpc,container_memory_usage_bytes,3657728.0
1744886102,kashef-k8s-ctl.unique-id-service-694497b678-bzxbf,container_memory_usage_bytes,1921024.0
1744886102,kashef-k8s-ctl.user-timeline-redis-67cc95bc57-klp4b,container_memory_usage_bytes,4046848.0
1744886102,kashef-k8s-ctl.home-timeline-redis-6c6647df6f-5vgsk,container_memory_usage_bytes,10387456.0
1744886102,kashef-k8s-w1.social-graph-redis-5bbd5b7458-tqz7l,container_memory_usage_bytes,10153984.0
1744886102,kashef-k8s-ctl.post-storage-memcached-6b75788fc6-gnd8c,container_memory_usage_bytes,2600960.0
1744886102,kashef-k8s-w1.text-service-fff64b8bf-v9dsr,container_memory_usage_bytes,2125824.0
1744886102,kashef-k8s-ctl.url-shorten-mongodb-57c886d5f8-2m8fs,container_memory_usage_bytes,60289024.0
1744886102,kashef-k8s-w1.home-timeline-service-5754ffbc6d-zp4pr,container_memory_usage_bytes,2514944.0
1744886102,kashef-k8s-ctl.user-timeline-mongodb-6758898d48-gggfw,container_memory_usage_bytes,62218240.0
1744886102,kashef-k8s-w1.post-storage-service-66c9966f5f-nllkd,container_memory_usage_bytes,3203072.0
1744886102,kashef-k8s-w1.url-shorten-service-66949ddcc4-xlfmt,container_memory_usage_bytes,10096640.0
1744886102,kashef-k8s-w1.media-service-6c665c775d-s7hl8,container_memory_usage_bytes,2924544.0
1744886102,kashef-k8s-ctl.media-memcached-7889bdfdfb-2thqn,container_memory_usage_bytes,2621440.0
1744886102,kashef-k8s-w1.media-frontend-6b66b95ff4-xrdq6,container_memory_usage_bytes,82640896.0
1744886102,kashef-k8s-w1.user-timeline-service-664c7f6696-fvhv9,container_memory_usage_bytes,2985984.0
1744886102,kashef-k8s-ctl.media-mongodb-7b64c59567-6ntnm,container_memory_usage_bytes,59543552.0
1744886102,kashef-k8s-ctl.social-graph-service-677dbc655c-2tqbt,container_memory_usage_bytes,2473984.0
1744886108,kashef-k8s-w1.user-mention-service-5c4f566c5-w4xpc,container_memory_usage_bytes,3657728.0
1744886108,kashef-k8s-ctl.user-mongodb-7745bbd78-xrw2n,container_memory_usage_bytes,60162048.0
1744886108,kashef-k8s-w1.user-memcached-59687c864d-d5rb5,container_memory_usage_bytes,4837376.0
1744886108,kashef-k8s-w1.compose-post-service-f587bf89d-l5zcs,container_memory_usage_bytes,2330624.0
1744886108,kashef-k8s-w1.text-service-fff64b8bf-v9dsr,container_memory_usage_bytes,2125824.0
1744886108,kashef-k8s-ctl.home-timeline-redis-6c6647df6f-5vgsk,container_memory_usage_bytes,10387456.0
1744886108,kashef-k8s-ctl.url-shorten-mongodb-57c886d5f8-2m8fs,container_memory_usage_bytes,60289024.0
1744886108,kashef-k8s-w1.social-graph-mongodb-55df767ff5-c86pb,container_memory_usage_bytes,125124608.0
1744886108,kashef-k8s-ctl.social-graph-service-677dbc655c-2tqbt,container_memory_usage_bytes,2473984.0
1744886108,kashef-k8s-w1.media-frontend-6b66b95ff4-xrdq6,container_memory_usage_bytes,82640896.0
1744886108,kashef-k8s-ctl.user-timeline-redis-67cc95bc57-klp4b,container_memory_usage_bytes,4046848.0
1744886108,kashef-k8s-w1.social-graph-redis-5bbd5b7458-tqz7l,container_memory_usage_bytes,10153984.0
1744886108,kashef-k8s-ctl.unique-id-service-694497b678-bzxbf,container_memory_usage_bytes,1921024.0
1744886108,kashef-k8s-w1.nginx-thrift-79478f9bf5-h66tn,container_memory_usage_bytes,437780480.0
1744886108,kashef-k8s-ctl.media-memcached-7889bdfdfb-2thqn,container_memory_usage_bytes,2621440.0
1744886108,kashef-k8s-w1.media-service-6c665c775d-s7hl8,container_memory_usage_bytes,2924544.0
1744886108,kashef-k8s-ctl.post-storage-memcached-6b75788fc6-gnd8c,container_memory_usage_bytes,2600960.0
1744886108,kashef-k8s-w1.home-timeline-service-5754ffbc6d-zp4pr,container_memory_usage_bytes,2514944.0
1744886108,kashef-k8s-ctl.media-mongodb-7b64c59567-6ntnm,container_memory_usage_bytes,59543552.0
1744886108,kashef-k8s-ctl.url-shorten-memcached-6546746864-pg8xh,container_memory_usage_bytes,2584576.0
1744886108,kashef-k8s-ctl.jaeger-67997f9775-tjgc8,container_memory_usage_bytes,10731520.0
1744886108,kashef-k8s-ctl.user-timeline-mongodb-6758898d48-gggfw,container_memory_usage_bytes,62218240.0
1744886108,kashef-k8s-w1.user-service-547b88cd8f-mbl6h,container_memory_usage_bytes,4071424.0
1744886108,kashef-k8s-ctl.post-storage-mongodb-5579669d8c-ckzsx,container_memory_usage_bytes,60043264.0
1744886108,kashef-k8s-w1.url-shorten-service-66949ddcc4-xlfmt,container_memory_usage_bytes,10096640.0
1744886108,kashef-k8s-w1.user-timeline-service-664c7f6696-fvhv9,container_memory_usage_bytes,2985984.0
1744886108,kashef-k8s-w1.post-storage-service-66c9966f5f-nllkd,container_memory_usage_bytes,3203072.0
1744886114,kashef-k8s-w1.user-service-547b88cd8f-mbl6h,container_memory_usage_bytes,4071424.0
1744886114,kashef-k8s-ctl.media-mongodb-7b64c59567-6ntnm,container_memory_usage_bytes,59547648.0
1744886114,kashef-k8s-ctl.media-memcached-7889bdfdfb-2thqn,container_memory_usage_bytes,2621440.0
1744886114,kashef-k8s-w1.home-timeline-service-5754ffbc6d-zp4pr,container_memory_usage_bytes,2514944.0
1744886114,kashef-k8s-ctl.user-timeline-mongodb-6758898d48-gggfw,container_memory_usage_bytes,62218240.0
1744886114,kashef-k8s-w1.url-shorten-service-66949ddcc4-xlfmt,container_memory_usage_bytes,10096640.0
1744886114,kashef-k8s-w1.media-service-6c665c775d-s7hl8,container_memory_usage_bytes,2924544.0
1744886114,kashef-k8s-w1.text-service-fff64b8bf-v9dsr,container_memory_usage_bytes,2125824.0
1744886114,kashef-k8s-ctl.home-timeline-redis-6c6647df6f-5vgsk,container_memory_usage_bytes,10387456.0
1744886114,kashef-k8s-w1.user-mention-service-5c4f566c5-w4xpc,container_memory_usage_bytes,3657728.0
1744886114,kashef-k8s-w1.user-timeline-service-664c7f6696-fvhv9,container_memory_usage_bytes,2985984.0
1744886114,kashef-k8s-w1.media-frontend-6b66b95ff4-xrdq6,container_memory_usage_bytes,82640896.0
1744886114,kashef-k8s-ctl.post-storage-mongodb-5579669d8c-ckzsx,container_memory_usage_bytes,60043264.0
1744886114,kashef-k8s-w1.post-storage-service-66c9966f5f-nllkd,container_memory_usage_bytes,3203072.0
1744886114,kashef-k8s-ctl.url-shorten-mongodb-57c886d5f8-2m8fs,container_memory_usage_bytes,60182528.0
1744886114,kashef-k8s-w1.social-graph-mongodb-55df767ff5-c86pb,container_memory_usage_bytes,125124608.0
1744886114,kashef-k8s-ctl.post-storage-memcached-6b75788fc6-gnd8c,container_memory_usage_bytes,2600960.0
1744886114,kashef-k8s-ctl.url-shorten-memcached-6546746864-pg8xh,container_memory_usage_bytes,2584576.0
1744886114,kashef-k8s-ctl.unique-id-service-694497b678-bzxbf,container_memory_usage_bytes,1921024.0
1744886114,kashef-k8s-ctl.user-timeline-redis-67cc95bc57-klp4b,container_memory_usage_bytes,4046848.0
1744886114,kashef-k8s-w1.social-graph-redis-5bbd5b7458-tqz7l,container_memory_usage_bytes,10153984.0
1744886114,kashef-k8s-w1.compose-post-service-f587bf89d-l5zcs,container_memory_usage_bytes,2330624.0
1744886114,kashef-k8s-w1.nginx-thrift-79478f9bf5-h66tn,container_memory_usage_bytes,437780480.0
1744886114,kashef-k8s-w1.user-memcached-59687c864d-d5rb5,container_memory_usage_bytes,4837376.0
1744886114,kashef-k8s-ctl.jaeger-67997f9775-tjgc8,container_memory_usage_bytes,10731520.0
1744886114,kashef-k8s-ctl.social-graph-service-677dbc655c-2tqbt,container_memory_usage_bytes,2473984.0
1744886114,kashef-k8s-ctl.user-mongodb-7745bbd78-xrw2n,container_memory_usage_bytes,60162048.0
1744886120,kashef-k8s-w1.user-memcached-59687c864d-d5rb5,container_memory_usage_bytes,4837376.0
1744886120,kashef-k8s-ctl.jaeger-67997f9775-tjgc8,container_memory_usage_bytes,10731520.0
1744886120,kashef-k8s-ctl.social-graph-service-677dbc655c-2tqbt,container_memory_usage_bytes,2473984.0
1744886120,kashef-k8s-ctl.user-mongodb-7745bbd78-xrw2n,container_memory_usage_bytes,60678144.0
1744886120,kashef-k8s-w1.compose-post-service-f587bf89d-l5zcs,container_memory_usage_bytes,2330624.0
1744886120,kashef-k8s-ctl.unique-id-service-694497b678-bzxbf,container_memory_usage_bytes,1921024.0
1744886120,kashef-k8s-w1.social-graph-mongodb-55df767ff5-c86pb,container_memory_usage_bytes,125644800.0
1744886120,kashef-k8s-w1.nginx-thrift-79478f9bf5-h66tn,container_memory_usage_bytes,437780480.0
1744886120,kashef-k8s-w1.user-mention-service-5c4f566c5-w4xpc,container_memory_usage_bytes,3657728.0
1744886120,kashef-k8s-w1.social-graph-redis-5bbd5b7458-tqz7l,container_memory_usage_bytes,10153984.0
1744886120,kashef-k8s-ctl.post-storage-mongodb-5579669d8c-ckzsx,container_memory_usage_bytes,60309504.0
1744886120,kashef-k8s-w1.user-timeline-service-664c7f6696-fvhv9,container_memory_usage_bytes,2985984.0
1744886120,kashef-k8s-w1.post-storage-service-66c9966f5f-nllkd,container_memory_usage_bytes,3203072.0
1744886120,kashef-k8s-w1.media-frontend-6b66b95ff4-xrdq6,container_memory_usage_bytes,82640896.0
1744886120,kashef-k8s-ctl.url-shorten-memcached-6546746864-pg8xh,container_memory_usage_bytes,2584576.0
1744886120,kashef-k8s-ctl.post-storage-memcached-6b75788fc6-gnd8c,container_memory_usage_bytes,2600960.0
1744886120,kashef-k8s-ctl.media-memcached-7889bdfdfb-2thqn,container_memory_usage_bytes,2621440.0
1744886120,kashef-k8s-ctl.url-shorten-mongodb-57c886d5f8-2m8fs,container_memory_usage_bytes,60182528.0
1744886120,kashef-k8s-ctl.user-timeline-mongodb-6758898d48-gggfw,container_memory_usage_bytes,62951424.0
1744886120,kashef-k8s-w1.home-timeline-service-5754ffbc6d-zp4pr,container_memory_usage_bytes,2514944.0
1744886120,kashef-k8s-w1.media-service-6c665c775d-s7hl8,container_memory_usage_bytes,2924544.0
1744886120,kashef-k8s-w1.url-shorten-service-66949ddcc4-xlfmt,container_memory_usage_bytes,10096640.0
1744886120,kashef-k8s-ctl.user-timeline-redis-67cc95bc57-klp4b,container_memory_usage_bytes,4046848.0
1744886120,kashef-k8s-ctl.media-mongodb-7b64c59567-6ntnm,container_memory_usage_bytes,59547648.0
1744886120,kashef-k8s-w1.user-service-547b88cd8f-mbl6h,container_memory_usage_bytes,4071424.0
1744886120,kashef-k8s-w1.text-service-fff64b8bf-v9dsr,container_memory_usage_bytes,2125824.0
1744886120,kashef-k8s-ctl.home-timeline-redis-6c6647df6f-5vgsk,container_memory_usage_bytes,10256384.0
1744886126,kashef-k8s-w1.social-graph-redis-5bbd5b7458-tqz7l,container_memory_usage_bytes,10158080.0
1744886126,kashef-k8s-w1.compose-post-service-f587bf89d-l5zcs,container_memory_usage_bytes,2330624.0
1744886126,kashef-k8s-ctl.user-mongodb-7745bbd78-xrw2n,container_memory_usage_bytes,60678144.0
1744886126,kashef-k8s-ctl.unique-id-service-694497b678-bzxbf,container_memory_usage_bytes,1921024.0
1744886126,kashef-k8s-ctl.user-timeline-redis-67cc95bc57-klp4b,container_memory_usage_bytes,4046848.0
1744886126,kashef-k8s-w1.user-timeline-service-664c7f6696-fvhv9,container_memory_usage_bytes,2985984.0
1744886126,kashef-k8s-w1.media-frontend-6b66b95ff4-xrdq6,container_memory_usage_bytes,112619520.0
1744886126,kashef-k8s-ctl.jaeger-67997f9775-tjgc8,container_memory_usage_bytes,10731520.0
1744886126,kashef-k8s-ctl.social-graph-service-677dbc655c-2tqbt,container_memory_usage_bytes,2473984.0
1744886126,kashef-k8s-ctl.post-storage-memcached-6b75788fc6-gnd8c,container_memory_usage_bytes,2600960.0
1744886126,kashef-k8s-w1.user-mention-service-5c4f566c5-w4xpc,container_memory_usage_bytes,3657728.0
1744886126,kashef-k8s-ctl.url-shorten-memcached-6546746864-pg8xh,container_memory_usage_bytes,2584576.0
1744886126,kashef-k8s-w1.post-storage-service-66c9966f5f-nllkd,container_memory_usage_bytes,3203072.0
1744886126,kashef-k8s-w1.nginx-thrift-79478f9bf5-h66tn,container_memory_usage_bytes,437780480.0
1744886126,kashef-k8s-ctl.post-storage-mongodb-5579669d8c-ckzsx,container_memory_usage_bytes,60309504.0
1744886126,kashef-k8s-w1.url-shorten-service-66949ddcc4-xlfmt,container_memory_usage_bytes,10096640.0
1744886126,kashef-k8s-ctl.home-timeline-redis-6c6647df6f-5vgsk,container_memory_usage_bytes,10256384.0
1744886126,kashef-k8s-w1.text-service-fff64b8bf-v9dsr,container_memory_usage_bytes,2125824.0
1744886126,kashef-k8s-w1.media-service-6c665c775d-s7hl8,container_memory_usage_bytes,2924544.0
1744886126,kashef-k8s-ctl.url-shorten-mongodb-57c886d5f8-2m8fs,container_memory_usage_bytes,60182528.0
1744886126,kashef-k8s-ctl.media-memcached-7889bdfdfb-2thqn,container_memory_usage_bytes,2621440.0
1744886126,kashef-k8s-ctl.user-timeline-mongodb-6758898d48-gggfw,container_memory_usage_bytes,62951424.0
1744886126,kashef-k8s-w1.home-timeline-service-5754ffbc6d-zp4pr,container_memory_usage_bytes,2514944.0
1744886126,kashef-k8s-w1.social-graph-mongodb-55df767ff5-c86pb,container_memory_usage_bytes,125644800.0
1744886126,kashef-k8s-w1.user-service-547b88cd8f-mbl6h,container_memory_usage_bytes,4071424.0
1744886126,kashef-k8s-ctl.media-mongodb-7b64c59567-6ntnm,container_memory_usage_bytes,59547648.0
1744886126,kashef-k8s-w1.user-memcached-59687c864d-d5rb5,container_memory_usage_bytes,4837376.0
1744886132,kashef-k8s-w1.compose-post-service-f587bf89d-l5zcs,container_memory_usage_bytes,2330624.0
1744886132,kashef-k8s-w1.home-timeline-service-5754ffbc6d-zp4pr,container_memory_usage_bytes,2514944.0
1744886132,kashef-k8s-ctl.post-storage-mongodb-5579669d8c-ckzsx,container_memory_usage_bytes,60309504.0
1744886132,kashef-k8s-w1.url-shorten-service-66949ddcc4-xlfmt,container_memory_usage_bytes,10096640.0
1744886132,kashef-k8s-w1.media-service-6c665c775d-s7hl8,container_memory_usage_bytes,2924544.0
1744886132,kashef-k8s-w1.text-service-fff64b8bf-v9dsr,container_memory_usage_bytes,2125824.0
1744886132,kashef-k8s-ctl.url-shorten-memcached-6546746864-pg8xh,container_memory_usage_bytes,2584576.0
1744886132,kashef-k8s-w1.social-graph-redis-5bbd5b7458-tqz7l,container_memory_usage_bytes,10158080.0
1744886132,kashef-k8s-w1.user-timeline-service-664c7f6696-fvhv9,container_memory_usage_bytes,2985984.0
1744886132,kashef-k8s-w1.media-frontend-6b66b95ff4-xrdq6,container_memory_usage_bytes,112619520.0
1744886132,kashef-k8s-ctl.jaeger-67997f9775-tjgc8,container_memory_usage_bytes,10731520.0
1744886132,kashef-k8s-ctl.social-graph-service-677dbc655c-2tqbt,container_memory_usage_bytes,2473984.0
1744886132,kashef-k8s-w1.social-graph-mongodb-55df767ff5-c86pb,container_memory_usage_bytes,125644800.0
1744886132,kashef-k8s-ctl.media-memcached-7889bdfdfb-2thqn,container_memory_usage_bytes,2621440.0
1744886132,kashef-k8s-ctl.post-storage-memcached-6b75788fc6-gnd8c,container_memory_usage_bytes,2600960.0
1744886132,kashef-k8s-ctl.unique-id-service-694497b678-bzxbf,container_memory_usage_bytes,1921024.0
1744886132,kashef-k8s-w1.user-service-547b88cd8f-mbl6h,container_memory_usage_bytes,4071424.0
1744886132,kashef-k8s-ctl.home-timeline-redis-6c6647df6f-5vgsk,container_memory_usage_bytes,10256384.0
1744886132,kashef-k8s-w1.post-storage-service-66c9966f5f-nllkd,container_memory_usage_bytes,3203072.0
1744886132,kashef-k8s-ctl.user-timeline-redis-67cc95bc57-klp4b,container_memory_usage_bytes,4046848.0
1744886132,kashef-k8s-ctl.url-shorten-mongodb-57c886d5f8-2m8fs,container_memory_usage_bytes,60182528.0
1744886132,kashef-k8s-w1.user-mention-service-5c4f566c5-w4xpc,container_memory_usage_bytes,3657728.0
1744886132,kashef-k8s-ctl.media-mongodb-7b64c59567-6ntnm,container_memory_usage_bytes,59547648.0
1744886132,kashef-k8s-w1.user-memcached-59687c864d-d5rb5,container_memory_usage_bytes,4837376.0
1744886132,kashef-k8s-ctl.user-mongodb-7745bbd78-xrw2n,container_memory_usage_bytes,60678144.0
1744886132,kashef-k8s-ctl.user-timeline-mongodb-6758898d48-gggfw,container_memory_usage_bytes,62951424.0
1744886132,kashef-k8s-w1.nginx-thrift-79478f9bf5-h66tn,container_memory_usage_bytes,437780480.0
1744886138,kashef-k8s-ctl.url-shorten-memcached-6546746864-pg8xh,container_memory_usage_bytes,2584576.0
1744886138,kashef-k8s-ctl.user-timeline-mongodb-6758898d48-gggfw,container_memory_usage_bytes,62951424.0
1744886138,kashef-k8s-w1.compose-post-service-f587bf89d-l5zcs,container_memory_usage_bytes,2330624.0
1744886138,kashef-k8s-ctl.post-storage-mongodb-5579669d8c-ckzsx,container_memory_usage_bytes,60309504.0
1744886138,kashef-k8s-ctl.url-shorten-mongodb-57c886d5f8-2m8fs,container_memory_usage_bytes,60182528.0
1744886138,kashef-k8s-w1.user-mention-service-5c4f566c5-w4xpc,container_memory_usage_bytes,3657728.0
1744886138,kashef-k8s-ctl.user-mongodb-7745bbd78-xrw2n,container_memory_usage_bytes,60678144.0
1744886138,kashef-k8s-w1.nginx-thrift-79478f9bf5-h66tn,container_memory_usage_bytes,437780480.0
1744886138,kashef-k8s-ctl.media-mongodb-7b64c59567-6ntnm,container_memory_usage_bytes,59547648.0
1744886138,kashef-k8s-ctl.unique-id-service-694497b678-bzxbf,container_memory_usage_bytes,1921024.0
1744886138,kashef-k8s-ctl.media-memcached-7889bdfdfb-2thqn,container_memory_usage_bytes,2621440.0
1744886138,kashef-k8s-ctl.home-timeline-redis-6c6647df6f-5vgsk,container_memory_usage_bytes,10252288.0
1744886138,kashef-k8s-ctl.post-storage-memcached-6b75788fc6-gnd8c,container_memory_usage_bytes,2600960.0
1744886138,kashef-k8s-w1.user-timeline-service-664c7f6696-fvhv9,container_memory_usage_bytes,2985984.0
1744886138,kashef-k8s-ctl.user-timeline-redis-67cc95bc57-klp4b,container_memory_usage_bytes,4046848.0
1744886138,kashef-k8s-w1.user-service-547b88cd8f-mbl6h,container_memory_usage_bytes,4071424.0
1744886138,kashef-k8s-w1.social-graph-mongodb-55df767ff5-c86pb,container_memory_usage_bytes,125644800.0
1744886138,kashef-k8s-w1.media-frontend-6b66b95ff4-xrdq6,container_memory_usage_bytes,112619520.0
1744886138,kashef-k8s-w1.text-service-fff64b8bf-v9dsr,container_memory_usage_bytes,2125824.0
1744886138,kashef-k8s-w1.media-service-6c665c775d-s7hl8,container_memory_usage_bytes,2924544.0
1744886138,kashef-k8s-w1.social-graph-redis-5bbd5b7458-tqz7l,container_memory_usage_bytes,10158080.0
1744886138,kashef-k8s-w1.post-storage-service-66c9966f5f-nllkd,container_memory_usage_bytes,3203072.0
1744886138,kashef-k8s-w1.url-shorten-service-66949ddcc4-xlfmt,container_memory_usage_bytes,10096640.0
1744886138,kashef-k8s-w1.user-memcached-59687c864d-d5rb5,container_memory_usage_bytes,4837376.0
1744886138,kashef-k8s-w1.home-timeline-service-5754ffbc6d-zp4pr,container_memory_usage_bytes,2514944.0
1744886138,kashef-k8s-ctl.jaeger-67997f9775-tjgc8,container_memory_usage_bytes,10731520.0
1744886138,kashef-k8s-ctl.social-graph-service-677dbc655c-2tqbt,container_memory_usage_bytes,2473984.0
1744886144,kashef-k8s-ctl.url-shorten-mongodb-57c886d5f8-2m8fs,container_memory_usage_bytes,60182528.0
1744886144,kashef-k8s-ctl.user-timeline-mongodb-6758898d48-gggfw,container_memory_usage_bytes,62951424.0
1744886144,kashef-k8s-ctl.url-shorten-memcached-6546746864-pg8xh,container_memory_usage_bytes,2584576.0
1744886144,kashef-k8s-w1.nginx-thrift-79478f9bf5-h66tn,container_memory_usage_bytes,437780480.0
1744886144,kashef-k8s-w1.user-memcached-59687c864d-d5rb5,container_memory_usage_bytes,4837376.0
1744886144,kashef-k8s-ctl.home-timeline-redis-6c6647df6f-5vgsk,container_memory_usage_bytes,10252288.0
1744886144,kashef-k8s-ctl.unique-id-service-694497b678-bzxbf,container_memory_usage_bytes,1921024.0
1744886144,kashef-k8s-w1.user-timeline-service-664c7f6696-fvhv9,container_memory_usage_bytes,2985984.0
1744886144,kashef-k8s-ctl.media-mongodb-7b64c59567-6ntnm,container_memory_usage_bytes,59547648.0
1744886144,kashef-k8s-w1.social-graph-mongodb-55df767ff5-c86pb,container_memory_usage_bytes,125644800.0
1744886144,kashef-k8s-w1.post-storage-service-66c9966f5f-nllkd,container_memory_usage_bytes,3203072.0
1744886144,kashef-k8s-w1.user-service-547b88cd8f-mbl6h,container_memory_usage_bytes,4071424.0
1744886144,kashef-k8s-ctl.user-timeline-redis-67cc95bc57-klp4b,container_memory_usage_bytes,4046848.0
1744886144,kashef-k8s-w1.compose-post-service-f587bf89d-l5zcs,container_memory_usage_bytes,2330624.0
1744886144,kashef-k8s-ctl.post-storage-mongodb-5579669d8c-ckzsx,container_memory_usage_bytes,60440576.0
1744886144,kashef-k8s-ctl.media-memcached-7889bdfdfb-2thqn,container_memory_usage_bytes,2621440.0
1744886144,kashef-k8s-ctl.jaeger-67997f9775-tjgc8,container_memory_usage_bytes,10813440.0
1744886144,kashef-k8s-w1.media-frontend-6b66b95ff4-xrdq6,container_memory_usage_bytes,112619520.0
1744886144,kashef-k8s-ctl.social-graph-service-677dbc655c-2tqbt,container_memory_usage_bytes,2473984.0
1744886144,kashef-k8s-w1.url-shorten-service-66949ddcc4-xlfmt,container_memory_usage_bytes,10096640.0
1744886144,kashef-k8s-ctl.post-storage-memcached-6b75788fc6-gnd8c,container_memory_usage_bytes,2600960.0
1744886144,kashef-k8s-w1.user-mention-service-5c4f566c5-w4xpc,container_memory_usage_bytes,3657728.0
1744886144,kashef-k8s-w1.media-service-6c665c775d-s7hl8,container_memory_usage_bytes,2924544.0
1744886144,kashef-k8s-w1.social-graph-redis-5bbd5b7458-tqz7l,container_memory_usage_bytes,10158080.0
1744886144,kashef-k8s-ctl.user-mongodb-7745bbd78-xrw2n,container_memory_usage_bytes,60678144.0
1744886144,kashef-k8s-w1.text-service-fff64b8bf-v9dsr,container_memory_usage_bytes,2125824.0
1744886144,kashef-k8s-w1.home-timeline-service-5754ffbc6d-zp4pr,container_memory_usage_bytes,2514944.0
1744886150,kashef-k8s-ctl.post-storage-mongodb-5579669d8c-ckzsx,container_memory_usage_bytes,60440576.0
1744886150,kashef-k8s-ctl.media-memcached-7889bdfdfb-2thqn,container_memory_usage_bytes,2621440.0
1744886150,kashef-k8s-ctl.post-storage-memcached-6b75788fc6-gnd8c,container_memory_usage_bytes,2600960.0
1744886150,kashef-k8s-ctl.unique-id-service-694497b678-bzxbf,container_memory_usage_bytes,1921024.0
1744886150,kashef-k8s-w1.home-timeline-service-5754ffbc6d-zp4pr,container_memory_usage_bytes,2514944.0
1744886150,kashef-k8s-ctl.user-mongodb-7745bbd78-xrw2n,container_memory_usage_bytes,60702720.0
1744886150,kashef-k8s-ctl.user-timeline-redis-67cc95bc57-klp4b,container_memory_usage_bytes,4046848.0
1744886150,kashef-k8s-w1.user-service-547b88cd8f-mbl6h,container_memory_usage_bytes,4071424.0
1744886150,kashef-k8s-ctl.home-timeline-redis-6c6647df6f-5vgsk,container_memory_usage_bytes,10252288.0
1744886150,kashef-k8s-w1.social-graph-mongodb-55df767ff5-c86pb,container_memory_usage_bytes,125456384.0
1744886150,kashef-k8s-w1.user-timeline-service-664c7f6696-fvhv9,container_memory_usage_bytes,2985984.0
1744886150,kashef-k8s-ctl.media-mongodb-7b64c59567-6ntnm,container_memory_usage_bytes,60133376.0
1744886150,kashef-k8s-w1.url-shorten-service-66949ddcc4-xlfmt,container_memory_usage_bytes,10096640.0
1744886150,kashef-k8s-w1.media-frontend-6b66b95ff4-xrdq6,container_memory_usage_bytes,112619520.0
1744886150,kashef-k8s-w1.user-memcached-59687c864d-d5rb5,container_memory_usage_bytes,4837376.0
1744886150,kashef-k8s-w1.nginx-thrift-79478f9bf5-h66tn,container_memory_usage_bytes,437780480.0
1744886150,kashef-k8s-w1.post-storage-service-66c9966f5f-nllkd,container_memory_usage_bytes,3203072.0
1744886150,kashef-k8s-w1.social-graph-redis-5bbd5b7458-tqz7l,container_memory_usage_bytes,10158080.0
1744886150,kashef-k8s-w1.user-mention-service-5c4f566c5-w4xpc,container_memory_usage_bytes,3657728.0
1744886150,kashef-k8s-ctl.jaeger-67997f9775-tjgc8,container_memory_usage_bytes,10813440.0
1744886150,kashef-k8s-ctl.url-shorten-mongodb-57c886d5f8-2m8fs,container_memory_usage_bytes,60518400.0
1744886150,kashef-k8s-w1.media-service-6c665c775d-s7hl8,container_memory_usage_bytes,2924544.0
1744886150,kashef-k8s-ctl.url-shorten-memcached-6546746864-pg8xh,container_memory_usage_bytes,2584576.0
1744886150,kashef-k8s-ctl.social-graph-service-677dbc655c-2tqbt,container_memory_usage_bytes,2473984.0
1744886150,kashef-k8s-w1.compose-post-service-f587bf89d-l5zcs,container_memory_usage_bytes,2330624.0
1744886150,kashef-k8s-ctl.user-timeline-mongodb-6758898d48-gggfw,container_memory_usage_bytes,62955520.0
1744886150,kashef-k8s-w1.text-service-fff64b8bf-v9dsr,container_memory_usage_bytes,2125824.0
1744886156,kashef-k8s-w1.home-timeline-service-5754ffbc6d-zp4pr,container_memory_usage_bytes,2514944.0
1744886156,kashef-k8s-w1.user-memcached-59687c864d-d5rb5,container_memory_usage_bytes,4837376.0
1744886156,kashef-k8s-ctl.post-storage-mongodb-5579669d8c-ckzsx,container_memory_usage_bytes,60440576.0
1744886156,kashef-k8s-ctl.user-timeline-mongodb-6758898d48-gggfw,container_memory_usage_bytes,62955520.0
1744886156,kashef-k8s-ctl.jaeger-67997f9775-tjgc8,container_memory_usage_bytes,10813440.0
1744886156,kashef-k8s-w1.user-timeline-service-664c7f6696-fvhv9,container_memory_usage_bytes,2985984.0
1744886156,kashef-k8s-w1.media-service-6c665c775d-s7hl8,container_memory_usage_bytes,2924544.0
1744886156,kashef-k8s-w1.social-graph-mongodb-55df767ff5-c86pb,container_memory_usage_bytes,125456384.0
1744886156,kashef-k8s-w1.post-storage-service-66c9966f5f-nllkd,container_memory_usage_bytes,3203072.0
1744886156,kashef-k8s-ctl.home-timeline-redis-6c6647df6f-5vgsk,container_memory_usage_bytes,10252288.0
1744886156,kashef-k8s-w1.user-service-547b88cd8f-mbl6h,container_memory_usage_bytes,4071424.0
1744886156,kashef-k8s-w1.url-shorten-service-66949ddcc4-xlfmt,container_memory_usage_bytes,10096640.0
1744886156,kashef-k8s-ctl.media-mongodb-7b64c59567-6ntnm,container_memory_usage_bytes,60133376.0
1744886156,kashef-k8s-ctl.user-timeline-redis-67cc95bc57-klp4b,container_memory_usage_bytes,4046848.0
1744886156,kashef-k8s-ctl.media-memcached-7889bdfdfb-2thqn,container_memory_usage_bytes,2621440.0
1744886156,kashef-k8s-w1.text-service-fff64b8bf-v9dsr,container_memory_usage_bytes,2125824.0
1744886156,kashef-k8s-ctl.unique-id-service-694497b678-bzxbf,container_memory_usage_bytes,1921024.0
1744886156,kashef-k8s-ctl.url-shorten-memcached-6546746864-pg8xh,container_memory_usage_bytes,2584576.0
1744886156,kashef-k8s-ctl.post-storage-memcached-6b75788fc6-gnd8c,container_memory_usage_bytes,2600960.0
1744886156,kashef-k8s-w1.nginx-thrift-79478f9bf5-h66tn,container_memory_usage_bytes,437780480.0
1744886156,kashef-k8s-w1.media-frontend-6b66b95ff4-xrdq6,container_memory_usage_bytes,140247040.0
1744886156,kashef-k8s-ctl.social-graph-service-677dbc655c-2tqbt,container_memory_usage_bytes,2473984.0
1744886156,kashef-k8s-ctl.user-mongodb-7745bbd78-xrw2n,container_memory_usage_bytes,60702720.0
1744886156,kashef-k8s-w1.social-graph-redis-5bbd5b7458-tqz7l,container_memory_usage_bytes,10285056.0
1744886156,kashef-k8s-w1.compose-post-service-f587bf89d-l5zcs,container_memory_usage_bytes,2330624.0
1744886156,kashef-k8s-ctl.url-shorten-mongodb-57c886d5f8-2m8fs,container_memory_usage_bytes,60518400.0
1744886156,kashef-k8s-w1.user-mention-service-5c4f566c5-w4xpc,container_memory_usage_bytes,3657728.0
1744886162,kashef-k8s-ctl.url-shorten-mongodb-57c886d5f8-2m8fs,container_memory_usage_bytes,60518400.0
1744886162,kashef-k8s-w1.user-mention-service-5c4f566c5-w4xpc,container_memory_usage_bytes,3657728.0
1744886162,kashef-k8s-ctl.user-mongodb-7745bbd78-xrw2n,container_memory_usage_bytes,60702720.0
1744886162,kashef-k8s-w1.media-service-6c665c775d-s7hl8,container_memory_usage_bytes,2924544.0
1744886162,kashef-k8s-w1.nginx-thrift-79478f9bf5-h66tn,container_memory_usage_bytes,437780480.0
1744886162,kashef-k8s-ctl.unique-id-service-694497b678-bzxbf,container_memory_usage_bytes,1921024.0
1744886162,kashef-k8s-w1.compose-post-service-f587bf89d-l5zcs,container_memory_usage_bytes,2330624.0
1744886162,kashef-k8s-w1.media-frontend-6b66b95ff4-xrdq6,container_memory_usage_bytes,140247040.0
1744886162,kashef-k8s-w1.user-service-547b88cd8f-mbl6h,container_memory_usage_bytes,4071424.0
1744886162,kashef-k8s-w1.social-graph-mongodb-55df767ff5-c86pb,container_memory_usage_bytes,125456384.0
1744886162,kashef-k8s-w1.url-shorten-service-66949ddcc4-xlfmt,container_memory_usage_bytes,10096640.0
1744886162,kashef-k8s-ctl.media-mongodb-7b64c59567-6ntnm,container_memory_usage_bytes,60133376.0
1744886162,kashef-k8s-w1.user-timeline-service-664c7f6696-fvhv9,container_memory_usage_bytes,2985984.0
1744886162,kashef-k8s-w1.post-storage-service-66c9966f5f-nllkd,container_memory_usage_bytes,3203072.0
1744886162,kashef-k8s-w1.social-graph-redis-5bbd5b7458-tqz7l,container_memory_usage_bytes,10285056.0
1744886162,kashef-k8s-ctl.home-timeline-redis-6c6647df6f-5vgsk,container_memory_usage_bytes,10252288.0
1744886162,kashef-k8s-ctl.post-storage-memcached-6b75788fc6-gnd8c,container_memory_usage_bytes,2600960.0
1744886162,kashef-k8s-w1.text-service-fff64b8bf-v9dsr,container_memory_usage_bytes,2125824.0
1744886162,kashef-k8s-ctl.social-graph-service-677dbc655c-2tqbt,container_memory_usage_bytes,2473984.0
1744886162,kashef-k8s-w1.user-memcached-59687c864d-d5rb5,container_memory_usage_bytes,4837376.0
1744886162,kashef-k8s-ctl.user-timeline-mongodb-6758898d48-gggfw,container_memory_usage_bytes,62955520.0
1744886162,kashef-k8s-ctl.post-storage-mongodb-5579669d8c-ckzsx,container_memory_usage_bytes,60440576.0
1744886162,kashef-k8s-ctl.jaeger-67997f9775-tjgc8,container_memory_usage_bytes,10813440.0
1744886162,kashef-k8s-ctl.media-memcached-7889bdfdfb-2thqn,container_memory_usage_bytes,2621440.0
1744886162,kashef-k8s-ctl.url-shorten-memcached-6546746864-pg8xh,container_memory_usage_bytes,2584576.0
1744886162,kashef-k8s-w1.home-timeline-service-5754ffbc6d-zp4pr,container_memory_usage_bytes,2514944.0
1744886162,kashef-k8s-ctl.user-timeline-redis-67cc95bc57-klp4b,container_memory_usage_bytes,4046848.0
1744886168,kashef-k8s-ctl.user-timeline-redis-67cc95bc57-klp4b,container_memory_usage_bytes,4046848.0
1744886168,kashef-k8s-w1.compose-post-service-f587bf89d-l5zcs,container_memory_usage_bytes,2330624.0
1744886168,kashef-k8s-ctl.user-timeline-mongodb-6758898d48-gggfw,container_memory_usage_bytes,62955520.0
1744886168,kashef-k8s-w1.social-graph-redis-5bbd5b7458-tqz7l,container_memory_usage_bytes,10285056.0
1744886168,kashef-k8s-w1.user-mention-service-5c4f566c5-w4xpc,container_memory_usage_bytes,3657728.0
1744886168,kashef-k8s-w1.user-service-547b88cd8f-mbl6h,container_memory_usage_bytes,4071424.0
1744886168,kashef-k8s-w1.post-storage-service-66c9966f5f-nllkd,container_memory_usage_bytes,3203072.0
1744886168,kashef-k8s-w1.url-shorten-service-66949ddcc4-xlfmt,container_memory_usage_bytes,10096640.0
1744886168,kashef-k8s-w1.nginx-thrift-79478f9bf5-h66tn,container_memory_usage_bytes,437780480.0
1744886168,kashef-k8s-w1.social-graph-mongodb-55df767ff5-c86pb,container_memory_usage_bytes,125456384.0
1744886168,kashef-k8s-ctl.media-mongodb-7b64c59567-6ntnm,container_memory_usage_bytes,60133376.0
1744886168,kashef-k8s-w1.user-timeline-service-664c7f6696-fvhv9,container_memory_usage_bytes,2985984.0
1744886168,kashef-k8s-ctl.unique-id-service-694497b678-bzxbf,container_memory_usage_bytes,1921024.0
1744886168,kashef-k8s-w1.media-frontend-6b66b95ff4-xrdq6,container_memory_usage_bytes,140247040.0
1744886168,kashef-k8s-w1.media-service-6c665c775d-s7hl8,container_memory_usage_bytes,2924544.0
1744886168,kashef-k8s-ctl.url-shorten-mongodb-57c886d5f8-2m8fs,container_memory_usage_bytes,60518400.0
1744886168,kashef-k8s-w1.home-timeline-service-5754ffbc6d-zp4pr,container_memory_usage_bytes,2514944.0
1744886168,kashef-k8s-ctl.home-timeline-redis-6c6647df6f-5vgsk,container_memory_usage_bytes,10252288.0
1744886168,kashef-k8s-w1.user-memcached-59687c864d-d5rb5,container_memory_usage_bytes,4837376.0
1744886168,kashef-k8s-ctl.url-shorten-memcached-6546746864-pg8xh,container_memory_usage_bytes,2584576.0
1744886168,kashef-k8s-ctl.user-mongodb-7745bbd78-xrw2n,container_memory_usage_bytes,60702720.0
1744886168,kashef-k8s-ctl.social-graph-service-677dbc655c-2tqbt,container_memory_usage_bytes,2473984.0
1744886168,kashef-k8s-ctl.media-memcached-7889bdfdfb-2thqn,container_memory_usage_bytes,2621440.0
1744886168,kashef-k8s-ctl.post-storage-memcached-6b75788fc6-gnd8c,container_memory_usage_bytes,2600960.0
1744886168,kashef-k8s-w1.text-service-fff64b8bf-v9dsr,container_memory_usage_bytes,2125824.0
1744886168,kashef-k8s-ctl.post-storage-mongodb-5579669d8c-ckzsx,container_memory_usage_bytes,60440576.0
1744886168,kashef-k8s-ctl.jaeger-67997f9775-tjgc8,container_memory_usage_bytes,10813440.0
1744886174,kashef-k8s-ctl.social-graph-service-677dbc655c-2tqbt,container_memory_usage_bytes,2473984.0
1744886174,kashef-k8s-ctl.jaeger-67997f9775-tjgc8,container_memory_usage_bytes,10813440.0
1744886174,kashef-k8s-ctl.post-storage-memcached-6b75788fc6-gnd8c,container_memory_usage_bytes,2600960.0
1744886174,kashef-k8s-w1.text-service-fff64b8bf-v9dsr,container_memory_usage_bytes,2125824.0
1744886174,kashef-k8s-w1.user-service-547b88cd8f-mbl6h,container_memory_usage_bytes,4071424.0
1744886174,kashef-k8s-w1.post-storage-service-66c9966f5f-nllkd,container_memory_usage_bytes,3203072.0
1744886174,kashef-k8s-ctl.media-memcached-7889bdfdfb-2thqn,container_memory_usage_bytes,2621440.0
1744886174,kashef-k8s-ctl.unique-id-service-694497b678-bzxbf,container_memory_usage_bytes,1921024.0
1744886174,kashef-k8s-ctl.home-timeline-redis-6c6647df6f-5vgsk,container_memory_usage_bytes,10252288.0
1744886174,kashef-k8s-w1.home-timeline-service-5754ffbc6d-zp4pr,container_memory_usage_bytes,2514944.0
1744886174,kashef-k8s-w1.social-graph-mongodb-55df767ff5-c86pb,container_memory_usage_bytes,125456384.0
1744886174,kashef-k8s-w1.media-frontend-6b66b95ff4-xrdq6,container_memory_usage_bytes,140247040.0
1744886174,kashef-k8s-w1.social-graph-redis-5bbd5b7458-tqz7l,container_memory_usage_bytes,10285056.0
1744886174,kashef-k8s-ctl.user-timeline-mongodb-6758898d48-gggfw,container_memory_usage_bytes,62955520.0
1744886174,kashef-k8s-ctl.user-timeline-redis-67cc95bc57-klp4b,container_memory_usage_bytes,4046848.0
1744886174,kashef-k8s-w1.compose-post-service-f587bf89d-l5zcs,container_memory_usage_bytes,2330624.0
1744886174,kashef-k8s-w1.user-memcached-59687c864d-d5rb5,container_memory_usage_bytes,4837376.0
1744886174,kashef-k8s-ctl.url-shorten-memcached-6546746864-pg8xh,container_memory_usage_bytes,2584576.0
1744886174,kashef-k8s-ctl.post-storage-mongodb-5579669d8c-ckzsx,container_memory_usage_bytes,60469248.0
1744886174,kashef-k8s-ctl.user-mongodb-7745bbd78-xrw2n,container_memory_usage_bytes,60702720.0
1744886174,kashef-k8s-w1.user-mention-service-5c4f566c5-w4xpc,container_memory_usage_bytes,3657728.0
1744886174,kashef-k8s-w1.media-service-6c665c775d-s7hl8,container_memory_usage_bytes,2924544.0
1744886174,kashef-k8s-ctl.media-mongodb-7b64c59567-6ntnm,container_memory_usage_bytes,60153856.0
1744886174,kashef-k8s-ctl.url-shorten-mongodb-57c886d5f8-2m8fs,container_memory_usage_bytes,60669952.0
1744886174,kashef-k8s-w1.url-shorten-service-66949ddcc4-xlfmt,container_memory_usage_bytes,10096640.0
1744886174,kashef-k8s-w1.user-timeline-service-664c7f6696-fvhv9,container_memory_usage_bytes,2985984.0
1744886174,kashef-k8s-w1.nginx-thrift-79478f9bf5-h66tn,container_memory_usage_bytes,437780480.0
1744886180,kashef-k8s-ctl.media-memcached-7889bdfdfb-2thqn,container_memory_usage_bytes,2621440.0
1744886180,kashef-k8s-w1.post-storage-service-66c9966f5f-nllkd,container_memory_usage_bytes,3203072.0
1744886180,kashef-k8s-ctl.home-timeline-redis-6c6647df6f-5vgsk,container_memory_usage_bytes,10387456.0
1744886180,kashef-k8s-w1.user-service-547b88cd8f-mbl6h,container_memory_usage_bytes,4071424.0
1744886180,kashef-k8s-ctl.jaeger-67997f9775-tjgc8,container_memory_usage_bytes,10813440.0
1744886180,kashef-k8s-w1.media-frontend-6b66b95ff4-xrdq6,container_memory_usage_bytes,140247040.0
1744886180,kashef-k8s-w1.home-timeline-service-5754ffbc6d-zp4pr,container_memory_usage_bytes,2514944.0
1744886180,kashef-k8s-w1.social-graph-mongodb-55df767ff5-c86pb,container_memory_usage_bytes,125456384.0
1744886180,kashef-k8s-w1.nginx-thrift-79478f9bf5-h66tn,container_memory_usage_bytes,439689216.0
1744886180,kashef-k8s-ctl.user-timeline-redis-67cc95bc57-klp4b,container_memory_usage_bytes,4075520.0
1744886180,kashef-k8s-ctl.unique-id-service-694497b678-bzxbf,container_memory_usage_bytes,1921024.0
1744886180,kashef-k8s-w1.social-graph-redis-5bbd5b7458-tqz7l,container_memory_usage_bytes,10285056.0
1744886180,kashef-k8s-ctl.user-timeline-mongodb-6758898d48-gggfw,container_memory_usage_bytes,62930944.0
1744886180,kashef-k8s-ctl.post-storage-memcached-6b75788fc6-gnd8c,container_memory_usage_bytes,2600960.0
1744886180,kashef-k8s-w1.user-mention-service-5c4f566c5-w4xpc,container_memory_usage_bytes,3657728.0
1744886180,kashef-k8s-ctl.social-graph-service-677dbc655c-2tqbt,container_memory_usage_bytes,2473984.0
1744886180,kashef-k8s-w1.text-service-fff64b8bf-v9dsr,container_memory_usage_bytes,2125824.0
1744886180,kashef-k8s-ctl.post-storage-mongodb-5579669d8c-ckzsx,container_memory_usage_bytes,60469248.0
1744886180,kashef-k8s-ctl.user-mongodb-7745bbd78-xrw2n,container_memory_usage_bytes,60854272.0
1744886180,kashef-k8s-w1.compose-post-service-f587bf89d-l5zcs,container_memory_usage_bytes,2330624.0
1744886180,kashef-k8s-w1.user-timeline-service-664c7f6696-fvhv9,container_memory_usage_bytes,2985984.0
1744886180,kashef-k8s-ctl.url-shorten-memcached-6546746864-pg8xh,container_memory_usage_bytes,2584576.0
1744886180,kashef-k8s-ctl.media-mongodb-7b64c59567-6ntnm,container_memory_usage_bytes,60153856.0
1744886180,kashef-k8s-w1.user-memcached-59687c864d-d5rb5,container_memory_usage_bytes,4837376.0
1744886180,kashef-k8s-w1.url-shorten-service-66949ddcc4-xlfmt,container_memory_usage_bytes,10096640.0
1744886180,kashef-k8s-w1.media-service-6c665c775d-s7hl8,container_memory_usage_bytes,2924544.0
1744886180,kashef-k8s-ctl.url-shorten-mongodb-57c886d5f8-2m8fs,container_memory_usage_bytes,60669952.0
1744886186,kashef-k8s-ctl.jaeger-67997f9775-tjgc8,container_memory_usage_bytes,10813440.0
1744886186,kashef-k8s-w1.compose-post-service-f587bf89d-l5zcs,container_memory_usage_bytes,2711552.0
1744886186,kashef-k8s-w1.user-memcached-59687c864d-d5rb5,container_memory_usage_bytes,4943872.0
1744886186,kashef-k8s-w1.url-shorten-service-66949ddcc4-xlfmt,container_memory_usage_bytes,10096640.0
1744886186,kashef-k8s-ctl.user-mongodb-7745bbd78-xrw2n,container_memory_usage_bytes,60854272.0
1744886186,kashef-k8s-w1.nginx-thrift-79478f9bf5-h66tn,container_memory_usage_bytes,439689216.0
1744886186,kashef-k8s-ctl.url-shorten-mongodb-57c886d5f8-2m8fs,container_memory_usage_bytes,60669952.0
1744886186,kashef-k8s-w1.user-mention-service-5c4f566c5-w4xpc,container_memory_usage_bytes,3657728.0
1744886186,kashef-k8s-ctl.url-shorten-memcached-6546746864-pg8xh,container_memory_usage_bytes,2584576.0
1744886186,kashef-k8s-w1.home-timeline-service-5754ffbc6d-zp4pr,container_memory_usage_bytes,2752512.0
1744886186,kashef-k8s-ctl.media-memcached-7889bdfdfb-2thqn,container_memory_usage_bytes,2621440.0
1744886186,kashef-k8s-ctl.unique-id-service-694497b678-bzxbf,container_memory_usage_bytes,1921024.0
1744886186,kashef-k8s-ctl.user-timeline-redis-67cc95bc57-klp4b,container_memory_usage_bytes,4075520.0
1744886186,kashef-k8s-w1.media-frontend-6b66b95ff4-xrdq6,container_memory_usage_bytes,140247040.0
1744886186,kashef-k8s-ctl.media-mongodb-7b64c59567-6ntnm,container_memory_usage_bytes,60153856.0
1744886186,kashef-k8s-w1.media-service-6c665c775d-s7hl8,container_memory_usage_bytes,2924544.0
1744886186,kashef-k8s-w1.user-timeline-service-664c7f6696-fvhv9,container_memory_usage_bytes,3403776.0
1744886186,kashef-k8s-w1.text-service-fff64b8bf-v9dsr,container_memory_usage_bytes,2125824.0
1744886186,kashef-k8s-w1.user-service-547b88cd8f-mbl6h,container_memory_usage_bytes,4071424.0
1744886186,kashef-k8s-ctl.home-timeline-redis-6c6647df6f-5vgsk,container_memory_usage_bytes,10387456.0
1744886186,kashef-k8s-w1.social-graph-redis-5bbd5b7458-tqz7l,container_memory_usage_bytes,10317824.0
1744886186,kashef-k8s-ctl.post-storage-memcached-6b75788fc6-gnd8c,container_memory_usage_bytes,2600960.0
1744886186,kashef-k8s-ctl.post-storage-mongodb-5579669d8c-ckzsx,container_memory_usage_bytes,60469248.0
1744886186,kashef-k8s-ctl.social-graph-service-677dbc655c-2tqbt,container_memory_usage_bytes,2473984.0
1744886186,kashef-k8s-w1.social-graph-mongodb-55df767ff5-c86pb,container_memory_usage_bytes,125714432.0
1744886186,kashef-k8s-w1.post-storage-service-66c9966f5f-nllkd,container_memory_usage_bytes,3411968.0
1744886186,kashef-k8s-ctl.user-timeline-mongodb-6758898d48-gggfw,container_memory_usage_bytes,62930944.0
1744886192,kashef-k8s-ctl.user-mongodb-7745bbd78-xrw2n,container_memory_usage_bytes,60854272.0
1744886192,kashef-k8s-w1.user-memcached-59687c864d-d5rb5,container_memory_usage_bytes,4943872.0
1744886192,kashef-k8s-ctl.jaeger-67997f9775-tjgc8,container_memory_usage_bytes,10813440.0
1744886192,kashef-k8s-w1.user-mention-service-5c4f566c5-w4xpc,container_memory_usage_bytes,3657728.0
1744886192,kashef-k8s-ctl.url-shorten-mongodb-57c886d5f8-2m8fs,container_memory_usage_bytes,60669952.0
1744886192,kashef-k8s-w1.social-graph-mongodb-55df767ff5-c86pb,container_memory_usage_bytes,125714432.0
1744886192,kashef-k8s-ctl.user-timeline-redis-67cc95bc57-klp4b,container_memory_usage_bytes,4075520.0
1744886192,kashef-k8s-ctl.url-shorten-memcached-6546746864-pg8xh,container_memory_usage_bytes,2584576.0
1744886192,kashef-k8s-w1.user-timeline-service-664c7f6696-fvhv9,container_memory_usage_bytes,3403776.0
1744886192,kashef-k8s-w1.nginx-thrift-79478f9bf5-h66tn,container_memory_usage_bytes,439689216.0
1744886192,kashef-k8s-w1.media-frontend-6b66b95ff4-xrdq6,container_memory_usage_bytes,140247040.0
1744886192,kashef-k8s-ctl.media-mongodb-7b64c59567-6ntnm,container_memory_usage_bytes,60153856.0
1744886192,kashef-k8s-ctl.unique-id-service-694497b678-bzxbf,container_memory_usage_bytes,1921024.0
1744886192,kashef-k8s-w1.url-shorten-service-66949ddcc4-xlfmt,container_memory_usage_bytes,10211328.0
1744886192,kashef-k8s-ctl.post-storage-mongodb-5579669d8c-ckzsx,container_memory_usage_bytes,60469248.0
1744886192,kashef-k8s-ctl.post-storage-memcached-6b75788fc6-gnd8c,container_memory_usage_bytes,2600960.0
1744886192,kashef-k8s-w1.text-service-fff64b8bf-v9dsr,container_memory_usage_bytes,2347008.0
1744886192,kashef-k8s-ctl.home-timeline-redis-6c6647df6f-5vgsk,container_memory_usage_bytes,10387456.0
1744886192,kashef-k8s-w1.social-graph-redis-5bbd5b7458-tqz7l,container_memory_usage_bytes,10317824.0
1744886192,kashef-k8s-w1.home-timeline-service-5754ffbc6d-zp4pr,container_memory_usage_bytes,2752512.0
1744886192,kashef-k8s-ctl.user-timeline-mongodb-6758898d48-gggfw,container_memory_usage_bytes,62930944.0
1744886192,kashef-k8s-w1.post-storage-service-66c9966f5f-nllkd,container_memory_usage_bytes,3411968.0
1744886192,kashef-k8s-w1.user-service-547b88cd8f-mbl6h,container_memory_usage_bytes,4071424.0
1744886192,kashef-k8s-ctl.media-memcached-7889bdfdfb-2thqn,container_memory_usage_bytes,2621440.0
1744886192,kashef-k8s-w1.media-service-6c665c775d-s7hl8,container_memory_usage_bytes,3002368.0
1744886192,kashef-k8s-ctl.social-graph-service-677dbc655c-2tqbt,container_memory_usage_bytes,2473984.0
1744886192,kashef-k8s-w1.compose-post-service-f587bf89d-l5zcs,container_memory_usage_bytes,2711552.0
1744886198,kashef-k8s-ctl.social-graph-service-677dbc655c-2tqbt,container_memory_usage_bytes,2473984.0
1744886198,kashef-k8s-w1.post-storage-service-66c9966f5f-nllkd,container_memory_usage_bytes,3411968.0
1744886198,kashef-k8s-w1.media-service-6c665c775d-s7hl8,container_memory_usage_bytes,3002368.0
1744886198,kashef-k8s-ctl.media-mongodb-7b64c59567-6ntnm,container_memory_usage_bytes,60301312.0
1744886198,kashef-k8s-ctl.user-mongodb-7745bbd78-xrw2n,container_memory_usage_bytes,60854272.0
1744886198,kashef-k8s-ctl.user-timeline-redis-67cc95bc57-klp4b,container_memory_usage_bytes,4075520.0
1744886198,kashef-k8s-w1.user-mention-service-5c4f566c5-w4xpc,container_memory_usage_bytes,3981312.0
1744886198,kashef-k8s-ctl.post-storage-mongodb-5579669d8c-ckzsx,container_memory_usage_bytes,60469248.0
1744886198,kashef-k8s-ctl.post-storage-memcached-6b75788fc6-gnd8c,container_memory_usage_bytes,2600960.0
1744886198,kashef-k8s-ctl.media-memcached-7889bdfdfb-2thqn,container_memory_usage_bytes,2621440.0
1744886198,kashef-k8s-w1.text-service-fff64b8bf-v9dsr,container_memory_usage_bytes,2347008.0
1744886198,kashef-k8s-ctl.home-timeline-redis-6c6647df6f-5vgsk,container_memory_usage_bytes,10289152.0
1744886198,kashef-k8s-w1.nginx-thrift-79478f9bf5-h66tn,container_memory_usage_bytes,439689216.0
1744886198,kashef-k8s-w1.media-frontend-6b66b95ff4-xrdq6,container_memory_usage_bytes,401756160.0
1744886198,kashef-k8s-w1.user-timeline-service-664c7f6696-fvhv9,container_memory_usage_bytes,3403776.0
1744886198,kashef-k8s-ctl.unique-id-service-694497b678-bzxbf,container_memory_usage_bytes,1921024.0
1744886198,kashef-k8s-ctl.user-timeline-mongodb-6758898d48-gggfw,container_memory_usage_bytes,62930944.0
1744886198,kashef-k8s-w1.social-graph-redis-5bbd5b7458-tqz7l,container_memory_usage_bytes,10317824.0
1744886198,kashef-k8s-ctl.url-shorten-memcached-6546746864-pg8xh,container_memory_usage_bytes,2584576.0
1744886198,kashef-k8s-w1.home-timeline-service-5754ffbc6d-zp4pr,container_memory_usage_bytes,2752512.0
1744886198,kashef-k8s-w1.user-service-547b88cd8f-mbl6h,container_memory_usage_bytes,4145152.0
1744886198,kashef-k8s-w1.social-graph-mongodb-55df767ff5-c86pb,container_memory_usage_bytes,125714432.0
1744886198,kashef-k8s-ctl.jaeger-67997f9775-tjgc8,container_memory_usage_bytes,10813440.0
1744886198,kashef-k8s-w1.compose-post-service-f587bf89d-l5zcs,container_memory_usage_bytes,2711552.0
1744886198,kashef-k8s-w1.user-memcached-59687c864d-d5rb5,container_memory_usage_bytes,4943872.0
1744886198,kashef-k8s-ctl.url-shorten-mongodb-57c886d5f8-2m8fs,container_memory_usage_bytes,60669952.0
1744886198,kashef-k8s-w1.url-shorten-service-66949ddcc4-xlfmt,container_memory_usage_bytes,10211328.0
1744886204,kashef-k8s-w1.url-shorten-service-66949ddcc4-xlfmt,container_memory_usage_bytes,10211328.0
1744886204,kashef-k8s-ctl.jaeger-67997f9775-tjgc8,container_memory_usage_bytes,10813440.0
1744886204,kashef-k8s-w1.user-memcached-59687c864d-d5rb5,container_memory_usage_bytes,4943872.0
1744886204,kashef-k8s-w1.home-timeline-service-5754ffbc6d-zp4pr,container_memory_usage_bytes,2752512.0
1744886204,kashef-k8s-w1.user-service-547b88cd8f-mbl6h,container_memory_usage_bytes,4145152.0
1744886204,kashef-k8s-w1.social-graph-mongodb-55df767ff5-c86pb,container_memory_usage_bytes,125714432.0
1744886204,kashef-k8s-w1.compose-post-service-f587bf89d-l5zcs,container_memory_usage_bytes,2711552.0
1744886204,kashef-k8s-ctl.user-timeline-mongodb-6758898d48-gggfw,container_memory_usage_bytes,63291392.0
1744886204,kashef-k8s-w1.social-graph-redis-5bbd5b7458-tqz7l,container_memory_usage_bytes,10317824.0
1744886204,kashef-k8s-ctl.media-mongodb-7b64c59567-6ntnm,container_memory_usage_bytes,60301312.0
1744886204,kashef-k8s-w1.media-frontend-6b66b95ff4-xrdq6,container_memory_usage_bytes,401756160.0
1744886204,kashef-k8s-ctl.unique-id-service-694497b678-bzxbf,container_memory_usage_bytes,1921024.0
1744886204,kashef-k8s-ctl.url-shorten-memcached-6546746864-pg8xh,container_memory_usage_bytes,2584576.0
1744886204,kashef-k8s-w1.user-timeline-service-664c7f6696-fvhv9,container_memory_usage_bytes,3403776.0
1744886204,kashef-k8s-ctl.home-timeline-redis-6c6647df6f-5vgsk,container_memory_usage_bytes,10289152.0
1744886204,kashef-k8s-ctl.post-storage-memcached-6b75788fc6-gnd8c,container_memory_usage_bytes,2600960.0
1744886204,kashef-k8s-w1.text-service-fff64b8bf-v9dsr,container_memory_usage_bytes,2347008.0
1744886204,kashef-k8s-w1.user-mention-service-5c4f566c5-w4xpc,container_memory_usage_bytes,3981312.0
1744886204,kashef-k8s-ctl.user-timeline-redis-67cc95bc57-klp4b,container_memory_usage_bytes,4075520.0
1744886204,kashef-k8s-ctl.user-mongodb-7745bbd78-xrw2n,container_memory_usage_bytes,60854272.0
1744886204,kashef-k8s-ctl.url-shorten-mongodb-57c886d5f8-2m8fs,container_memory_usage_bytes,60669952.0
1744886204,kashef-k8s-ctl.social-graph-service-677dbc655c-2tqbt,container_memory_usage_bytes,2473984.0
1744886204,kashef-k8s-w1.post-storage-service-66c9966f5f-nllkd,container_memory_usage_bytes,3411968.0
1744886204,kashef-k8s-w1.media-service-6c665c775d-s7hl8,container_memory_usage_bytes,3002368.0
1744886204,kashef-k8s-ctl.media-memcached-7889bdfdfb-2thqn,container_memory_usage_bytes,2621440.0
1744886204,kashef-k8s-ctl.post-storage-mongodb-5579669d8c-ckzsx,container_memory_usage_bytes,60469248.0
1744886204,kashef-k8s-w1.nginx-thrift-79478f9bf5-h66tn,container_memory_usage_bytes,439689216.0
1744886210,kashef-k8s-w1.user-memcached-59687c864d-d5rb5,container_memory_usage_bytes,4943872.0
1744886210,kashef-k8s-ctl.home-timeline-redis-6c6647df6f-5vgsk,container_memory_usage_bytes,10289152.0
1744886210,kashef-k8s-w1.social-graph-redis-5bbd5b7458-tqz7l,container_memory_usage_bytes,10182656.0
1744886210,kashef-k8s-w1.compose-post-service-f587bf89d-l5zcs,container_memory_usage_bytes,2711552.0
1744886210,kashef-k8s-w1.url-shorten-service-66949ddcc4-xlfmt,container_memory_usage_bytes,10211328.0
1744886210,kashef-k8s-ctl.post-storage-mongodb-5579669d8c-ckzsx,container_memory_usage_bytes,60755968.0
1744886210,kashef-k8s-ctl.media-mongodb-7b64c59567-6ntnm,container_memory_usage_bytes,60301312.0
1744886210,kashef-k8s-w1.media-frontend-6b66b95ff4-xrdq6,container_memory_usage_bytes,401756160.0
1744886210,kashef-k8s-w1.user-timeline-service-664c7f6696-fvhv9,container_memory_usage_bytes,3403776.0
1744886210,kashef-k8s-ctl.unique-id-service-694497b678-bzxbf,container_memory_usage_bytes,1990656.0
1744886210,kashef-k8s-w1.social-graph-mongodb-55df767ff5-c86pb,container_memory_usage_bytes,125714432.0
1744886210,kashef-k8s-ctl.user-timeline-mongodb-6758898d48-gggfw,container_memory_usage_bytes,63291392.0
1744886210,kashef-k8s-ctl.user-timeline-redis-67cc95bc57-klp4b,container_memory_usage_bytes,3956736.0
1744886210,kashef-k8s-w1.home-timeline-service-5754ffbc6d-zp4pr,container_memory_usage_bytes,2752512.0
1744886210,kashef-k8s-ctl.url-shorten-mongodb-57c886d5f8-2m8fs,container_memory_usage_bytes,60739584.0
1744886210,kashef-k8s-ctl.user-mongodb-7745bbd78-xrw2n,container_memory_usage_bytes,61005824.0
1744886210,kashef-k8s-ctl.jaeger-67997f9775-tjgc8,container_memory_usage_bytes,11333632.0
1744886210,kashef-k8s-w1.user-mention-service-5c4f566c5-w4xpc,container_memory_usage_bytes,3981312.0
1744886210,kashef-k8s-ctl.post-storage-memcached-6b75788fc6-gnd8c,container_memory_usage_bytes,2600960.0
1744886210,kashef-k8s-w1.post-storage-service-66c9966f5f-nllkd,container_memory_usage_bytes,3411968.0
1744886210,kashef-k8s-ctl.media-memcached-7889bdfdfb-2thqn,container_memory_usage_bytes,2621440.0
1744886210,kashef-k8s-w1.nginx-thrift-79478f9bf5-h66tn,container_memory_usage_bytes,441860096.0
1744886210,kashef-k8s-w1.text-service-fff64b8bf-v9dsr,container_memory_usage_bytes,2347008.0
1744886210,kashef-k8s-ctl.url-shorten-memcached-6546746864-pg8xh,container_memory_usage_bytes,2584576.0
1744886210,kashef-k8s-w1.media-service-6c665c775d-s7hl8,container_memory_usage_bytes,3002368.0
1744886210,kashef-k8s-w1.user-service-547b88cd8f-mbl6h,container_memory_usage_bytes,4145152.0
1744886210,kashef-k8s-ctl.social-graph-service-677dbc655c-2tqbt,container_memory_usage_bytes,2572288.0
1744886216,kashef-k8s-w1.url-shorten-service-66949ddcc4-xlfmt,container_memory_usage_bytes,10211328.0
1744886216,kashef-k8s-ctl.user-timeline-mongodb-6758898d48-gggfw,container_memory_usage_bytes,63291392.0
1744886216,kashef-k8s-ctl.user-mongodb-7745bbd78-xrw2n,container_memory_usage_bytes,61005824.0
1744886216,kashef-k8s-w1.user-memcached-59687c864d-d5rb5,container_memory_usage_bytes,4939776.0
1744886216,kashef-k8s-w1.user-mention-service-5c4f566c5-w4xpc,container_memory_usage_bytes,3981312.0
1744886216,kashef-k8s-ctl.social-graph-service-677dbc655c-2tqbt,container_memory_usage_bytes,2572288.0
1744886216,kashef-k8s-w1.user-timeline-service-664c7f6696-fvhv9,container_memory_usage_bytes,3379200.0
1744886216,kashef-k8s-w1.home-timeline-service-5754ffbc6d-zp4pr,container_memory_usage_bytes,2969600.0
1744886216,kashef-k8s-w1.social-graph-mongodb-55df767ff5-c86pb,container_memory_usage_bytes,125485056.0
1744886216,kashef-k8s-ctl.post-storage-memcached-6b75788fc6-gnd8c,container_memory_usage_bytes,2600960.0
1744886216,kashef-k8s-ctl.unique-id-service-694497b678-bzxbf,container_memory_usage_bytes,1990656.0
1744886216,kashef-k8s-w1.social-graph-redis-5bbd5b7458-tqz7l,container_memory_usage_bytes,10182656.0
1744886216,kashef-k8s-ctl.url-shorten-mongodb-57c886d5f8-2m8fs,container_memory_usage_bytes,60739584.0
1744886216,kashef-k8s-ctl.jaeger-67997f9775-tjgc8,container_memory_usage_bytes,11333632.0
1744886216,kashef-k8s-ctl.url-shorten-memcached-6546746864-pg8xh,container_memory_usage_bytes,2584576.0
1744886216,kashef-k8s-w1.media-frontend-6b66b95ff4-xrdq6,container_memory_usage_bytes,401756160.0
1744886216,kashef-k8s-w1.post-storage-service-66c9966f5f-nllkd,container_memory_usage_bytes,3411968.0
1744886216,kashef-k8s-ctl.media-mongodb-7b64c59567-6ntnm,container_memory_usage_bytes,60301312.0
1744886216,kashef-k8s-w1.text-service-fff64b8bf-v9dsr,container_memory_usage_bytes,2347008.0
1744886216,kashef-k8s-w1.nginx-thrift-79478f9bf5-h66tn,container_memory_usage_bytes,441860096.0
1744886216,kashef-k8s-w1.user-service-547b88cd8f-mbl6h,container_memory_usage_bytes,4145152.0
1744886216,kashef-k8s-ctl.media-memcached-7889bdfdfb-2thqn,container_memory_usage_bytes,2621440.0
1744886216,kashef-k8s-w1.compose-post-service-f587bf89d-l5zcs,container_memory_usage_bytes,2711552.0
1744886216,kashef-k8s-ctl.home-timeline-redis-6c6647df6f-5vgsk,container_memory_usage_bytes,10289152.0
1744886216,kashef-k8s-ctl.user-timeline-redis-67cc95bc57-klp4b,container_memory_usage_bytes,3956736.0
1744886216,kashef-k8s-ctl.post-storage-mongodb-5579669d8c-ckzsx,container_memory_usage_bytes,60755968.0
1744886216,kashef-k8s-w1.media-service-6c665c775d-s7hl8,container_memory_usage_bytes,3002368.0
1744886222,kashef-k8s-w1.user-mention-service-5c4f566c5-w4xpc,container_memory_usage_bytes,3981312.0
1744886222,kashef-k8s-w1.url-shorten-service-66949ddcc4-xlfmt,container_memory_usage_bytes,10211328.0
1744886222,kashef-k8s-ctl.url-shorten-memcached-6546746864-pg8xh,container_memory_usage_bytes,2584576.0
1744886222,kashef-k8s-w1.user-timeline-service-664c7f6696-fvhv9,container_memory_usage_bytes,3379200.0
1744886222,kashef-k8s-w1.compose-post-service-f587bf89d-l5zcs,container_memory_usage_bytes,2760704.0
1744886222,kashef-k8s-w1.social-graph-redis-5bbd5b7458-tqz7l,container_memory_usage_bytes,10182656.0
1744886222,kashef-k8s-ctl.jaeger-67997f9775-tjgc8,container_memory_usage_bytes,11333632.0
1744886222,kashef-k8s-w1.social-graph-mongodb-55df767ff5-c86pb,container_memory_usage_bytes,125485056.0
1744886222,kashef-k8s-ctl.post-storage-memcached-6b75788fc6-gnd8c,container_memory_usage_bytes,2600960.0
1744886222,kashef-k8s-ctl.social-graph-service-677dbc655c-2tqbt,container_memory_usage_bytes,2572288.0
1744886222,kashef-k8s-w1.media-frontend-6b66b95ff4-xrdq6,container_memory_usage_bytes,401756160.0
1744886222,kashef-k8s-ctl.url-shorten-mongodb-57c886d5f8-2m8fs,container_memory_usage_bytes,60739584.0
1744886222,kashef-k8s-w1.user-service-547b88cd8f-mbl6h,container_memory_usage_bytes,4153344.0
1744886222,kashef-k8s-ctl.user-mongodb-7745bbd78-xrw2n,container_memory_usage_bytes,61005824.0
1744886222,kashef-k8s-w1.user-memcached-59687c864d-d5rb5,container_memory_usage_bytes,4939776.0
1744886222,kashef-k8s-ctl.user-timeline-mongodb-6758898d48-gggfw,container_memory_usage_bytes,63291392.0
1744886222,kashef-k8s-ctl.post-storage-mongodb-5579669d8c-ckzsx,container_memory_usage_bytes,60755968.0
1744886222,kashef-k8s-ctl.media-mongodb-7b64c59567-6ntnm,container_memory_usage_bytes,60186624.0
1744886222,kashef-k8s-ctl.unique-id-service-694497b678-bzxbf,container_memory_usage_bytes,1990656.0
1744886222,kashef-k8s-w1.media-service-6c665c775d-s7hl8,container_memory_usage_bytes,3112960.0
1744886222,kashef-k8s-ctl.user-timeline-redis-67cc95bc57-klp4b,container_memory_usage_bytes,3956736.0
1744886222,kashef-k8s-w1.text-service-fff64b8bf-v9dsr,container_memory_usage_bytes,2420736.0
1744886222,kashef-k8s-w1.nginx-thrift-79478f9bf5-h66tn,container_memory_usage_bytes,441860096.0
1744886222,kashef-k8s-w1.post-storage-service-66c9966f5f-nllkd,container_memory_usage_bytes,3448832.0
1744886222,kashef-k8s-w1.home-timeline-service-5754ffbc6d-zp4pr,container_memory_usage_bytes,2969600.0
1744886222,kashef-k8s-ctl.media-memcached-7889bdfdfb-2thqn,container_memory_usage_bytes,2621440.0
1744886222,kashef-k8s-ctl.home-timeline-redis-6c6647df6f-5vgsk,container_memory_usage_bytes,10289152.0
1744886228,kashef-k8s-ctl.media-memcached-7889bdfdfb-2thqn,container_memory_usage_bytes,2621440.0
1744886228,kashef-k8s-ctl.home-timeline-redis-6c6647df6f-5vgsk,container_memory_usage_bytes,10289152.0
1744886228,kashef-k8s-w1.post-storage-service-66c9966f5f-nllkd,container_memory_usage_bytes,3448832.0
1744886228,kashef-k8s-w1.text-service-fff64b8bf-v9dsr,container_memory_usage_bytes,2420736.0
1744886228,kashef-k8s-ctl.post-storage-mongodb-5579669d8c-ckzsx,container_memory_usage_bytes,61054976.0
1744886228,kashef-k8s-w1.media-service-6c665c775d-s7hl8,container_memory_usage_bytes,3112960.0
1744886228,kashef-k8s-ctl.unique-id-service-694497b678-bzxbf,container_memory_usage_bytes,1990656.0
1744886228,kashef-k8s-ctl.media-mongodb-7b64c59567-6ntnm,container_memory_usage_bytes,60186624.0
1744886228,kashef-k8s-ctl.post-storage-memcached-6b75788fc6-gnd8c,container_memory_usage_bytes,2600960.0
1744886228,kashef-k8s-ctl.social-graph-service-677dbc655c-2tqbt,container_memory_usage_bytes,2572288.0
1744886228,kashef-k8s-ctl.url-shorten-mongodb-57c886d5f8-2m8fs,container_memory_usage_bytes,60739584.0
1744886228,kashef-k8s-w1.user-service-547b88cd8f-mbl6h,container_memory_usage_bytes,4153344.0
1744886228,kashef-k8s-w1.social-graph-redis-5bbd5b7458-tqz7l,container_memory_usage_bytes,10182656.0
1744886228,kashef-k8s-w1.social-graph-mongodb-55df767ff5-c86pb,container_memory_usage_bytes,125485056.0
1744886228,kashef-k8s-ctl.jaeger-67997f9775-tjgc8,container_memory_usage_bytes,11333632.0
1744886228,kashef-k8s-ctl.user-timeline-redis-67cc95bc57-klp4b,container_memory_usage_bytes,3956736.0
1744886228,kashef-k8s-w1.user-timeline-service-664c7f6696-fvhv9,container_memory_usage_bytes,3379200.0
1744886228,kashef-k8s-w1.user-memcached-59687c864d-d5rb5,container_memory_usage_bytes,4939776.0
1744886228,kashef-k8s-ctl.user-mongodb-7745bbd78-xrw2n,container_memory_usage_bytes,61005824.0
1744886228,kashef-k8s-w1.home-timeline-service-5754ffbc6d-zp4pr,container_memory_usage_bytes,2969600.0
1744886228,kashef-k8s-w1.user-mention-service-5c4f566c5-w4xpc,container_memory_usage_bytes,3981312.0
1744886228,kashef-k8s-w1.url-shorten-service-66949ddcc4-xlfmt,container_memory_usage_bytes,10207232.0
1744886228,kashef-k8s-w1.nginx-thrift-79478f9bf5-h66tn,container_memory_usage_bytes,441860096.0
1744886228,kashef-k8s-w1.compose-post-service-f587bf89d-l5zcs,container_memory_usage_bytes,2760704.0
1744886228,kashef-k8s-ctl.url-shorten-memcached-6546746864-pg8xh,container_memory_usage_bytes,2584576.0
1744886228,kashef-k8s-ctl.user-timeline-mongodb-6758898d48-gggfw,container_memory_usage_bytes,63291392.0
1744886228,kashef-k8s-w1.media-frontend-6b66b95ff4-xrdq6,container_memory_usage_bytes,401756160.0
1744886234,kashef-k8s-ctl.post-storage-mongodb-5579669d8c-ckzsx,container_memory_usage_bytes,61054976.0
1744886234,kashef-k8s-w1.nginx-thrift-79478f9bf5-h66tn,container_memory_usage_bytes,441860096.0
1744886234,kashef-k8s-ctl.unique-id-service-694497b678-bzxbf,container_memory_usage_bytes,1990656.0
1744886234,kashef-k8s-ctl.media-mongodb-7b64c59567-6ntnm,container_memory_usage_bytes,60186624.0
1744886234,kashef-k8s-w1.media-service-6c665c775d-s7hl8,container_memory_usage_bytes,3112960.0
1744886234,kashef-k8s-w1.user-service-547b88cd8f-mbl6h,container_memory_usage_bytes,4153344.0
1744886234,kashef-k8s-ctl.post-storage-memcached-6b75788fc6-gnd8c,container_memory_usage_bytes,2600960.0
1744886234,kashef-k8s-ctl.url-shorten-mongodb-57c886d5f8-2m8fs,container_memory_usage_bytes,60739584.0
1744886234,kashef-k8s-ctl.social-graph-service-677dbc655c-2tqbt,container_memory_usage_bytes,2572288.0
1744886234,kashef-k8s-ctl.jaeger-67997f9775-tjgc8,container_memory_usage_bytes,11939840.0
1744886234,kashef-k8s-ctl.user-timeline-redis-67cc95bc57-klp4b,container_memory_usage_bytes,3956736.0
1744886234,kashef-k8s-w1.social-graph-redis-5bbd5b7458-tqz7l,container_memory_usage_bytes,10182656.0
1744886234,kashef-k8s-w1.social-graph-mongodb-55df767ff5-c86pb,container_memory_usage_bytes,125485056.0
1744886234,kashef-k8s-w1.post-storage-service-66c9966f5f-nllkd,container_memory_usage_bytes,3448832.0
1744886234,kashef-k8s-w1.text-service-fff64b8bf-v9dsr,container_memory_usage_bytes,2420736.0
1744886234,kashef-k8s-ctl.media-memcached-7889bdfdfb-2thqn,container_memory_usage_bytes,2621440.0
1744886234,kashef-k8s-ctl.user-timeline-mongodb-6758898d48-gggfw,container_memory_usage_bytes,63447040.0
1744886234,kashef-k8s-w1.user-timeline-service-664c7f6696-fvhv9,container_memory_usage_bytes,3379200.0
1744886234,kashef-k8s-w1.user-mention-service-5c4f566c5-w4xpc,container_memory_usage_bytes,3981312.0
1744886234,kashef-k8s-w1.media-frontend-6b66b95ff4-xrdq6,container_memory_usage_bytes,401756160.0
1744886234,kashef-k8s-ctl.url-shorten-memcached-6546746864-pg8xh,container_memory_usage_bytes,2584576.0
1744886234,kashef-k8s-w1.user-memcached-59687c864d-d5rb5,container_memory_usage_bytes,4939776.0
1744886234,kashef-k8s-ctl.user-mongodb-7745bbd78-xrw2n,container_memory_usage_bytes,61210624.0
1744886234,kashef-k8s-ctl.home-timeline-redis-6c6647df6f-5vgsk,container_memory_usage_bytes,10551296.0
1744886234,kashef-k8s-w1.home-timeline-service-5754ffbc6d-zp4pr,container_memory_usage_bytes,2969600.0
1744886234,kashef-k8s-w1.url-shorten-service-66949ddcc4-xlfmt,container_memory_usage_bytes,10207232.0
1744886234,kashef-k8s-w1.compose-post-service-f587bf89d-l5zcs,container_memory_usage_bytes,2760704.0
1744886240,kashef-k8s-w1.nginx-thrift-79478f9bf5-h66tn,container_memory_usage_bytes,441860096.0
1744886240,kashef-k8s-w1.text-service-fff64b8bf-v9dsr,container_memory_usage_bytes,2420736.0
1744886240,kashef-k8s-w1.user-mention-service-5c4f566c5-w4xpc,container_memory_usage_bytes,3981312.0
1744886240,kashef-k8s-ctl.url-shorten-memcached-6546746864-pg8xh,container_memory_usage_bytes,2584576.0
1744886240,kashef-k8s-ctl.user-timeline-mongodb-6758898d48-gggfw,container_memory_usage_bytes,63447040.0
1744886240,kashef-k8s-ctl.user-mongodb-7745bbd78-xrw2n,container_memory_usage_bytes,61210624.0
1744886240,kashef-k8s-w1.user-memcached-59687c864d-d5rb5,container_memory_usage_bytes,4939776.0
1744886240,kashef-k8s-ctl.social-graph-service-677dbc655c-2tqbt,container_memory_usage_bytes,2592768.0
1744886240,kashef-k8s-w1.user-timeline-service-664c7f6696-fvhv9,container_memory_usage_bytes,3379200.0
1744886240,kashef-k8s-w1.social-graph-mongodb-55df767ff5-c86pb,container_memory_usage_bytes,125485056.0
1744886240,kashef-k8s-ctl.unique-id-service-694497b678-bzxbf,container_memory_usage_bytes,2007040.0
1744886240,kashef-k8s-ctl.post-storage-mongodb-5579669d8c-ckzsx,container_memory_usage_bytes,61054976.0
1744886240,kashef-k8s-ctl.media-memcached-7889bdfdfb-2thqn,container_memory_usage_bytes,2621440.0
1744886240,kashef-k8s-ctl.home-timeline-redis-6c6647df6f-5vgsk,container_memory_usage_bytes,10551296.0
1744886240,kashef-k8s-ctl.media-mongodb-7b64c59567-6ntnm,container_memory_usage_bytes,60186624.0
1744886240,kashef-k8s-w1.media-service-6c665c775d-s7hl8,container_memory_usage_bytes,3112960.0
1744886240,kashef-k8s-w1.social-graph-redis-5bbd5b7458-tqz7l,container_memory_usage_bytes,10190848.0
1744886240,kashef-k8s-ctl.url-shorten-mongodb-57c886d5f8-2m8fs,container_memory_usage_bytes,61620224.0
1744886240,kashef-k8s-ctl.user-timeline-redis-67cc95bc57-klp4b,container_memory_usage_bytes,4091904.0
1744886240,kashef-k8s-ctl.post-storage-memcached-6b75788fc6-gnd8c,container_memory_usage_bytes,2600960.0
1744886240,kashef-k8s-w1.user-service-547b88cd8f-mbl6h,container_memory_usage_bytes,4153344.0
1744886240,kashef-k8s-w1.post-storage-service-66c9966f5f-nllkd,container_memory_usage_bytes,3522560.0
1744886240,kashef-k8s-w1.compose-post-service-f587bf89d-l5zcs,container_memory_usage_bytes,2760704.0
1744886240,kashef-k8s-w1.home-timeline-service-5754ffbc6d-zp4pr,container_memory_usage_bytes,2969600.0
1744886240,kashef-k8s-ctl.jaeger-67997f9775-tjgc8,container_memory_usage_bytes,11939840.0
1744886240,kashef-k8s-w1.url-shorten-service-66949ddcc4-xlfmt,container_memory_usage_bytes,10207232.0
1744886240,kashef-k8s-w1.media-frontend-6b66b95ff4-xrdq6,container_memory_usage_bytes,401756160.0
1744886246,kashef-k8s-ctl.media-memcached-7889bdfdfb-2thqn,container_memory_usage_bytes,2621440.0
1744886246,kashef-k8s-ctl.user-timeline-mongodb-6758898d48-gggfw,container_memory_usage_bytes,63447040.0
1744886246,kashef-k8s-w1.url-shorten-service-66949ddcc4-xlfmt,container_memory_usage_bytes,10207232.0
1744886246,kashef-k8s-ctl.user-mongodb-7745bbd78-xrw2n,container_memory_usage_bytes,61210624.0
1744886246,kashef-k8s-w1.text-service-fff64b8bf-v9dsr,container_memory_usage_bytes,2371584.0
1744886246,kashef-k8s-ctl.unique-id-service-694497b678-bzxbf,container_memory_usage_bytes,2007040.0
1744886246,kashef-k8s-w1.social-graph-mongodb-55df767ff5-c86pb,container_memory_usage_bytes,125542400.0
1744886246,kashef-k8s-w1.user-timeline-service-664c7f6696-fvhv9,container_memory_usage_bytes,3379200.0
1744886246,kashef-k8s-w1.media-service-6c665c775d-s7hl8,container_memory_usage_bytes,3133440.0
1744886246,kashef-k8s-ctl.home-timeline-redis-6c6647df6f-5vgsk,container_memory_usage_bytes,10551296.0
1744886246,kashef-k8s-ctl.url-shorten-mongodb-57c886d5f8-2m8fs,container_memory_usage_bytes,61620224.0
1744886246,kashef-k8s-ctl.post-storage-mongodb-5579669d8c-ckzsx,container_memory_usage_bytes,61054976.0
1744886246,kashef-k8s-ctl.user-timeline-redis-67cc95bc57-klp4b,container_memory_usage_bytes,4091904.0
1744886246,kashef-k8s-ctl.url-shorten-memcached-6546746864-pg8xh,container_memory_usage_bytes,2584576.0
1744886246,kashef-k8s-w1.user-memcached-59687c864d-d5rb5,container_memory_usage_bytes,4943872.0
1744886246,kashef-k8s-ctl.social-graph-service-677dbc655c-2tqbt,container_memory_usage_bytes,2592768.0
1744886246,kashef-k8s-ctl.jaeger-67997f9775-tjgc8,container_memory_usage_bytes,11939840.0
1744886246,kashef-k8s-w1.post-storage-service-66c9966f5f-nllkd,container_memory_usage_bytes,3522560.0
1744886246,kashef-k8s-w1.user-service-547b88cd8f-mbl6h,container_memory_usage_bytes,4153344.0
1744886246,kashef-k8s-ctl.media-mongodb-7b64c59567-6ntnm,container_memory_usage_bytes,60186624.0
1744886246,kashef-k8s-w1.social-graph-redis-5bbd5b7458-tqz7l,container_memory_usage_bytes,10190848.0
1744886246,kashef-k8s-w1.user-mention-service-5c4f566c5-w4xpc,container_memory_usage_bytes,3981312.0
1744886246,kashef-k8s-ctl.post-storage-memcached-6b75788fc6-gnd8c,container_memory_usage_bytes,2600960.0
1744886246,kashef-k8s-w1.media-frontend-6b66b95ff4-xrdq6,container_memory_usage_bytes,401756160.0
1744886246,kashef-k8s-w1.home-timeline-service-5754ffbc6d-zp4pr,container_memory_usage_bytes,2990080.0
1744886246,kashef-k8s-w1.nginx-thrift-79478f9bf5-h66tn,container_memory_usage_bytes,442408960.0
1744886246,kashef-k8s-w1.compose-post-service-f587bf89d-l5zcs,container_memory_usage_bytes,2760704.0
1744886252,kashef-k8s-w1.compose-post-service-f587bf89d-l5zcs,container_memory_usage_bytes,2760704.0
1744886252,kashef-k8s-w1.text-service-fff64b8bf-v9dsr,container_memory_usage_bytes,2371584.0
1744886252,kashef-k8s-w1.user-mention-service-5c4f566c5-w4xpc,container_memory_usage_bytes,3981312.0
1744886252,kashef-k8s-w1.home-timeline-service-5754ffbc6d-zp4pr,container_memory_usage_bytes,2990080.0
1744886252,kashef-k8s-ctl.media-mongodb-7b64c59567-6ntnm,container_memory_usage_bytes,60186624.0
1744886252,kashef-k8s-ctl.unique-id-service-694497b678-bzxbf,container_memory_usage_bytes,2007040.0
1744886252,kashef-k8s-w1.media-frontend-6b66b95ff4-xrdq6,container_memory_usage_bytes,401756160.0
1744886252,kashef-k8s-w1.user-timeline-service-664c7f6696-fvhv9,container_memory_usage_bytes,82028580864.0
1744886252,kashef-k8s-w1.social-graph-mongodb-55df767ff5-c86pb,container_memory_usage_bytes,125542400.0
1744886252,kashef-k8s-w1.user-service-547b88cd8f-mbl6h,container_memory_usage_bytes,4161536.0
1744886252,kashef-k8s-ctl.user-timeline-redis-67cc95bc57-klp4b,container_memory_usage_bytes,4091904.0
1744886252,kashef-k8s-ctl.post-storage-mongodb-5579669d8c-ckzsx,container_memory_usage_bytes,61054976.0
1744886252,kashef-k8s-ctl.user-timeline-mongodb-6758898d48-gggfw,container_memory_usage_bytes,63447040.0
1744886252,kashef-k8s-w1.post-storage-service-66c9966f5f-nllkd,container_memory_usage_bytes,3522560.0
1744886252,kashef-k8s-w1.nginx-thrift-79478f9bf5-h66tn,container_memory_usage_bytes,442408960.0
1744886252,kashef-k8s-w1.social-graph-redis-5bbd5b7458-tqz7l,container_memory_usage_bytes,10190848.0
1744886252,kashef-k8s-w1.media-service-6c665c775d-s7hl8,container_memory_usage_bytes,3133440.0
1744886252,kashef-k8s-w1.url-shorten-service-66949ddcc4-xlfmt,container_memory_usage_bytes,10207232.0
1744886252,kashef-k8s-ctl.jaeger-67997f9775-tjgc8,container_memory_usage_bytes,11939840.0
1744886252,kashef-k8s-ctl.user-mongodb-7745bbd78-xrw2n,container_memory_usage_bytes,61210624.0
1744886252,kashef-k8s-ctl.url-shorten-mongodb-57c886d5f8-2m8fs,container_memory_usage_bytes,61620224.0
1744886252,kashef-k8s-ctl.url-shorten-memcached-6546746864-pg8xh,container_memory_usage_bytes,2584576.0
1744886252,kashef-k8s-w1.user-memcached-59687c864d-d5rb5,container_memory_usage_bytes,4943872.0
1744886252,kashef-k8s-ctl.post-storage-memcached-6b75788fc6-gnd8c,container_memory_usage_bytes,2600960.0
1744886252,kashef-k8s-ctl.social-graph-service-677dbc655c-2tqbt,container_memory_usage_bytes,2592768.0
1744886252,kashef-k8s-ctl.home-timeline-redis-6c6647df6f-5vgsk,container_memory_usage_bytes,10551296.0
1744886252,kashef-k8s-ctl.media-memcached-7889bdfdfb-2thqn,container_memory_usage_bytes,2621440.0
1744886258,kashef-k8s-ctl.media-mongodb-7b64c59567-6ntnm,container_memory_usage_bytes,60186624.0
1744886258,kashef-k8s-w1.text-service-fff64b8bf-v9dsr,container_memory_usage_bytes,2371584.0
1744886258,kashef-k8s-w1.user-timeline-service-664c7f6696-fvhv9,container_memory_usage_bytes,82028580864.0
1744886258,kashef-k8s-ctl.unique-id-service-694497b678-bzxbf,container_memory_usage_bytes,2007040.0
1744886258,kashef-k8s-w1.media-frontend-6b66b95ff4-xrdq6,container_memory_usage_bytes,401756160.0
1744886258,kashef-k8s-w1.user-service-547b88cd8f-mbl6h,container_memory_usage_bytes,4161536.0
1744886258,kashef-k8s-w1.social-graph-mongodb-55df767ff5-c86pb,container_memory_usage_bytes,125542400.0
1744886258,kashef-k8s-w1.post-storage-service-66c9966f5f-nllkd,container_memory_usage_bytes,3522560.0
1744886258,kashef-k8s-ctl.user-timeline-mongodb-6758898d48-gggfw,container_memory_usage_bytes,63447040.0
1744886258,kashef-k8s-w1.social-graph-redis-5bbd5b7458-tqz7l,container_memory_usage_bytes,10190848.0
1744886258,kashef-k8s-ctl.post-storage-mongodb-5579669d8c-ckzsx,container_memory_usage_bytes,61054976.0
1744886258,kashef-k8s-w1.home-timeline-service-5754ffbc6d-zp4pr,container_memory_usage_bytes,2990080.0
1744886258,kashef-k8s-w1.compose-post-service-f587bf89d-l5zcs,container_memory_usage_bytes,2891776.0
1744886258,kashef-k8s-w1.url-shorten-service-66949ddcc4-xlfmt,container_memory_usage_bytes,10235904.0
1744886258,kashef-k8s-w1.user-mention-service-5c4f566c5-w4xpc,container_memory_usage_bytes,4001792.0
1744886258,kashef-k8s-w1.nginx-thrift-79478f9bf5-h66tn,container_memory_usage_bytes,442408960.0
1744886258,kashef-k8s-ctl.user-timeline-redis-67cc95bc57-klp4b,container_memory_usage_bytes,4091904.0
1744886258,kashef-k8s-ctl.url-shorten-memcached-6546746864-pg8xh,container_memory_usage_bytes,2584576.0
1744886258,kashef-k8s-ctl.home-timeline-redis-6c6647df6f-5vgsk,container_memory_usage_bytes,10551296.0
1744886258,kashef-k8s-ctl.media-memcached-7889bdfdfb-2thqn,container_memory_usage_bytes,2621440.0
1744886258,kashef-k8s-ctl.social-graph-service-677dbc655c-2tqbt,container_memory_usage_bytes,2592768.0
1744886258,kashef-k8s-ctl.url-shorten-mongodb-57c886d5f8-2m8fs,container_memory_usage_bytes,61366272.0
1744886258,kashef-k8s-ctl.user-mongodb-7745bbd78-xrw2n,container_memory_usage_bytes,61210624.0
1744886258,kashef-k8s-w1.media-service-6c665c775d-s7hl8,container_memory_usage_bytes,3133440.0
1744886258,kashef-k8s-ctl.jaeger-67997f9775-tjgc8,container_memory_usage_bytes,11939840.0
1744886258,kashef-k8s-ctl.post-storage-memcached-6b75788fc6-gnd8c,container_memory_usage_bytes,2600960.0
1744886258,kashef-k8s-w1.user-memcached-59687c864d-d5rb5,container_memory_usage_bytes,4943872.0
1744886264,kashef-k8s-ctl.url-shorten-mongodb-57c886d5f8-2m8fs,container_memory_usage_bytes,61366272.0
1744886264,kashef-k8s-ctl.user-timeline-redis-67cc95bc57-klp4b,container_memory_usage_bytes,4100096.0
1744886264,kashef-k8s-w1.text-service-fff64b8bf-v9dsr,container_memory_usage_bytes,2371584.0
1744886264,kashef-k8s-w1.media-service-6c665c775d-s7hl8,container_memory_usage_bytes,3133440.0
1744886264,kashef-k8s-ctl.post-storage-memcached-6b75788fc6-gnd8c,container_memory_usage_bytes,3723264.0
1744886264,kashef-k8s-w1.user-service-547b88cd8f-mbl6h,container_memory_usage_bytes,4161536.0
1744886264,kashef-k8s-w1.user-timeline-service-664c7f6696-fvhv9,container_memory_usage_bytes,82028580864.0
1744886264,kashef-k8s-w1.url-shorten-service-66949ddcc4-xlfmt,container_memory_usage_bytes,10235904.0
1744886264,kashef-k8s-ctl.post-storage-mongodb-5579669d8c-ckzsx,container_memory_usage_bytes,61054976.0
1744886264,kashef-k8s-ctl.media-mongodb-7b64c59567-6ntnm,container_memory_usage_bytes,60264448.0
1744886264,kashef-k8s-ctl.media-memcached-7889bdfdfb-2thqn,container_memory_usage_bytes,2621440.0
1744886264,kashef-k8s-w1.media-frontend-6b66b95ff4-xrdq6,container_memory_usage_bytes,401756160.0
1744886264,kashef-k8s-ctl.home-timeline-redis-6c6647df6f-5vgsk,container_memory_usage_bytes,10551296.0
1744886264,kashef-k8s-w1.social-graph-mongodb-55df767ff5-c86pb,container_memory_usage_bytes,125542400.0
1744886264,kashef-k8s-ctl.url-shorten-memcached-6546746864-pg8xh,container_memory_usage_bytes,2584576.0
1744886264,kashef-k8s-ctl.user-mongodb-7745bbd78-xrw2n,container_memory_usage_bytes,61091840.0
1744886264,kashef-k8s-ctl.unique-id-service-694497b678-bzxbf,container_memory_usage_bytes,2007040.0
1744886264,kashef-k8s-ctl.user-timeline-mongodb-6758898d48-gggfw,container_memory_usage_bytes,63447040.0
1744886264,kashef-k8s-w1.compose-post-service-f587bf89d-l5zcs,container_memory_usage_bytes,2891776.0
1744886264,kashef-k8s-w1.nginx-thrift-79478f9bf5-h66tn,container_memory_usage_bytes,442408960.0
1744886264,kashef-k8s-w1.social-graph-redis-5bbd5b7458-tqz7l,container_memory_usage_bytes,10190848.0
1744886264,kashef-k8s-w1.user-memcached-59687c864d-d5rb5,container_memory_usage_bytes,4943872.0
1744886264,kashef-k8s-w1.user-mention-service-5c4f566c5-w4xpc,container_memory_usage_bytes,4001792.0
1744886264,kashef-k8s-ctl.jaeger-67997f9775-tjgc8,container_memory_usage_bytes,11939840.0
1744886264,kashef-k8s-w1.home-timeline-service-5754ffbc6d-zp4pr,container_memory_usage_bytes,2990080.0
1744886264,kashef-k8s-w1.post-storage-service-66c9966f5f-nllkd,container_memory_usage_bytes,3522560.0
1744886264,kashef-k8s-ctl.social-graph-service-677dbc655c-2tqbt,container_memory_usage_bytes,2605056.0
1744886270,kashef-k8s-ctl.user-timeline-redis-67cc95bc57-klp4b,container_memory_usage_bytes,4100096.0
1744886270,kashef-k8s-ctl.post-storage-memcached-6b75788fc6-gnd8c,container_memory_usage_bytes,3723264.0
1744886270,kashef-k8s-w1.user-service-547b88cd8f-mbl6h,container_memory_usage_bytes,4161536.0
1744886270,kashef-k8s-w1.user-timeline-service-664c7f6696-fvhv9,container_memory_usage_bytes,82028580864.0
1744886270,kashef-k8s-w1.url-shorten-service-66949ddcc4-xlfmt,container_memory_usage_bytes,10235904.0
1744886270,kashef-k8s-w1.media-frontend-6b66b95ff4-xrdq6,container_memory_usage_bytes,401756160.0
1744886270,kashef-k8s-ctl.media-mongodb-7b64c59567-6ntnm,container_memory_usage_bytes,60264448.0
1744886270,kashef-k8s-ctl.post-storage-mongodb-5579669d8c-ckzsx,container_memory_usage_bytes,61767680.0
1744886270,kashef-k8s-ctl.unique-id-service-694497b678-bzxbf,container_memory_usage_bytes,2134016.0
1744886270,kashef-k8s-ctl.url-shorten-memcached-6546746864-pg8xh,container_memory_usage_bytes,2584576.0
1744886270,kashef-k8s-ctl.user-mongodb-7745bbd78-xrw2n,container_memory_usage_bytes,61091840.0
1744886270,kashef-k8s-ctl.home-timeline-redis-6c6647df6f-5vgsk,container_memory_usage_bytes,10420224.0
1744886270,kashef-k8s-w1.social-graph-mongodb-55df767ff5-c86pb,container_memory_usage_bytes,125542400.0
1744886270,kashef-k8s-w1.media-service-6c665c775d-s7hl8,container_memory_usage_bytes,3133440.0
1744886270,kashef-k8s-ctl.url-shorten-mongodb-57c886d5f8-2m8fs,container_memory_usage_bytes,61366272.0
1744886270,kashef-k8s-w1.text-service-fff64b8bf-v9dsr,container_memory_usage_bytes,2371584.0
1744886270,kashef-k8s-w1.home-timeline-service-5754ffbc6d-zp4pr,container_memory_usage_bytes,2990080.0
1744886270,kashef-k8s-w1.social-graph-redis-5bbd5b7458-tqz7l,container_memory_usage_bytes,10190848.0
1744886270,kashef-k8s-w1.post-storage-service-66c9966f5f-nllkd,container_memory_usage_bytes,3522560.0
1744886270,kashef-k8s-ctl.media-memcached-7889bdfdfb-2thqn,container_memory_usage_bytes,2621440.0
1744886270,kashef-k8s-ctl.social-graph-service-677dbc655c-2tqbt,container_memory_usage_bytes,2605056.0
1744886270,kashef-k8s-w1.user-memcached-59687c864d-d5rb5,container_memory_usage_bytes,4943872.0
1744886270,kashef-k8s-ctl.user-timeline-mongodb-6758898d48-gggfw,container_memory_usage_bytes,63696896.0
1744886270,kashef-k8s-w1.compose-post-service-f587bf89d-l5zcs,container_memory_usage_bytes,2891776.0
1744886270,kashef-k8s-ctl.jaeger-67997f9775-tjgc8,container_memory_usage_bytes,11939840.0
1744886270,kashef-k8s-w1.user-mention-service-5c4f566c5-w4xpc,container_memory_usage_bytes,4001792.0
1744886270,kashef-k8s-w1.nginx-thrift-79478f9bf5-h66tn,container_memory_usage_bytes,442408960.0
1744886276,kashef-k8s-w1.url-shorten-service-66949ddcc4-xlfmt,container_memory_usage_bytes,10235904.0
1744886276,kashef-k8s-w1.compose-post-service-f587bf89d-l5zcs,container_memory_usage_bytes,2891776.0
1744886276,kashef-k8s-w1.nginx-thrift-79478f9bf5-h66tn,container_memory_usage_bytes,442408960.0
1744886276,kashef-k8s-w1.text-service-fff64b8bf-v9dsr,container_memory_usage_bytes,2371584.0
1744886276,kashef-k8s-w1.user-memcached-59687c864d-d5rb5,container_memory_usage_bytes,4943872.0
1744886276,kashef-k8s-w1.media-service-6c665c775d-s7hl8,container_memory_usage_bytes,3133440.0
1744886276,kashef-k8s-ctl.social-graph-service-677dbc655c-2tqbt,container_memory_usage_bytes,2605056.0
1744886276,kashef-k8s-ctl.user-timeline-mongodb-6758898d48-gggfw,container_memory_usage_bytes,63696896.0
1744886276,kashef-k8s-ctl.media-memcached-7889bdfdfb-2thqn,container_memory_usage_bytes,2621440.0
1744886276,kashef-k8s-ctl.unique-id-service-694497b678-bzxbf,container_memory_usage_bytes,2134016.0
1744886276,kashef-k8s-ctl.post-storage-memcached-6b75788fc6-gnd8c,container_memory_usage_bytes,3723264.0
1744886276,kashef-k8s-ctl.media-mongodb-7b64c59567-6ntnm,container_memory_usage_bytes,60264448.0
1744886276,kashef-k8s-ctl.post-storage-mongodb-5579669d8c-ckzsx,container_memory_usage_bytes,61767680.0
1744886276,kashef-k8s-w1.social-graph-mongodb-55df767ff5-c86pb,container_memory_usage_bytes,125542400.0
1744886276,kashef-k8s-w1.home-timeline-service-5754ffbc6d-zp4pr,container_memory_usage_bytes,2990080.0
1744886276,kashef-k8s-ctl.user-mongodb-7745bbd78-xrw2n,container_memory_usage_bytes,61091840.0
1744886276,kashef-k8s-ctl.url-shorten-memcached-6546746864-pg8xh,container_memory_usage_bytes,2584576.0
1744886276,kashef-k8s-w1.media-frontend-6b66b95ff4-xrdq6,container_memory_usage_bytes,16449536.0
1744886276,kashef-k8s-w1.user-timeline-service-664c7f6696-fvhv9,container_memory_usage_bytes,82028580864.0
1744886276,kashef-k8s-w1.user-service-547b88cd8f-mbl6h,container_memory_usage_bytes,4161536.0
1744886276,kashef-k8s-ctl.user-timeline-redis-67cc95bc57-klp4b,container_memory_usage_bytes,4100096.0
1744886276,kashef-k8s-w1.social-graph-redis-5bbd5b7458-tqz7l,container_memory_usage_bytes,10190848.0
1744886276,kashef-k8s-ctl.home-timeline-redis-6c6647df6f-5vgsk,container_memory_usage_bytes,10420224.0
1744886276,kashef-k8s-w1.user-mention-service-5c4f566c5-w4xpc,container_memory_usage_bytes,4001792.0
1744886276,kashef-k8s-w1.post-storage-service-66c9966f5f-nllkd,container_memory_usage_bytes,3522560.0
1744886276,kashef-k8s-ctl.url-shorten-mongodb-57c886d5f8-2m8fs,container_memory_usage_bytes,61366272.0
1744886276,kashef-k8s-ctl.jaeger-67997f9775-tjgc8,container_memory_usage_bytes,12152832.0
1744886282,kashef-k8s-w1.nginx-thrift-79478f9bf5-h66tn,container_memory_usage_bytes,442408960.0
1744886282,kashef-k8s-ctl.user-mongodb-7745bbd78-xrw2n,container_memory_usage_bytes,61091840.0
1744886282,kashef-k8s-ctl.home-timeline-redis-6c6647df6f-5vgsk,container_memory_usage_bytes,10420224.0
1744886282,kashef-k8s-w1.media-frontend-6b66b95ff4-xrdq6,container_memory_usage_bytes,16449536.0
1744886282,kashef-k8s-w1.social-graph-redis-5bbd5b7458-tqz7l,container_memory_usage_bytes,10190848.0
1744886282,kashef-k8s-ctl.post-storage-memcached-6b75788fc6-gnd8c,container_memory_usage_bytes,3723264.0
1744886282,kashef-k8s-ctl.social-graph-service-677dbc655c-2tqbt,container_memory_usage_bytes,2605056.0
1744886282,kashef-k8s-ctl.user-timeline-mongodb-6758898d48-gggfw,container_memory_usage_bytes,63696896.0
1744886282,kashef-k8s-w1.user-service-547b88cd8f-mbl6h,container_memory_usage_bytes,4161536.0
1744886282,kashef-k8s-w1.social-graph-mongodb-55df767ff5-c86pb,container_memory_usage_bytes,125542400.0
1744886282,kashef-k8s-ctl.media-mongodb-7b64c59567-6ntnm,container_memory_usage_bytes,60264448.0
1744886282,kashef-k8s-w1.home-timeline-service-5754ffbc6d-zp4pr,container_memory_usage_bytes,2990080.0
1744886282,kashef-k8s-ctl.media-memcached-7889bdfdfb-2thqn,container_memory_usage_bytes,2621440.0
1744886282,kashef-k8s-ctl.url-shorten-mongodb-57c886d5f8-2m8fs,container_memory_usage_bytes,61366272.0
1744886282,kashef-k8s-w1.post-storage-service-66c9966f5f-nllkd,container_memory_usage_bytes,3522560.0
1744886282,kashef-k8s-ctl.user-timeline-redis-67cc95bc57-klp4b,container_memory_usage_bytes,4100096.0
1744886282,kashef-k8s-ctl.jaeger-67997f9775-tjgc8,container_memory_usage_bytes,12152832.0
1744886282,kashef-k8s-w1.media-service-6c665c775d-s7hl8,container_memory_usage_bytes,3133440.0
1744886282,kashef-k8s-ctl.unique-id-service-694497b678-bzxbf,container_memory_usage_bytes,2134016.0
1744886282,kashef-k8s-ctl.post-storage-mongodb-5579669d8c-ckzsx,container_memory_usage_bytes,61767680.0
1744886282,kashef-k8s-w1.user-timeline-service-664c7f6696-fvhv9,container_memory_usage_bytes,82028580864.0
1744886282,kashef-k8s-w1.text-service-fff64b8bf-v9dsr,container_memory_usage_bytes,2371584.0
1744886282,kashef-k8s-w1.user-memcached-59687c864d-d5rb5,container_memory_usage_bytes,4943872.0
1744886282,kashef-k8s-w1.url-shorten-service-66949ddcc4-xlfmt,container_memory_usage_bytes,10235904.0
1744886282,kashef-k8s-ctl.url-shorten-memcached-6546746864-pg8xh,container_memory_usage_bytes,2584576.0
1744886282,kashef-k8s-w1.user-mention-service-5c4f566c5-w4xpc,container_memory_usage_bytes,4001792.0
1744886282,kashef-k8s-w1.compose-post-service-f587bf89d-l5zcs,container_memory_usage_bytes,2891776.0
1744886288,kashef-k8s-ctl.url-shorten-memcached-6546746864-pg8xh,container_memory_usage_bytes,2584576.0
1744886288,kashef-k8s-w1.user-mention-service-5c4f566c5-w4xpc,container_memory_usage_bytes,4001792.0
1744886288,kashef-k8s-w1.text-service-fff64b8bf-v9dsr,container_memory_usage_bytes,2371584.0
1744886288,kashef-k8s-w1.nginx-thrift-79478f9bf5-h66tn,container_memory_usage_bytes,442408960.0
1744886288,kashef-k8s-ctl.post-storage-mongodb-5579669d8c-ckzsx,container_memory_usage_bytes,61722624.0
1744886288,kashef-k8s-w1.user-timeline-service-664c7f6696-fvhv9,container_memory_usage_bytes,82028580864.0
1744886288,kashef-k8s-ctl.unique-id-service-694497b678-bzxbf,container_memory_usage_bytes,2134016.0
1744886288,kashef-k8s-w1.url-shorten-service-66949ddcc4-xlfmt,container_memory_usage_bytes,10235904.0
1744886288,kashef-k8s-ctl.user-timeline-redis-67cc95bc57-klp4b,container_memory_usage_bytes,4100096.0
1744886288,kashef-k8s-w1.home-timeline-service-5754ffbc6d-zp4pr,container_memory_usage_bytes,2990080.0
1744886288,kashef-k8s-w1.compose-post-service-f587bf89d-l5zcs,container_memory_usage_bytes,2891776.0
1744886288,kashef-k8s-ctl.url-shorten-mongodb-57c886d5f8-2m8fs,container_memory_usage_bytes,61558784.0
1744886288,kashef-k8s-w1.media-service-6c665c775d-s7hl8,container_memory_usage_bytes,3133440.0
1744886288,kashef-k8s-w1.post-storage-service-66c9966f5f-nllkd,container_memory_usage_bytes,3522560.0
1744886288,kashef-k8s-ctl.jaeger-67997f9775-tjgc8,container_memory_usage_bytes,12128256.0
1744886288,kashef-k8s-ctl.user-timeline-mongodb-6758898d48-gggfw,container_memory_usage_bytes,63696896.0
1744886288,kashef-k8s-ctl.social-graph-service-677dbc655c-2tqbt,container_memory_usage_bytes,2605056.0
1744886288,kashef-k8s-ctl.home-timeline-redis-6c6647df6f-5vgsk,container_memory_usage_bytes,10420224.0
1744886288,kashef-k8s-w1.media-frontend-6b66b95ff4-xrdq6,container_memory_usage_bytes,16449536.0
1744886288,kashef-k8s-w1.social-graph-redis-5bbd5b7458-tqz7l,container_memory_usage_bytes,10190848.0
1744886288,kashef-k8s-ctl.post-storage-memcached-6b75788fc6-gnd8c,container_memory_usage_bytes,3723264.0
1744886288,kashef-k8s-ctl.user-mongodb-7745bbd78-xrw2n,container_memory_usage_bytes,61091840.0
1744886288,kashef-k8s-ctl.media-memcached-7889bdfdfb-2thqn,container_memory_usage_bytes,2621440.0
1744886288,kashef-k8s-w1.user-memcached-59687c864d-d5rb5,container_memory_usage_bytes,4943872.0
1744886288,kashef-k8s-w1.social-graph-mongodb-55df767ff5-c86pb,container_memory_usage_bytes,125542400.0
1744886288,kashef-k8s-ctl.media-mongodb-7b64c59567-6ntnm,container_memory_usage_bytes,60264448.0
1744886288,kashef-k8s-w1.user-service-547b88cd8f-mbl6h,container_memory_usage_bytes,4161536.0
1744886294,kashef-k8s-w1.user-timeline-service-664c7f6696-fvhv9,container_memory_usage_bytes,131658227712.0
1744886294,kashef-k8s-w1.user-mention-service-5c4f566c5-w4xpc,container_memory_usage_bytes,4001792.0
1744886294,kashef-k8s-ctl.unique-id-service-694497b678-bzxbf,container_memory_usage_bytes,2134016.0
1744886294,kashef-k8s-w1.text-service-fff64b8bf-v9dsr,container_memory_usage_bytes,2572288.0
1744886294,kashef-k8s-ctl.media-mongodb-7b64c59567-6ntnm,container_memory_usage_bytes,60272640.0
1744886294,kashef-k8s-w1.home-timeline-service-5754ffbc6d-zp4pr,container_memory_usage_bytes,2990080.0
1744886294,kashef-k8s-ctl.media-memcached-7889bdfdfb-2thqn,container_memory_usage_bytes,2621440.0
1744886294,kashef-k8s-w1.post-storage-service-66c9966f5f-nllkd,container_memory_usage_bytes,3522560.0
1744886294,kashef-k8s-ctl.user-timeline-redis-67cc95bc57-klp4b,container_memory_usage_bytes,4100096.0
1744886294,kashef-k8s-ctl.user-timeline-mongodb-6758898d48-gggfw,container_memory_usage_bytes,63696896.0
1744886294,kashef-k8s-ctl.url-shorten-mongodb-57c886d5f8-2m8fs,container_memory_usage_bytes,61558784.0
1744886294,kashef-k8s-ctl.jaeger-67997f9775-tjgc8,container_memory_usage_bytes,12128256.0
1744886294,kashef-k8s-w1.media-service-6c665c775d-s7hl8,container_memory_usage_bytes,3133440.0
1744886294,kashef-k8s-w1.nginx-thrift-79478f9bf5-h66tn,container_memory_usage_bytes,442408960.0
1744886294,kashef-k8s-w1.compose-post-service-f587bf89d-l5zcs,container_memory_usage_bytes,2891776.0
1744886294,kashef-k8s-ctl.url-shorten-memcached-6546746864-pg8xh,container_memory_usage_bytes,2584576.0
1744886294,kashef-k8s-ctl.home-timeline-redis-6c6647df6f-5vgsk,container_memory_usage_bytes,10420224.0
1744886294,kashef-k8s-ctl.social-graph-service-677dbc655c-2tqbt,container_memory_usage_bytes,2605056.0
1744886294,kashef-k8s-ctl.post-storage-memcached-6b75788fc6-gnd8c,container_memory_usage_bytes,3723264.0
1744886294,kashef-k8s-w1.social-graph-mongodb-55df767ff5-c86pb,container_memory_usage_bytes,71176192.0
1744886294,kashef-k8s-w1.user-service-547b88cd8f-mbl6h,container_memory_usage_bytes,4161536.0
1744886294,kashef-k8s-w1.url-shorten-service-66949ddcc4-xlfmt,container_memory_usage_bytes,10235904.0
1744886294,kashef-k8s-w1.social-graph-redis-5bbd5b7458-tqz7l,container_memory_usage_bytes,4063232.0
1744886294,kashef-k8s-w1.media-frontend-6b66b95ff4-xrdq6,container_memory_usage_bytes,16449536.0
1744886294,kashef-k8s-ctl.post-storage-mongodb-5579669d8c-ckzsx,container_memory_usage_bytes,61722624.0
1744886294,kashef-k8s-ctl.user-mongodb-7745bbd78-xrw2n,container_memory_usage_bytes,61091840.0
1744886294,kashef-k8s-w1.user-memcached-59687c864d-d5rb5,container_memory_usage_bytes,4943872.0
1744886300,kashef-k8s-w1.user-memcached-59687c864d-d5rb5,container_memory_usage_bytes,2682880.0
1744886300,kashef-k8s-w1.text-service-fff64b8bf-v9dsr,container_memory_usage_bytes,2572288.0
1744886300,kashef-k8s-ctl.post-storage-mongodb-5579669d8c-ckzsx,container_memory_usage_bytes,61722624.0
1744886300,kashef-k8s-w1.url-shorten-service-66949ddcc4-xlfmt,container_memory_usage_bytes,2797568.0
1744886300,kashef-k8s-w1.nginx-thrift-79478f9bf5-h66tn,container_memory_usage_bytes,49790976.0
1744886300,kashef-k8s-ctl.user-timeline-mongodb-6758898d48-gggfw,container_memory_usage_bytes,64143360.0
1744886300,kashef-k8s-w1.media-frontend-6b66b95ff4-xrdq6,container_memory_usage_bytes,16449536.0
1744886300,kashef-k8s-w1.user-service-547b88cd8f-mbl6h,container_memory_usage_bytes,2822144.0
1744886300,kashef-k8s-w1.social-graph-redis-5bbd5b7458-tqz7l,container_memory_usage_bytes,4063232.0
1744886300,kashef-k8s-w1.compose-post-service-f587bf89d-l5zcs,container_memory_usage_bytes,3571712.0
1744886300,kashef-k8s-w1.social-graph-mongodb-55df767ff5-c86pb,container_memory_usage_bytes,71176192.0
1744886300,kashef-k8s-w1.media-service-6c665c775d-s7hl8,container_memory_usage_bytes,1916928.0
1744886300,kashef-k8s-ctl.post-storage-memcached-6b75788fc6-gnd8c,container_memory_usage_bytes,3723264.0
1744886300,kashef-k8s-ctl.media-mongodb-7b64c59567-6ntnm,container_memory_usage_bytes,60272640.0
1744886300,kashef-k8s-ctl.user-timeline-redis-67cc95bc57-klp4b,container_memory_usage_bytes,4214784.0
1744886300,kashef-k8s-w1.post-storage-service-66c9966f5f-nllkd,container_memory_usage_bytes,3076096.0
1744886300,kashef-k8s-ctl.social-graph-service-677dbc655c-2tqbt,container_memory_usage_bytes,2605056.0
1744886300,kashef-k8s-ctl.unique-id-service-694497b678-bzxbf,container_memory_usage_bytes,2015232.0
1744886300,kashef-k8s-ctl.url-shorten-memcached-6546746864-pg8xh,container_memory_usage_bytes,2584576.0
1744886300,kashef-k8s-w1.user-mention-service-5c4f566c5-w4xpc,container_memory_usage_bytes,2883584.0
1744886300,kashef-k8s-w1.user-timeline-service-664c7f6696-fvhv9,container_memory_usage_bytes,131658227712.0
1744886300,kashef-k8s-ctl.url-shorten-mongodb-57c886d5f8-2m8fs,container_memory_usage_bytes,61558784.0
1744886300,kashef-k8s-ctl.media-memcached-7889bdfdfb-2thqn,container_memory_usage_bytes,2621440.0
1744886300,kashef-k8s-ctl.home-timeline-redis-6c6647df6f-5vgsk,container_memory_usage_bytes,10448896.0
1744886300,kashef-k8s-ctl.jaeger-67997f9775-tjgc8,container_memory_usage_bytes,12128256.0
1744886300,kashef-k8s-w1.home-timeline-service-5754ffbc6d-zp4pr,container_memory_usage_bytes,3399680.0
1744886300,kashef-k8s-ctl.user-mongodb-7745bbd78-xrw2n,container_memory_usage_bytes,61325312.0
1744886306,kashef-k8s-w1.social-graph-mongodb-55df767ff5-c86pb,container_memory_usage_bytes,71176192.0
1744886306,kashef-k8s-w1.media-frontend-6b66b95ff4-xrdq6,container_memory_usage_bytes,16449536.0
1744886306,kashef-k8s-ctl.media-mongodb-7b64c59567-6ntnm,container_memory_usage_bytes,60272640.0
1744886306,kashef-k8s-ctl.user-timeline-redis-67cc95bc57-klp4b,container_memory_usage_bytes,4214784.0
1744886306,kashef-k8s-ctl.url-shorten-mongodb-57c886d5f8-2m8fs,container_memory_usage_bytes,61558784.0
1744886306,kashef-k8s-w1.user-memcached-59687c864d-d5rb5,container_memory_usage_bytes,2682880.0
1744886306,kashef-k8s-w1.home-timeline-service-5754ffbc6d-zp4pr,container_memory_usage_bytes,3399680.0
1744886306,kashef-k8s-w1.url-shorten-service-66949ddcc4-xlfmt,container_memory_usage_bytes,2797568.0
1744886306,kashef-k8s-w1.user-timeline-service-664c7f6696-fvhv9,container_memory_usage_bytes,9465856.0
1744886306,kashef-k8s-ctl.post-storage-mongodb-5579669d8c-ckzsx,container_memory_usage_bytes,61722624.0
1744886306,kashef-k8s-ctl.url-shorten-memcached-6546746864-pg8xh,container_memory_usage_bytes,2584576.0
1744886306,kashef-k8s-w1.user-mention-service-5c4f566c5-w4xpc,container_memory_usage_bytes,2883584.0
1744886306,kashef-k8s-ctl.social-graph-service-677dbc655c-2tqbt,container_memory_usage_bytes,2625536.0
1744886306,kashef-k8s-w1.social-graph-redis-5bbd5b7458-tqz7l,container_memory_usage_bytes,4063232.0
1744886306,kashef-k8s-w1.user-service-547b88cd8f-mbl6h,container_memory_usage_bytes,2822144.0
1744886306,kashef-k8s-ctl.post-storage-memcached-6b75788fc6-gnd8c,container_memory_usage_bytes,3723264.0
1744886306,kashef-k8s-w1.media-service-6c665c775d-s7hl8,container_memory_usage_bytes,1916928.0
1744886306,kashef-k8s-w1.post-storage-service-66c9966f5f-nllkd,container_memory_usage_bytes,3076096.0
1744886306,kashef-k8s-ctl.user-mongodb-7745bbd78-xrw2n,container_memory_usage_bytes,61325312.0
1744886306,kashef-k8s-ctl.media-memcached-7889bdfdfb-2thqn,container_memory_usage_bytes,2621440.0
1744886306,kashef-k8s-ctl.jaeger-67997f9775-tjgc8,container_memory_usage_bytes,12128256.0
1744886306,kashef-k8s-w1.nginx-thrift-79478f9bf5-h66tn,container_memory_usage_bytes,49790976.0
1744886306,kashef-k8s-w1.text-service-fff64b8bf-v9dsr,container_memory_usage_bytes,3272704.0
1744886306,kashef-k8s-ctl.user-timeline-mongodb-6758898d48-gggfw,container_memory_usage_bytes,64143360.0
1744886306,kashef-k8s-ctl.home-timeline-redis-6c6647df6f-5vgsk,container_memory_usage_bytes,10448896.0
1744886306,kashef-k8s-ctl.unique-id-service-694497b678-bzxbf,container_memory_usage_bytes,2015232.0
1744886306,kashef-k8s-w1.compose-post-service-f587bf89d-l5zcs,container_memory_usage_bytes,3571712.0
1744886312,kashef-k8s-w1.home-timeline-service-5754ffbc6d-zp4pr,container_memory_usage_bytes,6524928.0
1744886312,kashef-k8s-ctl.url-shorten-mongodb-57c886d5f8-2m8fs,container_memory_usage_bytes,61558784.0
1744886312,kashef-k8s-w1.user-memcached-59687c864d-d5rb5,container_memory_usage_bytes,3612672.0
1744886312,kashef-k8s-ctl.user-timeline-redis-67cc95bc57-klp4b,container_memory_usage_bytes,4214784.0
1744886312,kashef-k8s-w1.post-storage-service-66c9966f5f-nllkd,container_memory_usage_bytes,4259840.0
1744886312,kashef-k8s-w1.media-service-6c665c775d-s7hl8,container_memory_usage_bytes,2736128.0
1744886312,kashef-k8s-ctl.url-shorten-memcached-6546746864-pg8xh,container_memory_usage_bytes,2584576.0
1744886312,kashef-k8s-w1.user-timeline-service-664c7f6696-fvhv9,container_memory_usage_bytes,9465856.0
1744886312,kashef-k8s-ctl.post-storage-mongodb-5579669d8c-ckzsx,container_memory_usage_bytes,61722624.0
1744886312,kashef-k8s-w1.url-shorten-service-66949ddcc4-xlfmt,container_memory_usage_bytes,4018176.0
1744886312,kashef-k8s-w1.social-graph-redis-5bbd5b7458-tqz7l,container_memory_usage_bytes,7278592.0
1744886312,kashef-k8s-ctl.unique-id-service-694497b678-bzxbf,container_memory_usage_bytes,2015232.0
1744886312,kashef-k8s-ctl.social-graph-service-677dbc655c-2tqbt,container_memory_usage_bytes,2625536.0
1744886312,kashef-k8s-ctl.media-mongodb-7b64c59567-6ntnm,container_memory_usage_bytes,60272640.0
1744886312,kashef-k8s-ctl.jaeger-67997f9775-tjgc8,container_memory_usage_bytes,12128256.0
1744886312,kashef-k8s-w1.media-frontend-6b66b95ff4-xrdq6,container_memory_usage_bytes,16449536.0
1744886312,kashef-k8s-w1.social-graph-mongodb-55df767ff5-c86pb,container_memory_usage_bytes,71176192.0
1744886312,kashef-k8s-ctl.user-timeline-mongodb-6758898d48-gggfw,container_memory_usage_bytes,64143360.0
1744886312,kashef-k8s-w1.compose-post-service-f587bf89d-l5zcs,container_memory_usage_bytes,4820992.0
1744886312,kashef-k8s-ctl.post-storage-memcached-6b75788fc6-gnd8c,container_memory_usage_bytes,3723264.0
1744886312,kashef-k8s-w1.user-mention-service-5c4f566c5-w4xpc,container_memory_usage_bytes,4128768.0
1744886312,kashef-k8s-ctl.home-timeline-redis-6c6647df6f-5vgsk,container_memory_usage_bytes,10448896.0
1744886312,kashef-k8s-ctl.media-memcached-7889bdfdfb-2thqn,container_memory_usage_bytes,2621440.0
1744886312,kashef-k8s-ctl.user-mongodb-7745bbd78-xrw2n,container_memory_usage_bytes,61325312.0
1744886312,kashef-k8s-w1.user-service-547b88cd8f-mbl6h,container_memory_usage_bytes,3854336.0
1744886312,kashef-k8s-w1.nginx-thrift-79478f9bf5-h66tn,container_memory_usage_bytes,49790976.0
1744886312,kashef-k8s-w1.text-service-fff64b8bf-v9dsr,container_memory_usage_bytes,3272704.0
1744886318,kashef-k8s-w1.home-timeline-service-5754ffbc6d-zp4pr,container_memory_usage_bytes,6524928.0
1744886318,kashef-k8s-w1.text-service-fff64b8bf-v9dsr,container_memory_usage_bytes,3272704.0
1744886318,kashef-k8s-w1.nginx-thrift-79478f9bf5-h66tn,container_memory_usage_bytes,51945472.0
1744886318,kashef-k8s-ctl.home-timeline-redis-6c6647df6f-5vgsk,container_memory_usage_bytes,10432512.0
1744886318,kashef-k8s-w1.compose-post-service-f587bf89d-l5zcs,container_memory_usage_bytes,4820992.0
1744886318,kashef-k8s-ctl.media-memcached-7889bdfdfb-2thqn,container_memory_usage_bytes,2621440.0
1744886318,kashef-k8s-ctl.user-timeline-redis-67cc95bc57-klp4b,container_memory_usage_bytes,4214784.0
1744886318,kashef-k8s-w1.media-service-6c665c775d-s7hl8,container_memory_usage_bytes,2736128.0
1744886318,kashef-k8s-w1.user-mention-service-5c4f566c5-w4xpc,container_memory_usage_bytes,4128768.0
1744886318,kashef-k8s-ctl.post-storage-mongodb-5579669d8c-ckzsx,container_memory_usage_bytes,61722624.0
1744886318,kashef-k8s-w1.user-service-547b88cd8f-mbl6h,container_memory_usage_bytes,3854336.0
1744886318,kashef-k8s-w1.post-storage-service-66c9966f5f-nllkd,container_memory_usage_bytes,4259840.0
1744886318,kashef-k8s-ctl.unique-id-service-694497b678-bzxbf,container_memory_usage_bytes,2015232.0
1744886318,kashef-k8s-ctl.url-shorten-memcached-6546746864-pg8xh,container_memory_usage_bytes,2584576.0
1744886318,kashef-k8s-ctl.social-graph-service-677dbc655c-2tqbt,container_memory_usage_bytes,2621440.0
1744886318,kashef-k8s-ctl.user-timeline-mongodb-6758898d48-gggfw,container_memory_usage_bytes,64139264.0
1744886318,kashef-k8s-w1.social-graph-redis-5bbd5b7458-tqz7l,container_memory_usage_bytes,7278592.0
1744886318,kashef-k8s-ctl.post-storage-memcached-6b75788fc6-gnd8c,container_memory_usage_bytes,3723264.0
1744886318,kashef-k8s-w1.url-shorten-service-66949ddcc4-xlfmt,container_memory_usage_bytes,4018176.0
1744886318,kashef-k8s-w1.user-memcached-59687c864d-d5rb5,container_memory_usage_bytes,3612672.0
1744886318,kashef-k8s-ctl.url-shorten-mongodb-57c886d5f8-2m8fs,container_memory_usage_bytes,61558784.0
1744886318,kashef-k8s-w1.user-timeline-service-664c7f6696-fvhv9,container_memory_usage_bytes,9465856.0
1744886318,kashef-k8s-ctl.media-mongodb-7b64c59567-6ntnm,container_memory_usage_bytes,60329984.0
1744886318,kashef-k8s-ctl.user-mongodb-7745bbd78-xrw2n,container_memory_usage_bytes,61325312.0
1744886318,kashef-k8s-w1.social-graph-mongodb-55df767ff5-c86pb,container_memory_usage_bytes,71176192.0
1744886318,kashef-k8s-w1.media-frontend-6b66b95ff4-xrdq6,container_memory_usage_bytes,16449536.0
1744886318,kashef-k8s-ctl.jaeger-67997f9775-tjgc8,container_memory_usage_bytes,12128256.0
1744886324,kashef-k8s-w1.home-timeline-service-5754ffbc6d-zp4pr,container_memory_usage_bytes,6524928.0
1744886324,kashef-k8s-ctl.user-mongodb-7745bbd78-xrw2n,container_memory_usage_bytes,61325312.0
1744886324,kashef-k8s-w1.social-graph-redis-5bbd5b7458-tqz7l,container_memory_usage_bytes,7278592.0
1744886324,kashef-k8s-ctl.media-mongodb-7b64c59567-6ntnm,container_memory_usage_bytes,60329984.0
1744886324,kashef-k8s-ctl.unique-id-service-694497b678-bzxbf,container_memory_usage_bytes,2007040.0
1744886324,kashef-k8s-w1.nginx-thrift-79478f9bf5-h66tn,container_memory_usage_bytes,51945472.0
1744886324,kashef-k8s-ctl.media-memcached-7889bdfdfb-2thqn,container_memory_usage_bytes,2621440.0
1744886324,kashef-k8s-ctl.social-graph-service-677dbc655c-2tqbt,container_memory_usage_bytes,2621440.0
1744886324,kashef-k8s-w1.social-graph-mongodb-55df767ff5-c86pb,container_memory_usage_bytes,71176192.0
1744886324,kashef-k8s-ctl.home-timeline-redis-6c6647df6f-5vgsk,container_memory_usage_bytes,10432512.0
1744886324,kashef-k8s-w1.user-service-547b88cd8f-mbl6h,container_memory_usage_bytes,3854336.0
1744886324,kashef-k8s-w1.compose-post-service-f587bf89d-l5zcs,container_memory_usage_bytes,4820992.0
1744886324,kashef-k8s-w1.post-storage-service-66c9966f5f-nllkd,container_memory_usage_bytes,4259840.0
1744886324,kashef-k8s-w1.media-service-6c665c775d-s7hl8,container_memory_usage_bytes,2736128.0
1744886324,kashef-k8s-ctl.user-timeline-redis-67cc95bc57-klp4b,container_memory_usage_bytes,4214784.0
1744886324,kashef-k8s-w1.user-memcached-59687c864d-d5rb5,container_memory_usage_bytes,3612672.0
1744886324,kashef-k8s-ctl.post-storage-memcached-6b75788fc6-gnd8c,container_memory_usage_bytes,3723264.0
1744886324,kashef-k8s-w1.user-timeline-service-664c7f6696-fvhv9,container_memory_usage_bytes,9465856.0
1744886324,kashef-k8s-w1.media-frontend-6b66b95ff4-xrdq6,container_memory_usage_bytes,16449536.0
1744886324,kashef-k8s-ctl.user-timeline-mongodb-6758898d48-gggfw,container_memory_usage_bytes,64139264.0
1744886324,kashef-k8s-w1.text-service-fff64b8bf-v9dsr,container_memory_usage_bytes,3272704.0
1744886324,kashef-k8s-ctl.post-storage-mongodb-5579669d8c-ckzsx,container_memory_usage_bytes,61722624.0
1744886324,kashef-k8s-ctl.jaeger-67997f9775-tjgc8,container_memory_usage_bytes,12173312.0
1744886324,kashef-k8s-ctl.url-shorten-mongodb-57c886d5f8-2m8fs,container_memory_usage_bytes,61558784.0
1744886324,kashef-k8s-w1.user-mention-service-5c4f566c5-w4xpc,container_memory_usage_bytes,4128768.0
1744886324,kashef-k8s-ctl.url-shorten-memcached-6546746864-pg8xh,container_memory_usage_bytes,2584576.0
1744886324,kashef-k8s-w1.url-shorten-service-66949ddcc4-xlfmt,container_memory_usage_bytes,4018176.0
1744886330,kashef-k8s-ctl.social-graph-service-677dbc655c-2tqbt,container_memory_usage_bytes,2621440.0
1744886330,kashef-k8s-ctl.unique-id-service-694497b678-bzxbf,container_memory_usage_bytes,2007040.0
1744886330,kashef-k8s-ctl.media-memcached-7889bdfdfb-2thqn,container_memory_usage_bytes,2621440.0
1744886330,kashef-k8s-w1.social-graph-redis-5bbd5b7458-tqz7l,container_memory_usage_bytes,7282688.0
1744886330,kashef-k8s-ctl.media-mongodb-7b64c59567-6ntnm,container_memory_usage_bytes,60329984.0
1744886330,kashef-k8s-w1.nginx-thrift-79478f9bf5-h66tn,container_memory_usage_bytes,51945472.0
1744886330,kashef-k8s-ctl.url-shorten-memcached-6546746864-pg8xh,container_memory_usage_bytes,2584576.0
1744886330,kashef-k8s-w1.compose-post-service-f587bf89d-l5zcs,container_memory_usage_bytes,4820992.0
1744886330,kashef-k8s-w1.user-service-547b88cd8f-mbl6h,container_memory_usage_bytes,3854336.0
1744886330,kashef-k8s-ctl.user-timeline-mongodb-6758898d48-gggfw,container_memory_usage_bytes,64139264.0
1744886330,kashef-k8s-w1.media-service-6c665c775d-s7hl8,container_memory_usage_bytes,2736128.0
1744886330,kashef-k8s-w1.social-graph-mongodb-55df767ff5-c86pb,container_memory_usage_bytes,71176192.0
1744886330,kashef-k8s-w1.post-storage-service-66c9966f5f-nllkd,container_memory_usage_bytes,4259840.0
1744886330,kashef-k8s-ctl.user-timeline-redis-67cc95bc57-klp4b,container_memory_usage_bytes,4100096.0
1744886330,kashef-k8s-ctl.post-storage-mongodb-5579669d8c-ckzsx,container_memory_usage_bytes,62107648.0
1744886330,kashef-k8s-w1.media-frontend-6b66b95ff4-xrdq6,container_memory_usage_bytes,16449536.0
1744886330,kashef-k8s-w1.home-timeline-service-5754ffbc6d-zp4pr,container_memory_usage_bytes,6524928.0
1744886330,kashef-k8s-ctl.home-timeline-redis-6c6647df6f-5vgsk,container_memory_usage_bytes,10432512.0
1744886330,kashef-k8s-w1.user-mention-service-5c4f566c5-w4xpc,container_memory_usage_bytes,4128768.0
1744886330,kashef-k8s-w1.user-memcached-59687c864d-d5rb5,container_memory_usage_bytes,3612672.0
1744886330,kashef-k8s-w1.url-shorten-service-66949ddcc4-xlfmt,container_memory_usage_bytes,4018176.0
1744886330,kashef-k8s-ctl.post-storage-memcached-6b75788fc6-gnd8c,container_memory_usage_bytes,3723264.0
1744886330,kashef-k8s-w1.user-timeline-service-664c7f6696-fvhv9,container_memory_usage_bytes,9465856.0
1744886330,kashef-k8s-ctl.url-shorten-mongodb-57c886d5f8-2m8fs,container_memory_usage_bytes,61964288.0
1744886330,kashef-k8s-w1.text-service-fff64b8bf-v9dsr,container_memory_usage_bytes,3272704.0
1744886330,kashef-k8s-ctl.jaeger-67997f9775-tjgc8,container_memory_usage_bytes,12173312.0
1744886330,kashef-k8s-ctl.user-mongodb-7745bbd78-xrw2n,container_memory_usage_bytes,61464576.0
1744886336,kashef-k8s-w1.media-frontend-6b66b95ff4-xrdq6,container_memory_usage_bytes,16449536.0
1744886336,kashef-k8s-ctl.post-storage-memcached-6b75788fc6-gnd8c,container_memory_usage_bytes,3723264.0
1744886336,kashef-k8s-w1.social-graph-mongodb-55df767ff5-c86pb,container_memory_usage_bytes,71176192.0
1744886336,kashef-k8s-w1.user-service-547b88cd8f-mbl6h,container_memory_usage_bytes,3854336.0
1744886336,kashef-k8s-ctl.unique-id-service-694497b678-bzxbf,container_memory_usage_bytes,2007040.0
1744886336,kashef-k8s-w1.social-graph-redis-5bbd5b7458-tqz7l,container_memory_usage_bytes,7282688.0
1744886336,kashef-k8s-w1.media-service-6c665c775d-s7hl8,container_memory_usage_bytes,2736128.0
1744886336,kashef-k8s-w1.user-mention-service-5c4f566c5-w4xpc,container_memory_usage_bytes,4128768.0
1744886336,kashef-k8s-w1.compose-post-service-f587bf89d-l5zcs,container_memory_usage_bytes,4820992.0
1744886336,kashef-k8s-w1.nginx-thrift-79478f9bf5-h66tn,container_memory_usage_bytes,51945472.0
1744886336,kashef-k8s-w1.user-memcached-59687c864d-d5rb5,container_memory_usage_bytes,3612672.0
1744886336,kashef-k8s-w1.url-shorten-service-66949ddcc4-xlfmt,container_memory_usage_bytes,4018176.0
1744886336,kashef-k8s-ctl.url-shorten-memcached-6546746864-pg8xh,container_memory_usage_bytes,2584576.0
1744886336,kashef-k8s-ctl.social-graph-service-677dbc655c-2tqbt,container_memory_usage_bytes,2621440.0
1744886336,kashef-k8s-ctl.media-mongodb-7b64c59567-6ntnm,container_memory_usage_bytes,60329984.0
1744886336,kashef-k8s-ctl.user-timeline-redis-67cc95bc57-klp4b,container_memory_usage_bytes,4100096.0
1744886336,kashef-k8s-ctl.user-timeline-mongodb-6758898d48-gggfw,container_memory_usage_bytes,64139264.0
1744886336,kashef-k8s-ctl.home-timeline-redis-6c6647df6f-5vgsk,container_memory_usage_bytes,10432512.0
1744886336,kashef-k8s-w1.home-timeline-service-5754ffbc6d-zp4pr,container_memory_usage_bytes,6397952.0
1744886336,kashef-k8s-w1.post-storage-service-66c9966f5f-nllkd,container_memory_usage_bytes,4259840.0
1744886336,kashef-k8s-ctl.user-mongodb-7745bbd78-xrw2n,container_memory_usage_bytes,61464576.0
1744886336,kashef-k8s-w1.text-service-fff64b8bf-v9dsr,container_memory_usage_bytes,3272704.0
1744886336,kashef-k8s-ctl.post-storage-mongodb-5579669d8c-ckzsx,container_memory_usage_bytes,62107648.0
1744886336,kashef-k8s-ctl.jaeger-67997f9775-tjgc8,container_memory_usage_bytes,12173312.0
1744886336,kashef-k8s-ctl.url-shorten-mongodb-57c886d5f8-2m8fs,container_memory_usage_bytes,61964288.0
1744886336,kashef-k8s-ctl.media-memcached-7889bdfdfb-2thqn,container_memory_usage_bytes,2621440.0
1744886336,kashef-k8s-w1.user-timeline-service-664c7f6696-fvhv9,container_memory_usage_bytes,9383936.0
1744886342,kashef-k8s-w1.social-graph-redis-5bbd5b7458-tqz7l,container_memory_usage_bytes,7282688.0
1744886342,kashef-k8s-w1.social-graph-mongodb-55df767ff5-c86pb,container_memory_usage_bytes,79757312.0
1744886342,kashef-k8s-ctl.media-mongodb-7b64c59567-6ntnm,container_memory_usage_bytes,60329984.0
1744886342,kashef-k8s-ctl.unique-id-service-694497b678-bzxbf,container_memory_usage_bytes,2007040.0
1744886342,kashef-k8s-w1.media-service-6c665c775d-s7hl8,container_memory_usage_bytes,2736128.0
1744886342,kashef-k8s-ctl.user-timeline-redis-67cc95bc57-klp4b,container_memory_usage_bytes,4100096.0
1744886342,kashef-k8s-w1.user-mention-service-5c4f566c5-w4xpc,container_memory_usage_bytes,4128768.0
1744886342,kashef-k8s-w1.user-memcached-59687c864d-d5rb5,container_memory_usage_bytes,3612672.0
1744886342,kashef-k8s-w1.nginx-thrift-79478f9bf5-h66tn,container_memory_usage_bytes,51945472.0
1744886342,kashef-k8s-ctl.url-shorten-memcached-6546746864-pg8xh,container_memory_usage_bytes,2584576.0
1744886342,kashef-k8s-ctl.social-graph-service-677dbc655c-2tqbt,container_memory_usage_bytes,2621440.0
1744886342,kashef-k8s-w1.url-shorten-service-66949ddcc4-xlfmt,container_memory_usage_bytes,4018176.0
1744886342,kashef-k8s-w1.media-frontend-6b66b95ff4-xrdq6,container_memory_usage_bytes,16449536.0
1744886342,kashef-k8s-w1.user-service-547b88cd8f-mbl6h,container_memory_usage_bytes,3854336.0
1744886342,kashef-k8s-ctl.post-storage-memcached-6b75788fc6-gnd8c,container_memory_usage_bytes,3723264.0
1744886342,kashef-k8s-w1.compose-post-service-f587bf89d-l5zcs,container_memory_usage_bytes,4820992.0
1744886342,kashef-k8s-ctl.media-memcached-7889bdfdfb-2thqn,container_memory_usage_bytes,2621440.0
1744886342,kashef-k8s-ctl.home-timeline-redis-6c6647df6f-5vgsk,container_memory_usage_bytes,10432512.0
1744886342,kashef-k8s-ctl.user-mongodb-7745bbd78-xrw2n,container_memory_usage_bytes,61464576.0
1744886342,kashef-k8s-ctl.url-shorten-mongodb-57c886d5f8-2m8fs,container_memory_usage_bytes,61964288.0
1744886342,kashef-k8s-w1.user-timeline-service-664c7f6696-fvhv9,container_memory_usage_bytes,9383936.0
1744886342,kashef-k8s-w1.home-timeline-service-5754ffbc6d-zp4pr,container_memory_usage_bytes,6397952.0
1744886342,kashef-k8s-w1.post-storage-service-66c9966f5f-nllkd,container_memory_usage_bytes,4259840.0
1744886342,kashef-k8s-ctl.user-timeline-mongodb-6758898d48-gggfw,container_memory_usage_bytes,64139264.0
1744886342,kashef-k8s-ctl.post-storage-mongodb-5579669d8c-ckzsx,container_memory_usage_bytes,62107648.0
1744886342,kashef-k8s-w1.text-service-fff64b8bf-v9dsr,container_memory_usage_bytes,3272704.0
1744886342,kashef-k8s-ctl.jaeger-67997f9775-tjgc8,container_memory_usage_bytes,12173312.0
1744886348,kashef-k8s-ctl.home-timeline-redis-6c6647df6f-5vgsk,container_memory_usage_bytes,10432512.0
1744886348,kashef-k8s-ctl.user-timeline-mongodb-6758898d48-gggfw,container_memory_usage_bytes,64139264.0
1744886348,kashef-k8s-ctl.post-storage-mongodb-5579669d8c-ckzsx,container_memory_usage_bytes,62107648.0
1744886348,kashef-k8s-w1.post-storage-service-66c9966f5f-nllkd,container_memory_usage_bytes,4259840.0
1744886348,kashef-k8s-w1.user-memcached-59687c864d-d5rb5,container_memory_usage_bytes,3612672.0
1744886348,kashef-k8s-w1.nginx-thrift-79478f9bf5-h66tn,container_memory_usage_bytes,51945472.0
1744886348,kashef-k8s-ctl.media-memcached-7889bdfdfb-2thqn,container_memory_usage_bytes,2621440.0
1744886348,kashef-k8s-ctl.user-mongodb-7745bbd78-xrw2n,container_memory_usage_bytes,61464576.0
1744886348,kashef-k8s-ctl.unique-id-service-694497b678-bzxbf,container_memory_usage_bytes,2007040.0
1744886348,kashef-k8s-w1.user-mention-service-5c4f566c5-w4xpc,container_memory_usage_bytes,4128768.0
1744886348,kashef-k8s-ctl.url-shorten-memcached-6546746864-pg8xh,container_memory_usage_bytes,2584576.0
1744886348,kashef-k8s-ctl.post-storage-memcached-6b75788fc6-gnd8c,container_memory_usage_bytes,3723264.0
1744886348,kashef-k8s-ctl.jaeger-67997f9775-tjgc8,container_memory_usage_bytes,12283904.0
1744886348,kashef-k8s-ctl.url-shorten-mongodb-57c886d5f8-2m8fs,container_memory_usage_bytes,61964288.0
1744886348,kashef-k8s-ctl.user-timeline-redis-67cc95bc57-klp4b,container_memory_usage_bytes,4100096.0
1744886348,kashef-k8s-w1.user-timeline-service-664c7f6696-fvhv9,container_memory_usage_bytes,9383936.0
1744886348,kashef-k8s-w1.url-shorten-service-66949ddcc4-xlfmt,container_memory_usage_bytes,4018176.0
1744886348,kashef-k8s-ctl.media-mongodb-7b64c59567-6ntnm,container_memory_usage_bytes,60469248.0
1744886348,kashef-k8s-w1.compose-post-service-f587bf89d-l5zcs,container_memory_usage_bytes,4820992.0
1744886348,kashef-k8s-w1.social-graph-redis-5bbd5b7458-tqz7l,container_memory_usage_bytes,7282688.0
1744886348,kashef-k8s-w1.media-service-6c665c775d-s7hl8,container_memory_usage_bytes,2736128.0
1744886348,kashef-k8s-w1.social-graph-mongodb-55df767ff5-c86pb,container_memory_usage_bytes,79757312.0
1744886348,kashef-k8s-ctl.social-graph-service-677dbc655c-2tqbt,container_memory_usage_bytes,2621440.0
1744886348,kashef-k8s-w1.text-service-fff64b8bf-v9dsr,container_memory_usage_bytes,3272704.0
1744886348,kashef-k8s-w1.home-timeline-service-5754ffbc6d-zp4pr,container_memory_usage_bytes,6397952.0
1744886348,kashef-k8s-w1.media-frontend-6b66b95ff4-xrdq6,container_memory_usage_bytes,16449536.0
1744886348,kashef-k8s-w1.user-service-547b88cd8f-mbl6h,container_memory_usage_bytes,3854336.0
1744886354,kashef-k8s-w1.nginx-thrift-79478f9bf5-h66tn,container_memory_usage_bytes,51945472.0
1744886354,kashef-k8s-ctl.home-timeline-redis-6c6647df6f-5vgsk,container_memory_usage_bytes,10432512.0
1744886354,kashef-k8s-ctl.social-graph-service-677dbc655c-2tqbt,container_memory_usage_bytes,2621440.0
1744886354,kashef-k8s-ctl.user-mongodb-7745bbd78-xrw2n,container_memory_usage_bytes,61464576.0
1744886354,kashef-k8s-ctl.media-memcached-7889bdfdfb-2thqn,container_memory_usage_bytes,2621440.0
1744886354,kashef-k8s-w1.user-mention-service-5c4f566c5-w4xpc,container_memory_usage_bytes,4128768.0
1744886354,kashef-k8s-ctl.unique-id-service-694497b678-bzxbf,container_memory_usage_bytes,2007040.0
1744886354,kashef-k8s-w1.social-graph-mongodb-55df767ff5-c86pb,container_memory_usage_bytes,79757312.0
1744886354,kashef-k8s-ctl.post-storage-memcached-6b75788fc6-gnd8c,container_memory_usage_bytes,3723264.0
1744886354,kashef-k8s-ctl.url-shorten-mongodb-57c886d5f8-2m8fs,container_memory_usage_bytes,61964288.0
1744886354,kashef-k8s-ctl.user-timeline-redis-67cc95bc57-klp4b,container_memory_usage_bytes,4100096.0
1744886354,kashef-k8s-ctl.jaeger-67997f9775-tjgc8,container_memory_usage_bytes,12283904.0
1744886354,kashef-k8s-w1.url-shorten-service-66949ddcc4-xlfmt,container_memory_usage_bytes,4018176.0
1744886354,kashef-k8s-w1.post-storage-service-66c9966f5f-nllkd,container_memory_usage_bytes,4259840.0
1744886354,kashef-k8s-ctl.user-timeline-mongodb-6758898d48-gggfw,container_memory_usage_bytes,64139264.0
1744886354,kashef-k8s-w1.user-timeline-service-664c7f6696-fvhv9,container_memory_usage_bytes,9383936.0
1744886354,kashef-k8s-w1.media-frontend-6b66b95ff4-xrdq6,container_memory_usage_bytes,16449536.0
1744886354,kashef-k8s-ctl.media-mongodb-7b64c59567-6ntnm,container_memory_usage_bytes,60469248.0
1744886354,kashef-k8s-w1.social-graph-redis-5bbd5b7458-tqz7l,container_memory_usage_bytes,7282688.0
1744886354,kashef-k8s-w1.user-service-547b88cd8f-mbl6h,container_memory_usage_bytes,3854336.0
1744886354,kashef-k8s-ctl.url-shorten-memcached-6546746864-pg8xh,container_memory_usage_bytes,2584576.0
1744886354,kashef-k8s-w1.user-memcached-59687c864d-d5rb5,container_memory_usage_bytes,3612672.0
1744886354,kashef-k8s-w1.compose-post-service-f587bf89d-l5zcs,container_memory_usage_bytes,4820992.0
1744886354,kashef-k8s-w1.media-service-6c665c775d-s7hl8,container_memory_usage_bytes,2736128.0
1744886354,kashef-k8s-w1.text-service-fff64b8bf-v9dsr,container_memory_usage_bytes,3272704.0
1744886354,kashef-k8s-ctl.post-storage-mongodb-5579669d8c-ckzsx,container_memory_usage_bytes,62107648.0
1744886354,kashef-k8s-w1.home-timeline-service-5754ffbc6d-zp4pr,container_memory_usage_bytes,6397952.0
1744886360,kashef-k8s-ctl.post-storage-mongodb-5579669d8c-ckzsx,container_memory_usage_bytes,62427136.0
1744886360,kashef-k8s-w1.home-timeline-service-5754ffbc6d-zp4pr,container_memory_usage_bytes,6397952.0
1744886360,kashef-k8s-ctl.jaeger-67997f9775-tjgc8,container_memory_usage_bytes,12283904.0
1744886360,kashef-k8s-w1.compose-post-service-f587bf89d-l5zcs,container_memory_usage_bytes,4820992.0
1744886360,kashef-k8s-w1.media-service-6c665c775d-s7hl8,container_memory_usage_bytes,2736128.0
1744886360,kashef-k8s-w1.user-memcached-59687c864d-d5rb5,container_memory_usage_bytes,3612672.0
1744886360,kashef-k8s-ctl.media-mongodb-7b64c59567-6ntnm,container_memory_usage_bytes,60469248.0
1744886360,kashef-k8s-w1.social-graph-redis-5bbd5b7458-tqz7l,container_memory_usage_bytes,7282688.0
1744886360,kashef-k8s-w1.media-frontend-6b66b95ff4-xrdq6,container_memory_usage_bytes,16449536.0
1744886360,kashef-k8s-w1.user-timeline-service-664c7f6696-fvhv9,container_memory_usage_bytes,9383936.0
1744886360,kashef-k8s-w1.post-storage-service-66c9966f5f-nllkd,container_memory_usage_bytes,4259840.0
1744886360,kashef-k8s-w1.social-graph-mongodb-55df767ff5-c86pb,container_memory_usage_bytes,79757312.0
1744886360,kashef-k8s-ctl.post-storage-memcached-6b75788fc6-gnd8c,container_memory_usage_bytes,3723264.0
1744886360,kashef-k8s-w1.user-mention-service-5c4f566c5-w4xpc,container_memory_usage_bytes,4128768.0
1744886360,kashef-k8s-ctl.url-shorten-memcached-6546746864-pg8xh,container_memory_usage_bytes,2584576.0
1744886360,kashef-k8s-w1.user-service-547b88cd8f-mbl6h,container_memory_usage_bytes,3854336.0
1744886360,kashef-k8s-ctl.user-mongodb-7745bbd78-xrw2n,container_memory_usage_bytes,61431808.0
1744886360,kashef-k8s-ctl.media-memcached-7889bdfdfb-2thqn,container_memory_usage_bytes,2621440.0
1744886360,kashef-k8s-ctl.home-timeline-redis-6c6647df6f-5vgsk,container_memory_usage_bytes,10432512.0
1744886360,kashef-k8s-ctl.url-shorten-mongodb-57c886d5f8-2m8fs,container_memory_usage_bytes,62210048.0
1744886360,kashef-k8s-w1.url-shorten-service-66949ddcc4-xlfmt,container_memory_usage_bytes,4018176.0
1744886360,kashef-k8s-ctl.social-graph-service-677dbc655c-2tqbt,container_memory_usage_bytes,2621440.0
1744886360,kashef-k8s-ctl.user-timeline-mongodb-6758898d48-gggfw,container_memory_usage_bytes,64344064.0
1744886360,kashef-k8s-w1.text-service-fff64b8bf-v9dsr,container_memory_usage_bytes,3272704.0
1744886360,kashef-k8s-ctl.user-timeline-redis-67cc95bc57-klp4b,container_memory_usage_bytes,4100096.0
1744886360,kashef-k8s-w1.nginx-thrift-79478f9bf5-h66tn,container_memory_usage_bytes,51945472.0
1744886360,kashef-k8s-ctl.unique-id-service-694497b678-bzxbf,container_memory_usage_bytes,2007040.0
1744886366,kashef-k8s-w1.user-timeline-service-664c7f6696-fvhv9,container_memory_usage_bytes,9383936.0
1744886366,kashef-k8s-ctl.post-storage-mongodb-5579669d8c-ckzsx,container_memory_usage_bytes,62427136.0
1744886366,kashef-k8s-ctl.media-mongodb-7b64c59567-6ntnm,container_memory_usage_bytes,60469248.0
1744886366,kashef-k8s-w1.media-service-6c665c775d-s7hl8,container_memory_usage_bytes,2736128.0
1744886366,kashef-k8s-w1.social-graph-redis-5bbd5b7458-tqz7l,container_memory_usage_bytes,7282688.0
1744886366,kashef-k8s-w1.post-storage-service-66c9966f5f-nllkd,container_memory_usage_bytes,4259840.0
1744886366,kashef-k8s-w1.user-mention-service-5c4f566c5-w4xpc,container_memory_usage_bytes,4128768.0
1744886366,kashef-k8s-w1.url-shorten-service-66949ddcc4-xlfmt,container_memory_usage_bytes,4022272.0
1744886366,kashef-k8s-w1.social-graph-mongodb-55df767ff5-c86pb,container_memory_usage_bytes,79757312.0
1744886366,kashef-k8s-ctl.post-storage-memcached-6b75788fc6-gnd8c,container_memory_usage_bytes,3723264.0
1744886366,kashef-k8s-w1.user-service-547b88cd8f-mbl6h,container_memory_usage_bytes,3854336.0
1744886366,kashef-k8s-ctl.url-shorten-memcached-6546746864-pg8xh,container_memory_usage_bytes,2584576.0
1744886366,kashef-k8s-ctl.unique-id-service-694497b678-bzxbf,container_memory_usage_bytes,2007040.0
1744886366,kashef-k8s-w1.media-frontend-6b66b95ff4-xrdq6,container_memory_usage_bytes,16449536.0
1744886366,kashef-k8s-ctl.user-timeline-redis-67cc95bc57-klp4b,container_memory_usage_bytes,3969024.0
1744886366,kashef-k8s-ctl.jaeger-67997f9775-tjgc8,container_memory_usage_bytes,12283904.0
1744886366,kashef-k8s-ctl.url-shorten-mongodb-57c886d5f8-2m8fs,container_memory_usage_bytes,62210048.0
1744886366,kashef-k8s-ctl.media-memcached-7889bdfdfb-2thqn,container_memory_usage_bytes,2621440.0
1744886366,kashef-k8s-ctl.user-mongodb-7745bbd78-xrw2n,container_memory_usage_bytes,61431808.0
1744886366,kashef-k8s-w1.nginx-thrift-79478f9bf5-h66tn,container_memory_usage_bytes,51945472.0
1744886366,kashef-k8s-w1.user-memcached-59687c864d-d5rb5,container_memory_usage_bytes,3743744.0
1744886366,kashef-k8s-w1.text-service-fff64b8bf-v9dsr,container_memory_usage_bytes,3272704.0
1744886366,kashef-k8s-w1.home-timeline-service-5754ffbc6d-zp4pr,container_memory_usage_bytes,6393856.0
1744886366,kashef-k8s-ctl.user-timeline-mongodb-6758898d48-gggfw,container_memory_usage_bytes,64344064.0
1744886366,kashef-k8s-ctl.home-timeline-redis-6c6647df6f-5vgsk,container_memory_usage_bytes,10432512.0
1744886366,kashef-k8s-ctl.social-graph-service-677dbc655c-2tqbt,container_memory_usage_bytes,2621440.0
1744886366,kashef-k8s-w1.compose-post-service-f587bf89d-l5zcs,container_memory_usage_bytes,4820992.0
1744886372,kashef-k8s-w1.compose-post-service-f587bf89d-l5zcs,container_memory_usage_bytes,4820992.0
1744886372,kashef-k8s-w1.text-service-fff64b8bf-v9dsr,container_memory_usage_bytes,3272704.0
1744886372,kashef-k8s-w1.user-mention-service-5c4f566c5-w4xpc,container_memory_usage_bytes,4128768.0
1744886372,kashef-k8s-ctl.media-memcached-7889bdfdfb-2thqn,container_memory_usage_bytes,2621440.0
1744886372,kashef-k8s-ctl.unique-id-service-694497b678-bzxbf,container_memory_usage_bytes,2007040.0
1744886372,kashef-k8s-w1.post-storage-service-66c9966f5f-nllkd,container_memory_usage_bytes,4259840.0
1744886372,kashef-k8s-w1.url-shorten-service-66949ddcc4-xlfmt,container_memory_usage_bytes,4022272.0
1744886372,kashef-k8s-ctl.url-shorten-memcached-6546746864-pg8xh,container_memory_usage_bytes,2584576.0
1744886372,kashef-k8s-w1.media-frontend-6b66b95ff4-xrdq6,container_memory_usage_bytes,16449536.0
1744886372,kashef-k8s-w1.social-graph-redis-5bbd5b7458-tqz7l,container_memory_usage_bytes,7282688.0
1744886372,kashef-k8s-ctl.media-mongodb-7b64c59567-6ntnm,container_memory_usage_bytes,60469248.0
1744886372,kashef-k8s-w1.media-service-6c665c775d-s7hl8,container_memory_usage_bytes,2736128.0
1744886372,kashef-k8s-ctl.post-storage-memcached-6b75788fc6-gnd8c,container_memory_usage_bytes,3723264.0
1744886372,kashef-k8s-w1.user-service-547b88cd8f-mbl6h,container_memory_usage_bytes,3854336.0
1744886372,kashef-k8s-w1.social-graph-mongodb-55df767ff5-c86pb,container_memory_usage_bytes,80191488.0
1744886372,kashef-k8s-w1.user-timeline-service-664c7f6696-fvhv9,container_memory_usage_bytes,9379840.0
1744886372,kashef-k8s-ctl.post-storage-mongodb-5579669d8c-ckzsx,container_memory_usage_bytes,62427136.0
1744886372,kashef-k8s-w1.home-timeline-service-5754ffbc6d-zp4pr,container_memory_usage_bytes,6393856.0
1744886372,kashef-k8s-ctl.user-timeline-mongodb-6758898d48-gggfw,container_memory_usage_bytes,64344064.0
1744886372,kashef-k8s-ctl.user-mongodb-7745bbd78-xrw2n,container_memory_usage_bytes,61431808.0
1744886372,kashef-k8s-ctl.home-timeline-redis-6c6647df6f-5vgsk,container_memory_usage_bytes,10432512.0
1744886372,kashef-k8s-w1.user-memcached-59687c864d-d5rb5,container_memory_usage_bytes,3743744.0
1744886372,kashef-k8s-w1.nginx-thrift-79478f9bf5-h66tn,container_memory_usage_bytes,51945472.0
1744886372,kashef-k8s-ctl.jaeger-67997f9775-tjgc8,container_memory_usage_bytes,12283904.0
1744886372,kashef-k8s-ctl.social-graph-service-677dbc655c-2tqbt,container_memory_usage_bytes,2621440.0
1744886372,kashef-k8s-ctl.url-shorten-mongodb-57c886d5f8-2m8fs,container_memory_usage_bytes,62210048.0
1744886372,kashef-k8s-ctl.user-timeline-redis-67cc95bc57-klp4b,container_memory_usage_bytes,3969024.0
1744886378,kashef-k8s-ctl.url-shorten-memcached-6546746864-pg8xh,container_memory_usage_bytes,2584576.0
1744886378,kashef-k8s-ctl.unique-id-service-694497b678-bzxbf,container_memory_usage_bytes,2007040.0
1744886378,kashef-k8s-w1.url-shorten-service-66949ddcc4-xlfmt,container_memory_usage_bytes,4022272.0
1744886378,kashef-k8s-w1.user-mention-service-5c4f566c5-w4xpc,container_memory_usage_bytes,4128768.0
1744886378,kashef-k8s-ctl.media-memcached-7889bdfdfb-2thqn,container_memory_usage_bytes,2621440.0
1744886378,kashef-k8s-ctl.media-mongodb-7b64c59567-6ntnm,container_memory_usage_bytes,60469248.0
1744886378,kashef-k8s-ctl.user-timeline-redis-67cc95bc57-klp4b,container_memory_usage_bytes,3969024.0
1744886378,kashef-k8s-w1.social-graph-redis-5bbd5b7458-tqz7l,container_memory_usage_bytes,7282688.0
1744886378,kashef-k8s-w1.user-service-547b88cd8f-mbl6h,container_memory_usage_bytes,3854336.0
1744886378,kashef-k8s-w1.media-service-6c665c775d-s7hl8,container_memory_usage_bytes,2736128.0
1744886378,kashef-k8s-w1.post-storage-service-66c9966f5f-nllkd,container_memory_usage_bytes,4259840.0
1744886378,kashef-k8s-ctl.post-storage-memcached-6b75788fc6-gnd8c,container_memory_usage_bytes,3723264.0
1744886378,kashef-k8s-w1.media-frontend-6b66b95ff4-xrdq6,container_memory_usage_bytes,16449536.0
1744886378,kashef-k8s-w1.social-graph-mongodb-55df767ff5-c86pb,container_memory_usage_bytes,80191488.0
1744886378,kashef-k8s-w1.text-service-fff64b8bf-v9dsr,container_memory_usage_bytes,3272704.0
1744886378,kashef-k8s-ctl.user-mongodb-7745bbd78-xrw2n,container_memory_usage_bytes,61431808.0
1744886378,kashef-k8s-w1.compose-post-service-f587bf89d-l5zcs,container_memory_usage_bytes,4820992.0
1744886378,kashef-k8s-w1.home-timeline-service-5754ffbc6d-zp4pr,container_memory_usage_bytes,6393856.0
1744886378,kashef-k8s-ctl.url-shorten-mongodb-57c886d5f8-2m8fs,container_memory_usage_bytes,62210048.0
1744886378,kashef-k8s-w1.user-timeline-service-664c7f6696-fvhv9,container_memory_usage_bytes,9379840.0
1744886378,kashef-k8s-ctl.social-graph-service-677dbc655c-2tqbt,container_memory_usage_bytes,2621440.0
1744886378,kashef-k8s-ctl.user-timeline-mongodb-6758898d48-gggfw,container_memory_usage_bytes,64344064.0
1744886378,kashef-k8s-ctl.jaeger-67997f9775-tjgc8,container_memory_usage_bytes,12283904.0
1744886378,kashef-k8s-ctl.post-storage-mongodb-5579669d8c-ckzsx,container_memory_usage_bytes,62427136.0
1744886378,kashef-k8s-ctl.home-timeline-redis-6c6647df6f-5vgsk,container_memory_usage_bytes,10432512.0
1744886378,kashef-k8s-w1.user-memcached-59687c864d-d5rb5,container_memory_usage_bytes,3743744.0
1744886378,kashef-k8s-w1.nginx-thrift-79478f9bf5-h66tn,container_memory_usage_bytes,51933184.0
