timestamp,cmdb_id,kpi_name,value
1744885976,kashef-k8s-w1.user-memcached-59687c864d-d5rb5,container_cpu_system_seconds_total,0.0
1744885976,kashef-k8s-w1.user-timeline-service-664c7f6696-fvhv9,container_cpu_system_seconds_total,0.0
1744885976,kashef-k8s-w1.media-service-6c665c775d-s7hl8,container_cpu_system_seconds_total,0.0
1744885976,kashef-k8s-w1.url-shorten-service-66949ddcc4-xlfmt,container_cpu_system_seconds_total,0.0
1744885976,kashef-k8s-w1.text-service-fff64b8bf-v9dsr,container_cpu_system_seconds_total,0.0
1744885976,kashef-k8s-w1.post-storage-service-66c9966f5f-nllkd,container_cpu_system_seconds_total,0.0
1744885976,kashef-k8s-w1.social-graph-mongodb-55df767ff5-c86pb,container_cpu_system_seconds_total,0.0
1744885976,kashef-k8s-w1.user-service-547b88cd8f-mbl6h,container_cpu_system_seconds_total,0.0
1744885976,kashef-k8s-w1.home-timeline-service-5754ffbc6d-zp4pr,container_cpu_system_seconds_total,0.0
1744885976,kashef-k8s-w1.social-graph-redis-5bbd5b7458-tqz7l,container_cpu_system_seconds_total,0.0
1744885976,kashef-k8s-w1.media-frontend-6b66b95ff4-xrdq6,container_cpu_system_seconds_total,0.0
1744885976,kashef-k8s-w1.nginx-thrift-79478f9bf5-h66tn,container_cpu_system_seconds_total,0.0
1744885976,kashef-k8s-w1.user-mention-service-5c4f566c5-w4xpc,container_cpu_system_seconds_total,0.0
1744885982,kashef-k8s-w1.text-service-fff64b8bf-v9dsr,container_cpu_system_seconds_total,0.0
1744885982,kashef-k8s-w1.user-timeline-service-664c7f6696-fvhv9,container_cpu_system_seconds_total,0.0
1744885982,kashef-k8s-w1.social-graph-redis-5bbd5b7458-tqz7l,container_cpu_system_seconds_total,0.0
1744885982,kashef-k8s-w1.post-storage-service-66c9966f5f-nllkd,container_cpu_system_seconds_total,0.0
1744885982,kashef-k8s-w1.media-frontend-6b66b95ff4-xrdq6,container_cpu_system_seconds_total,0.0
1744885982,kashef-k8s-w1.social-graph-mongodb-55df767ff5-c86pb,container_cpu_system_seconds_total,0.0
1744885982,kashef-k8s-w1.media-service-6c665c775d-s7hl8,container_cpu_system_seconds_total,0.0
1744885982,kashef-k8s-w1.user-service-547b88cd8f-mbl6h,container_cpu_system_seconds_total,0.0
1744885982,kashef-k8s-w1.user-mention-service-5c4f566c5-w4xpc,container_cpu_system_seconds_total,0.0
1744885982,kashef-k8s-w1.url-shorten-service-66949ddcc4-xlfmt,container_cpu_system_seconds_total,0.0
1744885982,kashef-k8s-w1.home-timeline-service-5754ffbc6d-zp4pr,container_cpu_system_seconds_total,0.0
1744885982,kashef-k8s-w1.user-memcached-59687c864d-d5rb5,container_cpu_system_seconds_total,0.0
1744885982,kashef-k8s-w1.nginx-thrift-79478f9bf5-h66tn,container_cpu_system_seconds_total,0.0
1744885988,kashef-k8s-w1.url-shorten-service-66949ddcc4-xlfmt,container_cpu_system_seconds_total,0.0
1744885988,kashef-k8s-w1.user-memcached-59687c864d-d5rb5,container_cpu_system_seconds_total,0.0
1744885988,kashef-k8s-w1.nginx-thrift-79478f9bf5-h66tn,container_cpu_system_seconds_total,0.0
1744885988,kashef-k8s-w1.home-timeline-service-5754ffbc6d-zp4pr,container_cpu_system_seconds_total,0.0
1744885988,kashef-k8s-ctl.user-timeline-mongodb-6758898d48-gggfw,container_cpu_system_seconds_total,0.222
1744885988,kashef-k8s-w1.media-frontend-6b66b95ff4-xrdq6,container_cpu_system_seconds_total,0.0
1744885988,kashef-k8s-ctl.user-mongodb-7745bbd78-xrw2n,container_cpu_system_seconds_total,0.203
1744885988,kashef-k8s-w1.post-storage-service-66c9966f5f-nllkd,container_cpu_system_seconds_total,0.0
1744885988,kashef-k8s-w1.social-graph-mongodb-55df767ff5-c86pb,container_cpu_system_seconds_total,0.0
1744885988,kashef-k8s-w1.compose-post-service-f587bf89d-l5zcs,container_cpu_system_seconds_total,0.043
1744885988,kashef-k8s-w1.text-service-fff64b8bf-v9dsr,container_cpu_system_seconds_total,0.0
1744885988,kashef-k8s-w1.user-service-547b88cd8f-mbl6h,container_cpu_system_seconds_total,0.0
1744885988,kashef-k8s-w1.user-mention-service-5c4f566c5-w4xpc,container_cpu_system_seconds_total,0.0
1744885988,kashef-k8s-ctl.post-storage-mongodb-5579669d8c-ckzsx,container_cpu_system_seconds_total,0.035
1744885988,kashef-k8s-w1.media-service-6c665c775d-s7hl8,container_cpu_system_seconds_total,0.0
1744885988,kashef-k8s-w1.social-graph-redis-5bbd5b7458-tqz7l,container_cpu_system_seconds_total,0.0
1744885988,kashef-k8s-w1.user-timeline-service-664c7f6696-fvhv9,container_cpu_system_seconds_total,0.0
1744885994,kashef-k8s-w1.media-frontend-6b66b95ff4-xrdq6,container_cpu_system_seconds_total,0.0
1744885994,kashef-k8s-w1.social-graph-mongodb-55df767ff5-c86pb,container_cpu_system_seconds_total,0.0
1744885994,kashef-k8s-w1.media-service-6c665c775d-s7hl8,container_cpu_system_seconds_total,0.0
1744885994,kashef-k8s-ctl.unique-id-service-694497b678-bzxbf,container_cpu_system_seconds_total,0.052
1744885994,kashef-k8s-ctl.user-timeline-mongodb-6758898d48-gggfw,container_cpu_system_seconds_total,0.222
1744885994,kashef-k8s-w1.url-shorten-service-66949ddcc4-xlfmt,container_cpu_system_seconds_total,0.0
1744885994,kashef-k8s-ctl.media-mongodb-7b64c59567-6ntnm,container_cpu_system_seconds_total,0.018
1744885994,kashef-k8s-w1.post-storage-service-66c9966f5f-nllkd,container_cpu_system_seconds_total,0.0
1744885994,kashef-k8s-ctl.home-timeline-redis-6c6647df6f-5vgsk,container_cpu_system_seconds_total,0.118
1744885994,kashef-k8s-w1.user-mention-service-5c4f566c5-w4xpc,container_cpu_system_seconds_total,0.0
1744885994,kashef-k8s-w1.compose-post-service-f587bf89d-l5zcs,container_cpu_system_seconds_total,0.043
1744885994,kashef-k8s-ctl.user-timeline-redis-67cc95bc57-klp4b,container_cpu_system_seconds_total,0.043
1744885994,kashef-k8s-w1.nginx-thrift-79478f9bf5-h66tn,container_cpu_system_seconds_total,0.0
1744885994,kashef-k8s-w1.home-timeline-service-5754ffbc6d-zp4pr,container_cpu_system_seconds_total,0.0
1744885994,kashef-k8s-w1.user-memcached-59687c864d-d5rb5,container_cpu_system_seconds_total,0.0
1744885994,kashef-k8s-w1.text-service-fff64b8bf-v9dsr,container_cpu_system_seconds_total,0.0
1744885994,kashef-k8s-w1.user-service-547b88cd8f-mbl6h,container_cpu_system_seconds_total,0.0
1744885994,kashef-k8s-ctl.post-storage-memcached-6b75788fc6-gnd8c,container_cpu_system_seconds_total,0.066
1744885994,kashef-k8s-w1.social-graph-redis-5bbd5b7458-tqz7l,container_cpu_system_seconds_total,0.0
1744885994,kashef-k8s-w1.user-timeline-service-664c7f6696-fvhv9,container_cpu_system_seconds_total,0.0
1744885994,kashef-k8s-ctl.user-mongodb-7745bbd78-xrw2n,container_cpu_system_seconds_total,0.203
1744885994,kashef-k8s-ctl.post-storage-mongodb-5579669d8c-ckzsx,container_cpu_system_seconds_total,0.035
1744886000,kashef-k8s-w1.user-memcached-59687c864d-d5rb5,container_cpu_system_seconds_total,0.0
1744886000,kashef-k8s-w1.social-graph-redis-5bbd5b7458-tqz7l,container_cpu_system_seconds_total,0.0
1744886000,kashef-k8s-w1.social-graph-mongodb-55df767ff5-c86pb,container_cpu_system_seconds_total,0.0
1744886000,kashef-k8s-w1.text-service-fff64b8bf-v9dsr,container_cpu_system_seconds_total,0.0
1744886000,kashef-k8s-ctl.post-storage-memcached-6b75788fc6-gnd8c,container_cpu_system_seconds_total,0.066
1744886000,kashef-k8s-w1.user-service-547b88cd8f-mbl6h,container_cpu_system_seconds_total,0.0
1744886000,kashef-k8s-ctl.user-timeline-redis-67cc95bc57-klp4b,container_cpu_system_seconds_total,0.043
1744886000,kashef-k8s-ctl.url-shorten-mongodb-57c886d5f8-2m8fs,container_cpu_system_seconds_total,0.238
1744886000,kashef-k8s-w1.post-storage-service-66c9966f5f-nllkd,container_cpu_system_seconds_total,0.0
1744886000,kashef-k8s-ctl.url-shorten-memcached-6546746864-pg8xh,container_cpu_system_seconds_total,0.084
1744886000,kashef-k8s-w1.compose-post-service-f587bf89d-l5zcs,container_cpu_system_seconds_total,0.043
1744886000,kashef-k8s-ctl.user-timeline-mongodb-6758898d48-gggfw,container_cpu_system_seconds_total,0.222
1744886000,kashef-k8s-w1.home-timeline-service-5754ffbc6d-zp4pr,container_cpu_system_seconds_total,0.0
1744886000,kashef-k8s-w1.media-frontend-6b66b95ff4-xrdq6,container_cpu_system_seconds_total,0.0
1744886000,kashef-k8s-w1.user-mention-service-5c4f566c5-w4xpc,container_cpu_system_seconds_total,0.0
1744886000,kashef-k8s-ctl.home-timeline-redis-6c6647df6f-5vgsk,container_cpu_system_seconds_total,0.118
1744886000,kashef-k8s-ctl.post-storage-mongodb-5579669d8c-ckzsx,container_cpu_system_seconds_total,0.035
1744886000,kashef-k8s-w1.media-service-6c665c775d-s7hl8,container_cpu_system_seconds_total,0.0
1744886000,kashef-k8s-w1.user-timeline-service-664c7f6696-fvhv9,container_cpu_system_seconds_total,0.0
1744886000,kashef-k8s-ctl.user-mongodb-7745bbd78-xrw2n,container_cpu_system_seconds_total,0.203
1744886000,kashef-k8s-ctl.media-memcached-7889bdfdfb-2thqn,container_cpu_system_seconds_total,0.065
1744886000,kashef-k8s-ctl.media-mongodb-7b64c59567-6ntnm,container_cpu_system_seconds_total,0.018
1744886000,kashef-k8s-w1.url-shorten-service-66949ddcc4-xlfmt,container_cpu_system_seconds_total,0.0
1744886000,kashef-k8s-w1.nginx-thrift-79478f9bf5-h66tn,container_cpu_system_seconds_total,0.0
1744886000,kashef-k8s-ctl.unique-id-service-694497b678-bzxbf,container_cpu_system_seconds_total,0.052
1744886006,kashef-k8s-ctl.jaeger-67997f9775-tjgc8,container_cpu_system_seconds_total,0.102
1744886006,kashef-k8s-w1.user-service-547b88cd8f-mbl6h,container_cpu_system_seconds_total,0.0
1744886006,kashef-k8s-ctl.user-timeline-redis-67cc95bc57-klp4b,container_cpu_system_seconds_total,0.043
1744886006,kashef-k8s-w1.social-graph-mongodb-55df767ff5-c86pb,container_cpu_system_seconds_total,0.401
1744886006,kashef-k8s-w1.user-memcached-59687c864d-d5rb5,container_cpu_system_seconds_total,0.071
1744886006,kashef-k8s-ctl.post-storage-memcached-6b75788fc6-gnd8c,container_cpu_system_seconds_total,0.066
1744886006,kashef-k8s-w1.social-graph-redis-5bbd5b7458-tqz7l,container_cpu_system_seconds_total,0.0
1744886006,kashef-k8s-w1.compose-post-service-f587bf89d-l5zcs,container_cpu_system_seconds_total,0.076
1744886006,kashef-k8s-ctl.url-shorten-memcached-6546746864-pg8xh,container_cpu_system_seconds_total,0.084
1744886006,kashef-k8s-w1.post-storage-service-66c9966f5f-nllkd,container_cpu_system_seconds_total,0.0
1744886006,kashef-k8s-w1.media-frontend-6b66b95ff4-xrdq6,container_cpu_system_seconds_total,0.231
1744886006,kashef-k8s-ctl.user-timeline-mongodb-6758898d48-gggfw,container_cpu_system_seconds_total,0.222
1744886006,kashef-k8s-ctl.url-shorten-mongodb-57c886d5f8-2m8fs,container_cpu_system_seconds_total,0.238
1744886006,kashef-k8s-w1.user-mention-service-5c4f566c5-w4xpc,container_cpu_system_seconds_total,0.0
1744886006,kashef-k8s-w1.home-timeline-service-5754ffbc6d-zp4pr,container_cpu_system_seconds_total,0.0
1744886006,kashef-k8s-w1.text-service-fff64b8bf-v9dsr,container_cpu_system_seconds_total,0.0
1744886006,kashef-k8s-ctl.social-graph-service-677dbc655c-2tqbt,container_cpu_system_seconds_total,0.078
1744886006,kashef-k8s-ctl.media-memcached-7889bdfdfb-2thqn,container_cpu_system_seconds_total,0.065
1744886006,kashef-k8s-ctl.media-mongodb-7b64c59567-6ntnm,container_cpu_system_seconds_total,0.018
1744886006,kashef-k8s-ctl.post-storage-mongodb-5579669d8c-ckzsx,container_cpu_system_seconds_total,0.035
1744886006,kashef-k8s-w1.media-service-6c665c775d-s7hl8,container_cpu_system_seconds_total,0.072
1744886006,kashef-k8s-ctl.home-timeline-redis-6c6647df6f-5vgsk,container_cpu_system_seconds_total,0.118
1744886006,kashef-k8s-ctl.user-mongodb-7745bbd78-xrw2n,container_cpu_system_seconds_total,0.203
1744886006,kashef-k8s-w1.user-timeline-service-664c7f6696-fvhv9,container_cpu_system_seconds_total,0.0
1744886006,kashef-k8s-ctl.unique-id-service-694497b678-bzxbf,container_cpu_system_seconds_total,0.052
1744886006,kashef-k8s-w1.nginx-thrift-79478f9bf5-h66tn,container_cpu_system_seconds_total,0.0
1744886006,kashef-k8s-w1.url-shorten-service-66949ddcc4-xlfmt,container_cpu_system_seconds_total,0.094
1744886012,kashef-k8s-w1.url-shorten-service-66949ddcc4-xlfmt,container_cpu_system_seconds_total,0.094
1744886012,kashef-k8s-ctl.unique-id-service-694497b678-bzxbf,container_cpu_system_seconds_total,0.052
1744886012,kashef-k8s-ctl.media-mongodb-7b64c59567-6ntnm,container_cpu_system_seconds_total,0.018
1744886012,kashef-k8s-w1.text-service-fff64b8bf-v9dsr,container_cpu_system_seconds_total,0.057
1744886012,kashef-k8s-w1.compose-post-service-f587bf89d-l5zcs,container_cpu_system_seconds_total,0.076
1744886012,kashef-k8s-ctl.user-mongodb-7745bbd78-xrw2n,container_cpu_system_seconds_total,0.203
1744886012,kashef-k8s-ctl.post-storage-mongodb-5579669d8c-ckzsx,container_cpu_system_seconds_total,0.035
1744886012,kashef-k8s-ctl.home-timeline-redis-6c6647df6f-5vgsk,container_cpu_system_seconds_total,0.118
1744886012,kashef-k8s-w1.media-service-6c665c775d-s7hl8,container_cpu_system_seconds_total,0.072
1744886012,kashef-k8s-w1.user-mention-service-5c4f566c5-w4xpc,container_cpu_system_seconds_total,0.07
1744886012,kashef-k8s-ctl.user-timeline-mongodb-6758898d48-gggfw,container_cpu_system_seconds_total,0.222
1744886012,kashef-k8s-ctl.post-storage-memcached-6b75788fc6-gnd8c,container_cpu_system_seconds_total,0.066
1744886012,kashef-k8s-ctl.jaeger-67997f9775-tjgc8,container_cpu_system_seconds_total,0.102
1744886012,kashef-k8s-w1.home-timeline-service-5754ffbc6d-zp4pr,container_cpu_system_seconds_total,0.0
1744886012,kashef-k8s-ctl.social-graph-service-677dbc655c-2tqbt,container_cpu_system_seconds_total,0.078
1744886012,kashef-k8s-w1.user-service-547b88cd8f-mbl6h,container_cpu_system_seconds_total,0.077
1744886012,kashef-k8s-ctl.url-shorten-mongodb-57c886d5f8-2m8fs,container_cpu_system_seconds_total,0.238
1744886012,kashef-k8s-w1.media-frontend-6b66b95ff4-xrdq6,container_cpu_system_seconds_total,0.231
1744886012,kashef-k8s-w1.post-storage-service-66c9966f5f-nllkd,container_cpu_system_seconds_total,0.066
1744886012,kashef-k8s-ctl.user-timeline-redis-67cc95bc57-klp4b,container_cpu_system_seconds_total,0.043
1744886012,kashef-k8s-w1.social-graph-mongodb-55df767ff5-c86pb,container_cpu_system_seconds_total,0.401
1744886012,kashef-k8s-ctl.url-shorten-memcached-6546746864-pg8xh,container_cpu_system_seconds_total,0.084
1744886012,kashef-k8s-w1.nginx-thrift-79478f9bf5-h66tn,container_cpu_system_seconds_total,5.467
1744886012,kashef-k8s-w1.user-memcached-59687c864d-d5rb5,container_cpu_system_seconds_total,0.071
1744886012,kashef-k8s-w1.user-timeline-service-664c7f6696-fvhv9,container_cpu_system_seconds_total,0.063
1744886012,kashef-k8s-ctl.media-memcached-7889bdfdfb-2thqn,container_cpu_system_seconds_total,0.065
1744886012,kashef-k8s-w1.social-graph-redis-5bbd5b7458-tqz7l,container_cpu_system_seconds_total,0.142
1744886018,kashef-k8s-ctl.media-memcached-7889bdfdfb-2thqn,container_cpu_system_seconds_total,0.065
1744886018,kashef-k8s-w1.post-storage-service-66c9966f5f-nllkd,container_cpu_system_seconds_total,0.066
1744886018,kashef-k8s-ctl.user-timeline-redis-67cc95bc57-klp4b,container_cpu_system_seconds_total,0.043
1744886018,kashef-k8s-ctl.home-timeline-redis-6c6647df6f-5vgsk,container_cpu_system_seconds_total,0.118
1744886018,kashef-k8s-w1.media-service-6c665c775d-s7hl8,container_cpu_system_seconds_total,0.072
1744886018,kashef-k8s-w1.compose-post-service-f587bf89d-l5zcs,container_cpu_system_seconds_total,0.076
1744886018,kashef-k8s-ctl.user-mongodb-7745bbd78-xrw2n,container_cpu_system_seconds_total,0.203
1744886018,kashef-k8s-ctl.media-mongodb-7b64c59567-6ntnm,container_cpu_system_seconds_total,0.018
1744886018,kashef-k8s-w1.user-service-547b88cd8f-mbl6h,container_cpu_system_seconds_total,0.077
1744886018,kashef-k8s-ctl.post-storage-mongodb-5579669d8c-ckzsx,container_cpu_system_seconds_total,0.035
1744886018,kashef-k8s-ctl.url-shorten-memcached-6546746864-pg8xh,container_cpu_system_seconds_total,0.084
1744886018,kashef-k8s-ctl.user-timeline-mongodb-6758898d48-gggfw,container_cpu_system_seconds_total,0.273
1744886018,kashef-k8s-w1.user-mention-service-5c4f566c5-w4xpc,container_cpu_system_seconds_total,0.07
1744886018,kashef-k8s-w1.text-service-fff64b8bf-v9dsr,container_cpu_system_seconds_total,0.057
1744886018,kashef-k8s-ctl.social-graph-service-677dbc655c-2tqbt,container_cpu_system_seconds_total,0.078
1744886018,kashef-k8s-ctl.url-shorten-mongodb-57c886d5f8-2m8fs,container_cpu_system_seconds_total,0.238
1744886018,kashef-k8s-ctl.post-storage-memcached-6b75788fc6-gnd8c,container_cpu_system_seconds_total,0.066
1744886018,kashef-k8s-w1.home-timeline-service-5754ffbc6d-zp4pr,container_cpu_system_seconds_total,0.055
1744886018,kashef-k8s-w1.social-graph-mongodb-55df767ff5-c86pb,container_cpu_system_seconds_total,0.401
1744886018,kashef-k8s-ctl.jaeger-67997f9775-tjgc8,container_cpu_system_seconds_total,0.102
1744886018,kashef-k8s-w1.media-frontend-6b66b95ff4-xrdq6,container_cpu_system_seconds_total,0.231
1744886018,kashef-k8s-w1.social-graph-redis-5bbd5b7458-tqz7l,container_cpu_system_seconds_total,0.142
1744886018,kashef-k8s-w1.nginx-thrift-79478f9bf5-h66tn,container_cpu_system_seconds_total,5.467
1744886018,kashef-k8s-w1.user-memcached-59687c864d-d5rb5,container_cpu_system_seconds_total,0.071
1744886018,kashef-k8s-w1.user-timeline-service-664c7f6696-fvhv9,container_cpu_system_seconds_total,0.063
1744886018,kashef-k8s-ctl.unique-id-service-694497b678-bzxbf,container_cpu_system_seconds_total,0.052
1744886018,kashef-k8s-w1.url-shorten-service-66949ddcc4-xlfmt,container_cpu_system_seconds_total,0.094
1744886024,kashef-k8s-w1.compose-post-service-f587bf89d-l5zcs,container_cpu_system_seconds_total,0.076
1744886024,kashef-k8s-ctl.unique-id-service-694497b678-bzxbf,container_cpu_system_seconds_total,0.052
1744886024,kashef-k8s-w1.social-graph-redis-5bbd5b7458-tqz7l,container_cpu_system_seconds_total,0.142
1744886024,kashef-k8s-w1.url-shorten-service-66949ddcc4-xlfmt,container_cpu_system_seconds_total,0.094
1744886024,kashef-k8s-ctl.post-storage-memcached-6b75788fc6-gnd8c,container_cpu_system_seconds_total,0.066
1744886024,kashef-k8s-ctl.home-timeline-redis-6c6647df6f-5vgsk,container_cpu_system_seconds_total,0.118
1744886024,kashef-k8s-w1.media-frontend-6b66b95ff4-xrdq6,container_cpu_system_seconds_total,0.231
1744886024,kashef-k8s-w1.nginx-thrift-79478f9bf5-h66tn,container_cpu_system_seconds_total,5.467
1744886024,kashef-k8s-w1.home-timeline-service-5754ffbc6d-zp4pr,container_cpu_system_seconds_total,0.055
1744886024,kashef-k8s-w1.text-service-fff64b8bf-v9dsr,container_cpu_system_seconds_total,0.057
1744886024,kashef-k8s-w1.user-mention-service-5c4f566c5-w4xpc,container_cpu_system_seconds_total,0.07
1744886024,kashef-k8s-ctl.user-timeline-mongodb-6758898d48-gggfw,container_cpu_system_seconds_total,0.273
1744886024,kashef-k8s-ctl.jaeger-67997f9775-tjgc8,container_cpu_system_seconds_total,0.102
1744886024,kashef-k8s-ctl.url-shorten-mongodb-57c886d5f8-2m8fs,container_cpu_system_seconds_total,0.251
1744886024,kashef-k8s-w1.media-service-6c665c775d-s7hl8,container_cpu_system_seconds_total,0.072
1744886024,kashef-k8s-w1.social-graph-mongodb-55df767ff5-c86pb,container_cpu_system_seconds_total,0.401
1744886024,kashef-k8s-w1.user-memcached-59687c864d-d5rb5,container_cpu_system_seconds_total,0.071
1744886024,kashef-k8s-w1.user-service-547b88cd8f-mbl6h,container_cpu_system_seconds_total,0.077
1744886024,kashef-k8s-ctl.user-mongodb-7745bbd78-xrw2n,container_cpu_system_seconds_total,0.203
1744886024,kashef-k8s-ctl.post-storage-mongodb-5579669d8c-ckzsx,container_cpu_system_seconds_total,0.035
1744886024,kashef-k8s-ctl.media-mongodb-7b64c59567-6ntnm,container_cpu_system_seconds_total,0.018
1744886024,kashef-k8s-ctl.media-memcached-7889bdfdfb-2thqn,container_cpu_system_seconds_total,0.065
1744886024,kashef-k8s-ctl.user-timeline-redis-67cc95bc57-klp4b,container_cpu_system_seconds_total,0.131
1744886024,kashef-k8s-w1.post-storage-service-66c9966f5f-nllkd,container_cpu_system_seconds_total,0.066
1744886024,kashef-k8s-ctl.social-graph-service-677dbc655c-2tqbt,container_cpu_system_seconds_total,0.078
1744886024,kashef-k8s-w1.user-timeline-service-664c7f6696-fvhv9,container_cpu_system_seconds_total,0.063
1744886024,kashef-k8s-ctl.url-shorten-memcached-6546746864-pg8xh,container_cpu_system_seconds_total,0.084
1744886030,kashef-k8s-ctl.post-storage-memcached-6b75788fc6-gnd8c,container_cpu_system_seconds_total,0.072
1744886030,kashef-k8s-ctl.unique-id-service-694497b678-bzxbf,container_cpu_system_seconds_total,0.052
1744886030,kashef-k8s-w1.media-frontend-6b66b95ff4-xrdq6,container_cpu_system_seconds_total,0.231
1744886030,kashef-k8s-w1.nginx-thrift-79478f9bf5-h66tn,container_cpu_system_seconds_total,5.467
1744886030,kashef-k8s-w1.user-service-547b88cd8f-mbl6h,container_cpu_system_seconds_total,0.077
1744886030,kashef-k8s-ctl.user-timeline-mongodb-6758898d48-gggfw,container_cpu_system_seconds_total,0.273
1744886030,kashef-k8s-ctl.post-storage-mongodb-5579669d8c-ckzsx,container_cpu_system_seconds_total,0.258
1744886030,kashef-k8s-w1.home-timeline-service-5754ffbc6d-zp4pr,container_cpu_system_seconds_total,0.055
1744886030,kashef-k8s-ctl.url-shorten-mongodb-57c886d5f8-2m8fs,container_cpu_system_seconds_total,0.251
1744886030,kashef-k8s-w1.social-graph-mongodb-55df767ff5-c86pb,container_cpu_system_seconds_total,0.401
1744886030,kashef-k8s-ctl.home-timeline-redis-6c6647df6f-5vgsk,container_cpu_system_seconds_total,0.162
1744886030,kashef-k8s-w1.media-service-6c665c775d-s7hl8,container_cpu_system_seconds_total,0.072
1744886030,kashef-k8s-ctl.jaeger-67997f9775-tjgc8,container_cpu_system_seconds_total,0.102
1744886030,kashef-k8s-w1.user-memcached-59687c864d-d5rb5,container_cpu_system_seconds_total,0.073
1744886030,kashef-k8s-w1.social-graph-redis-5bbd5b7458-tqz7l,container_cpu_system_seconds_total,0.142
1744886030,kashef-k8s-ctl.media-memcached-7889bdfdfb-2thqn,container_cpu_system_seconds_total,0.069
1744886030,kashef-k8s-ctl.url-shorten-memcached-6546746864-pg8xh,container_cpu_system_seconds_total,0.091
1744886030,kashef-k8s-w1.text-service-fff64b8bf-v9dsr,container_cpu_system_seconds_total,0.057
1744886030,kashef-k8s-w1.user-timeline-service-664c7f6696-fvhv9,container_cpu_system_seconds_total,0.063
1744886030,kashef-k8s-ctl.social-graph-service-677dbc655c-2tqbt,container_cpu_system_seconds_total,0.079
1744886030,kashef-k8s-w1.post-storage-service-66c9966f5f-nllkd,container_cpu_system_seconds_total,0.066
1744886030,kashef-k8s-w1.url-shorten-service-66949ddcc4-xlfmt,container_cpu_system_seconds_total,0.094
1744886030,kashef-k8s-ctl.user-mongodb-7745bbd78-xrw2n,container_cpu_system_seconds_total,0.241
1744886030,kashef-k8s-ctl.media-mongodb-7b64c59567-6ntnm,container_cpu_system_seconds_total,0.219
1744886030,kashef-k8s-w1.user-mention-service-5c4f566c5-w4xpc,container_cpu_system_seconds_total,0.07
1744886030,kashef-k8s-ctl.user-timeline-redis-67cc95bc57-klp4b,container_cpu_system_seconds_total,0.131
1744886030,kashef-k8s-w1.compose-post-service-f587bf89d-l5zcs,container_cpu_system_seconds_total,0.076
1744886036,kashef-k8s-w1.user-memcached-59687c864d-d5rb5,container_cpu_system_seconds_total,0.073
1744886036,kashef-k8s-w1.social-graph-redis-5bbd5b7458-tqz7l,container_cpu_system_seconds_total,0.193
1744886036,kashef-k8s-ctl.post-storage-mongodb-5579669d8c-ckzsx,container_cpu_system_seconds_total,0.258
1744886036,kashef-k8s-ctl.user-timeline-mongodb-6758898d48-gggfw,container_cpu_system_seconds_total,0.273
1744886036,kashef-k8s-w1.user-service-547b88cd8f-mbl6h,container_cpu_system_seconds_total,0.077
1744886036,kashef-k8s-ctl.media-memcached-7889bdfdfb-2thqn,container_cpu_system_seconds_total,0.069
1744886036,kashef-k8s-w1.compose-post-service-f587bf89d-l5zcs,container_cpu_system_seconds_total,0.076
1744886036,kashef-k8s-ctl.media-mongodb-7b64c59567-6ntnm,container_cpu_system_seconds_total,0.219
1744886036,kashef-k8s-w1.user-mention-service-5c4f566c5-w4xpc,container_cpu_system_seconds_total,0.07
1744886036,kashef-k8s-ctl.social-graph-service-677dbc655c-2tqbt,container_cpu_system_seconds_total,0.079
1744886036,kashef-k8s-w1.post-storage-service-66c9966f5f-nllkd,container_cpu_system_seconds_total,0.066
1744886036,kashef-k8s-w1.user-timeline-service-664c7f6696-fvhv9,container_cpu_system_seconds_total,0.063
1744886036,kashef-k8s-ctl.jaeger-67997f9775-tjgc8,container_cpu_system_seconds_total,0.111
1744886036,kashef-k8s-w1.home-timeline-service-5754ffbc6d-zp4pr,container_cpu_system_seconds_total,0.055
1744886036,kashef-k8s-ctl.home-timeline-redis-6c6647df6f-5vgsk,container_cpu_system_seconds_total,0.162
1744886036,kashef-k8s-ctl.unique-id-service-694497b678-bzxbf,container_cpu_system_seconds_total,0.052
1744886036,kashef-k8s-w1.text-service-fff64b8bf-v9dsr,container_cpu_system_seconds_total,0.057
1744886036,kashef-k8s-ctl.user-timeline-redis-67cc95bc57-klp4b,container_cpu_system_seconds_total,0.131
1744886036,kashef-k8s-w1.media-service-6c665c775d-s7hl8,container_cpu_system_seconds_total,0.072
1744886036,kashef-k8s-w1.social-graph-mongodb-55df767ff5-c86pb,container_cpu_system_seconds_total,0.449
1744886036,kashef-k8s-ctl.url-shorten-mongodb-57c886d5f8-2m8fs,container_cpu_system_seconds_total,0.251
1744886036,kashef-k8s-w1.media-frontend-6b66b95ff4-xrdq6,container_cpu_system_seconds_total,0.231
1744886036,kashef-k8s-w1.nginx-thrift-79478f9bf5-h66tn,container_cpu_system_seconds_total,5.467
1744886036,kashef-k8s-w1.url-shorten-service-66949ddcc4-xlfmt,container_cpu_system_seconds_total,0.095
1744886036,kashef-k8s-ctl.user-mongodb-7745bbd78-xrw2n,container_cpu_system_seconds_total,0.241
1744886036,kashef-k8s-ctl.url-shorten-memcached-6546746864-pg8xh,container_cpu_system_seconds_total,0.091
1744886036,kashef-k8s-ctl.post-storage-memcached-6b75788fc6-gnd8c,container_cpu_system_seconds_total,0.072
1744886042,kashef-k8s-w1.user-mention-service-5c4f566c5-w4xpc,container_cpu_system_seconds_total,0.07
1744886042,kashef-k8s-ctl.post-storage-mongodb-5579669d8c-ckzsx,container_cpu_system_seconds_total,0.258
1744886042,kashef-k8s-w1.social-graph-redis-5bbd5b7458-tqz7l,container_cpu_system_seconds_total,0.193
1744886042,kashef-k8s-ctl.media-mongodb-7b64c59567-6ntnm,container_cpu_system_seconds_total,0.219
1744886042,kashef-k8s-w1.compose-post-service-f587bf89d-l5zcs,container_cpu_system_seconds_total,0.076
1744886042,kashef-k8s-ctl.home-timeline-redis-6c6647df6f-5vgsk,container_cpu_system_seconds_total,0.162
1744886042,kashef-k8s-ctl.social-graph-service-677dbc655c-2tqbt,container_cpu_system_seconds_total,0.079
1744886042,kashef-k8s-w1.user-timeline-service-664c7f6696-fvhv9,container_cpu_system_seconds_total,0.063
1744886042,kashef-k8s-w1.text-service-fff64b8bf-v9dsr,container_cpu_system_seconds_total,0.057
1744886042,kashef-k8s-ctl.unique-id-service-694497b678-bzxbf,container_cpu_system_seconds_total,0.052
1744886042,kashef-k8s-ctl.media-memcached-7889bdfdfb-2thqn,container_cpu_system_seconds_total,0.069
1744886042,kashef-k8s-ctl.jaeger-67997f9775-tjgc8,container_cpu_system_seconds_total,0.111
1744886042,kashef-k8s-w1.home-timeline-service-5754ffbc6d-zp4pr,container_cpu_system_seconds_total,0.055
1744886042,kashef-k8s-w1.user-memcached-59687c864d-d5rb5,container_cpu_system_seconds_total,0.073
1744886042,kashef-k8s-w1.user-service-547b88cd8f-mbl6h,container_cpu_system_seconds_total,0.078
1744886042,kashef-k8s-ctl.url-shorten-mongodb-57c886d5f8-2m8fs,container_cpu_system_seconds_total,0.251
1744886042,kashef-k8s-ctl.user-timeline-redis-67cc95bc57-klp4b,container_cpu_system_seconds_total,0.131
1744886042,kashef-k8s-w1.social-graph-mongodb-55df767ff5-c86pb,container_cpu_system_seconds_total,0.449
1744886042,kashef-k8s-ctl.post-storage-memcached-6b75788fc6-gnd8c,container_cpu_system_seconds_total,0.072
1744886042,kashef-k8s-w1.post-storage-service-66c9966f5f-nllkd,container_cpu_system_seconds_total,0.066
1744886042,kashef-k8s-ctl.url-shorten-memcached-6546746864-pg8xh,container_cpu_system_seconds_total,0.091
1744886042,kashef-k8s-w1.nginx-thrift-79478f9bf5-h66tn,container_cpu_system_seconds_total,5.678
1744886042,kashef-k8s-w1.media-frontend-6b66b95ff4-xrdq6,container_cpu_system_seconds_total,0.935
1744886042,kashef-k8s-w1.media-service-6c665c775d-s7hl8,container_cpu_system_seconds_total,0.072
1744886042,kashef-k8s-ctl.user-timeline-mongodb-6758898d48-gggfw,container_cpu_system_seconds_total,0.273
1744886042,kashef-k8s-ctl.user-mongodb-7745bbd78-xrw2n,container_cpu_system_seconds_total,0.241
1744886042,kashef-k8s-w1.url-shorten-service-66949ddcc4-xlfmt,container_cpu_system_seconds_total,0.095
1744886048,kashef-k8s-w1.user-memcached-59687c864d-d5rb5,container_cpu_system_seconds_total,0.073
1744886048,kashef-k8s-w1.url-shorten-service-66949ddcc4-xlfmt,container_cpu_system_seconds_total,0.095
1744886048,kashef-k8s-ctl.user-timeline-mongodb-6758898d48-gggfw,container_cpu_system_seconds_total,0.315
1744886048,kashef-k8s-w1.nginx-thrift-79478f9bf5-h66tn,container_cpu_system_seconds_total,5.678
1744886048,kashef-k8s-ctl.post-storage-memcached-6b75788fc6-gnd8c,container_cpu_system_seconds_total,0.072
1744886048,kashef-k8s-w1.media-service-6c665c775d-s7hl8,container_cpu_system_seconds_total,0.072
1744886048,kashef-k8s-ctl.user-timeline-redis-67cc95bc57-klp4b,container_cpu_system_seconds_total,0.131
1744886048,kashef-k8s-ctl.user-mongodb-7745bbd78-xrw2n,container_cpu_system_seconds_total,0.241
1744886048,kashef-k8s-w1.media-frontend-6b66b95ff4-xrdq6,container_cpu_system_seconds_total,0.935
1744886048,kashef-k8s-w1.text-service-fff64b8bf-v9dsr,container_cpu_system_seconds_total,0.057
1744886048,kashef-k8s-w1.user-timeline-service-664c7f6696-fvhv9,container_cpu_system_seconds_total,0.064
1744886048,kashef-k8s-ctl.home-timeline-redis-6c6647df6f-5vgsk,container_cpu_system_seconds_total,0.162
1744886048,kashef-k8s-ctl.url-shorten-mongodb-57c886d5f8-2m8fs,container_cpu_system_seconds_total,0.251
1744886048,kashef-k8s-ctl.url-shorten-memcached-6546746864-pg8xh,container_cpu_system_seconds_total,0.095
1744886048,kashef-k8s-w1.post-storage-service-66c9966f5f-nllkd,container_cpu_system_seconds_total,0.067
1744886048,kashef-k8s-w1.social-graph-mongodb-55df767ff5-c86pb,container_cpu_system_seconds_total,0.449
1744886048,kashef-k8s-ctl.social-graph-service-677dbc655c-2tqbt,container_cpu_system_seconds_total,0.079
1744886048,kashef-k8s-w1.home-timeline-service-5754ffbc6d-zp4pr,container_cpu_system_seconds_total,0.055
1744886048,kashef-k8s-ctl.media-mongodb-7b64c59567-6ntnm,container_cpu_system_seconds_total,0.219
1744886048,kashef-k8s-ctl.unique-id-service-694497b678-bzxbf,container_cpu_system_seconds_total,0.052
1744886048,kashef-k8s-ctl.media-memcached-7889bdfdfb-2thqn,container_cpu_system_seconds_total,0.069
1744886048,kashef-k8s-ctl.jaeger-67997f9775-tjgc8,container_cpu_system_seconds_total,0.111
1744886048,kashef-k8s-ctl.post-storage-mongodb-5579669d8c-ckzsx,container_cpu_system_seconds_total,0.258
1744886048,kashef-k8s-w1.social-graph-redis-5bbd5b7458-tqz7l,container_cpu_system_seconds_total,0.193
1744886048,kashef-k8s-w1.compose-post-service-f587bf89d-l5zcs,container_cpu_system_seconds_total,0.076
1744886048,kashef-k8s-w1.user-service-547b88cd8f-mbl6h,container_cpu_system_seconds_total,0.078
1744886048,kashef-k8s-w1.user-mention-service-5c4f566c5-w4xpc,container_cpu_system_seconds_total,0.07
1744886054,kashef-k8s-w1.media-frontend-6b66b95ff4-xrdq6,container_cpu_system_seconds_total,0.935
1744886054,kashef-k8s-w1.nginx-thrift-79478f9bf5-h66tn,container_cpu_system_seconds_total,5.678
1744886054,kashef-k8s-w1.user-memcached-59687c864d-d5rb5,container_cpu_system_seconds_total,0.073
1744886054,kashef-k8s-w1.media-service-6c665c775d-s7hl8,container_cpu_system_seconds_total,0.072
1744886054,kashef-k8s-ctl.post-storage-memcached-6b75788fc6-gnd8c,container_cpu_system_seconds_total,0.074
1744886054,kashef-k8s-w1.user-timeline-service-664c7f6696-fvhv9,container_cpu_system_seconds_total,0.064
1744886054,kashef-k8s-ctl.url-shorten-memcached-6546746864-pg8xh,container_cpu_system_seconds_total,0.095
1744886054,kashef-k8s-w1.social-graph-mongodb-55df767ff5-c86pb,container_cpu_system_seconds_total,0.449
1744886054,kashef-k8s-ctl.social-graph-service-677dbc655c-2tqbt,container_cpu_system_seconds_total,0.079
1744886054,kashef-k8s-w1.post-storage-service-66c9966f5f-nllkd,container_cpu_system_seconds_total,0.067
1744886054,kashef-k8s-ctl.user-timeline-redis-67cc95bc57-klp4b,container_cpu_system_seconds_total,0.131
1744886054,kashef-k8s-ctl.home-timeline-redis-6c6647df6f-5vgsk,container_cpu_system_seconds_total,0.188
1744886054,kashef-k8s-ctl.url-shorten-mongodb-57c886d5f8-2m8fs,container_cpu_system_seconds_total,0.251
1744886054,kashef-k8s-w1.url-shorten-service-66949ddcc4-xlfmt,container_cpu_system_seconds_total,0.095
1744886054,kashef-k8s-w1.social-graph-redis-5bbd5b7458-tqz7l,container_cpu_system_seconds_total,0.193
1744886054,kashef-k8s-w1.user-mention-service-5c4f566c5-w4xpc,container_cpu_system_seconds_total,0.07
1744886054,kashef-k8s-w1.user-service-547b88cd8f-mbl6h,container_cpu_system_seconds_total,0.078
1744886054,kashef-k8s-w1.compose-post-service-f587bf89d-l5zcs,container_cpu_system_seconds_total,0.076
1744886054,kashef-k8s-w1.home-timeline-service-5754ffbc6d-zp4pr,container_cpu_system_seconds_total,0.055
1744886054,kashef-k8s-w1.text-service-fff64b8bf-v9dsr,container_cpu_system_seconds_total,0.057
1744886054,kashef-k8s-ctl.media-memcached-7889bdfdfb-2thqn,container_cpu_system_seconds_total,0.072
1744886054,kashef-k8s-ctl.unique-id-service-694497b678-bzxbf,container_cpu_system_seconds_total,0.052
1744886054,kashef-k8s-ctl.media-mongodb-7b64c59567-6ntnm,container_cpu_system_seconds_total,0.219
1744886054,kashef-k8s-ctl.jaeger-67997f9775-tjgc8,container_cpu_system_seconds_total,0.111
1744886054,kashef-k8s-ctl.user-mongodb-7745bbd78-xrw2n,container_cpu_system_seconds_total,0.241
1744886054,kashef-k8s-ctl.user-timeline-mongodb-6758898d48-gggfw,container_cpu_system_seconds_total,0.315
1744886054,kashef-k8s-ctl.post-storage-mongodb-5579669d8c-ckzsx,container_cpu_system_seconds_total,0.258
1744886060,kashef-k8s-w1.social-graph-redis-5bbd5b7458-tqz7l,container_cpu_system_seconds_total,0.193
1744886060,kashef-k8s-ctl.jaeger-67997f9775-tjgc8,container_cpu_system_seconds_total,0.111
1744886060,kashef-k8s-ctl.social-graph-service-677dbc655c-2tqbt,container_cpu_system_seconds_total,0.081
1744886060,kashef-k8s-w1.user-service-547b88cd8f-mbl6h,container_cpu_system_seconds_total,0.078
1744886060,kashef-k8s-ctl.user-timeline-mongodb-6758898d48-gggfw,container_cpu_system_seconds_total,0.315
1744886060,kashef-k8s-ctl.url-shorten-memcached-6546746864-pg8xh,container_cpu_system_seconds_total,0.095
1744886060,kashef-k8s-w1.social-graph-mongodb-55df767ff5-c86pb,container_cpu_system_seconds_total,0.449
1744886060,kashef-k8s-w1.user-mention-service-5c4f566c5-w4xpc,container_cpu_system_seconds_total,0.07
1744886060,kashef-k8s-w1.text-service-fff64b8bf-v9dsr,container_cpu_system_seconds_total,0.057
1744886060,kashef-k8s-ctl.url-shorten-mongodb-57c886d5f8-2m8fs,container_cpu_system_seconds_total,0.291
1744886060,kashef-k8s-ctl.home-timeline-redis-6c6647df6f-5vgsk,container_cpu_system_seconds_total,0.188
1744886060,kashef-k8s-w1.user-timeline-service-664c7f6696-fvhv9,container_cpu_system_seconds_total,0.064
1744886060,kashef-k8s-w1.compose-post-service-f587bf89d-l5zcs,container_cpu_system_seconds_total,0.076
1744886060,kashef-k8s-w1.nginx-thrift-79478f9bf5-h66tn,container_cpu_system_seconds_total,5.678
1744886060,kashef-k8s-ctl.post-storage-mongodb-5579669d8c-ckzsx,container_cpu_system_seconds_total,0.272
1744886060,kashef-k8s-w1.media-frontend-6b66b95ff4-xrdq6,container_cpu_system_seconds_total,0.935
1744886060,kashef-k8s-w1.media-service-6c665c775d-s7hl8,container_cpu_system_seconds_total,0.072
1744886060,kashef-k8s-ctl.user-timeline-redis-67cc95bc57-klp4b,container_cpu_system_seconds_total,0.193
1744886060,kashef-k8s-ctl.media-mongodb-7b64c59567-6ntnm,container_cpu_system_seconds_total,0.219
1744886060,kashef-k8s-w1.user-memcached-59687c864d-d5rb5,container_cpu_system_seconds_total,0.073
1744886060,kashef-k8s-ctl.media-memcached-7889bdfdfb-2thqn,container_cpu_system_seconds_total,0.072
1744886060,kashef-k8s-ctl.unique-id-service-694497b678-bzxbf,container_cpu_system_seconds_total,0.052
1744886060,kashef-k8s-w1.url-shorten-service-66949ddcc4-xlfmt,container_cpu_system_seconds_total,0.096
1744886060,kashef-k8s-ctl.user-mongodb-7745bbd78-xrw2n,container_cpu_system_seconds_total,0.284
1744886060,kashef-k8s-ctl.post-storage-memcached-6b75788fc6-gnd8c,container_cpu_system_seconds_total,0.074
1744886060,kashef-k8s-w1.home-timeline-service-5754ffbc6d-zp4pr,container_cpu_system_seconds_total,0.055
1744886060,kashef-k8s-w1.post-storage-service-66c9966f5f-nllkd,container_cpu_system_seconds_total,0.067
1744886066,kashef-k8s-ctl.user-timeline-mongodb-6758898d48-gggfw,container_cpu_system_seconds_total,0.315
1744886066,kashef-k8s-w1.compose-post-service-f587bf89d-l5zcs,container_cpu_system_seconds_total,0.077
1744886066,kashef-k8s-w1.user-memcached-59687c864d-d5rb5,container_cpu_system_seconds_total,0.075
1744886066,kashef-k8s-ctl.social-graph-service-677dbc655c-2tqbt,container_cpu_system_seconds_total,0.081
1744886066,kashef-k8s-w1.social-graph-mongodb-55df767ff5-c86pb,container_cpu_system_seconds_total,0.485
1744886066,kashef-k8s-w1.user-mention-service-5c4f566c5-w4xpc,container_cpu_system_seconds_total,0.07
1744886066,kashef-k8s-w1.user-timeline-service-664c7f6696-fvhv9,container_cpu_system_seconds_total,0.064
1744886066,kashef-k8s-w1.social-graph-redis-5bbd5b7458-tqz7l,container_cpu_system_seconds_total,0.193
1744886066,kashef-k8s-ctl.post-storage-mongodb-5579669d8c-ckzsx,container_cpu_system_seconds_total,0.272
1744886066,kashef-k8s-ctl.user-mongodb-7745bbd78-xrw2n,container_cpu_system_seconds_total,0.284
1744886066,kashef-k8s-w1.media-frontend-6b66b95ff4-xrdq6,container_cpu_system_seconds_total,0.935
1744886066,kashef-k8s-ctl.url-shorten-memcached-6546746864-pg8xh,container_cpu_system_seconds_total,0.095
1744886066,kashef-k8s-w1.nginx-thrift-79478f9bf5-h66tn,container_cpu_system_seconds_total,5.678
1744886066,kashef-k8s-w1.user-service-547b88cd8f-mbl6h,container_cpu_system_seconds_total,0.078
1744886066,kashef-k8s-ctl.media-memcached-7889bdfdfb-2thqn,container_cpu_system_seconds_total,0.072
1744886066,kashef-k8s-ctl.jaeger-67997f9775-tjgc8,container_cpu_system_seconds_total,0.12
1744886066,kashef-k8s-w1.home-timeline-service-5754ffbc6d-zp4pr,container_cpu_system_seconds_total,0.055
1744886066,kashef-k8s-ctl.home-timeline-redis-6c6647df6f-5vgsk,container_cpu_system_seconds_total,0.188
1744886066,kashef-k8s-w1.post-storage-service-66c9966f5f-nllkd,container_cpu_system_seconds_total,0.067
1744886066,kashef-k8s-w1.text-service-fff64b8bf-v9dsr,container_cpu_system_seconds_total,0.057
1744886066,kashef-k8s-w1.media-service-6c665c775d-s7hl8,container_cpu_system_seconds_total,0.072
1744886066,kashef-k8s-ctl.media-mongodb-7b64c59567-6ntnm,container_cpu_system_seconds_total,0.219
1744886066,kashef-k8s-ctl.user-timeline-redis-67cc95bc57-klp4b,container_cpu_system_seconds_total,0.193
1744886066,kashef-k8s-ctl.post-storage-memcached-6b75788fc6-gnd8c,container_cpu_system_seconds_total,0.074
1744886066,kashef-k8s-ctl.unique-id-service-694497b678-bzxbf,container_cpu_system_seconds_total,0.052
1744886066,kashef-k8s-ctl.url-shorten-mongodb-57c886d5f8-2m8fs,container_cpu_system_seconds_total,0.291
1744886066,kashef-k8s-w1.url-shorten-service-66949ddcc4-xlfmt,container_cpu_system_seconds_total,0.096
1744886072,kashef-k8s-ctl.jaeger-67997f9775-tjgc8,container_cpu_system_seconds_total,0.12
1744886072,kashef-k8s-w1.url-shorten-service-66949ddcc4-xlfmt,container_cpu_system_seconds_total,0.096
1744886072,kashef-k8s-ctl.user-mongodb-7745bbd78-xrw2n,container_cpu_system_seconds_total,0.284
1744886072,kashef-k8s-ctl.url-shorten-mongodb-57c886d5f8-2m8fs,container_cpu_system_seconds_total,0.291
1744886072,kashef-k8s-ctl.media-mongodb-7b64c59567-6ntnm,container_cpu_system_seconds_total,0.219
1744886072,kashef-k8s-ctl.unique-id-service-694497b678-bzxbf,container_cpu_system_seconds_total,0.052
1744886072,kashef-k8s-w1.home-timeline-service-5754ffbc6d-zp4pr,container_cpu_system_seconds_total,0.055
1744886072,kashef-k8s-w1.user-mention-service-5c4f566c5-w4xpc,container_cpu_system_seconds_total,0.07
1744886072,kashef-k8s-w1.text-service-fff64b8bf-v9dsr,container_cpu_system_seconds_total,0.057
1744886072,kashef-k8s-ctl.post-storage-memcached-6b75788fc6-gnd8c,container_cpu_system_seconds_total,0.074
1744886072,kashef-k8s-w1.post-storage-service-66c9966f5f-nllkd,container_cpu_system_seconds_total,0.067
1744886072,kashef-k8s-ctl.user-timeline-redis-67cc95bc57-klp4b,container_cpu_system_seconds_total,0.193
1744886072,kashef-k8s-w1.social-graph-mongodb-55df767ff5-c86pb,container_cpu_system_seconds_total,0.485
1744886072,kashef-k8s-w1.nginx-thrift-79478f9bf5-h66tn,container_cpu_system_seconds_total,5.678
1744886072,kashef-k8s-w1.media-service-6c665c775d-s7hl8,container_cpu_system_seconds_total,0.072
1744886072,kashef-k8s-ctl.home-timeline-redis-6c6647df6f-5vgsk,container_cpu_system_seconds_total,0.188
1744886072,kashef-k8s-w1.media-frontend-6b66b95ff4-xrdq6,container_cpu_system_seconds_total,1.999
1744886072,kashef-k8s-ctl.url-shorten-memcached-6546746864-pg8xh,container_cpu_system_seconds_total,0.095
1744886072,kashef-k8s-w1.user-timeline-service-664c7f6696-fvhv9,container_cpu_system_seconds_total,0.065
1744886072,kashef-k8s-ctl.post-storage-mongodb-5579669d8c-ckzsx,container_cpu_system_seconds_total,0.272
1744886072,kashef-k8s-w1.social-graph-redis-5bbd5b7458-tqz7l,container_cpu_system_seconds_total,0.24
1744886072,kashef-k8s-ctl.user-timeline-mongodb-6758898d48-gggfw,container_cpu_system_seconds_total,0.315
1744886072,kashef-k8s-w1.user-service-547b88cd8f-mbl6h,container_cpu_system_seconds_total,0.078
1744886072,kashef-k8s-ctl.social-graph-service-677dbc655c-2tqbt,container_cpu_system_seconds_total,0.081
1744886072,kashef-k8s-w1.user-memcached-59687c864d-d5rb5,container_cpu_system_seconds_total,0.075
1744886072,kashef-k8s-w1.compose-post-service-f587bf89d-l5zcs,container_cpu_system_seconds_total,0.077
1744886072,kashef-k8s-ctl.media-memcached-7889bdfdfb-2thqn,container_cpu_system_seconds_total,0.072
1744886078,kashef-k8s-w1.compose-post-service-f587bf89d-l5zcs,container_cpu_system_seconds_total,0.077
1744886078,kashef-k8s-ctl.jaeger-67997f9775-tjgc8,container_cpu_system_seconds_total,0.12
1744886078,kashef-k8s-w1.user-memcached-59687c864d-d5rb5,container_cpu_system_seconds_total,0.075
1744886078,kashef-k8s-ctl.media-mongodb-7b64c59567-6ntnm,container_cpu_system_seconds_total,0.219
1744886078,kashef-k8s-w1.media-service-6c665c775d-s7hl8,container_cpu_system_seconds_total,0.072
1744886078,kashef-k8s-ctl.user-timeline-redis-67cc95bc57-klp4b,container_cpu_system_seconds_total,0.193
1744886078,kashef-k8s-w1.social-graph-mongodb-55df767ff5-c86pb,container_cpu_system_seconds_total,0.485
1744886078,kashef-k8s-ctl.social-graph-service-677dbc655c-2tqbt,container_cpu_system_seconds_total,0.081
1744886078,kashef-k8s-w1.nginx-thrift-79478f9bf5-h66tn,container_cpu_system_seconds_total,5.681
1744886078,kashef-k8s-w1.text-service-fff64b8bf-v9dsr,container_cpu_system_seconds_total,0.057
1744886078,kashef-k8s-w1.media-frontend-6b66b95ff4-xrdq6,container_cpu_system_seconds_total,1.999
1744886078,kashef-k8s-ctl.post-storage-memcached-6b75788fc6-gnd8c,container_cpu_system_seconds_total,0.074
1744886078,kashef-k8s-w1.home-timeline-service-5754ffbc6d-zp4pr,container_cpu_system_seconds_total,0.055
1744886078,kashef-k8s-ctl.post-storage-mongodb-5579669d8c-ckzsx,container_cpu_system_seconds_total,0.272
1744886078,kashef-k8s-ctl.url-shorten-mongodb-57c886d5f8-2m8fs,container_cpu_system_seconds_total,0.291
1744886078,kashef-k8s-w1.user-mention-service-5c4f566c5-w4xpc,container_cpu_system_seconds_total,0.07
1744886078,kashef-k8s-ctl.url-shorten-memcached-6546746864-pg8xh,container_cpu_system_seconds_total,0.095
1744886078,kashef-k8s-w1.post-storage-service-66c9966f5f-nllkd,container_cpu_system_seconds_total,0.067
1744886078,kashef-k8s-ctl.media-memcached-7889bdfdfb-2thqn,container_cpu_system_seconds_total,0.072
1744886078,kashef-k8s-ctl.home-timeline-redis-6c6647df6f-5vgsk,container_cpu_system_seconds_total,0.188
1744886078,kashef-k8s-w1.social-graph-redis-5bbd5b7458-tqz7l,container_cpu_system_seconds_total,0.24
1744886078,kashef-k8s-ctl.user-timeline-mongodb-6758898d48-gggfw,container_cpu_system_seconds_total,0.344
1744886078,kashef-k8s-w1.user-timeline-service-664c7f6696-fvhv9,container_cpu_system_seconds_total,0.065
1744886078,kashef-k8s-w1.url-shorten-service-66949ddcc4-xlfmt,container_cpu_system_seconds_total,0.096
1744886078,kashef-k8s-ctl.unique-id-service-694497b678-bzxbf,container_cpu_system_seconds_total,0.052
1744886078,kashef-k8s-ctl.user-mongodb-7745bbd78-xrw2n,container_cpu_system_seconds_total,0.284
1744886078,kashef-k8s-w1.user-service-547b88cd8f-mbl6h,container_cpu_system_seconds_total,0.078
1744886084,kashef-k8s-w1.social-graph-mongodb-55df767ff5-c86pb,container_cpu_system_seconds_total,0.485
1744886084,kashef-k8s-w1.media-service-6c665c775d-s7hl8,container_cpu_system_seconds_total,0.072
1744886084,kashef-k8s-ctl.media-mongodb-7b64c59567-6ntnm,container_cpu_system_seconds_total,0.25
1744886084,kashef-k8s-w1.compose-post-service-f587bf89d-l5zcs,container_cpu_system_seconds_total,0.077
1744886084,kashef-k8s-ctl.user-timeline-redis-67cc95bc57-klp4b,container_cpu_system_seconds_total,0.229
1744886084,kashef-k8s-ctl.url-shorten-memcached-6546746864-pg8xh,container_cpu_system_seconds_total,0.101
1744886084,kashef-k8s-w1.post-storage-service-66c9966f5f-nllkd,container_cpu_system_seconds_total,0.067
1744886084,kashef-k8s-ctl.post-storage-memcached-6b75788fc6-gnd8c,container_cpu_system_seconds_total,0.074
1744886084,kashef-k8s-ctl.post-storage-mongodb-5579669d8c-ckzsx,container_cpu_system_seconds_total,0.272
1744886084,kashef-k8s-w1.user-mention-service-5c4f566c5-w4xpc,container_cpu_system_seconds_total,0.07
1744886084,kashef-k8s-w1.nginx-thrift-79478f9bf5-h66tn,container_cpu_system_seconds_total,5.681
1744886084,kashef-k8s-ctl.url-shorten-mongodb-57c886d5f8-2m8fs,container_cpu_system_seconds_total,0.291
1744886084,kashef-k8s-w1.home-timeline-service-5754ffbc6d-zp4pr,container_cpu_system_seconds_total,0.055
1744886084,kashef-k8s-ctl.social-graph-service-677dbc655c-2tqbt,container_cpu_system_seconds_total,0.081
1744886084,kashef-k8s-ctl.user-timeline-mongodb-6758898d48-gggfw,container_cpu_system_seconds_total,0.344
1744886084,kashef-k8s-w1.user-service-547b88cd8f-mbl6h,container_cpu_system_seconds_total,0.078
1744886084,kashef-k8s-ctl.media-memcached-7889bdfdfb-2thqn,container_cpu_system_seconds_total,0.074
1744886084,kashef-k8s-w1.user-timeline-service-664c7f6696-fvhv9,container_cpu_system_seconds_total,0.065
1744886084,kashef-k8s-ctl.jaeger-67997f9775-tjgc8,container_cpu_system_seconds_total,0.12
1744886084,kashef-k8s-w1.text-service-fff64b8bf-v9dsr,container_cpu_system_seconds_total,0.057
1744886084,kashef-k8s-w1.media-frontend-6b66b95ff4-xrdq6,container_cpu_system_seconds_total,1.999
1744886084,kashef-k8s-ctl.user-mongodb-7745bbd78-xrw2n,container_cpu_system_seconds_total,0.307
1744886084,kashef-k8s-w1.social-graph-redis-5bbd5b7458-tqz7l,container_cpu_system_seconds_total,0.24
1744886084,kashef-k8s-ctl.home-timeline-redis-6c6647df6f-5vgsk,container_cpu_system_seconds_total,0.188
1744886084,kashef-k8s-ctl.unique-id-service-694497b678-bzxbf,container_cpu_system_seconds_total,0.052
1744886084,kashef-k8s-w1.url-shorten-service-66949ddcc4-xlfmt,container_cpu_system_seconds_total,0.096
1744886084,kashef-k8s-w1.user-memcached-59687c864d-d5rb5,container_cpu_system_seconds_total,0.075
1744886090,kashef-k8s-w1.nginx-thrift-79478f9bf5-h66tn,container_cpu_system_seconds_total,5.681
1744886090,kashef-k8s-ctl.user-timeline-mongodb-6758898d48-gggfw,container_cpu_system_seconds_total,0.344
1744886090,kashef-k8s-ctl.jaeger-67997f9775-tjgc8,container_cpu_system_seconds_total,0.128
1744886090,kashef-k8s-w1.user-timeline-service-664c7f6696-fvhv9,container_cpu_system_seconds_total,0.065
1744886090,kashef-k8s-w1.media-service-6c665c775d-s7hl8,container_cpu_system_seconds_total,0.072
1744886090,kashef-k8s-w1.social-graph-mongodb-55df767ff5-c86pb,container_cpu_system_seconds_total,0.485
1744886090,kashef-k8s-w1.post-storage-service-66c9966f5f-nllkd,container_cpu_system_seconds_total,0.067
1744886090,kashef-k8s-ctl.url-shorten-mongodb-57c886d5f8-2m8fs,container_cpu_system_seconds_total,0.291
1744886090,kashef-k8s-ctl.media-mongodb-7b64c59567-6ntnm,container_cpu_system_seconds_total,0.25
1744886090,kashef-k8s-ctl.unique-id-service-694497b678-bzxbf,container_cpu_system_seconds_total,0.052
1744886090,kashef-k8s-w1.url-shorten-service-66949ddcc4-xlfmt,container_cpu_system_seconds_total,0.096
1744886090,kashef-k8s-ctl.url-shorten-memcached-6546746864-pg8xh,container_cpu_system_seconds_total,0.101
1744886090,kashef-k8s-ctl.user-timeline-redis-67cc95bc57-klp4b,container_cpu_system_seconds_total,0.229
1744886090,kashef-k8s-ctl.social-graph-service-677dbc655c-2tqbt,container_cpu_system_seconds_total,0.082
1744886090,kashef-k8s-w1.social-graph-redis-5bbd5b7458-tqz7l,container_cpu_system_seconds_total,0.24
1744886090,kashef-k8s-ctl.home-timeline-redis-6c6647df6f-5vgsk,container_cpu_system_seconds_total,0.22
1744886090,kashef-k8s-w1.user-service-547b88cd8f-mbl6h,container_cpu_system_seconds_total,0.078
1744886090,kashef-k8s-w1.text-service-fff64b8bf-v9dsr,container_cpu_system_seconds_total,0.057
1744886090,kashef-k8s-ctl.post-storage-memcached-6b75788fc6-gnd8c,container_cpu_system_seconds_total,0.081
1744886090,kashef-k8s-w1.user-mention-service-5c4f566c5-w4xpc,container_cpu_system_seconds_total,0.07
1744886090,kashef-k8s-ctl.post-storage-mongodb-5579669d8c-ckzsx,container_cpu_system_seconds_total,0.338
1744886090,kashef-k8s-w1.media-frontend-6b66b95ff4-xrdq6,container_cpu_system_seconds_total,1.999
1744886090,kashef-k8s-ctl.media-memcached-7889bdfdfb-2thqn,container_cpu_system_seconds_total,0.074
1744886090,kashef-k8s-ctl.user-mongodb-7745bbd78-xrw2n,container_cpu_system_seconds_total,0.307
1744886090,kashef-k8s-w1.home-timeline-service-5754ffbc6d-zp4pr,container_cpu_system_seconds_total,0.055
1744886090,kashef-k8s-w1.user-memcached-59687c864d-d5rb5,container_cpu_system_seconds_total,0.08
1744886090,kashef-k8s-w1.compose-post-service-f587bf89d-l5zcs,container_cpu_system_seconds_total,0.077
1744886096,kashef-k8s-ctl.url-shorten-mongodb-57c886d5f8-2m8fs,container_cpu_system_seconds_total,0.291
1744886096,kashef-k8s-w1.media-service-6c665c775d-s7hl8,container_cpu_system_seconds_total,0.072
1744886096,kashef-k8s-w1.post-storage-service-66c9966f5f-nllkd,container_cpu_system_seconds_total,0.068
1744886096,kashef-k8s-ctl.media-mongodb-7b64c59567-6ntnm,container_cpu_system_seconds_total,0.25
1744886096,kashef-k8s-ctl.unique-id-service-694497b678-bzxbf,container_cpu_system_seconds_total,0.052
1744886096,kashef-k8s-w1.home-timeline-service-5754ffbc6d-zp4pr,container_cpu_system_seconds_total,0.055
1744886096,kashef-k8s-w1.url-shorten-service-66949ddcc4-xlfmt,container_cpu_system_seconds_total,0.097
1744886096,kashef-k8s-ctl.url-shorten-memcached-6546746864-pg8xh,container_cpu_system_seconds_total,0.101
1744886096,kashef-k8s-ctl.social-graph-service-677dbc655c-2tqbt,container_cpu_system_seconds_total,0.082
1744886096,kashef-k8s-w1.user-service-547b88cd8f-mbl6h,container_cpu_system_seconds_total,0.078
1744886096,kashef-k8s-ctl.post-storage-mongodb-5579669d8c-ckzsx,container_cpu_system_seconds_total,0.338
1744886096,kashef-k8s-w1.media-frontend-6b66b95ff4-xrdq6,container_cpu_system_seconds_total,2.49
1744886096,kashef-k8s-ctl.home-timeline-redis-6c6647df6f-5vgsk,container_cpu_system_seconds_total,0.22
1744886096,kashef-k8s-ctl.user-timeline-redis-67cc95bc57-klp4b,container_cpu_system_seconds_total,0.229
1744886096,kashef-k8s-w1.social-graph-mongodb-55df767ff5-c86pb,container_cpu_system_seconds_total,0.485
1744886096,kashef-k8s-w1.text-service-fff64b8bf-v9dsr,container_cpu_system_seconds_total,0.057
1744886096,kashef-k8s-ctl.post-storage-memcached-6b75788fc6-gnd8c,container_cpu_system_seconds_total,0.081
1744886096,kashef-k8s-w1.social-graph-redis-5bbd5b7458-tqz7l,container_cpu_system_seconds_total,0.24
1744886096,kashef-k8s-ctl.media-memcached-7889bdfdfb-2thqn,container_cpu_system_seconds_total,0.074
1744886096,kashef-k8s-w1.user-mention-service-5c4f566c5-w4xpc,container_cpu_system_seconds_total,0.07
1744886096,kashef-k8s-w1.user-timeline-service-664c7f6696-fvhv9,container_cpu_system_seconds_total,0.065
1744886096,kashef-k8s-w1.nginx-thrift-79478f9bf5-h66tn,container_cpu_system_seconds_total,5.681
1744886096,kashef-k8s-w1.compose-post-service-f587bf89d-l5zcs,container_cpu_system_seconds_total,0.077
1744886096,kashef-k8s-w1.user-memcached-59687c864d-d5rb5,container_cpu_system_seconds_total,0.08
1744886096,kashef-k8s-ctl.user-timeline-mongodb-6758898d48-gggfw,container_cpu_system_seconds_total,0.344
1744886096,kashef-k8s-ctl.jaeger-67997f9775-tjgc8,container_cpu_system_seconds_total,0.128
1744886096,kashef-k8s-ctl.user-mongodb-7745bbd78-xrw2n,container_cpu_system_seconds_total,0.307
1744886102,kashef-k8s-w1.user-memcached-59687c864d-d5rb5,container_cpu_system_seconds_total,0.08
1744886102,kashef-k8s-ctl.jaeger-67997f9775-tjgc8,container_cpu_system_seconds_total,0.128
1744886102,kashef-k8s-ctl.user-mongodb-7745bbd78-xrw2n,container_cpu_system_seconds_total,0.307
1744886102,kashef-k8s-w1.user-service-547b88cd8f-mbl6h,container_cpu_system_seconds_total,0.079
1744886102,kashef-k8s-w1.nginx-thrift-79478f9bf5-h66tn,container_cpu_system_seconds_total,5.681
1744886102,kashef-k8s-ctl.post-storage-mongodb-5579669d8c-ckzsx,container_cpu_system_seconds_total,0.338
1744886102,kashef-k8s-ctl.url-shorten-memcached-6546746864-pg8xh,container_cpu_system_seconds_total,0.101
1744886102,kashef-k8s-w1.compose-post-service-f587bf89d-l5zcs,container_cpu_system_seconds_total,0.077
1744886102,kashef-k8s-w1.social-graph-mongodb-55df767ff5-c86pb,container_cpu_system_seconds_total,0.485
1744886102,kashef-k8s-w1.user-mention-service-5c4f566c5-w4xpc,container_cpu_system_seconds_total,0.07
1744886102,kashef-k8s-ctl.unique-id-service-694497b678-bzxbf,container_cpu_system_seconds_total,0.052
1744886102,kashef-k8s-ctl.user-timeline-redis-67cc95bc57-klp4b,container_cpu_system_seconds_total,0.229
1744886102,kashef-k8s-ctl.home-timeline-redis-6c6647df6f-5vgsk,container_cpu_system_seconds_total,0.22
1744886102,kashef-k8s-w1.social-graph-redis-5bbd5b7458-tqz7l,container_cpu_system_seconds_total,0.29
1744886102,kashef-k8s-ctl.post-storage-memcached-6b75788fc6-gnd8c,container_cpu_system_seconds_total,0.081
1744886102,kashef-k8s-w1.text-service-fff64b8bf-v9dsr,container_cpu_system_seconds_total,0.057
1744886102,kashef-k8s-ctl.url-shorten-mongodb-57c886d5f8-2m8fs,container_cpu_system_seconds_total,0.291
1744886102,kashef-k8s-w1.home-timeline-service-5754ffbc6d-zp4pr,container_cpu_system_seconds_total,0.055
1744886102,kashef-k8s-ctl.user-timeline-mongodb-6758898d48-gggfw,container_cpu_system_seconds_total,0.344
1744886102,kashef-k8s-w1.post-storage-service-66c9966f5f-nllkd,container_cpu_system_seconds_total,0.068
1744886102,kashef-k8s-w1.url-shorten-service-66949ddcc4-xlfmt,container_cpu_system_seconds_total,0.097
1744886102,kashef-k8s-w1.media-service-6c665c775d-s7hl8,container_cpu_system_seconds_total,0.072
1744886102,kashef-k8s-ctl.media-memcached-7889bdfdfb-2thqn,container_cpu_system_seconds_total,0.074
1744886102,kashef-k8s-w1.media-frontend-6b66b95ff4-xrdq6,container_cpu_system_seconds_total,2.49
1744886102,kashef-k8s-w1.user-timeline-service-664c7f6696-fvhv9,container_cpu_system_seconds_total,0.065
1744886102,kashef-k8s-ctl.media-mongodb-7b64c59567-6ntnm,container_cpu_system_seconds_total,0.25
1744886102,kashef-k8s-ctl.social-graph-service-677dbc655c-2tqbt,container_cpu_system_seconds_total,0.082
1744886108,kashef-k8s-w1.user-mention-service-5c4f566c5-w4xpc,container_cpu_system_seconds_total,0.07
1744886108,kashef-k8s-ctl.user-mongodb-7745bbd78-xrw2n,container_cpu_system_seconds_total,0.307
1744886108,kashef-k8s-w1.user-memcached-59687c864d-d5rb5,container_cpu_system_seconds_total,0.08
1744886108,kashef-k8s-w1.compose-post-service-f587bf89d-l5zcs,container_cpu_system_seconds_total,0.077
1744886108,kashef-k8s-w1.text-service-fff64b8bf-v9dsr,container_cpu_system_seconds_total,0.057
1744886108,kashef-k8s-ctl.home-timeline-redis-6c6647df6f-5vgsk,container_cpu_system_seconds_total,0.22
1744886108,kashef-k8s-ctl.url-shorten-mongodb-57c886d5f8-2m8fs,container_cpu_system_seconds_total,0.291
1744886108,kashef-k8s-w1.social-graph-mongodb-55df767ff5-c86pb,container_cpu_system_seconds_total,0.574
1744886108,kashef-k8s-ctl.social-graph-service-677dbc655c-2tqbt,container_cpu_system_seconds_total,0.082
1744886108,kashef-k8s-w1.media-frontend-6b66b95ff4-xrdq6,container_cpu_system_seconds_total,2.49
1744886108,kashef-k8s-ctl.user-timeline-redis-67cc95bc57-klp4b,container_cpu_system_seconds_total,0.229
1744886108,kashef-k8s-w1.social-graph-redis-5bbd5b7458-tqz7l,container_cpu_system_seconds_total,0.29
1744886108,kashef-k8s-ctl.unique-id-service-694497b678-bzxbf,container_cpu_system_seconds_total,0.052
1744886108,kashef-k8s-w1.nginx-thrift-79478f9bf5-h66tn,container_cpu_system_seconds_total,5.681
1744886108,kashef-k8s-ctl.media-memcached-7889bdfdfb-2thqn,container_cpu_system_seconds_total,0.074
1744886108,kashef-k8s-w1.media-service-6c665c775d-s7hl8,container_cpu_system_seconds_total,0.072
1744886108,kashef-k8s-ctl.post-storage-memcached-6b75788fc6-gnd8c,container_cpu_system_seconds_total,0.081
1744886108,kashef-k8s-w1.home-timeline-service-5754ffbc6d-zp4pr,container_cpu_system_seconds_total,0.055
1744886108,kashef-k8s-ctl.media-mongodb-7b64c59567-6ntnm,container_cpu_system_seconds_total,0.25
1744886108,kashef-k8s-ctl.url-shorten-memcached-6546746864-pg8xh,container_cpu_system_seconds_total,0.101
1744886108,kashef-k8s-ctl.jaeger-67997f9775-tjgc8,container_cpu_system_seconds_total,0.131
1744886108,kashef-k8s-ctl.user-timeline-mongodb-6758898d48-gggfw,container_cpu_system_seconds_total,0.344
1744886108,kashef-k8s-w1.user-service-547b88cd8f-mbl6h,container_cpu_system_seconds_total,0.079
1744886108,kashef-k8s-ctl.post-storage-mongodb-5579669d8c-ckzsx,container_cpu_system_seconds_total,0.338
1744886108,kashef-k8s-w1.url-shorten-service-66949ddcc4-xlfmt,container_cpu_system_seconds_total,0.097
1744886108,kashef-k8s-w1.user-timeline-service-664c7f6696-fvhv9,container_cpu_system_seconds_total,0.065
1744886108,kashef-k8s-w1.post-storage-service-66c9966f5f-nllkd,container_cpu_system_seconds_total,0.068
1744886114,kashef-k8s-w1.user-service-547b88cd8f-mbl6h,container_cpu_system_seconds_total,0.079
1744886114,kashef-k8s-ctl.media-mongodb-7b64c59567-6ntnm,container_cpu_system_seconds_total,0.292
1744886114,kashef-k8s-ctl.media-memcached-7889bdfdfb-2thqn,container_cpu_system_seconds_total,0.081
1744886114,kashef-k8s-w1.home-timeline-service-5754ffbc6d-zp4pr,container_cpu_system_seconds_total,0.055
1744886114,kashef-k8s-ctl.user-timeline-mongodb-6758898d48-gggfw,container_cpu_system_seconds_total,0.344
1744886114,kashef-k8s-w1.url-shorten-service-66949ddcc4-xlfmt,container_cpu_system_seconds_total,0.097
1744886114,kashef-k8s-w1.media-service-6c665c775d-s7hl8,container_cpu_system_seconds_total,0.072
1744886114,kashef-k8s-w1.text-service-fff64b8bf-v9dsr,container_cpu_system_seconds_total,0.057
1744886114,kashef-k8s-ctl.home-timeline-redis-6c6647df6f-5vgsk,container_cpu_system_seconds_total,0.22
1744886114,kashef-k8s-w1.user-mention-service-5c4f566c5-w4xpc,container_cpu_system_seconds_total,0.07
1744886114,kashef-k8s-w1.user-timeline-service-664c7f6696-fvhv9,container_cpu_system_seconds_total,0.065
1744886114,kashef-k8s-w1.media-frontend-6b66b95ff4-xrdq6,container_cpu_system_seconds_total,2.49
1744886114,kashef-k8s-ctl.post-storage-mongodb-5579669d8c-ckzsx,container_cpu_system_seconds_total,0.338
1744886114,kashef-k8s-w1.post-storage-service-66c9966f5f-nllkd,container_cpu_system_seconds_total,0.068
1744886114,kashef-k8s-ctl.url-shorten-mongodb-57c886d5f8-2m8fs,container_cpu_system_seconds_total,0.302
1744886114,kashef-k8s-w1.social-graph-mongodb-55df767ff5-c86pb,container_cpu_system_seconds_total,0.574
1744886114,kashef-k8s-ctl.post-storage-memcached-6b75788fc6-gnd8c,container_cpu_system_seconds_total,0.081
1744886114,kashef-k8s-ctl.url-shorten-memcached-6546746864-pg8xh,container_cpu_system_seconds_total,0.101
1744886114,kashef-k8s-ctl.unique-id-service-694497b678-bzxbf,container_cpu_system_seconds_total,0.052
1744886114,kashef-k8s-ctl.user-timeline-redis-67cc95bc57-klp4b,container_cpu_system_seconds_total,0.258
1744886114,kashef-k8s-w1.social-graph-redis-5bbd5b7458-tqz7l,container_cpu_system_seconds_total,0.29
1744886114,kashef-k8s-w1.compose-post-service-f587bf89d-l5zcs,container_cpu_system_seconds_total,0.077
1744886114,kashef-k8s-w1.nginx-thrift-79478f9bf5-h66tn,container_cpu_system_seconds_total,5.681
1744886114,kashef-k8s-w1.user-memcached-59687c864d-d5rb5,container_cpu_system_seconds_total,0.08
1744886114,kashef-k8s-ctl.jaeger-67997f9775-tjgc8,container_cpu_system_seconds_total,0.131
1744886114,kashef-k8s-ctl.social-graph-service-677dbc655c-2tqbt,container_cpu_system_seconds_total,0.082
1744886114,kashef-k8s-ctl.user-mongodb-7745bbd78-xrw2n,container_cpu_system_seconds_total,0.307
1744886120,kashef-k8s-w1.user-memcached-59687c864d-d5rb5,container_cpu_system_seconds_total,0.08
1744886120,kashef-k8s-ctl.jaeger-67997f9775-tjgc8,container_cpu_system_seconds_total,0.131
1744886120,kashef-k8s-ctl.social-graph-service-677dbc655c-2tqbt,container_cpu_system_seconds_total,0.083
1744886120,kashef-k8s-ctl.user-mongodb-7745bbd78-xrw2n,container_cpu_system_seconds_total,0.368
1744886120,kashef-k8s-w1.compose-post-service-f587bf89d-l5zcs,container_cpu_system_seconds_total,0.077
1744886120,kashef-k8s-ctl.unique-id-service-694497b678-bzxbf,container_cpu_system_seconds_total,0.052
1744886120,kashef-k8s-w1.social-graph-mongodb-55df767ff5-c86pb,container_cpu_system_seconds_total,0.599
1744886120,kashef-k8s-w1.nginx-thrift-79478f9bf5-h66tn,container_cpu_system_seconds_total,5.681
1744886120,kashef-k8s-w1.user-mention-service-5c4f566c5-w4xpc,container_cpu_system_seconds_total,0.07
1744886120,kashef-k8s-w1.social-graph-redis-5bbd5b7458-tqz7l,container_cpu_system_seconds_total,0.29
1744886120,kashef-k8s-ctl.post-storage-mongodb-5579669d8c-ckzsx,container_cpu_system_seconds_total,0.384
1744886120,kashef-k8s-w1.user-timeline-service-664c7f6696-fvhv9,container_cpu_system_seconds_total,0.065
1744886120,kashef-k8s-w1.post-storage-service-66c9966f5f-nllkd,container_cpu_system_seconds_total,0.068
1744886120,kashef-k8s-w1.media-frontend-6b66b95ff4-xrdq6,container_cpu_system_seconds_total,2.49
1744886120,kashef-k8s-ctl.url-shorten-memcached-6546746864-pg8xh,container_cpu_system_seconds_total,0.11
1744886120,kashef-k8s-ctl.post-storage-memcached-6b75788fc6-gnd8c,container_cpu_system_seconds_total,0.081
1744886120,kashef-k8s-ctl.media-memcached-7889bdfdfb-2thqn,container_cpu_system_seconds_total,0.081
1744886120,kashef-k8s-ctl.url-shorten-mongodb-57c886d5f8-2m8fs,container_cpu_system_seconds_total,0.302
1744886120,kashef-k8s-ctl.user-timeline-mongodb-6758898d48-gggfw,container_cpu_system_seconds_total,0.444
1744886120,kashef-k8s-w1.home-timeline-service-5754ffbc6d-zp4pr,container_cpu_system_seconds_total,0.055
1744886120,kashef-k8s-w1.media-service-6c665c775d-s7hl8,container_cpu_system_seconds_total,0.072
1744886120,kashef-k8s-w1.url-shorten-service-66949ddcc4-xlfmt,container_cpu_system_seconds_total,0.097
1744886120,kashef-k8s-ctl.user-timeline-redis-67cc95bc57-klp4b,container_cpu_system_seconds_total,0.258
1744886120,kashef-k8s-ctl.media-mongodb-7b64c59567-6ntnm,container_cpu_system_seconds_total,0.292
1744886120,kashef-k8s-w1.user-service-547b88cd8f-mbl6h,container_cpu_system_seconds_total,0.079
1744886120,kashef-k8s-w1.text-service-fff64b8bf-v9dsr,container_cpu_system_seconds_total,0.057
1744886120,kashef-k8s-ctl.home-timeline-redis-6c6647df6f-5vgsk,container_cpu_system_seconds_total,0.254
1744886126,kashef-k8s-w1.social-graph-redis-5bbd5b7458-tqz7l,container_cpu_system_seconds_total,0.338
1744886126,kashef-k8s-w1.compose-post-service-f587bf89d-l5zcs,container_cpu_system_seconds_total,0.077
1744886126,kashef-k8s-ctl.user-mongodb-7745bbd78-xrw2n,container_cpu_system_seconds_total,0.368
1744886126,kashef-k8s-ctl.unique-id-service-694497b678-bzxbf,container_cpu_system_seconds_total,0.052
1744886126,kashef-k8s-ctl.user-timeline-redis-67cc95bc57-klp4b,container_cpu_system_seconds_total,0.258
1744886126,kashef-k8s-w1.user-timeline-service-664c7f6696-fvhv9,container_cpu_system_seconds_total,0.065
1744886126,kashef-k8s-w1.media-frontend-6b66b95ff4-xrdq6,container_cpu_system_seconds_total,3.515
1744886126,kashef-k8s-ctl.jaeger-67997f9775-tjgc8,container_cpu_system_seconds_total,0.131
1744886126,kashef-k8s-ctl.social-graph-service-677dbc655c-2tqbt,container_cpu_system_seconds_total,0.083
1744886126,kashef-k8s-ctl.post-storage-memcached-6b75788fc6-gnd8c,container_cpu_system_seconds_total,0.091
1744886126,kashef-k8s-w1.user-mention-service-5c4f566c5-w4xpc,container_cpu_system_seconds_total,0.07
1744886126,kashef-k8s-ctl.url-shorten-memcached-6546746864-pg8xh,container_cpu_system_seconds_total,0.11
1744886126,kashef-k8s-w1.post-storage-service-66c9966f5f-nllkd,container_cpu_system_seconds_total,0.068
1744886126,kashef-k8s-w1.nginx-thrift-79478f9bf5-h66tn,container_cpu_system_seconds_total,5.681
1744886126,kashef-k8s-ctl.post-storage-mongodb-5579669d8c-ckzsx,container_cpu_system_seconds_total,0.384
1744886126,kashef-k8s-w1.url-shorten-service-66949ddcc4-xlfmt,container_cpu_system_seconds_total,0.097
1744886126,kashef-k8s-ctl.home-timeline-redis-6c6647df6f-5vgsk,container_cpu_system_seconds_total,0.254
1744886126,kashef-k8s-w1.text-service-fff64b8bf-v9dsr,container_cpu_system_seconds_total,0.057
1744886126,kashef-k8s-w1.media-service-6c665c775d-s7hl8,container_cpu_system_seconds_total,0.072
1744886126,kashef-k8s-ctl.url-shorten-mongodb-57c886d5f8-2m8fs,container_cpu_system_seconds_total,0.302
1744886126,kashef-k8s-ctl.media-memcached-7889bdfdfb-2thqn,container_cpu_system_seconds_total,0.081
1744886126,kashef-k8s-ctl.user-timeline-mongodb-6758898d48-gggfw,container_cpu_system_seconds_total,0.444
1744886126,kashef-k8s-w1.home-timeline-service-5754ffbc6d-zp4pr,container_cpu_system_seconds_total,0.055
1744886126,kashef-k8s-w1.social-graph-mongodb-55df767ff5-c86pb,container_cpu_system_seconds_total,0.599
1744886126,kashef-k8s-w1.user-service-547b88cd8f-mbl6h,container_cpu_system_seconds_total,0.079
1744886126,kashef-k8s-ctl.media-mongodb-7b64c59567-6ntnm,container_cpu_system_seconds_total,0.292
1744886126,kashef-k8s-w1.user-memcached-59687c864d-d5rb5,container_cpu_system_seconds_total,0.086
1744886132,kashef-k8s-w1.compose-post-service-f587bf89d-l5zcs,container_cpu_system_seconds_total,0.077
1744886132,kashef-k8s-w1.home-timeline-service-5754ffbc6d-zp4pr,container_cpu_system_seconds_total,0.055
1744886132,kashef-k8s-ctl.post-storage-mongodb-5579669d8c-ckzsx,container_cpu_system_seconds_total,0.384
1744886132,kashef-k8s-w1.url-shorten-service-66949ddcc4-xlfmt,container_cpu_system_seconds_total,0.097
1744886132,kashef-k8s-w1.media-service-6c665c775d-s7hl8,container_cpu_system_seconds_total,0.073
1744886132,kashef-k8s-w1.text-service-fff64b8bf-v9dsr,container_cpu_system_seconds_total,0.057
1744886132,kashef-k8s-ctl.url-shorten-memcached-6546746864-pg8xh,container_cpu_system_seconds_total,0.11
1744886132,kashef-k8s-w1.social-graph-redis-5bbd5b7458-tqz7l,container_cpu_system_seconds_total,0.338
1744886132,kashef-k8s-w1.user-timeline-service-664c7f6696-fvhv9,container_cpu_system_seconds_total,0.066
1744886132,kashef-k8s-w1.media-frontend-6b66b95ff4-xrdq6,container_cpu_system_seconds_total,3.515
1744886132,kashef-k8s-ctl.jaeger-67997f9775-tjgc8,container_cpu_system_seconds_total,0.131
1744886132,kashef-k8s-ctl.social-graph-service-677dbc655c-2tqbt,container_cpu_system_seconds_total,0.083
1744886132,kashef-k8s-w1.social-graph-mongodb-55df767ff5-c86pb,container_cpu_system_seconds_total,0.599
1744886132,kashef-k8s-ctl.media-memcached-7889bdfdfb-2thqn,container_cpu_system_seconds_total,0.081
1744886132,kashef-k8s-ctl.post-storage-memcached-6b75788fc6-gnd8c,container_cpu_system_seconds_total,0.091
1744886132,kashef-k8s-ctl.unique-id-service-694497b678-bzxbf,container_cpu_system_seconds_total,0.052
1744886132,kashef-k8s-w1.user-service-547b88cd8f-mbl6h,container_cpu_system_seconds_total,0.079
1744886132,kashef-k8s-ctl.home-timeline-redis-6c6647df6f-5vgsk,container_cpu_system_seconds_total,0.254
1744886132,kashef-k8s-w1.post-storage-service-66c9966f5f-nllkd,container_cpu_system_seconds_total,0.068
1744886132,kashef-k8s-ctl.user-timeline-redis-67cc95bc57-klp4b,container_cpu_system_seconds_total,0.258
1744886132,kashef-k8s-ctl.url-shorten-mongodb-57c886d5f8-2m8fs,container_cpu_system_seconds_total,0.302
1744886132,kashef-k8s-w1.user-mention-service-5c4f566c5-w4xpc,container_cpu_system_seconds_total,0.07
1744886132,kashef-k8s-ctl.media-mongodb-7b64c59567-6ntnm,container_cpu_system_seconds_total,0.292
1744886132,kashef-k8s-w1.user-memcached-59687c864d-d5rb5,container_cpu_system_seconds_total,0.086
1744886132,kashef-k8s-ctl.user-mongodb-7745bbd78-xrw2n,container_cpu_system_seconds_total,0.368
1744886132,kashef-k8s-ctl.user-timeline-mongodb-6758898d48-gggfw,container_cpu_system_seconds_total,0.444
1744886132,kashef-k8s-w1.nginx-thrift-79478f9bf5-h66tn,container_cpu_system_seconds_total,5.681
1744886138,kashef-k8s-ctl.url-shorten-memcached-6546746864-pg8xh,container_cpu_system_seconds_total,0.11
1744886138,kashef-k8s-ctl.user-timeline-mongodb-6758898d48-gggfw,container_cpu_system_seconds_total,0.444
1744886138,kashef-k8s-w1.compose-post-service-f587bf89d-l5zcs,container_cpu_system_seconds_total,0.077
1744886138,kashef-k8s-ctl.post-storage-mongodb-5579669d8c-ckzsx,container_cpu_system_seconds_total,0.384
1744886138,kashef-k8s-ctl.url-shorten-mongodb-57c886d5f8-2m8fs,container_cpu_system_seconds_total,0.302
1744886138,kashef-k8s-w1.user-mention-service-5c4f566c5-w4xpc,container_cpu_system_seconds_total,0.07
1744886138,kashef-k8s-ctl.user-mongodb-7745bbd78-xrw2n,container_cpu_system_seconds_total,0.368
1744886138,kashef-k8s-w1.nginx-thrift-79478f9bf5-h66tn,container_cpu_system_seconds_total,5.684
1744886138,kashef-k8s-ctl.media-mongodb-7b64c59567-6ntnm,container_cpu_system_seconds_total,0.292
1744886138,kashef-k8s-ctl.unique-id-service-694497b678-bzxbf,container_cpu_system_seconds_total,0.052
1744886138,kashef-k8s-ctl.media-memcached-7889bdfdfb-2thqn,container_cpu_system_seconds_total,0.081
1744886138,kashef-k8s-ctl.home-timeline-redis-6c6647df6f-5vgsk,container_cpu_system_seconds_total,0.27
1744886138,kashef-k8s-ctl.post-storage-memcached-6b75788fc6-gnd8c,container_cpu_system_seconds_total,0.091
1744886138,kashef-k8s-w1.user-timeline-service-664c7f6696-fvhv9,container_cpu_system_seconds_total,0.066
1744886138,kashef-k8s-ctl.user-timeline-redis-67cc95bc57-klp4b,container_cpu_system_seconds_total,0.279
1744886138,kashef-k8s-w1.user-service-547b88cd8f-mbl6h,container_cpu_system_seconds_total,0.08
1744886138,kashef-k8s-w1.social-graph-mongodb-55df767ff5-c86pb,container_cpu_system_seconds_total,0.599
1744886138,kashef-k8s-w1.media-frontend-6b66b95ff4-xrdq6,container_cpu_system_seconds_total,3.515
1744886138,kashef-k8s-w1.text-service-fff64b8bf-v9dsr,container_cpu_system_seconds_total,0.057
1744886138,kashef-k8s-w1.media-service-6c665c775d-s7hl8,container_cpu_system_seconds_total,0.073
1744886138,kashef-k8s-w1.social-graph-redis-5bbd5b7458-tqz7l,container_cpu_system_seconds_total,0.338
1744886138,kashef-k8s-w1.post-storage-service-66c9966f5f-nllkd,container_cpu_system_seconds_total,0.068
1744886138,kashef-k8s-w1.url-shorten-service-66949ddcc4-xlfmt,container_cpu_system_seconds_total,0.097
1744886138,kashef-k8s-w1.user-memcached-59687c864d-d5rb5,container_cpu_system_seconds_total,0.086
1744886138,kashef-k8s-w1.home-timeline-service-5754ffbc6d-zp4pr,container_cpu_system_seconds_total,0.055
1744886138,kashef-k8s-ctl.jaeger-67997f9775-tjgc8,container_cpu_system_seconds_total,0.131
1744886138,kashef-k8s-ctl.social-graph-service-677dbc655c-2tqbt,container_cpu_system_seconds_total,0.083
1744886144,kashef-k8s-ctl.url-shorten-mongodb-57c886d5f8-2m8fs,container_cpu_system_seconds_total,0.302
1744886144,kashef-k8s-ctl.user-timeline-mongodb-6758898d48-gggfw,container_cpu_system_seconds_total,0.444
1744886144,kashef-k8s-ctl.url-shorten-memcached-6546746864-pg8xh,container_cpu_system_seconds_total,0.114
1744886144,kashef-k8s-w1.nginx-thrift-79478f9bf5-h66tn,container_cpu_system_seconds_total,5.684
1744886144,kashef-k8s-w1.user-memcached-59687c864d-d5rb5,container_cpu_system_seconds_total,0.086
1744886144,kashef-k8s-ctl.home-timeline-redis-6c6647df6f-5vgsk,container_cpu_system_seconds_total,0.27
1744886144,kashef-k8s-ctl.unique-id-service-694497b678-bzxbf,container_cpu_system_seconds_total,0.052
1744886144,kashef-k8s-w1.user-timeline-service-664c7f6696-fvhv9,container_cpu_system_seconds_total,0.066
1744886144,kashef-k8s-ctl.media-mongodb-7b64c59567-6ntnm,container_cpu_system_seconds_total,0.292
1744886144,kashef-k8s-w1.social-graph-mongodb-55df767ff5-c86pb,container_cpu_system_seconds_total,0.599
1744886144,kashef-k8s-w1.post-storage-service-66c9966f5f-nllkd,container_cpu_system_seconds_total,0.068
1744886144,kashef-k8s-w1.user-service-547b88cd8f-mbl6h,container_cpu_system_seconds_total,0.08
1744886144,kashef-k8s-ctl.user-timeline-redis-67cc95bc57-klp4b,container_cpu_system_seconds_total,0.279
1744886144,kashef-k8s-w1.compose-post-service-f587bf89d-l5zcs,container_cpu_system_seconds_total,0.077
1744886144,kashef-k8s-ctl.post-storage-mongodb-5579669d8c-ckzsx,container_cpu_system_seconds_total,0.399
1744886144,kashef-k8s-ctl.media-memcached-7889bdfdfb-2thqn,container_cpu_system_seconds_total,0.081
1744886144,kashef-k8s-ctl.jaeger-67997f9775-tjgc8,container_cpu_system_seconds_total,0.133
1744886144,kashef-k8s-w1.media-frontend-6b66b95ff4-xrdq6,container_cpu_system_seconds_total,3.515
1744886144,kashef-k8s-ctl.social-graph-service-677dbc655c-2tqbt,container_cpu_system_seconds_total,0.083
1744886144,kashef-k8s-w1.url-shorten-service-66949ddcc4-xlfmt,container_cpu_system_seconds_total,0.097
1744886144,kashef-k8s-ctl.post-storage-memcached-6b75788fc6-gnd8c,container_cpu_system_seconds_total,0.094
1744886144,kashef-k8s-w1.user-mention-service-5c4f566c5-w4xpc,container_cpu_system_seconds_total,0.07
1744886144,kashef-k8s-w1.media-service-6c665c775d-s7hl8,container_cpu_system_seconds_total,0.073
1744886144,kashef-k8s-w1.social-graph-redis-5bbd5b7458-tqz7l,container_cpu_system_seconds_total,0.338
1744886144,kashef-k8s-ctl.user-mongodb-7745bbd78-xrw2n,container_cpu_system_seconds_total,0.368
1744886144,kashef-k8s-w1.text-service-fff64b8bf-v9dsr,container_cpu_system_seconds_total,0.057
1744886144,kashef-k8s-w1.home-timeline-service-5754ffbc6d-zp4pr,container_cpu_system_seconds_total,0.055
1744886150,kashef-k8s-ctl.post-storage-mongodb-5579669d8c-ckzsx,container_cpu_system_seconds_total,0.399
1744886150,kashef-k8s-ctl.media-memcached-7889bdfdfb-2thqn,container_cpu_system_seconds_total,0.083
1744886150,kashef-k8s-ctl.post-storage-memcached-6b75788fc6-gnd8c,container_cpu_system_seconds_total,0.094
1744886150,kashef-k8s-ctl.unique-id-service-694497b678-bzxbf,container_cpu_system_seconds_total,0.052
1744886150,kashef-k8s-w1.home-timeline-service-5754ffbc6d-zp4pr,container_cpu_system_seconds_total,0.055
1744886150,kashef-k8s-ctl.user-mongodb-7745bbd78-xrw2n,container_cpu_system_seconds_total,0.4
1744886150,kashef-k8s-ctl.user-timeline-redis-67cc95bc57-klp4b,container_cpu_system_seconds_total,0.279
1744886150,kashef-k8s-w1.user-service-547b88cd8f-mbl6h,container_cpu_system_seconds_total,0.08
1744886150,kashef-k8s-ctl.home-timeline-redis-6c6647df6f-5vgsk,container_cpu_system_seconds_total,0.27
1744886150,kashef-k8s-w1.social-graph-mongodb-55df767ff5-c86pb,container_cpu_system_seconds_total,0.636
1744886150,kashef-k8s-w1.user-timeline-service-664c7f6696-fvhv9,container_cpu_system_seconds_total,0.066
1744886150,kashef-k8s-ctl.media-mongodb-7b64c59567-6ntnm,container_cpu_system_seconds_total,0.336
1744886150,kashef-k8s-w1.url-shorten-service-66949ddcc4-xlfmt,container_cpu_system_seconds_total,0.097
1744886150,kashef-k8s-w1.media-frontend-6b66b95ff4-xrdq6,container_cpu_system_seconds_total,3.515
1744886150,kashef-k8s-w1.user-memcached-59687c864d-d5rb5,container_cpu_system_seconds_total,0.086
1744886150,kashef-k8s-w1.nginx-thrift-79478f9bf5-h66tn,container_cpu_system_seconds_total,5.684
1744886150,kashef-k8s-w1.post-storage-service-66c9966f5f-nllkd,container_cpu_system_seconds_total,0.068
1744886150,kashef-k8s-w1.social-graph-redis-5bbd5b7458-tqz7l,container_cpu_system_seconds_total,0.338
1744886150,kashef-k8s-w1.user-mention-service-5c4f566c5-w4xpc,container_cpu_system_seconds_total,0.07
1744886150,kashef-k8s-ctl.jaeger-67997f9775-tjgc8,container_cpu_system_seconds_total,0.133
1744886150,kashef-k8s-ctl.url-shorten-mongodb-57c886d5f8-2m8fs,container_cpu_system_seconds_total,0.334
1744886150,kashef-k8s-w1.media-service-6c665c775d-s7hl8,container_cpu_system_seconds_total,0.073
1744886150,kashef-k8s-ctl.url-shorten-memcached-6546746864-pg8xh,container_cpu_system_seconds_total,0.114
1744886150,kashef-k8s-ctl.social-graph-service-677dbc655c-2tqbt,container_cpu_system_seconds_total,0.085
1744886150,kashef-k8s-w1.compose-post-service-f587bf89d-l5zcs,container_cpu_system_seconds_total,0.077
1744886150,kashef-k8s-ctl.user-timeline-mongodb-6758898d48-gggfw,container_cpu_system_seconds_total,0.485
1744886150,kashef-k8s-w1.text-service-fff64b8bf-v9dsr,container_cpu_system_seconds_total,0.057
1744886156,kashef-k8s-w1.home-timeline-service-5754ffbc6d-zp4pr,container_cpu_system_seconds_total,0.055
1744886156,kashef-k8s-w1.user-memcached-59687c864d-d5rb5,container_cpu_system_seconds_total,0.087
1744886156,kashef-k8s-ctl.post-storage-mongodb-5579669d8c-ckzsx,container_cpu_system_seconds_total,0.399
1744886156,kashef-k8s-ctl.user-timeline-mongodb-6758898d48-gggfw,container_cpu_system_seconds_total,0.485
1744886156,kashef-k8s-ctl.jaeger-67997f9775-tjgc8,container_cpu_system_seconds_total,0.133
1744886156,kashef-k8s-w1.user-timeline-service-664c7f6696-fvhv9,container_cpu_system_seconds_total,0.067
1744886156,kashef-k8s-w1.media-service-6c665c775d-s7hl8,container_cpu_system_seconds_total,0.073
1744886156,kashef-k8s-w1.social-graph-mongodb-55df767ff5-c86pb,container_cpu_system_seconds_total,0.636
1744886156,kashef-k8s-w1.post-storage-service-66c9966f5f-nllkd,container_cpu_system_seconds_total,0.069
1744886156,kashef-k8s-ctl.home-timeline-redis-6c6647df6f-5vgsk,container_cpu_system_seconds_total,0.27
1744886156,kashef-k8s-w1.user-service-547b88cd8f-mbl6h,container_cpu_system_seconds_total,0.08
1744886156,kashef-k8s-w1.url-shorten-service-66949ddcc4-xlfmt,container_cpu_system_seconds_total,0.098
1744886156,kashef-k8s-ctl.media-mongodb-7b64c59567-6ntnm,container_cpu_system_seconds_total,0.336
1744886156,kashef-k8s-ctl.user-timeline-redis-67cc95bc57-klp4b,container_cpu_system_seconds_total,0.279
1744886156,kashef-k8s-ctl.media-memcached-7889bdfdfb-2thqn,container_cpu_system_seconds_total,0.083
1744886156,kashef-k8s-w1.text-service-fff64b8bf-v9dsr,container_cpu_system_seconds_total,0.057
1744886156,kashef-k8s-ctl.unique-id-service-694497b678-bzxbf,container_cpu_system_seconds_total,0.052
1744886156,kashef-k8s-ctl.url-shorten-memcached-6546746864-pg8xh,container_cpu_system_seconds_total,0.114
1744886156,kashef-k8s-ctl.post-storage-memcached-6b75788fc6-gnd8c,container_cpu_system_seconds_total,0.094
1744886156,kashef-k8s-w1.nginx-thrift-79478f9bf5-h66tn,container_cpu_system_seconds_total,5.684
1744886156,kashef-k8s-w1.media-frontend-6b66b95ff4-xrdq6,container_cpu_system_seconds_total,4.585
1744886156,kashef-k8s-ctl.social-graph-service-677dbc655c-2tqbt,container_cpu_system_seconds_total,0.085
1744886156,kashef-k8s-ctl.user-mongodb-7745bbd78-xrw2n,container_cpu_system_seconds_total,0.4
1744886156,kashef-k8s-w1.social-graph-redis-5bbd5b7458-tqz7l,container_cpu_system_seconds_total,0.386
1744886156,kashef-k8s-w1.compose-post-service-f587bf89d-l5zcs,container_cpu_system_seconds_total,0.077
1744886156,kashef-k8s-ctl.url-shorten-mongodb-57c886d5f8-2m8fs,container_cpu_system_seconds_total,0.334
1744886156,kashef-k8s-w1.user-mention-service-5c4f566c5-w4xpc,container_cpu_system_seconds_total,0.07
1744886162,kashef-k8s-ctl.url-shorten-mongodb-57c886d5f8-2m8fs,container_cpu_system_seconds_total,0.334
1744886162,kashef-k8s-w1.user-mention-service-5c4f566c5-w4xpc,container_cpu_system_seconds_total,0.07
1744886162,kashef-k8s-ctl.user-mongodb-7745bbd78-xrw2n,container_cpu_system_seconds_total,0.4
1744886162,kashef-k8s-w1.media-service-6c665c775d-s7hl8,container_cpu_system_seconds_total,0.073
1744886162,kashef-k8s-w1.nginx-thrift-79478f9bf5-h66tn,container_cpu_system_seconds_total,5.684
1744886162,kashef-k8s-ctl.unique-id-service-694497b678-bzxbf,container_cpu_system_seconds_total,0.052
1744886162,kashef-k8s-w1.compose-post-service-f587bf89d-l5zcs,container_cpu_system_seconds_total,0.077
1744886162,kashef-k8s-w1.media-frontend-6b66b95ff4-xrdq6,container_cpu_system_seconds_total,4.585
1744886162,kashef-k8s-w1.user-service-547b88cd8f-mbl6h,container_cpu_system_seconds_total,0.081
1744886162,kashef-k8s-w1.social-graph-mongodb-55df767ff5-c86pb,container_cpu_system_seconds_total,0.636
1744886162,kashef-k8s-w1.url-shorten-service-66949ddcc4-xlfmt,container_cpu_system_seconds_total,0.098
1744886162,kashef-k8s-ctl.media-mongodb-7b64c59567-6ntnm,container_cpu_system_seconds_total,0.336
1744886162,kashef-k8s-w1.user-timeline-service-664c7f6696-fvhv9,container_cpu_system_seconds_total,0.067
1744886162,kashef-k8s-w1.post-storage-service-66c9966f5f-nllkd,container_cpu_system_seconds_total,0.069
1744886162,kashef-k8s-w1.social-graph-redis-5bbd5b7458-tqz7l,container_cpu_system_seconds_total,0.386
1744886162,kashef-k8s-ctl.home-timeline-redis-6c6647df6f-5vgsk,container_cpu_system_seconds_total,0.27
1744886162,kashef-k8s-ctl.post-storage-memcached-6b75788fc6-gnd8c,container_cpu_system_seconds_total,0.094
1744886162,kashef-k8s-w1.text-service-fff64b8bf-v9dsr,container_cpu_system_seconds_total,0.057
1744886162,kashef-k8s-ctl.social-graph-service-677dbc655c-2tqbt,container_cpu_system_seconds_total,0.085
1744886162,kashef-k8s-w1.user-memcached-59687c864d-d5rb5,container_cpu_system_seconds_total,0.087
1744886162,kashef-k8s-ctl.user-timeline-mongodb-6758898d48-gggfw,container_cpu_system_seconds_total,0.485
1744886162,kashef-k8s-ctl.post-storage-mongodb-5579669d8c-ckzsx,container_cpu_system_seconds_total,0.399
1744886162,kashef-k8s-ctl.jaeger-67997f9775-tjgc8,container_cpu_system_seconds_total,0.133
1744886162,kashef-k8s-ctl.media-memcached-7889bdfdfb-2thqn,container_cpu_system_seconds_total,0.083
1744886162,kashef-k8s-ctl.url-shorten-memcached-6546746864-pg8xh,container_cpu_system_seconds_total,0.114
1744886162,kashef-k8s-w1.home-timeline-service-5754ffbc6d-zp4pr,container_cpu_system_seconds_total,0.055
1744886162,kashef-k8s-ctl.user-timeline-redis-67cc95bc57-klp4b,container_cpu_system_seconds_total,0.279
1744886168,kashef-k8s-ctl.user-timeline-redis-67cc95bc57-klp4b,container_cpu_system_seconds_total,0.279
1744886168,kashef-k8s-w1.compose-post-service-f587bf89d-l5zcs,container_cpu_system_seconds_total,0.077
1744886168,kashef-k8s-ctl.user-timeline-mongodb-6758898d48-gggfw,container_cpu_system_seconds_total,0.485
1744886168,kashef-k8s-w1.social-graph-redis-5bbd5b7458-tqz7l,container_cpu_system_seconds_total,0.386
1744886168,kashef-k8s-w1.user-mention-service-5c4f566c5-w4xpc,container_cpu_system_seconds_total,0.07
1744886168,kashef-k8s-w1.user-service-547b88cd8f-mbl6h,container_cpu_system_seconds_total,0.081
1744886168,kashef-k8s-w1.post-storage-service-66c9966f5f-nllkd,container_cpu_system_seconds_total,0.069
1744886168,kashef-k8s-w1.url-shorten-service-66949ddcc4-xlfmt,container_cpu_system_seconds_total,0.098
1744886168,kashef-k8s-w1.nginx-thrift-79478f9bf5-h66tn,container_cpu_system_seconds_total,5.684
1744886168,kashef-k8s-w1.social-graph-mongodb-55df767ff5-c86pb,container_cpu_system_seconds_total,0.636
1744886168,kashef-k8s-ctl.media-mongodb-7b64c59567-6ntnm,container_cpu_system_seconds_total,0.336
1744886168,kashef-k8s-w1.user-timeline-service-664c7f6696-fvhv9,container_cpu_system_seconds_total,0.067
1744886168,kashef-k8s-ctl.unique-id-service-694497b678-bzxbf,container_cpu_system_seconds_total,0.052
1744886168,kashef-k8s-w1.media-frontend-6b66b95ff4-xrdq6,container_cpu_system_seconds_total,4.585
1744886168,kashef-k8s-w1.media-service-6c665c775d-s7hl8,container_cpu_system_seconds_total,0.073
1744886168,kashef-k8s-ctl.url-shorten-mongodb-57c886d5f8-2m8fs,container_cpu_system_seconds_total,0.334
1744886168,kashef-k8s-w1.home-timeline-service-5754ffbc6d-zp4pr,container_cpu_system_seconds_total,0.055
1744886168,kashef-k8s-ctl.home-timeline-redis-6c6647df6f-5vgsk,container_cpu_system_seconds_total,0.27
1744886168,kashef-k8s-w1.user-memcached-59687c864d-d5rb5,container_cpu_system_seconds_total,0.087
1744886168,kashef-k8s-ctl.url-shorten-memcached-6546746864-pg8xh,container_cpu_system_seconds_total,0.114
1744886168,kashef-k8s-ctl.user-mongodb-7745bbd78-xrw2n,container_cpu_system_seconds_total,0.4
1744886168,kashef-k8s-ctl.social-graph-service-677dbc655c-2tqbt,container_cpu_system_seconds_total,0.085
1744886168,kashef-k8s-ctl.media-memcached-7889bdfdfb-2thqn,container_cpu_system_seconds_total,0.083
1744886168,kashef-k8s-ctl.post-storage-memcached-6b75788fc6-gnd8c,container_cpu_system_seconds_total,0.094
1744886168,kashef-k8s-w1.text-service-fff64b8bf-v9dsr,container_cpu_system_seconds_total,0.057
1744886168,kashef-k8s-ctl.post-storage-mongodb-5579669d8c-ckzsx,container_cpu_system_seconds_total,0.399
1744886168,kashef-k8s-ctl.jaeger-67997f9775-tjgc8,container_cpu_system_seconds_total,0.138
1744886174,kashef-k8s-ctl.social-graph-service-677dbc655c-2tqbt,container_cpu_system_seconds_total,0.085
1744886174,kashef-k8s-ctl.jaeger-67997f9775-tjgc8,container_cpu_system_seconds_total,0.138
1744886174,kashef-k8s-ctl.post-storage-memcached-6b75788fc6-gnd8c,container_cpu_system_seconds_total,0.094
1744886174,kashef-k8s-w1.text-service-fff64b8bf-v9dsr,container_cpu_system_seconds_total,0.057
1744886174,kashef-k8s-w1.user-service-547b88cd8f-mbl6h,container_cpu_system_seconds_total,0.081
1744886174,kashef-k8s-w1.post-storage-service-66c9966f5f-nllkd,container_cpu_system_seconds_total,0.069
1744886174,kashef-k8s-ctl.media-memcached-7889bdfdfb-2thqn,container_cpu_system_seconds_total,0.086
1744886174,kashef-k8s-ctl.unique-id-service-694497b678-bzxbf,container_cpu_system_seconds_total,0.052
1744886174,kashef-k8s-ctl.home-timeline-redis-6c6647df6f-5vgsk,container_cpu_system_seconds_total,0.27
1744886174,kashef-k8s-w1.home-timeline-service-5754ffbc6d-zp4pr,container_cpu_system_seconds_total,0.055
1744886174,kashef-k8s-w1.social-graph-mongodb-55df767ff5-c86pb,container_cpu_system_seconds_total,0.636
1744886174,kashef-k8s-w1.media-frontend-6b66b95ff4-xrdq6,container_cpu_system_seconds_total,4.585
1744886174,kashef-k8s-w1.social-graph-redis-5bbd5b7458-tqz7l,container_cpu_system_seconds_total,0.386
1744886174,kashef-k8s-ctl.user-timeline-mongodb-6758898d48-gggfw,container_cpu_system_seconds_total,0.485
1744886174,kashef-k8s-ctl.user-timeline-redis-67cc95bc57-klp4b,container_cpu_system_seconds_total,0.279
1744886174,kashef-k8s-w1.compose-post-service-f587bf89d-l5zcs,container_cpu_system_seconds_total,0.077
1744886174,kashef-k8s-w1.user-memcached-59687c864d-d5rb5,container_cpu_system_seconds_total,0.087
1744886174,kashef-k8s-ctl.url-shorten-memcached-6546746864-pg8xh,container_cpu_system_seconds_total,0.119
1744886174,kashef-k8s-ctl.post-storage-mongodb-5579669d8c-ckzsx,container_cpu_system_seconds_total,0.42
1744886174,kashef-k8s-ctl.user-mongodb-7745bbd78-xrw2n,container_cpu_system_seconds_total,0.4
1744886174,kashef-k8s-w1.user-mention-service-5c4f566c5-w4xpc,container_cpu_system_seconds_total,0.07
1744886174,kashef-k8s-w1.media-service-6c665c775d-s7hl8,container_cpu_system_seconds_total,0.073
1744886174,kashef-k8s-ctl.media-mongodb-7b64c59567-6ntnm,container_cpu_system_seconds_total,0.366
1744886174,kashef-k8s-ctl.url-shorten-mongodb-57c886d5f8-2m8fs,container_cpu_system_seconds_total,0.335
1744886174,kashef-k8s-w1.url-shorten-service-66949ddcc4-xlfmt,container_cpu_system_seconds_total,0.098
1744886174,kashef-k8s-w1.user-timeline-service-664c7f6696-fvhv9,container_cpu_system_seconds_total,0.067
1744886174,kashef-k8s-w1.nginx-thrift-79478f9bf5-h66tn,container_cpu_system_seconds_total,5.684
1744886180,kashef-k8s-ctl.media-memcached-7889bdfdfb-2thqn,container_cpu_system_seconds_total,0.086
1744886180,kashef-k8s-w1.post-storage-service-66c9966f5f-nllkd,container_cpu_system_seconds_total,0.069
1744886180,kashef-k8s-ctl.home-timeline-redis-6c6647df6f-5vgsk,container_cpu_system_seconds_total,0.334
1744886180,kashef-k8s-w1.user-service-547b88cd8f-mbl6h,container_cpu_system_seconds_total,0.081
1744886180,kashef-k8s-ctl.jaeger-67997f9775-tjgc8,container_cpu_system_seconds_total,0.138
1744886180,kashef-k8s-w1.media-frontend-6b66b95ff4-xrdq6,container_cpu_system_seconds_total,4.585
1744886180,kashef-k8s-w1.home-timeline-service-5754ffbc6d-zp4pr,container_cpu_system_seconds_total,0.055
1744886180,kashef-k8s-w1.social-graph-mongodb-55df767ff5-c86pb,container_cpu_system_seconds_total,0.636
1744886180,kashef-k8s-w1.nginx-thrift-79478f9bf5-h66tn,container_cpu_system_seconds_total,5.7
1744886180,kashef-k8s-ctl.user-timeline-redis-67cc95bc57-klp4b,container_cpu_system_seconds_total,0.316
1744886180,kashef-k8s-ctl.unique-id-service-694497b678-bzxbf,container_cpu_system_seconds_total,0.052
1744886180,kashef-k8s-w1.social-graph-redis-5bbd5b7458-tqz7l,container_cpu_system_seconds_total,0.386
1744886180,kashef-k8s-ctl.user-timeline-mongodb-6758898d48-gggfw,container_cpu_system_seconds_total,0.529
1744886180,kashef-k8s-ctl.post-storage-memcached-6b75788fc6-gnd8c,container_cpu_system_seconds_total,0.097
1744886180,kashef-k8s-w1.user-mention-service-5c4f566c5-w4xpc,container_cpu_system_seconds_total,0.07
1744886180,kashef-k8s-ctl.social-graph-service-677dbc655c-2tqbt,container_cpu_system_seconds_total,0.086
1744886180,kashef-k8s-w1.text-service-fff64b8bf-v9dsr,container_cpu_system_seconds_total,0.057
1744886180,kashef-k8s-ctl.post-storage-mongodb-5579669d8c-ckzsx,container_cpu_system_seconds_total,0.42
1744886180,kashef-k8s-ctl.user-mongodb-7745bbd78-xrw2n,container_cpu_system_seconds_total,0.425
1744886180,kashef-k8s-w1.compose-post-service-f587bf89d-l5zcs,container_cpu_system_seconds_total,0.077
1744886180,kashef-k8s-w1.user-timeline-service-664c7f6696-fvhv9,container_cpu_system_seconds_total,0.067
1744886180,kashef-k8s-ctl.url-shorten-memcached-6546746864-pg8xh,container_cpu_system_seconds_total,0.119
1744886180,kashef-k8s-ctl.media-mongodb-7b64c59567-6ntnm,container_cpu_system_seconds_total,0.366
1744886180,kashef-k8s-w1.user-memcached-59687c864d-d5rb5,container_cpu_system_seconds_total,0.087
1744886180,kashef-k8s-w1.url-shorten-service-66949ddcc4-xlfmt,container_cpu_system_seconds_total,0.098
1744886180,kashef-k8s-w1.media-service-6c665c775d-s7hl8,container_cpu_system_seconds_total,0.073
1744886180,kashef-k8s-ctl.url-shorten-mongodb-57c886d5f8-2m8fs,container_cpu_system_seconds_total,0.335
1744886186,kashef-k8s-ctl.jaeger-67997f9775-tjgc8,container_cpu_system_seconds_total,0.138
1744886186,kashef-k8s-w1.compose-post-service-f587bf89d-l5zcs,container_cpu_system_seconds_total,0.108
1744886186,kashef-k8s-w1.user-memcached-59687c864d-d5rb5,container_cpu_system_seconds_total,0.094
1744886186,kashef-k8s-w1.url-shorten-service-66949ddcc4-xlfmt,container_cpu_system_seconds_total,0.098
1744886186,kashef-k8s-ctl.user-mongodb-7745bbd78-xrw2n,container_cpu_system_seconds_total,0.425
1744886186,kashef-k8s-w1.nginx-thrift-79478f9bf5-h66tn,container_cpu_system_seconds_total,5.7
1744886186,kashef-k8s-ctl.url-shorten-mongodb-57c886d5f8-2m8fs,container_cpu_system_seconds_total,0.335
1744886186,kashef-k8s-w1.user-mention-service-5c4f566c5-w4xpc,container_cpu_system_seconds_total,0.07
1744886186,kashef-k8s-ctl.url-shorten-memcached-6546746864-pg8xh,container_cpu_system_seconds_total,0.119
1744886186,kashef-k8s-w1.home-timeline-service-5754ffbc6d-zp4pr,container_cpu_system_seconds_total,0.08
1744886186,kashef-k8s-ctl.media-memcached-7889bdfdfb-2thqn,container_cpu_system_seconds_total,0.086
1744886186,kashef-k8s-ctl.unique-id-service-694497b678-bzxbf,container_cpu_system_seconds_total,0.052
1744886186,kashef-k8s-ctl.user-timeline-redis-67cc95bc57-klp4b,container_cpu_system_seconds_total,0.316
1744886186,kashef-k8s-w1.media-frontend-6b66b95ff4-xrdq6,container_cpu_system_seconds_total,4.585
1744886186,kashef-k8s-ctl.media-mongodb-7b64c59567-6ntnm,container_cpu_system_seconds_total,0.366
1744886186,kashef-k8s-w1.media-service-6c665c775d-s7hl8,container_cpu_system_seconds_total,0.073
1744886186,kashef-k8s-w1.user-timeline-service-664c7f6696-fvhv9,container_cpu_system_seconds_total,0.093
1744886186,kashef-k8s-w1.text-service-fff64b8bf-v9dsr,container_cpu_system_seconds_total,0.057
1744886186,kashef-k8s-w1.user-service-547b88cd8f-mbl6h,container_cpu_system_seconds_total,0.081
1744886186,kashef-k8s-ctl.home-timeline-redis-6c6647df6f-5vgsk,container_cpu_system_seconds_total,0.334
1744886186,kashef-k8s-w1.social-graph-redis-5bbd5b7458-tqz7l,container_cpu_system_seconds_total,0.433
1744886186,kashef-k8s-ctl.post-storage-memcached-6b75788fc6-gnd8c,container_cpu_system_seconds_total,0.097
1744886186,kashef-k8s-ctl.post-storage-mongodb-5579669d8c-ckzsx,container_cpu_system_seconds_total,0.42
1744886186,kashef-k8s-ctl.social-graph-service-677dbc655c-2tqbt,container_cpu_system_seconds_total,0.086
1744886186,kashef-k8s-w1.social-graph-mongodb-55df767ff5-c86pb,container_cpu_system_seconds_total,0.701
1744886186,kashef-k8s-w1.post-storage-service-66c9966f5f-nllkd,container_cpu_system_seconds_total,0.095
1744886186,kashef-k8s-ctl.user-timeline-mongodb-6758898d48-gggfw,container_cpu_system_seconds_total,0.529
1744886192,kashef-k8s-ctl.user-mongodb-7745bbd78-xrw2n,container_cpu_system_seconds_total,0.425
1744886192,kashef-k8s-w1.user-memcached-59687c864d-d5rb5,container_cpu_system_seconds_total,0.094
1744886192,kashef-k8s-ctl.jaeger-67997f9775-tjgc8,container_cpu_system_seconds_total,0.138
1744886192,kashef-k8s-w1.user-mention-service-5c4f566c5-w4xpc,container_cpu_system_seconds_total,0.07
1744886192,kashef-k8s-ctl.url-shorten-mongodb-57c886d5f8-2m8fs,container_cpu_system_seconds_total,0.335
1744886192,kashef-k8s-w1.social-graph-mongodb-55df767ff5-c86pb,container_cpu_system_seconds_total,0.701
1744886192,kashef-k8s-ctl.user-timeline-redis-67cc95bc57-klp4b,container_cpu_system_seconds_total,0.316
1744886192,kashef-k8s-ctl.url-shorten-memcached-6546746864-pg8xh,container_cpu_system_seconds_total,0.119
1744886192,kashef-k8s-w1.user-timeline-service-664c7f6696-fvhv9,container_cpu_system_seconds_total,0.093
1744886192,kashef-k8s-w1.nginx-thrift-79478f9bf5-h66tn,container_cpu_system_seconds_total,5.7
1744886192,kashef-k8s-w1.media-frontend-6b66b95ff4-xrdq6,container_cpu_system_seconds_total,4.585
1744886192,kashef-k8s-ctl.media-mongodb-7b64c59567-6ntnm,container_cpu_system_seconds_total,0.366
1744886192,kashef-k8s-ctl.unique-id-service-694497b678-bzxbf,container_cpu_system_seconds_total,0.052
1744886192,kashef-k8s-w1.url-shorten-service-66949ddcc4-xlfmt,container_cpu_system_seconds_total,0.107
1744886192,kashef-k8s-ctl.post-storage-mongodb-5579669d8c-ckzsx,container_cpu_system_seconds_total,0.42
1744886192,kashef-k8s-ctl.post-storage-memcached-6b75788fc6-gnd8c,container_cpu_system_seconds_total,0.097
1744886192,kashef-k8s-w1.text-service-fff64b8bf-v9dsr,container_cpu_system_seconds_total,0.073
1744886192,kashef-k8s-ctl.home-timeline-redis-6c6647df6f-5vgsk,container_cpu_system_seconds_total,0.334
1744886192,kashef-k8s-w1.social-graph-redis-5bbd5b7458-tqz7l,container_cpu_system_seconds_total,0.433
1744886192,kashef-k8s-w1.home-timeline-service-5754ffbc6d-zp4pr,container_cpu_system_seconds_total,0.08
1744886192,kashef-k8s-ctl.user-timeline-mongodb-6758898d48-gggfw,container_cpu_system_seconds_total,0.529
1744886192,kashef-k8s-w1.post-storage-service-66c9966f5f-nllkd,container_cpu_system_seconds_total,0.095
1744886192,kashef-k8s-w1.user-service-547b88cd8f-mbl6h,container_cpu_system_seconds_total,0.081
1744886192,kashef-k8s-ctl.media-memcached-7889bdfdfb-2thqn,container_cpu_system_seconds_total,0.086
1744886192,kashef-k8s-w1.media-service-6c665c775d-s7hl8,container_cpu_system_seconds_total,0.078
1744886192,kashef-k8s-ctl.social-graph-service-677dbc655c-2tqbt,container_cpu_system_seconds_total,0.086
1744886192,kashef-k8s-w1.compose-post-service-f587bf89d-l5zcs,container_cpu_system_seconds_total,0.108
1744886198,kashef-k8s-ctl.social-graph-service-677dbc655c-2tqbt,container_cpu_system_seconds_total,0.086
1744886198,kashef-k8s-w1.post-storage-service-66c9966f5f-nllkd,container_cpu_system_seconds_total,0.095
1744886198,kashef-k8s-w1.media-service-6c665c775d-s7hl8,container_cpu_system_seconds_total,0.078
1744886198,kashef-k8s-ctl.media-mongodb-7b64c59567-6ntnm,container_cpu_system_seconds_total,0.391
1744886198,kashef-k8s-ctl.user-mongodb-7745bbd78-xrw2n,container_cpu_system_seconds_total,0.425
1744886198,kashef-k8s-ctl.user-timeline-redis-67cc95bc57-klp4b,container_cpu_system_seconds_total,0.316
1744886198,kashef-k8s-w1.user-mention-service-5c4f566c5-w4xpc,container_cpu_system_seconds_total,0.079
1744886198,kashef-k8s-ctl.post-storage-mongodb-5579669d8c-ckzsx,container_cpu_system_seconds_total,0.42
1744886198,kashef-k8s-ctl.post-storage-memcached-6b75788fc6-gnd8c,container_cpu_system_seconds_total,0.097
1744886198,kashef-k8s-ctl.media-memcached-7889bdfdfb-2thqn,container_cpu_system_seconds_total,0.086
1744886198,kashef-k8s-w1.text-service-fff64b8bf-v9dsr,container_cpu_system_seconds_total,0.073
1744886198,kashef-k8s-ctl.home-timeline-redis-6c6647df6f-5vgsk,container_cpu_system_seconds_total,0.388
1744886198,kashef-k8s-w1.nginx-thrift-79478f9bf5-h66tn,container_cpu_system_seconds_total,5.7
1744886198,kashef-k8s-w1.media-frontend-6b66b95ff4-xrdq6,container_cpu_system_seconds_total,6.945
1744886198,kashef-k8s-w1.user-timeline-service-664c7f6696-fvhv9,container_cpu_system_seconds_total,0.093
1744886198,kashef-k8s-ctl.unique-id-service-694497b678-bzxbf,container_cpu_system_seconds_total,0.052
1744886198,kashef-k8s-ctl.user-timeline-mongodb-6758898d48-gggfw,container_cpu_system_seconds_total,0.529
1744886198,kashef-k8s-w1.social-graph-redis-5bbd5b7458-tqz7l,container_cpu_system_seconds_total,0.433
1744886198,kashef-k8s-ctl.url-shorten-memcached-6546746864-pg8xh,container_cpu_system_seconds_total,0.119
1744886198,kashef-k8s-w1.home-timeline-service-5754ffbc6d-zp4pr,container_cpu_system_seconds_total,0.08
1744886198,kashef-k8s-w1.user-service-547b88cd8f-mbl6h,container_cpu_system_seconds_total,0.082
1744886198,kashef-k8s-w1.social-graph-mongodb-55df767ff5-c86pb,container_cpu_system_seconds_total,0.701
1744886198,kashef-k8s-ctl.jaeger-67997f9775-tjgc8,container_cpu_system_seconds_total,0.138
1744886198,kashef-k8s-w1.compose-post-service-f587bf89d-l5zcs,container_cpu_system_seconds_total,0.108
1744886198,kashef-k8s-w1.user-memcached-59687c864d-d5rb5,container_cpu_system_seconds_total,0.094
1744886198,kashef-k8s-ctl.url-shorten-mongodb-57c886d5f8-2m8fs,container_cpu_system_seconds_total,0.335
1744886198,kashef-k8s-w1.url-shorten-service-66949ddcc4-xlfmt,container_cpu_system_seconds_total,0.107
1744886204,kashef-k8s-w1.url-shorten-service-66949ddcc4-xlfmt,container_cpu_system_seconds_total,0.107
1744886204,kashef-k8s-ctl.jaeger-67997f9775-tjgc8,container_cpu_system_seconds_total,0.138
1744886204,kashef-k8s-w1.user-memcached-59687c864d-d5rb5,container_cpu_system_seconds_total,0.094
1744886204,kashef-k8s-w1.home-timeline-service-5754ffbc6d-zp4pr,container_cpu_system_seconds_total,0.08
1744886204,kashef-k8s-w1.user-service-547b88cd8f-mbl6h,container_cpu_system_seconds_total,0.082
1744886204,kashef-k8s-w1.social-graph-mongodb-55df767ff5-c86pb,container_cpu_system_seconds_total,0.701
1744886204,kashef-k8s-w1.compose-post-service-f587bf89d-l5zcs,container_cpu_system_seconds_total,0.108
1744886204,kashef-k8s-ctl.user-timeline-mongodb-6758898d48-gggfw,container_cpu_system_seconds_total,0.557
1744886204,kashef-k8s-w1.social-graph-redis-5bbd5b7458-tqz7l,container_cpu_system_seconds_total,0.433
1744886204,kashef-k8s-ctl.media-mongodb-7b64c59567-6ntnm,container_cpu_system_seconds_total,0.391
1744886204,kashef-k8s-w1.media-frontend-6b66b95ff4-xrdq6,container_cpu_system_seconds_total,6.945
1744886204,kashef-k8s-ctl.unique-id-service-694497b678-bzxbf,container_cpu_system_seconds_total,0.052
1744886204,kashef-k8s-ctl.url-shorten-memcached-6546746864-pg8xh,container_cpu_system_seconds_total,0.124
1744886204,kashef-k8s-w1.user-timeline-service-664c7f6696-fvhv9,container_cpu_system_seconds_total,0.093
1744886204,kashef-k8s-ctl.home-timeline-redis-6c6647df6f-5vgsk,container_cpu_system_seconds_total,0.388
1744886204,kashef-k8s-ctl.post-storage-memcached-6b75788fc6-gnd8c,container_cpu_system_seconds_total,0.097
1744886204,kashef-k8s-w1.text-service-fff64b8bf-v9dsr,container_cpu_system_seconds_total,0.073
1744886204,kashef-k8s-w1.user-mention-service-5c4f566c5-w4xpc,container_cpu_system_seconds_total,0.079
1744886204,kashef-k8s-ctl.user-timeline-redis-67cc95bc57-klp4b,container_cpu_system_seconds_total,0.316
1744886204,kashef-k8s-ctl.user-mongodb-7745bbd78-xrw2n,container_cpu_system_seconds_total,0.425
1744886204,kashef-k8s-ctl.url-shorten-mongodb-57c886d5f8-2m8fs,container_cpu_system_seconds_total,0.335
1744886204,kashef-k8s-ctl.social-graph-service-677dbc655c-2tqbt,container_cpu_system_seconds_total,0.086
1744886204,kashef-k8s-w1.post-storage-service-66c9966f5f-nllkd,container_cpu_system_seconds_total,0.095
1744886204,kashef-k8s-w1.media-service-6c665c775d-s7hl8,container_cpu_system_seconds_total,0.078
1744886204,kashef-k8s-ctl.media-memcached-7889bdfdfb-2thqn,container_cpu_system_seconds_total,0.09
1744886204,kashef-k8s-ctl.post-storage-mongodb-5579669d8c-ckzsx,container_cpu_system_seconds_total,0.42
1744886204,kashef-k8s-w1.nginx-thrift-79478f9bf5-h66tn,container_cpu_system_seconds_total,5.7
1744886210,kashef-k8s-w1.user-memcached-59687c864d-d5rb5,container_cpu_system_seconds_total,0.094
1744886210,kashef-k8s-ctl.home-timeline-redis-6c6647df6f-5vgsk,container_cpu_system_seconds_total,0.388
1744886210,kashef-k8s-w1.social-graph-redis-5bbd5b7458-tqz7l,container_cpu_system_seconds_total,0.472
1744886210,kashef-k8s-w1.compose-post-service-f587bf89d-l5zcs,container_cpu_system_seconds_total,0.108
1744886210,kashef-k8s-w1.url-shorten-service-66949ddcc4-xlfmt,container_cpu_system_seconds_total,0.107
1744886210,kashef-k8s-ctl.post-storage-mongodb-5579669d8c-ckzsx,container_cpu_system_seconds_total,0.456
1744886210,kashef-k8s-ctl.media-mongodb-7b64c59567-6ntnm,container_cpu_system_seconds_total,0.391
1744886210,kashef-k8s-w1.media-frontend-6b66b95ff4-xrdq6,container_cpu_system_seconds_total,6.945
1744886210,kashef-k8s-w1.user-timeline-service-664c7f6696-fvhv9,container_cpu_system_seconds_total,0.093
1744886210,kashef-k8s-ctl.unique-id-service-694497b678-bzxbf,container_cpu_system_seconds_total,0.056
1744886210,kashef-k8s-w1.social-graph-mongodb-55df767ff5-c86pb,container_cpu_system_seconds_total,0.701
1744886210,kashef-k8s-ctl.user-timeline-mongodb-6758898d48-gggfw,container_cpu_system_seconds_total,0.557
1744886210,kashef-k8s-ctl.user-timeline-redis-67cc95bc57-klp4b,container_cpu_system_seconds_total,0.381
1744886210,kashef-k8s-w1.home-timeline-service-5754ffbc6d-zp4pr,container_cpu_system_seconds_total,0.08
1744886210,kashef-k8s-ctl.url-shorten-mongodb-57c886d5f8-2m8fs,container_cpu_system_seconds_total,0.377
1744886210,kashef-k8s-ctl.user-mongodb-7745bbd78-xrw2n,container_cpu_system_seconds_total,0.479
1744886210,kashef-k8s-ctl.jaeger-67997f9775-tjgc8,container_cpu_system_seconds_total,0.156
1744886210,kashef-k8s-w1.user-mention-service-5c4f566c5-w4xpc,container_cpu_system_seconds_total,0.079
1744886210,kashef-k8s-ctl.post-storage-memcached-6b75788fc6-gnd8c,container_cpu_system_seconds_total,0.105
1744886210,kashef-k8s-w1.post-storage-service-66c9966f5f-nllkd,container_cpu_system_seconds_total,0.095
1744886210,kashef-k8s-ctl.media-memcached-7889bdfdfb-2thqn,container_cpu_system_seconds_total,0.09
1744886210,kashef-k8s-w1.nginx-thrift-79478f9bf5-h66tn,container_cpu_system_seconds_total,5.822
1744886210,kashef-k8s-w1.text-service-fff64b8bf-v9dsr,container_cpu_system_seconds_total,0.073
1744886210,kashef-k8s-ctl.url-shorten-memcached-6546746864-pg8xh,container_cpu_system_seconds_total,0.124
1744886210,kashef-k8s-w1.media-service-6c665c775d-s7hl8,container_cpu_system_seconds_total,0.078
1744886210,kashef-k8s-w1.user-service-547b88cd8f-mbl6h,container_cpu_system_seconds_total,0.082
1744886210,kashef-k8s-ctl.social-graph-service-677dbc655c-2tqbt,container_cpu_system_seconds_total,0.108
1744886216,kashef-k8s-w1.url-shorten-service-66949ddcc4-xlfmt,container_cpu_system_seconds_total,0.107
1744886216,kashef-k8s-ctl.user-timeline-mongodb-6758898d48-gggfw,container_cpu_system_seconds_total,0.557
1744886216,kashef-k8s-ctl.user-mongodb-7745bbd78-xrw2n,container_cpu_system_seconds_total,0.479
1744886216,kashef-k8s-w1.user-memcached-59687c864d-d5rb5,container_cpu_system_seconds_total,0.114
1744886216,kashef-k8s-w1.user-mention-service-5c4f566c5-w4xpc,container_cpu_system_seconds_total,0.079
1744886216,kashef-k8s-ctl.social-graph-service-677dbc655c-2tqbt,container_cpu_system_seconds_total,0.108
1744886216,kashef-k8s-w1.user-timeline-service-664c7f6696-fvhv9,container_cpu_system_seconds_total,0.22
1744886216,kashef-k8s-w1.home-timeline-service-5754ffbc6d-zp4pr,container_cpu_system_seconds_total,0.157
1744886216,kashef-k8s-w1.social-graph-mongodb-55df767ff5-c86pb,container_cpu_system_seconds_total,0.785
1744886216,kashef-k8s-ctl.post-storage-memcached-6b75788fc6-gnd8c,container_cpu_system_seconds_total,0.105
1744886216,kashef-k8s-ctl.unique-id-service-694497b678-bzxbf,container_cpu_system_seconds_total,0.056
1744886216,kashef-k8s-w1.social-graph-redis-5bbd5b7458-tqz7l,container_cpu_system_seconds_total,0.472
1744886216,kashef-k8s-ctl.url-shorten-mongodb-57c886d5f8-2m8fs,container_cpu_system_seconds_total,0.377
1744886216,kashef-k8s-ctl.jaeger-67997f9775-tjgc8,container_cpu_system_seconds_total,0.156
1744886216,kashef-k8s-ctl.url-shorten-memcached-6546746864-pg8xh,container_cpu_system_seconds_total,0.124
1744886216,kashef-k8s-w1.media-frontend-6b66b95ff4-xrdq6,container_cpu_system_seconds_total,6.945
1744886216,kashef-k8s-w1.post-storage-service-66c9966f5f-nllkd,container_cpu_system_seconds_total,0.095
1744886216,kashef-k8s-ctl.media-mongodb-7b64c59567-6ntnm,container_cpu_system_seconds_total,0.391
1744886216,kashef-k8s-w1.text-service-fff64b8bf-v9dsr,container_cpu_system_seconds_total,0.073
1744886216,kashef-k8s-w1.nginx-thrift-79478f9bf5-h66tn,container_cpu_system_seconds_total,5.822
1744886216,kashef-k8s-w1.user-service-547b88cd8f-mbl6h,container_cpu_system_seconds_total,0.082
1744886216,kashef-k8s-ctl.media-memcached-7889bdfdfb-2thqn,container_cpu_system_seconds_total,0.09
1744886216,kashef-k8s-w1.compose-post-service-f587bf89d-l5zcs,container_cpu_system_seconds_total,0.108
1744886216,kashef-k8s-ctl.home-timeline-redis-6c6647df6f-5vgsk,container_cpu_system_seconds_total,0.388
1744886216,kashef-k8s-ctl.user-timeline-redis-67cc95bc57-klp4b,container_cpu_system_seconds_total,0.381
1744886216,kashef-k8s-ctl.post-storage-mongodb-5579669d8c-ckzsx,container_cpu_system_seconds_total,0.456
1744886216,kashef-k8s-w1.media-service-6c665c775d-s7hl8,container_cpu_system_seconds_total,0.078
1744886222,kashef-k8s-w1.user-mention-service-5c4f566c5-w4xpc,container_cpu_system_seconds_total,0.109
1744886222,kashef-k8s-w1.url-shorten-service-66949ddcc4-xlfmt,container_cpu_system_seconds_total,0.107
1744886222,kashef-k8s-ctl.url-shorten-memcached-6546746864-pg8xh,container_cpu_system_seconds_total,0.124
1744886222,kashef-k8s-w1.user-timeline-service-664c7f6696-fvhv9,container_cpu_system_seconds_total,0.22
1744886222,kashef-k8s-w1.compose-post-service-f587bf89d-l5zcs,container_cpu_system_seconds_total,0.206
1744886222,kashef-k8s-w1.social-graph-redis-5bbd5b7458-tqz7l,container_cpu_system_seconds_total,0.472
1744886222,kashef-k8s-ctl.jaeger-67997f9775-tjgc8,container_cpu_system_seconds_total,0.156
1744886222,kashef-k8s-w1.social-graph-mongodb-55df767ff5-c86pb,container_cpu_system_seconds_total,0.785
1744886222,kashef-k8s-ctl.post-storage-memcached-6b75788fc6-gnd8c,container_cpu_system_seconds_total,0.105
1744886222,kashef-k8s-ctl.social-graph-service-677dbc655c-2tqbt,container_cpu_system_seconds_total,0.108
1744886222,kashef-k8s-w1.media-frontend-6b66b95ff4-xrdq6,container_cpu_system_seconds_total,6.945
1744886222,kashef-k8s-ctl.url-shorten-mongodb-57c886d5f8-2m8fs,container_cpu_system_seconds_total,0.377
1744886222,kashef-k8s-w1.user-service-547b88cd8f-mbl6h,container_cpu_system_seconds_total,0.087
1744886222,kashef-k8s-ctl.user-mongodb-7745bbd78-xrw2n,container_cpu_system_seconds_total,0.479
1744886222,kashef-k8s-w1.user-memcached-59687c864d-d5rb5,container_cpu_system_seconds_total,0.114
1744886222,kashef-k8s-ctl.user-timeline-mongodb-6758898d48-gggfw,container_cpu_system_seconds_total,0.557
1744886222,kashef-k8s-ctl.post-storage-mongodb-5579669d8c-ckzsx,container_cpu_system_seconds_total,0.456
1744886222,kashef-k8s-ctl.media-mongodb-7b64c59567-6ntnm,container_cpu_system_seconds_total,0.443
1744886222,kashef-k8s-ctl.unique-id-service-694497b678-bzxbf,container_cpu_system_seconds_total,0.056
1744886222,kashef-k8s-w1.media-service-6c665c775d-s7hl8,container_cpu_system_seconds_total,0.079
1744886222,kashef-k8s-ctl.user-timeline-redis-67cc95bc57-klp4b,container_cpu_system_seconds_total,0.381
1744886222,kashef-k8s-w1.text-service-fff64b8bf-v9dsr,container_cpu_system_seconds_total,0.095
1744886222,kashef-k8s-w1.nginx-thrift-79478f9bf5-h66tn,container_cpu_system_seconds_total,5.822
1744886222,kashef-k8s-w1.post-storage-service-66c9966f5f-nllkd,container_cpu_system_seconds_total,0.187
1744886222,kashef-k8s-w1.home-timeline-service-5754ffbc6d-zp4pr,container_cpu_system_seconds_total,0.157
1744886222,kashef-k8s-ctl.media-memcached-7889bdfdfb-2thqn,container_cpu_system_seconds_total,0.09
1744886222,kashef-k8s-ctl.home-timeline-redis-6c6647df6f-5vgsk,container_cpu_system_seconds_total,0.388
1744886228,kashef-k8s-ctl.media-memcached-7889bdfdfb-2thqn,container_cpu_system_seconds_total,0.09
1744886228,kashef-k8s-ctl.home-timeline-redis-6c6647df6f-5vgsk,container_cpu_system_seconds_total,0.388
1744886228,kashef-k8s-w1.post-storage-service-66c9966f5f-nllkd,container_cpu_system_seconds_total,0.187
1744886228,kashef-k8s-w1.text-service-fff64b8bf-v9dsr,container_cpu_system_seconds_total,0.095
1744886228,kashef-k8s-ctl.post-storage-mongodb-5579669d8c-ckzsx,container_cpu_system_seconds_total,0.474
1744886228,kashef-k8s-w1.media-service-6c665c775d-s7hl8,container_cpu_system_seconds_total,0.079
1744886228,kashef-k8s-ctl.unique-id-service-694497b678-bzxbf,container_cpu_system_seconds_total,0.056
1744886228,kashef-k8s-ctl.media-mongodb-7b64c59567-6ntnm,container_cpu_system_seconds_total,0.443
1744886228,kashef-k8s-ctl.post-storage-memcached-6b75788fc6-gnd8c,container_cpu_system_seconds_total,0.11
1744886228,kashef-k8s-ctl.social-graph-service-677dbc655c-2tqbt,container_cpu_system_seconds_total,0.108
1744886228,kashef-k8s-ctl.url-shorten-mongodb-57c886d5f8-2m8fs,container_cpu_system_seconds_total,0.377
1744886228,kashef-k8s-w1.user-service-547b88cd8f-mbl6h,container_cpu_system_seconds_total,0.087
1744886228,kashef-k8s-w1.social-graph-redis-5bbd5b7458-tqz7l,container_cpu_system_seconds_total,0.472
1744886228,kashef-k8s-w1.social-graph-mongodb-55df767ff5-c86pb,container_cpu_system_seconds_total,0.785
1744886228,kashef-k8s-ctl.jaeger-67997f9775-tjgc8,container_cpu_system_seconds_total,0.156
1744886228,kashef-k8s-ctl.user-timeline-redis-67cc95bc57-klp4b,container_cpu_system_seconds_total,0.381
1744886228,kashef-k8s-w1.user-timeline-service-664c7f6696-fvhv9,container_cpu_system_seconds_total,0.22
1744886228,kashef-k8s-w1.user-memcached-59687c864d-d5rb5,container_cpu_system_seconds_total,0.114
1744886228,kashef-k8s-ctl.user-mongodb-7745bbd78-xrw2n,container_cpu_system_seconds_total,0.479
1744886228,kashef-k8s-w1.home-timeline-service-5754ffbc6d-zp4pr,container_cpu_system_seconds_total,0.157
1744886228,kashef-k8s-w1.user-mention-service-5c4f566c5-w4xpc,container_cpu_system_seconds_total,0.109
1744886228,kashef-k8s-w1.url-shorten-service-66949ddcc4-xlfmt,container_cpu_system_seconds_total,0.129
1744886228,kashef-k8s-w1.nginx-thrift-79478f9bf5-h66tn,container_cpu_system_seconds_total,5.822
1744886228,kashef-k8s-w1.compose-post-service-f587bf89d-l5zcs,container_cpu_system_seconds_total,0.206
1744886228,kashef-k8s-ctl.url-shorten-memcached-6546746864-pg8xh,container_cpu_system_seconds_total,0.124
1744886228,kashef-k8s-ctl.user-timeline-mongodb-6758898d48-gggfw,container_cpu_system_seconds_total,0.557
1744886228,kashef-k8s-w1.media-frontend-6b66b95ff4-xrdq6,container_cpu_system_seconds_total,6.945
1744886234,kashef-k8s-ctl.post-storage-mongodb-5579669d8c-ckzsx,container_cpu_system_seconds_total,0.474
1744886234,kashef-k8s-w1.nginx-thrift-79478f9bf5-h66tn,container_cpu_system_seconds_total,5.822
1744886234,kashef-k8s-ctl.unique-id-service-694497b678-bzxbf,container_cpu_system_seconds_total,0.056
1744886234,kashef-k8s-ctl.media-mongodb-7b64c59567-6ntnm,container_cpu_system_seconds_total,0.443
1744886234,kashef-k8s-w1.media-service-6c665c775d-s7hl8,container_cpu_system_seconds_total,0.079
1744886234,kashef-k8s-w1.user-service-547b88cd8f-mbl6h,container_cpu_system_seconds_total,0.087
1744886234,kashef-k8s-ctl.post-storage-memcached-6b75788fc6-gnd8c,container_cpu_system_seconds_total,0.11
1744886234,kashef-k8s-ctl.url-shorten-mongodb-57c886d5f8-2m8fs,container_cpu_system_seconds_total,0.377
1744886234,kashef-k8s-ctl.social-graph-service-677dbc655c-2tqbt,container_cpu_system_seconds_total,0.108
1744886234,kashef-k8s-ctl.jaeger-67997f9775-tjgc8,container_cpu_system_seconds_total,0.165
1744886234,kashef-k8s-ctl.user-timeline-redis-67cc95bc57-klp4b,container_cpu_system_seconds_total,0.381
1744886234,kashef-k8s-w1.social-graph-redis-5bbd5b7458-tqz7l,container_cpu_system_seconds_total,0.472
1744886234,kashef-k8s-w1.social-graph-mongodb-55df767ff5-c86pb,container_cpu_system_seconds_total,0.785
1744886234,kashef-k8s-w1.post-storage-service-66c9966f5f-nllkd,container_cpu_system_seconds_total,0.187
1744886234,kashef-k8s-w1.text-service-fff64b8bf-v9dsr,container_cpu_system_seconds_total,0.095
1744886234,kashef-k8s-ctl.media-memcached-7889bdfdfb-2thqn,container_cpu_system_seconds_total,0.095
1744886234,kashef-k8s-ctl.user-timeline-mongodb-6758898d48-gggfw,container_cpu_system_seconds_total,0.635
1744886234,kashef-k8s-w1.user-timeline-service-664c7f6696-fvhv9,container_cpu_system_seconds_total,0.22
1744886234,kashef-k8s-w1.user-mention-service-5c4f566c5-w4xpc,container_cpu_system_seconds_total,0.109
1744886234,kashef-k8s-w1.media-frontend-6b66b95ff4-xrdq6,container_cpu_system_seconds_total,6.945
1744886234,kashef-k8s-ctl.url-shorten-memcached-6546746864-pg8xh,container_cpu_system_seconds_total,0.126
1744886234,kashef-k8s-w1.user-memcached-59687c864d-d5rb5,container_cpu_system_seconds_total,0.114
1744886234,kashef-k8s-ctl.user-mongodb-7745bbd78-xrw2n,container_cpu_system_seconds_total,0.519
1744886234,kashef-k8s-ctl.home-timeline-redis-6c6647df6f-5vgsk,container_cpu_system_seconds_total,0.458
1744886234,kashef-k8s-w1.home-timeline-service-5754ffbc6d-zp4pr,container_cpu_system_seconds_total,0.157
1744886234,kashef-k8s-w1.url-shorten-service-66949ddcc4-xlfmt,container_cpu_system_seconds_total,0.129
1744886234,kashef-k8s-w1.compose-post-service-f587bf89d-l5zcs,container_cpu_system_seconds_total,0.206
1744886240,kashef-k8s-w1.nginx-thrift-79478f9bf5-h66tn,container_cpu_system_seconds_total,5.822
1744886240,kashef-k8s-w1.text-service-fff64b8bf-v9dsr,container_cpu_system_seconds_total,0.095
1744886240,kashef-k8s-w1.user-mention-service-5c4f566c5-w4xpc,container_cpu_system_seconds_total,0.109
1744886240,kashef-k8s-ctl.url-shorten-memcached-6546746864-pg8xh,container_cpu_system_seconds_total,0.126
1744886240,kashef-k8s-ctl.user-timeline-mongodb-6758898d48-gggfw,container_cpu_system_seconds_total,0.635
1744886240,kashef-k8s-ctl.user-mongodb-7745bbd78-xrw2n,container_cpu_system_seconds_total,0.519
1744886240,kashef-k8s-w1.user-memcached-59687c864d-d5rb5,container_cpu_system_seconds_total,0.114
1744886240,kashef-k8s-ctl.social-graph-service-677dbc655c-2tqbt,container_cpu_system_seconds_total,0.119
1744886240,kashef-k8s-w1.user-timeline-service-664c7f6696-fvhv9,container_cpu_system_seconds_total,0.22
1744886240,kashef-k8s-w1.social-graph-mongodb-55df767ff5-c86pb,container_cpu_system_seconds_total,0.785
1744886240,kashef-k8s-ctl.unique-id-service-694497b678-bzxbf,container_cpu_system_seconds_total,0.061
1744886240,kashef-k8s-ctl.post-storage-mongodb-5579669d8c-ckzsx,container_cpu_system_seconds_total,0.474
1744886240,kashef-k8s-ctl.media-memcached-7889bdfdfb-2thqn,container_cpu_system_seconds_total,0.095
1744886240,kashef-k8s-ctl.home-timeline-redis-6c6647df6f-5vgsk,container_cpu_system_seconds_total,0.458
1744886240,kashef-k8s-ctl.media-mongodb-7b64c59567-6ntnm,container_cpu_system_seconds_total,0.443
1744886240,kashef-k8s-w1.media-service-6c665c775d-s7hl8,container_cpu_system_seconds_total,0.079
1744886240,kashef-k8s-w1.social-graph-redis-5bbd5b7458-tqz7l,container_cpu_system_seconds_total,0.505
1744886240,kashef-k8s-ctl.url-shorten-mongodb-57c886d5f8-2m8fs,container_cpu_system_seconds_total,0.406
1744886240,kashef-k8s-ctl.user-timeline-redis-67cc95bc57-klp4b,container_cpu_system_seconds_total,0.45
1744886240,kashef-k8s-ctl.post-storage-memcached-6b75788fc6-gnd8c,container_cpu_system_seconds_total,0.11
1744886240,kashef-k8s-w1.user-service-547b88cd8f-mbl6h,container_cpu_system_seconds_total,0.087
1744886240,kashef-k8s-w1.post-storage-service-66c9966f5f-nllkd,container_cpu_system_seconds_total,0.218
1744886240,kashef-k8s-w1.compose-post-service-f587bf89d-l5zcs,container_cpu_system_seconds_total,0.206
1744886240,kashef-k8s-w1.home-timeline-service-5754ffbc6d-zp4pr,container_cpu_system_seconds_total,0.157
1744886240,kashef-k8s-ctl.jaeger-67997f9775-tjgc8,container_cpu_system_seconds_total,0.165
1744886240,kashef-k8s-w1.url-shorten-service-66949ddcc4-xlfmt,container_cpu_system_seconds_total,0.129
1744886240,kashef-k8s-w1.media-frontend-6b66b95ff4-xrdq6,container_cpu_system_seconds_total,6.945
1744886246,kashef-k8s-ctl.media-memcached-7889bdfdfb-2thqn,container_cpu_system_seconds_total,0.095
1744886246,kashef-k8s-ctl.user-timeline-mongodb-6758898d48-gggfw,container_cpu_system_seconds_total,0.635
1744886246,kashef-k8s-w1.url-shorten-service-66949ddcc4-xlfmt,container_cpu_system_seconds_total,0.129
1744886246,kashef-k8s-ctl.user-mongodb-7745bbd78-xrw2n,container_cpu_system_seconds_total,0.519
1744886246,kashef-k8s-w1.text-service-fff64b8bf-v9dsr,container_cpu_system_seconds_total,0.101
1744886246,kashef-k8s-ctl.unique-id-service-694497b678-bzxbf,container_cpu_system_seconds_total,0.061
1744886246,kashef-k8s-w1.social-graph-mongodb-55df767ff5-c86pb,container_cpu_system_seconds_total,0.833
1744886246,kashef-k8s-w1.user-timeline-service-664c7f6696-fvhv9,container_cpu_system_seconds_total,0.22
1744886246,kashef-k8s-w1.media-service-6c665c775d-s7hl8,container_cpu_system_seconds_total,0.089
1744886246,kashef-k8s-ctl.home-timeline-redis-6c6647df6f-5vgsk,container_cpu_system_seconds_total,0.458
1744886246,kashef-k8s-ctl.url-shorten-mongodb-57c886d5f8-2m8fs,container_cpu_system_seconds_total,0.406
1744886246,kashef-k8s-ctl.post-storage-mongodb-5579669d8c-ckzsx,container_cpu_system_seconds_total,0.474
1744886246,kashef-k8s-ctl.user-timeline-redis-67cc95bc57-klp4b,container_cpu_system_seconds_total,0.45
1744886246,kashef-k8s-ctl.url-shorten-memcached-6546746864-pg8xh,container_cpu_system_seconds_total,0.126
1744886246,kashef-k8s-w1.user-memcached-59687c864d-d5rb5,container_cpu_system_seconds_total,0.124
1744886246,kashef-k8s-ctl.social-graph-service-677dbc655c-2tqbt,container_cpu_system_seconds_total,0.119
1744886246,kashef-k8s-ctl.jaeger-67997f9775-tjgc8,container_cpu_system_seconds_total,0.165
1744886246,kashef-k8s-w1.post-storage-service-66c9966f5f-nllkd,container_cpu_system_seconds_total,0.218
1744886246,kashef-k8s-w1.user-service-547b88cd8f-mbl6h,container_cpu_system_seconds_total,0.087
1744886246,kashef-k8s-ctl.media-mongodb-7b64c59567-6ntnm,container_cpu_system_seconds_total,0.443
1744886246,kashef-k8s-w1.social-graph-redis-5bbd5b7458-tqz7l,container_cpu_system_seconds_total,0.505
1744886246,kashef-k8s-w1.user-mention-service-5c4f566c5-w4xpc,container_cpu_system_seconds_total,0.109
1744886246,kashef-k8s-ctl.post-storage-memcached-6b75788fc6-gnd8c,container_cpu_system_seconds_total,0.11
1744886246,kashef-k8s-w1.media-frontend-6b66b95ff4-xrdq6,container_cpu_system_seconds_total,6.945
1744886246,kashef-k8s-w1.home-timeline-service-5754ffbc6d-zp4pr,container_cpu_system_seconds_total,0.229
1744886246,kashef-k8s-w1.nginx-thrift-79478f9bf5-h66tn,container_cpu_system_seconds_total,5.966
1744886246,kashef-k8s-w1.compose-post-service-f587bf89d-l5zcs,container_cpu_system_seconds_total,0.206
1744886252,kashef-k8s-w1.compose-post-service-f587bf89d-l5zcs,container_cpu_system_seconds_total,0.206
1744886252,kashef-k8s-w1.text-service-fff64b8bf-v9dsr,container_cpu_system_seconds_total,0.101
1744886252,kashef-k8s-w1.user-mention-service-5c4f566c5-w4xpc,container_cpu_system_seconds_total,0.109
1744886252,kashef-k8s-w1.home-timeline-service-5754ffbc6d-zp4pr,container_cpu_system_seconds_total,0.229
1744886252,kashef-k8s-ctl.media-mongodb-7b64c59567-6ntnm,container_cpu_system_seconds_total,0.443
1744886252,kashef-k8s-ctl.unique-id-service-694497b678-bzxbf,container_cpu_system_seconds_total,0.061
1744886252,kashef-k8s-w1.media-frontend-6b66b95ff4-xrdq6,container_cpu_system_seconds_total,6.945
1744886252,kashef-k8s-w1.user-timeline-service-664c7f6696-fvhv9,container_cpu_system_seconds_total,37.271
1744886252,kashef-k8s-w1.social-graph-mongodb-55df767ff5-c86pb,container_cpu_system_seconds_total,0.833
1744886252,kashef-k8s-w1.user-service-547b88cd8f-mbl6h,container_cpu_system_seconds_total,0.097
1744886252,kashef-k8s-ctl.user-timeline-redis-67cc95bc57-klp4b,container_cpu_system_seconds_total,0.45
1744886252,kashef-k8s-ctl.post-storage-mongodb-5579669d8c-ckzsx,container_cpu_system_seconds_total,0.474
1744886252,kashef-k8s-ctl.user-timeline-mongodb-6758898d48-gggfw,container_cpu_system_seconds_total,0.635
1744886252,kashef-k8s-w1.post-storage-service-66c9966f5f-nllkd,container_cpu_system_seconds_total,0.218
1744886252,kashef-k8s-w1.nginx-thrift-79478f9bf5-h66tn,container_cpu_system_seconds_total,5.966
1744886252,kashef-k8s-w1.social-graph-redis-5bbd5b7458-tqz7l,container_cpu_system_seconds_total,0.505
1744886252,kashef-k8s-w1.media-service-6c665c775d-s7hl8,container_cpu_system_seconds_total,0.089
1744886252,kashef-k8s-w1.url-shorten-service-66949ddcc4-xlfmt,container_cpu_system_seconds_total,0.129
1744886252,kashef-k8s-ctl.jaeger-67997f9775-tjgc8,container_cpu_system_seconds_total,0.165
1744886252,kashef-k8s-ctl.user-mongodb-7745bbd78-xrw2n,container_cpu_system_seconds_total,0.519
1744886252,kashef-k8s-ctl.url-shorten-mongodb-57c886d5f8-2m8fs,container_cpu_system_seconds_total,0.406
1744886252,kashef-k8s-ctl.url-shorten-memcached-6546746864-pg8xh,container_cpu_system_seconds_total,0.126
1744886252,kashef-k8s-w1.user-memcached-59687c864d-d5rb5,container_cpu_system_seconds_total,0.124
1744886252,kashef-k8s-ctl.post-storage-memcached-6b75788fc6-gnd8c,container_cpu_system_seconds_total,0.11
1744886252,kashef-k8s-ctl.social-graph-service-677dbc655c-2tqbt,container_cpu_system_seconds_total,0.119
1744886252,kashef-k8s-ctl.home-timeline-redis-6c6647df6f-5vgsk,container_cpu_system_seconds_total,0.458
1744886252,kashef-k8s-ctl.media-memcached-7889bdfdfb-2thqn,container_cpu_system_seconds_total,0.095
1744886258,kashef-k8s-ctl.media-mongodb-7b64c59567-6ntnm,container_cpu_system_seconds_total,0.443
1744886258,kashef-k8s-w1.text-service-fff64b8bf-v9dsr,container_cpu_system_seconds_total,0.101
1744886258,kashef-k8s-w1.user-timeline-service-664c7f6696-fvhv9,container_cpu_system_seconds_total,37.271
1744886258,kashef-k8s-ctl.unique-id-service-694497b678-bzxbf,container_cpu_system_seconds_total,0.061
1744886258,kashef-k8s-w1.media-frontend-6b66b95ff4-xrdq6,container_cpu_system_seconds_total,6.945
1744886258,kashef-k8s-w1.user-service-547b88cd8f-mbl6h,container_cpu_system_seconds_total,0.097
1744886258,kashef-k8s-w1.social-graph-mongodb-55df767ff5-c86pb,container_cpu_system_seconds_total,0.833
1744886258,kashef-k8s-w1.post-storage-service-66c9966f5f-nllkd,container_cpu_system_seconds_total,0.218
1744886258,kashef-k8s-ctl.user-timeline-mongodb-6758898d48-gggfw,container_cpu_system_seconds_total,0.635
1744886258,kashef-k8s-w1.social-graph-redis-5bbd5b7458-tqz7l,container_cpu_system_seconds_total,0.505
1744886258,kashef-k8s-ctl.post-storage-mongodb-5579669d8c-ckzsx,container_cpu_system_seconds_total,0.474
1744886258,kashef-k8s-w1.home-timeline-service-5754ffbc6d-zp4pr,container_cpu_system_seconds_total,0.229
1744886258,kashef-k8s-w1.compose-post-service-f587bf89d-l5zcs,container_cpu_system_seconds_total,0.31
1744886258,kashef-k8s-w1.url-shorten-service-66949ddcc4-xlfmt,container_cpu_system_seconds_total,0.144
1744886258,kashef-k8s-w1.user-mention-service-5c4f566c5-w4xpc,container_cpu_system_seconds_total,0.138
1744886258,kashef-k8s-w1.nginx-thrift-79478f9bf5-h66tn,container_cpu_system_seconds_total,5.966
1744886258,kashef-k8s-ctl.user-timeline-redis-67cc95bc57-klp4b,container_cpu_system_seconds_total,0.45
1744886258,kashef-k8s-ctl.url-shorten-memcached-6546746864-pg8xh,container_cpu_system_seconds_total,0.126
1744886258,kashef-k8s-ctl.home-timeline-redis-6c6647df6f-5vgsk,container_cpu_system_seconds_total,0.458
1744886258,kashef-k8s-ctl.media-memcached-7889bdfdfb-2thqn,container_cpu_system_seconds_total,0.095
1744886258,kashef-k8s-ctl.social-graph-service-677dbc655c-2tqbt,container_cpu_system_seconds_total,0.119
1744886258,kashef-k8s-ctl.url-shorten-mongodb-57c886d5f8-2m8fs,container_cpu_system_seconds_total,0.437
1744886258,kashef-k8s-ctl.user-mongodb-7745bbd78-xrw2n,container_cpu_system_seconds_total,0.519
1744886258,kashef-k8s-w1.media-service-6c665c775d-s7hl8,container_cpu_system_seconds_total,0.089
1744886258,kashef-k8s-ctl.jaeger-67997f9775-tjgc8,container_cpu_system_seconds_total,0.165
1744886258,kashef-k8s-ctl.post-storage-memcached-6b75788fc6-gnd8c,container_cpu_system_seconds_total,0.11
1744886258,kashef-k8s-w1.user-memcached-59687c864d-d5rb5,container_cpu_system_seconds_total,0.124
1744886264,kashef-k8s-ctl.url-shorten-mongodb-57c886d5f8-2m8fs,container_cpu_system_seconds_total,0.437
1744886264,kashef-k8s-ctl.user-timeline-redis-67cc95bc57-klp4b,container_cpu_system_seconds_total,0.503
1744886264,kashef-k8s-w1.text-service-fff64b8bf-v9dsr,container_cpu_system_seconds_total,0.101
1744886264,kashef-k8s-w1.media-service-6c665c775d-s7hl8,container_cpu_system_seconds_total,0.089
1744886264,kashef-k8s-ctl.post-storage-memcached-6b75788fc6-gnd8c,container_cpu_system_seconds_total,0.122
1744886264,kashef-k8s-w1.user-service-547b88cd8f-mbl6h,container_cpu_system_seconds_total,0.097
1744886264,kashef-k8s-w1.user-timeline-service-664c7f6696-fvhv9,container_cpu_system_seconds_total,37.271
1744886264,kashef-k8s-w1.url-shorten-service-66949ddcc4-xlfmt,container_cpu_system_seconds_total,0.144
1744886264,kashef-k8s-ctl.post-storage-mongodb-5579669d8c-ckzsx,container_cpu_system_seconds_total,0.474
1744886264,kashef-k8s-ctl.media-mongodb-7b64c59567-6ntnm,container_cpu_system_seconds_total,0.493
1744886264,kashef-k8s-ctl.media-memcached-7889bdfdfb-2thqn,container_cpu_system_seconds_total,0.096
1744886264,kashef-k8s-w1.media-frontend-6b66b95ff4-xrdq6,container_cpu_system_seconds_total,6.945
1744886264,kashef-k8s-ctl.home-timeline-redis-6c6647df6f-5vgsk,container_cpu_system_seconds_total,0.458
1744886264,kashef-k8s-w1.social-graph-mongodb-55df767ff5-c86pb,container_cpu_system_seconds_total,0.833
1744886264,kashef-k8s-ctl.url-shorten-memcached-6546746864-pg8xh,container_cpu_system_seconds_total,0.126
1744886264,kashef-k8s-ctl.user-mongodb-7745bbd78-xrw2n,container_cpu_system_seconds_total,0.562
1744886264,kashef-k8s-ctl.unique-id-service-694497b678-bzxbf,container_cpu_system_seconds_total,0.061
1744886264,kashef-k8s-ctl.user-timeline-mongodb-6758898d48-gggfw,container_cpu_system_seconds_total,0.635
1744886264,kashef-k8s-w1.compose-post-service-f587bf89d-l5zcs,container_cpu_system_seconds_total,0.31
1744886264,kashef-k8s-w1.nginx-thrift-79478f9bf5-h66tn,container_cpu_system_seconds_total,5.966
1744886264,kashef-k8s-w1.social-graph-redis-5bbd5b7458-tqz7l,container_cpu_system_seconds_total,0.505
1744886264,kashef-k8s-w1.user-memcached-59687c864d-d5rb5,container_cpu_system_seconds_total,0.124
1744886264,kashef-k8s-w1.user-mention-service-5c4f566c5-w4xpc,container_cpu_system_seconds_total,0.138
1744886264,kashef-k8s-ctl.jaeger-67997f9775-tjgc8,container_cpu_system_seconds_total,0.165
1744886264,kashef-k8s-w1.home-timeline-service-5754ffbc6d-zp4pr,container_cpu_system_seconds_total,0.229
1744886264,kashef-k8s-w1.post-storage-service-66c9966f5f-nllkd,container_cpu_system_seconds_total,0.218
1744886264,kashef-k8s-ctl.social-graph-service-677dbc655c-2tqbt,container_cpu_system_seconds_total,0.144
1744886270,kashef-k8s-ctl.user-timeline-redis-67cc95bc57-klp4b,container_cpu_system_seconds_total,0.503
1744886270,kashef-k8s-ctl.post-storage-memcached-6b75788fc6-gnd8c,container_cpu_system_seconds_total,0.122
1744886270,kashef-k8s-w1.user-service-547b88cd8f-mbl6h,container_cpu_system_seconds_total,0.097
1744886270,kashef-k8s-w1.user-timeline-service-664c7f6696-fvhv9,container_cpu_system_seconds_total,37.271
1744886270,kashef-k8s-w1.url-shorten-service-66949ddcc4-xlfmt,container_cpu_system_seconds_total,0.144
1744886270,kashef-k8s-w1.media-frontend-6b66b95ff4-xrdq6,container_cpu_system_seconds_total,6.945
1744886270,kashef-k8s-ctl.media-mongodb-7b64c59567-6ntnm,container_cpu_system_seconds_total,0.493
1744886270,kashef-k8s-ctl.post-storage-mongodb-5579669d8c-ckzsx,container_cpu_system_seconds_total,0.525
1744886270,kashef-k8s-ctl.unique-id-service-694497b678-bzxbf,container_cpu_system_seconds_total,0.066
1744886270,kashef-k8s-ctl.url-shorten-memcached-6546746864-pg8xh,container_cpu_system_seconds_total,0.131
1744886270,kashef-k8s-ctl.user-mongodb-7745bbd78-xrw2n,container_cpu_system_seconds_total,0.562
1744886270,kashef-k8s-ctl.home-timeline-redis-6c6647df6f-5vgsk,container_cpu_system_seconds_total,0.532
1744886270,kashef-k8s-w1.social-graph-mongodb-55df767ff5-c86pb,container_cpu_system_seconds_total,0.833
1744886270,kashef-k8s-w1.media-service-6c665c775d-s7hl8,container_cpu_system_seconds_total,0.089
1744886270,kashef-k8s-ctl.url-shorten-mongodb-57c886d5f8-2m8fs,container_cpu_system_seconds_total,0.437
1744886270,kashef-k8s-w1.text-service-fff64b8bf-v9dsr,container_cpu_system_seconds_total,0.101
1744886270,kashef-k8s-w1.home-timeline-service-5754ffbc6d-zp4pr,container_cpu_system_seconds_total,0.229
1744886270,kashef-k8s-w1.social-graph-redis-5bbd5b7458-tqz7l,container_cpu_system_seconds_total,0.505
1744886270,kashef-k8s-w1.post-storage-service-66c9966f5f-nllkd,container_cpu_system_seconds_total,0.218
1744886270,kashef-k8s-ctl.media-memcached-7889bdfdfb-2thqn,container_cpu_system_seconds_total,0.096
1744886270,kashef-k8s-ctl.social-graph-service-677dbc655c-2tqbt,container_cpu_system_seconds_total,0.144
1744886270,kashef-k8s-w1.user-memcached-59687c864d-d5rb5,container_cpu_system_seconds_total,0.124
1744886270,kashef-k8s-ctl.user-timeline-mongodb-6758898d48-gggfw,container_cpu_system_seconds_total,0.749
1744886270,kashef-k8s-w1.compose-post-service-f587bf89d-l5zcs,container_cpu_system_seconds_total,0.31
1744886270,kashef-k8s-ctl.jaeger-67997f9775-tjgc8,container_cpu_system_seconds_total,0.165
1744886270,kashef-k8s-w1.user-mention-service-5c4f566c5-w4xpc,container_cpu_system_seconds_total,0.138
1744886270,kashef-k8s-w1.nginx-thrift-79478f9bf5-h66tn,container_cpu_system_seconds_total,5.966
1744886276,kashef-k8s-w1.url-shorten-service-66949ddcc4-xlfmt,container_cpu_system_seconds_total,0.144
1744886276,kashef-k8s-w1.compose-post-service-f587bf89d-l5zcs,container_cpu_system_seconds_total,0.31
1744886276,kashef-k8s-w1.nginx-thrift-79478f9bf5-h66tn,container_cpu_system_seconds_total,5.966
1744886276,kashef-k8s-w1.text-service-fff64b8bf-v9dsr,container_cpu_system_seconds_total,0.101
1744886276,kashef-k8s-w1.user-memcached-59687c864d-d5rb5,container_cpu_system_seconds_total,0.124
1744886276,kashef-k8s-w1.media-service-6c665c775d-s7hl8,container_cpu_system_seconds_total,0.089
1744886276,kashef-k8s-ctl.social-graph-service-677dbc655c-2tqbt,container_cpu_system_seconds_total,0.144
1744886276,kashef-k8s-ctl.user-timeline-mongodb-6758898d48-gggfw,container_cpu_system_seconds_total,0.749
1744886276,kashef-k8s-ctl.media-memcached-7889bdfdfb-2thqn,container_cpu_system_seconds_total,0.096
1744886276,kashef-k8s-ctl.unique-id-service-694497b678-bzxbf,container_cpu_system_seconds_total,0.066
1744886276,kashef-k8s-ctl.post-storage-memcached-6b75788fc6-gnd8c,container_cpu_system_seconds_total,0.122
1744886276,kashef-k8s-ctl.media-mongodb-7b64c59567-6ntnm,container_cpu_system_seconds_total,0.493
1744886276,kashef-k8s-ctl.post-storage-mongodb-5579669d8c-ckzsx,container_cpu_system_seconds_total,0.525
1744886276,kashef-k8s-w1.social-graph-mongodb-55df767ff5-c86pb,container_cpu_system_seconds_total,0.833
1744886276,kashef-k8s-w1.home-timeline-service-5754ffbc6d-zp4pr,container_cpu_system_seconds_total,0.229
1744886276,kashef-k8s-ctl.user-mongodb-7745bbd78-xrw2n,container_cpu_system_seconds_total,0.562
1744886276,kashef-k8s-ctl.url-shorten-memcached-6546746864-pg8xh,container_cpu_system_seconds_total,0.131
1744886276,kashef-k8s-w1.media-frontend-6b66b95ff4-xrdq6,container_cpu_system_seconds_total,6.945
1744886276,kashef-k8s-w1.user-timeline-service-664c7f6696-fvhv9,container_cpu_system_seconds_total,37.271
1744886276,kashef-k8s-w1.user-service-547b88cd8f-mbl6h,container_cpu_system_seconds_total,0.097
1744886276,kashef-k8s-ctl.user-timeline-redis-67cc95bc57-klp4b,container_cpu_system_seconds_total,0.503
1744886276,kashef-k8s-w1.social-graph-redis-5bbd5b7458-tqz7l,container_cpu_system_seconds_total,0.505
1744886276,kashef-k8s-ctl.home-timeline-redis-6c6647df6f-5vgsk,container_cpu_system_seconds_total,0.532
1744886276,kashef-k8s-w1.user-mention-service-5c4f566c5-w4xpc,container_cpu_system_seconds_total,0.138
1744886276,kashef-k8s-w1.post-storage-service-66c9966f5f-nllkd,container_cpu_system_seconds_total,0.218
1744886276,kashef-k8s-ctl.url-shorten-mongodb-57c886d5f8-2m8fs,container_cpu_system_seconds_total,0.437
1744886276,kashef-k8s-ctl.jaeger-67997f9775-tjgc8,container_cpu_system_seconds_total,0.176
1744886282,kashef-k8s-w1.nginx-thrift-79478f9bf5-h66tn,container_cpu_system_seconds_total,5.966
1744886282,kashef-k8s-ctl.user-mongodb-7745bbd78-xrw2n,container_cpu_system_seconds_total,0.562
1744886282,kashef-k8s-ctl.home-timeline-redis-6c6647df6f-5vgsk,container_cpu_system_seconds_total,0.532
1744886282,kashef-k8s-w1.media-frontend-6b66b95ff4-xrdq6,container_cpu_system_seconds_total,6.945
1744886282,kashef-k8s-w1.social-graph-redis-5bbd5b7458-tqz7l,container_cpu_system_seconds_total,0.505
1744886282,kashef-k8s-ctl.post-storage-memcached-6b75788fc6-gnd8c,container_cpu_system_seconds_total,0.122
1744886282,kashef-k8s-ctl.social-graph-service-677dbc655c-2tqbt,container_cpu_system_seconds_total,0.144
1744886282,kashef-k8s-ctl.user-timeline-mongodb-6758898d48-gggfw,container_cpu_system_seconds_total,0.749
1744886282,kashef-k8s-w1.user-service-547b88cd8f-mbl6h,container_cpu_system_seconds_total,0.097
1744886282,kashef-k8s-w1.social-graph-mongodb-55df767ff5-c86pb,container_cpu_system_seconds_total,0.833
1744886282,kashef-k8s-ctl.media-mongodb-7b64c59567-6ntnm,container_cpu_system_seconds_total,0.493
1744886282,kashef-k8s-w1.home-timeline-service-5754ffbc6d-zp4pr,container_cpu_system_seconds_total,0.229
1744886282,kashef-k8s-ctl.media-memcached-7889bdfdfb-2thqn,container_cpu_system_seconds_total,0.096
1744886282,kashef-k8s-ctl.url-shorten-mongodb-57c886d5f8-2m8fs,container_cpu_system_seconds_total,0.437
1744886282,kashef-k8s-w1.post-storage-service-66c9966f5f-nllkd,container_cpu_system_seconds_total,0.218
1744886282,kashef-k8s-ctl.user-timeline-redis-67cc95bc57-klp4b,container_cpu_system_seconds_total,0.503
1744886282,kashef-k8s-ctl.jaeger-67997f9775-tjgc8,container_cpu_system_seconds_total,0.176
1744886282,kashef-k8s-w1.media-service-6c665c775d-s7hl8,container_cpu_system_seconds_total,0.089
1744886282,kashef-k8s-ctl.unique-id-service-694497b678-bzxbf,container_cpu_system_seconds_total,0.066
1744886282,kashef-k8s-ctl.post-storage-mongodb-5579669d8c-ckzsx,container_cpu_system_seconds_total,0.525
1744886282,kashef-k8s-w1.user-timeline-service-664c7f6696-fvhv9,container_cpu_system_seconds_total,37.271
1744886282,kashef-k8s-w1.text-service-fff64b8bf-v9dsr,container_cpu_system_seconds_total,0.101
1744886282,kashef-k8s-w1.user-memcached-59687c864d-d5rb5,container_cpu_system_seconds_total,0.124
1744886282,kashef-k8s-w1.url-shorten-service-66949ddcc4-xlfmt,container_cpu_system_seconds_total,0.144
1744886282,kashef-k8s-ctl.url-shorten-memcached-6546746864-pg8xh,container_cpu_system_seconds_total,0.131
1744886282,kashef-k8s-w1.user-mention-service-5c4f566c5-w4xpc,container_cpu_system_seconds_total,0.138
1744886282,kashef-k8s-w1.compose-post-service-f587bf89d-l5zcs,container_cpu_system_seconds_total,0.31
1744886288,kashef-k8s-ctl.url-shorten-memcached-6546746864-pg8xh,container_cpu_system_seconds_total,0.131
1744886288,kashef-k8s-w1.user-mention-service-5c4f566c5-w4xpc,container_cpu_system_seconds_total,0.138
1744886288,kashef-k8s-w1.text-service-fff64b8bf-v9dsr,container_cpu_system_seconds_total,0.101
1744886288,kashef-k8s-w1.nginx-thrift-79478f9bf5-h66tn,container_cpu_system_seconds_total,5.966
1744886288,kashef-k8s-ctl.post-storage-mongodb-5579669d8c-ckzsx,container_cpu_system_seconds_total,0.558
1744886288,kashef-k8s-w1.user-timeline-service-664c7f6696-fvhv9,container_cpu_system_seconds_total,37.271
1744886288,kashef-k8s-ctl.unique-id-service-694497b678-bzxbf,container_cpu_system_seconds_total,0.066
1744886288,kashef-k8s-w1.url-shorten-service-66949ddcc4-xlfmt,container_cpu_system_seconds_total,0.144
1744886288,kashef-k8s-ctl.user-timeline-redis-67cc95bc57-klp4b,container_cpu_system_seconds_total,0.503
1744886288,kashef-k8s-w1.home-timeline-service-5754ffbc6d-zp4pr,container_cpu_system_seconds_total,0.229
1744886288,kashef-k8s-w1.compose-post-service-f587bf89d-l5zcs,container_cpu_system_seconds_total,0.31
1744886288,kashef-k8s-ctl.url-shorten-mongodb-57c886d5f8-2m8fs,container_cpu_system_seconds_total,0.495
1744886288,kashef-k8s-w1.media-service-6c665c775d-s7hl8,container_cpu_system_seconds_total,0.089
1744886288,kashef-k8s-w1.post-storage-service-66c9966f5f-nllkd,container_cpu_system_seconds_total,0.218
1744886288,kashef-k8s-ctl.jaeger-67997f9775-tjgc8,container_cpu_system_seconds_total,0.189
1744886288,kashef-k8s-ctl.user-timeline-mongodb-6758898d48-gggfw,container_cpu_system_seconds_total,0.749
1744886288,kashef-k8s-ctl.social-graph-service-677dbc655c-2tqbt,container_cpu_system_seconds_total,0.144
1744886288,kashef-k8s-ctl.home-timeline-redis-6c6647df6f-5vgsk,container_cpu_system_seconds_total,0.532
1744886288,kashef-k8s-w1.media-frontend-6b66b95ff4-xrdq6,container_cpu_system_seconds_total,6.945
1744886288,kashef-k8s-w1.social-graph-redis-5bbd5b7458-tqz7l,container_cpu_system_seconds_total,0.505
1744886288,kashef-k8s-ctl.post-storage-memcached-6b75788fc6-gnd8c,container_cpu_system_seconds_total,0.122
1744886288,kashef-k8s-ctl.user-mongodb-7745bbd78-xrw2n,container_cpu_system_seconds_total,0.562
1744886288,kashef-k8s-ctl.media-memcached-7889bdfdfb-2thqn,container_cpu_system_seconds_total,0.096
1744886288,kashef-k8s-w1.user-memcached-59687c864d-d5rb5,container_cpu_system_seconds_total,0.124
1744886288,kashef-k8s-w1.social-graph-mongodb-55df767ff5-c86pb,container_cpu_system_seconds_total,0.833
1744886288,kashef-k8s-ctl.media-mongodb-7b64c59567-6ntnm,container_cpu_system_seconds_total,0.493
1744886288,kashef-k8s-w1.user-service-547b88cd8f-mbl6h,container_cpu_system_seconds_total,0.097
1744886294,kashef-k8s-w1.user-timeline-service-664c7f6696-fvhv9,container_cpu_system_seconds_total,95.748
1744886294,kashef-k8s-w1.user-mention-service-5c4f566c5-w4xpc,container_cpu_system_seconds_total,0.138
1744886294,kashef-k8s-ctl.unique-id-service-694497b678-bzxbf,container_cpu_system_seconds_total,0.066
1744886294,kashef-k8s-w1.text-service-fff64b8bf-v9dsr,container_cpu_system_seconds_total,1.58
1744886294,kashef-k8s-ctl.media-mongodb-7b64c59567-6ntnm,container_cpu_system_seconds_total,0.525
1744886294,kashef-k8s-w1.home-timeline-service-5754ffbc6d-zp4pr,container_cpu_system_seconds_total,0.229
1744886294,kashef-k8s-ctl.media-memcached-7889bdfdfb-2thqn,container_cpu_system_seconds_total,0.1
1744886294,kashef-k8s-w1.post-storage-service-66c9966f5f-nllkd,container_cpu_system_seconds_total,0.218
1744886294,kashef-k8s-ctl.user-timeline-redis-67cc95bc57-klp4b,container_cpu_system_seconds_total,0.503
1744886294,kashef-k8s-ctl.user-timeline-mongodb-6758898d48-gggfw,container_cpu_system_seconds_total,0.749
1744886294,kashef-k8s-ctl.url-shorten-mongodb-57c886d5f8-2m8fs,container_cpu_system_seconds_total,0.495
1744886294,kashef-k8s-ctl.jaeger-67997f9775-tjgc8,container_cpu_system_seconds_total,0.189
1744886294,kashef-k8s-w1.media-service-6c665c775d-s7hl8,container_cpu_system_seconds_total,0.089
1744886294,kashef-k8s-w1.nginx-thrift-79478f9bf5-h66tn,container_cpu_system_seconds_total,5.966
1744886294,kashef-k8s-w1.compose-post-service-f587bf89d-l5zcs,container_cpu_system_seconds_total,0.31
1744886294,kashef-k8s-ctl.url-shorten-memcached-6546746864-pg8xh,container_cpu_system_seconds_total,0.131
1744886294,kashef-k8s-ctl.home-timeline-redis-6c6647df6f-5vgsk,container_cpu_system_seconds_total,0.532
1744886294,kashef-k8s-ctl.social-graph-service-677dbc655c-2tqbt,container_cpu_system_seconds_total,0.144
1744886294,kashef-k8s-ctl.post-storage-memcached-6b75788fc6-gnd8c,container_cpu_system_seconds_total,0.128
1744886294,kashef-k8s-w1.social-graph-mongodb-55df767ff5-c86pb,container_cpu_system_seconds_total,37.851
1744886294,kashef-k8s-w1.user-service-547b88cd8f-mbl6h,container_cpu_system_seconds_total,0.097
1744886294,kashef-k8s-w1.url-shorten-service-66949ddcc4-xlfmt,container_cpu_system_seconds_total,0.144
1744886294,kashef-k8s-w1.social-graph-redis-5bbd5b7458-tqz7l,container_cpu_system_seconds_total,6.107
1744886294,kashef-k8s-w1.media-frontend-6b66b95ff4-xrdq6,container_cpu_system_seconds_total,6.945
1744886294,kashef-k8s-ctl.post-storage-mongodb-5579669d8c-ckzsx,container_cpu_system_seconds_total,0.558
1744886294,kashef-k8s-ctl.user-mongodb-7745bbd78-xrw2n,container_cpu_system_seconds_total,0.562
1744886294,kashef-k8s-w1.user-memcached-59687c864d-d5rb5,container_cpu_system_seconds_total,0.124
1744886300,kashef-k8s-w1.user-memcached-59687c864d-d5rb5,container_cpu_system_seconds_total,5.81
1744886300,kashef-k8s-w1.text-service-fff64b8bf-v9dsr,container_cpu_system_seconds_total,1.58
1744886300,kashef-k8s-ctl.post-storage-mongodb-5579669d8c-ckzsx,container_cpu_system_seconds_total,0.558
1744886300,kashef-k8s-w1.url-shorten-service-66949ddcc4-xlfmt,container_cpu_system_seconds_total,1.643
1744886300,kashef-k8s-w1.nginx-thrift-79478f9bf5-h66tn,container_cpu_system_seconds_total,19.428
1744886300,kashef-k8s-ctl.user-timeline-mongodb-6758898d48-gggfw,container_cpu_system_seconds_total,0.784
1744886300,kashef-k8s-w1.media-frontend-6b66b95ff4-xrdq6,container_cpu_system_seconds_total,6.945
1744886300,kashef-k8s-w1.user-service-547b88cd8f-mbl6h,container_cpu_system_seconds_total,2.383
1744886300,kashef-k8s-w1.social-graph-redis-5bbd5b7458-tqz7l,container_cpu_system_seconds_total,6.107
1744886300,kashef-k8s-w1.compose-post-service-f587bf89d-l5zcs,container_cpu_system_seconds_total,0.977
1744886300,kashef-k8s-w1.social-graph-mongodb-55df767ff5-c86pb,container_cpu_system_seconds_total,37.851
1744886300,kashef-k8s-w1.media-service-6c665c775d-s7hl8,container_cpu_system_seconds_total,1.562
1744886300,kashef-k8s-ctl.post-storage-memcached-6b75788fc6-gnd8c,container_cpu_system_seconds_total,0.128
1744886300,kashef-k8s-ctl.media-mongodb-7b64c59567-6ntnm,container_cpu_system_seconds_total,0.525
1744886300,kashef-k8s-ctl.user-timeline-redis-67cc95bc57-klp4b,container_cpu_system_seconds_total,0.584
1744886300,kashef-k8s-w1.post-storage-service-66c9966f5f-nllkd,container_cpu_system_seconds_total,2.705
1744886300,kashef-k8s-ctl.social-graph-service-677dbc655c-2tqbt,container_cpu_system_seconds_total,0.144
1744886300,kashef-k8s-ctl.unique-id-service-694497b678-bzxbf,container_cpu_system_seconds_total,0.066
1744886300,kashef-k8s-ctl.url-shorten-memcached-6546746864-pg8xh,container_cpu_system_seconds_total,0.132
1744886300,kashef-k8s-w1.user-mention-service-5c4f566c5-w4xpc,container_cpu_system_seconds_total,2.502
1744886300,kashef-k8s-w1.user-timeline-service-664c7f6696-fvhv9,container_cpu_system_seconds_total,95.748
1744886300,kashef-k8s-ctl.url-shorten-mongodb-57c886d5f8-2m8fs,container_cpu_system_seconds_total,0.495
1744886300,kashef-k8s-ctl.media-memcached-7889bdfdfb-2thqn,container_cpu_system_seconds_total,0.1
1744886300,kashef-k8s-ctl.home-timeline-redis-6c6647df6f-5vgsk,container_cpu_system_seconds_total,0.586
1744886300,kashef-k8s-ctl.jaeger-67997f9775-tjgc8,container_cpu_system_seconds_total,0.189
1744886300,kashef-k8s-w1.home-timeline-service-5754ffbc6d-zp4pr,container_cpu_system_seconds_total,0.604
1744886300,kashef-k8s-ctl.user-mongodb-7745bbd78-xrw2n,container_cpu_system_seconds_total,0.627
1744886306,kashef-k8s-w1.social-graph-mongodb-55df767ff5-c86pb,container_cpu_system_seconds_total,37.851
1744886306,kashef-k8s-w1.media-frontend-6b66b95ff4-xrdq6,container_cpu_system_seconds_total,6.945
1744886306,kashef-k8s-ctl.media-mongodb-7b64c59567-6ntnm,container_cpu_system_seconds_total,0.525
1744886306,kashef-k8s-ctl.user-timeline-redis-67cc95bc57-klp4b,container_cpu_system_seconds_total,0.584
1744886306,kashef-k8s-ctl.url-shorten-mongodb-57c886d5f8-2m8fs,container_cpu_system_seconds_total,0.495
1744886306,kashef-k8s-w1.user-memcached-59687c864d-d5rb5,container_cpu_system_seconds_total,5.81
1744886306,kashef-k8s-w1.home-timeline-service-5754ffbc6d-zp4pr,container_cpu_system_seconds_total,0.604
1744886306,kashef-k8s-w1.url-shorten-service-66949ddcc4-xlfmt,container_cpu_system_seconds_total,1.643
1744886306,kashef-k8s-w1.user-timeline-service-664c7f6696-fvhv9,container_cpu_system_seconds_total,114.582
1744886306,kashef-k8s-ctl.post-storage-mongodb-5579669d8c-ckzsx,container_cpu_system_seconds_total,0.558
1744886306,kashef-k8s-ctl.url-shorten-memcached-6546746864-pg8xh,container_cpu_system_seconds_total,0.132
1744886306,kashef-k8s-w1.user-mention-service-5c4f566c5-w4xpc,container_cpu_system_seconds_total,2.502
1744886306,kashef-k8s-ctl.social-graph-service-677dbc655c-2tqbt,container_cpu_system_seconds_total,0.158
1744886306,kashef-k8s-w1.social-graph-redis-5bbd5b7458-tqz7l,container_cpu_system_seconds_total,6.107
1744886306,kashef-k8s-w1.user-service-547b88cd8f-mbl6h,container_cpu_system_seconds_total,2.383
1744886306,kashef-k8s-ctl.post-storage-memcached-6b75788fc6-gnd8c,container_cpu_system_seconds_total,0.128
1744886306,kashef-k8s-w1.media-service-6c665c775d-s7hl8,container_cpu_system_seconds_total,1.562
1744886306,kashef-k8s-w1.post-storage-service-66c9966f5f-nllkd,container_cpu_system_seconds_total,2.705
1744886306,kashef-k8s-ctl.user-mongodb-7745bbd78-xrw2n,container_cpu_system_seconds_total,0.627
1744886306,kashef-k8s-ctl.media-memcached-7889bdfdfb-2thqn,container_cpu_system_seconds_total,0.1
1744886306,kashef-k8s-ctl.jaeger-67997f9775-tjgc8,container_cpu_system_seconds_total,0.189
1744886306,kashef-k8s-w1.nginx-thrift-79478f9bf5-h66tn,container_cpu_system_seconds_total,19.428
1744886306,kashef-k8s-w1.text-service-fff64b8bf-v9dsr,container_cpu_system_seconds_total,1.592
1744886306,kashef-k8s-ctl.user-timeline-mongodb-6758898d48-gggfw,container_cpu_system_seconds_total,0.784
1744886306,kashef-k8s-ctl.home-timeline-redis-6c6647df6f-5vgsk,container_cpu_system_seconds_total,0.586
1744886306,kashef-k8s-ctl.unique-id-service-694497b678-bzxbf,container_cpu_system_seconds_total,0.066
1744886306,kashef-k8s-w1.compose-post-service-f587bf89d-l5zcs,container_cpu_system_seconds_total,0.977
1744886312,kashef-k8s-w1.home-timeline-service-5754ffbc6d-zp4pr,container_cpu_system_seconds_total,0.639
1744886312,kashef-k8s-ctl.url-shorten-mongodb-57c886d5f8-2m8fs,container_cpu_system_seconds_total,0.495
1744886312,kashef-k8s-w1.user-memcached-59687c864d-d5rb5,container_cpu_system_seconds_total,5.818
1744886312,kashef-k8s-ctl.user-timeline-redis-67cc95bc57-klp4b,container_cpu_system_seconds_total,0.584
1744886312,kashef-k8s-w1.post-storage-service-66c9966f5f-nllkd,container_cpu_system_seconds_total,2.721
1744886312,kashef-k8s-w1.media-service-6c665c775d-s7hl8,container_cpu_system_seconds_total,1.564
1744886312,kashef-k8s-ctl.url-shorten-memcached-6546746864-pg8xh,container_cpu_system_seconds_total,0.132
1744886312,kashef-k8s-w1.user-timeline-service-664c7f6696-fvhv9,container_cpu_system_seconds_total,114.582
1744886312,kashef-k8s-ctl.post-storage-mongodb-5579669d8c-ckzsx,container_cpu_system_seconds_total,0.558
1744886312,kashef-k8s-w1.url-shorten-service-66949ddcc4-xlfmt,container_cpu_system_seconds_total,1.651
1744886312,kashef-k8s-w1.social-graph-redis-5bbd5b7458-tqz7l,container_cpu_system_seconds_total,6.147
1744886312,kashef-k8s-ctl.unique-id-service-694497b678-bzxbf,container_cpu_system_seconds_total,0.066
1744886312,kashef-k8s-ctl.social-graph-service-677dbc655c-2tqbt,container_cpu_system_seconds_total,0.158
1744886312,kashef-k8s-ctl.media-mongodb-7b64c59567-6ntnm,container_cpu_system_seconds_total,0.525
1744886312,kashef-k8s-ctl.jaeger-67997f9775-tjgc8,container_cpu_system_seconds_total,0.189
1744886312,kashef-k8s-w1.media-frontend-6b66b95ff4-xrdq6,container_cpu_system_seconds_total,6.945
1744886312,kashef-k8s-w1.social-graph-mongodb-55df767ff5-c86pb,container_cpu_system_seconds_total,37.851
1744886312,kashef-k8s-ctl.user-timeline-mongodb-6758898d48-gggfw,container_cpu_system_seconds_total,0.784
1744886312,kashef-k8s-w1.compose-post-service-f587bf89d-l5zcs,container_cpu_system_seconds_total,0.999
1744886312,kashef-k8s-ctl.post-storage-memcached-6b75788fc6-gnd8c,container_cpu_system_seconds_total,0.128
1744886312,kashef-k8s-w1.user-mention-service-5c4f566c5-w4xpc,container_cpu_system_seconds_total,2.509
1744886312,kashef-k8s-ctl.home-timeline-redis-6c6647df6f-5vgsk,container_cpu_system_seconds_total,0.586
1744886312,kashef-k8s-ctl.media-memcached-7889bdfdfb-2thqn,container_cpu_system_seconds_total,0.1
1744886312,kashef-k8s-ctl.user-mongodb-7745bbd78-xrw2n,container_cpu_system_seconds_total,0.627
1744886312,kashef-k8s-w1.user-service-547b88cd8f-mbl6h,container_cpu_system_seconds_total,2.386
1744886312,kashef-k8s-w1.nginx-thrift-79478f9bf5-h66tn,container_cpu_system_seconds_total,19.428
1744886312,kashef-k8s-w1.text-service-fff64b8bf-v9dsr,container_cpu_system_seconds_total,1.592
1744886318,kashef-k8s-w1.home-timeline-service-5754ffbc6d-zp4pr,container_cpu_system_seconds_total,0.639
1744886318,kashef-k8s-w1.text-service-fff64b8bf-v9dsr,container_cpu_system_seconds_total,1.592
1744886318,kashef-k8s-w1.nginx-thrift-79478f9bf5-h66tn,container_cpu_system_seconds_total,19.503
1744886318,kashef-k8s-ctl.home-timeline-redis-6c6647df6f-5vgsk,container_cpu_system_seconds_total,0.605
1744886318,kashef-k8s-w1.compose-post-service-f587bf89d-l5zcs,container_cpu_system_seconds_total,0.999
1744886318,kashef-k8s-ctl.media-memcached-7889bdfdfb-2thqn,container_cpu_system_seconds_total,0.1
1744886318,kashef-k8s-ctl.user-timeline-redis-67cc95bc57-klp4b,container_cpu_system_seconds_total,0.584
1744886318,kashef-k8s-w1.media-service-6c665c775d-s7hl8,container_cpu_system_seconds_total,1.564
1744886318,kashef-k8s-w1.user-mention-service-5c4f566c5-w4xpc,container_cpu_system_seconds_total,2.509
1744886318,kashef-k8s-ctl.post-storage-mongodb-5579669d8c-ckzsx,container_cpu_system_seconds_total,0.558
1744886318,kashef-k8s-w1.user-service-547b88cd8f-mbl6h,container_cpu_system_seconds_total,2.386
1744886318,kashef-k8s-w1.post-storage-service-66c9966f5f-nllkd,container_cpu_system_seconds_total,2.721
1744886318,kashef-k8s-ctl.unique-id-service-694497b678-bzxbf,container_cpu_system_seconds_total,0.066
1744886318,kashef-k8s-ctl.url-shorten-memcached-6546746864-pg8xh,container_cpu_system_seconds_total,0.132
1744886318,kashef-k8s-ctl.social-graph-service-677dbc655c-2tqbt,container_cpu_system_seconds_total,0.159
1744886318,kashef-k8s-ctl.user-timeline-mongodb-6758898d48-gggfw,container_cpu_system_seconds_total,0.798
1744886318,kashef-k8s-w1.social-graph-redis-5bbd5b7458-tqz7l,container_cpu_system_seconds_total,6.147
1744886318,kashef-k8s-ctl.post-storage-memcached-6b75788fc6-gnd8c,container_cpu_system_seconds_total,0.134
1744886318,kashef-k8s-w1.url-shorten-service-66949ddcc4-xlfmt,container_cpu_system_seconds_total,1.651
1744886318,kashef-k8s-w1.user-memcached-59687c864d-d5rb5,container_cpu_system_seconds_total,5.818
1744886318,kashef-k8s-ctl.url-shorten-mongodb-57c886d5f8-2m8fs,container_cpu_system_seconds_total,0.495
1744886318,kashef-k8s-w1.user-timeline-service-664c7f6696-fvhv9,container_cpu_system_seconds_total,114.582
1744886318,kashef-k8s-ctl.media-mongodb-7b64c59567-6ntnm,container_cpu_system_seconds_total,0.546
1744886318,kashef-k8s-ctl.user-mongodb-7745bbd78-xrw2n,container_cpu_system_seconds_total,0.627
1744886318,kashef-k8s-w1.social-graph-mongodb-55df767ff5-c86pb,container_cpu_system_seconds_total,37.851
1744886318,kashef-k8s-w1.media-frontend-6b66b95ff4-xrdq6,container_cpu_system_seconds_total,6.945
1744886318,kashef-k8s-ctl.jaeger-67997f9775-tjgc8,container_cpu_system_seconds_total,0.189
1744886324,kashef-k8s-w1.home-timeline-service-5754ffbc6d-zp4pr,container_cpu_system_seconds_total,0.639
1744886324,kashef-k8s-ctl.user-mongodb-7745bbd78-xrw2n,container_cpu_system_seconds_total,0.627
1744886324,kashef-k8s-w1.social-graph-redis-5bbd5b7458-tqz7l,container_cpu_system_seconds_total,6.147
1744886324,kashef-k8s-ctl.media-mongodb-7b64c59567-6ntnm,container_cpu_system_seconds_total,0.546
1744886324,kashef-k8s-ctl.unique-id-service-694497b678-bzxbf,container_cpu_system_seconds_total,0.066
1744886324,kashef-k8s-w1.nginx-thrift-79478f9bf5-h66tn,container_cpu_system_seconds_total,19.503
1744886324,kashef-k8s-ctl.media-memcached-7889bdfdfb-2thqn,container_cpu_system_seconds_total,0.1
1744886324,kashef-k8s-ctl.social-graph-service-677dbc655c-2tqbt,container_cpu_system_seconds_total,0.159
1744886324,kashef-k8s-w1.social-graph-mongodb-55df767ff5-c86pb,container_cpu_system_seconds_total,37.851
1744886324,kashef-k8s-ctl.home-timeline-redis-6c6647df6f-5vgsk,container_cpu_system_seconds_total,0.605
1744886324,kashef-k8s-w1.user-service-547b88cd8f-mbl6h,container_cpu_system_seconds_total,2.386
1744886324,kashef-k8s-w1.compose-post-service-f587bf89d-l5zcs,container_cpu_system_seconds_total,0.999
1744886324,kashef-k8s-w1.post-storage-service-66c9966f5f-nllkd,container_cpu_system_seconds_total,2.721
1744886324,kashef-k8s-w1.media-service-6c665c775d-s7hl8,container_cpu_system_seconds_total,1.564
1744886324,kashef-k8s-ctl.user-timeline-redis-67cc95bc57-klp4b,container_cpu_system_seconds_total,0.584
1744886324,kashef-k8s-w1.user-memcached-59687c864d-d5rb5,container_cpu_system_seconds_total,5.818
1744886324,kashef-k8s-ctl.post-storage-memcached-6b75788fc6-gnd8c,container_cpu_system_seconds_total,0.134
1744886324,kashef-k8s-w1.user-timeline-service-664c7f6696-fvhv9,container_cpu_system_seconds_total,114.582
1744886324,kashef-k8s-w1.media-frontend-6b66b95ff4-xrdq6,container_cpu_system_seconds_total,6.945
1744886324,kashef-k8s-ctl.user-timeline-mongodb-6758898d48-gggfw,container_cpu_system_seconds_total,0.798
1744886324,kashef-k8s-w1.text-service-fff64b8bf-v9dsr,container_cpu_system_seconds_total,1.592
1744886324,kashef-k8s-ctl.post-storage-mongodb-5579669d8c-ckzsx,container_cpu_system_seconds_total,0.558
1744886324,kashef-k8s-ctl.jaeger-67997f9775-tjgc8,container_cpu_system_seconds_total,0.203
1744886324,kashef-k8s-ctl.url-shorten-mongodb-57c886d5f8-2m8fs,container_cpu_system_seconds_total,0.495
1744886324,kashef-k8s-w1.user-mention-service-5c4f566c5-w4xpc,container_cpu_system_seconds_total,2.509
1744886324,kashef-k8s-ctl.url-shorten-memcached-6546746864-pg8xh,container_cpu_system_seconds_total,0.132
1744886324,kashef-k8s-w1.url-shorten-service-66949ddcc4-xlfmt,container_cpu_system_seconds_total,1.651
1744886330,kashef-k8s-ctl.social-graph-service-677dbc655c-2tqbt,container_cpu_system_seconds_total,0.159
1744886330,kashef-k8s-ctl.unique-id-service-694497b678-bzxbf,container_cpu_system_seconds_total,0.066
1744886330,kashef-k8s-ctl.media-memcached-7889bdfdfb-2thqn,container_cpu_system_seconds_total,0.104
1744886330,kashef-k8s-w1.social-graph-redis-5bbd5b7458-tqz7l,container_cpu_system_seconds_total,6.175
1744886330,kashef-k8s-ctl.media-mongodb-7b64c59567-6ntnm,container_cpu_system_seconds_total,0.546
1744886330,kashef-k8s-w1.nginx-thrift-79478f9bf5-h66tn,container_cpu_system_seconds_total,19.503
1744886330,kashef-k8s-ctl.url-shorten-memcached-6546746864-pg8xh,container_cpu_system_seconds_total,0.138
1744886330,kashef-k8s-w1.compose-post-service-f587bf89d-l5zcs,container_cpu_system_seconds_total,0.999
1744886330,kashef-k8s-w1.user-service-547b88cd8f-mbl6h,container_cpu_system_seconds_total,2.386
1744886330,kashef-k8s-ctl.user-timeline-mongodb-6758898d48-gggfw,container_cpu_system_seconds_total,0.798
1744886330,kashef-k8s-w1.media-service-6c665c775d-s7hl8,container_cpu_system_seconds_total,1.564
1744886330,kashef-k8s-w1.social-graph-mongodb-55df767ff5-c86pb,container_cpu_system_seconds_total,37.851
1744886330,kashef-k8s-w1.post-storage-service-66c9966f5f-nllkd,container_cpu_system_seconds_total,2.722
1744886330,kashef-k8s-ctl.user-timeline-redis-67cc95bc57-klp4b,container_cpu_system_seconds_total,0.614
1744886330,kashef-k8s-ctl.post-storage-mongodb-5579669d8c-ckzsx,container_cpu_system_seconds_total,0.611
1744886330,kashef-k8s-w1.media-frontend-6b66b95ff4-xrdq6,container_cpu_system_seconds_total,6.945
1744886330,kashef-k8s-w1.home-timeline-service-5754ffbc6d-zp4pr,container_cpu_system_seconds_total,0.639
1744886330,kashef-k8s-ctl.home-timeline-redis-6c6647df6f-5vgsk,container_cpu_system_seconds_total,0.605
1744886330,kashef-k8s-w1.user-mention-service-5c4f566c5-w4xpc,container_cpu_system_seconds_total,2.509
1744886330,kashef-k8s-w1.user-memcached-59687c864d-d5rb5,container_cpu_system_seconds_total,5.818
1744886330,kashef-k8s-w1.url-shorten-service-66949ddcc4-xlfmt,container_cpu_system_seconds_total,1.651
1744886330,kashef-k8s-ctl.post-storage-memcached-6b75788fc6-gnd8c,container_cpu_system_seconds_total,0.134
1744886330,kashef-k8s-w1.user-timeline-service-664c7f6696-fvhv9,container_cpu_system_seconds_total,114.582
1744886330,kashef-k8s-ctl.url-shorten-mongodb-57c886d5f8-2m8fs,container_cpu_system_seconds_total,0.53
1744886330,kashef-k8s-w1.text-service-fff64b8bf-v9dsr,container_cpu_system_seconds_total,1.592
1744886330,kashef-k8s-ctl.jaeger-67997f9775-tjgc8,container_cpu_system_seconds_total,0.203
1744886330,kashef-k8s-ctl.user-mongodb-7745bbd78-xrw2n,container_cpu_system_seconds_total,0.627
1744886336,kashef-k8s-w1.media-frontend-6b66b95ff4-xrdq6,container_cpu_system_seconds_total,6.945
1744886336,kashef-k8s-ctl.post-storage-memcached-6b75788fc6-gnd8c,container_cpu_system_seconds_total,0.134
1744886336,kashef-k8s-w1.social-graph-mongodb-55df767ff5-c86pb,container_cpu_system_seconds_total,37.851
1744886336,kashef-k8s-w1.user-service-547b88cd8f-mbl6h,container_cpu_system_seconds_total,2.386
1744886336,kashef-k8s-ctl.unique-id-service-694497b678-bzxbf,container_cpu_system_seconds_total,0.066
1744886336,kashef-k8s-w1.social-graph-redis-5bbd5b7458-tqz7l,container_cpu_system_seconds_total,6.175
1744886336,kashef-k8s-w1.media-service-6c665c775d-s7hl8,container_cpu_system_seconds_total,1.565
1744886336,kashef-k8s-w1.user-mention-service-5c4f566c5-w4xpc,container_cpu_system_seconds_total,2.509
1744886336,kashef-k8s-w1.compose-post-service-f587bf89d-l5zcs,container_cpu_system_seconds_total,0.999
1744886336,kashef-k8s-w1.nginx-thrift-79478f9bf5-h66tn,container_cpu_system_seconds_total,19.503
1744886336,kashef-k8s-w1.user-memcached-59687c864d-d5rb5,container_cpu_system_seconds_total,5.818
1744886336,kashef-k8s-w1.url-shorten-service-66949ddcc4-xlfmt,container_cpu_system_seconds_total,1.651
1744886336,kashef-k8s-ctl.url-shorten-memcached-6546746864-pg8xh,container_cpu_system_seconds_total,0.138
1744886336,kashef-k8s-ctl.social-graph-service-677dbc655c-2tqbt,container_cpu_system_seconds_total,0.159
1744886336,kashef-k8s-ctl.media-mongodb-7b64c59567-6ntnm,container_cpu_system_seconds_total,0.546
1744886336,kashef-k8s-ctl.user-timeline-redis-67cc95bc57-klp4b,container_cpu_system_seconds_total,0.614
1744886336,kashef-k8s-ctl.user-timeline-mongodb-6758898d48-gggfw,container_cpu_system_seconds_total,0.798
1744886336,kashef-k8s-ctl.home-timeline-redis-6c6647df6f-5vgsk,container_cpu_system_seconds_total,0.605
1744886336,kashef-k8s-w1.home-timeline-service-5754ffbc6d-zp4pr,container_cpu_system_seconds_total,0.639
1744886336,kashef-k8s-w1.post-storage-service-66c9966f5f-nllkd,container_cpu_system_seconds_total,2.722
1744886336,kashef-k8s-ctl.user-mongodb-7745bbd78-xrw2n,container_cpu_system_seconds_total,0.627
1744886336,kashef-k8s-w1.text-service-fff64b8bf-v9dsr,container_cpu_system_seconds_total,1.592
1744886336,kashef-k8s-ctl.post-storage-mongodb-5579669d8c-ckzsx,container_cpu_system_seconds_total,0.611
1744886336,kashef-k8s-ctl.jaeger-67997f9775-tjgc8,container_cpu_system_seconds_total,0.203
1744886336,kashef-k8s-ctl.url-shorten-mongodb-57c886d5f8-2m8fs,container_cpu_system_seconds_total,0.53
1744886336,kashef-k8s-ctl.media-memcached-7889bdfdfb-2thqn,container_cpu_system_seconds_total,0.104
1744886336,kashef-k8s-w1.user-timeline-service-664c7f6696-fvhv9,container_cpu_system_seconds_total,114.584
1744886342,kashef-k8s-w1.social-graph-redis-5bbd5b7458-tqz7l,container_cpu_system_seconds_total,6.175
1744886342,kashef-k8s-w1.social-graph-mongodb-55df767ff5-c86pb,container_cpu_system_seconds_total,38.164
1744886342,kashef-k8s-ctl.media-mongodb-7b64c59567-6ntnm,container_cpu_system_seconds_total,0.546
1744886342,kashef-k8s-ctl.unique-id-service-694497b678-bzxbf,container_cpu_system_seconds_total,0.066
1744886342,kashef-k8s-w1.media-service-6c665c775d-s7hl8,container_cpu_system_seconds_total,1.565
1744886342,kashef-k8s-ctl.user-timeline-redis-67cc95bc57-klp4b,container_cpu_system_seconds_total,0.614
1744886342,kashef-k8s-w1.user-mention-service-5c4f566c5-w4xpc,container_cpu_system_seconds_total,2.51
1744886342,kashef-k8s-w1.user-memcached-59687c864d-d5rb5,container_cpu_system_seconds_total,5.827
1744886342,kashef-k8s-w1.nginx-thrift-79478f9bf5-h66tn,container_cpu_system_seconds_total,19.509
1744886342,kashef-k8s-ctl.url-shorten-memcached-6546746864-pg8xh,container_cpu_system_seconds_total,0.138
1744886342,kashef-k8s-ctl.social-graph-service-677dbc655c-2tqbt,container_cpu_system_seconds_total,0.159
1744886342,kashef-k8s-w1.url-shorten-service-66949ddcc4-xlfmt,container_cpu_system_seconds_total,1.652
1744886342,kashef-k8s-w1.media-frontend-6b66b95ff4-xrdq6,container_cpu_system_seconds_total,6.945
1744886342,kashef-k8s-w1.user-service-547b88cd8f-mbl6h,container_cpu_system_seconds_total,2.387
1744886342,kashef-k8s-ctl.post-storage-memcached-6b75788fc6-gnd8c,container_cpu_system_seconds_total,0.134
1744886342,kashef-k8s-w1.compose-post-service-f587bf89d-l5zcs,container_cpu_system_seconds_total,1.0
1744886342,kashef-k8s-ctl.media-memcached-7889bdfdfb-2thqn,container_cpu_system_seconds_total,0.104
1744886342,kashef-k8s-ctl.home-timeline-redis-6c6647df6f-5vgsk,container_cpu_system_seconds_total,0.605
1744886342,kashef-k8s-ctl.user-mongodb-7745bbd78-xrw2n,container_cpu_system_seconds_total,0.627
1744886342,kashef-k8s-ctl.url-shorten-mongodb-57c886d5f8-2m8fs,container_cpu_system_seconds_total,0.53
1744886342,kashef-k8s-w1.user-timeline-service-664c7f6696-fvhv9,container_cpu_system_seconds_total,114.584
1744886342,kashef-k8s-w1.home-timeline-service-5754ffbc6d-zp4pr,container_cpu_system_seconds_total,0.639
1744886342,kashef-k8s-w1.post-storage-service-66c9966f5f-nllkd,container_cpu_system_seconds_total,2.722
1744886342,kashef-k8s-ctl.user-timeline-mongodb-6758898d48-gggfw,container_cpu_system_seconds_total,0.798
1744886342,kashef-k8s-ctl.post-storage-mongodb-5579669d8c-ckzsx,container_cpu_system_seconds_total,0.611
1744886342,kashef-k8s-w1.text-service-fff64b8bf-v9dsr,container_cpu_system_seconds_total,1.592
1744886342,kashef-k8s-ctl.jaeger-67997f9775-tjgc8,container_cpu_system_seconds_total,0.203
1744886348,kashef-k8s-ctl.home-timeline-redis-6c6647df6f-5vgsk,container_cpu_system_seconds_total,0.666
1744886348,kashef-k8s-ctl.user-timeline-mongodb-6758898d48-gggfw,container_cpu_system_seconds_total,0.798
1744886348,kashef-k8s-ctl.post-storage-mongodb-5579669d8c-ckzsx,container_cpu_system_seconds_total,0.611
1744886348,kashef-k8s-w1.post-storage-service-66c9966f5f-nllkd,container_cpu_system_seconds_total,2.722
1744886348,kashef-k8s-w1.user-memcached-59687c864d-d5rb5,container_cpu_system_seconds_total,5.827
1744886348,kashef-k8s-w1.nginx-thrift-79478f9bf5-h66tn,container_cpu_system_seconds_total,19.509
1744886348,kashef-k8s-ctl.media-memcached-7889bdfdfb-2thqn,container_cpu_system_seconds_total,0.104
1744886348,kashef-k8s-ctl.user-mongodb-7745bbd78-xrw2n,container_cpu_system_seconds_total,0.627
1744886348,kashef-k8s-ctl.unique-id-service-694497b678-bzxbf,container_cpu_system_seconds_total,0.066
1744886348,kashef-k8s-w1.user-mention-service-5c4f566c5-w4xpc,container_cpu_system_seconds_total,2.51
1744886348,kashef-k8s-ctl.url-shorten-memcached-6546746864-pg8xh,container_cpu_system_seconds_total,0.138
1744886348,kashef-k8s-ctl.post-storage-memcached-6b75788fc6-gnd8c,container_cpu_system_seconds_total,0.134
1744886348,kashef-k8s-ctl.jaeger-67997f9775-tjgc8,container_cpu_system_seconds_total,0.214
1744886348,kashef-k8s-ctl.url-shorten-mongodb-57c886d5f8-2m8fs,container_cpu_system_seconds_total,0.53
1744886348,kashef-k8s-ctl.user-timeline-redis-67cc95bc57-klp4b,container_cpu_system_seconds_total,0.614
1744886348,kashef-k8s-w1.user-timeline-service-664c7f6696-fvhv9,container_cpu_system_seconds_total,114.584
1744886348,kashef-k8s-w1.url-shorten-service-66949ddcc4-xlfmt,container_cpu_system_seconds_total,1.652
1744886348,kashef-k8s-ctl.media-mongodb-7b64c59567-6ntnm,container_cpu_system_seconds_total,0.58
1744886348,kashef-k8s-w1.compose-post-service-f587bf89d-l5zcs,container_cpu_system_seconds_total,1.0
1744886348,kashef-k8s-w1.social-graph-redis-5bbd5b7458-tqz7l,container_cpu_system_seconds_total,6.175
1744886348,kashef-k8s-w1.media-service-6c665c775d-s7hl8,container_cpu_system_seconds_total,1.565
1744886348,kashef-k8s-w1.social-graph-mongodb-55df767ff5-c86pb,container_cpu_system_seconds_total,38.164
1744886348,kashef-k8s-ctl.social-graph-service-677dbc655c-2tqbt,container_cpu_system_seconds_total,0.16
1744886348,kashef-k8s-w1.text-service-fff64b8bf-v9dsr,container_cpu_system_seconds_total,1.592
1744886348,kashef-k8s-w1.home-timeline-service-5754ffbc6d-zp4pr,container_cpu_system_seconds_total,0.639
1744886348,kashef-k8s-w1.media-frontend-6b66b95ff4-xrdq6,container_cpu_system_seconds_total,6.945
1744886348,kashef-k8s-w1.user-service-547b88cd8f-mbl6h,container_cpu_system_seconds_total,2.387
1744886354,kashef-k8s-w1.nginx-thrift-79478f9bf5-h66tn,container_cpu_system_seconds_total,19.509
1744886354,kashef-k8s-ctl.home-timeline-redis-6c6647df6f-5vgsk,container_cpu_system_seconds_total,0.666
1744886354,kashef-k8s-ctl.social-graph-service-677dbc655c-2tqbt,container_cpu_system_seconds_total,0.16
1744886354,kashef-k8s-ctl.user-mongodb-7745bbd78-xrw2n,container_cpu_system_seconds_total,0.627
1744886354,kashef-k8s-ctl.media-memcached-7889bdfdfb-2thqn,container_cpu_system_seconds_total,0.104
1744886354,kashef-k8s-w1.user-mention-service-5c4f566c5-w4xpc,container_cpu_system_seconds_total,2.51
1744886354,kashef-k8s-ctl.unique-id-service-694497b678-bzxbf,container_cpu_system_seconds_total,0.066
1744886354,kashef-k8s-w1.social-graph-mongodb-55df767ff5-c86pb,container_cpu_system_seconds_total,38.164
1744886354,kashef-k8s-ctl.post-storage-memcached-6b75788fc6-gnd8c,container_cpu_system_seconds_total,0.14
1744886354,kashef-k8s-ctl.url-shorten-mongodb-57c886d5f8-2m8fs,container_cpu_system_seconds_total,0.53
1744886354,kashef-k8s-ctl.user-timeline-redis-67cc95bc57-klp4b,container_cpu_system_seconds_total,0.614
1744886354,kashef-k8s-ctl.jaeger-67997f9775-tjgc8,container_cpu_system_seconds_total,0.214
1744886354,kashef-k8s-w1.url-shorten-service-66949ddcc4-xlfmt,container_cpu_system_seconds_total,1.652
1744886354,kashef-k8s-w1.post-storage-service-66c9966f5f-nllkd,container_cpu_system_seconds_total,2.722
1744886354,kashef-k8s-ctl.user-timeline-mongodb-6758898d48-gggfw,container_cpu_system_seconds_total,0.798
1744886354,kashef-k8s-w1.user-timeline-service-664c7f6696-fvhv9,container_cpu_system_seconds_total,114.584
1744886354,kashef-k8s-w1.media-frontend-6b66b95ff4-xrdq6,container_cpu_system_seconds_total,6.945
1744886354,kashef-k8s-ctl.media-mongodb-7b64c59567-6ntnm,container_cpu_system_seconds_total,0.58
1744886354,kashef-k8s-w1.social-graph-redis-5bbd5b7458-tqz7l,container_cpu_system_seconds_total,6.175
1744886354,kashef-k8s-w1.user-service-547b88cd8f-mbl6h,container_cpu_system_seconds_total,2.387
1744886354,kashef-k8s-ctl.url-shorten-memcached-6546746864-pg8xh,container_cpu_system_seconds_total,0.138
1744886354,kashef-k8s-w1.user-memcached-59687c864d-d5rb5,container_cpu_system_seconds_total,5.827
1744886354,kashef-k8s-w1.compose-post-service-f587bf89d-l5zcs,container_cpu_system_seconds_total,1.0
1744886354,kashef-k8s-w1.media-service-6c665c775d-s7hl8,container_cpu_system_seconds_total,1.565
1744886354,kashef-k8s-w1.text-service-fff64b8bf-v9dsr,container_cpu_system_seconds_total,1.592
1744886354,kashef-k8s-ctl.post-storage-mongodb-5579669d8c-ckzsx,container_cpu_system_seconds_total,0.611
1744886354,kashef-k8s-w1.home-timeline-service-5754ffbc6d-zp4pr,container_cpu_system_seconds_total,0.639
1744886360,kashef-k8s-ctl.post-storage-mongodb-5579669d8c-ckzsx,container_cpu_system_seconds_total,0.644
1744886360,kashef-k8s-w1.home-timeline-service-5754ffbc6d-zp4pr,container_cpu_system_seconds_total,0.639
1744886360,kashef-k8s-ctl.jaeger-67997f9775-tjgc8,container_cpu_system_seconds_total,0.214
1744886360,kashef-k8s-w1.compose-post-service-f587bf89d-l5zcs,container_cpu_system_seconds_total,1.0
1744886360,kashef-k8s-w1.media-service-6c665c775d-s7hl8,container_cpu_system_seconds_total,1.565
1744886360,kashef-k8s-w1.user-memcached-59687c864d-d5rb5,container_cpu_system_seconds_total,5.827
1744886360,kashef-k8s-ctl.media-mongodb-7b64c59567-6ntnm,container_cpu_system_seconds_total,0.58
1744886360,kashef-k8s-w1.social-graph-redis-5bbd5b7458-tqz7l,container_cpu_system_seconds_total,6.175
1744886360,kashef-k8s-w1.media-frontend-6b66b95ff4-xrdq6,container_cpu_system_seconds_total,6.945
1744886360,kashef-k8s-w1.user-timeline-service-664c7f6696-fvhv9,container_cpu_system_seconds_total,114.584
1744886360,kashef-k8s-w1.post-storage-service-66c9966f5f-nllkd,container_cpu_system_seconds_total,2.722
1744886360,kashef-k8s-w1.social-graph-mongodb-55df767ff5-c86pb,container_cpu_system_seconds_total,38.164
1744886360,kashef-k8s-ctl.post-storage-memcached-6b75788fc6-gnd8c,container_cpu_system_seconds_total,0.14
1744886360,kashef-k8s-w1.user-mention-service-5c4f566c5-w4xpc,container_cpu_system_seconds_total,2.51
1744886360,kashef-k8s-ctl.url-shorten-memcached-6546746864-pg8xh,container_cpu_system_seconds_total,0.143
1744886360,kashef-k8s-w1.user-service-547b88cd8f-mbl6h,container_cpu_system_seconds_total,2.387
1744886360,kashef-k8s-ctl.user-mongodb-7745bbd78-xrw2n,container_cpu_system_seconds_total,0.627
1744886360,kashef-k8s-ctl.media-memcached-7889bdfdfb-2thqn,container_cpu_system_seconds_total,0.109
1744886360,kashef-k8s-ctl.home-timeline-redis-6c6647df6f-5vgsk,container_cpu_system_seconds_total,0.666
1744886360,kashef-k8s-ctl.url-shorten-mongodb-57c886d5f8-2m8fs,container_cpu_system_seconds_total,0.557
1744886360,kashef-k8s-w1.url-shorten-service-66949ddcc4-xlfmt,container_cpu_system_seconds_total,1.652
1744886360,kashef-k8s-ctl.social-graph-service-677dbc655c-2tqbt,container_cpu_system_seconds_total,0.16
1744886360,kashef-k8s-ctl.user-timeline-mongodb-6758898d48-gggfw,container_cpu_system_seconds_total,0.817
1744886360,kashef-k8s-w1.text-service-fff64b8bf-v9dsr,container_cpu_system_seconds_total,1.592
1744886360,kashef-k8s-ctl.user-timeline-redis-67cc95bc57-klp4b,container_cpu_system_seconds_total,0.614
1744886360,kashef-k8s-w1.nginx-thrift-79478f9bf5-h66tn,container_cpu_system_seconds_total,19.509
1744886360,kashef-k8s-ctl.unique-id-service-694497b678-bzxbf,container_cpu_system_seconds_total,0.066
1744886366,kashef-k8s-w1.user-timeline-service-664c7f6696-fvhv9,container_cpu_system_seconds_total,114.584
1744886366,kashef-k8s-ctl.post-storage-mongodb-5579669d8c-ckzsx,container_cpu_system_seconds_total,0.644
1744886366,kashef-k8s-ctl.media-mongodb-7b64c59567-6ntnm,container_cpu_system_seconds_total,0.58
1744886366,kashef-k8s-w1.media-service-6c665c775d-s7hl8,container_cpu_system_seconds_total,1.565
1744886366,kashef-k8s-w1.social-graph-redis-5bbd5b7458-tqz7l,container_cpu_system_seconds_total,6.227
1744886366,kashef-k8s-w1.post-storage-service-66c9966f5f-nllkd,container_cpu_system_seconds_total,2.722
1744886366,kashef-k8s-w1.user-mention-service-5c4f566c5-w4xpc,container_cpu_system_seconds_total,2.51
1744886366,kashef-k8s-w1.url-shorten-service-66949ddcc4-xlfmt,container_cpu_system_seconds_total,1.652
1744886366,kashef-k8s-w1.social-graph-mongodb-55df767ff5-c86pb,container_cpu_system_seconds_total,38.164
1744886366,kashef-k8s-ctl.post-storage-memcached-6b75788fc6-gnd8c,container_cpu_system_seconds_total,0.14
1744886366,kashef-k8s-w1.user-service-547b88cd8f-mbl6h,container_cpu_system_seconds_total,2.387
1744886366,kashef-k8s-ctl.url-shorten-memcached-6546746864-pg8xh,container_cpu_system_seconds_total,0.143
1744886366,kashef-k8s-ctl.unique-id-service-694497b678-bzxbf,container_cpu_system_seconds_total,0.066
1744886366,kashef-k8s-w1.media-frontend-6b66b95ff4-xrdq6,container_cpu_system_seconds_total,6.945
1744886366,kashef-k8s-ctl.user-timeline-redis-67cc95bc57-klp4b,container_cpu_system_seconds_total,0.657
1744886366,kashef-k8s-ctl.jaeger-67997f9775-tjgc8,container_cpu_system_seconds_total,0.214
1744886366,kashef-k8s-ctl.url-shorten-mongodb-57c886d5f8-2m8fs,container_cpu_system_seconds_total,0.557
1744886366,kashef-k8s-ctl.media-memcached-7889bdfdfb-2thqn,container_cpu_system_seconds_total,0.109
1744886366,kashef-k8s-ctl.user-mongodb-7745bbd78-xrw2n,container_cpu_system_seconds_total,0.627
1744886366,kashef-k8s-w1.nginx-thrift-79478f9bf5-h66tn,container_cpu_system_seconds_total,19.509
1744886366,kashef-k8s-w1.user-memcached-59687c864d-d5rb5,container_cpu_system_seconds_total,5.834
1744886366,kashef-k8s-w1.text-service-fff64b8bf-v9dsr,container_cpu_system_seconds_total,1.592
1744886366,kashef-k8s-w1.home-timeline-service-5754ffbc6d-zp4pr,container_cpu_system_seconds_total,0.639
1744886366,kashef-k8s-ctl.user-timeline-mongodb-6758898d48-gggfw,container_cpu_system_seconds_total,0.817
1744886366,kashef-k8s-ctl.home-timeline-redis-6c6647df6f-5vgsk,container_cpu_system_seconds_total,0.666
1744886366,kashef-k8s-ctl.social-graph-service-677dbc655c-2tqbt,container_cpu_system_seconds_total,0.16
1744886366,kashef-k8s-w1.compose-post-service-f587bf89d-l5zcs,container_cpu_system_seconds_total,1.0
1744886372,kashef-k8s-w1.compose-post-service-f587bf89d-l5zcs,container_cpu_system_seconds_total,1.0
1744886372,kashef-k8s-w1.text-service-fff64b8bf-v9dsr,container_cpu_system_seconds_total,1.592
1744886372,kashef-k8s-w1.user-mention-service-5c4f566c5-w4xpc,container_cpu_system_seconds_total,2.51
1744886372,kashef-k8s-ctl.media-memcached-7889bdfdfb-2thqn,container_cpu_system_seconds_total,0.109
1744886372,kashef-k8s-ctl.unique-id-service-694497b678-bzxbf,container_cpu_system_seconds_total,0.066
1744886372,kashef-k8s-w1.post-storage-service-66c9966f5f-nllkd,container_cpu_system_seconds_total,2.723
1744886372,kashef-k8s-w1.url-shorten-service-66949ddcc4-xlfmt,container_cpu_system_seconds_total,1.652
1744886372,kashef-k8s-ctl.url-shorten-memcached-6546746864-pg8xh,container_cpu_system_seconds_total,0.143
1744886372,kashef-k8s-w1.media-frontend-6b66b95ff4-xrdq6,container_cpu_system_seconds_total,6.945
1744886372,kashef-k8s-w1.social-graph-redis-5bbd5b7458-tqz7l,container_cpu_system_seconds_total,6.227
1744886372,kashef-k8s-ctl.media-mongodb-7b64c59567-6ntnm,container_cpu_system_seconds_total,0.58
1744886372,kashef-k8s-w1.media-service-6c665c775d-s7hl8,container_cpu_system_seconds_total,1.565
1744886372,kashef-k8s-ctl.post-storage-memcached-6b75788fc6-gnd8c,container_cpu_system_seconds_total,0.14
1744886372,kashef-k8s-w1.user-service-547b88cd8f-mbl6h,container_cpu_system_seconds_total,2.388
1744886372,kashef-k8s-w1.social-graph-mongodb-55df767ff5-c86pb,container_cpu_system_seconds_total,38.376
1744886372,kashef-k8s-w1.user-timeline-service-664c7f6696-fvhv9,container_cpu_system_seconds_total,114.585
1744886372,kashef-k8s-ctl.post-storage-mongodb-5579669d8c-ckzsx,container_cpu_system_seconds_total,0.644
1744886372,kashef-k8s-w1.home-timeline-service-5754ffbc6d-zp4pr,container_cpu_system_seconds_total,0.639
1744886372,kashef-k8s-ctl.user-timeline-mongodb-6758898d48-gggfw,container_cpu_system_seconds_total,0.817
1744886372,kashef-k8s-ctl.user-mongodb-7745bbd78-xrw2n,container_cpu_system_seconds_total,0.627
1744886372,kashef-k8s-ctl.home-timeline-redis-6c6647df6f-5vgsk,container_cpu_system_seconds_total,0.666
1744886372,kashef-k8s-w1.user-memcached-59687c864d-d5rb5,container_cpu_system_seconds_total,5.834
1744886372,kashef-k8s-w1.nginx-thrift-79478f9bf5-h66tn,container_cpu_system_seconds_total,19.509
1744886372,kashef-k8s-ctl.jaeger-67997f9775-tjgc8,container_cpu_system_seconds_total,0.214
1744886372,kashef-k8s-ctl.social-graph-service-677dbc655c-2tqbt,container_cpu_system_seconds_total,0.16
1744886372,kashef-k8s-ctl.url-shorten-mongodb-57c886d5f8-2m8fs,container_cpu_system_seconds_total,0.557
1744886372,kashef-k8s-ctl.user-timeline-redis-67cc95bc57-klp4b,container_cpu_system_seconds_total,0.657
1744886378,kashef-k8s-ctl.url-shorten-memcached-6546746864-pg8xh,container_cpu_system_seconds_total,0.143
1744886378,kashef-k8s-ctl.unique-id-service-694497b678-bzxbf,container_cpu_system_seconds_total,0.066
1744886378,kashef-k8s-w1.url-shorten-service-66949ddcc4-xlfmt,container_cpu_system_seconds_total,1.652
1744886378,kashef-k8s-w1.user-mention-service-5c4f566c5-w4xpc,container_cpu_system_seconds_total,2.511
1744886378,kashef-k8s-ctl.media-memcached-7889bdfdfb-2thqn,container_cpu_system_seconds_total,0.109
1744886378,kashef-k8s-ctl.media-mongodb-7b64c59567-6ntnm,container_cpu_system_seconds_total,0.58
1744886378,kashef-k8s-ctl.user-timeline-redis-67cc95bc57-klp4b,container_cpu_system_seconds_total,0.657
1744886378,kashef-k8s-w1.social-graph-redis-5bbd5b7458-tqz7l,container_cpu_system_seconds_total,6.227
1744886378,kashef-k8s-w1.user-service-547b88cd8f-mbl6h,container_cpu_system_seconds_total,2.388
1744886378,kashef-k8s-w1.media-service-6c665c775d-s7hl8,container_cpu_system_seconds_total,1.565
1744886378,kashef-k8s-w1.post-storage-service-66c9966f5f-nllkd,container_cpu_system_seconds_total,2.723
1744886378,kashef-k8s-ctl.post-storage-memcached-6b75788fc6-gnd8c,container_cpu_system_seconds_total,0.14
1744886378,kashef-k8s-w1.media-frontend-6b66b95ff4-xrdq6,container_cpu_system_seconds_total,6.945
1744886378,kashef-k8s-w1.social-graph-mongodb-55df767ff5-c86pb,container_cpu_system_seconds_total,38.376
1744886378,kashef-k8s-w1.text-service-fff64b8bf-v9dsr,container_cpu_system_seconds_total,1.592
1744886378,kashef-k8s-ctl.user-mongodb-7745bbd78-xrw2n,container_cpu_system_seconds_total,0.627
1744886378,kashef-k8s-w1.compose-post-service-f587bf89d-l5zcs,container_cpu_system_seconds_total,1.0
1744886378,kashef-k8s-w1.home-timeline-service-5754ffbc6d-zp4pr,container_cpu_system_seconds_total,0.639
1744886378,kashef-k8s-ctl.url-shorten-mongodb-57c886d5f8-2m8fs,container_cpu_system_seconds_total,0.557
1744886378,kashef-k8s-w1.user-timeline-service-664c7f6696-fvhv9,container_cpu_system_seconds_total,114.585
1744886378,kashef-k8s-ctl.social-graph-service-677dbc655c-2tqbt,container_cpu_system_seconds_total,0.16
1744886378,kashef-k8s-ctl.user-timeline-mongodb-6758898d48-gggfw,container_cpu_system_seconds_total,0.817
1744886378,kashef-k8s-ctl.jaeger-67997f9775-tjgc8,container_cpu_system_seconds_total,0.214
1744886378,kashef-k8s-ctl.post-storage-mongodb-5579669d8c-ckzsx,container_cpu_system_seconds_total,0.644
1744886378,kashef-k8s-ctl.home-timeline-redis-6c6647df6f-5vgsk,container_cpu_system_seconds_total,0.666
1744886378,kashef-k8s-w1.user-memcached-59687c864d-d5rb5,container_cpu_system_seconds_total,5.834
1744886378,kashef-k8s-w1.nginx-thrift-79478f9bf5-h66tn,container_cpu_system_seconds_total,19.514
