timestamp,cmdb_id,kpi_name,value
1744885976,kashef-k8s-w1.user-memcached-59687c864d-d5rb5,container_memory_working_set_bytes,0.0
1744885976,kashef-k8s-w1.user-timeline-service-664c7f6696-fvhv9,container_memory_working_set_bytes,0.0
1744885976,kashef-k8s-w1.media-service-6c665c775d-s7hl8,container_memory_working_set_bytes,0.0
1744885976,kashef-k8s-w1.url-shorten-service-66949ddcc4-xlfmt,container_memory_working_set_bytes,0.0
1744885976,kashef-k8s-w1.text-service-fff64b8bf-v9dsr,container_memory_working_set_bytes,0.0
1744885976,kashef-k8s-w1.post-storage-service-66c9966f5f-nllkd,container_memory_working_set_bytes,0.0
1744885976,kashef-k8s-w1.social-graph-mongodb-55df767ff5-c86pb,container_memory_working_set_bytes,0.0
1744885976,kashef-k8s-w1.user-service-547b88cd8f-mbl6h,container_memory_working_set_bytes,0.0
1744885976,kashef-k8s-w1.home-timeline-service-5754ffbc6d-zp4pr,container_memory_working_set_bytes,0.0
1744885976,kashef-k8s-w1.social-graph-redis-5bbd5b7458-tqz7l,container_memory_working_set_bytes,0.0
1744885976,kashef-k8s-w1.media-frontend-6b66b95ff4-xrdq6,container_memory_working_set_bytes,0.0
1744885976,kashef-k8s-w1.nginx-thrift-79478f9bf5-h66tn,container_memory_working_set_bytes,0.0
1744885976,kashef-k8s-w1.user-mention-service-5c4f566c5-w4xpc,container_memory_working_set_bytes,0.0
1744885982,kashef-k8s-w1.text-service-fff64b8bf-v9dsr,container_memory_working_set_bytes,0.0
1744885982,kashef-k8s-w1.user-timeline-service-664c7f6696-fvhv9,container_memory_working_set_bytes,0.0
1744885982,kashef-k8s-w1.social-graph-redis-5bbd5b7458-tqz7l,container_memory_working_set_bytes,0.0
1744885982,kashef-k8s-w1.post-storage-service-66c9966f5f-nllkd,container_memory_working_set_bytes,0.0
1744885982,kashef-k8s-w1.media-frontend-6b66b95ff4-xrdq6,container_memory_working_set_bytes,0.0
1744885982,kashef-k8s-w1.social-graph-mongodb-55df767ff5-c86pb,container_memory_working_set_bytes,0.0
1744885982,kashef-k8s-w1.media-service-6c665c775d-s7hl8,container_memory_working_set_bytes,0.0
1744885982,kashef-k8s-w1.user-service-547b88cd8f-mbl6h,container_memory_working_set_bytes,0.0
1744885982,kashef-k8s-w1.user-mention-service-5c4f566c5-w4xpc,container_memory_working_set_bytes,0.0
1744885982,kashef-k8s-w1.url-shorten-service-66949ddcc4-xlfmt,container_memory_working_set_bytes,0.0
1744885982,kashef-k8s-w1.home-timeline-service-5754ffbc6d-zp4pr,container_memory_working_set_bytes,0.0
1744885982,kashef-k8s-w1.user-memcached-59687c864d-d5rb5,container_memory_working_set_bytes,0.0
1744885982,kashef-k8s-w1.nginx-thrift-79478f9bf5-h66tn,container_memory_working_set_bytes,0.0
1744885988,kashef-k8s-w1.url-shorten-service-66949ddcc4-xlfmt,container_memory_working_set_bytes,0.0
1744885988,kashef-k8s-w1.user-memcached-59687c864d-d5rb5,container_memory_working_set_bytes,0.0
1744885988,kashef-k8s-w1.nginx-thrift-79478f9bf5-h66tn,container_memory_working_set_bytes,0.0
1744885988,kashef-k8s-w1.home-timeline-service-5754ffbc6d-zp4pr,container_memory_working_set_bytes,0.0
1744885988,kashef-k8s-ctl.user-timeline-mongodb-6758898d48-gggfw,container_memory_working_set_bytes,61476864.0
1744885988,kashef-k8s-w1.media-frontend-6b66b95ff4-xrdq6,container_memory_working_set_bytes,0.0
1744885988,kashef-k8s-ctl.user-mongodb-7745bbd78-xrw2n,container_memory_working_set_bytes,59482112.0
1744885988,kashef-k8s-w1.post-storage-service-66c9966f5f-nllkd,container_memory_working_set_bytes,0.0
1744885988,kashef-k8s-w1.social-graph-mongodb-55df767ff5-c86pb,container_memory_working_set_bytes,0.0
1744885988,kashef-k8s-w1.compose-post-service-f587bf89d-l5zcs,container_memory_working_set_bytes,696320.0
1744885988,kashef-k8s-w1.text-service-fff64b8bf-v9dsr,container_memory_working_set_bytes,0.0
1744885988,kashef-k8s-w1.user-service-547b88cd8f-mbl6h,container_memory_working_set_bytes,0.0
1744885988,kashef-k8s-w1.user-mention-service-5c4f566c5-w4xpc,container_memory_working_set_bytes,0.0
1744885988,kashef-k8s-ctl.post-storage-mongodb-5579669d8c-ckzsx,container_memory_working_set_bytes,692224.0
1744885988,kashef-k8s-w1.media-service-6c665c775d-s7hl8,container_memory_working_set_bytes,0.0
1744885988,kashef-k8s-w1.social-graph-redis-5bbd5b7458-tqz7l,container_memory_working_set_bytes,0.0
1744885988,kashef-k8s-w1.user-timeline-service-664c7f6696-fvhv9,container_memory_working_set_bytes,0.0
1744885994,kashef-k8s-w1.media-frontend-6b66b95ff4-xrdq6,container_memory_working_set_bytes,0.0
1744885994,kashef-k8s-w1.social-graph-mongodb-55df767ff5-c86pb,container_memory_working_set_bytes,0.0
1744885994,kashef-k8s-w1.media-service-6c665c775d-s7hl8,container_memory_working_set_bytes,0.0
1744885994,kashef-k8s-ctl.unique-id-service-694497b678-bzxbf,container_memory_working_set_bytes,1921024.0
1744885994,kashef-k8s-ctl.user-timeline-mongodb-6758898d48-gggfw,container_memory_working_set_bytes,61476864.0
1744885994,kashef-k8s-w1.url-shorten-service-66949ddcc4-xlfmt,container_memory_working_set_bytes,0.0
1744885994,kashef-k8s-ctl.media-mongodb-7b64c59567-6ntnm,container_memory_working_set_bytes,692224.0
1744885994,kashef-k8s-w1.post-storage-service-66c9966f5f-nllkd,container_memory_working_set_bytes,0.0
1744885994,kashef-k8s-ctl.home-timeline-redis-6c6647df6f-5vgsk,container_memory_working_set_bytes,8065024.0
1744885994,kashef-k8s-w1.user-mention-service-5c4f566c5-w4xpc,container_memory_working_set_bytes,0.0
1744885994,kashef-k8s-w1.compose-post-service-f587bf89d-l5zcs,container_memory_working_set_bytes,696320.0
1744885994,kashef-k8s-ctl.user-timeline-redis-67cc95bc57-klp4b,container_memory_working_set_bytes,700416.0
1744885994,kashef-k8s-w1.nginx-thrift-79478f9bf5-h66tn,container_memory_working_set_bytes,0.0
1744885994,kashef-k8s-w1.home-timeline-service-5754ffbc6d-zp4pr,container_memory_working_set_bytes,0.0
1744885994,kashef-k8s-w1.user-memcached-59687c864d-d5rb5,container_memory_working_set_bytes,0.0
1744885994,kashef-k8s-w1.text-service-fff64b8bf-v9dsr,container_memory_working_set_bytes,0.0
1744885994,kashef-k8s-w1.user-service-547b88cd8f-mbl6h,container_memory_working_set_bytes,0.0
1744885994,kashef-k8s-ctl.post-storage-memcached-6b75788fc6-gnd8c,container_memory_working_set_bytes,2629632.0
1744885994,kashef-k8s-w1.social-graph-redis-5bbd5b7458-tqz7l,container_memory_working_set_bytes,0.0
1744885994,kashef-k8s-w1.user-timeline-service-664c7f6696-fvhv9,container_memory_working_set_bytes,0.0
1744885994,kashef-k8s-ctl.user-mongodb-7745bbd78-xrw2n,container_memory_working_set_bytes,59482112.0
1744885994,kashef-k8s-ctl.post-storage-mongodb-5579669d8c-ckzsx,container_memory_working_set_bytes,692224.0
1744886000,kashef-k8s-w1.user-memcached-59687c864d-d5rb5,container_memory_working_set_bytes,0.0
1744886000,kashef-k8s-w1.social-graph-redis-5bbd5b7458-tqz7l,container_memory_working_set_bytes,0.0
1744886000,kashef-k8s-w1.social-graph-mongodb-55df767ff5-c86pb,container_memory_working_set_bytes,0.0
1744886000,kashef-k8s-w1.text-service-fff64b8bf-v9dsr,container_memory_working_set_bytes,0.0
1744886000,kashef-k8s-ctl.post-storage-memcached-6b75788fc6-gnd8c,container_memory_working_set_bytes,2629632.0
1744886000,kashef-k8s-w1.user-service-547b88cd8f-mbl6h,container_memory_working_set_bytes,0.0
1744886000,kashef-k8s-ctl.user-timeline-redis-67cc95bc57-klp4b,container_memory_working_set_bytes,700416.0
1744886000,kashef-k8s-ctl.url-shorten-mongodb-57c886d5f8-2m8fs,container_memory_working_set_bytes,59502592.0
1744886000,kashef-k8s-w1.post-storage-service-66c9966f5f-nllkd,container_memory_working_set_bytes,0.0
1744886000,kashef-k8s-ctl.url-shorten-memcached-6546746864-pg8xh,container_memory_working_set_bytes,2584576.0
1744886000,kashef-k8s-w1.compose-post-service-f587bf89d-l5zcs,container_memory_working_set_bytes,696320.0
1744886000,kashef-k8s-ctl.user-timeline-mongodb-6758898d48-gggfw,container_memory_working_set_bytes,61476864.0
1744886000,kashef-k8s-w1.home-timeline-service-5754ffbc6d-zp4pr,container_memory_working_set_bytes,0.0
1744886000,kashef-k8s-w1.media-frontend-6b66b95ff4-xrdq6,container_memory_working_set_bytes,0.0
1744886000,kashef-k8s-w1.user-mention-service-5c4f566c5-w4xpc,container_memory_working_set_bytes,0.0
1744886000,kashef-k8s-ctl.home-timeline-redis-6c6647df6f-5vgsk,container_memory_working_set_bytes,8065024.0
1744886000,kashef-k8s-ctl.post-storage-mongodb-5579669d8c-ckzsx,container_memory_working_set_bytes,692224.0
1744886000,kashef-k8s-w1.media-service-6c665c775d-s7hl8,container_memory_working_set_bytes,0.0
1744886000,kashef-k8s-w1.user-timeline-service-664c7f6696-fvhv9,container_memory_working_set_bytes,0.0
1744886000,kashef-k8s-ctl.user-mongodb-7745bbd78-xrw2n,container_memory_working_set_bytes,59482112.0
1744886000,kashef-k8s-ctl.media-memcached-7889bdfdfb-2thqn,container_memory_working_set_bytes,2621440.0
1744886000,kashef-k8s-ctl.media-mongodb-7b64c59567-6ntnm,container_memory_working_set_bytes,692224.0
1744886000,kashef-k8s-w1.url-shorten-service-66949ddcc4-xlfmt,container_memory_working_set_bytes,0.0
1744886000,kashef-k8s-w1.nginx-thrift-79478f9bf5-h66tn,container_memory_working_set_bytes,0.0
1744886000,kashef-k8s-ctl.unique-id-service-694497b678-bzxbf,container_memory_working_set_bytes,1921024.0
1744886006,kashef-k8s-ctl.jaeger-67997f9775-tjgc8,container_memory_working_set_bytes,10784768.0
1744886006,kashef-k8s-w1.user-service-547b88cd8f-mbl6h,container_memory_working_set_bytes,0.0
1744886006,kashef-k8s-ctl.user-timeline-redis-67cc95bc57-klp4b,container_memory_working_set_bytes,700416.0
1744886006,kashef-k8s-w1.social-graph-mongodb-55df767ff5-c86pb,container_memory_working_set_bytes,64176128.0
1744886006,kashef-k8s-w1.user-memcached-59687c864d-d5rb5,container_memory_working_set_bytes,3141632.0
1744886006,kashef-k8s-ctl.post-storage-memcached-6b75788fc6-gnd8c,container_memory_working_set_bytes,2629632.0
1744886006,kashef-k8s-w1.social-graph-redis-5bbd5b7458-tqz7l,container_memory_working_set_bytes,0.0
1744886006,kashef-k8s-w1.compose-post-service-f587bf89d-l5zcs,container_memory_working_set_bytes,1949696.0
1744886006,kashef-k8s-ctl.url-shorten-memcached-6546746864-pg8xh,container_memory_working_set_bytes,2584576.0
1744886006,kashef-k8s-w1.post-storage-service-66c9966f5f-nllkd,container_memory_working_set_bytes,0.0
1744886006,kashef-k8s-w1.media-frontend-6b66b95ff4-xrdq6,container_memory_working_set_bytes,6684672.0
1744886006,kashef-k8s-ctl.user-timeline-mongodb-6758898d48-gggfw,container_memory_working_set_bytes,61476864.0
1744886006,kashef-k8s-ctl.url-shorten-mongodb-57c886d5f8-2m8fs,container_memory_working_set_bytes,59502592.0
1744886006,kashef-k8s-w1.user-mention-service-5c4f566c5-w4xpc,container_memory_working_set_bytes,0.0
1744886006,kashef-k8s-w1.home-timeline-service-5754ffbc6d-zp4pr,container_memory_working_set_bytes,0.0
1744886006,kashef-k8s-w1.text-service-fff64b8bf-v9dsr,container_memory_working_set_bytes,0.0
1744886006,kashef-k8s-ctl.social-graph-service-677dbc655c-2tqbt,container_memory_working_set_bytes,2473984.0
1744886006,kashef-k8s-ctl.media-memcached-7889bdfdfb-2thqn,container_memory_working_set_bytes,2621440.0
1744886006,kashef-k8s-ctl.media-mongodb-7b64c59567-6ntnm,container_memory_working_set_bytes,692224.0
1744886006,kashef-k8s-ctl.post-storage-mongodb-5579669d8c-ckzsx,container_memory_working_set_bytes,692224.0
1744886006,kashef-k8s-w1.media-service-6c665c775d-s7hl8,container_memory_working_set_bytes,1925120.0
1744886006,kashef-k8s-ctl.home-timeline-redis-6c6647df6f-5vgsk,container_memory_working_set_bytes,8065024.0
1744886006,kashef-k8s-ctl.user-mongodb-7745bbd78-xrw2n,container_memory_working_set_bytes,59482112.0
1744886006,kashef-k8s-w1.user-timeline-service-664c7f6696-fvhv9,container_memory_working_set_bytes,0.0
1744886006,kashef-k8s-ctl.unique-id-service-694497b678-bzxbf,container_memory_working_set_bytes,1921024.0
1744886006,kashef-k8s-w1.nginx-thrift-79478f9bf5-h66tn,container_memory_working_set_bytes,0.0
1744886006,kashef-k8s-w1.url-shorten-service-66949ddcc4-xlfmt,container_memory_working_set_bytes,4378624.0
1744886012,kashef-k8s-w1.url-shorten-service-66949ddcc4-xlfmt,container_memory_working_set_bytes,4378624.0
1744886012,kashef-k8s-ctl.unique-id-service-694497b678-bzxbf,container_memory_working_set_bytes,1921024.0
1744886012,kashef-k8s-ctl.media-mongodb-7b64c59567-6ntnm,container_memory_working_set_bytes,692224.0
1744886012,kashef-k8s-w1.text-service-fff64b8bf-v9dsr,container_memory_working_set_bytes,1945600.0
1744886012,kashef-k8s-w1.compose-post-service-f587bf89d-l5zcs,container_memory_working_set_bytes,1949696.0
1744886012,kashef-k8s-ctl.user-mongodb-7745bbd78-xrw2n,container_memory_working_set_bytes,59482112.0
1744886012,kashef-k8s-ctl.post-storage-mongodb-5579669d8c-ckzsx,container_memory_working_set_bytes,692224.0
1744886012,kashef-k8s-ctl.home-timeline-redis-6c6647df6f-5vgsk,container_memory_working_set_bytes,8065024.0
1744886012,kashef-k8s-w1.media-service-6c665c775d-s7hl8,container_memory_working_set_bytes,1925120.0
1744886012,kashef-k8s-w1.user-mention-service-5c4f566c5-w4xpc,container_memory_working_set_bytes,2641920.0
1744886012,kashef-k8s-ctl.user-timeline-mongodb-6758898d48-gggfw,container_memory_working_set_bytes,61476864.0
1744886012,kashef-k8s-ctl.post-storage-memcached-6b75788fc6-gnd8c,container_memory_working_set_bytes,2629632.0
1744886012,kashef-k8s-ctl.jaeger-67997f9775-tjgc8,container_memory_working_set_bytes,10784768.0
1744886012,kashef-k8s-w1.home-timeline-service-5754ffbc6d-zp4pr,container_memory_working_set_bytes,0.0
1744886012,kashef-k8s-ctl.social-graph-service-677dbc655c-2tqbt,container_memory_working_set_bytes,2473984.0
1744886012,kashef-k8s-w1.user-service-547b88cd8f-mbl6h,container_memory_working_set_bytes,2875392.0
1744886012,kashef-k8s-ctl.url-shorten-mongodb-57c886d5f8-2m8fs,container_memory_working_set_bytes,59502592.0
1744886012,kashef-k8s-w1.media-frontend-6b66b95ff4-xrdq6,container_memory_working_set_bytes,6684672.0
1744886012,kashef-k8s-w1.post-storage-service-66c9966f5f-nllkd,container_memory_working_set_bytes,2793472.0
1744886012,kashef-k8s-ctl.user-timeline-redis-67cc95bc57-klp4b,container_memory_working_set_bytes,700416.0
1744886012,kashef-k8s-w1.social-graph-mongodb-55df767ff5-c86pb,container_memory_working_set_bytes,64176128.0
1744886012,kashef-k8s-ctl.url-shorten-memcached-6546746864-pg8xh,container_memory_working_set_bytes,2584576.0
1744886012,kashef-k8s-w1.nginx-thrift-79478f9bf5-h66tn,container_memory_working_set_bytes,51621888.0
1744886012,kashef-k8s-w1.user-memcached-59687c864d-d5rb5,container_memory_working_set_bytes,3141632.0
1744886012,kashef-k8s-w1.user-timeline-service-664c7f6696-fvhv9,container_memory_working_set_bytes,2473984.0
1744886012,kashef-k8s-ctl.media-memcached-7889bdfdfb-2thqn,container_memory_working_set_bytes,2621440.0
1744886012,kashef-k8s-w1.social-graph-redis-5bbd5b7458-tqz7l,container_memory_working_set_bytes,5509120.0
1744886018,kashef-k8s-ctl.media-memcached-7889bdfdfb-2thqn,container_memory_working_set_bytes,2621440.0
1744886018,kashef-k8s-w1.post-storage-service-66c9966f5f-nllkd,container_memory_working_set_bytes,2793472.0
1744886018,kashef-k8s-ctl.user-timeline-redis-67cc95bc57-klp4b,container_memory_working_set_bytes,700416.0
1744886018,kashef-k8s-ctl.home-timeline-redis-6c6647df6f-5vgsk,container_memory_working_set_bytes,8065024.0
1744886018,kashef-k8s-w1.media-service-6c665c775d-s7hl8,container_memory_working_set_bytes,1925120.0
1744886018,kashef-k8s-w1.compose-post-service-f587bf89d-l5zcs,container_memory_working_set_bytes,1949696.0
1744886018,kashef-k8s-ctl.user-mongodb-7745bbd78-xrw2n,container_memory_working_set_bytes,59482112.0
1744886018,kashef-k8s-ctl.media-mongodb-7b64c59567-6ntnm,container_memory_working_set_bytes,692224.0
1744886018,kashef-k8s-w1.user-service-547b88cd8f-mbl6h,container_memory_working_set_bytes,2875392.0
1744886018,kashef-k8s-ctl.post-storage-mongodb-5579669d8c-ckzsx,container_memory_working_set_bytes,692224.0
1744886018,kashef-k8s-ctl.url-shorten-memcached-6546746864-pg8xh,container_memory_working_set_bytes,2584576.0
1744886018,kashef-k8s-ctl.user-timeline-mongodb-6758898d48-gggfw,container_memory_working_set_bytes,61714432.0
1744886018,kashef-k8s-w1.user-mention-service-5c4f566c5-w4xpc,container_memory_working_set_bytes,2641920.0
1744886018,kashef-k8s-w1.text-service-fff64b8bf-v9dsr,container_memory_working_set_bytes,1945600.0
1744886018,kashef-k8s-ctl.social-graph-service-677dbc655c-2tqbt,container_memory_working_set_bytes,2473984.0
1744886018,kashef-k8s-ctl.url-shorten-mongodb-57c886d5f8-2m8fs,container_memory_working_set_bytes,59502592.0
1744886018,kashef-k8s-ctl.post-storage-memcached-6b75788fc6-gnd8c,container_memory_working_set_bytes,2629632.0
1744886018,kashef-k8s-w1.home-timeline-service-5754ffbc6d-zp4pr,container_memory_working_set_bytes,1933312.0
1744886018,kashef-k8s-w1.social-graph-mongodb-55df767ff5-c86pb,container_memory_working_set_bytes,64176128.0
1744886018,kashef-k8s-ctl.jaeger-67997f9775-tjgc8,container_memory_working_set_bytes,10784768.0
1744886018,kashef-k8s-w1.media-frontend-6b66b95ff4-xrdq6,container_memory_working_set_bytes,6684672.0
1744886018,kashef-k8s-w1.social-graph-redis-5bbd5b7458-tqz7l,container_memory_working_set_bytes,5509120.0
1744886018,kashef-k8s-w1.nginx-thrift-79478f9bf5-h66tn,container_memory_working_set_bytes,51621888.0
1744886018,kashef-k8s-w1.user-memcached-59687c864d-d5rb5,container_memory_working_set_bytes,3141632.0
1744886018,kashef-k8s-w1.user-timeline-service-664c7f6696-fvhv9,container_memory_working_set_bytes,2473984.0
1744886018,kashef-k8s-ctl.unique-id-service-694497b678-bzxbf,container_memory_working_set_bytes,1921024.0
1744886018,kashef-k8s-w1.url-shorten-service-66949ddcc4-xlfmt,container_memory_working_set_bytes,4378624.0
1744886024,kashef-k8s-w1.compose-post-service-f587bf89d-l5zcs,container_memory_working_set_bytes,1949696.0
1744886024,kashef-k8s-ctl.unique-id-service-694497b678-bzxbf,container_memory_working_set_bytes,1921024.0
1744886024,kashef-k8s-w1.social-graph-redis-5bbd5b7458-tqz7l,container_memory_working_set_bytes,5509120.0
1744886024,kashef-k8s-w1.url-shorten-service-66949ddcc4-xlfmt,container_memory_working_set_bytes,4378624.0
1744886024,kashef-k8s-ctl.post-storage-memcached-6b75788fc6-gnd8c,container_memory_working_set_bytes,2629632.0
1744886024,kashef-k8s-ctl.home-timeline-redis-6c6647df6f-5vgsk,container_memory_working_set_bytes,8065024.0
1744886024,kashef-k8s-w1.media-frontend-6b66b95ff4-xrdq6,container_memory_working_set_bytes,6684672.0
1744886024,kashef-k8s-w1.nginx-thrift-79478f9bf5-h66tn,container_memory_working_set_bytes,51621888.0
1744886024,kashef-k8s-w1.home-timeline-service-5754ffbc6d-zp4pr,container_memory_working_set_bytes,1933312.0
1744886024,kashef-k8s-w1.text-service-fff64b8bf-v9dsr,container_memory_working_set_bytes,1945600.0
1744886024,kashef-k8s-w1.user-mention-service-5c4f566c5-w4xpc,container_memory_working_set_bytes,2641920.0
1744886024,kashef-k8s-ctl.user-timeline-mongodb-6758898d48-gggfw,container_memory_working_set_bytes,61714432.0
1744886024,kashef-k8s-ctl.jaeger-67997f9775-tjgc8,container_memory_working_set_bytes,10784768.0
1744886024,kashef-k8s-ctl.url-shorten-mongodb-57c886d5f8-2m8fs,container_memory_working_set_bytes,59715584.0
1744886024,kashef-k8s-w1.media-service-6c665c775d-s7hl8,container_memory_working_set_bytes,1925120.0
1744886024,kashef-k8s-w1.social-graph-mongodb-55df767ff5-c86pb,container_memory_working_set_bytes,64176128.0
1744886024,kashef-k8s-w1.user-memcached-59687c864d-d5rb5,container_memory_working_set_bytes,3141632.0
1744886024,kashef-k8s-w1.user-service-547b88cd8f-mbl6h,container_memory_working_set_bytes,2875392.0
1744886024,kashef-k8s-ctl.user-mongodb-7745bbd78-xrw2n,container_memory_working_set_bytes,59482112.0
1744886024,kashef-k8s-ctl.post-storage-mongodb-5579669d8c-ckzsx,container_memory_working_set_bytes,692224.0
1744886024,kashef-k8s-ctl.media-mongodb-7b64c59567-6ntnm,container_memory_working_set_bytes,692224.0
1744886024,kashef-k8s-ctl.media-memcached-7889bdfdfb-2thqn,container_memory_working_set_bytes,2621440.0
1744886024,kashef-k8s-ctl.user-timeline-redis-67cc95bc57-klp4b,container_memory_working_set_bytes,4046848.0
1744886024,kashef-k8s-w1.post-storage-service-66c9966f5f-nllkd,container_memory_working_set_bytes,2793472.0
1744886024,kashef-k8s-ctl.social-graph-service-677dbc655c-2tqbt,container_memory_working_set_bytes,2473984.0
1744886024,kashef-k8s-w1.user-timeline-service-664c7f6696-fvhv9,container_memory_working_set_bytes,2473984.0
1744886024,kashef-k8s-ctl.url-shorten-memcached-6546746864-pg8xh,container_memory_working_set_bytes,2584576.0
1744886030,kashef-k8s-ctl.post-storage-memcached-6b75788fc6-gnd8c,container_memory_working_set_bytes,2600960.0
1744886030,kashef-k8s-ctl.unique-id-service-694497b678-bzxbf,container_memory_working_set_bytes,1921024.0
1744886030,kashef-k8s-w1.media-frontend-6b66b95ff4-xrdq6,container_memory_working_set_bytes,6684672.0
1744886030,kashef-k8s-w1.nginx-thrift-79478f9bf5-h66tn,container_memory_working_set_bytes,51621888.0
1744886030,kashef-k8s-w1.user-service-547b88cd8f-mbl6h,container_memory_working_set_bytes,2875392.0
1744886030,kashef-k8s-ctl.user-timeline-mongodb-6758898d48-gggfw,container_memory_working_set_bytes,61714432.0
1744886030,kashef-k8s-ctl.post-storage-mongodb-5579669d8c-ckzsx,container_memory_working_set_bytes,59486208.0
1744886030,kashef-k8s-w1.home-timeline-service-5754ffbc6d-zp4pr,container_memory_working_set_bytes,1933312.0
1744886030,kashef-k8s-ctl.url-shorten-mongodb-57c886d5f8-2m8fs,container_memory_working_set_bytes,59715584.0
1744886030,kashef-k8s-w1.social-graph-mongodb-55df767ff5-c86pb,container_memory_working_set_bytes,64176128.0
1744886030,kashef-k8s-ctl.home-timeline-redis-6c6647df6f-5vgsk,container_memory_working_set_bytes,8065024.0
1744886030,kashef-k8s-w1.media-service-6c665c775d-s7hl8,container_memory_working_set_bytes,1925120.0
1744886030,kashef-k8s-ctl.jaeger-67997f9775-tjgc8,container_memory_working_set_bytes,10784768.0
1744886030,kashef-k8s-w1.user-memcached-59687c864d-d5rb5,container_memory_working_set_bytes,3141632.0
1744886030,kashef-k8s-w1.social-graph-redis-5bbd5b7458-tqz7l,container_memory_working_set_bytes,5509120.0
1744886030,kashef-k8s-ctl.media-memcached-7889bdfdfb-2thqn,container_memory_working_set_bytes,2621440.0
1744886030,kashef-k8s-ctl.url-shorten-memcached-6546746864-pg8xh,container_memory_working_set_bytes,2584576.0
1744886030,kashef-k8s-w1.text-service-fff64b8bf-v9dsr,container_memory_working_set_bytes,1945600.0
1744886030,kashef-k8s-w1.user-timeline-service-664c7f6696-fvhv9,container_memory_working_set_bytes,2473984.0
1744886030,kashef-k8s-ctl.social-graph-service-677dbc655c-2tqbt,container_memory_working_set_bytes,2473984.0
1744886030,kashef-k8s-w1.post-storage-service-66c9966f5f-nllkd,container_memory_working_set_bytes,2793472.0
1744886030,kashef-k8s-w1.url-shorten-service-66949ddcc4-xlfmt,container_memory_working_set_bytes,4378624.0
1744886030,kashef-k8s-ctl.user-mongodb-7745bbd78-xrw2n,container_memory_working_set_bytes,59490304.0
1744886030,kashef-k8s-ctl.media-mongodb-7b64c59567-6ntnm,container_memory_working_set_bytes,58892288.0
1744886030,kashef-k8s-w1.user-mention-service-5c4f566c5-w4xpc,container_memory_working_set_bytes,2641920.0
1744886030,kashef-k8s-ctl.user-timeline-redis-67cc95bc57-klp4b,container_memory_working_set_bytes,4046848.0
1744886030,kashef-k8s-w1.compose-post-service-f587bf89d-l5zcs,container_memory_working_set_bytes,1949696.0
1744886036,kashef-k8s-w1.user-memcached-59687c864d-d5rb5,container_memory_working_set_bytes,3141632.0
1744886036,kashef-k8s-w1.social-graph-redis-5bbd5b7458-tqz7l,container_memory_working_set_bytes,5513216.0
1744886036,kashef-k8s-ctl.post-storage-mongodb-5579669d8c-ckzsx,container_memory_working_set_bytes,59486208.0
1744886036,kashef-k8s-ctl.user-timeline-mongodb-6758898d48-gggfw,container_memory_working_set_bytes,61714432.0
1744886036,kashef-k8s-w1.user-service-547b88cd8f-mbl6h,container_memory_working_set_bytes,2875392.0
1744886036,kashef-k8s-ctl.media-memcached-7889bdfdfb-2thqn,container_memory_working_set_bytes,2621440.0
1744886036,kashef-k8s-w1.compose-post-service-f587bf89d-l5zcs,container_memory_working_set_bytes,1949696.0
1744886036,kashef-k8s-ctl.media-mongodb-7b64c59567-6ntnm,container_memory_working_set_bytes,58892288.0
1744886036,kashef-k8s-w1.user-mention-service-5c4f566c5-w4xpc,container_memory_working_set_bytes,2641920.0
1744886036,kashef-k8s-ctl.social-graph-service-677dbc655c-2tqbt,container_memory_working_set_bytes,2473984.0
1744886036,kashef-k8s-w1.post-storage-service-66c9966f5f-nllkd,container_memory_working_set_bytes,2793472.0
1744886036,kashef-k8s-w1.user-timeline-service-664c7f6696-fvhv9,container_memory_working_set_bytes,2473984.0
1744886036,kashef-k8s-ctl.jaeger-67997f9775-tjgc8,container_memory_working_set_bytes,10731520.0
1744886036,kashef-k8s-w1.home-timeline-service-5754ffbc6d-zp4pr,container_memory_working_set_bytes,1933312.0
1744886036,kashef-k8s-ctl.home-timeline-redis-6c6647df6f-5vgsk,container_memory_working_set_bytes,8065024.0
1744886036,kashef-k8s-ctl.unique-id-service-694497b678-bzxbf,container_memory_working_set_bytes,1921024.0
1744886036,kashef-k8s-w1.text-service-fff64b8bf-v9dsr,container_memory_working_set_bytes,1945600.0
1744886036,kashef-k8s-ctl.user-timeline-redis-67cc95bc57-klp4b,container_memory_working_set_bytes,4046848.0
1744886036,kashef-k8s-w1.media-service-6c665c775d-s7hl8,container_memory_working_set_bytes,1925120.0
1744886036,kashef-k8s-w1.social-graph-mongodb-55df767ff5-c86pb,container_memory_working_set_bytes,64147456.0
1744886036,kashef-k8s-ctl.url-shorten-mongodb-57c886d5f8-2m8fs,container_memory_working_set_bytes,59715584.0
1744886036,kashef-k8s-w1.media-frontend-6b66b95ff4-xrdq6,container_memory_working_set_bytes,6684672.0
1744886036,kashef-k8s-w1.nginx-thrift-79478f9bf5-h66tn,container_memory_working_set_bytes,51621888.0
1744886036,kashef-k8s-w1.url-shorten-service-66949ddcc4-xlfmt,container_memory_working_set_bytes,4378624.0
1744886036,kashef-k8s-ctl.user-mongodb-7745bbd78-xrw2n,container_memory_working_set_bytes,59490304.0
1744886036,kashef-k8s-ctl.url-shorten-memcached-6546746864-pg8xh,container_memory_working_set_bytes,2584576.0
1744886036,kashef-k8s-ctl.post-storage-memcached-6b75788fc6-gnd8c,container_memory_working_set_bytes,2600960.0
1744886042,kashef-k8s-w1.user-mention-service-5c4f566c5-w4xpc,container_memory_working_set_bytes,2641920.0
1744886042,kashef-k8s-ctl.post-storage-mongodb-5579669d8c-ckzsx,container_memory_working_set_bytes,59486208.0
1744886042,kashef-k8s-w1.social-graph-redis-5bbd5b7458-tqz7l,container_memory_working_set_bytes,5513216.0
1744886042,kashef-k8s-ctl.media-mongodb-7b64c59567-6ntnm,container_memory_working_set_bytes,58892288.0
1744886042,kashef-k8s-w1.compose-post-service-f587bf89d-l5zcs,container_memory_working_set_bytes,1949696.0
1744886042,kashef-k8s-ctl.home-timeline-redis-6c6647df6f-5vgsk,container_memory_working_set_bytes,8065024.0
1744886042,kashef-k8s-ctl.social-graph-service-677dbc655c-2tqbt,container_memory_working_set_bytes,2473984.0
1744886042,kashef-k8s-w1.user-timeline-service-664c7f6696-fvhv9,container_memory_working_set_bytes,2473984.0
1744886042,kashef-k8s-w1.text-service-fff64b8bf-v9dsr,container_memory_working_set_bytes,1945600.0
1744886042,kashef-k8s-ctl.unique-id-service-694497b678-bzxbf,container_memory_working_set_bytes,1921024.0
1744886042,kashef-k8s-ctl.media-memcached-7889bdfdfb-2thqn,container_memory_working_set_bytes,2621440.0
1744886042,kashef-k8s-ctl.jaeger-67997f9775-tjgc8,container_memory_working_set_bytes,10731520.0
1744886042,kashef-k8s-w1.home-timeline-service-5754ffbc6d-zp4pr,container_memory_working_set_bytes,1933312.0
1744886042,kashef-k8s-w1.user-memcached-59687c864d-d5rb5,container_memory_working_set_bytes,3141632.0
1744886042,kashef-k8s-w1.user-service-547b88cd8f-mbl6h,container_memory_working_set_bytes,2748416.0
1744886042,kashef-k8s-ctl.url-shorten-mongodb-57c886d5f8-2m8fs,container_memory_working_set_bytes,59715584.0
1744886042,kashef-k8s-ctl.user-timeline-redis-67cc95bc57-klp4b,container_memory_working_set_bytes,4046848.0
1744886042,kashef-k8s-w1.social-graph-mongodb-55df767ff5-c86pb,container_memory_working_set_bytes,64147456.0
1744886042,kashef-k8s-ctl.post-storage-memcached-6b75788fc6-gnd8c,container_memory_working_set_bytes,2600960.0
1744886042,kashef-k8s-w1.post-storage-service-66c9966f5f-nllkd,container_memory_working_set_bytes,2793472.0
1744886042,kashef-k8s-ctl.url-shorten-memcached-6546746864-pg8xh,container_memory_working_set_bytes,2584576.0
1744886042,kashef-k8s-w1.nginx-thrift-79478f9bf5-h66tn,container_memory_working_set_bytes,93478912.0
1744886042,kashef-k8s-w1.media-frontend-6b66b95ff4-xrdq6,container_memory_working_set_bytes,8081408.0
1744886042,kashef-k8s-w1.media-service-6c665c775d-s7hl8,container_memory_working_set_bytes,1925120.0
1744886042,kashef-k8s-ctl.user-timeline-mongodb-6758898d48-gggfw,container_memory_working_set_bytes,61714432.0
1744886042,kashef-k8s-ctl.user-mongodb-7745bbd78-xrw2n,container_memory_working_set_bytes,59490304.0
1744886042,kashef-k8s-w1.url-shorten-service-66949ddcc4-xlfmt,container_memory_working_set_bytes,4378624.0
1744886048,kashef-k8s-w1.user-memcached-59687c864d-d5rb5,container_memory_working_set_bytes,3141632.0
1744886048,kashef-k8s-w1.url-shorten-service-66949ddcc4-xlfmt,container_memory_working_set_bytes,4378624.0
1744886048,kashef-k8s-ctl.user-timeline-mongodb-6758898d48-gggfw,container_memory_working_set_bytes,61837312.0
1744886048,kashef-k8s-w1.nginx-thrift-79478f9bf5-h66tn,container_memory_working_set_bytes,93478912.0
1744886048,kashef-k8s-ctl.post-storage-memcached-6b75788fc6-gnd8c,container_memory_working_set_bytes,2600960.0
1744886048,kashef-k8s-w1.media-service-6c665c775d-s7hl8,container_memory_working_set_bytes,1925120.0
1744886048,kashef-k8s-ctl.user-timeline-redis-67cc95bc57-klp4b,container_memory_working_set_bytes,4046848.0
1744886048,kashef-k8s-ctl.user-mongodb-7745bbd78-xrw2n,container_memory_working_set_bytes,59490304.0
1744886048,kashef-k8s-w1.media-frontend-6b66b95ff4-xrdq6,container_memory_working_set_bytes,8081408.0
1744886048,kashef-k8s-w1.text-service-fff64b8bf-v9dsr,container_memory_working_set_bytes,1945600.0
1744886048,kashef-k8s-w1.user-timeline-service-664c7f6696-fvhv9,container_memory_working_set_bytes,2473984.0
1744886048,kashef-k8s-ctl.home-timeline-redis-6c6647df6f-5vgsk,container_memory_working_set_bytes,8065024.0
1744886048,kashef-k8s-ctl.url-shorten-mongodb-57c886d5f8-2m8fs,container_memory_working_set_bytes,59715584.0
1744886048,kashef-k8s-ctl.url-shorten-memcached-6546746864-pg8xh,container_memory_working_set_bytes,2584576.0
1744886048,kashef-k8s-w1.post-storage-service-66c9966f5f-nllkd,container_memory_working_set_bytes,2793472.0
1744886048,kashef-k8s-w1.social-graph-mongodb-55df767ff5-c86pb,container_memory_working_set_bytes,64147456.0
1744886048,kashef-k8s-ctl.social-graph-service-677dbc655c-2tqbt,container_memory_working_set_bytes,2473984.0
1744886048,kashef-k8s-w1.home-timeline-service-5754ffbc6d-zp4pr,container_memory_working_set_bytes,1933312.0
1744886048,kashef-k8s-ctl.media-mongodb-7b64c59567-6ntnm,container_memory_working_set_bytes,58892288.0
1744886048,kashef-k8s-ctl.unique-id-service-694497b678-bzxbf,container_memory_working_set_bytes,1921024.0
1744886048,kashef-k8s-ctl.media-memcached-7889bdfdfb-2thqn,container_memory_working_set_bytes,2621440.0
1744886048,kashef-k8s-ctl.jaeger-67997f9775-tjgc8,container_memory_working_set_bytes,10731520.0
1744886048,kashef-k8s-ctl.post-storage-mongodb-5579669d8c-ckzsx,container_memory_working_set_bytes,59486208.0
1744886048,kashef-k8s-w1.social-graph-redis-5bbd5b7458-tqz7l,container_memory_working_set_bytes,5513216.0
1744886048,kashef-k8s-w1.compose-post-service-f587bf89d-l5zcs,container_memory_working_set_bytes,1949696.0
1744886048,kashef-k8s-w1.user-service-547b88cd8f-mbl6h,container_memory_working_set_bytes,2748416.0
1744886048,kashef-k8s-w1.user-mention-service-5c4f566c5-w4xpc,container_memory_working_set_bytes,2641920.0
1744886054,kashef-k8s-w1.media-frontend-6b66b95ff4-xrdq6,container_memory_working_set_bytes,8081408.0
1744886054,kashef-k8s-w1.nginx-thrift-79478f9bf5-h66tn,container_memory_working_set_bytes,93478912.0
1744886054,kashef-k8s-w1.user-memcached-59687c864d-d5rb5,container_memory_working_set_bytes,3141632.0
1744886054,kashef-k8s-w1.media-service-6c665c775d-s7hl8,container_memory_working_set_bytes,1925120.0
1744886054,kashef-k8s-ctl.post-storage-memcached-6b75788fc6-gnd8c,container_memory_working_set_bytes,2600960.0
1744886054,kashef-k8s-w1.user-timeline-service-664c7f6696-fvhv9,container_memory_working_set_bytes,2473984.0
1744886054,kashef-k8s-ctl.url-shorten-memcached-6546746864-pg8xh,container_memory_working_set_bytes,2584576.0
1744886054,kashef-k8s-w1.social-graph-mongodb-55df767ff5-c86pb,container_memory_working_set_bytes,64147456.0
1744886054,kashef-k8s-ctl.social-graph-service-677dbc655c-2tqbt,container_memory_working_set_bytes,2473984.0
1744886054,kashef-k8s-w1.post-storage-service-66c9966f5f-nllkd,container_memory_working_set_bytes,2793472.0
1744886054,kashef-k8s-ctl.user-timeline-redis-67cc95bc57-klp4b,container_memory_working_set_bytes,4046848.0
1744886054,kashef-k8s-ctl.home-timeline-redis-6c6647df6f-5vgsk,container_memory_working_set_bytes,8065024.0
1744886054,kashef-k8s-ctl.url-shorten-mongodb-57c886d5f8-2m8fs,container_memory_working_set_bytes,59715584.0
1744886054,kashef-k8s-w1.url-shorten-service-66949ddcc4-xlfmt,container_memory_working_set_bytes,4378624.0
1744886054,kashef-k8s-w1.social-graph-redis-5bbd5b7458-tqz7l,container_memory_working_set_bytes,5513216.0
1744886054,kashef-k8s-w1.user-mention-service-5c4f566c5-w4xpc,container_memory_working_set_bytes,2641920.0
1744886054,kashef-k8s-w1.user-service-547b88cd8f-mbl6h,container_memory_working_set_bytes,2748416.0
1744886054,kashef-k8s-w1.compose-post-service-f587bf89d-l5zcs,container_memory_working_set_bytes,1949696.0
1744886054,kashef-k8s-w1.home-timeline-service-5754ffbc6d-zp4pr,container_memory_working_set_bytes,1933312.0
1744886054,kashef-k8s-w1.text-service-fff64b8bf-v9dsr,container_memory_working_set_bytes,1945600.0
1744886054,kashef-k8s-ctl.media-memcached-7889bdfdfb-2thqn,container_memory_working_set_bytes,2621440.0
1744886054,kashef-k8s-ctl.unique-id-service-694497b678-bzxbf,container_memory_working_set_bytes,1921024.0
1744886054,kashef-k8s-ctl.media-mongodb-7b64c59567-6ntnm,container_memory_working_set_bytes,58892288.0
1744886054,kashef-k8s-ctl.jaeger-67997f9775-tjgc8,container_memory_working_set_bytes,10731520.0
1744886054,kashef-k8s-ctl.user-mongodb-7745bbd78-xrw2n,container_memory_working_set_bytes,59490304.0
1744886054,kashef-k8s-ctl.user-timeline-mongodb-6758898d48-gggfw,container_memory_working_set_bytes,61837312.0
1744886054,kashef-k8s-ctl.post-storage-mongodb-5579669d8c-ckzsx,container_memory_working_set_bytes,59486208.0
1744886060,kashef-k8s-w1.social-graph-redis-5bbd5b7458-tqz7l,container_memory_working_set_bytes,5513216.0
1744886060,kashef-k8s-ctl.jaeger-67997f9775-tjgc8,container_memory_working_set_bytes,10731520.0
1744886060,kashef-k8s-ctl.social-graph-service-677dbc655c-2tqbt,container_memory_working_set_bytes,2473984.0
1744886060,kashef-k8s-w1.user-service-547b88cd8f-mbl6h,container_memory_working_set_bytes,2748416.0
1744886060,kashef-k8s-ctl.user-timeline-mongodb-6758898d48-gggfw,container_memory_working_set_bytes,61837312.0
1744886060,kashef-k8s-ctl.url-shorten-memcached-6546746864-pg8xh,container_memory_working_set_bytes,2584576.0
1744886060,kashef-k8s-w1.social-graph-mongodb-55df767ff5-c86pb,container_memory_working_set_bytes,64147456.0
1744886060,kashef-k8s-w1.user-mention-service-5c4f566c5-w4xpc,container_memory_working_set_bytes,2641920.0
1744886060,kashef-k8s-w1.text-service-fff64b8bf-v9dsr,container_memory_working_set_bytes,1945600.0
1744886060,kashef-k8s-ctl.url-shorten-mongodb-57c886d5f8-2m8fs,container_memory_working_set_bytes,59871232.0
1744886060,kashef-k8s-ctl.home-timeline-redis-6c6647df6f-5vgsk,container_memory_working_set_bytes,8065024.0
1744886060,kashef-k8s-w1.user-timeline-service-664c7f6696-fvhv9,container_memory_working_set_bytes,2473984.0
1744886060,kashef-k8s-w1.compose-post-service-f587bf89d-l5zcs,container_memory_working_set_bytes,1949696.0
1744886060,kashef-k8s-w1.nginx-thrift-79478f9bf5-h66tn,container_memory_working_set_bytes,93478912.0
1744886060,kashef-k8s-ctl.post-storage-mongodb-5579669d8c-ckzsx,container_memory_working_set_bytes,59871232.0
1744886060,kashef-k8s-w1.media-frontend-6b66b95ff4-xrdq6,container_memory_working_set_bytes,8081408.0
1744886060,kashef-k8s-w1.media-service-6c665c775d-s7hl8,container_memory_working_set_bytes,1925120.0
1744886060,kashef-k8s-ctl.user-timeline-redis-67cc95bc57-klp4b,container_memory_working_set_bytes,4046848.0
1744886060,kashef-k8s-ctl.media-mongodb-7b64c59567-6ntnm,container_memory_working_set_bytes,58892288.0
1744886060,kashef-k8s-w1.user-memcached-59687c864d-d5rb5,container_memory_working_set_bytes,3141632.0
1744886060,kashef-k8s-ctl.media-memcached-7889bdfdfb-2thqn,container_memory_working_set_bytes,2621440.0
1744886060,kashef-k8s-ctl.unique-id-service-694497b678-bzxbf,container_memory_working_set_bytes,1921024.0
1744886060,kashef-k8s-w1.url-shorten-service-66949ddcc4-xlfmt,container_memory_working_set_bytes,4378624.0
1744886060,kashef-k8s-ctl.user-mongodb-7745bbd78-xrw2n,container_memory_working_set_bytes,59727872.0
1744886060,kashef-k8s-ctl.post-storage-memcached-6b75788fc6-gnd8c,container_memory_working_set_bytes,2600960.0
1744886060,kashef-k8s-w1.home-timeline-service-5754ffbc6d-zp4pr,container_memory_working_set_bytes,1933312.0
1744886060,kashef-k8s-w1.post-storage-service-66c9966f5f-nllkd,container_memory_working_set_bytes,2793472.0
1744886066,kashef-k8s-ctl.user-timeline-mongodb-6758898d48-gggfw,container_memory_working_set_bytes,61837312.0
1744886066,kashef-k8s-w1.compose-post-service-f587bf89d-l5zcs,container_memory_working_set_bytes,1949696.0
1744886066,kashef-k8s-w1.user-memcached-59687c864d-d5rb5,container_memory_working_set_bytes,3141632.0
1744886066,kashef-k8s-ctl.social-graph-service-677dbc655c-2tqbt,container_memory_working_set_bytes,2473984.0
1744886066,kashef-k8s-w1.social-graph-mongodb-55df767ff5-c86pb,container_memory_working_set_bytes,64434176.0
1744886066,kashef-k8s-w1.user-mention-service-5c4f566c5-w4xpc,container_memory_working_set_bytes,2641920.0
1744886066,kashef-k8s-w1.user-timeline-service-664c7f6696-fvhv9,container_memory_working_set_bytes,2473984.0
1744886066,kashef-k8s-w1.social-graph-redis-5bbd5b7458-tqz7l,container_memory_working_set_bytes,5513216.0
1744886066,kashef-k8s-ctl.post-storage-mongodb-5579669d8c-ckzsx,container_memory_working_set_bytes,59871232.0
1744886066,kashef-k8s-ctl.user-mongodb-7745bbd78-xrw2n,container_memory_working_set_bytes,59727872.0
1744886066,kashef-k8s-w1.media-frontend-6b66b95ff4-xrdq6,container_memory_working_set_bytes,8081408.0
1744886066,kashef-k8s-ctl.url-shorten-memcached-6546746864-pg8xh,container_memory_working_set_bytes,2584576.0
1744886066,kashef-k8s-w1.nginx-thrift-79478f9bf5-h66tn,container_memory_working_set_bytes,93478912.0
1744886066,kashef-k8s-w1.user-service-547b88cd8f-mbl6h,container_memory_working_set_bytes,2748416.0
1744886066,kashef-k8s-ctl.media-memcached-7889bdfdfb-2thqn,container_memory_working_set_bytes,2621440.0
1744886066,kashef-k8s-ctl.jaeger-67997f9775-tjgc8,container_memory_working_set_bytes,10731520.0
1744886066,kashef-k8s-w1.home-timeline-service-5754ffbc6d-zp4pr,container_memory_working_set_bytes,1933312.0
1744886066,kashef-k8s-ctl.home-timeline-redis-6c6647df6f-5vgsk,container_memory_working_set_bytes,8065024.0
1744886066,kashef-k8s-w1.post-storage-service-66c9966f5f-nllkd,container_memory_working_set_bytes,2793472.0
1744886066,kashef-k8s-w1.text-service-fff64b8bf-v9dsr,container_memory_working_set_bytes,1945600.0
1744886066,kashef-k8s-w1.media-service-6c665c775d-s7hl8,container_memory_working_set_bytes,1925120.0
1744886066,kashef-k8s-ctl.media-mongodb-7b64c59567-6ntnm,container_memory_working_set_bytes,58892288.0
1744886066,kashef-k8s-ctl.user-timeline-redis-67cc95bc57-klp4b,container_memory_working_set_bytes,4046848.0
1744886066,kashef-k8s-ctl.post-storage-memcached-6b75788fc6-gnd8c,container_memory_working_set_bytes,2600960.0
1744886066,kashef-k8s-ctl.unique-id-service-694497b678-bzxbf,container_memory_working_set_bytes,1921024.0
1744886066,kashef-k8s-ctl.url-shorten-mongodb-57c886d5f8-2m8fs,container_memory_working_set_bytes,59871232.0
1744886066,kashef-k8s-w1.url-shorten-service-66949ddcc4-xlfmt,container_memory_working_set_bytes,4378624.0
1744886072,kashef-k8s-ctl.jaeger-67997f9775-tjgc8,container_memory_working_set_bytes,10731520.0
1744886072,kashef-k8s-w1.url-shorten-service-66949ddcc4-xlfmt,container_memory_working_set_bytes,4378624.0
1744886072,kashef-k8s-ctl.user-mongodb-7745bbd78-xrw2n,container_memory_working_set_bytes,59727872.0
1744886072,kashef-k8s-ctl.url-shorten-mongodb-57c886d5f8-2m8fs,container_memory_working_set_bytes,59871232.0
1744886072,kashef-k8s-ctl.media-mongodb-7b64c59567-6ntnm,container_memory_working_set_bytes,58892288.0
1744886072,kashef-k8s-ctl.unique-id-service-694497b678-bzxbf,container_memory_working_set_bytes,1921024.0
1744886072,kashef-k8s-w1.home-timeline-service-5754ffbc6d-zp4pr,container_memory_working_set_bytes,1933312.0
1744886072,kashef-k8s-w1.user-mention-service-5c4f566c5-w4xpc,container_memory_working_set_bytes,2641920.0
1744886072,kashef-k8s-w1.text-service-fff64b8bf-v9dsr,container_memory_working_set_bytes,1945600.0
1744886072,kashef-k8s-ctl.post-storage-memcached-6b75788fc6-gnd8c,container_memory_working_set_bytes,2600960.0
1744886072,kashef-k8s-w1.post-storage-service-66c9966f5f-nllkd,container_memory_working_set_bytes,2793472.0
1744886072,kashef-k8s-ctl.user-timeline-redis-67cc95bc57-klp4b,container_memory_working_set_bytes,4046848.0
1744886072,kashef-k8s-w1.social-graph-mongodb-55df767ff5-c86pb,container_memory_working_set_bytes,64434176.0
1744886072,kashef-k8s-w1.nginx-thrift-79478f9bf5-h66tn,container_memory_working_set_bytes,93478912.0
1744886072,kashef-k8s-w1.media-service-6c665c775d-s7hl8,container_memory_working_set_bytes,1925120.0
1744886072,kashef-k8s-ctl.home-timeline-redis-6c6647df6f-5vgsk,container_memory_working_set_bytes,8065024.0
1744886072,kashef-k8s-w1.media-frontend-6b66b95ff4-xrdq6,container_memory_working_set_bytes,8937472.0
1744886072,kashef-k8s-ctl.url-shorten-memcached-6546746864-pg8xh,container_memory_working_set_bytes,2584576.0
1744886072,kashef-k8s-w1.user-timeline-service-664c7f6696-fvhv9,container_memory_working_set_bytes,2473984.0
1744886072,kashef-k8s-ctl.post-storage-mongodb-5579669d8c-ckzsx,container_memory_working_set_bytes,59871232.0
1744886072,kashef-k8s-w1.social-graph-redis-5bbd5b7458-tqz7l,container_memory_working_set_bytes,5509120.0
1744886072,kashef-k8s-ctl.user-timeline-mongodb-6758898d48-gggfw,container_memory_working_set_bytes,61837312.0
1744886072,kashef-k8s-w1.user-service-547b88cd8f-mbl6h,container_memory_working_set_bytes,2748416.0
1744886072,kashef-k8s-ctl.social-graph-service-677dbc655c-2tqbt,container_memory_working_set_bytes,2473984.0
1744886072,kashef-k8s-w1.user-memcached-59687c864d-d5rb5,container_memory_working_set_bytes,3141632.0
1744886072,kashef-k8s-w1.compose-post-service-f587bf89d-l5zcs,container_memory_working_set_bytes,1949696.0
1744886072,kashef-k8s-ctl.media-memcached-7889bdfdfb-2thqn,container_memory_working_set_bytes,2621440.0
1744886078,kashef-k8s-w1.compose-post-service-f587bf89d-l5zcs,container_memory_working_set_bytes,1949696.0
1744886078,kashef-k8s-ctl.jaeger-67997f9775-tjgc8,container_memory_working_set_bytes,10731520.0
1744886078,kashef-k8s-w1.user-memcached-59687c864d-d5rb5,container_memory_working_set_bytes,3141632.0
1744886078,kashef-k8s-ctl.media-mongodb-7b64c59567-6ntnm,container_memory_working_set_bytes,58892288.0
1744886078,kashef-k8s-w1.media-service-6c665c775d-s7hl8,container_memory_working_set_bytes,1925120.0
1744886078,kashef-k8s-ctl.user-timeline-redis-67cc95bc57-klp4b,container_memory_working_set_bytes,4046848.0
1744886078,kashef-k8s-w1.social-graph-mongodb-55df767ff5-c86pb,container_memory_working_set_bytes,64434176.0
1744886078,kashef-k8s-ctl.social-graph-service-677dbc655c-2tqbt,container_memory_working_set_bytes,2473984.0
1744886078,kashef-k8s-w1.nginx-thrift-79478f9bf5-h66tn,container_memory_working_set_bytes,93478912.0
1744886078,kashef-k8s-w1.text-service-fff64b8bf-v9dsr,container_memory_working_set_bytes,1945600.0
1744886078,kashef-k8s-w1.media-frontend-6b66b95ff4-xrdq6,container_memory_working_set_bytes,8937472.0
1744886078,kashef-k8s-ctl.post-storage-memcached-6b75788fc6-gnd8c,container_memory_working_set_bytes,2600960.0
1744886078,kashef-k8s-w1.home-timeline-service-5754ffbc6d-zp4pr,container_memory_working_set_bytes,1933312.0
1744886078,kashef-k8s-ctl.post-storage-mongodb-5579669d8c-ckzsx,container_memory_working_set_bytes,59871232.0
1744886078,kashef-k8s-ctl.url-shorten-mongodb-57c886d5f8-2m8fs,container_memory_working_set_bytes,60002304.0
1744886078,kashef-k8s-w1.user-mention-service-5c4f566c5-w4xpc,container_memory_working_set_bytes,2641920.0
1744886078,kashef-k8s-ctl.url-shorten-memcached-6546746864-pg8xh,container_memory_working_set_bytes,2584576.0
1744886078,kashef-k8s-w1.post-storage-service-66c9966f5f-nllkd,container_memory_working_set_bytes,2793472.0
1744886078,kashef-k8s-ctl.media-memcached-7889bdfdfb-2thqn,container_memory_working_set_bytes,2621440.0
1744886078,kashef-k8s-ctl.home-timeline-redis-6c6647df6f-5vgsk,container_memory_working_set_bytes,8065024.0
1744886078,kashef-k8s-w1.social-graph-redis-5bbd5b7458-tqz7l,container_memory_working_set_bytes,5509120.0
1744886078,kashef-k8s-ctl.user-timeline-mongodb-6758898d48-gggfw,container_memory_working_set_bytes,61927424.0
1744886078,kashef-k8s-w1.user-timeline-service-664c7f6696-fvhv9,container_memory_working_set_bytes,2473984.0
1744886078,kashef-k8s-w1.url-shorten-service-66949ddcc4-xlfmt,container_memory_working_set_bytes,4378624.0
1744886078,kashef-k8s-ctl.unique-id-service-694497b678-bzxbf,container_memory_working_set_bytes,1921024.0
1744886078,kashef-k8s-ctl.user-mongodb-7745bbd78-xrw2n,container_memory_working_set_bytes,59727872.0
1744886078,kashef-k8s-w1.user-service-547b88cd8f-mbl6h,container_memory_working_set_bytes,2748416.0
1744886084,kashef-k8s-w1.social-graph-mongodb-55df767ff5-c86pb,container_memory_working_set_bytes,64434176.0
1744886084,kashef-k8s-w1.media-service-6c665c775d-s7hl8,container_memory_working_set_bytes,1925120.0
1744886084,kashef-k8s-ctl.media-mongodb-7b64c59567-6ntnm,container_memory_working_set_bytes,59281408.0
1744886084,kashef-k8s-w1.compose-post-service-f587bf89d-l5zcs,container_memory_working_set_bytes,1949696.0
1744886084,kashef-k8s-ctl.user-timeline-redis-67cc95bc57-klp4b,container_memory_working_set_bytes,4046848.0
1744886084,kashef-k8s-ctl.url-shorten-memcached-6546746864-pg8xh,container_memory_working_set_bytes,2584576.0
1744886084,kashef-k8s-w1.post-storage-service-66c9966f5f-nllkd,container_memory_working_set_bytes,2793472.0
1744886084,kashef-k8s-ctl.post-storage-memcached-6b75788fc6-gnd8c,container_memory_working_set_bytes,2600960.0
1744886084,kashef-k8s-ctl.post-storage-mongodb-5579669d8c-ckzsx,container_memory_working_set_bytes,59871232.0
1744886084,kashef-k8s-w1.user-mention-service-5c4f566c5-w4xpc,container_memory_working_set_bytes,2641920.0
1744886084,kashef-k8s-w1.nginx-thrift-79478f9bf5-h66tn,container_memory_working_set_bytes,93478912.0
1744886084,kashef-k8s-ctl.url-shorten-mongodb-57c886d5f8-2m8fs,container_memory_working_set_bytes,60002304.0
1744886084,kashef-k8s-w1.home-timeline-service-5754ffbc6d-zp4pr,container_memory_working_set_bytes,1933312.0
1744886084,kashef-k8s-ctl.social-graph-service-677dbc655c-2tqbt,container_memory_working_set_bytes,2473984.0
1744886084,kashef-k8s-ctl.user-timeline-mongodb-6758898d48-gggfw,container_memory_working_set_bytes,61927424.0
1744886084,kashef-k8s-w1.user-service-547b88cd8f-mbl6h,container_memory_working_set_bytes,2748416.0
1744886084,kashef-k8s-ctl.media-memcached-7889bdfdfb-2thqn,container_memory_working_set_bytes,2621440.0
1744886084,kashef-k8s-w1.user-timeline-service-664c7f6696-fvhv9,container_memory_working_set_bytes,2473984.0
1744886084,kashef-k8s-ctl.jaeger-67997f9775-tjgc8,container_memory_working_set_bytes,10731520.0
1744886084,kashef-k8s-w1.text-service-fff64b8bf-v9dsr,container_memory_working_set_bytes,1945600.0
1744886084,kashef-k8s-w1.media-frontend-6b66b95ff4-xrdq6,container_memory_working_set_bytes,8937472.0
1744886084,kashef-k8s-ctl.user-mongodb-7745bbd78-xrw2n,container_memory_working_set_bytes,59871232.0
1744886084,kashef-k8s-w1.social-graph-redis-5bbd5b7458-tqz7l,container_memory_working_set_bytes,5509120.0
1744886084,kashef-k8s-ctl.home-timeline-redis-6c6647df6f-5vgsk,container_memory_working_set_bytes,8065024.0
1744886084,kashef-k8s-ctl.unique-id-service-694497b678-bzxbf,container_memory_working_set_bytes,1921024.0
1744886084,kashef-k8s-w1.url-shorten-service-66949ddcc4-xlfmt,container_memory_working_set_bytes,4378624.0
1744886084,kashef-k8s-w1.user-memcached-59687c864d-d5rb5,container_memory_working_set_bytes,3141632.0
1744886090,kashef-k8s-w1.nginx-thrift-79478f9bf5-h66tn,container_memory_working_set_bytes,93478912.0
1744886090,kashef-k8s-ctl.user-timeline-mongodb-6758898d48-gggfw,container_memory_working_set_bytes,61927424.0
1744886090,kashef-k8s-ctl.jaeger-67997f9775-tjgc8,container_memory_working_set_bytes,10731520.0
1744886090,kashef-k8s-w1.user-timeline-service-664c7f6696-fvhv9,container_memory_working_set_bytes,2473984.0
1744886090,kashef-k8s-w1.media-service-6c665c775d-s7hl8,container_memory_working_set_bytes,1925120.0
1744886090,kashef-k8s-w1.social-graph-mongodb-55df767ff5-c86pb,container_memory_working_set_bytes,64434176.0
1744886090,kashef-k8s-w1.post-storage-service-66c9966f5f-nllkd,container_memory_working_set_bytes,2793472.0
1744886090,kashef-k8s-ctl.url-shorten-mongodb-57c886d5f8-2m8fs,container_memory_working_set_bytes,60002304.0
1744886090,kashef-k8s-ctl.media-mongodb-7b64c59567-6ntnm,container_memory_working_set_bytes,59281408.0
1744886090,kashef-k8s-ctl.unique-id-service-694497b678-bzxbf,container_memory_working_set_bytes,1921024.0
1744886090,kashef-k8s-w1.url-shorten-service-66949ddcc4-xlfmt,container_memory_working_set_bytes,4378624.0
1744886090,kashef-k8s-ctl.url-shorten-memcached-6546746864-pg8xh,container_memory_working_set_bytes,2584576.0
1744886090,kashef-k8s-ctl.user-timeline-redis-67cc95bc57-klp4b,container_memory_working_set_bytes,4046848.0
1744886090,kashef-k8s-ctl.social-graph-service-677dbc655c-2tqbt,container_memory_working_set_bytes,2473984.0
1744886090,kashef-k8s-w1.social-graph-redis-5bbd5b7458-tqz7l,container_memory_working_set_bytes,5509120.0
1744886090,kashef-k8s-ctl.home-timeline-redis-6c6647df6f-5vgsk,container_memory_working_set_bytes,8069120.0
1744886090,kashef-k8s-w1.user-service-547b88cd8f-mbl6h,container_memory_working_set_bytes,2748416.0
1744886090,kashef-k8s-w1.text-service-fff64b8bf-v9dsr,container_memory_working_set_bytes,1945600.0
1744886090,kashef-k8s-ctl.post-storage-memcached-6b75788fc6-gnd8c,container_memory_working_set_bytes,2600960.0
1744886090,kashef-k8s-w1.user-mention-service-5c4f566c5-w4xpc,container_memory_working_set_bytes,2641920.0
1744886090,kashef-k8s-ctl.post-storage-mongodb-5579669d8c-ckzsx,container_memory_working_set_bytes,59752448.0
1744886090,kashef-k8s-w1.media-frontend-6b66b95ff4-xrdq6,container_memory_working_set_bytes,8937472.0
1744886090,kashef-k8s-ctl.media-memcached-7889bdfdfb-2thqn,container_memory_working_set_bytes,2621440.0
1744886090,kashef-k8s-ctl.user-mongodb-7745bbd78-xrw2n,container_memory_working_set_bytes,59871232.0
1744886090,kashef-k8s-w1.home-timeline-service-5754ffbc6d-zp4pr,container_memory_working_set_bytes,1933312.0
1744886090,kashef-k8s-w1.user-memcached-59687c864d-d5rb5,container_memory_working_set_bytes,3141632.0
1744886090,kashef-k8s-w1.compose-post-service-f587bf89d-l5zcs,container_memory_working_set_bytes,1949696.0
1744886096,kashef-k8s-ctl.url-shorten-mongodb-57c886d5f8-2m8fs,container_memory_working_set_bytes,60002304.0
1744886096,kashef-k8s-w1.media-service-6c665c775d-s7hl8,container_memory_working_set_bytes,1925120.0
1744886096,kashef-k8s-w1.post-storage-service-66c9966f5f-nllkd,container_memory_working_set_bytes,2793472.0
1744886096,kashef-k8s-ctl.media-mongodb-7b64c59567-6ntnm,container_memory_working_set_bytes,59281408.0
1744886096,kashef-k8s-ctl.unique-id-service-694497b678-bzxbf,container_memory_working_set_bytes,1921024.0
1744886096,kashef-k8s-w1.home-timeline-service-5754ffbc6d-zp4pr,container_memory_working_set_bytes,1933312.0
1744886096,kashef-k8s-w1.url-shorten-service-66949ddcc4-xlfmt,container_memory_working_set_bytes,4378624.0
1744886096,kashef-k8s-ctl.url-shorten-memcached-6546746864-pg8xh,container_memory_working_set_bytes,2584576.0
1744886096,kashef-k8s-ctl.social-graph-service-677dbc655c-2tqbt,container_memory_working_set_bytes,2473984.0
1744886096,kashef-k8s-w1.user-service-547b88cd8f-mbl6h,container_memory_working_set_bytes,2748416.0
1744886096,kashef-k8s-ctl.post-storage-mongodb-5579669d8c-ckzsx,container_memory_working_set_bytes,59752448.0
1744886096,kashef-k8s-w1.media-frontend-6b66b95ff4-xrdq6,container_memory_working_set_bytes,8187904.0
1744886096,kashef-k8s-ctl.home-timeline-redis-6c6647df6f-5vgsk,container_memory_working_set_bytes,8069120.0
1744886096,kashef-k8s-ctl.user-timeline-redis-67cc95bc57-klp4b,container_memory_working_set_bytes,4046848.0
1744886096,kashef-k8s-w1.social-graph-mongodb-55df767ff5-c86pb,container_memory_working_set_bytes,64434176.0
1744886096,kashef-k8s-w1.text-service-fff64b8bf-v9dsr,container_memory_working_set_bytes,1945600.0
1744886096,kashef-k8s-ctl.post-storage-memcached-6b75788fc6-gnd8c,container_memory_working_set_bytes,2600960.0
1744886096,kashef-k8s-w1.social-graph-redis-5bbd5b7458-tqz7l,container_memory_working_set_bytes,5509120.0
1744886096,kashef-k8s-ctl.media-memcached-7889bdfdfb-2thqn,container_memory_working_set_bytes,2621440.0
1744886096,kashef-k8s-w1.user-mention-service-5c4f566c5-w4xpc,container_memory_working_set_bytes,2641920.0
1744886096,kashef-k8s-w1.user-timeline-service-664c7f6696-fvhv9,container_memory_working_set_bytes,2473984.0
1744886096,kashef-k8s-w1.nginx-thrift-79478f9bf5-h66tn,container_memory_working_set_bytes,93478912.0
1744886096,kashef-k8s-w1.compose-post-service-f587bf89d-l5zcs,container_memory_working_set_bytes,1949696.0
1744886096,kashef-k8s-w1.user-memcached-59687c864d-d5rb5,container_memory_working_set_bytes,3141632.0
1744886096,kashef-k8s-ctl.user-timeline-mongodb-6758898d48-gggfw,container_memory_working_set_bytes,61927424.0
1744886096,kashef-k8s-ctl.jaeger-67997f9775-tjgc8,container_memory_working_set_bytes,10731520.0
1744886096,kashef-k8s-ctl.user-mongodb-7745bbd78-xrw2n,container_memory_working_set_bytes,59871232.0
1744886102,kashef-k8s-w1.user-memcached-59687c864d-d5rb5,container_memory_working_set_bytes,3141632.0
1744886102,kashef-k8s-ctl.jaeger-67997f9775-tjgc8,container_memory_working_set_bytes,10731520.0
1744886102,kashef-k8s-ctl.user-mongodb-7745bbd78-xrw2n,container_memory_working_set_bytes,59871232.0
1744886102,kashef-k8s-w1.user-service-547b88cd8f-mbl6h,container_memory_working_set_bytes,2748416.0
1744886102,kashef-k8s-w1.nginx-thrift-79478f9bf5-h66tn,container_memory_working_set_bytes,93478912.0
1744886102,kashef-k8s-ctl.post-storage-mongodb-5579669d8c-ckzsx,container_memory_working_set_bytes,59752448.0
1744886102,kashef-k8s-ctl.url-shorten-memcached-6546746864-pg8xh,container_memory_working_set_bytes,2584576.0
1744886102,kashef-k8s-w1.compose-post-service-f587bf89d-l5zcs,container_memory_working_set_bytes,1949696.0
1744886102,kashef-k8s-w1.social-graph-mongodb-55df767ff5-c86pb,container_memory_working_set_bytes,64434176.0
1744886102,kashef-k8s-w1.user-mention-service-5c4f566c5-w4xpc,container_memory_working_set_bytes,2641920.0
1744886102,kashef-k8s-ctl.unique-id-service-694497b678-bzxbf,container_memory_working_set_bytes,1921024.0
1744886102,kashef-k8s-ctl.user-timeline-redis-67cc95bc57-klp4b,container_memory_working_set_bytes,4046848.0
1744886102,kashef-k8s-ctl.home-timeline-redis-6c6647df6f-5vgsk,container_memory_working_set_bytes,8069120.0
1744886102,kashef-k8s-w1.social-graph-redis-5bbd5b7458-tqz7l,container_memory_working_set_bytes,5378048.0
1744886102,kashef-k8s-ctl.post-storage-memcached-6b75788fc6-gnd8c,container_memory_working_set_bytes,2600960.0
1744886102,kashef-k8s-w1.text-service-fff64b8bf-v9dsr,container_memory_working_set_bytes,1945600.0
1744886102,kashef-k8s-ctl.url-shorten-mongodb-57c886d5f8-2m8fs,container_memory_working_set_bytes,60002304.0
1744886102,kashef-k8s-w1.home-timeline-service-5754ffbc6d-zp4pr,container_memory_working_set_bytes,1933312.0
1744886102,kashef-k8s-ctl.user-timeline-mongodb-6758898d48-gggfw,container_memory_working_set_bytes,61927424.0
1744886102,kashef-k8s-w1.post-storage-service-66c9966f5f-nllkd,container_memory_working_set_bytes,2793472.0
1744886102,kashef-k8s-w1.url-shorten-service-66949ddcc4-xlfmt,container_memory_working_set_bytes,4378624.0
1744886102,kashef-k8s-w1.media-service-6c665c775d-s7hl8,container_memory_working_set_bytes,1925120.0
1744886102,kashef-k8s-ctl.media-memcached-7889bdfdfb-2thqn,container_memory_working_set_bytes,2621440.0
1744886102,kashef-k8s-w1.media-frontend-6b66b95ff4-xrdq6,container_memory_working_set_bytes,8187904.0
1744886102,kashef-k8s-w1.user-timeline-service-664c7f6696-fvhv9,container_memory_working_set_bytes,2473984.0
1744886102,kashef-k8s-ctl.media-mongodb-7b64c59567-6ntnm,container_memory_working_set_bytes,59281408.0
1744886102,kashef-k8s-ctl.social-graph-service-677dbc655c-2tqbt,container_memory_working_set_bytes,2473984.0
1744886108,kashef-k8s-w1.user-mention-service-5c4f566c5-w4xpc,container_memory_working_set_bytes,2641920.0
1744886108,kashef-k8s-ctl.user-mongodb-7745bbd78-xrw2n,container_memory_working_set_bytes,59871232.0
1744886108,kashef-k8s-w1.user-memcached-59687c864d-d5rb5,container_memory_working_set_bytes,3141632.0
1744886108,kashef-k8s-w1.compose-post-service-f587bf89d-l5zcs,container_memory_working_set_bytes,1949696.0
1744886108,kashef-k8s-w1.text-service-fff64b8bf-v9dsr,container_memory_working_set_bytes,1945600.0
1744886108,kashef-k8s-ctl.home-timeline-redis-6c6647df6f-5vgsk,container_memory_working_set_bytes,8069120.0
1744886108,kashef-k8s-ctl.url-shorten-mongodb-57c886d5f8-2m8fs,container_memory_working_set_bytes,60002304.0
1744886108,kashef-k8s-w1.social-graph-mongodb-55df767ff5-c86pb,container_memory_working_set_bytes,64622592.0
1744886108,kashef-k8s-ctl.social-graph-service-677dbc655c-2tqbt,container_memory_working_set_bytes,2473984.0
1744886108,kashef-k8s-w1.media-frontend-6b66b95ff4-xrdq6,container_memory_working_set_bytes,8187904.0
1744886108,kashef-k8s-ctl.user-timeline-redis-67cc95bc57-klp4b,container_memory_working_set_bytes,4046848.0
1744886108,kashef-k8s-w1.social-graph-redis-5bbd5b7458-tqz7l,container_memory_working_set_bytes,5378048.0
1744886108,kashef-k8s-ctl.unique-id-service-694497b678-bzxbf,container_memory_working_set_bytes,1921024.0
1744886108,kashef-k8s-w1.nginx-thrift-79478f9bf5-h66tn,container_memory_working_set_bytes,93478912.0
1744886108,kashef-k8s-ctl.media-memcached-7889bdfdfb-2thqn,container_memory_working_set_bytes,2621440.0
1744886108,kashef-k8s-w1.media-service-6c665c775d-s7hl8,container_memory_working_set_bytes,1925120.0
1744886108,kashef-k8s-ctl.post-storage-memcached-6b75788fc6-gnd8c,container_memory_working_set_bytes,2600960.0
1744886108,kashef-k8s-w1.home-timeline-service-5754ffbc6d-zp4pr,container_memory_working_set_bytes,1933312.0
1744886108,kashef-k8s-ctl.media-mongodb-7b64c59567-6ntnm,container_memory_working_set_bytes,59281408.0
1744886108,kashef-k8s-ctl.url-shorten-memcached-6546746864-pg8xh,container_memory_working_set_bytes,2584576.0
1744886108,kashef-k8s-ctl.jaeger-67997f9775-tjgc8,container_memory_working_set_bytes,10731520.0
1744886108,kashef-k8s-ctl.user-timeline-mongodb-6758898d48-gggfw,container_memory_working_set_bytes,61927424.0
1744886108,kashef-k8s-w1.user-service-547b88cd8f-mbl6h,container_memory_working_set_bytes,2748416.0
1744886108,kashef-k8s-ctl.post-storage-mongodb-5579669d8c-ckzsx,container_memory_working_set_bytes,59752448.0
1744886108,kashef-k8s-w1.url-shorten-service-66949ddcc4-xlfmt,container_memory_working_set_bytes,4378624.0
1744886108,kashef-k8s-w1.user-timeline-service-664c7f6696-fvhv9,container_memory_working_set_bytes,2473984.0
1744886108,kashef-k8s-w1.post-storage-service-66c9966f5f-nllkd,container_memory_working_set_bytes,2793472.0
1744886114,kashef-k8s-w1.user-service-547b88cd8f-mbl6h,container_memory_working_set_bytes,2748416.0
1744886114,kashef-k8s-ctl.media-mongodb-7b64c59567-6ntnm,container_memory_working_set_bytes,59281408.0
1744886114,kashef-k8s-ctl.media-memcached-7889bdfdfb-2thqn,container_memory_working_set_bytes,2621440.0
1744886114,kashef-k8s-w1.home-timeline-service-5754ffbc6d-zp4pr,container_memory_working_set_bytes,1933312.0
1744886114,kashef-k8s-ctl.user-timeline-mongodb-6758898d48-gggfw,container_memory_working_set_bytes,61927424.0
1744886114,kashef-k8s-w1.url-shorten-service-66949ddcc4-xlfmt,container_memory_working_set_bytes,4378624.0
1744886114,kashef-k8s-w1.media-service-6c665c775d-s7hl8,container_memory_working_set_bytes,1925120.0
1744886114,kashef-k8s-w1.text-service-fff64b8bf-v9dsr,container_memory_working_set_bytes,1945600.0
1744886114,kashef-k8s-ctl.home-timeline-redis-6c6647df6f-5vgsk,container_memory_working_set_bytes,8069120.0
1744886114,kashef-k8s-w1.user-mention-service-5c4f566c5-w4xpc,container_memory_working_set_bytes,2641920.0
1744886114,kashef-k8s-w1.user-timeline-service-664c7f6696-fvhv9,container_memory_working_set_bytes,2473984.0
1744886114,kashef-k8s-w1.media-frontend-6b66b95ff4-xrdq6,container_memory_working_set_bytes,8187904.0
1744886114,kashef-k8s-ctl.post-storage-mongodb-5579669d8c-ckzsx,container_memory_working_set_bytes,59752448.0
1744886114,kashef-k8s-w1.post-storage-service-66c9966f5f-nllkd,container_memory_working_set_bytes,2793472.0
1744886114,kashef-k8s-ctl.url-shorten-mongodb-57c886d5f8-2m8fs,container_memory_working_set_bytes,59838464.0
1744886114,kashef-k8s-w1.social-graph-mongodb-55df767ff5-c86pb,container_memory_working_set_bytes,64622592.0
1744886114,kashef-k8s-ctl.post-storage-memcached-6b75788fc6-gnd8c,container_memory_working_set_bytes,2600960.0
1744886114,kashef-k8s-ctl.url-shorten-memcached-6546746864-pg8xh,container_memory_working_set_bytes,2584576.0
1744886114,kashef-k8s-ctl.unique-id-service-694497b678-bzxbf,container_memory_working_set_bytes,1921024.0
1744886114,kashef-k8s-ctl.user-timeline-redis-67cc95bc57-klp4b,container_memory_working_set_bytes,4046848.0
1744886114,kashef-k8s-w1.social-graph-redis-5bbd5b7458-tqz7l,container_memory_working_set_bytes,5378048.0
1744886114,kashef-k8s-w1.compose-post-service-f587bf89d-l5zcs,container_memory_working_set_bytes,1949696.0
1744886114,kashef-k8s-w1.nginx-thrift-79478f9bf5-h66tn,container_memory_working_set_bytes,93478912.0
1744886114,kashef-k8s-w1.user-memcached-59687c864d-d5rb5,container_memory_working_set_bytes,3141632.0
1744886114,kashef-k8s-ctl.jaeger-67997f9775-tjgc8,container_memory_working_set_bytes,10731520.0
1744886114,kashef-k8s-ctl.social-graph-service-677dbc655c-2tqbt,container_memory_working_set_bytes,2473984.0
1744886114,kashef-k8s-ctl.user-mongodb-7745bbd78-xrw2n,container_memory_working_set_bytes,59871232.0
1744886120,kashef-k8s-w1.user-memcached-59687c864d-d5rb5,container_memory_working_set_bytes,3141632.0
1744886120,kashef-k8s-ctl.jaeger-67997f9775-tjgc8,container_memory_working_set_bytes,10731520.0
1744886120,kashef-k8s-ctl.social-graph-service-677dbc655c-2tqbt,container_memory_working_set_bytes,2473984.0
1744886120,kashef-k8s-ctl.user-mongodb-7745bbd78-xrw2n,container_memory_working_set_bytes,60334080.0
1744886120,kashef-k8s-w1.compose-post-service-f587bf89d-l5zcs,container_memory_working_set_bytes,1949696.0
1744886120,kashef-k8s-ctl.unique-id-service-694497b678-bzxbf,container_memory_working_set_bytes,1921024.0
1744886120,kashef-k8s-w1.social-graph-mongodb-55df767ff5-c86pb,container_memory_working_set_bytes,65142784.0
1744886120,kashef-k8s-w1.nginx-thrift-79478f9bf5-h66tn,container_memory_working_set_bytes,93478912.0
1744886120,kashef-k8s-w1.user-mention-service-5c4f566c5-w4xpc,container_memory_working_set_bytes,2641920.0
1744886120,kashef-k8s-w1.social-graph-redis-5bbd5b7458-tqz7l,container_memory_working_set_bytes,5378048.0
1744886120,kashef-k8s-ctl.post-storage-mongodb-5579669d8c-ckzsx,container_memory_working_set_bytes,59965440.0
1744886120,kashef-k8s-w1.user-timeline-service-664c7f6696-fvhv9,container_memory_working_set_bytes,2473984.0
1744886120,kashef-k8s-w1.post-storage-service-66c9966f5f-nllkd,container_memory_working_set_bytes,2793472.0
1744886120,kashef-k8s-w1.media-frontend-6b66b95ff4-xrdq6,container_memory_working_set_bytes,8187904.0
1744886120,kashef-k8s-ctl.url-shorten-memcached-6546746864-pg8xh,container_memory_working_set_bytes,2584576.0
1744886120,kashef-k8s-ctl.post-storage-memcached-6b75788fc6-gnd8c,container_memory_working_set_bytes,2600960.0
1744886120,kashef-k8s-ctl.media-memcached-7889bdfdfb-2thqn,container_memory_working_set_bytes,2621440.0
1744886120,kashef-k8s-ctl.url-shorten-mongodb-57c886d5f8-2m8fs,container_memory_working_set_bytes,59838464.0
1744886120,kashef-k8s-ctl.user-timeline-mongodb-6758898d48-gggfw,container_memory_working_set_bytes,62607360.0
1744886120,kashef-k8s-w1.home-timeline-service-5754ffbc6d-zp4pr,container_memory_working_set_bytes,1933312.0
1744886120,kashef-k8s-w1.media-service-6c665c775d-s7hl8,container_memory_working_set_bytes,1925120.0
1744886120,kashef-k8s-w1.url-shorten-service-66949ddcc4-xlfmt,container_memory_working_set_bytes,4378624.0
1744886120,kashef-k8s-ctl.user-timeline-redis-67cc95bc57-klp4b,container_memory_working_set_bytes,4046848.0
1744886120,kashef-k8s-ctl.media-mongodb-7b64c59567-6ntnm,container_memory_working_set_bytes,59281408.0
1744886120,kashef-k8s-w1.user-service-547b88cd8f-mbl6h,container_memory_working_set_bytes,2748416.0
1744886120,kashef-k8s-w1.text-service-fff64b8bf-v9dsr,container_memory_working_set_bytes,1945600.0
1744886120,kashef-k8s-ctl.home-timeline-redis-6c6647df6f-5vgsk,container_memory_working_set_bytes,7938048.0
1744886126,kashef-k8s-w1.social-graph-redis-5bbd5b7458-tqz7l,container_memory_working_set_bytes,5382144.0
1744886126,kashef-k8s-w1.compose-post-service-f587bf89d-l5zcs,container_memory_working_set_bytes,1949696.0
1744886126,kashef-k8s-ctl.user-mongodb-7745bbd78-xrw2n,container_memory_working_set_bytes,60334080.0
1744886126,kashef-k8s-ctl.unique-id-service-694497b678-bzxbf,container_memory_working_set_bytes,1921024.0
1744886126,kashef-k8s-ctl.user-timeline-redis-67cc95bc57-klp4b,container_memory_working_set_bytes,4046848.0
1744886126,kashef-k8s-w1.user-timeline-service-664c7f6696-fvhv9,container_memory_working_set_bytes,2473984.0
1744886126,kashef-k8s-w1.media-frontend-6b66b95ff4-xrdq6,container_memory_working_set_bytes,9220096.0
1744886126,kashef-k8s-ctl.jaeger-67997f9775-tjgc8,container_memory_working_set_bytes,10731520.0
1744886126,kashef-k8s-ctl.social-graph-service-677dbc655c-2tqbt,container_memory_working_set_bytes,2473984.0
1744886126,kashef-k8s-ctl.post-storage-memcached-6b75788fc6-gnd8c,container_memory_working_set_bytes,2600960.0
1744886126,kashef-k8s-w1.user-mention-service-5c4f566c5-w4xpc,container_memory_working_set_bytes,2641920.0
1744886126,kashef-k8s-ctl.url-shorten-memcached-6546746864-pg8xh,container_memory_working_set_bytes,2584576.0
1744886126,kashef-k8s-w1.post-storage-service-66c9966f5f-nllkd,container_memory_working_set_bytes,2793472.0
1744886126,kashef-k8s-w1.nginx-thrift-79478f9bf5-h66tn,container_memory_working_set_bytes,93478912.0
1744886126,kashef-k8s-ctl.post-storage-mongodb-5579669d8c-ckzsx,container_memory_working_set_bytes,59965440.0
1744886126,kashef-k8s-w1.url-shorten-service-66949ddcc4-xlfmt,container_memory_working_set_bytes,4378624.0
1744886126,kashef-k8s-ctl.home-timeline-redis-6c6647df6f-5vgsk,container_memory_working_set_bytes,7938048.0
1744886126,kashef-k8s-w1.text-service-fff64b8bf-v9dsr,container_memory_working_set_bytes,1945600.0
1744886126,kashef-k8s-w1.media-service-6c665c775d-s7hl8,container_memory_working_set_bytes,1925120.0
1744886126,kashef-k8s-ctl.url-shorten-mongodb-57c886d5f8-2m8fs,container_memory_working_set_bytes,59838464.0
1744886126,kashef-k8s-ctl.media-memcached-7889bdfdfb-2thqn,container_memory_working_set_bytes,2621440.0
1744886126,kashef-k8s-ctl.user-timeline-mongodb-6758898d48-gggfw,container_memory_working_set_bytes,62607360.0
1744886126,kashef-k8s-w1.home-timeline-service-5754ffbc6d-zp4pr,container_memory_working_set_bytes,1933312.0
1744886126,kashef-k8s-w1.social-graph-mongodb-55df767ff5-c86pb,container_memory_working_set_bytes,65142784.0
1744886126,kashef-k8s-w1.user-service-547b88cd8f-mbl6h,container_memory_working_set_bytes,2748416.0
1744886126,kashef-k8s-ctl.media-mongodb-7b64c59567-6ntnm,container_memory_working_set_bytes,59281408.0
1744886126,kashef-k8s-w1.user-memcached-59687c864d-d5rb5,container_memory_working_set_bytes,3141632.0
1744886132,kashef-k8s-w1.compose-post-service-f587bf89d-l5zcs,container_memory_working_set_bytes,1949696.0
1744886132,kashef-k8s-w1.home-timeline-service-5754ffbc6d-zp4pr,container_memory_working_set_bytes,1933312.0
1744886132,kashef-k8s-ctl.post-storage-mongodb-5579669d8c-ckzsx,container_memory_working_set_bytes,59965440.0
1744886132,kashef-k8s-w1.url-shorten-service-66949ddcc4-xlfmt,container_memory_working_set_bytes,4378624.0
1744886132,kashef-k8s-w1.media-service-6c665c775d-s7hl8,container_memory_working_set_bytes,1925120.0
1744886132,kashef-k8s-w1.text-service-fff64b8bf-v9dsr,container_memory_working_set_bytes,1945600.0
1744886132,kashef-k8s-ctl.url-shorten-memcached-6546746864-pg8xh,container_memory_working_set_bytes,2584576.0
1744886132,kashef-k8s-w1.social-graph-redis-5bbd5b7458-tqz7l,container_memory_working_set_bytes,5382144.0
1744886132,kashef-k8s-w1.user-timeline-service-664c7f6696-fvhv9,container_memory_working_set_bytes,2473984.0
1744886132,kashef-k8s-w1.media-frontend-6b66b95ff4-xrdq6,container_memory_working_set_bytes,9220096.0
1744886132,kashef-k8s-ctl.jaeger-67997f9775-tjgc8,container_memory_working_set_bytes,10731520.0
1744886132,kashef-k8s-ctl.social-graph-service-677dbc655c-2tqbt,container_memory_working_set_bytes,2473984.0
1744886132,kashef-k8s-w1.social-graph-mongodb-55df767ff5-c86pb,container_memory_working_set_bytes,65142784.0
1744886132,kashef-k8s-ctl.media-memcached-7889bdfdfb-2thqn,container_memory_working_set_bytes,2621440.0
1744886132,kashef-k8s-ctl.post-storage-memcached-6b75788fc6-gnd8c,container_memory_working_set_bytes,2600960.0
1744886132,kashef-k8s-ctl.unique-id-service-694497b678-bzxbf,container_memory_working_set_bytes,1921024.0
1744886132,kashef-k8s-w1.user-service-547b88cd8f-mbl6h,container_memory_working_set_bytes,2748416.0
1744886132,kashef-k8s-ctl.home-timeline-redis-6c6647df6f-5vgsk,container_memory_working_set_bytes,7938048.0
1744886132,kashef-k8s-w1.post-storage-service-66c9966f5f-nllkd,container_memory_working_set_bytes,2793472.0
1744886132,kashef-k8s-ctl.user-timeline-redis-67cc95bc57-klp4b,container_memory_working_set_bytes,4046848.0
1744886132,kashef-k8s-ctl.url-shorten-mongodb-57c886d5f8-2m8fs,container_memory_working_set_bytes,59838464.0
1744886132,kashef-k8s-w1.user-mention-service-5c4f566c5-w4xpc,container_memory_working_set_bytes,2641920.0
1744886132,kashef-k8s-ctl.media-mongodb-7b64c59567-6ntnm,container_memory_working_set_bytes,59281408.0
1744886132,kashef-k8s-w1.user-memcached-59687c864d-d5rb5,container_memory_working_set_bytes,3141632.0
1744886132,kashef-k8s-ctl.user-mongodb-7745bbd78-xrw2n,container_memory_working_set_bytes,60334080.0
1744886132,kashef-k8s-ctl.user-timeline-mongodb-6758898d48-gggfw,container_memory_working_set_bytes,62607360.0
1744886132,kashef-k8s-w1.nginx-thrift-79478f9bf5-h66tn,container_memory_working_set_bytes,93478912.0
1744886138,kashef-k8s-ctl.url-shorten-memcached-6546746864-pg8xh,container_memory_working_set_bytes,2584576.0
1744886138,kashef-k8s-ctl.user-timeline-mongodb-6758898d48-gggfw,container_memory_working_set_bytes,62607360.0
1744886138,kashef-k8s-w1.compose-post-service-f587bf89d-l5zcs,container_memory_working_set_bytes,1949696.0
1744886138,kashef-k8s-ctl.post-storage-mongodb-5579669d8c-ckzsx,container_memory_working_set_bytes,59965440.0
1744886138,kashef-k8s-ctl.url-shorten-mongodb-57c886d5f8-2m8fs,container_memory_working_set_bytes,59838464.0
1744886138,kashef-k8s-w1.user-mention-service-5c4f566c5-w4xpc,container_memory_working_set_bytes,2641920.0
1744886138,kashef-k8s-ctl.user-mongodb-7745bbd78-xrw2n,container_memory_working_set_bytes,60334080.0
1744886138,kashef-k8s-w1.nginx-thrift-79478f9bf5-h66tn,container_memory_working_set_bytes,93478912.0
1744886138,kashef-k8s-ctl.media-mongodb-7b64c59567-6ntnm,container_memory_working_set_bytes,59281408.0
1744886138,kashef-k8s-ctl.unique-id-service-694497b678-bzxbf,container_memory_working_set_bytes,1921024.0
1744886138,kashef-k8s-ctl.media-memcached-7889bdfdfb-2thqn,container_memory_working_set_bytes,2621440.0
1744886138,kashef-k8s-ctl.home-timeline-redis-6c6647df6f-5vgsk,container_memory_working_set_bytes,7933952.0
1744886138,kashef-k8s-ctl.post-storage-memcached-6b75788fc6-gnd8c,container_memory_working_set_bytes,2600960.0
1744886138,kashef-k8s-w1.user-timeline-service-664c7f6696-fvhv9,container_memory_working_set_bytes,2473984.0
1744886138,kashef-k8s-ctl.user-timeline-redis-67cc95bc57-klp4b,container_memory_working_set_bytes,4046848.0
1744886138,kashef-k8s-w1.user-service-547b88cd8f-mbl6h,container_memory_working_set_bytes,2748416.0
1744886138,kashef-k8s-w1.social-graph-mongodb-55df767ff5-c86pb,container_memory_working_set_bytes,65142784.0
1744886138,kashef-k8s-w1.media-frontend-6b66b95ff4-xrdq6,container_memory_working_set_bytes,9220096.0
1744886138,kashef-k8s-w1.text-service-fff64b8bf-v9dsr,container_memory_working_set_bytes,1945600.0
1744886138,kashef-k8s-w1.media-service-6c665c775d-s7hl8,container_memory_working_set_bytes,1925120.0
1744886138,kashef-k8s-w1.social-graph-redis-5bbd5b7458-tqz7l,container_memory_working_set_bytes,5382144.0
1744886138,kashef-k8s-w1.post-storage-service-66c9966f5f-nllkd,container_memory_working_set_bytes,2793472.0
1744886138,kashef-k8s-w1.url-shorten-service-66949ddcc4-xlfmt,container_memory_working_set_bytes,4378624.0
1744886138,kashef-k8s-w1.user-memcached-59687c864d-d5rb5,container_memory_working_set_bytes,3141632.0
1744886138,kashef-k8s-w1.home-timeline-service-5754ffbc6d-zp4pr,container_memory_working_set_bytes,1933312.0
1744886138,kashef-k8s-ctl.jaeger-67997f9775-tjgc8,container_memory_working_set_bytes,10731520.0
1744886138,kashef-k8s-ctl.social-graph-service-677dbc655c-2tqbt,container_memory_working_set_bytes,2473984.0
1744886144,kashef-k8s-ctl.url-shorten-mongodb-57c886d5f8-2m8fs,container_memory_working_set_bytes,59838464.0
1744886144,kashef-k8s-ctl.user-timeline-mongodb-6758898d48-gggfw,container_memory_working_set_bytes,62607360.0
1744886144,kashef-k8s-ctl.url-shorten-memcached-6546746864-pg8xh,container_memory_working_set_bytes,2584576.0
1744886144,kashef-k8s-w1.nginx-thrift-79478f9bf5-h66tn,container_memory_working_set_bytes,93478912.0
1744886144,kashef-k8s-w1.user-memcached-59687c864d-d5rb5,container_memory_working_set_bytes,3141632.0
1744886144,kashef-k8s-ctl.home-timeline-redis-6c6647df6f-5vgsk,container_memory_working_set_bytes,7933952.0
1744886144,kashef-k8s-ctl.unique-id-service-694497b678-bzxbf,container_memory_working_set_bytes,1921024.0
1744886144,kashef-k8s-w1.user-timeline-service-664c7f6696-fvhv9,container_memory_working_set_bytes,2473984.0
1744886144,kashef-k8s-ctl.media-mongodb-7b64c59567-6ntnm,container_memory_working_set_bytes,59281408.0
1744886144,kashef-k8s-w1.social-graph-mongodb-55df767ff5-c86pb,container_memory_working_set_bytes,65142784.0
1744886144,kashef-k8s-w1.post-storage-service-66c9966f5f-nllkd,container_memory_working_set_bytes,2793472.0
1744886144,kashef-k8s-w1.user-service-547b88cd8f-mbl6h,container_memory_working_set_bytes,2748416.0
1744886144,kashef-k8s-ctl.user-timeline-redis-67cc95bc57-klp4b,container_memory_working_set_bytes,4046848.0
1744886144,kashef-k8s-w1.compose-post-service-f587bf89d-l5zcs,container_memory_working_set_bytes,1949696.0
1744886144,kashef-k8s-ctl.post-storage-mongodb-5579669d8c-ckzsx,container_memory_working_set_bytes,60096512.0
1744886144,kashef-k8s-ctl.media-memcached-7889bdfdfb-2thqn,container_memory_working_set_bytes,2621440.0
1744886144,kashef-k8s-ctl.jaeger-67997f9775-tjgc8,container_memory_working_set_bytes,10813440.0
1744886144,kashef-k8s-w1.media-frontend-6b66b95ff4-xrdq6,container_memory_working_set_bytes,9220096.0
1744886144,kashef-k8s-ctl.social-graph-service-677dbc655c-2tqbt,container_memory_working_set_bytes,2473984.0
1744886144,kashef-k8s-w1.url-shorten-service-66949ddcc4-xlfmt,container_memory_working_set_bytes,4378624.0
1744886144,kashef-k8s-ctl.post-storage-memcached-6b75788fc6-gnd8c,container_memory_working_set_bytes,2600960.0
1744886144,kashef-k8s-w1.user-mention-service-5c4f566c5-w4xpc,container_memory_working_set_bytes,2641920.0
1744886144,kashef-k8s-w1.media-service-6c665c775d-s7hl8,container_memory_working_set_bytes,1925120.0
1744886144,kashef-k8s-w1.social-graph-redis-5bbd5b7458-tqz7l,container_memory_working_set_bytes,5382144.0
1744886144,kashef-k8s-ctl.user-mongodb-7745bbd78-xrw2n,container_memory_working_set_bytes,60334080.0
1744886144,kashef-k8s-w1.text-service-fff64b8bf-v9dsr,container_memory_working_set_bytes,1945600.0
1744886144,kashef-k8s-w1.home-timeline-service-5754ffbc6d-zp4pr,container_memory_working_set_bytes,1933312.0
1744886150,kashef-k8s-ctl.post-storage-mongodb-5579669d8c-ckzsx,container_memory_working_set_bytes,60096512.0
1744886150,kashef-k8s-ctl.media-memcached-7889bdfdfb-2thqn,container_memory_working_set_bytes,2621440.0
1744886150,kashef-k8s-ctl.post-storage-memcached-6b75788fc6-gnd8c,container_memory_working_set_bytes,2600960.0
1744886150,kashef-k8s-ctl.unique-id-service-694497b678-bzxbf,container_memory_working_set_bytes,1921024.0
1744886150,kashef-k8s-w1.home-timeline-service-5754ffbc6d-zp4pr,container_memory_working_set_bytes,1933312.0
1744886150,kashef-k8s-ctl.user-mongodb-7745bbd78-xrw2n,container_memory_working_set_bytes,60358656.0
1744886150,kashef-k8s-ctl.user-timeline-redis-67cc95bc57-klp4b,container_memory_working_set_bytes,4046848.0
1744886150,kashef-k8s-w1.user-service-547b88cd8f-mbl6h,container_memory_working_set_bytes,2748416.0
1744886150,kashef-k8s-ctl.home-timeline-redis-6c6647df6f-5vgsk,container_memory_working_set_bytes,7933952.0
1744886150,kashef-k8s-w1.social-graph-mongodb-55df767ff5-c86pb,container_memory_working_set_bytes,64954368.0
1744886150,kashef-k8s-w1.user-timeline-service-664c7f6696-fvhv9,container_memory_working_set_bytes,2473984.0
1744886150,kashef-k8s-ctl.media-mongodb-7b64c59567-6ntnm,container_memory_working_set_bytes,59813888.0
1744886150,kashef-k8s-w1.url-shorten-service-66949ddcc4-xlfmt,container_memory_working_set_bytes,4378624.0
1744886150,kashef-k8s-w1.media-frontend-6b66b95ff4-xrdq6,container_memory_working_set_bytes,9220096.0
1744886150,kashef-k8s-w1.user-memcached-59687c864d-d5rb5,container_memory_working_set_bytes,3141632.0
1744886150,kashef-k8s-w1.nginx-thrift-79478f9bf5-h66tn,container_memory_working_set_bytes,93478912.0
1744886150,kashef-k8s-w1.post-storage-service-66c9966f5f-nllkd,container_memory_working_set_bytes,2793472.0
1744886150,kashef-k8s-w1.social-graph-redis-5bbd5b7458-tqz7l,container_memory_working_set_bytes,5382144.0
1744886150,kashef-k8s-w1.user-mention-service-5c4f566c5-w4xpc,container_memory_working_set_bytes,2641920.0
1744886150,kashef-k8s-ctl.jaeger-67997f9775-tjgc8,container_memory_working_set_bytes,10813440.0
1744886150,kashef-k8s-ctl.url-shorten-mongodb-57c886d5f8-2m8fs,container_memory_working_set_bytes,60174336.0
1744886150,kashef-k8s-w1.media-service-6c665c775d-s7hl8,container_memory_working_set_bytes,1925120.0
1744886150,kashef-k8s-ctl.url-shorten-memcached-6546746864-pg8xh,container_memory_working_set_bytes,2584576.0
1744886150,kashef-k8s-ctl.social-graph-service-677dbc655c-2tqbt,container_memory_working_set_bytes,2473984.0
1744886150,kashef-k8s-w1.compose-post-service-f587bf89d-l5zcs,container_memory_working_set_bytes,1949696.0
1744886150,kashef-k8s-ctl.user-timeline-mongodb-6758898d48-gggfw,container_memory_working_set_bytes,62611456.0
1744886150,kashef-k8s-w1.text-service-fff64b8bf-v9dsr,container_memory_working_set_bytes,1945600.0
1744886156,kashef-k8s-w1.home-timeline-service-5754ffbc6d-zp4pr,container_memory_working_set_bytes,1933312.0
1744886156,kashef-k8s-w1.user-memcached-59687c864d-d5rb5,container_memory_working_set_bytes,3141632.0
1744886156,kashef-k8s-ctl.post-storage-mongodb-5579669d8c-ckzsx,container_memory_working_set_bytes,60096512.0
1744886156,kashef-k8s-ctl.user-timeline-mongodb-6758898d48-gggfw,container_memory_working_set_bytes,62611456.0
1744886156,kashef-k8s-ctl.jaeger-67997f9775-tjgc8,container_memory_working_set_bytes,10813440.0
1744886156,kashef-k8s-w1.user-timeline-service-664c7f6696-fvhv9,container_memory_working_set_bytes,2473984.0
1744886156,kashef-k8s-w1.media-service-6c665c775d-s7hl8,container_memory_working_set_bytes,1925120.0
1744886156,kashef-k8s-w1.social-graph-mongodb-55df767ff5-c86pb,container_memory_working_set_bytes,64954368.0
1744886156,kashef-k8s-w1.post-storage-service-66c9966f5f-nllkd,container_memory_working_set_bytes,2793472.0
1744886156,kashef-k8s-ctl.home-timeline-redis-6c6647df6f-5vgsk,container_memory_working_set_bytes,7933952.0
1744886156,kashef-k8s-w1.user-service-547b88cd8f-mbl6h,container_memory_working_set_bytes,2748416.0
1744886156,kashef-k8s-w1.url-shorten-service-66949ddcc4-xlfmt,container_memory_working_set_bytes,4378624.0
1744886156,kashef-k8s-ctl.media-mongodb-7b64c59567-6ntnm,container_memory_working_set_bytes,59813888.0
1744886156,kashef-k8s-ctl.user-timeline-redis-67cc95bc57-klp4b,container_memory_working_set_bytes,4046848.0
1744886156,kashef-k8s-ctl.media-memcached-7889bdfdfb-2thqn,container_memory_working_set_bytes,2621440.0
1744886156,kashef-k8s-w1.text-service-fff64b8bf-v9dsr,container_memory_working_set_bytes,1945600.0
1744886156,kashef-k8s-ctl.unique-id-service-694497b678-bzxbf,container_memory_working_set_bytes,1921024.0
1744886156,kashef-k8s-ctl.url-shorten-memcached-6546746864-pg8xh,container_memory_working_set_bytes,2584576.0
1744886156,kashef-k8s-ctl.post-storage-memcached-6b75788fc6-gnd8c,container_memory_working_set_bytes,2600960.0
1744886156,kashef-k8s-w1.nginx-thrift-79478f9bf5-h66tn,container_memory_working_set_bytes,93478912.0
1744886156,kashef-k8s-w1.media-frontend-6b66b95ff4-xrdq6,container_memory_working_set_bytes,10485760.0
1744886156,kashef-k8s-ctl.social-graph-service-677dbc655c-2tqbt,container_memory_working_set_bytes,2473984.0
1744886156,kashef-k8s-ctl.user-mongodb-7745bbd78-xrw2n,container_memory_working_set_bytes,60358656.0
1744886156,kashef-k8s-w1.social-graph-redis-5bbd5b7458-tqz7l,container_memory_working_set_bytes,5509120.0
1744886156,kashef-k8s-w1.compose-post-service-f587bf89d-l5zcs,container_memory_working_set_bytes,1949696.0
1744886156,kashef-k8s-ctl.url-shorten-mongodb-57c886d5f8-2m8fs,container_memory_working_set_bytes,60174336.0
1744886156,kashef-k8s-w1.user-mention-service-5c4f566c5-w4xpc,container_memory_working_set_bytes,2641920.0
1744886162,kashef-k8s-ctl.url-shorten-mongodb-57c886d5f8-2m8fs,container_memory_working_set_bytes,60174336.0
1744886162,kashef-k8s-w1.user-mention-service-5c4f566c5-w4xpc,container_memory_working_set_bytes,2641920.0
1744886162,kashef-k8s-ctl.user-mongodb-7745bbd78-xrw2n,container_memory_working_set_bytes,60358656.0
1744886162,kashef-k8s-w1.media-service-6c665c775d-s7hl8,container_memory_working_set_bytes,1925120.0
1744886162,kashef-k8s-w1.nginx-thrift-79478f9bf5-h66tn,container_memory_working_set_bytes,93478912.0
1744886162,kashef-k8s-ctl.unique-id-service-694497b678-bzxbf,container_memory_working_set_bytes,1921024.0
1744886162,kashef-k8s-w1.compose-post-service-f587bf89d-l5zcs,container_memory_working_set_bytes,1949696.0
1744886162,kashef-k8s-w1.media-frontend-6b66b95ff4-xrdq6,container_memory_working_set_bytes,10485760.0
1744886162,kashef-k8s-w1.user-service-547b88cd8f-mbl6h,container_memory_working_set_bytes,2748416.0
1744886162,kashef-k8s-w1.social-graph-mongodb-55df767ff5-c86pb,container_memory_working_set_bytes,64954368.0
1744886162,kashef-k8s-w1.url-shorten-service-66949ddcc4-xlfmt,container_memory_working_set_bytes,4378624.0
1744886162,kashef-k8s-ctl.media-mongodb-7b64c59567-6ntnm,container_memory_working_set_bytes,59813888.0
1744886162,kashef-k8s-w1.user-timeline-service-664c7f6696-fvhv9,container_memory_working_set_bytes,2473984.0
1744886162,kashef-k8s-w1.post-storage-service-66c9966f5f-nllkd,container_memory_working_set_bytes,2793472.0
1744886162,kashef-k8s-w1.social-graph-redis-5bbd5b7458-tqz7l,container_memory_working_set_bytes,5509120.0
1744886162,kashef-k8s-ctl.home-timeline-redis-6c6647df6f-5vgsk,container_memory_working_set_bytes,7933952.0
1744886162,kashef-k8s-ctl.post-storage-memcached-6b75788fc6-gnd8c,container_memory_working_set_bytes,2600960.0
1744886162,kashef-k8s-w1.text-service-fff64b8bf-v9dsr,container_memory_working_set_bytes,1945600.0
1744886162,kashef-k8s-ctl.social-graph-service-677dbc655c-2tqbt,container_memory_working_set_bytes,2473984.0
1744886162,kashef-k8s-w1.user-memcached-59687c864d-d5rb5,container_memory_working_set_bytes,3141632.0
1744886162,kashef-k8s-ctl.user-timeline-mongodb-6758898d48-gggfw,container_memory_working_set_bytes,62611456.0
1744886162,kashef-k8s-ctl.post-storage-mongodb-5579669d8c-ckzsx,container_memory_working_set_bytes,60096512.0
1744886162,kashef-k8s-ctl.jaeger-67997f9775-tjgc8,container_memory_working_set_bytes,10813440.0
1744886162,kashef-k8s-ctl.media-memcached-7889bdfdfb-2thqn,container_memory_working_set_bytes,2621440.0
1744886162,kashef-k8s-ctl.url-shorten-memcached-6546746864-pg8xh,container_memory_working_set_bytes,2584576.0
1744886162,kashef-k8s-w1.home-timeline-service-5754ffbc6d-zp4pr,container_memory_working_set_bytes,1933312.0
1744886162,kashef-k8s-ctl.user-timeline-redis-67cc95bc57-klp4b,container_memory_working_set_bytes,4046848.0
1744886168,kashef-k8s-ctl.user-timeline-redis-67cc95bc57-klp4b,container_memory_working_set_bytes,4046848.0
1744886168,kashef-k8s-w1.compose-post-service-f587bf89d-l5zcs,container_memory_working_set_bytes,1949696.0
1744886168,kashef-k8s-ctl.user-timeline-mongodb-6758898d48-gggfw,container_memory_working_set_bytes,62611456.0
1744886168,kashef-k8s-w1.social-graph-redis-5bbd5b7458-tqz7l,container_memory_working_set_bytes,5509120.0
1744886168,kashef-k8s-w1.user-mention-service-5c4f566c5-w4xpc,container_memory_working_set_bytes,2641920.0
1744886168,kashef-k8s-w1.user-service-547b88cd8f-mbl6h,container_memory_working_set_bytes,2748416.0
1744886168,kashef-k8s-w1.post-storage-service-66c9966f5f-nllkd,container_memory_working_set_bytes,2793472.0
1744886168,kashef-k8s-w1.url-shorten-service-66949ddcc4-xlfmt,container_memory_working_set_bytes,4378624.0
1744886168,kashef-k8s-w1.nginx-thrift-79478f9bf5-h66tn,container_memory_working_set_bytes,99303424.0
1744886168,kashef-k8s-w1.social-graph-mongodb-55df767ff5-c86pb,container_memory_working_set_bytes,64954368.0
1744886168,kashef-k8s-ctl.media-mongodb-7b64c59567-6ntnm,container_memory_working_set_bytes,59813888.0
1744886168,kashef-k8s-w1.user-timeline-service-664c7f6696-fvhv9,container_memory_working_set_bytes,2473984.0
1744886168,kashef-k8s-ctl.unique-id-service-694497b678-bzxbf,container_memory_working_set_bytes,1921024.0
1744886168,kashef-k8s-w1.media-frontend-6b66b95ff4-xrdq6,container_memory_working_set_bytes,10485760.0
1744886168,kashef-k8s-w1.media-service-6c665c775d-s7hl8,container_memory_working_set_bytes,1925120.0
1744886168,kashef-k8s-ctl.url-shorten-mongodb-57c886d5f8-2m8fs,container_memory_working_set_bytes,60174336.0
1744886168,kashef-k8s-w1.home-timeline-service-5754ffbc6d-zp4pr,container_memory_working_set_bytes,1933312.0
1744886168,kashef-k8s-ctl.home-timeline-redis-6c6647df6f-5vgsk,container_memory_working_set_bytes,7933952.0
1744886168,kashef-k8s-w1.user-memcached-59687c864d-d5rb5,container_memory_working_set_bytes,3141632.0
1744886168,kashef-k8s-ctl.url-shorten-memcached-6546746864-pg8xh,container_memory_working_set_bytes,2584576.0
1744886168,kashef-k8s-ctl.user-mongodb-7745bbd78-xrw2n,container_memory_working_set_bytes,60358656.0
1744886168,kashef-k8s-ctl.social-graph-service-677dbc655c-2tqbt,container_memory_working_set_bytes,2473984.0
1744886168,kashef-k8s-ctl.media-memcached-7889bdfdfb-2thqn,container_memory_working_set_bytes,2621440.0
1744886168,kashef-k8s-ctl.post-storage-memcached-6b75788fc6-gnd8c,container_memory_working_set_bytes,2600960.0
1744886168,kashef-k8s-w1.text-service-fff64b8bf-v9dsr,container_memory_working_set_bytes,1945600.0
1744886168,kashef-k8s-ctl.post-storage-mongodb-5579669d8c-ckzsx,container_memory_working_set_bytes,60096512.0
1744886168,kashef-k8s-ctl.jaeger-67997f9775-tjgc8,container_memory_working_set_bytes,10813440.0
1744886174,kashef-k8s-ctl.social-graph-service-677dbc655c-2tqbt,container_memory_working_set_bytes,2473984.0
1744886174,kashef-k8s-ctl.jaeger-67997f9775-tjgc8,container_memory_working_set_bytes,10813440.0
1744886174,kashef-k8s-ctl.post-storage-memcached-6b75788fc6-gnd8c,container_memory_working_set_bytes,2600960.0
1744886174,kashef-k8s-w1.text-service-fff64b8bf-v9dsr,container_memory_working_set_bytes,1945600.0
1744886174,kashef-k8s-w1.user-service-547b88cd8f-mbl6h,container_memory_working_set_bytes,2748416.0
1744886174,kashef-k8s-w1.post-storage-service-66c9966f5f-nllkd,container_memory_working_set_bytes,2793472.0
1744886174,kashef-k8s-ctl.media-memcached-7889bdfdfb-2thqn,container_memory_working_set_bytes,2621440.0
1744886174,kashef-k8s-ctl.unique-id-service-694497b678-bzxbf,container_memory_working_set_bytes,1921024.0
1744886174,kashef-k8s-ctl.home-timeline-redis-6c6647df6f-5vgsk,container_memory_working_set_bytes,7933952.0
1744886174,kashef-k8s-w1.home-timeline-service-5754ffbc6d-zp4pr,container_memory_working_set_bytes,1933312.0
1744886174,kashef-k8s-w1.social-graph-mongodb-55df767ff5-c86pb,container_memory_working_set_bytes,64954368.0
1744886174,kashef-k8s-w1.media-frontend-6b66b95ff4-xrdq6,container_memory_working_set_bytes,10485760.0
1744886174,kashef-k8s-w1.social-graph-redis-5bbd5b7458-tqz7l,container_memory_working_set_bytes,5509120.0
1744886174,kashef-k8s-ctl.user-timeline-mongodb-6758898d48-gggfw,container_memory_working_set_bytes,62611456.0
1744886174,kashef-k8s-ctl.user-timeline-redis-67cc95bc57-klp4b,container_memory_working_set_bytes,4046848.0
1744886174,kashef-k8s-w1.compose-post-service-f587bf89d-l5zcs,container_memory_working_set_bytes,1949696.0
1744886174,kashef-k8s-w1.user-memcached-59687c864d-d5rb5,container_memory_working_set_bytes,3141632.0
1744886174,kashef-k8s-ctl.url-shorten-memcached-6546746864-pg8xh,container_memory_working_set_bytes,2584576.0
1744886174,kashef-k8s-ctl.post-storage-mongodb-5579669d8c-ckzsx,container_memory_working_set_bytes,60121088.0
1744886174,kashef-k8s-ctl.user-mongodb-7745bbd78-xrw2n,container_memory_working_set_bytes,60358656.0
1744886174,kashef-k8s-w1.user-mention-service-5c4f566c5-w4xpc,container_memory_working_set_bytes,2641920.0
1744886174,kashef-k8s-w1.media-service-6c665c775d-s7hl8,container_memory_working_set_bytes,1925120.0
1744886174,kashef-k8s-ctl.media-mongodb-7b64c59567-6ntnm,container_memory_working_set_bytes,59834368.0
1744886174,kashef-k8s-ctl.url-shorten-mongodb-57c886d5f8-2m8fs,container_memory_working_set_bytes,60321792.0
1744886174,kashef-k8s-w1.url-shorten-service-66949ddcc4-xlfmt,container_memory_working_set_bytes,4378624.0
1744886174,kashef-k8s-w1.user-timeline-service-664c7f6696-fvhv9,container_memory_working_set_bytes,2473984.0
1744886174,kashef-k8s-w1.nginx-thrift-79478f9bf5-h66tn,container_memory_working_set_bytes,99303424.0
1744886180,kashef-k8s-ctl.media-memcached-7889bdfdfb-2thqn,container_memory_working_set_bytes,2621440.0
1744886180,kashef-k8s-w1.post-storage-service-66c9966f5f-nllkd,container_memory_working_set_bytes,2793472.0
1744886180,kashef-k8s-ctl.home-timeline-redis-6c6647df6f-5vgsk,container_memory_working_set_bytes,8069120.0
1744886180,kashef-k8s-w1.user-service-547b88cd8f-mbl6h,container_memory_working_set_bytes,2748416.0
1744886180,kashef-k8s-ctl.jaeger-67997f9775-tjgc8,container_memory_working_set_bytes,10813440.0
1744886180,kashef-k8s-w1.media-frontend-6b66b95ff4-xrdq6,container_memory_working_set_bytes,10485760.0
1744886180,kashef-k8s-w1.home-timeline-service-5754ffbc6d-zp4pr,container_memory_working_set_bytes,1933312.0
1744886180,kashef-k8s-w1.social-graph-mongodb-55df767ff5-c86pb,container_memory_working_set_bytes,64954368.0
1744886180,kashef-k8s-w1.nginx-thrift-79478f9bf5-h66tn,container_memory_working_set_bytes,101281792.0
1744886180,kashef-k8s-ctl.user-timeline-redis-67cc95bc57-klp4b,container_memory_working_set_bytes,4075520.0
1744886180,kashef-k8s-ctl.unique-id-service-694497b678-bzxbf,container_memory_working_set_bytes,1921024.0
1744886180,kashef-k8s-w1.social-graph-redis-5bbd5b7458-tqz7l,container_memory_working_set_bytes,5509120.0
1744886180,kashef-k8s-ctl.user-timeline-mongodb-6758898d48-gggfw,container_memory_working_set_bytes,62521344.0
1744886180,kashef-k8s-ctl.post-storage-memcached-6b75788fc6-gnd8c,container_memory_working_set_bytes,2600960.0
1744886180,kashef-k8s-w1.user-mention-service-5c4f566c5-w4xpc,container_memory_working_set_bytes,2641920.0
1744886180,kashef-k8s-ctl.social-graph-service-677dbc655c-2tqbt,container_memory_working_set_bytes,2473984.0
1744886180,kashef-k8s-w1.text-service-fff64b8bf-v9dsr,container_memory_working_set_bytes,1945600.0
1744886180,kashef-k8s-ctl.post-storage-mongodb-5579669d8c-ckzsx,container_memory_working_set_bytes,60121088.0
1744886180,kashef-k8s-ctl.user-mongodb-7745bbd78-xrw2n,container_memory_working_set_bytes,60502016.0
1744886180,kashef-k8s-w1.compose-post-service-f587bf89d-l5zcs,container_memory_working_set_bytes,1949696.0
1744886180,kashef-k8s-w1.user-timeline-service-664c7f6696-fvhv9,container_memory_working_set_bytes,2473984.0
1744886180,kashef-k8s-ctl.url-shorten-memcached-6546746864-pg8xh,container_memory_working_set_bytes,2584576.0
1744886180,kashef-k8s-ctl.media-mongodb-7b64c59567-6ntnm,container_memory_working_set_bytes,59834368.0
1744886180,kashef-k8s-w1.user-memcached-59687c864d-d5rb5,container_memory_working_set_bytes,3141632.0
1744886180,kashef-k8s-w1.url-shorten-service-66949ddcc4-xlfmt,container_memory_working_set_bytes,4378624.0
1744886180,kashef-k8s-w1.media-service-6c665c775d-s7hl8,container_memory_working_set_bytes,1925120.0
1744886180,kashef-k8s-ctl.url-shorten-mongodb-57c886d5f8-2m8fs,container_memory_working_set_bytes,60321792.0
1744886186,kashef-k8s-ctl.jaeger-67997f9775-tjgc8,container_memory_working_set_bytes,10813440.0
1744886186,kashef-k8s-w1.compose-post-service-f587bf89d-l5zcs,container_memory_working_set_bytes,2330624.0
1744886186,kashef-k8s-w1.user-memcached-59687c864d-d5rb5,container_memory_working_set_bytes,3248128.0
1744886186,kashef-k8s-w1.url-shorten-service-66949ddcc4-xlfmt,container_memory_working_set_bytes,4378624.0
1744886186,kashef-k8s-ctl.user-mongodb-7745bbd78-xrw2n,container_memory_working_set_bytes,60502016.0
1744886186,kashef-k8s-w1.nginx-thrift-79478f9bf5-h66tn,container_memory_working_set_bytes,101281792.0
1744886186,kashef-k8s-ctl.url-shorten-mongodb-57c886d5f8-2m8fs,container_memory_working_set_bytes,60321792.0
1744886186,kashef-k8s-w1.user-mention-service-5c4f566c5-w4xpc,container_memory_working_set_bytes,2641920.0
1744886186,kashef-k8s-ctl.url-shorten-memcached-6546746864-pg8xh,container_memory_working_set_bytes,2584576.0
1744886186,kashef-k8s-w1.home-timeline-service-5754ffbc6d-zp4pr,container_memory_working_set_bytes,2170880.0
1744886186,kashef-k8s-ctl.media-memcached-7889bdfdfb-2thqn,container_memory_working_set_bytes,2621440.0
1744886186,kashef-k8s-ctl.unique-id-service-694497b678-bzxbf,container_memory_working_set_bytes,1921024.0
1744886186,kashef-k8s-ctl.user-timeline-redis-67cc95bc57-klp4b,container_memory_working_set_bytes,4075520.0
1744886186,kashef-k8s-w1.media-frontend-6b66b95ff4-xrdq6,container_memory_working_set_bytes,10485760.0
1744886186,kashef-k8s-ctl.media-mongodb-7b64c59567-6ntnm,container_memory_working_set_bytes,59834368.0
1744886186,kashef-k8s-w1.media-service-6c665c775d-s7hl8,container_memory_working_set_bytes,1925120.0
1744886186,kashef-k8s-w1.user-timeline-service-664c7f6696-fvhv9,container_memory_working_set_bytes,2887680.0
1744886186,kashef-k8s-w1.text-service-fff64b8bf-v9dsr,container_memory_working_set_bytes,1945600.0
1744886186,kashef-k8s-w1.user-service-547b88cd8f-mbl6h,container_memory_working_set_bytes,2748416.0
1744886186,kashef-k8s-ctl.home-timeline-redis-6c6647df6f-5vgsk,container_memory_working_set_bytes,8069120.0
1744886186,kashef-k8s-w1.social-graph-redis-5bbd5b7458-tqz7l,container_memory_working_set_bytes,5541888.0
1744886186,kashef-k8s-ctl.post-storage-memcached-6b75788fc6-gnd8c,container_memory_working_set_bytes,2600960.0
1744886186,kashef-k8s-ctl.post-storage-mongodb-5579669d8c-ckzsx,container_memory_working_set_bytes,60121088.0
1744886186,kashef-k8s-ctl.social-graph-service-677dbc655c-2tqbt,container_memory_working_set_bytes,2473984.0
1744886186,kashef-k8s-w1.social-graph-mongodb-55df767ff5-c86pb,container_memory_working_set_bytes,65204224.0
1744886186,kashef-k8s-w1.post-storage-service-66c9966f5f-nllkd,container_memory_working_set_bytes,3002368.0
1744886186,kashef-k8s-ctl.user-timeline-mongodb-6758898d48-gggfw,container_memory_working_set_bytes,62521344.0
1744886192,kashef-k8s-ctl.user-mongodb-7745bbd78-xrw2n,container_memory_working_set_bytes,60502016.0
1744886192,kashef-k8s-w1.user-memcached-59687c864d-d5rb5,container_memory_working_set_bytes,3248128.0
1744886192,kashef-k8s-ctl.jaeger-67997f9775-tjgc8,container_memory_working_set_bytes,10813440.0
1744886192,kashef-k8s-w1.user-mention-service-5c4f566c5-w4xpc,container_memory_working_set_bytes,2641920.0
1744886192,kashef-k8s-ctl.url-shorten-mongodb-57c886d5f8-2m8fs,container_memory_working_set_bytes,60321792.0
1744886192,kashef-k8s-w1.social-graph-mongodb-55df767ff5-c86pb,container_memory_working_set_bytes,65204224.0
1744886192,kashef-k8s-ctl.user-timeline-redis-67cc95bc57-klp4b,container_memory_working_set_bytes,4075520.0
1744886192,kashef-k8s-ctl.url-shorten-memcached-6546746864-pg8xh,container_memory_working_set_bytes,2584576.0
1744886192,kashef-k8s-w1.user-timeline-service-664c7f6696-fvhv9,container_memory_working_set_bytes,2887680.0
1744886192,kashef-k8s-w1.nginx-thrift-79478f9bf5-h66tn,container_memory_working_set_bytes,101281792.0
1744886192,kashef-k8s-w1.media-frontend-6b66b95ff4-xrdq6,container_memory_working_set_bytes,10485760.0
1744886192,kashef-k8s-ctl.media-mongodb-7b64c59567-6ntnm,container_memory_working_set_bytes,59834368.0
1744886192,kashef-k8s-ctl.unique-id-service-694497b678-bzxbf,container_memory_working_set_bytes,1921024.0
1744886192,kashef-k8s-w1.url-shorten-service-66949ddcc4-xlfmt,container_memory_working_set_bytes,4493312.0
1744886192,kashef-k8s-ctl.post-storage-mongodb-5579669d8c-ckzsx,container_memory_working_set_bytes,60121088.0
1744886192,kashef-k8s-ctl.post-storage-memcached-6b75788fc6-gnd8c,container_memory_working_set_bytes,2600960.0
1744886192,kashef-k8s-w1.text-service-fff64b8bf-v9dsr,container_memory_working_set_bytes,2166784.0
1744886192,kashef-k8s-ctl.home-timeline-redis-6c6647df6f-5vgsk,container_memory_working_set_bytes,8069120.0
1744886192,kashef-k8s-w1.social-graph-redis-5bbd5b7458-tqz7l,container_memory_working_set_bytes,5541888.0
1744886192,kashef-k8s-w1.home-timeline-service-5754ffbc6d-zp4pr,container_memory_working_set_bytes,2170880.0
1744886192,kashef-k8s-ctl.user-timeline-mongodb-6758898d48-gggfw,container_memory_working_set_bytes,62521344.0
1744886192,kashef-k8s-w1.post-storage-service-66c9966f5f-nllkd,container_memory_working_set_bytes,3002368.0
1744886192,kashef-k8s-w1.user-service-547b88cd8f-mbl6h,container_memory_working_set_bytes,2748416.0
1744886192,kashef-k8s-ctl.media-memcached-7889bdfdfb-2thqn,container_memory_working_set_bytes,2621440.0
1744886192,kashef-k8s-w1.media-service-6c665c775d-s7hl8,container_memory_working_set_bytes,1966080.0
1744886192,kashef-k8s-ctl.social-graph-service-677dbc655c-2tqbt,container_memory_working_set_bytes,2473984.0
1744886192,kashef-k8s-w1.compose-post-service-f587bf89d-l5zcs,container_memory_working_set_bytes,2330624.0
1744886198,kashef-k8s-ctl.social-graph-service-677dbc655c-2tqbt,container_memory_working_set_bytes,2473984.0
1744886198,kashef-k8s-w1.post-storage-service-66c9966f5f-nllkd,container_memory_working_set_bytes,3002368.0
1744886198,kashef-k8s-w1.media-service-6c665c775d-s7hl8,container_memory_working_set_bytes,1966080.0
1744886198,kashef-k8s-ctl.media-mongodb-7b64c59567-6ntnm,container_memory_working_set_bytes,59981824.0
1744886198,kashef-k8s-ctl.user-mongodb-7745bbd78-xrw2n,container_memory_working_set_bytes,60502016.0
1744886198,kashef-k8s-ctl.user-timeline-redis-67cc95bc57-klp4b,container_memory_working_set_bytes,4075520.0
1744886198,kashef-k8s-w1.user-mention-service-5c4f566c5-w4xpc,container_memory_working_set_bytes,2834432.0
1744886198,kashef-k8s-ctl.post-storage-mongodb-5579669d8c-ckzsx,container_memory_working_set_bytes,60121088.0
1744886198,kashef-k8s-ctl.post-storage-memcached-6b75788fc6-gnd8c,container_memory_working_set_bytes,2600960.0
1744886198,kashef-k8s-ctl.media-memcached-7889bdfdfb-2thqn,container_memory_working_set_bytes,2621440.0
1744886198,kashef-k8s-w1.text-service-fff64b8bf-v9dsr,container_memory_working_set_bytes,2166784.0
1744886198,kashef-k8s-ctl.home-timeline-redis-6c6647df6f-5vgsk,container_memory_working_set_bytes,7966720.0
1744886198,kashef-k8s-w1.nginx-thrift-79478f9bf5-h66tn,container_memory_working_set_bytes,101281792.0
1744886198,kashef-k8s-w1.media-frontend-6b66b95ff4-xrdq6,container_memory_working_set_bytes,66957312.0
1744886198,kashef-k8s-w1.user-timeline-service-664c7f6696-fvhv9,container_memory_working_set_bytes,2887680.0
1744886198,kashef-k8s-ctl.unique-id-service-694497b678-bzxbf,container_memory_working_set_bytes,1921024.0
1744886198,kashef-k8s-ctl.user-timeline-mongodb-6758898d48-gggfw,container_memory_working_set_bytes,62521344.0
1744886198,kashef-k8s-w1.social-graph-redis-5bbd5b7458-tqz7l,container_memory_working_set_bytes,5541888.0
1744886198,kashef-k8s-ctl.url-shorten-memcached-6546746864-pg8xh,container_memory_working_set_bytes,2584576.0
1744886198,kashef-k8s-w1.home-timeline-service-5754ffbc6d-zp4pr,container_memory_working_set_bytes,2170880.0
1744886198,kashef-k8s-w1.user-service-547b88cd8f-mbl6h,container_memory_working_set_bytes,2801664.0
1744886198,kashef-k8s-w1.social-graph-mongodb-55df767ff5-c86pb,container_memory_working_set_bytes,65204224.0
1744886198,kashef-k8s-ctl.jaeger-67997f9775-tjgc8,container_memory_working_set_bytes,10813440.0
1744886198,kashef-k8s-w1.compose-post-service-f587bf89d-l5zcs,container_memory_working_set_bytes,2330624.0
1744886198,kashef-k8s-w1.user-memcached-59687c864d-d5rb5,container_memory_working_set_bytes,3248128.0
1744886198,kashef-k8s-ctl.url-shorten-mongodb-57c886d5f8-2m8fs,container_memory_working_set_bytes,60321792.0
1744886198,kashef-k8s-w1.url-shorten-service-66949ddcc4-xlfmt,container_memory_working_set_bytes,4493312.0
1744886204,kashef-k8s-w1.url-shorten-service-66949ddcc4-xlfmt,container_memory_working_set_bytes,4493312.0
1744886204,kashef-k8s-ctl.jaeger-67997f9775-tjgc8,container_memory_working_set_bytes,10813440.0
1744886204,kashef-k8s-w1.user-memcached-59687c864d-d5rb5,container_memory_working_set_bytes,3248128.0
1744886204,kashef-k8s-w1.home-timeline-service-5754ffbc6d-zp4pr,container_memory_working_set_bytes,2170880.0
1744886204,kashef-k8s-w1.user-service-547b88cd8f-mbl6h,container_memory_working_set_bytes,2801664.0
1744886204,kashef-k8s-w1.social-graph-mongodb-55df767ff5-c86pb,container_memory_working_set_bytes,65204224.0
1744886204,kashef-k8s-w1.compose-post-service-f587bf89d-l5zcs,container_memory_working_set_bytes,2330624.0
1744886204,kashef-k8s-ctl.user-timeline-mongodb-6758898d48-gggfw,container_memory_working_set_bytes,62877696.0
1744886204,kashef-k8s-w1.social-graph-redis-5bbd5b7458-tqz7l,container_memory_working_set_bytes,5541888.0
1744886204,kashef-k8s-ctl.media-mongodb-7b64c59567-6ntnm,container_memory_working_set_bytes,59981824.0
1744886204,kashef-k8s-w1.media-frontend-6b66b95ff4-xrdq6,container_memory_working_set_bytes,66957312.0
1744886204,kashef-k8s-ctl.unique-id-service-694497b678-bzxbf,container_memory_working_set_bytes,1921024.0
1744886204,kashef-k8s-ctl.url-shorten-memcached-6546746864-pg8xh,container_memory_working_set_bytes,2584576.0
1744886204,kashef-k8s-w1.user-timeline-service-664c7f6696-fvhv9,container_memory_working_set_bytes,2887680.0
1744886204,kashef-k8s-ctl.home-timeline-redis-6c6647df6f-5vgsk,container_memory_working_set_bytes,7966720.0
1744886204,kashef-k8s-ctl.post-storage-memcached-6b75788fc6-gnd8c,container_memory_working_set_bytes,2600960.0
1744886204,kashef-k8s-w1.text-service-fff64b8bf-v9dsr,container_memory_working_set_bytes,2166784.0
1744886204,kashef-k8s-w1.user-mention-service-5c4f566c5-w4xpc,container_memory_working_set_bytes,2834432.0
1744886204,kashef-k8s-ctl.user-timeline-redis-67cc95bc57-klp4b,container_memory_working_set_bytes,4075520.0
1744886204,kashef-k8s-ctl.user-mongodb-7745bbd78-xrw2n,container_memory_working_set_bytes,60502016.0
1744886204,kashef-k8s-ctl.url-shorten-mongodb-57c886d5f8-2m8fs,container_memory_working_set_bytes,60321792.0
1744886204,kashef-k8s-ctl.social-graph-service-677dbc655c-2tqbt,container_memory_working_set_bytes,2473984.0
1744886204,kashef-k8s-w1.post-storage-service-66c9966f5f-nllkd,container_memory_working_set_bytes,3002368.0
1744886204,kashef-k8s-w1.media-service-6c665c775d-s7hl8,container_memory_working_set_bytes,1966080.0
1744886204,kashef-k8s-ctl.media-memcached-7889bdfdfb-2thqn,container_memory_working_set_bytes,2621440.0
1744886204,kashef-k8s-ctl.post-storage-mongodb-5579669d8c-ckzsx,container_memory_working_set_bytes,60121088.0
1744886204,kashef-k8s-w1.nginx-thrift-79478f9bf5-h66tn,container_memory_working_set_bytes,101281792.0
1744886210,kashef-k8s-w1.user-memcached-59687c864d-d5rb5,container_memory_working_set_bytes,3248128.0
1744886210,kashef-k8s-ctl.home-timeline-redis-6c6647df6f-5vgsk,container_memory_working_set_bytes,7966720.0
1744886210,kashef-k8s-w1.social-graph-redis-5bbd5b7458-tqz7l,container_memory_working_set_bytes,5406720.0
1744886210,kashef-k8s-w1.compose-post-service-f587bf89d-l5zcs,container_memory_working_set_bytes,2330624.0
1744886210,kashef-k8s-w1.url-shorten-service-66949ddcc4-xlfmt,container_memory_working_set_bytes,4493312.0
1744886210,kashef-k8s-ctl.post-storage-mongodb-5579669d8c-ckzsx,container_memory_working_set_bytes,60366848.0
1744886210,kashef-k8s-ctl.media-mongodb-7b64c59567-6ntnm,container_memory_working_set_bytes,59981824.0
1744886210,kashef-k8s-w1.media-frontend-6b66b95ff4-xrdq6,container_memory_working_set_bytes,66957312.0
1744886210,kashef-k8s-w1.user-timeline-service-664c7f6696-fvhv9,container_memory_working_set_bytes,2887680.0
1744886210,kashef-k8s-ctl.unique-id-service-694497b678-bzxbf,container_memory_working_set_bytes,1990656.0
1744886210,kashef-k8s-w1.social-graph-mongodb-55df767ff5-c86pb,container_memory_working_set_bytes,65204224.0
1744886210,kashef-k8s-ctl.user-timeline-mongodb-6758898d48-gggfw,container_memory_working_set_bytes,62877696.0
1744886210,kashef-k8s-ctl.user-timeline-redis-67cc95bc57-klp4b,container_memory_working_set_bytes,3956736.0
1744886210,kashef-k8s-w1.home-timeline-service-5754ffbc6d-zp4pr,container_memory_working_set_bytes,2170880.0
1744886210,kashef-k8s-ctl.url-shorten-mongodb-57c886d5f8-2m8fs,container_memory_working_set_bytes,60370944.0
1744886210,kashef-k8s-ctl.user-mongodb-7745bbd78-xrw2n,container_memory_working_set_bytes,60653568.0
1744886210,kashef-k8s-ctl.jaeger-67997f9775-tjgc8,container_memory_working_set_bytes,11333632.0
1744886210,kashef-k8s-w1.user-mention-service-5c4f566c5-w4xpc,container_memory_working_set_bytes,2834432.0
1744886210,kashef-k8s-ctl.post-storage-memcached-6b75788fc6-gnd8c,container_memory_working_set_bytes,2600960.0
1744886210,kashef-k8s-w1.post-storage-service-66c9966f5f-nllkd,container_memory_working_set_bytes,3002368.0
1744886210,kashef-k8s-ctl.media-memcached-7889bdfdfb-2thqn,container_memory_working_set_bytes,2621440.0
1744886210,kashef-k8s-w1.nginx-thrift-79478f9bf5-h66tn,container_memory_working_set_bytes,103452672.0
1744886210,kashef-k8s-w1.text-service-fff64b8bf-v9dsr,container_memory_working_set_bytes,2166784.0
1744886210,kashef-k8s-ctl.url-shorten-memcached-6546746864-pg8xh,container_memory_working_set_bytes,2584576.0
1744886210,kashef-k8s-w1.media-service-6c665c775d-s7hl8,container_memory_working_set_bytes,1966080.0
1744886210,kashef-k8s-w1.user-service-547b88cd8f-mbl6h,container_memory_working_set_bytes,2801664.0
1744886210,kashef-k8s-ctl.social-graph-service-677dbc655c-2tqbt,container_memory_working_set_bytes,2572288.0
1744886216,kashef-k8s-w1.url-shorten-service-66949ddcc4-xlfmt,container_memory_working_set_bytes,4493312.0
1744886216,kashef-k8s-ctl.user-timeline-mongodb-6758898d48-gggfw,container_memory_working_set_bytes,62877696.0
1744886216,kashef-k8s-ctl.user-mongodb-7745bbd78-xrw2n,container_memory_working_set_bytes,60653568.0
1744886216,kashef-k8s-w1.user-memcached-59687c864d-d5rb5,container_memory_working_set_bytes,3244032.0
1744886216,kashef-k8s-w1.user-mention-service-5c4f566c5-w4xpc,container_memory_working_set_bytes,2834432.0
1744886216,kashef-k8s-ctl.social-graph-service-677dbc655c-2tqbt,container_memory_working_set_bytes,2572288.0
1744886216,kashef-k8s-w1.user-timeline-service-664c7f6696-fvhv9,container_memory_working_set_bytes,2863104.0
1744886216,kashef-k8s-w1.home-timeline-service-5754ffbc6d-zp4pr,container_memory_working_set_bytes,2387968.0
1744886216,kashef-k8s-w1.social-graph-mongodb-55df767ff5-c86pb,container_memory_working_set_bytes,64974848.0
1744886216,kashef-k8s-ctl.post-storage-memcached-6b75788fc6-gnd8c,container_memory_working_set_bytes,2600960.0
1744886216,kashef-k8s-ctl.unique-id-service-694497b678-bzxbf,container_memory_working_set_bytes,1990656.0
1744886216,kashef-k8s-w1.social-graph-redis-5bbd5b7458-tqz7l,container_memory_working_set_bytes,5406720.0
1744886216,kashef-k8s-ctl.url-shorten-mongodb-57c886d5f8-2m8fs,container_memory_working_set_bytes,60370944.0
1744886216,kashef-k8s-ctl.jaeger-67997f9775-tjgc8,container_memory_working_set_bytes,11333632.0
1744886216,kashef-k8s-ctl.url-shorten-memcached-6546746864-pg8xh,container_memory_working_set_bytes,2584576.0
1744886216,kashef-k8s-w1.media-frontend-6b66b95ff4-xrdq6,container_memory_working_set_bytes,66957312.0
1744886216,kashef-k8s-w1.post-storage-service-66c9966f5f-nllkd,container_memory_working_set_bytes,3002368.0
1744886216,kashef-k8s-ctl.media-mongodb-7b64c59567-6ntnm,container_memory_working_set_bytes,59981824.0
1744886216,kashef-k8s-w1.text-service-fff64b8bf-v9dsr,container_memory_working_set_bytes,2166784.0
1744886216,kashef-k8s-w1.nginx-thrift-79478f9bf5-h66tn,container_memory_working_set_bytes,103452672.0
1744886216,kashef-k8s-w1.user-service-547b88cd8f-mbl6h,container_memory_working_set_bytes,2801664.0
1744886216,kashef-k8s-ctl.media-memcached-7889bdfdfb-2thqn,container_memory_working_set_bytes,2621440.0
1744886216,kashef-k8s-w1.compose-post-service-f587bf89d-l5zcs,container_memory_working_set_bytes,2330624.0
1744886216,kashef-k8s-ctl.home-timeline-redis-6c6647df6f-5vgsk,container_memory_working_set_bytes,7966720.0
1744886216,kashef-k8s-ctl.user-timeline-redis-67cc95bc57-klp4b,container_memory_working_set_bytes,3956736.0
1744886216,kashef-k8s-ctl.post-storage-mongodb-5579669d8c-ckzsx,container_memory_working_set_bytes,60366848.0
1744886216,kashef-k8s-w1.media-service-6c665c775d-s7hl8,container_memory_working_set_bytes,1966080.0
1744886222,kashef-k8s-w1.user-mention-service-5c4f566c5-w4xpc,container_memory_working_set_bytes,2834432.0
1744886222,kashef-k8s-w1.url-shorten-service-66949ddcc4-xlfmt,container_memory_working_set_bytes,4493312.0
1744886222,kashef-k8s-ctl.url-shorten-memcached-6546746864-pg8xh,container_memory_working_set_bytes,2584576.0
1744886222,kashef-k8s-w1.user-timeline-service-664c7f6696-fvhv9,container_memory_working_set_bytes,2863104.0
1744886222,kashef-k8s-w1.compose-post-service-f587bf89d-l5zcs,container_memory_working_set_bytes,2379776.0
1744886222,kashef-k8s-w1.social-graph-redis-5bbd5b7458-tqz7l,container_memory_working_set_bytes,5406720.0
1744886222,kashef-k8s-ctl.jaeger-67997f9775-tjgc8,container_memory_working_set_bytes,11333632.0
1744886222,kashef-k8s-w1.social-graph-mongodb-55df767ff5-c86pb,container_memory_working_set_bytes,64974848.0
1744886222,kashef-k8s-ctl.post-storage-memcached-6b75788fc6-gnd8c,container_memory_working_set_bytes,2600960.0
1744886222,kashef-k8s-ctl.social-graph-service-677dbc655c-2tqbt,container_memory_working_set_bytes,2572288.0
1744886222,kashef-k8s-w1.media-frontend-6b66b95ff4-xrdq6,container_memory_working_set_bytes,66957312.0
1744886222,kashef-k8s-ctl.url-shorten-mongodb-57c886d5f8-2m8fs,container_memory_working_set_bytes,60370944.0
1744886222,kashef-k8s-w1.user-service-547b88cd8f-mbl6h,container_memory_working_set_bytes,2809856.0
1744886222,kashef-k8s-ctl.user-mongodb-7745bbd78-xrw2n,container_memory_working_set_bytes,60653568.0
1744886222,kashef-k8s-w1.user-memcached-59687c864d-d5rb5,container_memory_working_set_bytes,3244032.0
1744886222,kashef-k8s-ctl.user-timeline-mongodb-6758898d48-gggfw,container_memory_working_set_bytes,62877696.0
1744886222,kashef-k8s-ctl.post-storage-mongodb-5579669d8c-ckzsx,container_memory_working_set_bytes,60366848.0
1744886222,kashef-k8s-ctl.media-mongodb-7b64c59567-6ntnm,container_memory_working_set_bytes,59863040.0
1744886222,kashef-k8s-ctl.unique-id-service-694497b678-bzxbf,container_memory_working_set_bytes,1990656.0
1744886222,kashef-k8s-w1.media-service-6c665c775d-s7hl8,container_memory_working_set_bytes,1982464.0
1744886222,kashef-k8s-ctl.user-timeline-redis-67cc95bc57-klp4b,container_memory_working_set_bytes,3956736.0
1744886222,kashef-k8s-w1.text-service-fff64b8bf-v9dsr,container_memory_working_set_bytes,2240512.0
1744886222,kashef-k8s-w1.nginx-thrift-79478f9bf5-h66tn,container_memory_working_set_bytes,103452672.0
1744886222,kashef-k8s-w1.post-storage-service-66c9966f5f-nllkd,container_memory_working_set_bytes,3039232.0
1744886222,kashef-k8s-w1.home-timeline-service-5754ffbc6d-zp4pr,container_memory_working_set_bytes,2387968.0
1744886222,kashef-k8s-ctl.media-memcached-7889bdfdfb-2thqn,container_memory_working_set_bytes,2621440.0
1744886222,kashef-k8s-ctl.home-timeline-redis-6c6647df6f-5vgsk,container_memory_working_set_bytes,7966720.0
1744886228,kashef-k8s-ctl.media-memcached-7889bdfdfb-2thqn,container_memory_working_set_bytes,2621440.0
1744886228,kashef-k8s-ctl.home-timeline-redis-6c6647df6f-5vgsk,container_memory_working_set_bytes,7966720.0
1744886228,kashef-k8s-w1.post-storage-service-66c9966f5f-nllkd,container_memory_working_set_bytes,3039232.0
1744886228,kashef-k8s-w1.text-service-fff64b8bf-v9dsr,container_memory_working_set_bytes,2240512.0
1744886228,kashef-k8s-ctl.post-storage-mongodb-5579669d8c-ckzsx,container_memory_working_set_bytes,60637184.0
1744886228,kashef-k8s-w1.media-service-6c665c775d-s7hl8,container_memory_working_set_bytes,1982464.0
1744886228,kashef-k8s-ctl.unique-id-service-694497b678-bzxbf,container_memory_working_set_bytes,1990656.0
1744886228,kashef-k8s-ctl.media-mongodb-7b64c59567-6ntnm,container_memory_working_set_bytes,59863040.0
1744886228,kashef-k8s-ctl.post-storage-memcached-6b75788fc6-gnd8c,container_memory_working_set_bytes,2600960.0
1744886228,kashef-k8s-ctl.social-graph-service-677dbc655c-2tqbt,container_memory_working_set_bytes,2572288.0
1744886228,kashef-k8s-ctl.url-shorten-mongodb-57c886d5f8-2m8fs,container_memory_working_set_bytes,60370944.0
1744886228,kashef-k8s-w1.user-service-547b88cd8f-mbl6h,container_memory_working_set_bytes,2809856.0
1744886228,kashef-k8s-w1.social-graph-redis-5bbd5b7458-tqz7l,container_memory_working_set_bytes,5406720.0
1744886228,kashef-k8s-w1.social-graph-mongodb-55df767ff5-c86pb,container_memory_working_set_bytes,64974848.0
1744886228,kashef-k8s-ctl.jaeger-67997f9775-tjgc8,container_memory_working_set_bytes,11333632.0
1744886228,kashef-k8s-ctl.user-timeline-redis-67cc95bc57-klp4b,container_memory_working_set_bytes,3956736.0
1744886228,kashef-k8s-w1.user-timeline-service-664c7f6696-fvhv9,container_memory_working_set_bytes,2863104.0
1744886228,kashef-k8s-w1.user-memcached-59687c864d-d5rb5,container_memory_working_set_bytes,3244032.0
1744886228,kashef-k8s-ctl.user-mongodb-7745bbd78-xrw2n,container_memory_working_set_bytes,60653568.0
1744886228,kashef-k8s-w1.home-timeline-service-5754ffbc6d-zp4pr,container_memory_working_set_bytes,2387968.0
1744886228,kashef-k8s-w1.user-mention-service-5c4f566c5-w4xpc,container_memory_working_set_bytes,2834432.0
1744886228,kashef-k8s-w1.url-shorten-service-66949ddcc4-xlfmt,container_memory_working_set_bytes,4489216.0
1744886228,kashef-k8s-w1.nginx-thrift-79478f9bf5-h66tn,container_memory_working_set_bytes,103452672.0
1744886228,kashef-k8s-w1.compose-post-service-f587bf89d-l5zcs,container_memory_working_set_bytes,2379776.0
1744886228,kashef-k8s-ctl.url-shorten-memcached-6546746864-pg8xh,container_memory_working_set_bytes,2584576.0
1744886228,kashef-k8s-ctl.user-timeline-mongodb-6758898d48-gggfw,container_memory_working_set_bytes,62877696.0
1744886228,kashef-k8s-w1.media-frontend-6b66b95ff4-xrdq6,container_memory_working_set_bytes,66957312.0
1744886234,kashef-k8s-ctl.post-storage-mongodb-5579669d8c-ckzsx,container_memory_working_set_bytes,60637184.0
1744886234,kashef-k8s-w1.nginx-thrift-79478f9bf5-h66tn,container_memory_working_set_bytes,103452672.0
1744886234,kashef-k8s-ctl.unique-id-service-694497b678-bzxbf,container_memory_working_set_bytes,1990656.0
1744886234,kashef-k8s-ctl.media-mongodb-7b64c59567-6ntnm,container_memory_working_set_bytes,59863040.0
1744886234,kashef-k8s-w1.media-service-6c665c775d-s7hl8,container_memory_working_set_bytes,1982464.0
1744886234,kashef-k8s-w1.user-service-547b88cd8f-mbl6h,container_memory_working_set_bytes,2809856.0
1744886234,kashef-k8s-ctl.post-storage-memcached-6b75788fc6-gnd8c,container_memory_working_set_bytes,2600960.0
1744886234,kashef-k8s-ctl.url-shorten-mongodb-57c886d5f8-2m8fs,container_memory_working_set_bytes,60370944.0
1744886234,kashef-k8s-ctl.social-graph-service-677dbc655c-2tqbt,container_memory_working_set_bytes,2572288.0
1744886234,kashef-k8s-ctl.jaeger-67997f9775-tjgc8,container_memory_working_set_bytes,11939840.0
1744886234,kashef-k8s-ctl.user-timeline-redis-67cc95bc57-klp4b,container_memory_working_set_bytes,3956736.0
1744886234,kashef-k8s-w1.social-graph-redis-5bbd5b7458-tqz7l,container_memory_working_set_bytes,5406720.0
1744886234,kashef-k8s-w1.social-graph-mongodb-55df767ff5-c86pb,container_memory_working_set_bytes,64974848.0
1744886234,kashef-k8s-w1.post-storage-service-66c9966f5f-nllkd,container_memory_working_set_bytes,3039232.0
1744886234,kashef-k8s-w1.text-service-fff64b8bf-v9dsr,container_memory_working_set_bytes,2240512.0
1744886234,kashef-k8s-ctl.media-memcached-7889bdfdfb-2thqn,container_memory_working_set_bytes,2621440.0
1744886234,kashef-k8s-ctl.user-timeline-mongodb-6758898d48-gggfw,container_memory_working_set_bytes,62971904.0
1744886234,kashef-k8s-w1.user-timeline-service-664c7f6696-fvhv9,container_memory_working_set_bytes,2863104.0
1744886234,kashef-k8s-w1.user-mention-service-5c4f566c5-w4xpc,container_memory_working_set_bytes,2834432.0
1744886234,kashef-k8s-w1.media-frontend-6b66b95ff4-xrdq6,container_memory_working_set_bytes,66957312.0
1744886234,kashef-k8s-ctl.url-shorten-memcached-6546746864-pg8xh,container_memory_working_set_bytes,2584576.0
1744886234,kashef-k8s-w1.user-memcached-59687c864d-d5rb5,container_memory_working_set_bytes,3244032.0
1744886234,kashef-k8s-ctl.user-mongodb-7745bbd78-xrw2n,container_memory_working_set_bytes,60862464.0
1744886234,kashef-k8s-ctl.home-timeline-redis-6c6647df6f-5vgsk,container_memory_working_set_bytes,8228864.0
1744886234,kashef-k8s-w1.home-timeline-service-5754ffbc6d-zp4pr,container_memory_working_set_bytes,2387968.0
1744886234,kashef-k8s-w1.url-shorten-service-66949ddcc4-xlfmt,container_memory_working_set_bytes,4489216.0
1744886234,kashef-k8s-w1.compose-post-service-f587bf89d-l5zcs,container_memory_working_set_bytes,2379776.0
1744886240,kashef-k8s-w1.nginx-thrift-79478f9bf5-h66tn,container_memory_working_set_bytes,103452672.0
1744886240,kashef-k8s-w1.text-service-fff64b8bf-v9dsr,container_memory_working_set_bytes,2240512.0
1744886240,kashef-k8s-w1.user-mention-service-5c4f566c5-w4xpc,container_memory_working_set_bytes,2834432.0
1744886240,kashef-k8s-ctl.url-shorten-memcached-6546746864-pg8xh,container_memory_working_set_bytes,2584576.0
1744886240,kashef-k8s-ctl.user-timeline-mongodb-6758898d48-gggfw,container_memory_working_set_bytes,62971904.0
1744886240,kashef-k8s-ctl.user-mongodb-7745bbd78-xrw2n,container_memory_working_set_bytes,60862464.0
1744886240,kashef-k8s-w1.user-memcached-59687c864d-d5rb5,container_memory_working_set_bytes,3244032.0
1744886240,kashef-k8s-ctl.social-graph-service-677dbc655c-2tqbt,container_memory_working_set_bytes,2592768.0
1744886240,kashef-k8s-w1.user-timeline-service-664c7f6696-fvhv9,container_memory_working_set_bytes,2863104.0
1744886240,kashef-k8s-w1.social-graph-mongodb-55df767ff5-c86pb,container_memory_working_set_bytes,64974848.0
1744886240,kashef-k8s-ctl.unique-id-service-694497b678-bzxbf,container_memory_working_set_bytes,2007040.0
1744886240,kashef-k8s-ctl.post-storage-mongodb-5579669d8c-ckzsx,container_memory_working_set_bytes,60637184.0
1744886240,kashef-k8s-ctl.media-memcached-7889bdfdfb-2thqn,container_memory_working_set_bytes,2621440.0
1744886240,kashef-k8s-ctl.home-timeline-redis-6c6647df6f-5vgsk,container_memory_working_set_bytes,8228864.0
1744886240,kashef-k8s-ctl.media-mongodb-7b64c59567-6ntnm,container_memory_working_set_bytes,59863040.0
1744886240,kashef-k8s-w1.media-service-6c665c775d-s7hl8,container_memory_working_set_bytes,1982464.0
1744886240,kashef-k8s-w1.social-graph-redis-5bbd5b7458-tqz7l,container_memory_working_set_bytes,5414912.0
1744886240,kashef-k8s-ctl.url-shorten-mongodb-57c886d5f8-2m8fs,container_memory_working_set_bytes,61165568.0
1744886240,kashef-k8s-ctl.user-timeline-redis-67cc95bc57-klp4b,container_memory_working_set_bytes,4091904.0
1744886240,kashef-k8s-ctl.post-storage-memcached-6b75788fc6-gnd8c,container_memory_working_set_bytes,2600960.0
1744886240,kashef-k8s-w1.user-service-547b88cd8f-mbl6h,container_memory_working_set_bytes,2809856.0
1744886240,kashef-k8s-w1.post-storage-service-66c9966f5f-nllkd,container_memory_working_set_bytes,3108864.0
1744886240,kashef-k8s-w1.compose-post-service-f587bf89d-l5zcs,container_memory_working_set_bytes,2379776.0
1744886240,kashef-k8s-w1.home-timeline-service-5754ffbc6d-zp4pr,container_memory_working_set_bytes,2387968.0
1744886240,kashef-k8s-ctl.jaeger-67997f9775-tjgc8,container_memory_working_set_bytes,11939840.0
1744886240,kashef-k8s-w1.url-shorten-service-66949ddcc4-xlfmt,container_memory_working_set_bytes,4489216.0
1744886240,kashef-k8s-w1.media-frontend-6b66b95ff4-xrdq6,container_memory_working_set_bytes,66957312.0
1744886246,kashef-k8s-ctl.media-memcached-7889bdfdfb-2thqn,container_memory_working_set_bytes,2621440.0
1744886246,kashef-k8s-ctl.user-timeline-mongodb-6758898d48-gggfw,container_memory_working_set_bytes,62971904.0
1744886246,kashef-k8s-w1.url-shorten-service-66949ddcc4-xlfmt,container_memory_working_set_bytes,4489216.0
1744886246,kashef-k8s-ctl.user-mongodb-7745bbd78-xrw2n,container_memory_working_set_bytes,60862464.0
1744886246,kashef-k8s-w1.text-service-fff64b8bf-v9dsr,container_memory_working_set_bytes,2191360.0
1744886246,kashef-k8s-ctl.unique-id-service-694497b678-bzxbf,container_memory_working_set_bytes,2007040.0
1744886246,kashef-k8s-w1.social-graph-mongodb-55df767ff5-c86pb,container_memory_working_set_bytes,65032192.0
1744886246,kashef-k8s-w1.user-timeline-service-664c7f6696-fvhv9,container_memory_working_set_bytes,2863104.0
1744886246,kashef-k8s-w1.media-service-6c665c775d-s7hl8,container_memory_working_set_bytes,2002944.0
1744886246,kashef-k8s-ctl.home-timeline-redis-6c6647df6f-5vgsk,container_memory_working_set_bytes,8228864.0
1744886246,kashef-k8s-ctl.url-shorten-mongodb-57c886d5f8-2m8fs,container_memory_working_set_bytes,61165568.0
1744886246,kashef-k8s-ctl.post-storage-mongodb-5579669d8c-ckzsx,container_memory_working_set_bytes,60637184.0
1744886246,kashef-k8s-ctl.user-timeline-redis-67cc95bc57-klp4b,container_memory_working_set_bytes,4091904.0
1744886246,kashef-k8s-ctl.url-shorten-memcached-6546746864-pg8xh,container_memory_working_set_bytes,2584576.0
1744886246,kashef-k8s-w1.user-memcached-59687c864d-d5rb5,container_memory_working_set_bytes,3248128.0
1744886246,kashef-k8s-ctl.social-graph-service-677dbc655c-2tqbt,container_memory_working_set_bytes,2592768.0
1744886246,kashef-k8s-ctl.jaeger-67997f9775-tjgc8,container_memory_working_set_bytes,11939840.0
1744886246,kashef-k8s-w1.post-storage-service-66c9966f5f-nllkd,container_memory_working_set_bytes,3108864.0
1744886246,kashef-k8s-w1.user-service-547b88cd8f-mbl6h,container_memory_working_set_bytes,2809856.0
1744886246,kashef-k8s-ctl.media-mongodb-7b64c59567-6ntnm,container_memory_working_set_bytes,59863040.0
1744886246,kashef-k8s-w1.social-graph-redis-5bbd5b7458-tqz7l,container_memory_working_set_bytes,5414912.0
1744886246,kashef-k8s-w1.user-mention-service-5c4f566c5-w4xpc,container_memory_working_set_bytes,2834432.0
1744886246,kashef-k8s-ctl.post-storage-memcached-6b75788fc6-gnd8c,container_memory_working_set_bytes,2600960.0
1744886246,kashef-k8s-w1.media-frontend-6b66b95ff4-xrdq6,container_memory_working_set_bytes,66957312.0
1744886246,kashef-k8s-w1.home-timeline-service-5754ffbc6d-zp4pr,container_memory_working_set_bytes,2408448.0
1744886246,kashef-k8s-w1.nginx-thrift-79478f9bf5-h66tn,container_memory_working_set_bytes,104001536.0
1744886246,kashef-k8s-w1.compose-post-service-f587bf89d-l5zcs,container_memory_working_set_bytes,2379776.0
1744886252,kashef-k8s-w1.compose-post-service-f587bf89d-l5zcs,container_memory_working_set_bytes,2379776.0
1744886252,kashef-k8s-w1.text-service-fff64b8bf-v9dsr,container_memory_working_set_bytes,2191360.0
1744886252,kashef-k8s-w1.user-mention-service-5c4f566c5-w4xpc,container_memory_working_set_bytes,2834432.0
1744886252,kashef-k8s-w1.home-timeline-service-5754ffbc6d-zp4pr,container_memory_working_set_bytes,2408448.0
1744886252,kashef-k8s-ctl.media-mongodb-7b64c59567-6ntnm,container_memory_working_set_bytes,59863040.0
1744886252,kashef-k8s-ctl.unique-id-service-694497b678-bzxbf,container_memory_working_set_bytes,2007040.0
1744886252,kashef-k8s-w1.media-frontend-6b66b95ff4-xrdq6,container_memory_working_set_bytes,66957312.0
1744886252,kashef-k8s-w1.user-timeline-service-664c7f6696-fvhv9,container_memory_working_set_bytes,82027552768.0
1744886252,kashef-k8s-w1.social-graph-mongodb-55df767ff5-c86pb,container_memory_working_set_bytes,65032192.0
1744886252,kashef-k8s-w1.user-service-547b88cd8f-mbl6h,container_memory_working_set_bytes,2818048.0
1744886252,kashef-k8s-ctl.user-timeline-redis-67cc95bc57-klp4b,container_memory_working_set_bytes,4091904.0
1744886252,kashef-k8s-ctl.post-storage-mongodb-5579669d8c-ckzsx,container_memory_working_set_bytes,60637184.0
1744886252,kashef-k8s-ctl.user-timeline-mongodb-6758898d48-gggfw,container_memory_working_set_bytes,62971904.0
1744886252,kashef-k8s-w1.post-storage-service-66c9966f5f-nllkd,container_memory_working_set_bytes,3108864.0
1744886252,kashef-k8s-w1.nginx-thrift-79478f9bf5-h66tn,container_memory_working_set_bytes,104001536.0
1744886252,kashef-k8s-w1.social-graph-redis-5bbd5b7458-tqz7l,container_memory_working_set_bytes,5414912.0
1744886252,kashef-k8s-w1.media-service-6c665c775d-s7hl8,container_memory_working_set_bytes,2002944.0
1744886252,kashef-k8s-w1.url-shorten-service-66949ddcc4-xlfmt,container_memory_working_set_bytes,4489216.0
1744886252,kashef-k8s-ctl.jaeger-67997f9775-tjgc8,container_memory_working_set_bytes,11939840.0
1744886252,kashef-k8s-ctl.user-mongodb-7745bbd78-xrw2n,container_memory_working_set_bytes,60862464.0
1744886252,kashef-k8s-ctl.url-shorten-mongodb-57c886d5f8-2m8fs,container_memory_working_set_bytes,61165568.0
1744886252,kashef-k8s-ctl.url-shorten-memcached-6546746864-pg8xh,container_memory_working_set_bytes,2584576.0
1744886252,kashef-k8s-w1.user-memcached-59687c864d-d5rb5,container_memory_working_set_bytes,3248128.0
1744886252,kashef-k8s-ctl.post-storage-memcached-6b75788fc6-gnd8c,container_memory_working_set_bytes,2600960.0
1744886252,kashef-k8s-ctl.social-graph-service-677dbc655c-2tqbt,container_memory_working_set_bytes,2592768.0
1744886252,kashef-k8s-ctl.home-timeline-redis-6c6647df6f-5vgsk,container_memory_working_set_bytes,8228864.0
1744886252,kashef-k8s-ctl.media-memcached-7889bdfdfb-2thqn,container_memory_working_set_bytes,2621440.0
1744886258,kashef-k8s-ctl.media-mongodb-7b64c59567-6ntnm,container_memory_working_set_bytes,59863040.0
1744886258,kashef-k8s-w1.text-service-fff64b8bf-v9dsr,container_memory_working_set_bytes,2191360.0
1744886258,kashef-k8s-w1.user-timeline-service-664c7f6696-fvhv9,container_memory_working_set_bytes,82027552768.0
1744886258,kashef-k8s-ctl.unique-id-service-694497b678-bzxbf,container_memory_working_set_bytes,2007040.0
1744886258,kashef-k8s-w1.media-frontend-6b66b95ff4-xrdq6,container_memory_working_set_bytes,66957312.0
1744886258,kashef-k8s-w1.user-service-547b88cd8f-mbl6h,container_memory_working_set_bytes,2818048.0
1744886258,kashef-k8s-w1.social-graph-mongodb-55df767ff5-c86pb,container_memory_working_set_bytes,65032192.0
1744886258,kashef-k8s-w1.post-storage-service-66c9966f5f-nllkd,container_memory_working_set_bytes,3108864.0
1744886258,kashef-k8s-ctl.user-timeline-mongodb-6758898d48-gggfw,container_memory_working_set_bytes,62971904.0
1744886258,kashef-k8s-w1.social-graph-redis-5bbd5b7458-tqz7l,container_memory_working_set_bytes,5414912.0
1744886258,kashef-k8s-ctl.post-storage-mongodb-5579669d8c-ckzsx,container_memory_working_set_bytes,60637184.0
1744886258,kashef-k8s-w1.home-timeline-service-5754ffbc6d-zp4pr,container_memory_working_set_bytes,2408448.0
1744886258,kashef-k8s-w1.compose-post-service-f587bf89d-l5zcs,container_memory_working_set_bytes,2510848.0
1744886258,kashef-k8s-w1.url-shorten-service-66949ddcc4-xlfmt,container_memory_working_set_bytes,4517888.0
1744886258,kashef-k8s-w1.user-mention-service-5c4f566c5-w4xpc,container_memory_working_set_bytes,2854912.0
1744886258,kashef-k8s-w1.nginx-thrift-79478f9bf5-h66tn,container_memory_working_set_bytes,104001536.0
1744886258,kashef-k8s-ctl.user-timeline-redis-67cc95bc57-klp4b,container_memory_working_set_bytes,4091904.0
1744886258,kashef-k8s-ctl.url-shorten-memcached-6546746864-pg8xh,container_memory_working_set_bytes,2584576.0
1744886258,kashef-k8s-ctl.home-timeline-redis-6c6647df6f-5vgsk,container_memory_working_set_bytes,8228864.0
1744886258,kashef-k8s-ctl.media-memcached-7889bdfdfb-2thqn,container_memory_working_set_bytes,2621440.0
1744886258,kashef-k8s-ctl.social-graph-service-677dbc655c-2tqbt,container_memory_working_set_bytes,2592768.0
1744886258,kashef-k8s-ctl.url-shorten-mongodb-57c886d5f8-2m8fs,container_memory_working_set_bytes,60895232.0
1744886258,kashef-k8s-ctl.user-mongodb-7745bbd78-xrw2n,container_memory_working_set_bytes,60862464.0
1744886258,kashef-k8s-w1.media-service-6c665c775d-s7hl8,container_memory_working_set_bytes,2002944.0
1744886258,kashef-k8s-ctl.jaeger-67997f9775-tjgc8,container_memory_working_set_bytes,11939840.0
1744886258,kashef-k8s-ctl.post-storage-memcached-6b75788fc6-gnd8c,container_memory_working_set_bytes,2600960.0
1744886258,kashef-k8s-w1.user-memcached-59687c864d-d5rb5,container_memory_working_set_bytes,3248128.0
1744886264,kashef-k8s-ctl.url-shorten-mongodb-57c886d5f8-2m8fs,container_memory_working_set_bytes,60895232.0
1744886264,kashef-k8s-ctl.user-timeline-redis-67cc95bc57-klp4b,container_memory_working_set_bytes,4100096.0
1744886264,kashef-k8s-w1.text-service-fff64b8bf-v9dsr,container_memory_working_set_bytes,2191360.0
1744886264,kashef-k8s-w1.media-service-6c665c775d-s7hl8,container_memory_working_set_bytes,2002944.0
1744886264,kashef-k8s-ctl.post-storage-memcached-6b75788fc6-gnd8c,container_memory_working_set_bytes,3723264.0
1744886264,kashef-k8s-w1.user-service-547b88cd8f-mbl6h,container_memory_working_set_bytes,2818048.0
1744886264,kashef-k8s-w1.user-timeline-service-664c7f6696-fvhv9,container_memory_working_set_bytes,82027552768.0
1744886264,kashef-k8s-w1.url-shorten-service-66949ddcc4-xlfmt,container_memory_working_set_bytes,4517888.0
1744886264,kashef-k8s-ctl.post-storage-mongodb-5579669d8c-ckzsx,container_memory_working_set_bytes,60637184.0
1744886264,kashef-k8s-ctl.media-mongodb-7b64c59567-6ntnm,container_memory_working_set_bytes,59940864.0
1744886264,kashef-k8s-ctl.media-memcached-7889bdfdfb-2thqn,container_memory_working_set_bytes,2621440.0
1744886264,kashef-k8s-w1.media-frontend-6b66b95ff4-xrdq6,container_memory_working_set_bytes,66957312.0
1744886264,kashef-k8s-ctl.home-timeline-redis-6c6647df6f-5vgsk,container_memory_working_set_bytes,8228864.0
1744886264,kashef-k8s-w1.social-graph-mongodb-55df767ff5-c86pb,container_memory_working_set_bytes,65032192.0
1744886264,kashef-k8s-ctl.url-shorten-memcached-6546746864-pg8xh,container_memory_working_set_bytes,2584576.0
1744886264,kashef-k8s-ctl.user-mongodb-7745bbd78-xrw2n,container_memory_working_set_bytes,60739584.0
1744886264,kashef-k8s-ctl.unique-id-service-694497b678-bzxbf,container_memory_working_set_bytes,2007040.0
1744886264,kashef-k8s-ctl.user-timeline-mongodb-6758898d48-gggfw,container_memory_working_set_bytes,62971904.0
1744886264,kashef-k8s-w1.compose-post-service-f587bf89d-l5zcs,container_memory_working_set_bytes,2510848.0
1744886264,kashef-k8s-w1.nginx-thrift-79478f9bf5-h66tn,container_memory_working_set_bytes,104001536.0
1744886264,kashef-k8s-w1.social-graph-redis-5bbd5b7458-tqz7l,container_memory_working_set_bytes,5414912.0
1744886264,kashef-k8s-w1.user-memcached-59687c864d-d5rb5,container_memory_working_set_bytes,3248128.0
1744886264,kashef-k8s-w1.user-mention-service-5c4f566c5-w4xpc,container_memory_working_set_bytes,2854912.0
1744886264,kashef-k8s-ctl.jaeger-67997f9775-tjgc8,container_memory_working_set_bytes,11939840.0
1744886264,kashef-k8s-w1.home-timeline-service-5754ffbc6d-zp4pr,container_memory_working_set_bytes,2408448.0
1744886264,kashef-k8s-w1.post-storage-service-66c9966f5f-nllkd,container_memory_working_set_bytes,3108864.0
1744886264,kashef-k8s-ctl.social-graph-service-677dbc655c-2tqbt,container_memory_working_set_bytes,2605056.0
1744886270,kashef-k8s-ctl.user-timeline-redis-67cc95bc57-klp4b,container_memory_working_set_bytes,4100096.0
1744886270,kashef-k8s-ctl.post-storage-memcached-6b75788fc6-gnd8c,container_memory_working_set_bytes,3723264.0
1744886270,kashef-k8s-w1.user-service-547b88cd8f-mbl6h,container_memory_working_set_bytes,2818048.0
1744886270,kashef-k8s-w1.user-timeline-service-664c7f6696-fvhv9,container_memory_working_set_bytes,82027552768.0
1744886270,kashef-k8s-w1.url-shorten-service-66949ddcc4-xlfmt,container_memory_working_set_bytes,4517888.0
1744886270,kashef-k8s-w1.media-frontend-6b66b95ff4-xrdq6,container_memory_working_set_bytes,66957312.0
1744886270,kashef-k8s-ctl.media-mongodb-7b64c59567-6ntnm,container_memory_working_set_bytes,59940864.0
1744886270,kashef-k8s-ctl.post-storage-mongodb-5579669d8c-ckzsx,container_memory_working_set_bytes,61186048.0
1744886270,kashef-k8s-ctl.unique-id-service-694497b678-bzxbf,container_memory_working_set_bytes,2134016.0
1744886270,kashef-k8s-ctl.url-shorten-memcached-6546746864-pg8xh,container_memory_working_set_bytes,2584576.0
1744886270,kashef-k8s-ctl.user-mongodb-7745bbd78-xrw2n,container_memory_working_set_bytes,60739584.0
1744886270,kashef-k8s-ctl.home-timeline-redis-6c6647df6f-5vgsk,container_memory_working_set_bytes,8093696.0
1744886270,kashef-k8s-w1.social-graph-mongodb-55df767ff5-c86pb,container_memory_working_set_bytes,65032192.0
1744886270,kashef-k8s-w1.media-service-6c665c775d-s7hl8,container_memory_working_set_bytes,2002944.0
1744886270,kashef-k8s-ctl.url-shorten-mongodb-57c886d5f8-2m8fs,container_memory_working_set_bytes,60895232.0
1744886270,kashef-k8s-w1.text-service-fff64b8bf-v9dsr,container_memory_working_set_bytes,2191360.0
1744886270,kashef-k8s-w1.home-timeline-service-5754ffbc6d-zp4pr,container_memory_working_set_bytes,2408448.0
1744886270,kashef-k8s-w1.social-graph-redis-5bbd5b7458-tqz7l,container_memory_working_set_bytes,5414912.0
1744886270,kashef-k8s-w1.post-storage-service-66c9966f5f-nllkd,container_memory_working_set_bytes,3108864.0
1744886270,kashef-k8s-ctl.media-memcached-7889bdfdfb-2thqn,container_memory_working_set_bytes,2621440.0
1744886270,kashef-k8s-ctl.social-graph-service-677dbc655c-2tqbt,container_memory_working_set_bytes,2605056.0
1744886270,kashef-k8s-w1.user-memcached-59687c864d-d5rb5,container_memory_working_set_bytes,3248128.0
1744886270,kashef-k8s-ctl.user-timeline-mongodb-6758898d48-gggfw,container_memory_working_set_bytes,63205376.0
1744886270,kashef-k8s-w1.compose-post-service-f587bf89d-l5zcs,container_memory_working_set_bytes,2510848.0
1744886270,kashef-k8s-ctl.jaeger-67997f9775-tjgc8,container_memory_working_set_bytes,11939840.0
1744886270,kashef-k8s-w1.user-mention-service-5c4f566c5-w4xpc,container_memory_working_set_bytes,2854912.0
1744886270,kashef-k8s-w1.nginx-thrift-79478f9bf5-h66tn,container_memory_working_set_bytes,104001536.0
1744886276,kashef-k8s-w1.url-shorten-service-66949ddcc4-xlfmt,container_memory_working_set_bytes,4517888.0
1744886276,kashef-k8s-w1.compose-post-service-f587bf89d-l5zcs,container_memory_working_set_bytes,2510848.0
1744886276,kashef-k8s-w1.nginx-thrift-79478f9bf5-h66tn,container_memory_working_set_bytes,104001536.0
1744886276,kashef-k8s-w1.text-service-fff64b8bf-v9dsr,container_memory_working_set_bytes,2191360.0
1744886276,kashef-k8s-w1.user-memcached-59687c864d-d5rb5,container_memory_working_set_bytes,3248128.0
1744886276,kashef-k8s-w1.media-service-6c665c775d-s7hl8,container_memory_working_set_bytes,2002944.0
1744886276,kashef-k8s-ctl.social-graph-service-677dbc655c-2tqbt,container_memory_working_set_bytes,2605056.0
1744886276,kashef-k8s-ctl.user-timeline-mongodb-6758898d48-gggfw,container_memory_working_set_bytes,63205376.0
1744886276,kashef-k8s-ctl.media-memcached-7889bdfdfb-2thqn,container_memory_working_set_bytes,2621440.0
1744886276,kashef-k8s-ctl.unique-id-service-694497b678-bzxbf,container_memory_working_set_bytes,2134016.0
1744886276,kashef-k8s-ctl.post-storage-memcached-6b75788fc6-gnd8c,container_memory_working_set_bytes,3723264.0
1744886276,kashef-k8s-ctl.media-mongodb-7b64c59567-6ntnm,container_memory_working_set_bytes,59940864.0
1744886276,kashef-k8s-ctl.post-storage-mongodb-5579669d8c-ckzsx,container_memory_working_set_bytes,61186048.0
1744886276,kashef-k8s-w1.social-graph-mongodb-55df767ff5-c86pb,container_memory_working_set_bytes,65032192.0
1744886276,kashef-k8s-w1.home-timeline-service-5754ffbc6d-zp4pr,container_memory_working_set_bytes,2408448.0
1744886276,kashef-k8s-ctl.user-mongodb-7745bbd78-xrw2n,container_memory_working_set_bytes,60739584.0
1744886276,kashef-k8s-ctl.url-shorten-memcached-6546746864-pg8xh,container_memory_working_set_bytes,2584576.0
1744886276,kashef-k8s-w1.media-frontend-6b66b95ff4-xrdq6,container_memory_working_set_bytes,16121856.0
1744886276,kashef-k8s-w1.user-timeline-service-664c7f6696-fvhv9,container_memory_working_set_bytes,82027552768.0
1744886276,kashef-k8s-w1.user-service-547b88cd8f-mbl6h,container_memory_working_set_bytes,2818048.0
1744886276,kashef-k8s-ctl.user-timeline-redis-67cc95bc57-klp4b,container_memory_working_set_bytes,4100096.0
1744886276,kashef-k8s-w1.social-graph-redis-5bbd5b7458-tqz7l,container_memory_working_set_bytes,5414912.0
1744886276,kashef-k8s-ctl.home-timeline-redis-6c6647df6f-5vgsk,container_memory_working_set_bytes,8093696.0
1744886276,kashef-k8s-w1.user-mention-service-5c4f566c5-w4xpc,container_memory_working_set_bytes,2854912.0
1744886276,kashef-k8s-w1.post-storage-service-66c9966f5f-nllkd,container_memory_working_set_bytes,3108864.0
1744886276,kashef-k8s-ctl.url-shorten-mongodb-57c886d5f8-2m8fs,container_memory_working_set_bytes,60895232.0
1744886276,kashef-k8s-ctl.jaeger-67997f9775-tjgc8,container_memory_working_set_bytes,12152832.0
1744886282,kashef-k8s-w1.nginx-thrift-79478f9bf5-h66tn,container_memory_working_set_bytes,104001536.0
1744886282,kashef-k8s-ctl.user-mongodb-7745bbd78-xrw2n,container_memory_working_set_bytes,60739584.0
1744886282,kashef-k8s-ctl.home-timeline-redis-6c6647df6f-5vgsk,container_memory_working_set_bytes,8093696.0
1744886282,kashef-k8s-w1.media-frontend-6b66b95ff4-xrdq6,container_memory_working_set_bytes,16121856.0
1744886282,kashef-k8s-w1.social-graph-redis-5bbd5b7458-tqz7l,container_memory_working_set_bytes,5414912.0
1744886282,kashef-k8s-ctl.post-storage-memcached-6b75788fc6-gnd8c,container_memory_working_set_bytes,3723264.0
1744886282,kashef-k8s-ctl.social-graph-service-677dbc655c-2tqbt,container_memory_working_set_bytes,2605056.0
1744886282,kashef-k8s-ctl.user-timeline-mongodb-6758898d48-gggfw,container_memory_working_set_bytes,63205376.0
1744886282,kashef-k8s-w1.user-service-547b88cd8f-mbl6h,container_memory_working_set_bytes,2818048.0
1744886282,kashef-k8s-w1.social-graph-mongodb-55df767ff5-c86pb,container_memory_working_set_bytes,65032192.0
1744886282,kashef-k8s-ctl.media-mongodb-7b64c59567-6ntnm,container_memory_working_set_bytes,59940864.0
1744886282,kashef-k8s-w1.home-timeline-service-5754ffbc6d-zp4pr,container_memory_working_set_bytes,2408448.0
1744886282,kashef-k8s-ctl.media-memcached-7889bdfdfb-2thqn,container_memory_working_set_bytes,2621440.0
1744886282,kashef-k8s-ctl.url-shorten-mongodb-57c886d5f8-2m8fs,container_memory_working_set_bytes,60895232.0
1744886282,kashef-k8s-w1.post-storage-service-66c9966f5f-nllkd,container_memory_working_set_bytes,3108864.0
1744886282,kashef-k8s-ctl.user-timeline-redis-67cc95bc57-klp4b,container_memory_working_set_bytes,4100096.0
1744886282,kashef-k8s-ctl.jaeger-67997f9775-tjgc8,container_memory_working_set_bytes,12152832.0
1744886282,kashef-k8s-w1.media-service-6c665c775d-s7hl8,container_memory_working_set_bytes,2002944.0
1744886282,kashef-k8s-ctl.unique-id-service-694497b678-bzxbf,container_memory_working_set_bytes,2134016.0
1744886282,kashef-k8s-ctl.post-storage-mongodb-5579669d8c-ckzsx,container_memory_working_set_bytes,61186048.0
1744886282,kashef-k8s-w1.user-timeline-service-664c7f6696-fvhv9,container_memory_working_set_bytes,82027552768.0
1744886282,kashef-k8s-w1.text-service-fff64b8bf-v9dsr,container_memory_working_set_bytes,2191360.0
1744886282,kashef-k8s-w1.user-memcached-59687c864d-d5rb5,container_memory_working_set_bytes,3248128.0
1744886282,kashef-k8s-w1.url-shorten-service-66949ddcc4-xlfmt,container_memory_working_set_bytes,4517888.0
1744886282,kashef-k8s-ctl.url-shorten-memcached-6546746864-pg8xh,container_memory_working_set_bytes,2584576.0
1744886282,kashef-k8s-w1.user-mention-service-5c4f566c5-w4xpc,container_memory_working_set_bytes,2854912.0
1744886282,kashef-k8s-w1.compose-post-service-f587bf89d-l5zcs,container_memory_working_set_bytes,2510848.0
1744886288,kashef-k8s-ctl.url-shorten-memcached-6546746864-pg8xh,container_memory_working_set_bytes,2584576.0
1744886288,kashef-k8s-w1.user-mention-service-5c4f566c5-w4xpc,container_memory_working_set_bytes,2854912.0
1744886288,kashef-k8s-w1.text-service-fff64b8bf-v9dsr,container_memory_working_set_bytes,2191360.0
1744886288,kashef-k8s-w1.nginx-thrift-79478f9bf5-h66tn,container_memory_working_set_bytes,104001536.0
1744886288,kashef-k8s-ctl.post-storage-mongodb-5579669d8c-ckzsx,container_memory_working_set_bytes,61132800.0
1744886288,kashef-k8s-w1.user-timeline-service-664c7f6696-fvhv9,container_memory_working_set_bytes,82027552768.0
1744886288,kashef-k8s-ctl.unique-id-service-694497b678-bzxbf,container_memory_working_set_bytes,2134016.0
1744886288,kashef-k8s-w1.url-shorten-service-66949ddcc4-xlfmt,container_memory_working_set_bytes,4517888.0
1744886288,kashef-k8s-ctl.user-timeline-redis-67cc95bc57-klp4b,container_memory_working_set_bytes,4100096.0
1744886288,kashef-k8s-w1.home-timeline-service-5754ffbc6d-zp4pr,container_memory_working_set_bytes,2408448.0
1744886288,kashef-k8s-w1.compose-post-service-f587bf89d-l5zcs,container_memory_working_set_bytes,2510848.0
1744886288,kashef-k8s-ctl.url-shorten-mongodb-57c886d5f8-2m8fs,container_memory_working_set_bytes,61075456.0
1744886288,kashef-k8s-w1.media-service-6c665c775d-s7hl8,container_memory_working_set_bytes,2002944.0
1744886288,kashef-k8s-w1.post-storage-service-66c9966f5f-nllkd,container_memory_working_set_bytes,3108864.0
1744886288,kashef-k8s-ctl.jaeger-67997f9775-tjgc8,container_memory_working_set_bytes,12128256.0
1744886288,kashef-k8s-ctl.user-timeline-mongodb-6758898d48-gggfw,container_memory_working_set_bytes,63205376.0
1744886288,kashef-k8s-ctl.social-graph-service-677dbc655c-2tqbt,container_memory_working_set_bytes,2605056.0
1744886288,kashef-k8s-ctl.home-timeline-redis-6c6647df6f-5vgsk,container_memory_working_set_bytes,8093696.0
1744886288,kashef-k8s-w1.media-frontend-6b66b95ff4-xrdq6,container_memory_working_set_bytes,16121856.0
1744886288,kashef-k8s-w1.social-graph-redis-5bbd5b7458-tqz7l,container_memory_working_set_bytes,5414912.0
1744886288,kashef-k8s-ctl.post-storage-memcached-6b75788fc6-gnd8c,container_memory_working_set_bytes,3723264.0
1744886288,kashef-k8s-ctl.user-mongodb-7745bbd78-xrw2n,container_memory_working_set_bytes,60739584.0
1744886288,kashef-k8s-ctl.media-memcached-7889bdfdfb-2thqn,container_memory_working_set_bytes,2621440.0
1744886288,kashef-k8s-w1.user-memcached-59687c864d-d5rb5,container_memory_working_set_bytes,3248128.0
1744886288,kashef-k8s-w1.social-graph-mongodb-55df767ff5-c86pb,container_memory_working_set_bytes,65032192.0
1744886288,kashef-k8s-ctl.media-mongodb-7b64c59567-6ntnm,container_memory_working_set_bytes,59940864.0
1744886288,kashef-k8s-w1.user-service-547b88cd8f-mbl6h,container_memory_working_set_bytes,2818048.0
1744886294,kashef-k8s-w1.user-timeline-service-664c7f6696-fvhv9,container_memory_working_set_bytes,131657297920.0
1744886294,kashef-k8s-w1.user-mention-service-5c4f566c5-w4xpc,container_memory_working_set_bytes,2854912.0
1744886294,kashef-k8s-ctl.unique-id-service-694497b678-bzxbf,container_memory_working_set_bytes,2134016.0
1744886294,kashef-k8s-w1.text-service-fff64b8bf-v9dsr,container_memory_working_set_bytes,2265088.0
1744886294,kashef-k8s-ctl.media-mongodb-7b64c59567-6ntnm,container_memory_working_set_bytes,59949056.0
1744886294,kashef-k8s-w1.home-timeline-service-5754ffbc6d-zp4pr,container_memory_working_set_bytes,2408448.0
1744886294,kashef-k8s-ctl.media-memcached-7889bdfdfb-2thqn,container_memory_working_set_bytes,2621440.0
1744886294,kashef-k8s-w1.post-storage-service-66c9966f5f-nllkd,container_memory_working_set_bytes,3108864.0
1744886294,kashef-k8s-ctl.user-timeline-redis-67cc95bc57-klp4b,container_memory_working_set_bytes,4100096.0
1744886294,kashef-k8s-ctl.user-timeline-mongodb-6758898d48-gggfw,container_memory_working_set_bytes,63205376.0
1744886294,kashef-k8s-ctl.url-shorten-mongodb-57c886d5f8-2m8fs,container_memory_working_set_bytes,61075456.0
1744886294,kashef-k8s-ctl.jaeger-67997f9775-tjgc8,container_memory_working_set_bytes,12128256.0
1744886294,kashef-k8s-w1.media-service-6c665c775d-s7hl8,container_memory_working_set_bytes,2002944.0
1744886294,kashef-k8s-w1.nginx-thrift-79478f9bf5-h66tn,container_memory_working_set_bytes,104001536.0
1744886294,kashef-k8s-w1.compose-post-service-f587bf89d-l5zcs,container_memory_working_set_bytes,2510848.0
1744886294,kashef-k8s-ctl.url-shorten-memcached-6546746864-pg8xh,container_memory_working_set_bytes,2584576.0
1744886294,kashef-k8s-ctl.home-timeline-redis-6c6647df6f-5vgsk,container_memory_working_set_bytes,8093696.0
1744886294,kashef-k8s-ctl.social-graph-service-677dbc655c-2tqbt,container_memory_working_set_bytes,2605056.0
1744886294,kashef-k8s-ctl.post-storage-memcached-6b75788fc6-gnd8c,container_memory_working_set_bytes,3723264.0
1744886294,kashef-k8s-w1.social-graph-mongodb-55df767ff5-c86pb,container_memory_working_set_bytes,62287872.0
1744886294,kashef-k8s-w1.user-service-547b88cd8f-mbl6h,container_memory_working_set_bytes,2818048.0
1744886294,kashef-k8s-w1.url-shorten-service-66949ddcc4-xlfmt,container_memory_working_set_bytes,4517888.0
1744886294,kashef-k8s-w1.social-graph-redis-5bbd5b7458-tqz7l,container_memory_working_set_bytes,3891200.0
1744886294,kashef-k8s-w1.media-frontend-6b66b95ff4-xrdq6,container_memory_working_set_bytes,16121856.0
1744886294,kashef-k8s-ctl.post-storage-mongodb-5579669d8c-ckzsx,container_memory_working_set_bytes,61132800.0
1744886294,kashef-k8s-ctl.user-mongodb-7745bbd78-xrw2n,container_memory_working_set_bytes,60739584.0
1744886294,kashef-k8s-w1.user-memcached-59687c864d-d5rb5,container_memory_working_set_bytes,3248128.0
1744886300,kashef-k8s-w1.user-memcached-59687c864d-d5rb5,container_memory_working_set_bytes,2641920.0
1744886300,kashef-k8s-w1.text-service-fff64b8bf-v9dsr,container_memory_working_set_bytes,2265088.0
1744886300,kashef-k8s-ctl.post-storage-mongodb-5579669d8c-ckzsx,container_memory_working_set_bytes,61132800.0
1744886300,kashef-k8s-w1.url-shorten-service-66949ddcc4-xlfmt,container_memory_working_set_bytes,2641920.0
1744886300,kashef-k8s-w1.nginx-thrift-79478f9bf5-h66tn,container_memory_working_set_bytes,47833088.0
1744886300,kashef-k8s-ctl.user-timeline-mongodb-6758898d48-gggfw,container_memory_working_set_bytes,63516672.0
1744886300,kashef-k8s-w1.media-frontend-6b66b95ff4-xrdq6,container_memory_working_set_bytes,16121856.0
1744886300,kashef-k8s-w1.user-service-547b88cd8f-mbl6h,container_memory_working_set_bytes,2768896.0
1744886300,kashef-k8s-w1.social-graph-redis-5bbd5b7458-tqz7l,container_memory_working_set_bytes,3891200.0
1744886300,kashef-k8s-w1.compose-post-service-f587bf89d-l5zcs,container_memory_working_set_bytes,2879488.0
1744886300,kashef-k8s-w1.social-graph-mongodb-55df767ff5-c86pb,container_memory_working_set_bytes,62287872.0
1744886300,kashef-k8s-w1.media-service-6c665c775d-s7hl8,container_memory_working_set_bytes,1916928.0
1744886300,kashef-k8s-ctl.post-storage-memcached-6b75788fc6-gnd8c,container_memory_working_set_bytes,3723264.0
1744886300,kashef-k8s-ctl.media-mongodb-7b64c59567-6ntnm,container_memory_working_set_bytes,59949056.0
1744886300,kashef-k8s-ctl.user-timeline-redis-67cc95bc57-klp4b,container_memory_working_set_bytes,4210688.0
1744886300,kashef-k8s-w1.post-storage-service-66c9966f5f-nllkd,container_memory_working_set_bytes,2990080.0
1744886300,kashef-k8s-ctl.social-graph-service-677dbc655c-2tqbt,container_memory_working_set_bytes,2605056.0
1744886300,kashef-k8s-ctl.unique-id-service-694497b678-bzxbf,container_memory_working_set_bytes,2015232.0
1744886300,kashef-k8s-ctl.url-shorten-memcached-6546746864-pg8xh,container_memory_working_set_bytes,2584576.0
1744886300,kashef-k8s-w1.user-mention-service-5c4f566c5-w4xpc,container_memory_working_set_bytes,2801664.0
1744886300,kashef-k8s-w1.user-timeline-service-664c7f6696-fvhv9,container_memory_working_set_bytes,131657297920.0
1744886300,kashef-k8s-ctl.url-shorten-mongodb-57c886d5f8-2m8fs,container_memory_working_set_bytes,61075456.0
1744886300,kashef-k8s-ctl.media-memcached-7889bdfdfb-2thqn,container_memory_working_set_bytes,2621440.0
1744886300,kashef-k8s-ctl.home-timeline-redis-6c6647df6f-5vgsk,container_memory_working_set_bytes,8130560.0
1744886300,kashef-k8s-ctl.jaeger-67997f9775-tjgc8,container_memory_working_set_bytes,12128256.0
1744886300,kashef-k8s-w1.home-timeline-service-5754ffbc6d-zp4pr,container_memory_working_set_bytes,2949120.0
1744886300,kashef-k8s-ctl.user-mongodb-7745bbd78-xrw2n,container_memory_working_set_bytes,60907520.0
1744886306,kashef-k8s-w1.social-graph-mongodb-55df767ff5-c86pb,container_memory_working_set_bytes,62287872.0
1744886306,kashef-k8s-w1.media-frontend-6b66b95ff4-xrdq6,container_memory_working_set_bytes,16121856.0
1744886306,kashef-k8s-ctl.media-mongodb-7b64c59567-6ntnm,container_memory_working_set_bytes,59949056.0
1744886306,kashef-k8s-ctl.user-timeline-redis-67cc95bc57-klp4b,container_memory_working_set_bytes,4210688.0
1744886306,kashef-k8s-ctl.url-shorten-mongodb-57c886d5f8-2m8fs,container_memory_working_set_bytes,61075456.0
1744886306,kashef-k8s-w1.user-memcached-59687c864d-d5rb5,container_memory_working_set_bytes,2641920.0
1744886306,kashef-k8s-w1.home-timeline-service-5754ffbc6d-zp4pr,container_memory_working_set_bytes,2949120.0
1744886306,kashef-k8s-w1.url-shorten-service-66949ddcc4-xlfmt,container_memory_working_set_bytes,2641920.0
1744886306,kashef-k8s-w1.user-timeline-service-664c7f6696-fvhv9,container_memory_working_set_bytes,5423104.0
1744886306,kashef-k8s-ctl.post-storage-mongodb-5579669d8c-ckzsx,container_memory_working_set_bytes,61132800.0
1744886306,kashef-k8s-ctl.url-shorten-memcached-6546746864-pg8xh,container_memory_working_set_bytes,2584576.0
1744886306,kashef-k8s-w1.user-mention-service-5c4f566c5-w4xpc,container_memory_working_set_bytes,2801664.0
1744886306,kashef-k8s-ctl.social-graph-service-677dbc655c-2tqbt,container_memory_working_set_bytes,2625536.0
1744886306,kashef-k8s-w1.social-graph-redis-5bbd5b7458-tqz7l,container_memory_working_set_bytes,3891200.0
1744886306,kashef-k8s-w1.user-service-547b88cd8f-mbl6h,container_memory_working_set_bytes,2768896.0
1744886306,kashef-k8s-ctl.post-storage-memcached-6b75788fc6-gnd8c,container_memory_working_set_bytes,3723264.0
1744886306,kashef-k8s-w1.media-service-6c665c775d-s7hl8,container_memory_working_set_bytes,1916928.0
1744886306,kashef-k8s-w1.post-storage-service-66c9966f5f-nllkd,container_memory_working_set_bytes,2990080.0
1744886306,kashef-k8s-ctl.user-mongodb-7745bbd78-xrw2n,container_memory_working_set_bytes,60907520.0
1744886306,kashef-k8s-ctl.media-memcached-7889bdfdfb-2thqn,container_memory_working_set_bytes,2621440.0
1744886306,kashef-k8s-ctl.jaeger-67997f9775-tjgc8,container_memory_working_set_bytes,12128256.0
1744886306,kashef-k8s-w1.nginx-thrift-79478f9bf5-h66tn,container_memory_working_set_bytes,47833088.0
1744886306,kashef-k8s-w1.text-service-fff64b8bf-v9dsr,container_memory_working_set_bytes,2150400.0
1744886306,kashef-k8s-ctl.user-timeline-mongodb-6758898d48-gggfw,container_memory_working_set_bytes,63516672.0
1744886306,kashef-k8s-ctl.home-timeline-redis-6c6647df6f-5vgsk,container_memory_working_set_bytes,8130560.0
1744886306,kashef-k8s-ctl.unique-id-service-694497b678-bzxbf,container_memory_working_set_bytes,2015232.0
1744886306,kashef-k8s-w1.compose-post-service-f587bf89d-l5zcs,container_memory_working_set_bytes,2879488.0
1744886312,kashef-k8s-w1.home-timeline-service-5754ffbc6d-zp4pr,container_memory_working_set_bytes,3473408.0
1744886312,kashef-k8s-ctl.url-shorten-mongodb-57c886d5f8-2m8fs,container_memory_working_set_bytes,61075456.0
1744886312,kashef-k8s-w1.user-memcached-59687c864d-d5rb5,container_memory_working_set_bytes,3010560.0
1744886312,kashef-k8s-ctl.user-timeline-redis-67cc95bc57-klp4b,container_memory_working_set_bytes,4210688.0
1744886312,kashef-k8s-w1.post-storage-service-66c9966f5f-nllkd,container_memory_working_set_bytes,3141632.0
1744886312,kashef-k8s-w1.media-service-6c665c775d-s7hl8,container_memory_working_set_bytes,1912832.0
1744886312,kashef-k8s-ctl.url-shorten-memcached-6546746864-pg8xh,container_memory_working_set_bytes,2584576.0
1744886312,kashef-k8s-w1.user-timeline-service-664c7f6696-fvhv9,container_memory_working_set_bytes,5423104.0
1744886312,kashef-k8s-ctl.post-storage-mongodb-5579669d8c-ckzsx,container_memory_working_set_bytes,61132800.0
1744886312,kashef-k8s-w1.url-shorten-service-66949ddcc4-xlfmt,container_memory_working_set_bytes,3010560.0
1744886312,kashef-k8s-w1.social-graph-redis-5bbd5b7458-tqz7l,container_memory_working_set_bytes,5054464.0
1744886312,kashef-k8s-ctl.unique-id-service-694497b678-bzxbf,container_memory_working_set_bytes,2015232.0
1744886312,kashef-k8s-ctl.social-graph-service-677dbc655c-2tqbt,container_memory_working_set_bytes,2625536.0
1744886312,kashef-k8s-ctl.media-mongodb-7b64c59567-6ntnm,container_memory_working_set_bytes,59949056.0
1744886312,kashef-k8s-ctl.jaeger-67997f9775-tjgc8,container_memory_working_set_bytes,12128256.0
1744886312,kashef-k8s-w1.media-frontend-6b66b95ff4-xrdq6,container_memory_working_set_bytes,16121856.0
1744886312,kashef-k8s-w1.social-graph-mongodb-55df767ff5-c86pb,container_memory_working_set_bytes,62287872.0
1744886312,kashef-k8s-ctl.user-timeline-mongodb-6758898d48-gggfw,container_memory_working_set_bytes,63516672.0
1744886312,kashef-k8s-w1.compose-post-service-f587bf89d-l5zcs,container_memory_working_set_bytes,2867200.0
1744886312,kashef-k8s-ctl.post-storage-memcached-6b75788fc6-gnd8c,container_memory_working_set_bytes,3723264.0
1744886312,kashef-k8s-w1.user-mention-service-5c4f566c5-w4xpc,container_memory_working_set_bytes,2797568.0
1744886312,kashef-k8s-ctl.home-timeline-redis-6c6647df6f-5vgsk,container_memory_working_set_bytes,8130560.0
1744886312,kashef-k8s-ctl.media-memcached-7889bdfdfb-2thqn,container_memory_working_set_bytes,2621440.0
1744886312,kashef-k8s-ctl.user-mongodb-7745bbd78-xrw2n,container_memory_working_set_bytes,60907520.0
1744886312,kashef-k8s-w1.user-service-547b88cd8f-mbl6h,container_memory_working_set_bytes,2764800.0
1744886312,kashef-k8s-w1.nginx-thrift-79478f9bf5-h66tn,container_memory_working_set_bytes,47833088.0
1744886312,kashef-k8s-w1.text-service-fff64b8bf-v9dsr,container_memory_working_set_bytes,2150400.0
1744886318,kashef-k8s-w1.home-timeline-service-5754ffbc6d-zp4pr,container_memory_working_set_bytes,3473408.0
1744886318,kashef-k8s-w1.text-service-fff64b8bf-v9dsr,container_memory_working_set_bytes,2150400.0
1744886318,kashef-k8s-w1.nginx-thrift-79478f9bf5-h66tn,container_memory_working_set_bytes,49037312.0
1744886318,kashef-k8s-ctl.home-timeline-redis-6c6647df6f-5vgsk,container_memory_working_set_bytes,8114176.0
1744886318,kashef-k8s-w1.compose-post-service-f587bf89d-l5zcs,container_memory_working_set_bytes,2867200.0
1744886318,kashef-k8s-ctl.media-memcached-7889bdfdfb-2thqn,container_memory_working_set_bytes,2621440.0
1744886318,kashef-k8s-ctl.user-timeline-redis-67cc95bc57-klp4b,container_memory_working_set_bytes,4210688.0
1744886318,kashef-k8s-w1.media-service-6c665c775d-s7hl8,container_memory_working_set_bytes,1912832.0
1744886318,kashef-k8s-w1.user-mention-service-5c4f566c5-w4xpc,container_memory_working_set_bytes,2797568.0
1744886318,kashef-k8s-ctl.post-storage-mongodb-5579669d8c-ckzsx,container_memory_working_set_bytes,61132800.0
1744886318,kashef-k8s-w1.user-service-547b88cd8f-mbl6h,container_memory_working_set_bytes,2764800.0
1744886318,kashef-k8s-w1.post-storage-service-66c9966f5f-nllkd,container_memory_working_set_bytes,3141632.0
1744886318,kashef-k8s-ctl.unique-id-service-694497b678-bzxbf,container_memory_working_set_bytes,2015232.0
1744886318,kashef-k8s-ctl.url-shorten-memcached-6546746864-pg8xh,container_memory_working_set_bytes,2584576.0
1744886318,kashef-k8s-ctl.social-graph-service-677dbc655c-2tqbt,container_memory_working_set_bytes,2621440.0
1744886318,kashef-k8s-ctl.user-timeline-mongodb-6758898d48-gggfw,container_memory_working_set_bytes,63512576.0
1744886318,kashef-k8s-w1.social-graph-redis-5bbd5b7458-tqz7l,container_memory_working_set_bytes,5054464.0
1744886318,kashef-k8s-ctl.post-storage-memcached-6b75788fc6-gnd8c,container_memory_working_set_bytes,3723264.0
1744886318,kashef-k8s-w1.url-shorten-service-66949ddcc4-xlfmt,container_memory_working_set_bytes,3010560.0
1744886318,kashef-k8s-w1.user-memcached-59687c864d-d5rb5,container_memory_working_set_bytes,3010560.0
1744886318,kashef-k8s-ctl.url-shorten-mongodb-57c886d5f8-2m8fs,container_memory_working_set_bytes,61075456.0
1744886318,kashef-k8s-w1.user-timeline-service-664c7f6696-fvhv9,container_memory_working_set_bytes,5423104.0
1744886318,kashef-k8s-ctl.media-mongodb-7b64c59567-6ntnm,container_memory_working_set_bytes,59994112.0
1744886318,kashef-k8s-ctl.user-mongodb-7745bbd78-xrw2n,container_memory_working_set_bytes,60907520.0
1744886318,kashef-k8s-w1.social-graph-mongodb-55df767ff5-c86pb,container_memory_working_set_bytes,62287872.0
1744886318,kashef-k8s-w1.media-frontend-6b66b95ff4-xrdq6,container_memory_working_set_bytes,16121856.0
1744886318,kashef-k8s-ctl.jaeger-67997f9775-tjgc8,container_memory_working_set_bytes,12128256.0
1744886324,kashef-k8s-w1.home-timeline-service-5754ffbc6d-zp4pr,container_memory_working_set_bytes,3473408.0
1744886324,kashef-k8s-ctl.user-mongodb-7745bbd78-xrw2n,container_memory_working_set_bytes,60907520.0
1744886324,kashef-k8s-w1.social-graph-redis-5bbd5b7458-tqz7l,container_memory_working_set_bytes,5054464.0
1744886324,kashef-k8s-ctl.media-mongodb-7b64c59567-6ntnm,container_memory_working_set_bytes,59994112.0
1744886324,kashef-k8s-ctl.unique-id-service-694497b678-bzxbf,container_memory_working_set_bytes,2007040.0
1744886324,kashef-k8s-w1.nginx-thrift-79478f9bf5-h66tn,container_memory_working_set_bytes,49037312.0
1744886324,kashef-k8s-ctl.media-memcached-7889bdfdfb-2thqn,container_memory_working_set_bytes,2621440.0
1744886324,kashef-k8s-ctl.social-graph-service-677dbc655c-2tqbt,container_memory_working_set_bytes,2621440.0
1744886324,kashef-k8s-w1.social-graph-mongodb-55df767ff5-c86pb,container_memory_working_set_bytes,62287872.0
1744886324,kashef-k8s-ctl.home-timeline-redis-6c6647df6f-5vgsk,container_memory_working_set_bytes,8114176.0
1744886324,kashef-k8s-w1.user-service-547b88cd8f-mbl6h,container_memory_working_set_bytes,2764800.0
1744886324,kashef-k8s-w1.compose-post-service-f587bf89d-l5zcs,container_memory_working_set_bytes,2867200.0
1744886324,kashef-k8s-w1.post-storage-service-66c9966f5f-nllkd,container_memory_working_set_bytes,3141632.0
1744886324,kashef-k8s-w1.media-service-6c665c775d-s7hl8,container_memory_working_set_bytes,1912832.0
1744886324,kashef-k8s-ctl.user-timeline-redis-67cc95bc57-klp4b,container_memory_working_set_bytes,4210688.0
1744886324,kashef-k8s-w1.user-memcached-59687c864d-d5rb5,container_memory_working_set_bytes,3010560.0
1744886324,kashef-k8s-ctl.post-storage-memcached-6b75788fc6-gnd8c,container_memory_working_set_bytes,3723264.0
1744886324,kashef-k8s-w1.user-timeline-service-664c7f6696-fvhv9,container_memory_working_set_bytes,5423104.0
1744886324,kashef-k8s-w1.media-frontend-6b66b95ff4-xrdq6,container_memory_working_set_bytes,16121856.0
1744886324,kashef-k8s-ctl.user-timeline-mongodb-6758898d48-gggfw,container_memory_working_set_bytes,63512576.0
1744886324,kashef-k8s-w1.text-service-fff64b8bf-v9dsr,container_memory_working_set_bytes,2150400.0
1744886324,kashef-k8s-ctl.post-storage-mongodb-5579669d8c-ckzsx,container_memory_working_set_bytes,61132800.0
1744886324,kashef-k8s-ctl.jaeger-67997f9775-tjgc8,container_memory_working_set_bytes,12173312.0
1744886324,kashef-k8s-ctl.url-shorten-mongodb-57c886d5f8-2m8fs,container_memory_working_set_bytes,61075456.0
1744886324,kashef-k8s-w1.user-mention-service-5c4f566c5-w4xpc,container_memory_working_set_bytes,2797568.0
1744886324,kashef-k8s-ctl.url-shorten-memcached-6546746864-pg8xh,container_memory_working_set_bytes,2584576.0
1744886324,kashef-k8s-w1.url-shorten-service-66949ddcc4-xlfmt,container_memory_working_set_bytes,3010560.0
1744886330,kashef-k8s-ctl.social-graph-service-677dbc655c-2tqbt,container_memory_working_set_bytes,2621440.0
1744886330,kashef-k8s-ctl.unique-id-service-694497b678-bzxbf,container_memory_working_set_bytes,2007040.0
1744886330,kashef-k8s-ctl.media-memcached-7889bdfdfb-2thqn,container_memory_working_set_bytes,2621440.0
1744886330,kashef-k8s-w1.social-graph-redis-5bbd5b7458-tqz7l,container_memory_working_set_bytes,5058560.0
1744886330,kashef-k8s-ctl.media-mongodb-7b64c59567-6ntnm,container_memory_working_set_bytes,59994112.0
1744886330,kashef-k8s-w1.nginx-thrift-79478f9bf5-h66tn,container_memory_working_set_bytes,49037312.0
1744886330,kashef-k8s-ctl.url-shorten-memcached-6546746864-pg8xh,container_memory_working_set_bytes,2584576.0
1744886330,kashef-k8s-w1.compose-post-service-f587bf89d-l5zcs,container_memory_working_set_bytes,2867200.0
1744886330,kashef-k8s-w1.user-service-547b88cd8f-mbl6h,container_memory_working_set_bytes,2764800.0
1744886330,kashef-k8s-ctl.user-timeline-mongodb-6758898d48-gggfw,container_memory_working_set_bytes,63512576.0
1744886330,kashef-k8s-w1.media-service-6c665c775d-s7hl8,container_memory_working_set_bytes,1912832.0
1744886330,kashef-k8s-w1.social-graph-mongodb-55df767ff5-c86pb,container_memory_working_set_bytes,62287872.0
1744886330,kashef-k8s-w1.post-storage-service-66c9966f5f-nllkd,container_memory_working_set_bytes,3141632.0
1744886330,kashef-k8s-ctl.user-timeline-redis-67cc95bc57-klp4b,container_memory_working_set_bytes,4096000.0
1744886330,kashef-k8s-ctl.post-storage-mongodb-5579669d8c-ckzsx,container_memory_working_set_bytes,61308928.0
1744886330,kashef-k8s-w1.media-frontend-6b66b95ff4-xrdq6,container_memory_working_set_bytes,16121856.0
1744886330,kashef-k8s-w1.home-timeline-service-5754ffbc6d-zp4pr,container_memory_working_set_bytes,3473408.0
1744886330,kashef-k8s-ctl.home-timeline-redis-6c6647df6f-5vgsk,container_memory_working_set_bytes,8114176.0
1744886330,kashef-k8s-w1.user-mention-service-5c4f566c5-w4xpc,container_memory_working_set_bytes,2797568.0
1744886330,kashef-k8s-w1.user-memcached-59687c864d-d5rb5,container_memory_working_set_bytes,3010560.0
1744886330,kashef-k8s-w1.url-shorten-service-66949ddcc4-xlfmt,container_memory_working_set_bytes,3010560.0
1744886330,kashef-k8s-ctl.post-storage-memcached-6b75788fc6-gnd8c,container_memory_working_set_bytes,3723264.0
1744886330,kashef-k8s-w1.user-timeline-service-664c7f6696-fvhv9,container_memory_working_set_bytes,5423104.0
1744886330,kashef-k8s-ctl.url-shorten-mongodb-57c886d5f8-2m8fs,container_memory_working_set_bytes,61296640.0
1744886330,kashef-k8s-w1.text-service-fff64b8bf-v9dsr,container_memory_working_set_bytes,2150400.0
1744886330,kashef-k8s-ctl.jaeger-67997f9775-tjgc8,container_memory_working_set_bytes,12173312.0
1744886330,kashef-k8s-ctl.user-mongodb-7745bbd78-xrw2n,container_memory_working_set_bytes,61046784.0
1744886336,kashef-k8s-w1.media-frontend-6b66b95ff4-xrdq6,container_memory_working_set_bytes,16121856.0
1744886336,kashef-k8s-ctl.post-storage-memcached-6b75788fc6-gnd8c,container_memory_working_set_bytes,3723264.0
1744886336,kashef-k8s-w1.social-graph-mongodb-55df767ff5-c86pb,container_memory_working_set_bytes,62287872.0
1744886336,kashef-k8s-w1.user-service-547b88cd8f-mbl6h,container_memory_working_set_bytes,2764800.0
1744886336,kashef-k8s-ctl.unique-id-service-694497b678-bzxbf,container_memory_working_set_bytes,2007040.0
1744886336,kashef-k8s-w1.social-graph-redis-5bbd5b7458-tqz7l,container_memory_working_set_bytes,5058560.0
1744886336,kashef-k8s-w1.media-service-6c665c775d-s7hl8,container_memory_working_set_bytes,1912832.0
1744886336,kashef-k8s-w1.user-mention-service-5c4f566c5-w4xpc,container_memory_working_set_bytes,2797568.0
1744886336,kashef-k8s-w1.compose-post-service-f587bf89d-l5zcs,container_memory_working_set_bytes,2867200.0
1744886336,kashef-k8s-w1.nginx-thrift-79478f9bf5-h66tn,container_memory_working_set_bytes,49037312.0
1744886336,kashef-k8s-w1.user-memcached-59687c864d-d5rb5,container_memory_working_set_bytes,3010560.0
1744886336,kashef-k8s-w1.url-shorten-service-66949ddcc4-xlfmt,container_memory_working_set_bytes,3010560.0
1744886336,kashef-k8s-ctl.url-shorten-memcached-6546746864-pg8xh,container_memory_working_set_bytes,2584576.0
1744886336,kashef-k8s-ctl.social-graph-service-677dbc655c-2tqbt,container_memory_working_set_bytes,2621440.0
1744886336,kashef-k8s-ctl.media-mongodb-7b64c59567-6ntnm,container_memory_working_set_bytes,59994112.0
1744886336,kashef-k8s-ctl.user-timeline-redis-67cc95bc57-klp4b,container_memory_working_set_bytes,4096000.0
1744886336,kashef-k8s-ctl.user-timeline-mongodb-6758898d48-gggfw,container_memory_working_set_bytes,63512576.0
1744886336,kashef-k8s-ctl.home-timeline-redis-6c6647df6f-5vgsk,container_memory_working_set_bytes,8114176.0
1744886336,kashef-k8s-w1.home-timeline-service-5754ffbc6d-zp4pr,container_memory_working_set_bytes,3346432.0
1744886336,kashef-k8s-w1.post-storage-service-66c9966f5f-nllkd,container_memory_working_set_bytes,3141632.0
1744886336,kashef-k8s-ctl.user-mongodb-7745bbd78-xrw2n,container_memory_working_set_bytes,61046784.0
1744886336,kashef-k8s-w1.text-service-fff64b8bf-v9dsr,container_memory_working_set_bytes,2150400.0
1744886336,kashef-k8s-ctl.post-storage-mongodb-5579669d8c-ckzsx,container_memory_working_set_bytes,61308928.0
1744886336,kashef-k8s-ctl.jaeger-67997f9775-tjgc8,container_memory_working_set_bytes,12173312.0
1744886336,kashef-k8s-ctl.url-shorten-mongodb-57c886d5f8-2m8fs,container_memory_working_set_bytes,61296640.0
1744886336,kashef-k8s-ctl.media-memcached-7889bdfdfb-2thqn,container_memory_working_set_bytes,2621440.0
1744886336,kashef-k8s-w1.user-timeline-service-664c7f6696-fvhv9,container_memory_working_set_bytes,5341184.0
1744886342,kashef-k8s-w1.social-graph-redis-5bbd5b7458-tqz7l,container_memory_working_set_bytes,5058560.0
1744886342,kashef-k8s-w1.social-graph-mongodb-55df767ff5-c86pb,container_memory_working_set_bytes,70836224.0
1744886342,kashef-k8s-ctl.media-mongodb-7b64c59567-6ntnm,container_memory_working_set_bytes,59994112.0
1744886342,kashef-k8s-ctl.unique-id-service-694497b678-bzxbf,container_memory_working_set_bytes,2007040.0
1744886342,kashef-k8s-w1.media-service-6c665c775d-s7hl8,container_memory_working_set_bytes,1912832.0
1744886342,kashef-k8s-ctl.user-timeline-redis-67cc95bc57-klp4b,container_memory_working_set_bytes,4096000.0
1744886342,kashef-k8s-w1.user-mention-service-5c4f566c5-w4xpc,container_memory_working_set_bytes,2797568.0
1744886342,kashef-k8s-w1.user-memcached-59687c864d-d5rb5,container_memory_working_set_bytes,3010560.0
1744886342,kashef-k8s-w1.nginx-thrift-79478f9bf5-h66tn,container_memory_working_set_bytes,49037312.0
1744886342,kashef-k8s-ctl.url-shorten-memcached-6546746864-pg8xh,container_memory_working_set_bytes,2584576.0
1744886342,kashef-k8s-ctl.social-graph-service-677dbc655c-2tqbt,container_memory_working_set_bytes,2621440.0
1744886342,kashef-k8s-w1.url-shorten-service-66949ddcc4-xlfmt,container_memory_working_set_bytes,3010560.0
1744886342,kashef-k8s-w1.media-frontend-6b66b95ff4-xrdq6,container_memory_working_set_bytes,16121856.0
1744886342,kashef-k8s-w1.user-service-547b88cd8f-mbl6h,container_memory_working_set_bytes,2764800.0
1744886342,kashef-k8s-ctl.post-storage-memcached-6b75788fc6-gnd8c,container_memory_working_set_bytes,3723264.0
1744886342,kashef-k8s-w1.compose-post-service-f587bf89d-l5zcs,container_memory_working_set_bytes,2867200.0
1744886342,kashef-k8s-ctl.media-memcached-7889bdfdfb-2thqn,container_memory_working_set_bytes,2621440.0
1744886342,kashef-k8s-ctl.home-timeline-redis-6c6647df6f-5vgsk,container_memory_working_set_bytes,8114176.0
1744886342,kashef-k8s-ctl.user-mongodb-7745bbd78-xrw2n,container_memory_working_set_bytes,61046784.0
1744886342,kashef-k8s-ctl.url-shorten-mongodb-57c886d5f8-2m8fs,container_memory_working_set_bytes,61296640.0
1744886342,kashef-k8s-w1.user-timeline-service-664c7f6696-fvhv9,container_memory_working_set_bytes,5341184.0
1744886342,kashef-k8s-w1.home-timeline-service-5754ffbc6d-zp4pr,container_memory_working_set_bytes,3346432.0
1744886342,kashef-k8s-w1.post-storage-service-66c9966f5f-nllkd,container_memory_working_set_bytes,3141632.0
1744886342,kashef-k8s-ctl.user-timeline-mongodb-6758898d48-gggfw,container_memory_working_set_bytes,63512576.0
1744886342,kashef-k8s-ctl.post-storage-mongodb-5579669d8c-ckzsx,container_memory_working_set_bytes,61308928.0
1744886342,kashef-k8s-w1.text-service-fff64b8bf-v9dsr,container_memory_working_set_bytes,2150400.0
1744886342,kashef-k8s-ctl.jaeger-67997f9775-tjgc8,container_memory_working_set_bytes,12173312.0
1744886348,kashef-k8s-ctl.home-timeline-redis-6c6647df6f-5vgsk,container_memory_working_set_bytes,8114176.0
1744886348,kashef-k8s-ctl.user-timeline-mongodb-6758898d48-gggfw,container_memory_working_set_bytes,63512576.0
1744886348,kashef-k8s-ctl.post-storage-mongodb-5579669d8c-ckzsx,container_memory_working_set_bytes,61308928.0
1744886348,kashef-k8s-w1.post-storage-service-66c9966f5f-nllkd,container_memory_working_set_bytes,3141632.0
1744886348,kashef-k8s-w1.user-memcached-59687c864d-d5rb5,container_memory_working_set_bytes,3010560.0
1744886348,kashef-k8s-w1.nginx-thrift-79478f9bf5-h66tn,container_memory_working_set_bytes,49037312.0
1744886348,kashef-k8s-ctl.media-memcached-7889bdfdfb-2thqn,container_memory_working_set_bytes,2621440.0
1744886348,kashef-k8s-ctl.user-mongodb-7745bbd78-xrw2n,container_memory_working_set_bytes,61046784.0
1744886348,kashef-k8s-ctl.unique-id-service-694497b678-bzxbf,container_memory_working_set_bytes,2007040.0
1744886348,kashef-k8s-w1.user-mention-service-5c4f566c5-w4xpc,container_memory_working_set_bytes,2797568.0
1744886348,kashef-k8s-ctl.url-shorten-memcached-6546746864-pg8xh,container_memory_working_set_bytes,2584576.0
1744886348,kashef-k8s-ctl.post-storage-memcached-6b75788fc6-gnd8c,container_memory_working_set_bytes,3723264.0
1744886348,kashef-k8s-ctl.jaeger-67997f9775-tjgc8,container_memory_working_set_bytes,12283904.0
1744886348,kashef-k8s-ctl.url-shorten-mongodb-57c886d5f8-2m8fs,container_memory_working_set_bytes,61296640.0
1744886348,kashef-k8s-ctl.user-timeline-redis-67cc95bc57-klp4b,container_memory_working_set_bytes,4096000.0
1744886348,kashef-k8s-w1.user-timeline-service-664c7f6696-fvhv9,container_memory_working_set_bytes,5341184.0
1744886348,kashef-k8s-w1.url-shorten-service-66949ddcc4-xlfmt,container_memory_working_set_bytes,3010560.0
1744886348,kashef-k8s-ctl.media-mongodb-7b64c59567-6ntnm,container_memory_working_set_bytes,60133376.0
1744886348,kashef-k8s-w1.compose-post-service-f587bf89d-l5zcs,container_memory_working_set_bytes,2867200.0
1744886348,kashef-k8s-w1.social-graph-redis-5bbd5b7458-tqz7l,container_memory_working_set_bytes,5058560.0
1744886348,kashef-k8s-w1.media-service-6c665c775d-s7hl8,container_memory_working_set_bytes,1912832.0
1744886348,kashef-k8s-w1.social-graph-mongodb-55df767ff5-c86pb,container_memory_working_set_bytes,70836224.0
1744886348,kashef-k8s-ctl.social-graph-service-677dbc655c-2tqbt,container_memory_working_set_bytes,2621440.0
1744886348,kashef-k8s-w1.text-service-fff64b8bf-v9dsr,container_memory_working_set_bytes,2150400.0
1744886348,kashef-k8s-w1.home-timeline-service-5754ffbc6d-zp4pr,container_memory_working_set_bytes,3346432.0
1744886348,kashef-k8s-w1.media-frontend-6b66b95ff4-xrdq6,container_memory_working_set_bytes,16121856.0
1744886348,kashef-k8s-w1.user-service-547b88cd8f-mbl6h,container_memory_working_set_bytes,2764800.0
1744886354,kashef-k8s-w1.nginx-thrift-79478f9bf5-h66tn,container_memory_working_set_bytes,49037312.0
1744886354,kashef-k8s-ctl.home-timeline-redis-6c6647df6f-5vgsk,container_memory_working_set_bytes,8114176.0
1744886354,kashef-k8s-ctl.social-graph-service-677dbc655c-2tqbt,container_memory_working_set_bytes,2621440.0
1744886354,kashef-k8s-ctl.user-mongodb-7745bbd78-xrw2n,container_memory_working_set_bytes,61046784.0
1744886354,kashef-k8s-ctl.media-memcached-7889bdfdfb-2thqn,container_memory_working_set_bytes,2621440.0
1744886354,kashef-k8s-w1.user-mention-service-5c4f566c5-w4xpc,container_memory_working_set_bytes,2797568.0
1744886354,kashef-k8s-ctl.unique-id-service-694497b678-bzxbf,container_memory_working_set_bytes,2007040.0
1744886354,kashef-k8s-w1.social-graph-mongodb-55df767ff5-c86pb,container_memory_working_set_bytes,70836224.0
1744886354,kashef-k8s-ctl.post-storage-memcached-6b75788fc6-gnd8c,container_memory_working_set_bytes,3723264.0
1744886354,kashef-k8s-ctl.url-shorten-mongodb-57c886d5f8-2m8fs,container_memory_working_set_bytes,61296640.0
1744886354,kashef-k8s-ctl.user-timeline-redis-67cc95bc57-klp4b,container_memory_working_set_bytes,4096000.0
1744886354,kashef-k8s-ctl.jaeger-67997f9775-tjgc8,container_memory_working_set_bytes,12283904.0
1744886354,kashef-k8s-w1.url-shorten-service-66949ddcc4-xlfmt,container_memory_working_set_bytes,3010560.0
1744886354,kashef-k8s-w1.post-storage-service-66c9966f5f-nllkd,container_memory_working_set_bytes,3141632.0
1744886354,kashef-k8s-ctl.user-timeline-mongodb-6758898d48-gggfw,container_memory_working_set_bytes,63512576.0
1744886354,kashef-k8s-w1.user-timeline-service-664c7f6696-fvhv9,container_memory_working_set_bytes,5341184.0
1744886354,kashef-k8s-w1.media-frontend-6b66b95ff4-xrdq6,container_memory_working_set_bytes,16121856.0
1744886354,kashef-k8s-ctl.media-mongodb-7b64c59567-6ntnm,container_memory_working_set_bytes,60133376.0
1744886354,kashef-k8s-w1.social-graph-redis-5bbd5b7458-tqz7l,container_memory_working_set_bytes,5058560.0
1744886354,kashef-k8s-w1.user-service-547b88cd8f-mbl6h,container_memory_working_set_bytes,2764800.0
1744886354,kashef-k8s-ctl.url-shorten-memcached-6546746864-pg8xh,container_memory_working_set_bytes,2584576.0
1744886354,kashef-k8s-w1.user-memcached-59687c864d-d5rb5,container_memory_working_set_bytes,3010560.0
1744886354,kashef-k8s-w1.compose-post-service-f587bf89d-l5zcs,container_memory_working_set_bytes,2867200.0
1744886354,kashef-k8s-w1.media-service-6c665c775d-s7hl8,container_memory_working_set_bytes,1912832.0
1744886354,kashef-k8s-w1.text-service-fff64b8bf-v9dsr,container_memory_working_set_bytes,2150400.0
1744886354,kashef-k8s-ctl.post-storage-mongodb-5579669d8c-ckzsx,container_memory_working_set_bytes,61308928.0
1744886354,kashef-k8s-w1.home-timeline-service-5754ffbc6d-zp4pr,container_memory_working_set_bytes,3346432.0
1744886360,kashef-k8s-ctl.post-storage-mongodb-5579669d8c-ckzsx,container_memory_working_set_bytes,61571072.0
1744886360,kashef-k8s-w1.home-timeline-service-5754ffbc6d-zp4pr,container_memory_working_set_bytes,3346432.0
1744886360,kashef-k8s-ctl.jaeger-67997f9775-tjgc8,container_memory_working_set_bytes,12283904.0
1744886360,kashef-k8s-w1.compose-post-service-f587bf89d-l5zcs,container_memory_working_set_bytes,2867200.0
1744886360,kashef-k8s-w1.media-service-6c665c775d-s7hl8,container_memory_working_set_bytes,1912832.0
1744886360,kashef-k8s-w1.user-memcached-59687c864d-d5rb5,container_memory_working_set_bytes,3010560.0
1744886360,kashef-k8s-ctl.media-mongodb-7b64c59567-6ntnm,container_memory_working_set_bytes,60133376.0
1744886360,kashef-k8s-w1.social-graph-redis-5bbd5b7458-tqz7l,container_memory_working_set_bytes,5058560.0
1744886360,kashef-k8s-w1.media-frontend-6b66b95ff4-xrdq6,container_memory_working_set_bytes,16121856.0
1744886360,kashef-k8s-w1.user-timeline-service-664c7f6696-fvhv9,container_memory_working_set_bytes,5341184.0
1744886360,kashef-k8s-w1.post-storage-service-66c9966f5f-nllkd,container_memory_working_set_bytes,3141632.0
1744886360,kashef-k8s-w1.social-graph-mongodb-55df767ff5-c86pb,container_memory_working_set_bytes,70836224.0
1744886360,kashef-k8s-ctl.post-storage-memcached-6b75788fc6-gnd8c,container_memory_working_set_bytes,3723264.0
1744886360,kashef-k8s-w1.user-mention-service-5c4f566c5-w4xpc,container_memory_working_set_bytes,2797568.0
1744886360,kashef-k8s-ctl.url-shorten-memcached-6546746864-pg8xh,container_memory_working_set_bytes,2584576.0
1744886360,kashef-k8s-w1.user-service-547b88cd8f-mbl6h,container_memory_working_set_bytes,2764800.0
1744886360,kashef-k8s-ctl.user-mongodb-7745bbd78-xrw2n,container_memory_working_set_bytes,60997632.0
1744886360,kashef-k8s-ctl.media-memcached-7889bdfdfb-2thqn,container_memory_working_set_bytes,2621440.0
1744886360,kashef-k8s-ctl.home-timeline-redis-6c6647df6f-5vgsk,container_memory_working_set_bytes,8114176.0
1744886360,kashef-k8s-ctl.url-shorten-mongodb-57c886d5f8-2m8fs,container_memory_working_set_bytes,61489152.0
1744886360,kashef-k8s-w1.url-shorten-service-66949ddcc4-xlfmt,container_memory_working_set_bytes,3010560.0
1744886360,kashef-k8s-ctl.social-graph-service-677dbc655c-2tqbt,container_memory_working_set_bytes,2621440.0
1744886360,kashef-k8s-ctl.user-timeline-mongodb-6758898d48-gggfw,container_memory_working_set_bytes,63717376.0
1744886360,kashef-k8s-w1.text-service-fff64b8bf-v9dsr,container_memory_working_set_bytes,2150400.0
1744886360,kashef-k8s-ctl.user-timeline-redis-67cc95bc57-klp4b,container_memory_working_set_bytes,4096000.0
1744886360,kashef-k8s-w1.nginx-thrift-79478f9bf5-h66tn,container_memory_working_set_bytes,49037312.0
1744886360,kashef-k8s-ctl.unique-id-service-694497b678-bzxbf,container_memory_working_set_bytes,2007040.0
1744886366,kashef-k8s-w1.user-timeline-service-664c7f6696-fvhv9,container_memory_working_set_bytes,5341184.0
1744886366,kashef-k8s-ctl.post-storage-mongodb-5579669d8c-ckzsx,container_memory_working_set_bytes,61571072.0
1744886366,kashef-k8s-ctl.media-mongodb-7b64c59567-6ntnm,container_memory_working_set_bytes,60133376.0
1744886366,kashef-k8s-w1.media-service-6c665c775d-s7hl8,container_memory_working_set_bytes,1912832.0
1744886366,kashef-k8s-w1.social-graph-redis-5bbd5b7458-tqz7l,container_memory_working_set_bytes,5058560.0
1744886366,kashef-k8s-w1.post-storage-service-66c9966f5f-nllkd,container_memory_working_set_bytes,3141632.0
1744886366,kashef-k8s-w1.user-mention-service-5c4f566c5-w4xpc,container_memory_working_set_bytes,2797568.0
1744886366,kashef-k8s-w1.url-shorten-service-66949ddcc4-xlfmt,container_memory_working_set_bytes,3014656.0
1744886366,kashef-k8s-w1.social-graph-mongodb-55df767ff5-c86pb,container_memory_working_set_bytes,70836224.0
1744886366,kashef-k8s-ctl.post-storage-memcached-6b75788fc6-gnd8c,container_memory_working_set_bytes,3723264.0
1744886366,kashef-k8s-w1.user-service-547b88cd8f-mbl6h,container_memory_working_set_bytes,2764800.0
1744886366,kashef-k8s-ctl.url-shorten-memcached-6546746864-pg8xh,container_memory_working_set_bytes,2584576.0
1744886366,kashef-k8s-ctl.unique-id-service-694497b678-bzxbf,container_memory_working_set_bytes,2007040.0
1744886366,kashef-k8s-w1.media-frontend-6b66b95ff4-xrdq6,container_memory_working_set_bytes,16121856.0
1744886366,kashef-k8s-ctl.user-timeline-redis-67cc95bc57-klp4b,container_memory_working_set_bytes,3964928.0
1744886366,kashef-k8s-ctl.jaeger-67997f9775-tjgc8,container_memory_working_set_bytes,12283904.0
1744886366,kashef-k8s-ctl.url-shorten-mongodb-57c886d5f8-2m8fs,container_memory_working_set_bytes,61489152.0
1744886366,kashef-k8s-ctl.media-memcached-7889bdfdfb-2thqn,container_memory_working_set_bytes,2621440.0
1744886366,kashef-k8s-ctl.user-mongodb-7745bbd78-xrw2n,container_memory_working_set_bytes,60997632.0
1744886366,kashef-k8s-w1.nginx-thrift-79478f9bf5-h66tn,container_memory_working_set_bytes,49037312.0
1744886366,kashef-k8s-w1.user-memcached-59687c864d-d5rb5,container_memory_working_set_bytes,3018752.0
1744886366,kashef-k8s-w1.text-service-fff64b8bf-v9dsr,container_memory_working_set_bytes,2150400.0
1744886366,kashef-k8s-w1.home-timeline-service-5754ffbc6d-zp4pr,container_memory_working_set_bytes,3342336.0
1744886366,kashef-k8s-ctl.user-timeline-mongodb-6758898d48-gggfw,container_memory_working_set_bytes,63717376.0
1744886366,kashef-k8s-ctl.home-timeline-redis-6c6647df6f-5vgsk,container_memory_working_set_bytes,8114176.0
1744886366,kashef-k8s-ctl.social-graph-service-677dbc655c-2tqbt,container_memory_working_set_bytes,2621440.0
1744886366,kashef-k8s-w1.compose-post-service-f587bf89d-l5zcs,container_memory_working_set_bytes,2867200.0
1744886372,kashef-k8s-w1.compose-post-service-f587bf89d-l5zcs,container_memory_working_set_bytes,2867200.0
1744886372,kashef-k8s-w1.text-service-fff64b8bf-v9dsr,container_memory_working_set_bytes,2150400.0
1744886372,kashef-k8s-w1.user-mention-service-5c4f566c5-w4xpc,container_memory_working_set_bytes,2797568.0
1744886372,kashef-k8s-ctl.media-memcached-7889bdfdfb-2thqn,container_memory_working_set_bytes,2621440.0
1744886372,kashef-k8s-ctl.unique-id-service-694497b678-bzxbf,container_memory_working_set_bytes,2007040.0
1744886372,kashef-k8s-w1.post-storage-service-66c9966f5f-nllkd,container_memory_working_set_bytes,3141632.0
1744886372,kashef-k8s-w1.url-shorten-service-66949ddcc4-xlfmt,container_memory_working_set_bytes,3014656.0
1744886372,kashef-k8s-ctl.url-shorten-memcached-6546746864-pg8xh,container_memory_working_set_bytes,2584576.0
1744886372,kashef-k8s-w1.media-frontend-6b66b95ff4-xrdq6,container_memory_working_set_bytes,16121856.0
1744886372,kashef-k8s-w1.social-graph-redis-5bbd5b7458-tqz7l,container_memory_working_set_bytes,5058560.0
1744886372,kashef-k8s-ctl.media-mongodb-7b64c59567-6ntnm,container_memory_working_set_bytes,60133376.0
1744886372,kashef-k8s-w1.media-service-6c665c775d-s7hl8,container_memory_working_set_bytes,1912832.0
1744886372,kashef-k8s-ctl.post-storage-memcached-6b75788fc6-gnd8c,container_memory_working_set_bytes,3723264.0
1744886372,kashef-k8s-w1.user-service-547b88cd8f-mbl6h,container_memory_working_set_bytes,2764800.0
1744886372,kashef-k8s-w1.social-graph-mongodb-55df767ff5-c86pb,container_memory_working_set_bytes,71159808.0
1744886372,kashef-k8s-w1.user-timeline-service-664c7f6696-fvhv9,container_memory_working_set_bytes,5337088.0
1744886372,kashef-k8s-ctl.post-storage-mongodb-5579669d8c-ckzsx,container_memory_working_set_bytes,61571072.0
1744886372,kashef-k8s-w1.home-timeline-service-5754ffbc6d-zp4pr,container_memory_working_set_bytes,3342336.0
1744886372,kashef-k8s-ctl.user-timeline-mongodb-6758898d48-gggfw,container_memory_working_set_bytes,63717376.0
1744886372,kashef-k8s-ctl.user-mongodb-7745bbd78-xrw2n,container_memory_working_set_bytes,60997632.0
1744886372,kashef-k8s-ctl.home-timeline-redis-6c6647df6f-5vgsk,container_memory_working_set_bytes,8114176.0
1744886372,kashef-k8s-w1.user-memcached-59687c864d-d5rb5,container_memory_working_set_bytes,3018752.0
1744886372,kashef-k8s-w1.nginx-thrift-79478f9bf5-h66tn,container_memory_working_set_bytes,49037312.0
1744886372,kashef-k8s-ctl.jaeger-67997f9775-tjgc8,container_memory_working_set_bytes,12283904.0
1744886372,kashef-k8s-ctl.social-graph-service-677dbc655c-2tqbt,container_memory_working_set_bytes,2621440.0
1744886372,kashef-k8s-ctl.url-shorten-mongodb-57c886d5f8-2m8fs,container_memory_working_set_bytes,61489152.0
1744886372,kashef-k8s-ctl.user-timeline-redis-67cc95bc57-klp4b,container_memory_working_set_bytes,3964928.0
1744886378,kashef-k8s-ctl.url-shorten-memcached-6546746864-pg8xh,container_memory_working_set_bytes,2584576.0
1744886378,kashef-k8s-ctl.unique-id-service-694497b678-bzxbf,container_memory_working_set_bytes,2007040.0
1744886378,kashef-k8s-w1.url-shorten-service-66949ddcc4-xlfmt,container_memory_working_set_bytes,3014656.0
1744886378,kashef-k8s-w1.user-mention-service-5c4f566c5-w4xpc,container_memory_working_set_bytes,2797568.0
1744886378,kashef-k8s-ctl.media-memcached-7889bdfdfb-2thqn,container_memory_working_set_bytes,2621440.0
1744886378,kashef-k8s-ctl.media-mongodb-7b64c59567-6ntnm,container_memory_working_set_bytes,60133376.0
1744886378,kashef-k8s-ctl.user-timeline-redis-67cc95bc57-klp4b,container_memory_working_set_bytes,3964928.0
1744886378,kashef-k8s-w1.social-graph-redis-5bbd5b7458-tqz7l,container_memory_working_set_bytes,5058560.0
1744886378,kashef-k8s-w1.user-service-547b88cd8f-mbl6h,container_memory_working_set_bytes,2764800.0
1744886378,kashef-k8s-w1.media-service-6c665c775d-s7hl8,container_memory_working_set_bytes,1912832.0
1744886378,kashef-k8s-w1.post-storage-service-66c9966f5f-nllkd,container_memory_working_set_bytes,3141632.0
1744886378,kashef-k8s-ctl.post-storage-memcached-6b75788fc6-gnd8c,container_memory_working_set_bytes,3723264.0
1744886378,kashef-k8s-w1.media-frontend-6b66b95ff4-xrdq6,container_memory_working_set_bytes,16121856.0
1744886378,kashef-k8s-w1.social-graph-mongodb-55df767ff5-c86pb,container_memory_working_set_bytes,71159808.0
1744886378,kashef-k8s-w1.text-service-fff64b8bf-v9dsr,container_memory_working_set_bytes,2150400.0
1744886378,kashef-k8s-ctl.user-mongodb-7745bbd78-xrw2n,container_memory_working_set_bytes,60997632.0
1744886378,kashef-k8s-w1.compose-post-service-f587bf89d-l5zcs,container_memory_working_set_bytes,2867200.0
1744886378,kashef-k8s-w1.home-timeline-service-5754ffbc6d-zp4pr,container_memory_working_set_bytes,3342336.0
1744886378,kashef-k8s-ctl.url-shorten-mongodb-57c886d5f8-2m8fs,container_memory_working_set_bytes,61489152.0
1744886378,kashef-k8s-w1.user-timeline-service-664c7f6696-fvhv9,container_memory_working_set_bytes,5337088.0
1744886378,kashef-k8s-ctl.social-graph-service-677dbc655c-2tqbt,container_memory_working_set_bytes,2621440.0
1744886378,kashef-k8s-ctl.user-timeline-mongodb-6758898d48-gggfw,container_memory_working_set_bytes,63717376.0
1744886378,kashef-k8s-ctl.jaeger-67997f9775-tjgc8,container_memory_working_set_bytes,12283904.0
1744886378,kashef-k8s-ctl.post-storage-mongodb-5579669d8c-ckzsx,container_memory_working_set_bytes,61571072.0
1744886378,kashef-k8s-ctl.home-timeline-redis-6c6647df6f-5vgsk,container_memory_working_set_bytes,8114176.0
1744886378,kashef-k8s-w1.user-memcached-59687c864d-d5rb5,container_memory_working_set_bytes,3018752.0
1744886378,kashef-k8s-w1.nginx-thrift-79478f9bf5-h66tn,container_memory_working_set_bytes,49025024.0
