timestamp,cmdb_id,kpi_name,value
1744886006,kashef-k8s-w1.compose-post-service-f587bf89d-l5zcs,container_cpu_usage_seconds_total,0.001
1744886012,kashef-k8s-w1.compose-post-service-f587bf89d-l5zcs,container_cpu_usage_seconds_total,0.001
1744886018,kashef-k8s-ctl.user-timeline-mongodb-6758898d48-gggfw,container_cpu_usage_seconds_total,0.002
1744886018,kashef-k8s-w1.compose-post-service-f587bf89d-l5zcs,container_cpu_usage_seconds_total,0.001
1744886024,kashef-k8s-ctl.user-timeline-mongodb-6758898d48-gggfw,container_cpu_usage_seconds_total,0.003
1744886024,kashef-k8s-w1.compose-post-service-f587bf89d-l5zcs,container_cpu_usage_seconds_total,0.001
1744886024,kashef-k8s-ctl.url-shorten-mongodb-57c886d5f8-2m8fs,container_cpu_usage_seconds_total,0.002
1744886024,kashef-k8s-ctl.unique-id-service-694497b678-bzxbf,container_cpu_usage_seconds_total,0.0
1744886024,kashef-k8s-ctl.user-timeline-redis-67cc95bc57-klp4b,container_cpu_usage_seconds_total,0.002
1744886030,kashef-k8s-ctl.user-mongodb-7745bbd78-xrw2n,container_cpu_usage_seconds_total,0.003
1744886030,kashef-k8s-ctl.unique-id-service-694497b678-bzxbf,container_cpu_usage_seconds_total,0.0
1744886030,kashef-k8s-ctl.user-timeline-mongodb-6758898d48-gggfw,container_cpu_usage_seconds_total,0.003
1744886030,kashef-k8s-ctl.post-storage-memcached-6b75788fc6-gnd8c,container_cpu_usage_seconds_total,0.0
1744886030,kashef-k8s-w1.compose-post-service-f587bf89d-l5zcs,container_cpu_usage_seconds_total,0.001
1744886030,kashef-k8s-w1.text-service-fff64b8bf-v9dsr,container_cpu_usage_seconds_total,0.0
1744886030,kashef-k8s-w1.user-memcached-59687c864d-d5rb5,container_cpu_usage_seconds_total,0.0
1744886030,kashef-k8s-ctl.media-memcached-7889bdfdfb-2thqn,container_cpu_usage_seconds_total,0.0
1744886030,kashef-k8s-ctl.home-timeline-redis-6c6647df6f-5vgsk,container_cpu_usage_seconds_total,0.001
1744886030,kashef-k8s-ctl.user-timeline-redis-67cc95bc57-klp4b,container_cpu_usage_seconds_total,0.002
1744886030,kashef-k8s-ctl.media-mongodb-7b64c59567-6ntnm,container_cpu_usage_seconds_total,0.013
1744886030,kashef-k8s-ctl.url-shorten-memcached-6546746864-pg8xh,container_cpu_usage_seconds_total,0.0
1744886030,kashef-k8s-ctl.social-graph-service-677dbc655c-2tqbt,container_cpu_usage_seconds_total,0.0
1744886030,kashef-k8s-ctl.post-storage-mongodb-5579669d8c-ckzsx,container_cpu_usage_seconds_total,0.013
1744886030,kashef-k8s-ctl.url-shorten-mongodb-57c886d5f8-2m8fs,container_cpu_usage_seconds_total,0.002
1744886036,kashef-k8s-ctl.url-shorten-mongodb-57c886d5f8-2m8fs,container_cpu_usage_seconds_total,0.003
1744886036,kashef-k8s-w1.url-shorten-service-66949ddcc4-xlfmt,container_cpu_usage_seconds_total,0.0
1744886036,kashef-k8s-ctl.url-shorten-memcached-6546746864-pg8xh,container_cpu_usage_seconds_total,0.0
1744886036,kashef-k8s-w1.social-graph-redis-5bbd5b7458-tqz7l,container_cpu_usage_seconds_total,0.001
1744886036,kashef-k8s-ctl.jaeger-67997f9775-tjgc8,container_cpu_usage_seconds_total,0.0
1744886036,kashef-k8s-ctl.post-storage-mongodb-5579669d8c-ckzsx,container_cpu_usage_seconds_total,0.014
1744886036,kashef-k8s-ctl.media-memcached-7889bdfdfb-2thqn,container_cpu_usage_seconds_total,0.0
1744886036,kashef-k8s-w1.media-service-6c665c775d-s7hl8,container_cpu_usage_seconds_total,0.0
1744886036,kashef-k8s-ctl.user-timeline-mongodb-6758898d48-gggfw,container_cpu_usage_seconds_total,0.003
1744886036,kashef-k8s-ctl.user-timeline-redis-67cc95bc57-klp4b,container_cpu_usage_seconds_total,0.002
1744886036,kashef-k8s-ctl.media-mongodb-7b64c59567-6ntnm,container_cpu_usage_seconds_total,0.014
1744886036,kashef-k8s-ctl.social-graph-service-677dbc655c-2tqbt,container_cpu_usage_seconds_total,0.0
1744886036,kashef-k8s-ctl.home-timeline-redis-6c6647df6f-5vgsk,container_cpu_usage_seconds_total,0.001
1744886036,kashef-k8s-w1.social-graph-mongodb-55df767ff5-c86pb,container_cpu_usage_seconds_total,0.002
1744886036,kashef-k8s-ctl.post-storage-memcached-6b75788fc6-gnd8c,container_cpu_usage_seconds_total,0.0
1744886036,kashef-k8s-ctl.user-mongodb-7745bbd78-xrw2n,container_cpu_usage_seconds_total,0.003
1744886036,kashef-k8s-w1.compose-post-service-f587bf89d-l5zcs,container_cpu_usage_seconds_total,0.001
1744886036,kashef-k8s-ctl.unique-id-service-694497b678-bzxbf,container_cpu_usage_seconds_total,0.0
1744886036,kashef-k8s-w1.text-service-fff64b8bf-v9dsr,container_cpu_usage_seconds_total,0.0
1744886036,kashef-k8s-w1.user-memcached-59687c864d-d5rb5,container_cpu_usage_seconds_total,0.0
1744886042,kashef-k8s-w1.user-service-547b88cd8f-mbl6h,container_cpu_usage_seconds_total,0.0
1744886042,kashef-k8s-ctl.user-mongodb-7745bbd78-xrw2n,container_cpu_usage_seconds_total,0.004
1744886042,kashef-k8s-ctl.social-graph-service-677dbc655c-2tqbt,container_cpu_usage_seconds_total,0.0
1744886042,kashef-k8s-ctl.url-shorten-memcached-6546746864-pg8xh,container_cpu_usage_seconds_total,0.0
1744886042,kashef-k8s-ctl.url-shorten-mongodb-57c886d5f8-2m8fs,container_cpu_usage_seconds_total,0.002
1744886042,kashef-k8s-w1.social-graph-redis-5bbd5b7458-tqz7l,container_cpu_usage_seconds_total,0.001
1744886042,kashef-k8s-ctl.home-timeline-redis-6c6647df6f-5vgsk,container_cpu_usage_seconds_total,0.001
1744886042,kashef-k8s-w1.media-frontend-6b66b95ff4-xrdq6,container_cpu_usage_seconds_total,0.016
1744886042,kashef-k8s-w1.nginx-thrift-79478f9bf5-h66tn,container_cpu_usage_seconds_total,0.004
1744886042,kashef-k8s-w1.compose-post-service-f587bf89d-l5zcs,container_cpu_usage_seconds_total,0.001
1744886042,kashef-k8s-w1.user-memcached-59687c864d-d5rb5,container_cpu_usage_seconds_total,0.0
1744886042,kashef-k8s-w1.user-mention-service-5c4f566c5-w4xpc,container_cpu_usage_seconds_total,0.0
1744886042,kashef-k8s-ctl.jaeger-67997f9775-tjgc8,container_cpu_usage_seconds_total,0.0
1744886042,kashef-k8s-w1.media-service-6c665c775d-s7hl8,container_cpu_usage_seconds_total,0.0
1744886042,kashef-k8s-ctl.post-storage-mongodb-5579669d8c-ckzsx,container_cpu_usage_seconds_total,0.016
1744886042,kashef-k8s-ctl.user-timeline-redis-67cc95bc57-klp4b,container_cpu_usage_seconds_total,0.003
1744886042,kashef-k8s-ctl.media-mongodb-7b64c59567-6ntnm,container_cpu_usage_seconds_total,0.016
1744886042,kashef-k8s-ctl.user-timeline-mongodb-6758898d48-gggfw,container_cpu_usage_seconds_total,0.004
1744886042,kashef-k8s-ctl.media-memcached-7889bdfdfb-2thqn,container_cpu_usage_seconds_total,0.0
1744886042,kashef-k8s-ctl.unique-id-service-694497b678-bzxbf,container_cpu_usage_seconds_total,0.0
1744886042,kashef-k8s-w1.url-shorten-service-66949ddcc4-xlfmt,container_cpu_usage_seconds_total,0.0
1744886042,kashef-k8s-w1.home-timeline-service-5754ffbc6d-zp4pr,container_cpu_usage_seconds_total,0.0
1744886042,kashef-k8s-w1.social-graph-mongodb-55df767ff5-c86pb,container_cpu_usage_seconds_total,0.003
1744886042,kashef-k8s-ctl.post-storage-memcached-6b75788fc6-gnd8c,container_cpu_usage_seconds_total,0.0
1744886042,kashef-k8s-w1.text-service-fff64b8bf-v9dsr,container_cpu_usage_seconds_total,0.0
1744886048,kashef-k8s-w1.home-timeline-service-5754ffbc6d-zp4pr,container_cpu_usage_seconds_total,0.0
1744886048,kashef-k8s-ctl.user-mongodb-7745bbd78-xrw2n,container_cpu_usage_seconds_total,0.004
1744886048,kashef-k8s-ctl.url-shorten-memcached-6546746864-pg8xh,container_cpu_usage_seconds_total,0.0
1744886048,kashef-k8s-w1.url-shorten-service-66949ddcc4-xlfmt,container_cpu_usage_seconds_total,0.0
1744886048,kashef-k8s-w1.nginx-thrift-79478f9bf5-h66tn,container_cpu_usage_seconds_total,0.004
1744886048,kashef-k8s-ctl.media-mongodb-7b64c59567-6ntnm,container_cpu_usage_seconds_total,0.014
1744886048,kashef-k8s-w1.user-service-547b88cd8f-mbl6h,container_cpu_usage_seconds_total,0.0
1744886048,kashef-k8s-ctl.social-graph-service-677dbc655c-2tqbt,container_cpu_usage_seconds_total,0.0
1744886048,kashef-k8s-w1.user-mention-service-5c4f566c5-w4xpc,container_cpu_usage_seconds_total,0.0
1744886048,kashef-k8s-ctl.jaeger-67997f9775-tjgc8,container_cpu_usage_seconds_total,0.0
1744886048,kashef-k8s-w1.user-timeline-service-664c7f6696-fvhv9,container_cpu_usage_seconds_total,0.0
1744886048,kashef-k8s-ctl.home-timeline-redis-6c6647df6f-5vgsk,container_cpu_usage_seconds_total,0.001
1744886048,kashef-k8s-w1.social-graph-redis-5bbd5b7458-tqz7l,container_cpu_usage_seconds_total,0.001
1744886048,kashef-k8s-ctl.user-timeline-redis-67cc95bc57-klp4b,container_cpu_usage_seconds_total,0.003
1744886048,kashef-k8s-ctl.user-timeline-mongodb-6758898d48-gggfw,container_cpu_usage_seconds_total,0.004
1744886048,kashef-k8s-w1.media-frontend-6b66b95ff4-xrdq6,container_cpu_usage_seconds_total,0.018
1744886048,kashef-k8s-ctl.post-storage-memcached-6b75788fc6-gnd8c,container_cpu_usage_seconds_total,0.0
1744886048,kashef-k8s-w1.post-storage-service-66c9966f5f-nllkd,container_cpu_usage_seconds_total,0.0
1744886048,kashef-k8s-w1.media-service-6c665c775d-s7hl8,container_cpu_usage_seconds_total,0.0
1744886048,kashef-k8s-ctl.post-storage-mongodb-5579669d8c-ckzsx,container_cpu_usage_seconds_total,0.018
1744886048,kashef-k8s-ctl.media-memcached-7889bdfdfb-2thqn,container_cpu_usage_seconds_total,0.0
1744886048,kashef-k8s-ctl.url-shorten-mongodb-57c886d5f8-2m8fs,container_cpu_usage_seconds_total,0.002
1744886048,kashef-k8s-ctl.unique-id-service-694497b678-bzxbf,container_cpu_usage_seconds_total,0.0
1744886048,kashef-k8s-w1.social-graph-mongodb-55df767ff5-c86pb,container_cpu_usage_seconds_total,0.003
1744886048,kashef-k8s-w1.user-memcached-59687c864d-d5rb5,container_cpu_usage_seconds_total,0.0
1744886048,kashef-k8s-w1.text-service-fff64b8bf-v9dsr,container_cpu_usage_seconds_total,0.0
1744886048,kashef-k8s-w1.compose-post-service-f587bf89d-l5zcs,container_cpu_usage_seconds_total,0.001
1744886054,kashef-k8s-w1.home-timeline-service-5754ffbc6d-zp4pr,container_cpu_usage_seconds_total,0.0
1744886054,kashef-k8s-w1.text-service-fff64b8bf-v9dsr,container_cpu_usage_seconds_total,0.0
1744886054,kashef-k8s-w1.nginx-thrift-79478f9bf5-h66tn,container_cpu_usage_seconds_total,0.005
1744886054,kashef-k8s-w1.compose-post-service-f587bf89d-l5zcs,container_cpu_usage_seconds_total,0.001
1744886054,kashef-k8s-ctl.url-shorten-mongodb-57c886d5f8-2m8fs,container_cpu_usage_seconds_total,0.002
1744886054,kashef-k8s-ctl.media-memcached-7889bdfdfb-2thqn,container_cpu_usage_seconds_total,0.0
1744886054,kashef-k8s-ctl.post-storage-mongodb-5579669d8c-ckzsx,container_cpu_usage_seconds_total,0.019
1744886054,kashef-k8s-ctl.unique-id-service-694497b678-bzxbf,container_cpu_usage_seconds_total,0.0
1744886054,kashef-k8s-ctl.home-timeline-redis-6c6647df6f-5vgsk,container_cpu_usage_seconds_total,0.001
1744886054,kashef-k8s-w1.user-timeline-service-664c7f6696-fvhv9,container_cpu_usage_seconds_total,0.0
1744886054,kashef-k8s-ctl.user-timeline-redis-67cc95bc57-klp4b,container_cpu_usage_seconds_total,0.002
1744886054,kashef-k8s-w1.media-frontend-6b66b95ff4-xrdq6,container_cpu_usage_seconds_total,0.02
1744886054,kashef-k8s-w1.media-service-6c665c775d-s7hl8,container_cpu_usage_seconds_total,0.0
1744886054,kashef-k8s-ctl.user-timeline-mongodb-6758898d48-gggfw,container_cpu_usage_seconds_total,0.004
1744886054,kashef-k8s-w1.post-storage-service-66c9966f5f-nllkd,container_cpu_usage_seconds_total,0.0
1744886054,kashef-k8s-ctl.post-storage-memcached-6b75788fc6-gnd8c,container_cpu_usage_seconds_total,0.0
1744886054,kashef-k8s-w1.social-graph-mongodb-55df767ff5-c86pb,container_cpu_usage_seconds_total,0.003
1744886054,kashef-k8s-w1.social-graph-redis-5bbd5b7458-tqz7l,container_cpu_usage_seconds_total,0.001
1744886054,kashef-k8s-w1.url-shorten-service-66949ddcc4-xlfmt,container_cpu_usage_seconds_total,0.0
1744886054,kashef-k8s-w1.user-service-547b88cd8f-mbl6h,container_cpu_usage_seconds_total,0.0
1744886054,kashef-k8s-ctl.social-graph-service-677dbc655c-2tqbt,container_cpu_usage_seconds_total,0.0
1744886054,kashef-k8s-ctl.media-mongodb-7b64c59567-6ntnm,container_cpu_usage_seconds_total,0.015
1744886054,kashef-k8s-ctl.jaeger-67997f9775-tjgc8,container_cpu_usage_seconds_total,0.0
1744886054,kashef-k8s-w1.user-memcached-59687c864d-d5rb5,container_cpu_usage_seconds_total,0.0
1744886054,kashef-k8s-ctl.url-shorten-memcached-6546746864-pg8xh,container_cpu_usage_seconds_total,0.0
1744886054,kashef-k8s-ctl.user-mongodb-7745bbd78-xrw2n,container_cpu_usage_seconds_total,0.004
1744886054,kashef-k8s-w1.user-mention-service-5c4f566c5-w4xpc,container_cpu_usage_seconds_total,0.0
1744886060,kashef-k8s-w1.user-timeline-service-664c7f6696-fvhv9,container_cpu_usage_seconds_total,0.0
1744886060,kashef-k8s-ctl.unique-id-service-694497b678-bzxbf,container_cpu_usage_seconds_total,0.0
1744886060,kashef-k8s-w1.home-timeline-service-5754ffbc6d-zp4pr,container_cpu_usage_seconds_total,0.0
1744886060,kashef-k8s-w1.text-service-fff64b8bf-v9dsr,container_cpu_usage_seconds_total,0.0
1744886060,kashef-k8s-w1.media-service-6c665c775d-s7hl8,container_cpu_usage_seconds_total,0.0
1744886060,kashef-k8s-w1.social-graph-redis-5bbd5b7458-tqz7l,container_cpu_usage_seconds_total,0.001
1744886060,kashef-k8s-ctl.home-timeline-redis-6c6647df6f-5vgsk,container_cpu_usage_seconds_total,0.002
1744886060,kashef-k8s-w1.media-frontend-6b66b95ff4-xrdq6,container_cpu_usage_seconds_total,0.022
1744886060,kashef-k8s-ctl.user-timeline-mongodb-6758898d48-gggfw,container_cpu_usage_seconds_total,0.005
1744886060,kashef-k8s-w1.post-storage-service-66c9966f5f-nllkd,container_cpu_usage_seconds_total,0.0
1744886060,kashef-k8s-ctl.post-storage-memcached-6b75788fc6-gnd8c,container_cpu_usage_seconds_total,0.0
1744886060,kashef-k8s-ctl.media-memcached-7889bdfdfb-2thqn,container_cpu_usage_seconds_total,0.0
1744886060,kashef-k8s-ctl.post-storage-mongodb-5579669d8c-ckzsx,container_cpu_usage_seconds_total,0.015
1744886060,kashef-k8s-ctl.url-shorten-mongodb-57c886d5f8-2m8fs,container_cpu_usage_seconds_total,0.004
1744886060,kashef-k8s-ctl.user-timeline-redis-67cc95bc57-klp4b,container_cpu_usage_seconds_total,0.003
1744886060,kashef-k8s-ctl.media-mongodb-7b64c59567-6ntnm,container_cpu_usage_seconds_total,0.016
1744886060,kashef-k8s-w1.user-mention-service-5c4f566c5-w4xpc,container_cpu_usage_seconds_total,0.0
1744886060,kashef-k8s-ctl.user-mongodb-7745bbd78-xrw2n,container_cpu_usage_seconds_total,0.005
1744886060,kashef-k8s-ctl.social-graph-service-677dbc655c-2tqbt,container_cpu_usage_seconds_total,0.0
1744886060,kashef-k8s-ctl.jaeger-67997f9775-tjgc8,container_cpu_usage_seconds_total,0.0
1744886060,kashef-k8s-w1.social-graph-mongodb-55df767ff5-c86pb,container_cpu_usage_seconds_total,0.004
1744886060,kashef-k8s-w1.user-memcached-59687c864d-d5rb5,container_cpu_usage_seconds_total,0.0
1744886060,kashef-k8s-w1.user-service-547b88cd8f-mbl6h,container_cpu_usage_seconds_total,0.0
1744886060,kashef-k8s-w1.nginx-thrift-79478f9bf5-h66tn,container_cpu_usage_seconds_total,0.005
1744886060,kashef-k8s-w1.url-shorten-service-66949ddcc4-xlfmt,container_cpu_usage_seconds_total,0.0
1744886060,kashef-k8s-ctl.url-shorten-memcached-6546746864-pg8xh,container_cpu_usage_seconds_total,0.0
1744886060,kashef-k8s-w1.compose-post-service-f587bf89d-l5zcs,container_cpu_usage_seconds_total,0.001
1744886066,kashef-k8s-w1.compose-post-service-f587bf89d-l5zcs,container_cpu_usage_seconds_total,0.0
1744886066,kashef-k8s-ctl.url-shorten-memcached-6546746864-pg8xh,container_cpu_usage_seconds_total,0.0
1744886066,kashef-k8s-ctl.media-mongodb-7b64c59567-6ntnm,container_cpu_usage_seconds_total,0.018
1744886066,kashef-k8s-ctl.user-timeline-redis-67cc95bc57-klp4b,container_cpu_usage_seconds_total,0.003
1744886066,kashef-k8s-w1.social-graph-mongodb-55df767ff5-c86pb,container_cpu_usage_seconds_total,0.004
1744886066,kashef-k8s-w1.post-storage-service-66c9966f5f-nllkd,container_cpu_usage_seconds_total,0.0
1744886066,kashef-k8s-ctl.post-storage-memcached-6b75788fc6-gnd8c,container_cpu_usage_seconds_total,0.0
1744886066,kashef-k8s-w1.user-mention-service-5c4f566c5-w4xpc,container_cpu_usage_seconds_total,0.0
1744886066,kashef-k8s-w1.media-service-6c665c775d-s7hl8,container_cpu_usage_seconds_total,0.0
1744886066,kashef-k8s-ctl.unique-id-service-694497b678-bzxbf,container_cpu_usage_seconds_total,0.0
1744886066,kashef-k8s-ctl.user-mongodb-7745bbd78-xrw2n,container_cpu_usage_seconds_total,0.005
1744886066,kashef-k8s-w1.text-service-fff64b8bf-v9dsr,container_cpu_usage_seconds_total,0.0
1744886066,kashef-k8s-w1.user-memcached-59687c864d-d5rb5,container_cpu_usage_seconds_total,0.0
1744886066,kashef-k8s-ctl.home-timeline-redis-6c6647df6f-5vgsk,container_cpu_usage_seconds_total,0.002
1744886066,kashef-k8s-ctl.media-memcached-7889bdfdfb-2thqn,container_cpu_usage_seconds_total,0.0
1744886066,kashef-k8s-ctl.jaeger-67997f9775-tjgc8,container_cpu_usage_seconds_total,0.0
1744886066,kashef-k8s-w1.user-timeline-service-664c7f6696-fvhv9,container_cpu_usage_seconds_total,0.0
1744886066,kashef-k8s-w1.url-shorten-service-66949ddcc4-xlfmt,container_cpu_usage_seconds_total,0.0
1744886066,kashef-k8s-w1.user-service-547b88cd8f-mbl6h,container_cpu_usage_seconds_total,0.0
1744886066,kashef-k8s-w1.media-frontend-6b66b95ff4-xrdq6,container_cpu_usage_seconds_total,0.024
1744886066,kashef-k8s-w1.social-graph-redis-5bbd5b7458-tqz7l,container_cpu_usage_seconds_total,0.001
1744886066,kashef-k8s-ctl.user-timeline-mongodb-6758898d48-gggfw,container_cpu_usage_seconds_total,0.005
1744886066,kashef-k8s-ctl.post-storage-mongodb-5579669d8c-ckzsx,container_cpu_usage_seconds_total,0.016
1744886066,kashef-k8s-w1.home-timeline-service-5754ffbc6d-zp4pr,container_cpu_usage_seconds_total,0.0
1744886066,kashef-k8s-w1.nginx-thrift-79478f9bf5-h66tn,container_cpu_usage_seconds_total,0.005
1744886066,kashef-k8s-ctl.social-graph-service-677dbc655c-2tqbt,container_cpu_usage_seconds_total,0.0
1744886066,kashef-k8s-ctl.url-shorten-mongodb-57c886d5f8-2m8fs,container_cpu_usage_seconds_total,0.005
1744886072,kashef-k8s-ctl.url-shorten-mongodb-57c886d5f8-2m8fs,container_cpu_usage_seconds_total,0.005
1744886072,kashef-k8s-w1.nginx-thrift-79478f9bf5-h66tn,container_cpu_usage_seconds_total,0.006
1744886072,kashef-k8s-w1.compose-post-service-f587bf89d-l5zcs,container_cpu_usage_seconds_total,0.0
1744886072,kashef-k8s-w1.home-timeline-service-5754ffbc6d-zp4pr,container_cpu_usage_seconds_total,0.0
1744886072,kashef-k8s-ctl.user-timeline-redis-67cc95bc57-klp4b,container_cpu_usage_seconds_total,0.003
1744886072,kashef-k8s-ctl.user-timeline-mongodb-6758898d48-gggfw,container_cpu_usage_seconds_total,0.005
1744886072,kashef-k8s-ctl.post-storage-mongodb-5579669d8c-ckzsx,container_cpu_usage_seconds_total,0.017
1744886072,kashef-k8s-ctl.home-timeline-redis-6c6647df6f-5vgsk,container_cpu_usage_seconds_total,0.002
1744886072,kashef-k8s-ctl.media-memcached-7889bdfdfb-2thqn,container_cpu_usage_seconds_total,0.0
1744886072,kashef-k8s-ctl.user-mongodb-7745bbd78-xrw2n,container_cpu_usage_seconds_total,0.006
1744886072,kashef-k8s-ctl.media-mongodb-7b64c59567-6ntnm,container_cpu_usage_seconds_total,0.019
1744886072,kashef-k8s-w1.text-service-fff64b8bf-v9dsr,container_cpu_usage_seconds_total,0.0
1744886072,kashef-k8s-w1.media-frontend-6b66b95ff4-xrdq6,container_cpu_usage_seconds_total,0.033
1744886072,kashef-k8s-w1.media-service-6c665c775d-s7hl8,container_cpu_usage_seconds_total,0.0
1744886072,kashef-k8s-w1.url-shorten-service-66949ddcc4-xlfmt,container_cpu_usage_seconds_total,0.0
1744886072,kashef-k8s-w1.social-graph-redis-5bbd5b7458-tqz7l,container_cpu_usage_seconds_total,0.001
1744886072,kashef-k8s-w1.user-memcached-59687c864d-d5rb5,container_cpu_usage_seconds_total,0.0
1744886072,kashef-k8s-w1.social-graph-mongodb-55df767ff5-c86pb,container_cpu_usage_seconds_total,0.004
1744886072,kashef-k8s-ctl.post-storage-memcached-6b75788fc6-gnd8c,container_cpu_usage_seconds_total,0.0
1744886072,kashef-k8s-w1.post-storage-service-66c9966f5f-nllkd,container_cpu_usage_seconds_total,0.0
1744886072,kashef-k8s-ctl.jaeger-67997f9775-tjgc8,container_cpu_usage_seconds_total,0.0
1744886072,kashef-k8s-w1.user-timeline-service-664c7f6696-fvhv9,container_cpu_usage_seconds_total,0.0
1744886072,kashef-k8s-ctl.social-graph-service-677dbc655c-2tqbt,container_cpu_usage_seconds_total,0.0
1744886072,kashef-k8s-ctl.url-shorten-memcached-6546746864-pg8xh,container_cpu_usage_seconds_total,0.0
1744886072,kashef-k8s-w1.user-mention-service-5c4f566c5-w4xpc,container_cpu_usage_seconds_total,0.0
1744886072,kashef-k8s-w1.user-service-547b88cd8f-mbl6h,container_cpu_usage_seconds_total,0.0
1744886072,kashef-k8s-ctl.unique-id-service-694497b678-bzxbf,container_cpu_usage_seconds_total,0.0
1744886078,kashef-k8s-w1.home-timeline-service-5754ffbc6d-zp4pr,container_cpu_usage_seconds_total,0.0
1744886078,kashef-k8s-ctl.url-shorten-mongodb-57c886d5f8-2m8fs,container_cpu_usage_seconds_total,0.005
1744886078,kashef-k8s-ctl.user-mongodb-7745bbd78-xrw2n,container_cpu_usage_seconds_total,0.006
1744886078,kashef-k8s-ctl.home-timeline-redis-6c6647df6f-5vgsk,container_cpu_usage_seconds_total,0.002
1744886078,kashef-k8s-ctl.media-mongodb-7b64c59567-6ntnm,container_cpu_usage_seconds_total,0.016
1744886078,kashef-k8s-ctl.media-memcached-7889bdfdfb-2thqn,container_cpu_usage_seconds_total,0.0
1744886078,kashef-k8s-w1.text-service-fff64b8bf-v9dsr,container_cpu_usage_seconds_total,0.0
1744886078,kashef-k8s-w1.media-service-6c665c775d-s7hl8,container_cpu_usage_seconds_total,0.0
1744886078,kashef-k8s-ctl.post-storage-mongodb-5579669d8c-ckzsx,container_cpu_usage_seconds_total,0.018
1744886078,kashef-k8s-w1.user-memcached-59687c864d-d5rb5,container_cpu_usage_seconds_total,0.0
1744886078,kashef-k8s-w1.social-graph-redis-5bbd5b7458-tqz7l,container_cpu_usage_seconds_total,0.002
1744886078,kashef-k8s-w1.media-frontend-6b66b95ff4-xrdq6,container_cpu_usage_seconds_total,0.036
1744886078,kashef-k8s-ctl.user-timeline-mongodb-6758898d48-gggfw,container_cpu_usage_seconds_total,0.006
1744886078,kashef-k8s-w1.nginx-thrift-79478f9bf5-h66tn,container_cpu_usage_seconds_total,0.003
1744886078,kashef-k8s-w1.compose-post-service-f587bf89d-l5zcs,container_cpu_usage_seconds_total,0.001
1744886078,kashef-k8s-w1.user-timeline-service-664c7f6696-fvhv9,container_cpu_usage_seconds_total,0.0
1744886078,kashef-k8s-ctl.jaeger-67997f9775-tjgc8,container_cpu_usage_seconds_total,0.0
1744886078,kashef-k8s-w1.social-graph-mongodb-55df767ff5-c86pb,container_cpu_usage_seconds_total,0.005
1744886078,kashef-k8s-w1.user-mention-service-5c4f566c5-w4xpc,container_cpu_usage_seconds_total,0.0
1744886078,kashef-k8s-w1.user-service-547b88cd8f-mbl6h,container_cpu_usage_seconds_total,0.0
1744886078,kashef-k8s-ctl.unique-id-service-694497b678-bzxbf,container_cpu_usage_seconds_total,0.0
1744886078,kashef-k8s-w1.post-storage-service-66c9966f5f-nllkd,container_cpu_usage_seconds_total,0.0
1744886078,kashef-k8s-w1.url-shorten-service-66949ddcc4-xlfmt,container_cpu_usage_seconds_total,0.0
1744886078,kashef-k8s-ctl.post-storage-memcached-6b75788fc6-gnd8c,container_cpu_usage_seconds_total,0.0
1744886078,kashef-k8s-ctl.social-graph-service-677dbc655c-2tqbt,container_cpu_usage_seconds_total,0.0
1744886078,kashef-k8s-ctl.url-shorten-memcached-6546746864-pg8xh,container_cpu_usage_seconds_total,0.0
1744886078,kashef-k8s-ctl.user-timeline-redis-67cc95bc57-klp4b,container_cpu_usage_seconds_total,0.003
1744886084,kashef-k8s-w1.nginx-thrift-79478f9bf5-h66tn,container_cpu_usage_seconds_total,0.004
1744886084,kashef-k8s-ctl.url-shorten-mongodb-57c886d5f8-2m8fs,container_cpu_usage_seconds_total,0.006
1744886084,kashef-k8s-ctl.post-storage-memcached-6b75788fc6-gnd8c,container_cpu_usage_seconds_total,0.0
1744886084,kashef-k8s-w1.user-mention-service-5c4f566c5-w4xpc,container_cpu_usage_seconds_total,0.0
1744886084,kashef-k8s-w1.post-storage-service-66c9966f5f-nllkd,container_cpu_usage_seconds_total,0.0
1744886084,kashef-k8s-w1.url-shorten-service-66949ddcc4-xlfmt,container_cpu_usage_seconds_total,0.0
1744886084,kashef-k8s-ctl.social-graph-service-677dbc655c-2tqbt,container_cpu_usage_seconds_total,0.0
1744886084,kashef-k8s-ctl.url-shorten-memcached-6546746864-pg8xh,container_cpu_usage_seconds_total,0.0
1744886084,kashef-k8s-ctl.user-timeline-redis-67cc95bc57-klp4b,container_cpu_usage_seconds_total,0.003
1744886084,kashef-k8s-ctl.home-timeline-redis-6c6647df6f-5vgsk,container_cpu_usage_seconds_total,0.002
1744886084,kashef-k8s-w1.social-graph-mongodb-55df767ff5-c86pb,container_cpu_usage_seconds_total,0.005
1744886084,kashef-k8s-w1.user-timeline-service-664c7f6696-fvhv9,container_cpu_usage_seconds_total,0.0
1744886084,kashef-k8s-w1.media-frontend-6b66b95ff4-xrdq6,container_cpu_usage_seconds_total,0.038
1744886084,kashef-k8s-w1.user-memcached-59687c864d-d5rb5,container_cpu_usage_seconds_total,0.0
1744886084,kashef-k8s-w1.text-service-fff64b8bf-v9dsr,container_cpu_usage_seconds_total,0.0
1744886084,kashef-k8s-w1.social-graph-redis-5bbd5b7458-tqz7l,container_cpu_usage_seconds_total,0.002
1744886084,kashef-k8s-ctl.user-timeline-mongodb-6758898d48-gggfw,container_cpu_usage_seconds_total,0.006
1744886084,kashef-k8s-ctl.unique-id-service-694497b678-bzxbf,container_cpu_usage_seconds_total,0.0
1744886084,kashef-k8s-ctl.jaeger-67997f9775-tjgc8,container_cpu_usage_seconds_total,0.0
1744886084,kashef-k8s-w1.user-service-547b88cd8f-mbl6h,container_cpu_usage_seconds_total,0.0
1744886084,kashef-k8s-ctl.media-memcached-7889bdfdfb-2thqn,container_cpu_usage_seconds_total,0.0
1744886084,kashef-k8s-ctl.post-storage-mongodb-5579669d8c-ckzsx,container_cpu_usage_seconds_total,0.019
1744886084,kashef-k8s-w1.media-service-6c665c775d-s7hl8,container_cpu_usage_seconds_total,0.0
1744886084,kashef-k8s-w1.compose-post-service-f587bf89d-l5zcs,container_cpu_usage_seconds_total,0.001
1744886084,kashef-k8s-ctl.user-mongodb-7745bbd78-xrw2n,container_cpu_usage_seconds_total,0.006
1744886084,kashef-k8s-ctl.media-mongodb-7b64c59567-6ntnm,container_cpu_usage_seconds_total,0.015
1744886084,kashef-k8s-w1.home-timeline-service-5754ffbc6d-zp4pr,container_cpu_usage_seconds_total,0.0
1744886090,kashef-k8s-ctl.media-mongodb-7b64c59567-6ntnm,container_cpu_usage_seconds_total,0.016
1744886090,kashef-k8s-w1.compose-post-service-f587bf89d-l5zcs,container_cpu_usage_seconds_total,0.001
1744886090,kashef-k8s-w1.home-timeline-service-5754ffbc6d-zp4pr,container_cpu_usage_seconds_total,0.0
1744886090,kashef-k8s-ctl.url-shorten-mongodb-57c886d5f8-2m8fs,container_cpu_usage_seconds_total,0.006
1744886090,kashef-k8s-w1.nginx-thrift-79478f9bf5-h66tn,container_cpu_usage_seconds_total,0.003
1744886090,kashef-k8s-ctl.post-storage-mongodb-5579669d8c-ckzsx,container_cpu_usage_seconds_total,0.016
1744886090,kashef-k8s-w1.media-service-6c665c775d-s7hl8,container_cpu_usage_seconds_total,0.0
1744886090,kashef-k8s-ctl.user-mongodb-7745bbd78-xrw2n,container_cpu_usage_seconds_total,0.006
1744886090,kashef-k8s-w1.social-graph-redis-5bbd5b7458-tqz7l,container_cpu_usage_seconds_total,0.002
1744886090,kashef-k8s-ctl.user-timeline-mongodb-6758898d48-gggfw,container_cpu_usage_seconds_total,0.006
1744886090,kashef-k8s-w1.user-memcached-59687c864d-d5rb5,container_cpu_usage_seconds_total,0.0
1744886090,kashef-k8s-w1.media-frontend-6b66b95ff4-xrdq6,container_cpu_usage_seconds_total,0.041
1744886090,kashef-k8s-w1.user-service-547b88cd8f-mbl6h,container_cpu_usage_seconds_total,0.0
1744886090,kashef-k8s-ctl.media-memcached-7889bdfdfb-2thqn,container_cpu_usage_seconds_total,0.0
1744886090,kashef-k8s-w1.user-timeline-service-664c7f6696-fvhv9,container_cpu_usage_seconds_total,0.0
1744886090,kashef-k8s-ctl.jaeger-67997f9775-tjgc8,container_cpu_usage_seconds_total,0.0
1744886090,kashef-k8s-ctl.user-timeline-redis-67cc95bc57-klp4b,container_cpu_usage_seconds_total,0.003
1744886090,kashef-k8s-ctl.social-graph-service-677dbc655c-2tqbt,container_cpu_usage_seconds_total,0.0
1744886090,kashef-k8s-ctl.home-timeline-redis-6c6647df6f-5vgsk,container_cpu_usage_seconds_total,0.002
1744886090,kashef-k8s-w1.url-shorten-service-66949ddcc4-xlfmt,container_cpu_usage_seconds_total,0.0
1744886090,kashef-k8s-w1.post-storage-service-66c9966f5f-nllkd,container_cpu_usage_seconds_total,0.0
1744886090,kashef-k8s-ctl.url-shorten-memcached-6546746864-pg8xh,container_cpu_usage_seconds_total,0.0
1744886090,kashef-k8s-w1.user-mention-service-5c4f566c5-w4xpc,container_cpu_usage_seconds_total,0.0
1744886090,kashef-k8s-ctl.post-storage-memcached-6b75788fc6-gnd8c,container_cpu_usage_seconds_total,0.0
1744886090,kashef-k8s-ctl.unique-id-service-694497b678-bzxbf,container_cpu_usage_seconds_total,0.0
1744886090,kashef-k8s-w1.text-service-fff64b8bf-v9dsr,container_cpu_usage_seconds_total,0.0
1744886090,kashef-k8s-w1.social-graph-mongodb-55df767ff5-c86pb,container_cpu_usage_seconds_total,0.005
1744886096,kashef-k8s-ctl.jaeger-67997f9775-tjgc8,container_cpu_usage_seconds_total,0.0
1744886096,kashef-k8s-ctl.url-shorten-mongodb-57c886d5f8-2m8fs,container_cpu_usage_seconds_total,0.007
1744886096,kashef-k8s-ctl.post-storage-mongodb-5579669d8c-ckzsx,container_cpu_usage_seconds_total,0.017
1744886096,kashef-k8s-ctl.social-graph-service-677dbc655c-2tqbt,container_cpu_usage_seconds_total,0.0
1744886096,kashef-k8s-ctl.user-mongodb-7745bbd78-xrw2n,container_cpu_usage_seconds_total,0.006
1744886096,kashef-k8s-w1.user-memcached-59687c864d-d5rb5,container_cpu_usage_seconds_total,0.0
1744886096,kashef-k8s-w1.media-frontend-6b66b95ff4-xrdq6,container_cpu_usage_seconds_total,0.043
1744886096,kashef-k8s-w1.social-graph-redis-5bbd5b7458-tqz7l,container_cpu_usage_seconds_total,0.002
1744886096,kashef-k8s-ctl.user-timeline-mongodb-6758898d48-gggfw,container_cpu_usage_seconds_total,0.006
1744886096,kashef-k8s-w1.user-timeline-service-664c7f6696-fvhv9,container_cpu_usage_seconds_total,0.0
1744886096,kashef-k8s-w1.media-service-6c665c775d-s7hl8,container_cpu_usage_seconds_total,0.0
1744886096,kashef-k8s-w1.user-service-547b88cd8f-mbl6h,container_cpu_usage_seconds_total,0.0
1744886096,kashef-k8s-ctl.media-memcached-7889bdfdfb-2thqn,container_cpu_usage_seconds_total,0.0
1744886096,kashef-k8s-w1.nginx-thrift-79478f9bf5-h66tn,container_cpu_usage_seconds_total,0.003
1744886096,kashef-k8s-w1.home-timeline-service-5754ffbc6d-zp4pr,container_cpu_usage_seconds_total,0.0
1744886096,kashef-k8s-ctl.media-mongodb-7b64c59567-6ntnm,container_cpu_usage_seconds_total,0.017
1744886096,kashef-k8s-w1.post-storage-service-66c9966f5f-nllkd,container_cpu_usage_seconds_total,0.0
1744886096,kashef-k8s-ctl.user-timeline-redis-67cc95bc57-klp4b,container_cpu_usage_seconds_total,0.003
1744886096,kashef-k8s-ctl.unique-id-service-694497b678-bzxbf,container_cpu_usage_seconds_total,0.0
1744886096,kashef-k8s-w1.compose-post-service-f587bf89d-l5zcs,container_cpu_usage_seconds_total,0.0
1744886096,kashef-k8s-w1.social-graph-mongodb-55df767ff5-c86pb,container_cpu_usage_seconds_total,0.005
1744886096,kashef-k8s-w1.url-shorten-service-66949ddcc4-xlfmt,container_cpu_usage_seconds_total,0.0
1744886096,kashef-k8s-w1.text-service-fff64b8bf-v9dsr,container_cpu_usage_seconds_total,0.0
1744886096,kashef-k8s-ctl.home-timeline-redis-6c6647df6f-5vgsk,container_cpu_usage_seconds_total,0.002
1744886096,kashef-k8s-ctl.url-shorten-memcached-6546746864-pg8xh,container_cpu_usage_seconds_total,0.0
1744886096,kashef-k8s-ctl.post-storage-memcached-6b75788fc6-gnd8c,container_cpu_usage_seconds_total,0.0
1744886096,kashef-k8s-w1.user-mention-service-5c4f566c5-w4xpc,container_cpu_usage_seconds_total,0.0
1744886102,kashef-k8s-w1.nginx-thrift-79478f9bf5-h66tn,container_cpu_usage_seconds_total,0.004
1744886102,kashef-k8s-w1.compose-post-service-f587bf89d-l5zcs,container_cpu_usage_seconds_total,0.0
1744886102,kashef-k8s-w1.url-shorten-service-66949ddcc4-xlfmt,container_cpu_usage_seconds_total,0.0
1744886102,kashef-k8s-ctl.url-shorten-mongodb-57c886d5f8-2m8fs,container_cpu_usage_seconds_total,0.006
1744886102,kashef-k8s-w1.home-timeline-service-5754ffbc6d-zp4pr,container_cpu_usage_seconds_total,0.0
1744886102,kashef-k8s-ctl.home-timeline-redis-6c6647df6f-5vgsk,container_cpu_usage_seconds_total,0.002
1744886102,kashef-k8s-w1.user-memcached-59687c864d-d5rb5,container_cpu_usage_seconds_total,0.0
1744886102,kashef-k8s-w1.text-service-fff64b8bf-v9dsr,container_cpu_usage_seconds_total,0.0
1744886102,kashef-k8s-ctl.media-mongodb-7b64c59567-6ntnm,container_cpu_usage_seconds_total,0.018
1744886102,kashef-k8s-ctl.post-storage-memcached-6b75788fc6-gnd8c,container_cpu_usage_seconds_total,0.0
1744886102,kashef-k8s-w1.user-mention-service-5c4f566c5-w4xpc,container_cpu_usage_seconds_total,0.0
1744886102,kashef-k8s-ctl.url-shorten-memcached-6546746864-pg8xh,container_cpu_usage_seconds_total,0.0
1744886102,kashef-k8s-w1.social-graph-redis-5bbd5b7458-tqz7l,container_cpu_usage_seconds_total,0.002
1744886102,kashef-k8s-w1.social-graph-mongodb-55df767ff5-c86pb,container_cpu_usage_seconds_total,0.005
1744886102,kashef-k8s-w1.post-storage-service-66c9966f5f-nllkd,container_cpu_usage_seconds_total,0.0
1744886102,kashef-k8s-ctl.unique-id-service-694497b678-bzxbf,container_cpu_usage_seconds_total,0.0
1744886102,kashef-k8s-w1.user-timeline-service-664c7f6696-fvhv9,container_cpu_usage_seconds_total,0.0
1744886102,kashef-k8s-w1.user-service-547b88cd8f-mbl6h,container_cpu_usage_seconds_total,0.0
1744886102,kashef-k8s-ctl.media-memcached-7889bdfdfb-2thqn,container_cpu_usage_seconds_total,0.0
1744886102,kashef-k8s-ctl.jaeger-67997f9775-tjgc8,container_cpu_usage_seconds_total,0.0
1744886102,kashef-k8s-ctl.post-storage-mongodb-5579669d8c-ckzsx,container_cpu_usage_seconds_total,0.018
1744886102,kashef-k8s-w1.media-service-6c665c775d-s7hl8,container_cpu_usage_seconds_total,0.0
1744886102,kashef-k8s-ctl.social-graph-service-677dbc655c-2tqbt,container_cpu_usage_seconds_total,0.0
1744886102,kashef-k8s-ctl.user-mongodb-7745bbd78-xrw2n,container_cpu_usage_seconds_total,0.006
1744886102,kashef-k8s-w1.media-frontend-6b66b95ff4-xrdq6,container_cpu_usage_seconds_total,0.046
1744886102,kashef-k8s-ctl.user-timeline-redis-67cc95bc57-klp4b,container_cpu_usage_seconds_total,0.003
1744886102,kashef-k8s-ctl.user-timeline-mongodb-6758898d48-gggfw,container_cpu_usage_seconds_total,0.006
1744886108,kashef-k8s-w1.home-timeline-service-5754ffbc6d-zp4pr,container_cpu_usage_seconds_total,0.0
1744886108,kashef-k8s-ctl.social-graph-service-677dbc655c-2tqbt,container_cpu_usage_seconds_total,0.0
1744886108,kashef-k8s-w1.media-service-6c665c775d-s7hl8,container_cpu_usage_seconds_total,0.0
1744886108,kashef-k8s-w1.text-service-fff64b8bf-v9dsr,container_cpu_usage_seconds_total,0.0
1744886108,kashef-k8s-w1.url-shorten-service-66949ddcc4-xlfmt,container_cpu_usage_seconds_total,0.0
1744886108,kashef-k8s-w1.media-frontend-6b66b95ff4-xrdq6,container_cpu_usage_seconds_total,0.048
1744886108,kashef-k8s-ctl.url-shorten-memcached-6546746864-pg8xh,container_cpu_usage_seconds_total,0.0
1744886108,kashef-k8s-w1.user-mention-service-5c4f566c5-w4xpc,container_cpu_usage_seconds_total,0.0
1744886108,kashef-k8s-ctl.media-mongodb-7b64c59567-6ntnm,container_cpu_usage_seconds_total,0.018
1744886108,kashef-k8s-ctl.unique-id-service-694497b678-bzxbf,container_cpu_usage_seconds_total,0.0
1744886108,kashef-k8s-ctl.home-timeline-redis-6c6647df6f-5vgsk,container_cpu_usage_seconds_total,0.002
1744886108,kashef-k8s-ctl.post-storage-memcached-6b75788fc6-gnd8c,container_cpu_usage_seconds_total,0.0
1744886108,kashef-k8s-w1.post-storage-service-66c9966f5f-nllkd,container_cpu_usage_seconds_total,0.0
1744886108,kashef-k8s-w1.social-graph-mongodb-55df767ff5-c86pb,container_cpu_usage_seconds_total,0.007
1744886108,kashef-k8s-ctl.url-shorten-mongodb-57c886d5f8-2m8fs,container_cpu_usage_seconds_total,0.006
1744886108,kashef-k8s-w1.nginx-thrift-79478f9bf5-h66tn,container_cpu_usage_seconds_total,0.004
1744886108,kashef-k8s-ctl.media-memcached-7889bdfdfb-2thqn,container_cpu_usage_seconds_total,0.0
1744886108,kashef-k8s-w1.user-service-547b88cd8f-mbl6h,container_cpu_usage_seconds_total,0.0
1744886108,kashef-k8s-ctl.user-timeline-redis-67cc95bc57-klp4b,container_cpu_usage_seconds_total,0.003
1744886108,kashef-k8s-ctl.user-timeline-mongodb-6758898d48-gggfw,container_cpu_usage_seconds_total,0.006
1744886108,kashef-k8s-w1.social-graph-redis-5bbd5b7458-tqz7l,container_cpu_usage_seconds_total,0.002
1744886108,kashef-k8s-ctl.post-storage-mongodb-5579669d8c-ckzsx,container_cpu_usage_seconds_total,0.005
1744886108,kashef-k8s-ctl.jaeger-67997f9775-tjgc8,container_cpu_usage_seconds_total,0.0
1744886108,kashef-k8s-w1.user-timeline-service-664c7f6696-fvhv9,container_cpu_usage_seconds_total,0.0
1744886108,kashef-k8s-ctl.user-mongodb-7745bbd78-xrw2n,container_cpu_usage_seconds_total,0.005
1744886108,kashef-k8s-w1.compose-post-service-f587bf89d-l5zcs,container_cpu_usage_seconds_total,0.0
1744886108,kashef-k8s-w1.user-memcached-59687c864d-d5rb5,container_cpu_usage_seconds_total,0.0
1744886114,kashef-k8s-w1.media-service-6c665c775d-s7hl8,container_cpu_usage_seconds_total,0.0
1744886114,kashef-k8s-ctl.post-storage-mongodb-5579669d8c-ckzsx,container_cpu_usage_seconds_total,0.005
1744886114,kashef-k8s-ctl.media-memcached-7889bdfdfb-2thqn,container_cpu_usage_seconds_total,0.0
1744886114,kashef-k8s-w1.home-timeline-service-5754ffbc6d-zp4pr,container_cpu_usage_seconds_total,0.0
1744886114,kashef-k8s-w1.url-shorten-service-66949ddcc4-xlfmt,container_cpu_usage_seconds_total,0.0
1744886114,kashef-k8s-ctl.social-graph-service-677dbc655c-2tqbt,container_cpu_usage_seconds_total,0.0
1744886114,kashef-k8s-ctl.unique-id-service-694497b678-bzxbf,container_cpu_usage_seconds_total,0.0
1744886114,kashef-k8s-w1.text-service-fff64b8bf-v9dsr,container_cpu_usage_seconds_total,0.0
1744886114,kashef-k8s-ctl.media-mongodb-7b64c59567-6ntnm,container_cpu_usage_seconds_total,0.005
1744886114,kashef-k8s-ctl.jaeger-67997f9775-tjgc8,container_cpu_usage_seconds_total,0.0
1744886114,kashef-k8s-w1.user-timeline-service-664c7f6696-fvhv9,container_cpu_usage_seconds_total,0.0
1744886114,kashef-k8s-ctl.post-storage-memcached-6b75788fc6-gnd8c,container_cpu_usage_seconds_total,0.0
1744886114,kashef-k8s-w1.social-graph-redis-5bbd5b7458-tqz7l,container_cpu_usage_seconds_total,0.002
1744886114,kashef-k8s-w1.social-graph-mongodb-55df767ff5-c86pb,container_cpu_usage_seconds_total,0.007
1744886114,kashef-k8s-w1.user-mention-service-5c4f566c5-w4xpc,container_cpu_usage_seconds_total,0.0
1744886114,kashef-k8s-w1.post-storage-service-66c9966f5f-nllkd,container_cpu_usage_seconds_total,0.0
1744886114,kashef-k8s-ctl.home-timeline-redis-6c6647df6f-5vgsk,container_cpu_usage_seconds_total,0.002
1744886114,kashef-k8s-ctl.user-timeline-redis-67cc95bc57-klp4b,container_cpu_usage_seconds_total,0.002
1744886114,kashef-k8s-w1.media-frontend-6b66b95ff4-xrdq6,container_cpu_usage_seconds_total,0.051
1744886114,kashef-k8s-w1.user-service-547b88cd8f-mbl6h,container_cpu_usage_seconds_total,0.0
1744886114,kashef-k8s-ctl.url-shorten-memcached-6546746864-pg8xh,container_cpu_usage_seconds_total,0.0
1744886114,kashef-k8s-ctl.user-timeline-mongodb-6758898d48-gggfw,container_cpu_usage_seconds_total,0.005
1744886114,kashef-k8s-w1.compose-post-service-f587bf89d-l5zcs,container_cpu_usage_seconds_total,0.0
1744886114,kashef-k8s-w1.user-memcached-59687c864d-d5rb5,container_cpu_usage_seconds_total,0.0
1744886114,kashef-k8s-ctl.user-mongodb-7745bbd78-xrw2n,container_cpu_usage_seconds_total,0.004
1744886114,kashef-k8s-ctl.url-shorten-mongodb-57c886d5f8-2m8fs,container_cpu_usage_seconds_total,0.007
1744886114,kashef-k8s-w1.nginx-thrift-79478f9bf5-h66tn,container_cpu_usage_seconds_total,0.004
1744886120,kashef-k8s-ctl.social-graph-service-677dbc655c-2tqbt,container_cpu_usage_seconds_total,0.0
1744886120,kashef-k8s-ctl.url-shorten-mongodb-57c886d5f8-2m8fs,container_cpu_usage_seconds_total,0.007
1744886120,kashef-k8s-w1.user-memcached-59687c864d-d5rb5,container_cpu_usage_seconds_total,0.0
1744886120,kashef-k8s-w1.nginx-thrift-79478f9bf5-h66tn,container_cpu_usage_seconds_total,0.003
1744886120,kashef-k8s-w1.media-service-6c665c775d-s7hl8,container_cpu_usage_seconds_total,0.0
1744886120,kashef-k8s-ctl.user-timeline-mongodb-6758898d48-gggfw,container_cpu_usage_seconds_total,0.006
1744886120,kashef-k8s-w1.social-graph-redis-5bbd5b7458-tqz7l,container_cpu_usage_seconds_total,0.002
1744886120,kashef-k8s-w1.compose-post-service-f587bf89d-l5zcs,container_cpu_usage_seconds_total,0.0
1744886120,kashef-k8s-ctl.url-shorten-memcached-6546746864-pg8xh,container_cpu_usage_seconds_total,0.0
1744886120,kashef-k8s-ctl.home-timeline-redis-6c6647df6f-5vgsk,container_cpu_usage_seconds_total,0.002
1744886120,kashef-k8s-w1.social-graph-mongodb-55df767ff5-c86pb,container_cpu_usage_seconds_total,0.006
1744886120,kashef-k8s-ctl.post-storage-memcached-6b75788fc6-gnd8c,container_cpu_usage_seconds_total,0.0
1744886120,kashef-k8s-w1.media-frontend-6b66b95ff4-xrdq6,container_cpu_usage_seconds_total,0.052
1744886120,kashef-k8s-w1.user-mention-service-5c4f566c5-w4xpc,container_cpu_usage_seconds_total,0.0
1744886120,kashef-k8s-ctl.user-timeline-redis-67cc95bc57-klp4b,container_cpu_usage_seconds_total,0.002
1744886120,kashef-k8s-w1.user-service-547b88cd8f-mbl6h,container_cpu_usage_seconds_total,0.0
1744886120,kashef-k8s-w1.post-storage-service-66c9966f5f-nllkd,container_cpu_usage_seconds_total,0.0
1744886120,kashef-k8s-ctl.media-mongodb-7b64c59567-6ntnm,container_cpu_usage_seconds_total,0.006
1744886120,kashef-k8s-w1.url-shorten-service-66949ddcc4-xlfmt,container_cpu_usage_seconds_total,0.0
1744886120,kashef-k8s-w1.home-timeline-service-5754ffbc6d-zp4pr,container_cpu_usage_seconds_total,0.0
1744886120,kashef-k8s-w1.user-timeline-service-664c7f6696-fvhv9,container_cpu_usage_seconds_total,0.0
1744886120,kashef-k8s-ctl.unique-id-service-694497b678-bzxbf,container_cpu_usage_seconds_total,0.0
1744886120,kashef-k8s-ctl.media-memcached-7889bdfdfb-2thqn,container_cpu_usage_seconds_total,0.0
1744886120,kashef-k8s-ctl.post-storage-mongodb-5579669d8c-ckzsx,container_cpu_usage_seconds_total,0.007
1744886120,kashef-k8s-ctl.user-mongodb-7745bbd78-xrw2n,container_cpu_usage_seconds_total,0.006
1744886120,kashef-k8s-ctl.jaeger-67997f9775-tjgc8,container_cpu_usage_seconds_total,0.0
1744886120,kashef-k8s-w1.text-service-fff64b8bf-v9dsr,container_cpu_usage_seconds_total,0.0
1744886126,kashef-k8s-ctl.url-shorten-memcached-6546746864-pg8xh,container_cpu_usage_seconds_total,0.0
1744886126,kashef-k8s-w1.user-memcached-59687c864d-d5rb5,container_cpu_usage_seconds_total,0.0
1744886126,kashef-k8s-ctl.social-graph-service-677dbc655c-2tqbt,container_cpu_usage_seconds_total,0.0
1744886126,kashef-k8s-w1.compose-post-service-f587bf89d-l5zcs,container_cpu_usage_seconds_total,0.0
1744886126,kashef-k8s-w1.social-graph-redis-5bbd5b7458-tqz7l,container_cpu_usage_seconds_total,0.002
1744886126,kashef-k8s-ctl.unique-id-service-694497b678-bzxbf,container_cpu_usage_seconds_total,0.0
1744886126,kashef-k8s-ctl.post-storage-memcached-6b75788fc6-gnd8c,container_cpu_usage_seconds_total,0.0
1744886126,kashef-k8s-w1.post-storage-service-66c9966f5f-nllkd,container_cpu_usage_seconds_total,0.0
1744886126,kashef-k8s-w1.social-graph-mongodb-55df767ff5-c86pb,container_cpu_usage_seconds_total,0.007
1744886126,kashef-k8s-ctl.user-timeline-redis-67cc95bc57-klp4b,container_cpu_usage_seconds_total,0.002
1744886126,kashef-k8s-ctl.user-timeline-mongodb-6758898d48-gggfw,container_cpu_usage_seconds_total,0.006
1744886126,kashef-k8s-w1.media-frontend-6b66b95ff4-xrdq6,container_cpu_usage_seconds_total,0.067
1744886126,kashef-k8s-w1.user-mention-service-5c4f566c5-w4xpc,container_cpu_usage_seconds_total,0.0
1744886126,kashef-k8s-w1.nginx-thrift-79478f9bf5-h66tn,container_cpu_usage_seconds_total,0.003
1744886126,kashef-k8s-w1.media-service-6c665c775d-s7hl8,container_cpu_usage_seconds_total,0.0
1744886126,kashef-k8s-w1.user-timeline-service-664c7f6696-fvhv9,container_cpu_usage_seconds_total,0.0
1744886126,kashef-k8s-w1.text-service-fff64b8bf-v9dsr,container_cpu_usage_seconds_total,0.0
1744886126,kashef-k8s-ctl.url-shorten-mongodb-57c886d5f8-2m8fs,container_cpu_usage_seconds_total,0.007
1744886126,kashef-k8s-ctl.media-memcached-7889bdfdfb-2thqn,container_cpu_usage_seconds_total,0.0
1744886126,kashef-k8s-ctl.jaeger-67997f9775-tjgc8,container_cpu_usage_seconds_total,0.0
1744886126,kashef-k8s-w1.user-service-547b88cd8f-mbl6h,container_cpu_usage_seconds_total,0.0
1744886126,kashef-k8s-w1.url-shorten-service-66949ddcc4-xlfmt,container_cpu_usage_seconds_total,0.0
1744886126,kashef-k8s-w1.home-timeline-service-5754ffbc6d-zp4pr,container_cpu_usage_seconds_total,0.0
1744886126,kashef-k8s-ctl.media-mongodb-7b64c59567-6ntnm,container_cpu_usage_seconds_total,0.006
1744886126,kashef-k8s-ctl.user-mongodb-7745bbd78-xrw2n,container_cpu_usage_seconds_total,0.006
1744886126,kashef-k8s-ctl.post-storage-mongodb-5579669d8c-ckzsx,container_cpu_usage_seconds_total,0.007
1744886126,kashef-k8s-ctl.home-timeline-redis-6c6647df6f-5vgsk,container_cpu_usage_seconds_total,0.002
1744886132,kashef-k8s-ctl.user-mongodb-7745bbd78-xrw2n,container_cpu_usage_seconds_total,0.006
1744886132,kashef-k8s-ctl.url-shorten-mongodb-57c886d5f8-2m8fs,container_cpu_usage_seconds_total,0.007
1744886132,kashef-k8s-w1.home-timeline-service-5754ffbc6d-zp4pr,container_cpu_usage_seconds_total,0.0
1744886132,kashef-k8s-w1.media-service-6c665c775d-s7hl8,container_cpu_usage_seconds_total,0.0
1744886132,kashef-k8s-w1.url-shorten-service-66949ddcc4-xlfmt,container_cpu_usage_seconds_total,0.0
1744886132,kashef-k8s-ctl.unique-id-service-694497b678-bzxbf,container_cpu_usage_seconds_total,0.0
1744886132,kashef-k8s-w1.text-service-fff64b8bf-v9dsr,container_cpu_usage_seconds_total,0.0
1744886132,kashef-k8s-w1.social-graph-mongodb-55df767ff5-c86pb,container_cpu_usage_seconds_total,0.007
1744886132,kashef-k8s-w1.post-storage-service-66c9966f5f-nllkd,container_cpu_usage_seconds_total,0.0
1744886132,kashef-k8s-w1.user-mention-service-5c4f566c5-w4xpc,container_cpu_usage_seconds_total,0.0
1744886132,kashef-k8s-w1.media-frontend-6b66b95ff4-xrdq6,container_cpu_usage_seconds_total,0.071
1744886132,kashef-k8s-w1.user-timeline-service-664c7f6696-fvhv9,container_cpu_usage_seconds_total,0.0
1744886132,kashef-k8s-ctl.post-storage-mongodb-5579669d8c-ckzsx,container_cpu_usage_seconds_total,0.007
1744886132,kashef-k8s-w1.user-service-547b88cd8f-mbl6h,container_cpu_usage_seconds_total,0.0
1744886132,kashef-k8s-w1.social-graph-redis-5bbd5b7458-tqz7l,container_cpu_usage_seconds_total,0.002
1744886132,kashef-k8s-ctl.media-memcached-7889bdfdfb-2thqn,container_cpu_usage_seconds_total,0.0
1744886132,kashef-k8s-ctl.social-graph-service-677dbc655c-2tqbt,container_cpu_usage_seconds_total,0.0
1744886132,kashef-k8s-ctl.home-timeline-redis-6c6647df6f-5vgsk,container_cpu_usage_seconds_total,0.002
1744886132,kashef-k8s-ctl.url-shorten-memcached-6546746864-pg8xh,container_cpu_usage_seconds_total,0.0
1744886132,kashef-k8s-ctl.user-timeline-redis-67cc95bc57-klp4b,container_cpu_usage_seconds_total,0.002
1744886132,kashef-k8s-ctl.post-storage-memcached-6b75788fc6-gnd8c,container_cpu_usage_seconds_total,0.0
1744886132,kashef-k8s-ctl.jaeger-67997f9775-tjgc8,container_cpu_usage_seconds_total,0.0
1744886132,kashef-k8s-ctl.user-timeline-mongodb-6758898d48-gggfw,container_cpu_usage_seconds_total,0.006
1744886132,kashef-k8s-ctl.media-mongodb-7b64c59567-6ntnm,container_cpu_usage_seconds_total,0.006
1744886132,kashef-k8s-w1.user-memcached-59687c864d-d5rb5,container_cpu_usage_seconds_total,0.0
1744886132,kashef-k8s-w1.nginx-thrift-79478f9bf5-h66tn,container_cpu_usage_seconds_total,0.0
1744886132,kashef-k8s-w1.compose-post-service-f587bf89d-l5zcs,container_cpu_usage_seconds_total,0.0
1744886138,kashef-k8s-w1.home-timeline-service-5754ffbc6d-zp4pr,container_cpu_usage_seconds_total,0.0
1744886138,kashef-k8s-ctl.url-shorten-mongodb-57c886d5f8-2m8fs,container_cpu_usage_seconds_total,0.007
1744886138,kashef-k8s-ctl.user-timeline-mongodb-6758898d48-gggfw,container_cpu_usage_seconds_total,0.006
1744886138,kashef-k8s-w1.media-frontend-6b66b95ff4-xrdq6,container_cpu_usage_seconds_total,0.072
1744886138,kashef-k8s-ctl.jaeger-67997f9775-tjgc8,container_cpu_usage_seconds_total,0.0
1744886138,kashef-k8s-w1.social-graph-mongodb-55df767ff5-c86pb,container_cpu_usage_seconds_total,0.007
1744886138,kashef-k8s-w1.url-shorten-service-66949ddcc4-xlfmt,container_cpu_usage_seconds_total,0.0
1744886138,kashef-k8s-w1.user-timeline-service-664c7f6696-fvhv9,container_cpu_usage_seconds_total,0.0
1744886138,kashef-k8s-w1.user-mention-service-5c4f566c5-w4xpc,container_cpu_usage_seconds_total,0.0
1744886138,kashef-k8s-w1.post-storage-service-66c9966f5f-nllkd,container_cpu_usage_seconds_total,0.0
1744886138,kashef-k8s-w1.text-service-fff64b8bf-v9dsr,container_cpu_usage_seconds_total,0.0
1744886138,kashef-k8s-ctl.unique-id-service-694497b678-bzxbf,container_cpu_usage_seconds_total,0.0
1744886138,kashef-k8s-ctl.post-storage-memcached-6b75788fc6-gnd8c,container_cpu_usage_seconds_total,0.0
1744886138,kashef-k8s-ctl.user-timeline-redis-67cc95bc57-klp4b,container_cpu_usage_seconds_total,0.002
1744886138,kashef-k8s-ctl.post-storage-mongodb-5579669d8c-ckzsx,container_cpu_usage_seconds_total,0.007
1744886138,kashef-k8s-w1.user-service-547b88cd8f-mbl6h,container_cpu_usage_seconds_total,0.0
1744886138,kashef-k8s-w1.media-service-6c665c775d-s7hl8,container_cpu_usage_seconds_total,0.0
1744886138,kashef-k8s-w1.social-graph-redis-5bbd5b7458-tqz7l,container_cpu_usage_seconds_total,0.002
1744886138,kashef-k8s-ctl.social-graph-service-677dbc655c-2tqbt,container_cpu_usage_seconds_total,0.0
1744886138,kashef-k8s-ctl.media-memcached-7889bdfdfb-2thqn,container_cpu_usage_seconds_total,0.0
1744886138,kashef-k8s-ctl.home-timeline-redis-6c6647df6f-5vgsk,container_cpu_usage_seconds_total,0.002
1744886138,kashef-k8s-ctl.user-mongodb-7745bbd78-xrw2n,container_cpu_usage_seconds_total,0.006
1744886138,kashef-k8s-w1.user-memcached-59687c864d-d5rb5,container_cpu_usage_seconds_total,0.0
1744886138,kashef-k8s-w1.nginx-thrift-79478f9bf5-h66tn,container_cpu_usage_seconds_total,0.0
1744886138,kashef-k8s-ctl.media-mongodb-7b64c59567-6ntnm,container_cpu_usage_seconds_total,0.006
1744886138,kashef-k8s-ctl.url-shorten-memcached-6546746864-pg8xh,container_cpu_usage_seconds_total,0.0
1744886138,kashef-k8s-w1.compose-post-service-f587bf89d-l5zcs,container_cpu_usage_seconds_total,0.0
1744886144,kashef-k8s-ctl.jaeger-67997f9775-tjgc8,container_cpu_usage_seconds_total,0.0
1744886144,kashef-k8s-w1.media-service-6c665c775d-s7hl8,container_cpu_usage_seconds_total,0.0
1744886144,kashef-k8s-w1.url-shorten-service-66949ddcc4-xlfmt,container_cpu_usage_seconds_total,0.0
1744886144,kashef-k8s-w1.user-timeline-service-664c7f6696-fvhv9,container_cpu_usage_seconds_total,0.0
1744886144,kashef-k8s-w1.home-timeline-service-5754ffbc6d-zp4pr,container_cpu_usage_seconds_total,0.0
1744886144,kashef-k8s-ctl.unique-id-service-694497b678-bzxbf,container_cpu_usage_seconds_total,0.0
1744886144,kashef-k8s-w1.social-graph-mongodb-55df767ff5-c86pb,container_cpu_usage_seconds_total,0.007
1744886144,kashef-k8s-w1.post-storage-service-66c9966f5f-nllkd,container_cpu_usage_seconds_total,0.0
1744886144,kashef-k8s-ctl.media-mongodb-7b64c59567-6ntnm,container_cpu_usage_seconds_total,0.006
1744886144,kashef-k8s-w1.media-frontend-6b66b95ff4-xrdq6,container_cpu_usage_seconds_total,0.072
1744886144,kashef-k8s-w1.user-mention-service-5c4f566c5-w4xpc,container_cpu_usage_seconds_total,0.0
1744886144,kashef-k8s-ctl.post-storage-memcached-6b75788fc6-gnd8c,container_cpu_usage_seconds_total,0.0
1744886144,kashef-k8s-ctl.user-timeline-redis-67cc95bc57-klp4b,container_cpu_usage_seconds_total,0.002
1744886144,kashef-k8s-w1.user-service-547b88cd8f-mbl6h,container_cpu_usage_seconds_total,0.0
1744886144,kashef-k8s-ctl.user-timeline-mongodb-6758898d48-gggfw,container_cpu_usage_seconds_total,0.006
1744886144,kashef-k8s-ctl.url-shorten-mongodb-57c886d5f8-2m8fs,container_cpu_usage_seconds_total,0.005
1744886144,kashef-k8s-ctl.social-graph-service-677dbc655c-2tqbt,container_cpu_usage_seconds_total,0.0
1744886144,kashef-k8s-ctl.url-shorten-memcached-6546746864-pg8xh,container_cpu_usage_seconds_total,0.0
1744886144,kashef-k8s-ctl.home-timeline-redis-6c6647df6f-5vgsk,container_cpu_usage_seconds_total,0.002
1744886144,kashef-k8s-w1.text-service-fff64b8bf-v9dsr,container_cpu_usage_seconds_total,0.0
1744886144,kashef-k8s-ctl.post-storage-mongodb-5579669d8c-ckzsx,container_cpu_usage_seconds_total,0.007
1744886144,kashef-k8s-w1.nginx-thrift-79478f9bf5-h66tn,container_cpu_usage_seconds_total,0.0
1744886144,kashef-k8s-w1.compose-post-service-f587bf89d-l5zcs,container_cpu_usage_seconds_total,0.0
1744886144,kashef-k8s-w1.social-graph-redis-5bbd5b7458-tqz7l,container_cpu_usage_seconds_total,0.002
1744886144,kashef-k8s-ctl.media-memcached-7889bdfdfb-2thqn,container_cpu_usage_seconds_total,0.0
1744886144,kashef-k8s-w1.user-memcached-59687c864d-d5rb5,container_cpu_usage_seconds_total,0.0
1744886144,kashef-k8s-ctl.user-mongodb-7745bbd78-xrw2n,container_cpu_usage_seconds_total,0.006
1744886150,kashef-k8s-w1.user-memcached-59687c864d-d5rb5,container_cpu_usage_seconds_total,0.0
1744886150,kashef-k8s-ctl.user-mongodb-7745bbd78-xrw2n,container_cpu_usage_seconds_total,0.006
1744886150,kashef-k8s-ctl.jaeger-67997f9775-tjgc8,container_cpu_usage_seconds_total,0.0
1744886150,kashef-k8s-ctl.social-graph-service-677dbc655c-2tqbt,container_cpu_usage_seconds_total,0.0
1744886150,kashef-k8s-w1.compose-post-service-f587bf89d-l5zcs,container_cpu_usage_seconds_total,0.0
1744886150,kashef-k8s-w1.media-service-6c665c775d-s7hl8,container_cpu_usage_seconds_total,0.0
1744886150,kashef-k8s-w1.social-graph-redis-5bbd5b7458-tqz7l,container_cpu_usage_seconds_total,0.002
1744886150,kashef-k8s-w1.post-storage-service-66c9966f5f-nllkd,container_cpu_usage_seconds_total,0.0
1744886150,kashef-k8s-ctl.post-storage-mongodb-5579669d8c-ckzsx,container_cpu_usage_seconds_total,0.006
1744886150,kashef-k8s-ctl.home-timeline-redis-6c6647df6f-5vgsk,container_cpu_usage_seconds_total,0.002
1744886150,kashef-k8s-w1.text-service-fff64b8bf-v9dsr,container_cpu_usage_seconds_total,0.0
1744886150,kashef-k8s-ctl.unique-id-service-694497b678-bzxbf,container_cpu_usage_seconds_total,0.0
1744886150,kashef-k8s-ctl.url-shorten-memcached-6546746864-pg8xh,container_cpu_usage_seconds_total,0.0
1744886150,kashef-k8s-w1.social-graph-mongodb-55df767ff5-c86pb,container_cpu_usage_seconds_total,0.007
1744886150,kashef-k8s-w1.nginx-thrift-79478f9bf5-h66tn,container_cpu_usage_seconds_total,0.0
1744886150,kashef-k8s-ctl.media-memcached-7889bdfdfb-2thqn,container_cpu_usage_seconds_total,0.0
1744886150,kashef-k8s-w1.url-shorten-service-66949ddcc4-xlfmt,container_cpu_usage_seconds_total,0.0
1744886150,kashef-k8s-ctl.user-timeline-mongodb-6758898d48-gggfw,container_cpu_usage_seconds_total,0.007
1744886150,kashef-k8s-w1.user-timeline-service-664c7f6696-fvhv9,container_cpu_usage_seconds_total,0.0
1744886150,kashef-k8s-w1.user-service-547b88cd8f-mbl6h,container_cpu_usage_seconds_total,0.0
1744886150,kashef-k8s-ctl.post-storage-memcached-6b75788fc6-gnd8c,container_cpu_usage_seconds_total,0.0
1744886150,kashef-k8s-w1.media-frontend-6b66b95ff4-xrdq6,container_cpu_usage_seconds_total,0.072
1744886150,kashef-k8s-w1.home-timeline-service-5754ffbc6d-zp4pr,container_cpu_usage_seconds_total,0.0
1744886150,kashef-k8s-ctl.url-shorten-mongodb-57c886d5f8-2m8fs,container_cpu_usage_seconds_total,0.007
1744886150,kashef-k8s-ctl.user-timeline-redis-67cc95bc57-klp4b,container_cpu_usage_seconds_total,0.002
1744886150,kashef-k8s-w1.user-mention-service-5c4f566c5-w4xpc,container_cpu_usage_seconds_total,0.0
1744886150,kashef-k8s-ctl.media-mongodb-7b64c59567-6ntnm,container_cpu_usage_seconds_total,0.006
1744886156,kashef-k8s-w1.media-service-6c665c775d-s7hl8,container_cpu_usage_seconds_total,0.0
1744886156,kashef-k8s-ctl.jaeger-67997f9775-tjgc8,container_cpu_usage_seconds_total,0.001
1744886156,kashef-k8s-w1.post-storage-service-66c9966f5f-nllkd,container_cpu_usage_seconds_total,0.0
1744886156,kashef-k8s-w1.compose-post-service-f587bf89d-l5zcs,container_cpu_usage_seconds_total,0.0
1744886156,kashef-k8s-w1.social-graph-redis-5bbd5b7458-tqz7l,container_cpu_usage_seconds_total,0.002
1744886156,kashef-k8s-ctl.unique-id-service-694497b678-bzxbf,container_cpu_usage_seconds_total,0.0
1744886156,kashef-k8s-ctl.post-storage-mongodb-5579669d8c-ckzsx,container_cpu_usage_seconds_total,0.006
1744886156,kashef-k8s-w1.social-graph-mongodb-55df767ff5-c86pb,container_cpu_usage_seconds_total,0.006
1744886156,kashef-k8s-w1.nginx-thrift-79478f9bf5-h66tn,container_cpu_usage_seconds_total,0.0
1744886156,kashef-k8s-ctl.home-timeline-redis-6c6647df6f-5vgsk,container_cpu_usage_seconds_total,0.002
1744886156,kashef-k8s-ctl.media-memcached-7889bdfdfb-2thqn,container_cpu_usage_seconds_total,0.0
1744886156,kashef-k8s-ctl.url-shorten-memcached-6546746864-pg8xh,container_cpu_usage_seconds_total,0.0
1744886156,kashef-k8s-w1.user-memcached-59687c864d-d5rb5,container_cpu_usage_seconds_total,0.0
1744886156,kashef-k8s-ctl.social-graph-service-677dbc655c-2tqbt,container_cpu_usage_seconds_total,0.0
1744886156,kashef-k8s-w1.home-timeline-service-5754ffbc6d-zp4pr,container_cpu_usage_seconds_total,0.0
1744886156,kashef-k8s-w1.media-frontend-6b66b95ff4-xrdq6,container_cpu_usage_seconds_total,0.074
1744886156,kashef-k8s-w1.user-mention-service-5c4f566c5-w4xpc,container_cpu_usage_seconds_total,0.0
1744886156,kashef-k8s-w1.url-shorten-service-66949ddcc4-xlfmt,container_cpu_usage_seconds_total,0.0
1744886156,kashef-k8s-ctl.post-storage-memcached-6b75788fc6-gnd8c,container_cpu_usage_seconds_total,0.0
1744886156,kashef-k8s-ctl.media-mongodb-7b64c59567-6ntnm,container_cpu_usage_seconds_total,0.006
1744886156,kashef-k8s-ctl.user-timeline-redis-67cc95bc57-klp4b,container_cpu_usage_seconds_total,0.002
1744886156,kashef-k8s-w1.user-timeline-service-664c7f6696-fvhv9,container_cpu_usage_seconds_total,0.0
1744886156,kashef-k8s-w1.user-service-547b88cd8f-mbl6h,container_cpu_usage_seconds_total,0.0
1744886156,kashef-k8s-w1.text-service-fff64b8bf-v9dsr,container_cpu_usage_seconds_total,0.0
1744886156,kashef-k8s-ctl.url-shorten-mongodb-57c886d5f8-2m8fs,container_cpu_usage_seconds_total,0.007
1744886156,kashef-k8s-ctl.user-timeline-mongodb-6758898d48-gggfw,container_cpu_usage_seconds_total,0.007
1744886156,kashef-k8s-ctl.user-mongodb-7745bbd78-xrw2n,container_cpu_usage_seconds_total,0.006
1744886162,kashef-k8s-w1.user-service-547b88cd8f-mbl6h,container_cpu_usage_seconds_total,0.0
1744886162,kashef-k8s-ctl.url-shorten-mongodb-57c886d5f8-2m8fs,container_cpu_usage_seconds_total,0.007
1744886162,kashef-k8s-ctl.user-timeline-redis-67cc95bc57-klp4b,container_cpu_usage_seconds_total,0.002
1744886162,kashef-k8s-w1.text-service-fff64b8bf-v9dsr,container_cpu_usage_seconds_total,0.0
1744886162,kashef-k8s-ctl.user-timeline-mongodb-6758898d48-gggfw,container_cpu_usage_seconds_total,0.007
1744886162,kashef-k8s-ctl.post-storage-memcached-6b75788fc6-gnd8c,container_cpu_usage_seconds_total,0.0
1744886162,kashef-k8s-w1.url-shorten-service-66949ddcc4-xlfmt,container_cpu_usage_seconds_total,0.0
1744886162,kashef-k8s-w1.user-mention-service-5c4f566c5-w4xpc,container_cpu_usage_seconds_total,0.0
1744886162,kashef-k8s-ctl.home-timeline-redis-6c6647df6f-5vgsk,container_cpu_usage_seconds_total,0.002
1744886162,kashef-k8s-ctl.url-shorten-memcached-6546746864-pg8xh,container_cpu_usage_seconds_total,0.0
1744886162,kashef-k8s-ctl.unique-id-service-694497b678-bzxbf,container_cpu_usage_seconds_total,0.0
1744886162,kashef-k8s-w1.social-graph-mongodb-55df767ff5-c86pb,container_cpu_usage_seconds_total,0.006
1744886162,kashef-k8s-w1.post-storage-service-66c9966f5f-nllkd,container_cpu_usage_seconds_total,0.0
1744886162,kashef-k8s-ctl.post-storage-mongodb-5579669d8c-ckzsx,container_cpu_usage_seconds_total,0.006
1744886162,kashef-k8s-ctl.media-mongodb-7b64c59567-6ntnm,container_cpu_usage_seconds_total,0.006
1744886162,kashef-k8s-w1.media-service-6c665c775d-s7hl8,container_cpu_usage_seconds_total,0.0
1744886162,kashef-k8s-w1.user-memcached-59687c864d-d5rb5,container_cpu_usage_seconds_total,0.0
1744886162,kashef-k8s-ctl.media-memcached-7889bdfdfb-2thqn,container_cpu_usage_seconds_total,0.0
1744886162,kashef-k8s-ctl.user-mongodb-7745bbd78-xrw2n,container_cpu_usage_seconds_total,0.006
1744886162,kashef-k8s-w1.media-frontend-6b66b95ff4-xrdq6,container_cpu_usage_seconds_total,0.078
1744886162,kashef-k8s-ctl.social-graph-service-677dbc655c-2tqbt,container_cpu_usage_seconds_total,0.0
1744886162,kashef-k8s-ctl.jaeger-67997f9775-tjgc8,container_cpu_usage_seconds_total,0.001
1744886162,kashef-k8s-w1.home-timeline-service-5754ffbc6d-zp4pr,container_cpu_usage_seconds_total,0.0
1744886162,kashef-k8s-w1.user-timeline-service-664c7f6696-fvhv9,container_cpu_usage_seconds_total,0.0
1744886162,kashef-k8s-w1.nginx-thrift-79478f9bf5-h66tn,container_cpu_usage_seconds_total,0.0
1744886162,kashef-k8s-w1.compose-post-service-f587bf89d-l5zcs,container_cpu_usage_seconds_total,0.0
1744886162,kashef-k8s-w1.social-graph-redis-5bbd5b7458-tqz7l,container_cpu_usage_seconds_total,0.002
1744886168,kashef-k8s-w1.text-service-fff64b8bf-v9dsr,container_cpu_usage_seconds_total,0.0
1744886168,kashef-k8s-ctl.post-storage-memcached-6b75788fc6-gnd8c,container_cpu_usage_seconds_total,0.0
1744886168,kashef-k8s-ctl.jaeger-67997f9775-tjgc8,container_cpu_usage_seconds_total,0.0
1744886168,kashef-k8s-ctl.user-timeline-redis-67cc95bc57-klp4b,container_cpu_usage_seconds_total,0.002
1744886168,kashef-k8s-w1.home-timeline-service-5754ffbc6d-zp4pr,container_cpu_usage_seconds_total,0.0
1744886168,kashef-k8s-w1.social-graph-mongodb-55df767ff5-c86pb,container_cpu_usage_seconds_total,0.006
1744886168,kashef-k8s-ctl.media-memcached-7889bdfdfb-2thqn,container_cpu_usage_seconds_total,0.0
1744886168,kashef-k8s-ctl.unique-id-service-694497b678-bzxbf,container_cpu_usage_seconds_total,0.0
1744886168,kashef-k8s-ctl.home-timeline-redis-6c6647df6f-5vgsk,container_cpu_usage_seconds_total,0.002
1744886168,kashef-k8s-ctl.media-mongodb-7b64c59567-6ntnm,container_cpu_usage_seconds_total,0.005
1744886168,kashef-k8s-w1.user-mention-service-5c4f566c5-w4xpc,container_cpu_usage_seconds_total,0.0
1744886168,kashef-k8s-w1.post-storage-service-66c9966f5f-nllkd,container_cpu_usage_seconds_total,0.0
1744886168,kashef-k8s-ctl.post-storage-mongodb-5579669d8c-ckzsx,container_cpu_usage_seconds_total,0.006
1744886168,kashef-k8s-w1.user-timeline-service-664c7f6696-fvhv9,container_cpu_usage_seconds_total,0.0
1744886168,kashef-k8s-ctl.url-shorten-mongodb-57c886d5f8-2m8fs,container_cpu_usage_seconds_total,0.007
1744886168,kashef-k8s-w1.media-frontend-6b66b95ff4-xrdq6,container_cpu_usage_seconds_total,0.078
1744886168,kashef-k8s-w1.user-service-547b88cd8f-mbl6h,container_cpu_usage_seconds_total,0.0
1744886168,kashef-k8s-w1.nginx-thrift-79478f9bf5-h66tn,container_cpu_usage_seconds_total,0.0
1744886168,kashef-k8s-ctl.url-shorten-memcached-6546746864-pg8xh,container_cpu_usage_seconds_total,0.0
1744886168,kashef-k8s-w1.compose-post-service-f587bf89d-l5zcs,container_cpu_usage_seconds_total,0.0
1744886168,kashef-k8s-w1.media-service-6c665c775d-s7hl8,container_cpu_usage_seconds_total,0.0
1744886168,kashef-k8s-ctl.user-mongodb-7745bbd78-xrw2n,container_cpu_usage_seconds_total,0.006
1744886168,kashef-k8s-w1.user-memcached-59687c864d-d5rb5,container_cpu_usage_seconds_total,0.0
1744886168,kashef-k8s-w1.social-graph-redis-5bbd5b7458-tqz7l,container_cpu_usage_seconds_total,0.002
1744886168,kashef-k8s-ctl.user-timeline-mongodb-6758898d48-gggfw,container_cpu_usage_seconds_total,0.006
1744886168,kashef-k8s-ctl.social-graph-service-677dbc655c-2tqbt,container_cpu_usage_seconds_total,0.0
1744886168,kashef-k8s-w1.url-shorten-service-66949ddcc4-xlfmt,container_cpu_usage_seconds_total,0.0
1744886174,kashef-k8s-ctl.user-timeline-mongodb-6758898d48-gggfw,container_cpu_usage_seconds_total,0.006
1744886174,kashef-k8s-w1.url-shorten-service-66949ddcc4-xlfmt,container_cpu_usage_seconds_total,0.0
1744886174,kashef-k8s-w1.home-timeline-service-5754ffbc6d-zp4pr,container_cpu_usage_seconds_total,0.0
1744886174,kashef-k8s-ctl.user-mongodb-7745bbd78-xrw2n,container_cpu_usage_seconds_total,0.006
1744886174,kashef-k8s-w1.user-memcached-59687c864d-d5rb5,container_cpu_usage_seconds_total,0.0
1744886174,kashef-k8s-w1.nginx-thrift-79478f9bf5-h66tn,container_cpu_usage_seconds_total,0.0
1744886174,kashef-k8s-w1.social-graph-redis-5bbd5b7458-tqz7l,container_cpu_usage_seconds_total,0.002
1744886174,kashef-k8s-ctl.url-shorten-mongodb-57c886d5f8-2m8fs,container_cpu_usage_seconds_total,0.007
1744886174,kashef-k8s-w1.media-service-6c665c775d-s7hl8,container_cpu_usage_seconds_total,0.0
1744886174,kashef-k8s-w1.compose-post-service-f587bf89d-l5zcs,container_cpu_usage_seconds_total,0.0
1744886174,kashef-k8s-ctl.media-memcached-7889bdfdfb-2thqn,container_cpu_usage_seconds_total,0.0
1744886174,kashef-k8s-w1.social-graph-mongodb-55df767ff5-c86pb,container_cpu_usage_seconds_total,0.006
1744886174,kashef-k8s-ctl.unique-id-service-694497b678-bzxbf,container_cpu_usage_seconds_total,0.0
1744886174,kashef-k8s-ctl.url-shorten-memcached-6546746864-pg8xh,container_cpu_usage_seconds_total,0.0
1744886174,kashef-k8s-ctl.home-timeline-redis-6c6647df6f-5vgsk,container_cpu_usage_seconds_total,0.001
1744886174,kashef-k8s-w1.text-service-fff64b8bf-v9dsr,container_cpu_usage_seconds_total,0.0
1744886174,kashef-k8s-ctl.user-timeline-redis-67cc95bc57-klp4b,container_cpu_usage_seconds_total,0.002
1744886174,kashef-k8s-ctl.social-graph-service-677dbc655c-2tqbt,container_cpu_usage_seconds_total,0.0
1744886174,kashef-k8s-ctl.media-mongodb-7b64c59567-6ntnm,container_cpu_usage_seconds_total,0.006
1744886174,kashef-k8s-w1.user-mention-service-5c4f566c5-w4xpc,container_cpu_usage_seconds_total,0.0
1744886174,kashef-k8s-ctl.post-storage-mongodb-5579669d8c-ckzsx,container_cpu_usage_seconds_total,0.006
1744886174,kashef-k8s-w1.post-storage-service-66c9966f5f-nllkd,container_cpu_usage_seconds_total,0.0
1744886174,kashef-k8s-ctl.post-storage-memcached-6b75788fc6-gnd8c,container_cpu_usage_seconds_total,0.0
1744886174,kashef-k8s-w1.media-frontend-6b66b95ff4-xrdq6,container_cpu_usage_seconds_total,0.078
1744886174,kashef-k8s-ctl.jaeger-67997f9775-tjgc8,container_cpu_usage_seconds_total,0.0
1744886174,kashef-k8s-w1.user-timeline-service-664c7f6696-fvhv9,container_cpu_usage_seconds_total,0.0
1744886174,kashef-k8s-w1.user-service-547b88cd8f-mbl6h,container_cpu_usage_seconds_total,0.0
1744886180,kashef-k8s-ctl.media-mongodb-7b64c59567-6ntnm,container_cpu_usage_seconds_total,0.006
1744886180,kashef-k8s-ctl.post-storage-mongodb-5579669d8c-ckzsx,container_cpu_usage_seconds_total,0.006
1744886180,kashef-k8s-ctl.jaeger-67997f9775-tjgc8,container_cpu_usage_seconds_total,0.0
1744886180,kashef-k8s-ctl.user-timeline-redis-67cc95bc57-klp4b,container_cpu_usage_seconds_total,0.002
1744886180,kashef-k8s-w1.media-frontend-6b66b95ff4-xrdq6,container_cpu_usage_seconds_total,0.078
1744886180,kashef-k8s-w1.user-mention-service-5c4f566c5-w4xpc,container_cpu_usage_seconds_total,0.0
1744886180,kashef-k8s-ctl.social-graph-service-677dbc655c-2tqbt,container_cpu_usage_seconds_total,0.0
1744886180,kashef-k8s-ctl.url-shorten-memcached-6546746864-pg8xh,container_cpu_usage_seconds_total,0.0
1744886180,kashef-k8s-w1.social-graph-redis-5bbd5b7458-tqz7l,container_cpu_usage_seconds_total,0.002
1744886180,kashef-k8s-w1.post-storage-service-66c9966f5f-nllkd,container_cpu_usage_seconds_total,0.0
1744886180,kashef-k8s-w1.media-service-6c665c775d-s7hl8,container_cpu_usage_seconds_total,0.0
1744886180,kashef-k8s-ctl.url-shorten-mongodb-57c886d5f8-2m8fs,container_cpu_usage_seconds_total,0.007
1744886180,kashef-k8s-ctl.user-timeline-mongodb-6758898d48-gggfw,container_cpu_usage_seconds_total,0.007
1744886180,kashef-k8s-ctl.post-storage-memcached-6b75788fc6-gnd8c,container_cpu_usage_seconds_total,0.0
1744886180,kashef-k8s-ctl.home-timeline-redis-6c6647df6f-5vgsk,container_cpu_usage_seconds_total,0.002
1744886180,kashef-k8s-w1.user-service-547b88cd8f-mbl6h,container_cpu_usage_seconds_total,0.0
1744886180,kashef-k8s-w1.user-memcached-59687c864d-d5rb5,container_cpu_usage_seconds_total,0.0
1744886180,kashef-k8s-ctl.unique-id-service-694497b678-bzxbf,container_cpu_usage_seconds_total,0.0
1744886180,kashef-k8s-w1.text-service-fff64b8bf-v9dsr,container_cpu_usage_seconds_total,0.0
1744886180,kashef-k8s-w1.url-shorten-service-66949ddcc4-xlfmt,container_cpu_usage_seconds_total,0.0
1744886180,kashef-k8s-ctl.user-mongodb-7745bbd78-xrw2n,container_cpu_usage_seconds_total,0.006
1744886180,kashef-k8s-w1.compose-post-service-f587bf89d-l5zcs,container_cpu_usage_seconds_total,0.0
1744886180,kashef-k8s-ctl.media-memcached-7889bdfdfb-2thqn,container_cpu_usage_seconds_total,0.0
1744886180,kashef-k8s-w1.social-graph-mongodb-55df767ff5-c86pb,container_cpu_usage_seconds_total,0.005
1744886180,kashef-k8s-w1.nginx-thrift-79478f9bf5-h66tn,container_cpu_usage_seconds_total,0.001
1744886180,kashef-k8s-w1.user-timeline-service-664c7f6696-fvhv9,container_cpu_usage_seconds_total,0.0
1744886180,kashef-k8s-w1.home-timeline-service-5754ffbc6d-zp4pr,container_cpu_usage_seconds_total,0.0
1744886186,kashef-k8s-w1.compose-post-service-f587bf89d-l5zcs,container_cpu_usage_seconds_total,0.0
1744886186,kashef-k8s-w1.user-timeline-service-664c7f6696-fvhv9,container_cpu_usage_seconds_total,0.0
1744886186,kashef-k8s-ctl.user-mongodb-7745bbd78-xrw2n,container_cpu_usage_seconds_total,0.006
1744886186,kashef-k8s-ctl.media-memcached-7889bdfdfb-2thqn,container_cpu_usage_seconds_total,0.0
1744886186,kashef-k8s-ctl.unique-id-service-694497b678-bzxbf,container_cpu_usage_seconds_total,0.0
1744886186,kashef-k8s-w1.url-shorten-service-66949ddcc4-xlfmt,container_cpu_usage_seconds_total,0.0
1744886186,kashef-k8s-ctl.url-shorten-mongodb-57c886d5f8-2m8fs,container_cpu_usage_seconds_total,0.007
1744886186,kashef-k8s-w1.social-graph-mongodb-55df767ff5-c86pb,container_cpu_usage_seconds_total,0.005
1744886186,kashef-k8s-ctl.home-timeline-redis-6c6647df6f-5vgsk,container_cpu_usage_seconds_total,0.002
1744886186,kashef-k8s-ctl.post-storage-mongodb-5579669d8c-ckzsx,container_cpu_usage_seconds_total,0.006
1744886186,kashef-k8s-w1.post-storage-service-66c9966f5f-nllkd,container_cpu_usage_seconds_total,0.0
1744886186,kashef-k8s-w1.user-memcached-59687c864d-d5rb5,container_cpu_usage_seconds_total,0.0
1744886186,kashef-k8s-w1.media-service-6c665c775d-s7hl8,container_cpu_usage_seconds_total,0.0
1744886186,kashef-k8s-w1.user-service-547b88cd8f-mbl6h,container_cpu_usage_seconds_total,0.0
1744886186,kashef-k8s-ctl.post-storage-memcached-6b75788fc6-gnd8c,container_cpu_usage_seconds_total,0.0
1744886186,kashef-k8s-ctl.user-timeline-mongodb-6758898d48-gggfw,container_cpu_usage_seconds_total,0.007
1744886186,kashef-k8s-ctl.social-graph-service-677dbc655c-2tqbt,container_cpu_usage_seconds_total,0.0
1744886186,kashef-k8s-ctl.jaeger-67997f9775-tjgc8,container_cpu_usage_seconds_total,0.0
1744886186,kashef-k8s-w1.nginx-thrift-79478f9bf5-h66tn,container_cpu_usage_seconds_total,0.001
1744886186,kashef-k8s-ctl.user-timeline-redis-67cc95bc57-klp4b,container_cpu_usage_seconds_total,0.002
1744886186,kashef-k8s-w1.media-frontend-6b66b95ff4-xrdq6,container_cpu_usage_seconds_total,0.066
1744886186,kashef-k8s-w1.user-mention-service-5c4f566c5-w4xpc,container_cpu_usage_seconds_total,0.0
1744886186,kashef-k8s-ctl.media-mongodb-7b64c59567-6ntnm,container_cpu_usage_seconds_total,0.006
1744886186,kashef-k8s-w1.text-service-fff64b8bf-v9dsr,container_cpu_usage_seconds_total,0.0
1744886186,kashef-k8s-w1.home-timeline-service-5754ffbc6d-zp4pr,container_cpu_usage_seconds_total,0.0
1744886186,kashef-k8s-ctl.url-shorten-memcached-6546746864-pg8xh,container_cpu_usage_seconds_total,0.0
1744886186,kashef-k8s-w1.social-graph-redis-5bbd5b7458-tqz7l,container_cpu_usage_seconds_total,0.002
1744886192,kashef-k8s-w1.url-shorten-service-66949ddcc4-xlfmt,container_cpu_usage_seconds_total,0.0
1744886192,kashef-k8s-w1.text-service-fff64b8bf-v9dsr,container_cpu_usage_seconds_total,0.0
1744886192,kashef-k8s-w1.user-timeline-service-664c7f6696-fvhv9,container_cpu_usage_seconds_total,0.0
1744886192,kashef-k8s-w1.post-storage-service-66c9966f5f-nllkd,container_cpu_usage_seconds_total,0.0
1744886192,kashef-k8s-ctl.unique-id-service-694497b678-bzxbf,container_cpu_usage_seconds_total,0.0
1744886192,kashef-k8s-ctl.social-graph-service-677dbc655c-2tqbt,container_cpu_usage_seconds_total,0.0
1744886192,kashef-k8s-w1.media-service-6c665c775d-s7hl8,container_cpu_usage_seconds_total,0.0
1744886192,kashef-k8s-ctl.home-timeline-redis-6c6647df6f-5vgsk,container_cpu_usage_seconds_total,0.002
1744886192,kashef-k8s-w1.user-memcached-59687c864d-d5rb5,container_cpu_usage_seconds_total,0.0
1744886192,kashef-k8s-ctl.media-memcached-7889bdfdfb-2thqn,container_cpu_usage_seconds_total,0.0
1744886192,kashef-k8s-ctl.user-timeline-mongodb-6758898d48-gggfw,container_cpu_usage_seconds_total,0.007
1744886192,kashef-k8s-w1.user-service-547b88cd8f-mbl6h,container_cpu_usage_seconds_total,0.0
1744886192,kashef-k8s-ctl.post-storage-memcached-6b75788fc6-gnd8c,container_cpu_usage_seconds_total,0.0
1744886192,kashef-k8s-w1.nginx-thrift-79478f9bf5-h66tn,container_cpu_usage_seconds_total,0.001
1744886192,kashef-k8s-ctl.user-mongodb-7745bbd78-xrw2n,container_cpu_usage_seconds_total,0.006
1744886192,kashef-k8s-w1.user-mention-service-5c4f566c5-w4xpc,container_cpu_usage_seconds_total,0.0
1744886192,kashef-k8s-ctl.post-storage-mongodb-5579669d8c-ckzsx,container_cpu_usage_seconds_total,0.006
1744886192,kashef-k8s-ctl.jaeger-67997f9775-tjgc8,container_cpu_usage_seconds_total,0.0
1744886192,kashef-k8s-w1.media-frontend-6b66b95ff4-xrdq6,container_cpu_usage_seconds_total,0.07
1744886192,kashef-k8s-ctl.url-shorten-memcached-6546746864-pg8xh,container_cpu_usage_seconds_total,0.0
1744886192,kashef-k8s-w1.social-graph-redis-5bbd5b7458-tqz7l,container_cpu_usage_seconds_total,0.002
1744886192,kashef-k8s-ctl.url-shorten-mongodb-57c886d5f8-2m8fs,container_cpu_usage_seconds_total,0.007
1744886192,kashef-k8s-w1.social-graph-mongodb-55df767ff5-c86pb,container_cpu_usage_seconds_total,0.006
1744886192,kashef-k8s-ctl.user-timeline-redis-67cc95bc57-klp4b,container_cpu_usage_seconds_total,0.002
1744886192,kashef-k8s-w1.home-timeline-service-5754ffbc6d-zp4pr,container_cpu_usage_seconds_total,0.0
1744886192,kashef-k8s-ctl.media-mongodb-7b64c59567-6ntnm,container_cpu_usage_seconds_total,0.006
1744886192,kashef-k8s-w1.compose-post-service-f587bf89d-l5zcs,container_cpu_usage_seconds_total,0.001
1744886198,kashef-k8s-w1.text-service-fff64b8bf-v9dsr,container_cpu_usage_seconds_total,0.0
1744886198,kashef-k8s-w1.nginx-thrift-79478f9bf5-h66tn,container_cpu_usage_seconds_total,0.001
1744886198,kashef-k8s-ctl.jaeger-67997f9775-tjgc8,container_cpu_usage_seconds_total,0.0
1744886198,kashef-k8s-w1.user-timeline-service-664c7f6696-fvhv9,container_cpu_usage_seconds_total,0.0
1744886198,kashef-k8s-ctl.user-timeline-redis-67cc95bc57-klp4b,container_cpu_usage_seconds_total,0.002
1744886198,kashef-k8s-w1.user-mention-service-5c4f566c5-w4xpc,container_cpu_usage_seconds_total,0.0
1744886198,kashef-k8s-w1.media-frontend-6b66b95ff4-xrdq6,container_cpu_usage_seconds_total,0.103
1744886198,kashef-k8s-ctl.post-storage-mongodb-5579669d8c-ckzsx,container_cpu_usage_seconds_total,0.006
1744886198,kashef-k8s-w1.user-service-547b88cd8f-mbl6h,container_cpu_usage_seconds_total,0.0
1744886198,kashef-k8s-ctl.home-timeline-redis-6c6647df6f-5vgsk,container_cpu_usage_seconds_total,0.002
1744886198,kashef-k8s-ctl.media-memcached-7889bdfdfb-2thqn,container_cpu_usage_seconds_total,0.0
1744886198,kashef-k8s-ctl.post-storage-memcached-6b75788fc6-gnd8c,container_cpu_usage_seconds_total,0.0
1744886198,kashef-k8s-ctl.social-graph-service-677dbc655c-2tqbt,container_cpu_usage_seconds_total,0.0
1744886198,kashef-k8s-w1.social-graph-redis-5bbd5b7458-tqz7l,container_cpu_usage_seconds_total,0.002
1744886198,kashef-k8s-ctl.user-timeline-mongodb-6758898d48-gggfw,container_cpu_usage_seconds_total,0.005
1744886198,kashef-k8s-ctl.url-shorten-memcached-6546746864-pg8xh,container_cpu_usage_seconds_total,0.0
1744886198,kashef-k8s-w1.media-service-6c665c775d-s7hl8,container_cpu_usage_seconds_total,0.0
1744886198,kashef-k8s-ctl.media-mongodb-7b64c59567-6ntnm,container_cpu_usage_seconds_total,0.006
1744886198,kashef-k8s-w1.home-timeline-service-5754ffbc6d-zp4pr,container_cpu_usage_seconds_total,0.0
1744886198,kashef-k8s-ctl.url-shorten-mongodb-57c886d5f8-2m8fs,container_cpu_usage_seconds_total,0.006
1744886198,kashef-k8s-w1.post-storage-service-66c9966f5f-nllkd,container_cpu_usage_seconds_total,0.0
1744886198,kashef-k8s-w1.social-graph-mongodb-55df767ff5-c86pb,container_cpu_usage_seconds_total,0.007
1744886198,kashef-k8s-w1.compose-post-service-f587bf89d-l5zcs,container_cpu_usage_seconds_total,0.001
1744886198,kashef-k8s-ctl.user-mongodb-7745bbd78-xrw2n,container_cpu_usage_seconds_total,0.006
1744886198,kashef-k8s-w1.url-shorten-service-66949ddcc4-xlfmt,container_cpu_usage_seconds_total,0.0
1744886198,kashef-k8s-ctl.unique-id-service-694497b678-bzxbf,container_cpu_usage_seconds_total,0.0
1744886198,kashef-k8s-w1.user-memcached-59687c864d-d5rb5,container_cpu_usage_seconds_total,0.0
1744886204,kashef-k8s-w1.media-frontend-6b66b95ff4-xrdq6,container_cpu_usage_seconds_total,0.103
1744886204,kashef-k8s-ctl.user-timeline-redis-67cc95bc57-klp4b,container_cpu_usage_seconds_total,0.002
1744886204,kashef-k8s-ctl.jaeger-67997f9775-tjgc8,container_cpu_usage_seconds_total,0.0
1744886204,kashef-k8s-w1.user-mention-service-5c4f566c5-w4xpc,container_cpu_usage_seconds_total,0.0
1744886204,kashef-k8s-ctl.post-storage-mongodb-5579669d8c-ckzsx,container_cpu_usage_seconds_total,0.006
1744886204,kashef-k8s-ctl.user-mongodb-7745bbd78-xrw2n,container_cpu_usage_seconds_total,0.006
1744886204,kashef-k8s-ctl.post-storage-memcached-6b75788fc6-gnd8c,container_cpu_usage_seconds_total,0.0
1744886204,kashef-k8s-ctl.media-memcached-7889bdfdfb-2thqn,container_cpu_usage_seconds_total,0.0
1744886204,kashef-k8s-w1.user-service-547b88cd8f-mbl6h,container_cpu_usage_seconds_total,0.0
1744886204,kashef-k8s-ctl.user-timeline-mongodb-6758898d48-gggfw,container_cpu_usage_seconds_total,0.007
1744886204,kashef-k8s-ctl.url-shorten-memcached-6546746864-pg8xh,container_cpu_usage_seconds_total,0.0
1744886204,kashef-k8s-ctl.social-graph-service-677dbc655c-2tqbt,container_cpu_usage_seconds_total,0.0
1744886204,kashef-k8s-w1.social-graph-redis-5bbd5b7458-tqz7l,container_cpu_usage_seconds_total,0.002
1744886204,kashef-k8s-w1.user-timeline-service-664c7f6696-fvhv9,container_cpu_usage_seconds_total,0.0
1744886204,kashef-k8s-w1.nginx-thrift-79478f9bf5-h66tn,container_cpu_usage_seconds_total,0.001
1744886204,kashef-k8s-w1.text-service-fff64b8bf-v9dsr,container_cpu_usage_seconds_total,0.0
1744886204,kashef-k8s-ctl.unique-id-service-694497b678-bzxbf,container_cpu_usage_seconds_total,0.0
1744886204,kashef-k8s-ctl.media-mongodb-7b64c59567-6ntnm,container_cpu_usage_seconds_total,0.007
1744886204,kashef-k8s-w1.post-storage-service-66c9966f5f-nllkd,container_cpu_usage_seconds_total,0.0
1744886204,kashef-k8s-w1.user-memcached-59687c864d-d5rb5,container_cpu_usage_seconds_total,0.0
1744886204,kashef-k8s-w1.url-shorten-service-66949ddcc4-xlfmt,container_cpu_usage_seconds_total,0.0
1744886204,kashef-k8s-ctl.url-shorten-mongodb-57c886d5f8-2m8fs,container_cpu_usage_seconds_total,0.006
1744886204,kashef-k8s-ctl.home-timeline-redis-6c6647df6f-5vgsk,container_cpu_usage_seconds_total,0.002
1744886204,kashef-k8s-w1.media-service-6c665c775d-s7hl8,container_cpu_usage_seconds_total,0.0
1744886204,kashef-k8s-w1.home-timeline-service-5754ffbc6d-zp4pr,container_cpu_usage_seconds_total,0.0
1744886204,kashef-k8s-w1.compose-post-service-f587bf89d-l5zcs,container_cpu_usage_seconds_total,0.001
1744886204,kashef-k8s-w1.social-graph-mongodb-55df767ff5-c86pb,container_cpu_usage_seconds_total,0.007
1744886210,kashef-k8s-w1.compose-post-service-f587bf89d-l5zcs,container_cpu_usage_seconds_total,0.001
1744886210,kashef-k8s-w1.home-timeline-service-5754ffbc6d-zp4pr,container_cpu_usage_seconds_total,0.0
1744886210,kashef-k8s-ctl.media-mongodb-7b64c59567-6ntnm,container_cpu_usage_seconds_total,0.007
1744886210,kashef-k8s-ctl.url-shorten-mongodb-57c886d5f8-2m8fs,container_cpu_usage_seconds_total,0.007
1744886210,kashef-k8s-ctl.unique-id-service-694497b678-bzxbf,container_cpu_usage_seconds_total,0.0
1744886210,kashef-k8s-w1.post-storage-service-66c9966f5f-nllkd,container_cpu_usage_seconds_total,0.0
1744886210,kashef-k8s-w1.social-graph-mongodb-55df767ff5-c86pb,container_cpu_usage_seconds_total,0.006
1744886210,kashef-k8s-ctl.home-timeline-redis-6c6647df6f-5vgsk,container_cpu_usage_seconds_total,0.002
1744886210,kashef-k8s-ctl.media-memcached-7889bdfdfb-2thqn,container_cpu_usage_seconds_total,0.0
1744886210,kashef-k8s-ctl.user-timeline-mongodb-6758898d48-gggfw,container_cpu_usage_seconds_total,0.008
1744886210,kashef-k8s-ctl.post-storage-memcached-6b75788fc6-gnd8c,container_cpu_usage_seconds_total,0.0
1744886210,kashef-k8s-w1.user-service-547b88cd8f-mbl6h,container_cpu_usage_seconds_total,0.0
1744886210,kashef-k8s-w1.user-memcached-59687c864d-d5rb5,container_cpu_usage_seconds_total,0.0
1744886210,kashef-k8s-ctl.social-graph-service-677dbc655c-2tqbt,container_cpu_usage_seconds_total,0.0
1744886210,kashef-k8s-w1.media-service-6c665c775d-s7hl8,container_cpu_usage_seconds_total,0.0
1744886210,kashef-k8s-w1.url-shorten-service-66949ddcc4-xlfmt,container_cpu_usage_seconds_total,0.0
1744886210,kashef-k8s-ctl.jaeger-67997f9775-tjgc8,container_cpu_usage_seconds_total,0.001
1744886210,kashef-k8s-ctl.url-shorten-memcached-6546746864-pg8xh,container_cpu_usage_seconds_total,0.0
1744886210,kashef-k8s-w1.nginx-thrift-79478f9bf5-h66tn,container_cpu_usage_seconds_total,0.004
1744886210,kashef-k8s-w1.user-mention-service-5c4f566c5-w4xpc,container_cpu_usage_seconds_total,0.0
1744886210,kashef-k8s-ctl.user-timeline-redis-67cc95bc57-klp4b,container_cpu_usage_seconds_total,0.003
1744886210,kashef-k8s-w1.text-service-fff64b8bf-v9dsr,container_cpu_usage_seconds_total,0.0
1744886210,kashef-k8s-ctl.user-mongodb-7745bbd78-xrw2n,container_cpu_usage_seconds_total,0.007
1744886210,kashef-k8s-w1.user-timeline-service-664c7f6696-fvhv9,container_cpu_usage_seconds_total,0.0
1744886210,kashef-k8s-w1.social-graph-redis-5bbd5b7458-tqz7l,container_cpu_usage_seconds_total,0.002
1744886210,kashef-k8s-ctl.post-storage-mongodb-5579669d8c-ckzsx,container_cpu_usage_seconds_total,0.007
1744886210,kashef-k8s-w1.media-frontend-6b66b95ff4-xrdq6,container_cpu_usage_seconds_total,0.103
1744886216,kashef-k8s-ctl.unique-id-service-694497b678-bzxbf,container_cpu_usage_seconds_total,0.0
1744886216,kashef-k8s-w1.home-timeline-service-5754ffbc6d-zp4pr,container_cpu_usage_seconds_total,0.001
1744886216,kashef-k8s-w1.media-service-6c665c775d-s7hl8,container_cpu_usage_seconds_total,0.0
1744886216,kashef-k8s-ctl.home-timeline-redis-6c6647df6f-5vgsk,container_cpu_usage_seconds_total,0.003
1744886216,kashef-k8s-w1.social-graph-mongodb-55df767ff5-c86pb,container_cpu_usage_seconds_total,0.007
1744886216,kashef-k8s-ctl.post-storage-memcached-6b75788fc6-gnd8c,container_cpu_usage_seconds_total,0.0
1744886216,kashef-k8s-w1.user-service-547b88cd8f-mbl6h,container_cpu_usage_seconds_total,0.0
1744886216,kashef-k8s-ctl.social-graph-service-677dbc655c-2tqbt,container_cpu_usage_seconds_total,0.0
1744886216,kashef-k8s-ctl.media-memcached-7889bdfdfb-2thqn,container_cpu_usage_seconds_total,0.0
1744886216,kashef-k8s-w1.url-shorten-service-66949ddcc4-xlfmt,container_cpu_usage_seconds_total,0.0
1744886216,kashef-k8s-w1.post-storage-service-66c9966f5f-nllkd,container_cpu_usage_seconds_total,0.001
1744886216,kashef-k8s-w1.user-memcached-59687c864d-d5rb5,container_cpu_usage_seconds_total,0.0
1744886216,kashef-k8s-ctl.user-timeline-mongodb-6758898d48-gggfw,container_cpu_usage_seconds_total,0.008
1744886216,kashef-k8s-ctl.media-mongodb-7b64c59567-6ntnm,container_cpu_usage_seconds_total,0.007
1744886216,kashef-k8s-ctl.url-shorten-mongodb-57c886d5f8-2m8fs,container_cpu_usage_seconds_total,0.007
1744886216,kashef-k8s-w1.compose-post-service-f587bf89d-l5zcs,container_cpu_usage_seconds_total,0.001
1744886216,kashef-k8s-ctl.post-storage-mongodb-5579669d8c-ckzsx,container_cpu_usage_seconds_total,0.007
1744886216,kashef-k8s-ctl.jaeger-67997f9775-tjgc8,container_cpu_usage_seconds_total,0.001
1744886216,kashef-k8s-w1.social-graph-redis-5bbd5b7458-tqz7l,container_cpu_usage_seconds_total,0.002
1744886216,kashef-k8s-w1.media-frontend-6b66b95ff4-xrdq6,container_cpu_usage_seconds_total,0.083
1744886216,kashef-k8s-w1.user-mention-service-5c4f566c5-w4xpc,container_cpu_usage_seconds_total,0.0
1744886216,kashef-k8s-w1.nginx-thrift-79478f9bf5-h66tn,container_cpu_usage_seconds_total,0.004
1744886216,kashef-k8s-ctl.url-shorten-memcached-6546746864-pg8xh,container_cpu_usage_seconds_total,0.0
1744886216,kashef-k8s-ctl.user-timeline-redis-67cc95bc57-klp4b,container_cpu_usage_seconds_total,0.003
1744886216,kashef-k8s-w1.text-service-fff64b8bf-v9dsr,container_cpu_usage_seconds_total,0.0
1744886216,kashef-k8s-w1.user-timeline-service-664c7f6696-fvhv9,container_cpu_usage_seconds_total,0.002
1744886216,kashef-k8s-ctl.user-mongodb-7745bbd78-xrw2n,container_cpu_usage_seconds_total,0.007
1744886222,kashef-k8s-ctl.url-shorten-memcached-6546746864-pg8xh,container_cpu_usage_seconds_total,0.0
1744886222,kashef-k8s-ctl.user-timeline-redis-67cc95bc57-klp4b,container_cpu_usage_seconds_total,0.003
1744886222,kashef-k8s-ctl.social-graph-service-677dbc655c-2tqbt,container_cpu_usage_seconds_total,0.0
1744886222,kashef-k8s-w1.media-service-6c665c775d-s7hl8,container_cpu_usage_seconds_total,0.0
1744886222,kashef-k8s-ctl.media-mongodb-7b64c59567-6ntnm,container_cpu_usage_seconds_total,0.007
1744886222,kashef-k8s-w1.social-graph-mongodb-55df767ff5-c86pb,container_cpu_usage_seconds_total,0.007
1744886222,kashef-k8s-w1.post-storage-service-66c9966f5f-nllkd,container_cpu_usage_seconds_total,0.002
1744886222,kashef-k8s-ctl.unique-id-service-694497b678-bzxbf,container_cpu_usage_seconds_total,0.0
1744886222,kashef-k8s-ctl.url-shorten-mongodb-57c886d5f8-2m8fs,container_cpu_usage_seconds_total,0.007
1744886222,kashef-k8s-ctl.jaeger-67997f9775-tjgc8,container_cpu_usage_seconds_total,0.001
1744886222,kashef-k8s-ctl.post-storage-mongodb-5579669d8c-ckzsx,container_cpu_usage_seconds_total,0.007
1744886222,kashef-k8s-w1.social-graph-redis-5bbd5b7458-tqz7l,container_cpu_usage_seconds_total,0.002
1744886222,kashef-k8s-w1.user-memcached-59687c864d-d5rb5,container_cpu_usage_seconds_total,0.0
1744886222,kashef-k8s-ctl.media-memcached-7889bdfdfb-2thqn,container_cpu_usage_seconds_total,0.0
1744886222,kashef-k8s-w1.url-shorten-service-66949ddcc4-xlfmt,container_cpu_usage_seconds_total,0.0
1744886222,kashef-k8s-ctl.user-timeline-mongodb-6758898d48-gggfw,container_cpu_usage_seconds_total,0.008
1744886222,kashef-k8s-ctl.home-timeline-redis-6c6647df6f-5vgsk,container_cpu_usage_seconds_total,0.002
1744886222,kashef-k8s-w1.user-mention-service-5c4f566c5-w4xpc,container_cpu_usage_seconds_total,0.001
1744886222,kashef-k8s-w1.media-frontend-6b66b95ff4-xrdq6,container_cpu_usage_seconds_total,0.083
1744886222,kashef-k8s-w1.user-service-547b88cd8f-mbl6h,container_cpu_usage_seconds_total,0.0
1744886222,kashef-k8s-ctl.post-storage-memcached-6b75788fc6-gnd8c,container_cpu_usage_seconds_total,0.0
1744886222,kashef-k8s-w1.user-timeline-service-664c7f6696-fvhv9,container_cpu_usage_seconds_total,0.002
1744886222,kashef-k8s-w1.nginx-thrift-79478f9bf5-h66tn,container_cpu_usage_seconds_total,0.004
1744886222,kashef-k8s-w1.text-service-fff64b8bf-v9dsr,container_cpu_usage_seconds_total,0.001
1744886222,kashef-k8s-w1.home-timeline-service-5754ffbc6d-zp4pr,container_cpu_usage_seconds_total,0.002
1744886222,kashef-k8s-w1.compose-post-service-f587bf89d-l5zcs,container_cpu_usage_seconds_total,0.002
1744886222,kashef-k8s-ctl.user-mongodb-7745bbd78-xrw2n,container_cpu_usage_seconds_total,0.007
1744886228,kashef-k8s-w1.text-service-fff64b8bf-v9dsr,container_cpu_usage_seconds_total,0.001
1744886228,kashef-k8s-w1.compose-post-service-f587bf89d-l5zcs,container_cpu_usage_seconds_total,0.002
1744886228,kashef-k8s-ctl.user-mongodb-7745bbd78-xrw2n,container_cpu_usage_seconds_total,0.007
1744886228,kashef-k8s-w1.user-timeline-service-664c7f6696-fvhv9,container_cpu_usage_seconds_total,0.002
1744886228,kashef-k8s-w1.media-frontend-6b66b95ff4-xrdq6,container_cpu_usage_seconds_total,0.083
1744886228,kashef-k8s-ctl.url-shorten-memcached-6546746864-pg8xh,container_cpu_usage_seconds_total,0.0
1744886228,kashef-k8s-w1.user-service-547b88cd8f-mbl6h,container_cpu_usage_seconds_total,0.0
1744886228,kashef-k8s-w1.nginx-thrift-79478f9bf5-h66tn,container_cpu_usage_seconds_total,0.005
1744886228,kashef-k8s-ctl.user-timeline-mongodb-6758898d48-gggfw,container_cpu_usage_seconds_total,0.008
1744886228,kashef-k8s-ctl.home-timeline-redis-6c6647df6f-5vgsk,container_cpu_usage_seconds_total,0.002
1744886228,kashef-k8s-ctl.post-storage-memcached-6b75788fc6-gnd8c,container_cpu_usage_seconds_total,0.0
1744886228,kashef-k8s-w1.user-memcached-59687c864d-d5rb5,container_cpu_usage_seconds_total,0.0
1744886228,kashef-k8s-w1.post-storage-service-66c9966f5f-nllkd,container_cpu_usage_seconds_total,0.002
1744886228,kashef-k8s-ctl.media-memcached-7889bdfdfb-2thqn,container_cpu_usage_seconds_total,0.0
1744886228,kashef-k8s-w1.user-mention-service-5c4f566c5-w4xpc,container_cpu_usage_seconds_total,0.001
1744886228,kashef-k8s-w1.social-graph-redis-5bbd5b7458-tqz7l,container_cpu_usage_seconds_total,0.002
1744886228,kashef-k8s-ctl.user-timeline-redis-67cc95bc57-klp4b,container_cpu_usage_seconds_total,0.003
1744886228,kashef-k8s-ctl.unique-id-service-694497b678-bzxbf,container_cpu_usage_seconds_total,0.0
1744886228,kashef-k8s-ctl.url-shorten-mongodb-57c886d5f8-2m8fs,container_cpu_usage_seconds_total,0.007
1744886228,kashef-k8s-w1.media-service-6c665c775d-s7hl8,container_cpu_usage_seconds_total,0.0
1744886228,kashef-k8s-w1.url-shorten-service-66949ddcc4-xlfmt,container_cpu_usage_seconds_total,0.001
1744886228,kashef-k8s-ctl.social-graph-service-677dbc655c-2tqbt,container_cpu_usage_seconds_total,0.0
1744886228,kashef-k8s-ctl.media-mongodb-7b64c59567-6ntnm,container_cpu_usage_seconds_total,0.007
1744886228,kashef-k8s-w1.social-graph-mongodb-55df767ff5-c86pb,container_cpu_usage_seconds_total,0.007
1744886228,kashef-k8s-ctl.jaeger-67997f9775-tjgc8,container_cpu_usage_seconds_total,0.001
1744886228,kashef-k8s-ctl.post-storage-mongodb-5579669d8c-ckzsx,container_cpu_usage_seconds_total,0.007
1744886228,kashef-k8s-w1.home-timeline-service-5754ffbc6d-zp4pr,container_cpu_usage_seconds_total,0.002
1744886234,kashef-k8s-w1.media-frontend-6b66b95ff4-xrdq6,container_cpu_usage_seconds_total,0.083
1744886234,kashef-k8s-w1.text-service-fff64b8bf-v9dsr,container_cpu_usage_seconds_total,0.001
1744886234,kashef-k8s-w1.user-service-547b88cd8f-mbl6h,container_cpu_usage_seconds_total,0.0
1744886234,kashef-k8s-ctl.user-mongodb-7745bbd78-xrw2n,container_cpu_usage_seconds_total,0.007
1744886234,kashef-k8s-w1.user-mention-service-5c4f566c5-w4xpc,container_cpu_usage_seconds_total,0.001
1744886234,kashef-k8s-ctl.post-storage-memcached-6b75788fc6-gnd8c,container_cpu_usage_seconds_total,0.0
1744886234,kashef-k8s-ctl.url-shorten-mongodb-57c886d5f8-2m8fs,container_cpu_usage_seconds_total,0.006
1744886234,kashef-k8s-ctl.user-timeline-mongodb-6758898d48-gggfw,container_cpu_usage_seconds_total,0.009
1744886234,kashef-k8s-ctl.home-timeline-redis-6c6647df6f-5vgsk,container_cpu_usage_seconds_total,0.003
1744886234,kashef-k8s-w1.social-graph-redis-5bbd5b7458-tqz7l,container_cpu_usage_seconds_total,0.002
1744886234,kashef-k8s-ctl.url-shorten-memcached-6546746864-pg8xh,container_cpu_usage_seconds_total,0.0
1744886234,kashef-k8s-w1.post-storage-service-66c9966f5f-nllkd,container_cpu_usage_seconds_total,0.002
1744886234,kashef-k8s-ctl.media-memcached-7889bdfdfb-2thqn,container_cpu_usage_seconds_total,0.0
1744886234,kashef-k8s-w1.compose-post-service-f587bf89d-l5zcs,container_cpu_usage_seconds_total,0.002
1744886234,kashef-k8s-ctl.media-mongodb-7b64c59567-6ntnm,container_cpu_usage_seconds_total,0.005
1744886234,kashef-k8s-w1.nginx-thrift-79478f9bf5-h66tn,container_cpu_usage_seconds_total,0.005
1744886234,kashef-k8s-ctl.social-graph-service-677dbc655c-2tqbt,container_cpu_usage_seconds_total,0.0
1744886234,kashef-k8s-ctl.unique-id-service-694497b678-bzxbf,container_cpu_usage_seconds_total,0.0
1744886234,kashef-k8s-w1.home-timeline-service-5754ffbc6d-zp4pr,container_cpu_usage_seconds_total,0.002
1744886234,kashef-k8s-ctl.post-storage-mongodb-5579669d8c-ckzsx,container_cpu_usage_seconds_total,0.007
1744886234,kashef-k8s-w1.social-graph-mongodb-55df767ff5-c86pb,container_cpu_usage_seconds_total,0.007
1744886234,kashef-k8s-w1.user-memcached-59687c864d-d5rb5,container_cpu_usage_seconds_total,0.0
1744886234,kashef-k8s-w1.media-service-6c665c775d-s7hl8,container_cpu_usage_seconds_total,0.0
1744886234,kashef-k8s-w1.url-shorten-service-66949ddcc4-xlfmt,container_cpu_usage_seconds_total,0.001
1744886234,kashef-k8s-w1.user-timeline-service-664c7f6696-fvhv9,container_cpu_usage_seconds_total,0.002
1744886234,kashef-k8s-ctl.jaeger-67997f9775-tjgc8,container_cpu_usage_seconds_total,0.001
1744886234,kashef-k8s-ctl.user-timeline-redis-67cc95bc57-klp4b,container_cpu_usage_seconds_total,0.003
1744886240,kashef-k8s-w1.url-shorten-service-66949ddcc4-xlfmt,container_cpu_usage_seconds_total,0.001
1744886240,kashef-k8s-w1.post-storage-service-66c9966f5f-nllkd,container_cpu_usage_seconds_total,0.002
1744886240,kashef-k8s-w1.user-service-547b88cd8f-mbl6h,container_cpu_usage_seconds_total,0.0
1744886240,kashef-k8s-ctl.jaeger-67997f9775-tjgc8,container_cpu_usage_seconds_total,0.001
1744886240,kashef-k8s-ctl.user-mongodb-7745bbd78-xrw2n,container_cpu_usage_seconds_total,0.007
1744886240,kashef-k8s-ctl.user-timeline-mongodb-6758898d48-gggfw,container_cpu_usage_seconds_total,0.01
1744886240,kashef-k8s-w1.social-graph-mongodb-55df767ff5-c86pb,container_cpu_usage_seconds_total,0.007
1744886240,kashef-k8s-ctl.media-memcached-7889bdfdfb-2thqn,container_cpu_usage_seconds_total,0.0
1744886240,kashef-k8s-ctl.post-storage-mongodb-5579669d8c-ckzsx,container_cpu_usage_seconds_total,0.007
1744886240,kashef-k8s-ctl.post-storage-memcached-6b75788fc6-gnd8c,container_cpu_usage_seconds_total,0.0
1744886240,kashef-k8s-w1.user-mention-service-5c4f566c5-w4xpc,container_cpu_usage_seconds_total,0.001
1744886240,kashef-k8s-ctl.social-graph-service-677dbc655c-2tqbt,container_cpu_usage_seconds_total,0.001
1744886240,kashef-k8s-ctl.user-timeline-redis-67cc95bc57-klp4b,container_cpu_usage_seconds_total,0.003
1744886240,kashef-k8s-w1.social-graph-redis-5bbd5b7458-tqz7l,container_cpu_usage_seconds_total,0.002
1744886240,kashef-k8s-w1.user-timeline-service-664c7f6696-fvhv9,container_cpu_usage_seconds_total,0.002
1744886240,kashef-k8s-w1.home-timeline-service-5754ffbc6d-zp4pr,container_cpu_usage_seconds_total,0.002
1744886240,kashef-k8s-w1.media-service-6c665c775d-s7hl8,container_cpu_usage_seconds_total,0.0
1744886240,kashef-k8s-ctl.media-mongodb-7b64c59567-6ntnm,container_cpu_usage_seconds_total,0.006
1744886240,kashef-k8s-w1.media-frontend-6b66b95ff4-xrdq6,container_cpu_usage_seconds_total,0.083
1744886240,kashef-k8s-w1.compose-post-service-f587bf89d-l5zcs,container_cpu_usage_seconds_total,0.002
1744886240,kashef-k8s-ctl.home-timeline-redis-6c6647df6f-5vgsk,container_cpu_usage_seconds_total,0.003
1744886240,kashef-k8s-w1.nginx-thrift-79478f9bf5-h66tn,container_cpu_usage_seconds_total,0.004
1744886240,kashef-k8s-w1.text-service-fff64b8bf-v9dsr,container_cpu_usage_seconds_total,0.001
1744886240,kashef-k8s-w1.user-memcached-59687c864d-d5rb5,container_cpu_usage_seconds_total,0.0
1744886240,kashef-k8s-ctl.unique-id-service-694497b678-bzxbf,container_cpu_usage_seconds_total,0.0
1744886240,kashef-k8s-ctl.url-shorten-mongodb-57c886d5f8-2m8fs,container_cpu_usage_seconds_total,0.008
1744886240,kashef-k8s-ctl.url-shorten-memcached-6546746864-pg8xh,container_cpu_usage_seconds_total,0.0
1744886246,kashef-k8s-ctl.jaeger-67997f9775-tjgc8,container_cpu_usage_seconds_total,0.001
1744886246,kashef-k8s-ctl.home-timeline-redis-6c6647df6f-5vgsk,container_cpu_usage_seconds_total,0.003
1744886246,kashef-k8s-ctl.user-timeline-mongodb-6758898d48-gggfw,container_cpu_usage_seconds_total,0.01
1744886246,kashef-k8s-ctl.user-mongodb-7745bbd78-xrw2n,container_cpu_usage_seconds_total,0.007
1744886246,kashef-k8s-w1.home-timeline-service-5754ffbc6d-zp4pr,container_cpu_usage_seconds_total,0.003
1744886246,kashef-k8s-w1.user-mention-service-5c4f566c5-w4xpc,container_cpu_usage_seconds_total,0.001
1744886246,kashef-k8s-ctl.post-storage-memcached-6b75788fc6-gnd8c,container_cpu_usage_seconds_total,0.0
1744886246,kashef-k8s-ctl.post-storage-mongodb-5579669d8c-ckzsx,container_cpu_usage_seconds_total,0.007
1744886246,kashef-k8s-ctl.user-timeline-redis-67cc95bc57-klp4b,container_cpu_usage_seconds_total,0.003
1744886246,kashef-k8s-w1.user-timeline-service-664c7f6696-fvhv9,container_cpu_usage_seconds_total,0.002
1744886246,kashef-k8s-ctl.media-memcached-7889bdfdfb-2thqn,container_cpu_usage_seconds_total,0.0
1744886246,kashef-k8s-w1.social-graph-mongodb-55df767ff5-c86pb,container_cpu_usage_seconds_total,0.007
1744886246,kashef-k8s-w1.nginx-thrift-79478f9bf5-h66tn,container_cpu_usage_seconds_total,0.006
1744886246,kashef-k8s-w1.social-graph-redis-5bbd5b7458-tqz7l,container_cpu_usage_seconds_total,0.002
1744886246,kashef-k8s-w1.post-storage-service-66c9966f5f-nllkd,container_cpu_usage_seconds_total,0.003
1744886246,kashef-k8s-w1.url-shorten-service-66949ddcc4-xlfmt,container_cpu_usage_seconds_total,0.001
1744886246,kashef-k8s-w1.user-service-547b88cd8f-mbl6h,container_cpu_usage_seconds_total,0.0
1744886246,kashef-k8s-ctl.url-shorten-mongodb-57c886d5f8-2m8fs,container_cpu_usage_seconds_total,0.008
1744886246,kashef-k8s-ctl.unique-id-service-694497b678-bzxbf,container_cpu_usage_seconds_total,0.0
1744886246,kashef-k8s-ctl.social-graph-service-677dbc655c-2tqbt,container_cpu_usage_seconds_total,0.001
1744886246,kashef-k8s-ctl.url-shorten-memcached-6546746864-pg8xh,container_cpu_usage_seconds_total,0.0
1744886246,kashef-k8s-w1.compose-post-service-f587bf89d-l5zcs,container_cpu_usage_seconds_total,0.002
1744886246,kashef-k8s-w1.user-memcached-59687c864d-d5rb5,container_cpu_usage_seconds_total,0.001
1744886246,kashef-k8s-w1.media-service-6c665c775d-s7hl8,container_cpu_usage_seconds_total,0.0
1744886246,kashef-k8s-ctl.media-mongodb-7b64c59567-6ntnm,container_cpu_usage_seconds_total,0.006
1744886246,kashef-k8s-w1.media-frontend-6b66b95ff4-xrdq6,container_cpu_usage_seconds_total,0.084
1744886246,kashef-k8s-w1.text-service-fff64b8bf-v9dsr,container_cpu_usage_seconds_total,0.001
1744886252,kashef-k8s-w1.compose-post-service-f587bf89d-l5zcs,container_cpu_usage_seconds_total,0.003
1744886252,kashef-k8s-w1.user-memcached-59687c864d-d5rb5,container_cpu_usage_seconds_total,0.001
1744886252,kashef-k8s-ctl.unique-id-service-694497b678-bzxbf,container_cpu_usage_seconds_total,0.0
1744886252,kashef-k8s-ctl.social-graph-service-677dbc655c-2tqbt,container_cpu_usage_seconds_total,0.001
1744886252,kashef-k8s-ctl.url-shorten-mongodb-57c886d5f8-2m8fs,container_cpu_usage_seconds_total,0.008
1744886252,kashef-k8s-w1.media-service-6c665c775d-s7hl8,container_cpu_usage_seconds_total,0.0
1744886252,kashef-k8s-ctl.media-mongodb-7b64c59567-6ntnm,container_cpu_usage_seconds_total,0.005
1744886252,kashef-k8s-ctl.url-shorten-memcached-6546746864-pg8xh,container_cpu_usage_seconds_total,0.0
1744886252,kashef-k8s-ctl.post-storage-memcached-6b75788fc6-gnd8c,container_cpu_usage_seconds_total,0.0
1744886252,kashef-k8s-ctl.user-mongodb-7745bbd78-xrw2n,container_cpu_usage_seconds_total,0.007
1744886252,kashef-k8s-ctl.media-memcached-7889bdfdfb-2thqn,container_cpu_usage_seconds_total,0.0
1744886252,kashef-k8s-ctl.user-timeline-redis-67cc95bc57-klp4b,container_cpu_usage_seconds_total,0.003
1744886252,kashef-k8s-w1.post-storage-service-66c9966f5f-nllkd,container_cpu_usage_seconds_total,0.003
1744886252,kashef-k8s-w1.user-service-547b88cd8f-mbl6h,container_cpu_usage_seconds_total,0.0
1744886252,kashef-k8s-w1.social-graph-mongodb-55df767ff5-c86pb,container_cpu_usage_seconds_total,0.007
1744886252,kashef-k8s-w1.user-timeline-service-664c7f6696-fvhv9,container_cpu_usage_seconds_total,0.358
1744886252,kashef-k8s-w1.user-mention-service-5c4f566c5-w4xpc,container_cpu_usage_seconds_total,0.001
1744886252,kashef-k8s-ctl.post-storage-mongodb-5579669d8c-ckzsx,container_cpu_usage_seconds_total,0.007
1744886252,kashef-k8s-w1.media-frontend-6b66b95ff4-xrdq6,container_cpu_usage_seconds_total,0.054
1744886252,kashef-k8s-w1.nginx-thrift-79478f9bf5-h66tn,container_cpu_usage_seconds_total,0.006
1744886252,kashef-k8s-w1.url-shorten-service-66949ddcc4-xlfmt,container_cpu_usage_seconds_total,0.001
1744886252,kashef-k8s-w1.home-timeline-service-5754ffbc6d-zp4pr,container_cpu_usage_seconds_total,0.003
1744886252,kashef-k8s-w1.text-service-fff64b8bf-v9dsr,container_cpu_usage_seconds_total,0.002
1744886252,kashef-k8s-w1.social-graph-redis-5bbd5b7458-tqz7l,container_cpu_usage_seconds_total,0.002
1744886252,kashef-k8s-ctl.user-timeline-mongodb-6758898d48-gggfw,container_cpu_usage_seconds_total,0.01
1744886252,kashef-k8s-ctl.home-timeline-redis-6c6647df6f-5vgsk,container_cpu_usage_seconds_total,0.003
1744886252,kashef-k8s-ctl.jaeger-67997f9775-tjgc8,container_cpu_usage_seconds_total,0.001
1744886258,kashef-k8s-w1.social-graph-redis-5bbd5b7458-tqz7l,container_cpu_usage_seconds_total,0.002
1744886258,kashef-k8s-w1.media-service-6c665c775d-s7hl8,container_cpu_usage_seconds_total,0.0
1744886258,kashef-k8s-ctl.media-mongodb-7b64c59567-6ntnm,container_cpu_usage_seconds_total,0.005
1744886258,kashef-k8s-ctl.unique-id-service-694497b678-bzxbf,container_cpu_usage_seconds_total,0.0
1744886258,kashef-k8s-w1.media-frontend-6b66b95ff4-xrdq6,container_cpu_usage_seconds_total,0.054
1744886258,kashef-k8s-ctl.user-timeline-redis-67cc95bc57-klp4b,container_cpu_usage_seconds_total,0.003
1744886258,kashef-k8s-ctl.user-mongodb-7745bbd78-xrw2n,container_cpu_usage_seconds_total,0.007
1744886258,kashef-k8s-ctl.post-storage-memcached-6b75788fc6-gnd8c,container_cpu_usage_seconds_total,0.0
1744886258,kashef-k8s-w1.user-mention-service-5c4f566c5-w4xpc,container_cpu_usage_seconds_total,0.001
1744886258,kashef-k8s-ctl.url-shorten-memcached-6546746864-pg8xh,container_cpu_usage_seconds_total,0.0
1744886258,kashef-k8s-w1.post-storage-service-66c9966f5f-nllkd,container_cpu_usage_seconds_total,0.003
1744886258,kashef-k8s-w1.user-timeline-service-664c7f6696-fvhv9,container_cpu_usage_seconds_total,0.38
1744886258,kashef-k8s-w1.user-service-547b88cd8f-mbl6h,container_cpu_usage_seconds_total,0.0
1744886258,kashef-k8s-ctl.social-graph-service-677dbc655c-2tqbt,container_cpu_usage_seconds_total,0.001
1744886258,kashef-k8s-ctl.url-shorten-mongodb-57c886d5f8-2m8fs,container_cpu_usage_seconds_total,0.008
1744886258,kashef-k8s-w1.home-timeline-service-5754ffbc6d-zp4pr,container_cpu_usage_seconds_total,0.003
1744886258,kashef-k8s-w1.user-memcached-59687c864d-d5rb5,container_cpu_usage_seconds_total,0.001
1744886258,kashef-k8s-w1.compose-post-service-f587bf89d-l5zcs,container_cpu_usage_seconds_total,0.003
1744886258,kashef-k8s-ctl.user-timeline-mongodb-6758898d48-gggfw,container_cpu_usage_seconds_total,0.01
1744886258,kashef-k8s-ctl.media-memcached-7889bdfdfb-2thqn,container_cpu_usage_seconds_total,0.0
1744886258,kashef-k8s-w1.social-graph-mongodb-55df767ff5-c86pb,container_cpu_usage_seconds_total,0.007
1744886258,kashef-k8s-ctl.post-storage-mongodb-5579669d8c-ckzsx,container_cpu_usage_seconds_total,0.006
1744886258,kashef-k8s-ctl.jaeger-67997f9775-tjgc8,container_cpu_usage_seconds_total,0.001
1744886258,kashef-k8s-w1.nginx-thrift-79478f9bf5-h66tn,container_cpu_usage_seconds_total,0.008
1744886258,kashef-k8s-ctl.home-timeline-redis-6c6647df6f-5vgsk,container_cpu_usage_seconds_total,0.003
1744886258,kashef-k8s-w1.text-service-fff64b8bf-v9dsr,container_cpu_usage_seconds_total,0.002
1744886258,kashef-k8s-w1.url-shorten-service-66949ddcc4-xlfmt,container_cpu_usage_seconds_total,0.001
1744886264,kashef-k8s-w1.user-memcached-59687c864d-d5rb5,container_cpu_usage_seconds_total,0.001
1744886264,kashef-k8s-ctl.jaeger-67997f9775-tjgc8,container_cpu_usage_seconds_total,0.002
1744886264,kashef-k8s-w1.home-timeline-service-5754ffbc6d-zp4pr,container_cpu_usage_seconds_total,0.003
1744886264,kashef-k8s-w1.social-graph-mongodb-55df767ff5-c86pb,container_cpu_usage_seconds_total,0.007
1744886264,kashef-k8s-ctl.user-timeline-mongodb-6758898d48-gggfw,container_cpu_usage_seconds_total,0.008
1744886264,kashef-k8s-ctl.unique-id-service-694497b678-bzxbf,container_cpu_usage_seconds_total,0.0
1744886264,kashef-k8s-ctl.post-storage-mongodb-5579669d8c-ckzsx,container_cpu_usage_seconds_total,0.006
1744886264,kashef-k8s-w1.url-shorten-service-66949ddcc4-xlfmt,container_cpu_usage_seconds_total,0.001
1744886264,kashef-k8s-w1.user-mention-service-5c4f566c5-w4xpc,container_cpu_usage_seconds_total,0.001
1744886264,kashef-k8s-ctl.post-storage-memcached-6b75788fc6-gnd8c,container_cpu_usage_seconds_total,0.0
1744886264,kashef-k8s-w1.user-service-547b88cd8f-mbl6h,container_cpu_usage_seconds_total,0.0
1744886264,kashef-k8s-ctl.home-timeline-redis-6c6647df6f-5vgsk,container_cpu_usage_seconds_total,0.003
1744886264,kashef-k8s-ctl.url-shorten-memcached-6546746864-pg8xh,container_cpu_usage_seconds_total,0.0
1744886264,kashef-k8s-ctl.media-memcached-7889bdfdfb-2thqn,container_cpu_usage_seconds_total,0.0
1744886264,kashef-k8s-ctl.user-mongodb-7745bbd78-xrw2n,container_cpu_usage_seconds_total,0.007
1744886264,kashef-k8s-ctl.user-timeline-redis-67cc95bc57-klp4b,container_cpu_usage_seconds_total,0.003
1744886264,kashef-k8s-w1.social-graph-redis-5bbd5b7458-tqz7l,container_cpu_usage_seconds_total,0.002
1744886264,kashef-k8s-w1.media-service-6c665c775d-s7hl8,container_cpu_usage_seconds_total,0.0
1744886264,kashef-k8s-w1.nginx-thrift-79478f9bf5-h66tn,container_cpu_usage_seconds_total,0.008
1744886264,kashef-k8s-ctl.media-mongodb-7b64c59567-6ntnm,container_cpu_usage_seconds_total,0.007
1744886264,kashef-k8s-w1.post-storage-service-66c9966f5f-nllkd,container_cpu_usage_seconds_total,0.003
1744886264,kashef-k8s-w1.media-frontend-6b66b95ff4-xrdq6,container_cpu_usage_seconds_total,0.054
1744886264,kashef-k8s-w1.text-service-fff64b8bf-v9dsr,container_cpu_usage_seconds_total,0.002
1744886264,kashef-k8s-w1.compose-post-service-f587bf89d-l5zcs,container_cpu_usage_seconds_total,0.003
1744886264,kashef-k8s-w1.user-timeline-service-664c7f6696-fvhv9,container_cpu_usage_seconds_total,0.401
1744886264,kashef-k8s-ctl.social-graph-service-677dbc655c-2tqbt,container_cpu_usage_seconds_total,0.001
1744886264,kashef-k8s-ctl.url-shorten-mongodb-57c886d5f8-2m8fs,container_cpu_usage_seconds_total,0.008
1744886270,kashef-k8s-ctl.unique-id-service-694497b678-bzxbf,container_cpu_usage_seconds_total,0.0
1744886270,kashef-k8s-w1.user-service-547b88cd8f-mbl6h,container_cpu_usage_seconds_total,0.0
1744886270,kashef-k8s-ctl.user-timeline-mongodb-6758898d48-gggfw,container_cpu_usage_seconds_total,0.011
1744886270,kashef-k8s-ctl.post-storage-mongodb-5579669d8c-ckzsx,container_cpu_usage_seconds_total,0.008
1744886270,kashef-k8s-w1.user-memcached-59687c864d-d5rb5,container_cpu_usage_seconds_total,0.001
1744886270,kashef-k8s-ctl.home-timeline-redis-6c6647df6f-5vgsk,container_cpu_usage_seconds_total,0.004
1744886270,kashef-k8s-w1.user-mention-service-5c4f566c5-w4xpc,container_cpu_usage_seconds_total,0.001
1744886270,kashef-k8s-w1.user-timeline-service-664c7f6696-fvhv9,container_cpu_usage_seconds_total,0.422
1744886270,kashef-k8s-ctl.post-storage-memcached-6b75788fc6-gnd8c,container_cpu_usage_seconds_total,0.0
1744886270,kashef-k8s-ctl.user-timeline-redis-67cc95bc57-klp4b,container_cpu_usage_seconds_total,0.003
1744886270,kashef-k8s-ctl.user-mongodb-7745bbd78-xrw2n,container_cpu_usage_seconds_total,0.008
1744886270,kashef-k8s-w1.social-graph-mongodb-55df767ff5-c86pb,container_cpu_usage_seconds_total,0.007
1744886270,kashef-k8s-ctl.media-memcached-7889bdfdfb-2thqn,container_cpu_usage_seconds_total,0.0
1744886270,kashef-k8s-w1.home-timeline-service-5754ffbc6d-zp4pr,container_cpu_usage_seconds_total,0.003
1744886270,kashef-k8s-ctl.jaeger-67997f9775-tjgc8,container_cpu_usage_seconds_total,0.001
1744886270,kashef-k8s-w1.media-frontend-6b66b95ff4-xrdq6,container_cpu_usage_seconds_total,0.054
1744886270,kashef-k8s-w1.post-storage-service-66c9966f5f-nllkd,container_cpu_usage_seconds_total,0.002
1744886270,kashef-k8s-ctl.social-graph-service-677dbc655c-2tqbt,container_cpu_usage_seconds_total,0.001
1744886270,kashef-k8s-ctl.url-shorten-memcached-6546746864-pg8xh,container_cpu_usage_seconds_total,0.0
1744886270,kashef-k8s-ctl.url-shorten-mongodb-57c886d5f8-2m8fs,container_cpu_usage_seconds_total,0.008
1744886270,kashef-k8s-ctl.media-mongodb-7b64c59567-6ntnm,container_cpu_usage_seconds_total,0.007
1744886270,kashef-k8s-w1.nginx-thrift-79478f9bf5-h66tn,container_cpu_usage_seconds_total,0.008
1744886270,kashef-k8s-w1.media-service-6c665c775d-s7hl8,container_cpu_usage_seconds_total,0.0
1744886270,kashef-k8s-w1.social-graph-redis-5bbd5b7458-tqz7l,container_cpu_usage_seconds_total,0.002
1744886270,kashef-k8s-w1.compose-post-service-f587bf89d-l5zcs,container_cpu_usage_seconds_total,0.003
1744886270,kashef-k8s-w1.text-service-fff64b8bf-v9dsr,container_cpu_usage_seconds_total,0.002
1744886270,kashef-k8s-w1.url-shorten-service-66949ddcc4-xlfmt,container_cpu_usage_seconds_total,0.001
1744886276,kashef-k8s-w1.compose-post-service-f587bf89d-l5zcs,container_cpu_usage_seconds_total,0.003
1744886276,kashef-k8s-w1.text-service-fff64b8bf-v9dsr,container_cpu_usage_seconds_total,0.002
1744886276,kashef-k8s-w1.url-shorten-service-66949ddcc4-xlfmt,container_cpu_usage_seconds_total,0.001
1744886276,kashef-k8s-w1.nginx-thrift-79478f9bf5-h66tn,container_cpu_usage_seconds_total,0.007
1744886276,kashef-k8s-ctl.media-mongodb-7b64c59567-6ntnm,container_cpu_usage_seconds_total,0.007
1744886276,kashef-k8s-w1.media-service-6c665c775d-s7hl8,container_cpu_usage_seconds_total,0.0
1744886276,kashef-k8s-ctl.social-graph-service-677dbc655c-2tqbt,container_cpu_usage_seconds_total,0.001
1744886276,kashef-k8s-w1.social-graph-redis-5bbd5b7458-tqz7l,container_cpu_usage_seconds_total,0.002
1744886276,kashef-k8s-ctl.url-shorten-mongodb-57c886d5f8-2m8fs,container_cpu_usage_seconds_total,0.008
1744886276,kashef-k8s-w1.social-graph-mongodb-55df767ff5-c86pb,container_cpu_usage_seconds_total,0.007
1744886276,kashef-k8s-ctl.post-storage-memcached-6b75788fc6-gnd8c,container_cpu_usage_seconds_total,0.0
1744886276,kashef-k8s-w1.user-timeline-service-664c7f6696-fvhv9,container_cpu_usage_seconds_total,0.482
1744886276,kashef-k8s-w1.user-mention-service-5c4f566c5-w4xpc,container_cpu_usage_seconds_total,0.001
1744886276,kashef-k8s-ctl.home-timeline-redis-6c6647df6f-5vgsk,container_cpu_usage_seconds_total,0.004
1744886276,kashef-k8s-ctl.media-memcached-7889bdfdfb-2thqn,container_cpu_usage_seconds_total,0.0
1744886276,kashef-k8s-ctl.url-shorten-memcached-6546746864-pg8xh,container_cpu_usage_seconds_total,0.0
1744886276,kashef-k8s-ctl.user-mongodb-7745bbd78-xrw2n,container_cpu_usage_seconds_total,0.008
1744886276,kashef-k8s-ctl.post-storage-mongodb-5579669d8c-ckzsx,container_cpu_usage_seconds_total,0.008
1744886276,kashef-k8s-w1.home-timeline-service-5754ffbc6d-zp4pr,container_cpu_usage_seconds_total,0.004
1744886276,kashef-k8s-w1.media-frontend-6b66b95ff4-xrdq6,container_cpu_usage_seconds_total,0.0
1744886276,kashef-k8s-ctl.unique-id-service-694497b678-bzxbf,container_cpu_usage_seconds_total,0.0
1744886276,kashef-k8s-w1.user-service-547b88cd8f-mbl6h,container_cpu_usage_seconds_total,0.0
1744886276,kashef-k8s-w1.user-memcached-59687c864d-d5rb5,container_cpu_usage_seconds_total,0.001
1744886276,kashef-k8s-w1.post-storage-service-66c9966f5f-nllkd,container_cpu_usage_seconds_total,0.002
1744886276,kashef-k8s-ctl.user-timeline-mongodb-6758898d48-gggfw,container_cpu_usage_seconds_total,0.011
1744886276,kashef-k8s-ctl.user-timeline-redis-67cc95bc57-klp4b,container_cpu_usage_seconds_total,0.003
1744886276,kashef-k8s-ctl.jaeger-67997f9775-tjgc8,container_cpu_usage_seconds_total,0.002
1744886282,kashef-k8s-w1.media-service-6c665c775d-s7hl8,container_cpu_usage_seconds_total,0.0
1744886282,kashef-k8s-w1.compose-post-service-f587bf89d-l5zcs,container_cpu_usage_seconds_total,0.004
1744886282,kashef-k8s-ctl.social-graph-service-677dbc655c-2tqbt,container_cpu_usage_seconds_total,0.001
1744886282,kashef-k8s-w1.social-graph-redis-5bbd5b7458-tqz7l,container_cpu_usage_seconds_total,0.002
1744886282,kashef-k8s-ctl.user-mongodb-7745bbd78-xrw2n,container_cpu_usage_seconds_total,0.008
1744886282,kashef-k8s-w1.user-timeline-service-664c7f6696-fvhv9,container_cpu_usage_seconds_total,0.513
1744886282,kashef-k8s-ctl.media-mongodb-7b64c59567-6ntnm,container_cpu_usage_seconds_total,0.007
1744886282,kashef-k8s-w1.user-mention-service-5c4f566c5-w4xpc,container_cpu_usage_seconds_total,0.001
1744886282,kashef-k8s-w1.social-graph-mongodb-55df767ff5-c86pb,container_cpu_usage_seconds_total,0.006
1744886282,kashef-k8s-ctl.media-memcached-7889bdfdfb-2thqn,container_cpu_usage_seconds_total,0.0
1744886282,kashef-k8s-ctl.home-timeline-redis-6c6647df6f-5vgsk,container_cpu_usage_seconds_total,0.004
1744886282,kashef-k8s-ctl.url-shorten-memcached-6546746864-pg8xh,container_cpu_usage_seconds_total,0.0
1744886282,kashef-k8s-ctl.unique-id-service-694497b678-bzxbf,container_cpu_usage_seconds_total,0.0
1744886282,kashef-k8s-ctl.url-shorten-mongodb-57c886d5f8-2m8fs,container_cpu_usage_seconds_total,0.008
1744886282,kashef-k8s-w1.nginx-thrift-79478f9bf5-h66tn,container_cpu_usage_seconds_total,0.006
1744886282,kashef-k8s-w1.user-memcached-59687c864d-d5rb5,container_cpu_usage_seconds_total,0.001
1744886282,kashef-k8s-ctl.user-timeline-redis-67cc95bc57-klp4b,container_cpu_usage_seconds_total,0.003
1744886282,kashef-k8s-ctl.post-storage-mongodb-5579669d8c-ckzsx,container_cpu_usage_seconds_total,0.008
1744886282,kashef-k8s-ctl.jaeger-67997f9775-tjgc8,container_cpu_usage_seconds_total,0.002
1744886282,kashef-k8s-ctl.post-storage-memcached-6b75788fc6-gnd8c,container_cpu_usage_seconds_total,0.0
1744886282,kashef-k8s-ctl.user-timeline-mongodb-6758898d48-gggfw,container_cpu_usage_seconds_total,0.011
1744886282,kashef-k8s-w1.media-frontend-6b66b95ff4-xrdq6,container_cpu_usage_seconds_total,0.0
1744886282,kashef-k8s-w1.text-service-fff64b8bf-v9dsr,container_cpu_usage_seconds_total,0.001
1744886282,kashef-k8s-w1.home-timeline-service-5754ffbc6d-zp4pr,container_cpu_usage_seconds_total,0.004
1744886282,kashef-k8s-w1.user-service-547b88cd8f-mbl6h,container_cpu_usage_seconds_total,0.0
1744886282,kashef-k8s-w1.post-storage-service-66c9966f5f-nllkd,container_cpu_usage_seconds_total,0.002
1744886282,kashef-k8s-w1.url-shorten-service-66949ddcc4-xlfmt,container_cpu_usage_seconds_total,0.001
1744886288,kashef-k8s-w1.user-mention-service-5c4f566c5-w4xpc,container_cpu_usage_seconds_total,0.001
1744886288,kashef-k8s-w1.media-frontend-6b66b95ff4-xrdq6,container_cpu_usage_seconds_total,0.0
1744886288,kashef-k8s-ctl.user-timeline-mongodb-6758898d48-gggfw,container_cpu_usage_seconds_total,0.011
1744886288,kashef-k8s-ctl.media-memcached-7889bdfdfb-2thqn,container_cpu_usage_seconds_total,0.0
1744886288,kashef-k8s-ctl.jaeger-67997f9775-tjgc8,container_cpu_usage_seconds_total,0.001
1744886288,kashef-k8s-ctl.url-shorten-mongodb-57c886d5f8-2m8fs,container_cpu_usage_seconds_total,0.008
1744886288,kashef-k8s-w1.post-storage-service-66c9966f5f-nllkd,container_cpu_usage_seconds_total,0.002
1744886288,kashef-k8s-w1.social-graph-mongodb-55df767ff5-c86pb,container_cpu_usage_seconds_total,0.006
1744886288,kashef-k8s-w1.media-service-6c665c775d-s7hl8,container_cpu_usage_seconds_total,0.0
1744886288,kashef-k8s-ctl.media-mongodb-7b64c59567-6ntnm,container_cpu_usage_seconds_total,0.007
1744886288,kashef-k8s-ctl.post-storage-mongodb-5579669d8c-ckzsx,container_cpu_usage_seconds_total,0.008
1744886288,kashef-k8s-ctl.post-storage-memcached-6b75788fc6-gnd8c,container_cpu_usage_seconds_total,0.0
1744886288,kashef-k8s-ctl.user-timeline-redis-67cc95bc57-klp4b,container_cpu_usage_seconds_total,0.003
1744886288,kashef-k8s-w1.compose-post-service-f587bf89d-l5zcs,container_cpu_usage_seconds_total,0.004
1744886288,kashef-k8s-w1.user-timeline-service-664c7f6696-fvhv9,container_cpu_usage_seconds_total,0.544
1744886288,kashef-k8s-w1.social-graph-redis-5bbd5b7458-tqz7l,container_cpu_usage_seconds_total,0.002
1744886288,kashef-k8s-ctl.home-timeline-redis-6c6647df6f-5vgsk,container_cpu_usage_seconds_total,0.004
1744886288,kashef-k8s-ctl.social-graph-service-677dbc655c-2tqbt,container_cpu_usage_seconds_total,0.001
1744886288,kashef-k8s-w1.user-memcached-59687c864d-d5rb5,container_cpu_usage_seconds_total,0.001
1744886288,kashef-k8s-w1.user-service-547b88cd8f-mbl6h,container_cpu_usage_seconds_total,0.0
1744886288,kashef-k8s-ctl.user-mongodb-7745bbd78-xrw2n,container_cpu_usage_seconds_total,0.008
1744886288,kashef-k8s-w1.text-service-fff64b8bf-v9dsr,container_cpu_usage_seconds_total,0.001
1744886288,kashef-k8s-w1.nginx-thrift-79478f9bf5-h66tn,container_cpu_usage_seconds_total,0.007
1744886288,kashef-k8s-w1.url-shorten-service-66949ddcc4-xlfmt,container_cpu_usage_seconds_total,0.001
1744886288,kashef-k8s-w1.home-timeline-service-5754ffbc6d-zp4pr,container_cpu_usage_seconds_total,0.003
1744886288,kashef-k8s-ctl.unique-id-service-694497b678-bzxbf,container_cpu_usage_seconds_total,0.0
1744886288,kashef-k8s-ctl.url-shorten-memcached-6546746864-pg8xh,container_cpu_usage_seconds_total,0.0
1744886294,kashef-k8s-w1.post-storage-service-66c9966f5f-nllkd,container_cpu_usage_seconds_total,0.002
1744886294,kashef-k8s-ctl.jaeger-67997f9775-tjgc8,container_cpu_usage_seconds_total,0.001
1744886294,kashef-k8s-w1.media-frontend-6b66b95ff4-xrdq6,container_cpu_usage_seconds_total,0.0
1744886294,kashef-k8s-ctl.user-timeline-mongodb-6758898d48-gggfw,container_cpu_usage_seconds_total,0.011
1744886294,kashef-k8s-w1.nginx-thrift-79478f9bf5-h66tn,container_cpu_usage_seconds_total,0.007
1744886294,kashef-k8s-ctl.post-storage-mongodb-5579669d8c-ckzsx,container_cpu_usage_seconds_total,0.007
1744886294,kashef-k8s-ctl.post-storage-memcached-6b75788fc6-gnd8c,container_cpu_usage_seconds_total,0.0
1744886294,kashef-k8s-w1.social-graph-mongodb-55df767ff5-c86pb,container_cpu_usage_seconds_total,0.33
1744886294,kashef-k8s-ctl.unique-id-service-694497b678-bzxbf,container_cpu_usage_seconds_total,0.0
1744886294,kashef-k8s-ctl.url-shorten-memcached-6546746864-pg8xh,container_cpu_usage_seconds_total,0.0
1744886294,kashef-k8s-w1.media-service-6c665c775d-s7hl8,container_cpu_usage_seconds_total,0.0
1744886294,kashef-k8s-ctl.user-timeline-redis-67cc95bc57-klp4b,container_cpu_usage_seconds_total,0.003
1744886294,kashef-k8s-ctl.media-mongodb-7b64c59567-6ntnm,container_cpu_usage_seconds_total,0.007
1744886294,kashef-k8s-ctl.url-shorten-mongodb-57c886d5f8-2m8fs,container_cpu_usage_seconds_total,0.007
1744886294,kashef-k8s-w1.compose-post-service-f587bf89d-l5zcs,container_cpu_usage_seconds_total,0.003
1744886294,kashef-k8s-w1.text-service-fff64b8bf-v9dsr,container_cpu_usage_seconds_total,0.014
1744886294,kashef-k8s-ctl.home-timeline-redis-6c6647df6f-5vgsk,container_cpu_usage_seconds_total,0.004
1744886294,kashef-k8s-w1.user-mention-service-5c4f566c5-w4xpc,container_cpu_usage_seconds_total,0.001
1744886294,kashef-k8s-ctl.media-memcached-7889bdfdfb-2thqn,container_cpu_usage_seconds_total,0.0
1744886294,kashef-k8s-w1.home-timeline-service-5754ffbc6d-zp4pr,container_cpu_usage_seconds_total,0.003
1744886294,kashef-k8s-w1.user-timeline-service-664c7f6696-fvhv9,container_cpu_usage_seconds_total,0.887
1744886294,kashef-k8s-ctl.user-mongodb-7745bbd78-xrw2n,container_cpu_usage_seconds_total,0.006
1744886294,kashef-k8s-ctl.social-graph-service-677dbc655c-2tqbt,container_cpu_usage_seconds_total,0.001
1744886294,kashef-k8s-w1.social-graph-redis-5bbd5b7458-tqz7l,container_cpu_usage_seconds_total,0.051
1744886294,kashef-k8s-w1.url-shorten-service-66949ddcc4-xlfmt,container_cpu_usage_seconds_total,0.001
1744886294,kashef-k8s-w1.user-service-547b88cd8f-mbl6h,container_cpu_usage_seconds_total,0.0
1744886294,kashef-k8s-w1.user-memcached-59687c864d-d5rb5,container_cpu_usage_seconds_total,0.001
1744886300,kashef-k8s-w1.nginx-thrift-79478f9bf5-h66tn,container_cpu_usage_seconds_total,0.164
1744886300,kashef-k8s-w1.user-service-547b88cd8f-mbl6h,container_cpu_usage_seconds_total,0.022
1744886300,kashef-k8s-w1.social-graph-redis-5bbd5b7458-tqz7l,container_cpu_usage_seconds_total,0.051
1744886300,kashef-k8s-w1.url-shorten-service-66949ddcc4-xlfmt,container_cpu_usage_seconds_total,0.015
1744886300,kashef-k8s-ctl.social-graph-service-677dbc655c-2tqbt,container_cpu_usage_seconds_total,0.001
1744886300,kashef-k8s-w1.user-timeline-service-664c7f6696-fvhv9,container_cpu_usage_seconds_total,0.934
1744886300,kashef-k8s-ctl.unique-id-service-694497b678-bzxbf,container_cpu_usage_seconds_total,0.0
1744886300,kashef-k8s-w1.media-frontend-6b66b95ff4-xrdq6,container_cpu_usage_seconds_total,0.0
1744886300,kashef-k8s-w1.compose-post-service-f587bf89d-l5zcs,container_cpu_usage_seconds_total,0.009
1744886300,kashef-k8s-ctl.user-timeline-redis-67cc95bc57-klp4b,container_cpu_usage_seconds_total,0.003
1744886300,kashef-k8s-w1.social-graph-mongodb-55df767ff5-c86pb,container_cpu_usage_seconds_total,0.33
1744886300,kashef-k8s-ctl.url-shorten-memcached-6546746864-pg8xh,container_cpu_usage_seconds_total,0.0
1744886300,kashef-k8s-w1.post-storage-service-66c9966f5f-nllkd,container_cpu_usage_seconds_total,0.025
1744886300,kashef-k8s-ctl.media-mongodb-7b64c59567-6ntnm,container_cpu_usage_seconds_total,0.007
1744886300,kashef-k8s-w1.media-service-6c665c775d-s7hl8,container_cpu_usage_seconds_total,0.014
1744886300,kashef-k8s-w1.home-timeline-service-5754ffbc6d-zp4pr,container_cpu_usage_seconds_total,0.006
1744886300,kashef-k8s-ctl.home-timeline-redis-6c6647df6f-5vgsk,container_cpu_usage_seconds_total,0.004
1744886300,kashef-k8s-w1.text-service-fff64b8bf-v9dsr,container_cpu_usage_seconds_total,0.015
1744886300,kashef-k8s-ctl.post-storage-memcached-6b75788fc6-gnd8c,container_cpu_usage_seconds_total,0.0
1744886300,kashef-k8s-ctl.media-memcached-7889bdfdfb-2thqn,container_cpu_usage_seconds_total,0.0
1744886300,kashef-k8s-ctl.user-mongodb-7745bbd78-xrw2n,container_cpu_usage_seconds_total,0.007
1744886300,kashef-k8s-w1.user-memcached-59687c864d-d5rb5,container_cpu_usage_seconds_total,0.05
1744886300,kashef-k8s-ctl.user-timeline-mongodb-6758898d48-gggfw,container_cpu_usage_seconds_total,0.011
1744886300,kashef-k8s-ctl.post-storage-mongodb-5579669d8c-ckzsx,container_cpu_usage_seconds_total,0.008
1744886300,kashef-k8s-ctl.jaeger-67997f9775-tjgc8,container_cpu_usage_seconds_total,0.002
1744886300,kashef-k8s-ctl.url-shorten-mongodb-57c886d5f8-2m8fs,container_cpu_usage_seconds_total,0.008
1744886300,kashef-k8s-w1.user-mention-service-5c4f566c5-w4xpc,container_cpu_usage_seconds_total,0.023
1744886306,kashef-k8s-ctl.media-mongodb-7b64c59567-6ntnm,container_cpu_usage_seconds_total,0.007
1744886306,kashef-k8s-ctl.social-graph-service-677dbc655c-2tqbt,container_cpu_usage_seconds_total,0.001
1744886306,kashef-k8s-ctl.unique-id-service-694497b678-bzxbf,container_cpu_usage_seconds_total,0.0
1744886306,kashef-k8s-w1.media-service-6c665c775d-s7hl8,container_cpu_usage_seconds_total,0.014
1744886306,kashef-k8s-w1.nginx-thrift-79478f9bf5-h66tn,container_cpu_usage_seconds_total,0.164
1744886306,kashef-k8s-ctl.url-shorten-memcached-6546746864-pg8xh,container_cpu_usage_seconds_total,0.0
1744886306,kashef-k8s-w1.post-storage-service-66c9966f5f-nllkd,container_cpu_usage_seconds_total,0.028
1744886306,kashef-k8s-w1.social-graph-mongodb-55df767ff5-c86pb,container_cpu_usage_seconds_total,0.381
1744886306,kashef-k8s-ctl.user-timeline-redis-67cc95bc57-klp4b,container_cpu_usage_seconds_total,0.003
1744886306,kashef-k8s-ctl.url-shorten-mongodb-57c886d5f8-2m8fs,container_cpu_usage_seconds_total,0.008
1744886306,kashef-k8s-w1.user-timeline-service-664c7f6696-fvhv9,container_cpu_usage_seconds_total,1.064
1744886306,kashef-k8s-w1.media-frontend-6b66b95ff4-xrdq6,container_cpu_usage_seconds_total,0.0
1744886306,kashef-k8s-w1.home-timeline-service-5754ffbc6d-zp4pr,container_cpu_usage_seconds_total,0.006
1744886306,kashef-k8s-w1.url-shorten-service-66949ddcc4-xlfmt,container_cpu_usage_seconds_total,0.015
1744886306,kashef-k8s-ctl.user-timeline-mongodb-6758898d48-gggfw,container_cpu_usage_seconds_total,0.011
1744886306,kashef-k8s-w1.social-graph-redis-5bbd5b7458-tqz7l,container_cpu_usage_seconds_total,0.06
1744886306,kashef-k8s-w1.user-service-547b88cd8f-mbl6h,container_cpu_usage_seconds_total,0.023
1744886306,kashef-k8s-ctl.home-timeline-redis-6c6647df6f-5vgsk,container_cpu_usage_seconds_total,0.004
1744886306,kashef-k8s-w1.user-mention-service-5c4f566c5-w4xpc,container_cpu_usage_seconds_total,0.024
1744886306,kashef-k8s-ctl.media-memcached-7889bdfdfb-2thqn,container_cpu_usage_seconds_total,0.0
1744886306,kashef-k8s-ctl.jaeger-67997f9775-tjgc8,container_cpu_usage_seconds_total,0.002
1744886306,kashef-k8s-ctl.post-storage-mongodb-5579669d8c-ckzsx,container_cpu_usage_seconds_total,0.008
1744886306,kashef-k8s-ctl.post-storage-memcached-6b75788fc6-gnd8c,container_cpu_usage_seconds_total,0.0
1744886306,kashef-k8s-w1.text-service-fff64b8bf-v9dsr,container_cpu_usage_seconds_total,0.014
1744886306,kashef-k8s-ctl.user-mongodb-7745bbd78-xrw2n,container_cpu_usage_seconds_total,0.007
1744886306,kashef-k8s-w1.user-memcached-59687c864d-d5rb5,container_cpu_usage_seconds_total,0.056
1744886306,kashef-k8s-w1.compose-post-service-f587bf89d-l5zcs,container_cpu_usage_seconds_total,0.01
1744886312,kashef-k8s-w1.social-graph-redis-5bbd5b7458-tqz7l,container_cpu_usage_seconds_total,0.054
1744886312,kashef-k8s-ctl.user-timeline-mongodb-6758898d48-gggfw,container_cpu_usage_seconds_total,0.011
1744886312,kashef-k8s-ctl.user-mongodb-7745bbd78-xrw2n,container_cpu_usage_seconds_total,0.007
1744886312,kashef-k8s-w1.url-shorten-service-66949ddcc4-xlfmt,container_cpu_usage_seconds_total,0.016
1744886312,kashef-k8s-ctl.url-shorten-mongodb-57c886d5f8-2m8fs,container_cpu_usage_seconds_total,0.008
1744886312,kashef-k8s-ctl.user-timeline-redis-67cc95bc57-klp4b,container_cpu_usage_seconds_total,0.003
1744886312,kashef-k8s-w1.user-timeline-service-664c7f6696-fvhv9,container_cpu_usage_seconds_total,1.133
1744886312,kashef-k8s-w1.media-service-6c665c775d-s7hl8,container_cpu_usage_seconds_total,0.014
1744886312,kashef-k8s-ctl.media-mongodb-7b64c59567-6ntnm,container_cpu_usage_seconds_total,0.007
1744886312,kashef-k8s-w1.user-mention-service-5c4f566c5-w4xpc,container_cpu_usage_seconds_total,0.021
1744886312,kashef-k8s-w1.post-storage-service-66c9966f5f-nllkd,container_cpu_usage_seconds_total,0.026
1744886312,kashef-k8s-ctl.home-timeline-redis-6c6647df6f-5vgsk,container_cpu_usage_seconds_total,0.004
1744886312,kashef-k8s-ctl.social-graph-service-677dbc655c-2tqbt,container_cpu_usage_seconds_total,0.001
1744886312,kashef-k8s-w1.user-service-547b88cd8f-mbl6h,container_cpu_usage_seconds_total,0.019
1744886312,kashef-k8s-ctl.jaeger-67997f9775-tjgc8,container_cpu_usage_seconds_total,0.002
1744886312,kashef-k8s-w1.social-graph-mongodb-55df767ff5-c86pb,container_cpu_usage_seconds_total,0.405
1744886312,kashef-k8s-w1.media-frontend-6b66b95ff4-xrdq6,container_cpu_usage_seconds_total,0.0
1744886312,kashef-k8s-ctl.post-storage-memcached-6b75788fc6-gnd8c,container_cpu_usage_seconds_total,0.0
1744886312,kashef-k8s-ctl.unique-id-service-694497b678-bzxbf,container_cpu_usage_seconds_total,0.0
1744886312,kashef-k8s-ctl.media-memcached-7889bdfdfb-2thqn,container_cpu_usage_seconds_total,0.0
1744886312,kashef-k8s-ctl.url-shorten-memcached-6546746864-pg8xh,container_cpu_usage_seconds_total,0.0
1744886312,kashef-k8s-w1.home-timeline-service-5754ffbc6d-zp4pr,container_cpu_usage_seconds_total,0.006
1744886312,kashef-k8s-w1.user-memcached-59687c864d-d5rb5,container_cpu_usage_seconds_total,0.051
1744886312,kashef-k8s-w1.nginx-thrift-79478f9bf5-h66tn,container_cpu_usage_seconds_total,0.164
1744886312,kashef-k8s-ctl.post-storage-mongodb-5579669d8c-ckzsx,container_cpu_usage_seconds_total,0.008
1744886312,kashef-k8s-w1.text-service-fff64b8bf-v9dsr,container_cpu_usage_seconds_total,0.016
1744886312,kashef-k8s-w1.compose-post-service-f587bf89d-l5zcs,container_cpu_usage_seconds_total,0.009
1744886318,kashef-k8s-ctl.post-storage-mongodb-5579669d8c-ckzsx,container_cpu_usage_seconds_total,0.007
1744886318,kashef-k8s-w1.nginx-thrift-79478f9bf5-h66tn,container_cpu_usage_seconds_total,0.136
1744886318,kashef-k8s-w1.home-timeline-service-5754ffbc6d-zp4pr,container_cpu_usage_seconds_total,0.006
1744886318,kashef-k8s-w1.user-mention-service-5c4f566c5-w4xpc,container_cpu_usage_seconds_total,0.024
1744886318,kashef-k8s-w1.url-shorten-service-66949ddcc4-xlfmt,container_cpu_usage_seconds_total,0.016
1744886318,kashef-k8s-ctl.user-mongodb-7745bbd78-xrw2n,container_cpu_usage_seconds_total,0.007
1744886318,kashef-k8s-ctl.social-graph-service-677dbc655c-2tqbt,container_cpu_usage_seconds_total,0.001
1744886318,kashef-k8s-w1.user-timeline-service-664c7f6696-fvhv9,container_cpu_usage_seconds_total,1.202
1744886318,kashef-k8s-ctl.url-shorten-memcached-6546746864-pg8xh,container_cpu_usage_seconds_total,0.0
1744886318,kashef-k8s-ctl.url-shorten-mongodb-57c886d5f8-2m8fs,container_cpu_usage_seconds_total,0.007
1744886318,kashef-k8s-ctl.user-timeline-redis-67cc95bc57-klp4b,container_cpu_usage_seconds_total,0.003
1744886318,kashef-k8s-ctl.post-storage-memcached-6b75788fc6-gnd8c,container_cpu_usage_seconds_total,0.0
1744886318,kashef-k8s-ctl.unique-id-service-694497b678-bzxbf,container_cpu_usage_seconds_total,0.0
1744886318,kashef-k8s-ctl.jaeger-67997f9775-tjgc8,container_cpu_usage_seconds_total,0.001
1744886318,kashef-k8s-ctl.media-memcached-7889bdfdfb-2thqn,container_cpu_usage_seconds_total,0.0
1744886318,kashef-k8s-w1.post-storage-service-66c9966f5f-nllkd,container_cpu_usage_seconds_total,0.027
1744886318,kashef-k8s-w1.media-service-6c665c775d-s7hl8,container_cpu_usage_seconds_total,0.015
1744886318,kashef-k8s-ctl.media-mongodb-7b64c59567-6ntnm,container_cpu_usage_seconds_total,0.007
1744886318,kashef-k8s-w1.social-graph-mongodb-55df767ff5-c86pb,container_cpu_usage_seconds_total,0.428
1744886318,kashef-k8s-w1.media-frontend-6b66b95ff4-xrdq6,container_cpu_usage_seconds_total,0.0
1744886318,kashef-k8s-w1.social-graph-redis-5bbd5b7458-tqz7l,container_cpu_usage_seconds_total,0.056
1744886318,kashef-k8s-w1.user-service-547b88cd8f-mbl6h,container_cpu_usage_seconds_total,0.022
1744886318,kashef-k8s-ctl.home-timeline-redis-6c6647df6f-5vgsk,container_cpu_usage_seconds_total,0.003
1744886318,kashef-k8s-w1.text-service-fff64b8bf-v9dsr,container_cpu_usage_seconds_total,0.016
1744886318,kashef-k8s-w1.compose-post-service-f587bf89d-l5zcs,container_cpu_usage_seconds_total,0.009
1744886318,kashef-k8s-w1.user-memcached-59687c864d-d5rb5,container_cpu_usage_seconds_total,0.054
1744886318,kashef-k8s-ctl.user-timeline-mongodb-6758898d48-gggfw,container_cpu_usage_seconds_total,0.01
1744886324,kashef-k8s-ctl.social-graph-service-677dbc655c-2tqbt,container_cpu_usage_seconds_total,0.001
1744886324,kashef-k8s-ctl.user-timeline-mongodb-6758898d48-gggfw,container_cpu_usage_seconds_total,0.01
1744886324,kashef-k8s-w1.compose-post-service-f587bf89d-l5zcs,container_cpu_usage_seconds_total,0.009
1744886324,kashef-k8s-w1.url-shorten-service-66949ddcc4-xlfmt,container_cpu_usage_seconds_total,0.017
1744886324,kashef-k8s-w1.user-service-547b88cd8f-mbl6h,container_cpu_usage_seconds_total,0.023
1744886324,kashef-k8s-ctl.home-timeline-redis-6c6647df6f-5vgsk,container_cpu_usage_seconds_total,0.003
1744886324,kashef-k8s-w1.user-memcached-59687c864d-d5rb5,container_cpu_usage_seconds_total,0.057
1744886324,kashef-k8s-w1.text-service-fff64b8bf-v9dsr,container_cpu_usage_seconds_total,0.017
1744886324,kashef-k8s-w1.post-storage-service-66c9966f5f-nllkd,container_cpu_usage_seconds_total,0.029
1744886324,kashef-k8s-w1.media-service-6c665c775d-s7hl8,container_cpu_usage_seconds_total,0.016
1744886324,kashef-k8s-w1.media-frontend-6b66b95ff4-xrdq6,container_cpu_usage_seconds_total,0.0
1744886324,kashef-k8s-ctl.post-storage-memcached-6b75788fc6-gnd8c,container_cpu_usage_seconds_total,0.0
1744886324,kashef-k8s-ctl.media-memcached-7889bdfdfb-2thqn,container_cpu_usage_seconds_total,0.0
1744886324,kashef-k8s-w1.social-graph-redis-5bbd5b7458-tqz7l,container_cpu_usage_seconds_total,0.056
1744886324,kashef-k8s-ctl.jaeger-67997f9775-tjgc8,container_cpu_usage_seconds_total,0.001
1744886324,kashef-k8s-ctl.media-mongodb-7b64c59567-6ntnm,container_cpu_usage_seconds_total,0.007
1744886324,kashef-k8s-ctl.user-timeline-redis-67cc95bc57-klp4b,container_cpu_usage_seconds_total,0.003
1744886324,kashef-k8s-ctl.post-storage-mongodb-5579669d8c-ckzsx,container_cpu_usage_seconds_total,0.006
1744886324,kashef-k8s-w1.user-mention-service-5c4f566c5-w4xpc,container_cpu_usage_seconds_total,0.025
1744886324,kashef-k8s-ctl.user-mongodb-7745bbd78-xrw2n,container_cpu_usage_seconds_total,0.007
1744886324,kashef-k8s-w1.nginx-thrift-79478f9bf5-h66tn,container_cpu_usage_seconds_total,0.136
1744886324,kashef-k8s-w1.social-graph-mongodb-55df767ff5-c86pb,container_cpu_usage_seconds_total,0.452
1744886324,kashef-k8s-ctl.unique-id-service-694497b678-bzxbf,container_cpu_usage_seconds_total,0.0
1744886324,kashef-k8s-w1.home-timeline-service-5754ffbc6d-zp4pr,container_cpu_usage_seconds_total,0.006
1744886324,kashef-k8s-w1.user-timeline-service-664c7f6696-fvhv9,container_cpu_usage_seconds_total,1.271
1744886324,kashef-k8s-ctl.url-shorten-mongodb-57c886d5f8-2m8fs,container_cpu_usage_seconds_total,0.006
1744886324,kashef-k8s-ctl.url-shorten-memcached-6546746864-pg8xh,container_cpu_usage_seconds_total,0.0
1744886330,kashef-k8s-w1.user-memcached-59687c864d-d5rb5,container_cpu_usage_seconds_total,0.059
1744886330,kashef-k8s-ctl.home-timeline-redis-6c6647df6f-5vgsk,container_cpu_usage_seconds_total,0.003
1744886330,kashef-k8s-w1.user-service-547b88cd8f-mbl6h,container_cpu_usage_seconds_total,0.024
1744886330,kashef-k8s-w1.url-shorten-service-66949ddcc4-xlfmt,container_cpu_usage_seconds_total,0.018
1744886330,kashef-k8s-ctl.user-mongodb-7745bbd78-xrw2n,container_cpu_usage_seconds_total,0.007
1744886330,kashef-k8s-w1.media-frontend-6b66b95ff4-xrdq6,container_cpu_usage_seconds_total,0.0
1744886330,kashef-k8s-ctl.post-storage-memcached-6b75788fc6-gnd8c,container_cpu_usage_seconds_total,0.0
1744886330,kashef-k8s-w1.post-storage-service-66c9966f5f-nllkd,container_cpu_usage_seconds_total,0.025
1744886330,kashef-k8s-w1.home-timeline-service-5754ffbc6d-zp4pr,container_cpu_usage_seconds_total,0.006
1744886330,kashef-k8s-w1.social-graph-redis-5bbd5b7458-tqz7l,container_cpu_usage_seconds_total,0.055
1744886330,kashef-k8s-ctl.jaeger-67997f9775-tjgc8,container_cpu_usage_seconds_total,0.001
1744886330,kashef-k8s-ctl.social-graph-service-677dbc655c-2tqbt,container_cpu_usage_seconds_total,0.001
1744886330,kashef-k8s-ctl.media-memcached-7889bdfdfb-2thqn,container_cpu_usage_seconds_total,0.0
1744886330,kashef-k8s-ctl.url-shorten-memcached-6546746864-pg8xh,container_cpu_usage_seconds_total,0.0
1744886330,kashef-k8s-w1.text-service-fff64b8bf-v9dsr,container_cpu_usage_seconds_total,0.018
1744886330,kashef-k8s-w1.compose-post-service-f587bf89d-l5zcs,container_cpu_usage_seconds_total,0.009
1744886330,kashef-k8s-ctl.user-timeline-mongodb-6758898d48-gggfw,container_cpu_usage_seconds_total,0.01
1744886330,kashef-k8s-ctl.url-shorten-mongodb-57c886d5f8-2m8fs,container_cpu_usage_seconds_total,0.008
1744886330,kashef-k8s-w1.user-timeline-service-664c7f6696-fvhv9,container_cpu_usage_seconds_total,1.341
1744886330,kashef-k8s-w1.media-service-6c665c775d-s7hl8,container_cpu_usage_seconds_total,0.017
1744886330,kashef-k8s-ctl.media-mongodb-7b64c59567-6ntnm,container_cpu_usage_seconds_total,0.007
1744886330,kashef-k8s-w1.nginx-thrift-79478f9bf5-h66tn,container_cpu_usage_seconds_total,0.201
1744886330,kashef-k8s-w1.user-mention-service-5c4f566c5-w4xpc,container_cpu_usage_seconds_total,0.027
1744886330,kashef-k8s-ctl.user-timeline-redis-67cc95bc57-klp4b,container_cpu_usage_seconds_total,0.003
1744886330,kashef-k8s-ctl.post-storage-mongodb-5579669d8c-ckzsx,container_cpu_usage_seconds_total,0.008
1744886330,kashef-k8s-w1.social-graph-mongodb-55df767ff5-c86pb,container_cpu_usage_seconds_total,0.469
1744886330,kashef-k8s-ctl.unique-id-service-694497b678-bzxbf,container_cpu_usage_seconds_total,0.0
1744886336,kashef-k8s-w1.compose-post-service-f587bf89d-l5zcs,container_cpu_usage_seconds_total,0.009
1744886336,kashef-k8s-ctl.user-timeline-redis-67cc95bc57-klp4b,container_cpu_usage_seconds_total,0.003
1744886336,kashef-k8s-w1.url-shorten-service-66949ddcc4-xlfmt,container_cpu_usage_seconds_total,0.018
1744886336,kashef-k8s-w1.user-mention-service-5c4f566c5-w4xpc,container_cpu_usage_seconds_total,0.028
1744886336,kashef-k8s-w1.user-timeline-service-664c7f6696-fvhv9,container_cpu_usage_seconds_total,0.847
1744886336,kashef-k8s-w1.media-service-6c665c775d-s7hl8,container_cpu_usage_seconds_total,0.013
1744886336,kashef-k8s-ctl.url-shorten-mongodb-57c886d5f8-2m8fs,container_cpu_usage_seconds_total,0.008
1744886336,kashef-k8s-ctl.media-mongodb-7b64c59567-6ntnm,container_cpu_usage_seconds_total,0.007
1744886336,kashef-k8s-ctl.home-timeline-redis-6c6647df6f-5vgsk,container_cpu_usage_seconds_total,0.003
1744886336,kashef-k8s-w1.media-frontend-6b66b95ff4-xrdq6,container_cpu_usage_seconds_total,0.0
1744886336,kashef-k8s-ctl.jaeger-67997f9775-tjgc8,container_cpu_usage_seconds_total,0.001
1744886336,kashef-k8s-w1.user-service-547b88cd8f-mbl6h,container_cpu_usage_seconds_total,0.025
1744886336,kashef-k8s-ctl.unique-id-service-694497b678-bzxbf,container_cpu_usage_seconds_total,0.0
1744886336,kashef-k8s-ctl.media-memcached-7889bdfdfb-2thqn,container_cpu_usage_seconds_total,0.0
1744886336,kashef-k8s-w1.post-storage-service-66c9966f5f-nllkd,container_cpu_usage_seconds_total,0.025
1744886336,kashef-k8s-ctl.post-storage-memcached-6b75788fc6-gnd8c,container_cpu_usage_seconds_total,0.0
1744886336,kashef-k8s-ctl.user-timeline-mongodb-6758898d48-gggfw,container_cpu_usage_seconds_total,0.01
1744886336,kashef-k8s-w1.social-graph-mongodb-55df767ff5-c86pb,container_cpu_usage_seconds_total,0.597
1744886336,kashef-k8s-ctl.social-graph-service-677dbc655c-2tqbt,container_cpu_usage_seconds_total,0.001
1744886336,kashef-k8s-ctl.post-storage-mongodb-5579669d8c-ckzsx,container_cpu_usage_seconds_total,0.008
1744886336,kashef-k8s-ctl.url-shorten-memcached-6546746864-pg8xh,container_cpu_usage_seconds_total,0.0
1744886336,kashef-k8s-w1.social-graph-redis-5bbd5b7458-tqz7l,container_cpu_usage_seconds_total,0.058
1744886336,kashef-k8s-w1.home-timeline-service-5754ffbc6d-zp4pr,container_cpu_usage_seconds_total,0.005
1744886336,kashef-k8s-w1.user-memcached-59687c864d-d5rb5,container_cpu_usage_seconds_total,0.069
1744886336,kashef-k8s-ctl.user-mongodb-7745bbd78-xrw2n,container_cpu_usage_seconds_total,0.007
1744886336,kashef-k8s-w1.text-service-fff64b8bf-v9dsr,container_cpu_usage_seconds_total,0.014
1744886336,kashef-k8s-w1.nginx-thrift-79478f9bf5-h66tn,container_cpu_usage_seconds_total,0.201
1744886342,kashef-k8s-w1.user-timeline-service-664c7f6696-fvhv9,container_cpu_usage_seconds_total,1.034
1744886342,kashef-k8s-w1.nginx-thrift-79478f9bf5-h66tn,container_cpu_usage_seconds_total,0.142
1744886342,kashef-k8s-ctl.url-shorten-memcached-6546746864-pg8xh,container_cpu_usage_seconds_total,0.0
1744886342,kashef-k8s-w1.social-graph-redis-5bbd5b7458-tqz7l,container_cpu_usage_seconds_total,0.061
1744886342,kashef-k8s-w1.user-mention-service-5c4f566c5-w4xpc,container_cpu_usage_seconds_total,0.022
1744886342,kashef-k8s-w1.text-service-fff64b8bf-v9dsr,container_cpu_usage_seconds_total,0.016
1744886342,kashef-k8s-ctl.media-mongodb-7b64c59567-6ntnm,container_cpu_usage_seconds_total,0.005
1744886342,kashef-k8s-w1.social-graph-mongodb-55df767ff5-c86pb,container_cpu_usage_seconds_total,0.345
1744886342,kashef-k8s-w1.media-frontend-6b66b95ff4-xrdq6,container_cpu_usage_seconds_total,0.0
1744886342,kashef-k8s-w1.media-service-6c665c775d-s7hl8,container_cpu_usage_seconds_total,0.015
1744886342,kashef-k8s-ctl.url-shorten-mongodb-57c886d5f8-2m8fs,container_cpu_usage_seconds_total,0.008
1744886342,kashef-k8s-ctl.home-timeline-redis-6c6647df6f-5vgsk,container_cpu_usage_seconds_total,0.003
1744886342,kashef-k8s-ctl.post-storage-mongodb-5579669d8c-ckzsx,container_cpu_usage_seconds_total,0.008
1744886342,kashef-k8s-ctl.user-timeline-mongodb-6758898d48-gggfw,container_cpu_usage_seconds_total,0.01
1744886342,kashef-k8s-ctl.social-graph-service-677dbc655c-2tqbt,container_cpu_usage_seconds_total,0.001
1744886342,kashef-k8s-w1.home-timeline-service-5754ffbc6d-zp4pr,container_cpu_usage_seconds_total,0.005
1744886342,kashef-k8s-ctl.media-memcached-7889bdfdfb-2thqn,container_cpu_usage_seconds_total,0.0
1744886342,kashef-k8s-ctl.user-mongodb-7745bbd78-xrw2n,container_cpu_usage_seconds_total,0.007
1744886342,kashef-k8s-w1.compose-post-service-f587bf89d-l5zcs,container_cpu_usage_seconds_total,0.008
1744886342,kashef-k8s-w1.url-shorten-service-66949ddcc4-xlfmt,container_cpu_usage_seconds_total,0.013
1744886342,kashef-k8s-ctl.unique-id-service-694497b678-bzxbf,container_cpu_usage_seconds_total,0.0
1744886342,kashef-k8s-w1.user-service-547b88cd8f-mbl6h,container_cpu_usage_seconds_total,0.021
1744886342,kashef-k8s-ctl.user-timeline-redis-67cc95bc57-klp4b,container_cpu_usage_seconds_total,0.003
1744886342,kashef-k8s-w1.user-memcached-59687c864d-d5rb5,container_cpu_usage_seconds_total,0.051
1744886342,kashef-k8s-ctl.jaeger-67997f9775-tjgc8,container_cpu_usage_seconds_total,0.001
1744886342,kashef-k8s-w1.post-storage-service-66c9966f5f-nllkd,container_cpu_usage_seconds_total,0.028
1744886342,kashef-k8s-ctl.post-storage-memcached-6b75788fc6-gnd8c,container_cpu_usage_seconds_total,0.0
1744886348,kashef-k8s-w1.social-graph-mongodb-55df767ff5-c86pb,container_cpu_usage_seconds_total,0.364
1744886348,kashef-k8s-ctl.media-mongodb-7b64c59567-6ntnm,container_cpu_usage_seconds_total,0.006
1744886348,kashef-k8s-w1.nginx-thrift-79478f9bf5-h66tn,container_cpu_usage_seconds_total,0.142
1744886348,kashef-k8s-ctl.url-shorten-memcached-6546746864-pg8xh,container_cpu_usage_seconds_total,0.0
1744886348,kashef-k8s-w1.user-mention-service-5c4f566c5-w4xpc,container_cpu_usage_seconds_total,0.023
1744886348,kashef-k8s-ctl.user-timeline-mongodb-6758898d48-gggfw,container_cpu_usage_seconds_total,0.008
1744886348,kashef-k8s-ctl.post-storage-memcached-6b75788fc6-gnd8c,container_cpu_usage_seconds_total,0.0
1744886348,kashef-k8s-w1.media-frontend-6b66b95ff4-xrdq6,container_cpu_usage_seconds_total,0.0
1744886348,kashef-k8s-ctl.home-timeline-redis-6c6647df6f-5vgsk,container_cpu_usage_seconds_total,0.003
1744886348,kashef-k8s-ctl.social-graph-service-677dbc655c-2tqbt,container_cpu_usage_seconds_total,0.0
1744886348,kashef-k8s-w1.home-timeline-service-5754ffbc6d-zp4pr,container_cpu_usage_seconds_total,0.005
1744886348,kashef-k8s-w1.post-storage-service-66c9966f5f-nllkd,container_cpu_usage_seconds_total,0.028
1744886348,kashef-k8s-w1.user-service-547b88cd8f-mbl6h,container_cpu_usage_seconds_total,0.023
1744886348,kashef-k8s-ctl.url-shorten-mongodb-57c886d5f8-2m8fs,container_cpu_usage_seconds_total,0.008
1744886348,kashef-k8s-w1.social-graph-redis-5bbd5b7458-tqz7l,container_cpu_usage_seconds_total,0.063
1744886348,kashef-k8s-w1.url-shorten-service-66949ddcc4-xlfmt,container_cpu_usage_seconds_total,0.016
1744886348,kashef-k8s-w1.media-service-6c665c775d-s7hl8,container_cpu_usage_seconds_total,0.016
1744886348,kashef-k8s-w1.user-timeline-service-664c7f6696-fvhv9,container_cpu_usage_seconds_total,1.034
1744886348,kashef-k8s-ctl.unique-id-service-694497b678-bzxbf,container_cpu_usage_seconds_total,0.0
1744886348,kashef-k8s-ctl.media-memcached-7889bdfdfb-2thqn,container_cpu_usage_seconds_total,0.0
1744886348,kashef-k8s-ctl.jaeger-67997f9775-tjgc8,container_cpu_usage_seconds_total,0.001
1744886348,kashef-k8s-w1.user-memcached-59687c864d-d5rb5,container_cpu_usage_seconds_total,0.054
1744886348,kashef-k8s-w1.compose-post-service-f587bf89d-l5zcs,container_cpu_usage_seconds_total,0.008
1744886348,kashef-k8s-w1.text-service-fff64b8bf-v9dsr,container_cpu_usage_seconds_total,0.017
1744886348,kashef-k8s-ctl.user-mongodb-7745bbd78-xrw2n,container_cpu_usage_seconds_total,0.007
1744886348,kashef-k8s-ctl.user-timeline-redis-67cc95bc57-klp4b,container_cpu_usage_seconds_total,0.003
1744886348,kashef-k8s-ctl.post-storage-mongodb-5579669d8c-ckzsx,container_cpu_usage_seconds_total,0.006
1744886354,kashef-k8s-w1.text-service-fff64b8bf-v9dsr,container_cpu_usage_seconds_total,0.018
1744886354,kashef-k8s-w1.compose-post-service-f587bf89d-l5zcs,container_cpu_usage_seconds_total,0.008
1744886354,kashef-k8s-w1.nginx-thrift-79478f9bf5-h66tn,container_cpu_usage_seconds_total,0.142
1744886354,kashef-k8s-w1.user-timeline-service-664c7f6696-fvhv9,container_cpu_usage_seconds_total,1.034
1744886354,kashef-k8s-w1.user-memcached-59687c864d-d5rb5,container_cpu_usage_seconds_total,0.057
1744886354,kashef-k8s-w1.url-shorten-service-66949ddcc4-xlfmt,container_cpu_usage_seconds_total,0.017
1744886354,kashef-k8s-ctl.user-timeline-redis-67cc95bc57-klp4b,container_cpu_usage_seconds_total,0.003
1744886354,kashef-k8s-ctl.jaeger-67997f9775-tjgc8,container_cpu_usage_seconds_total,0.001
1744886354,kashef-k8s-ctl.unique-id-service-694497b678-bzxbf,container_cpu_usage_seconds_total,0.0
1744886354,kashef-k8s-w1.user-mention-service-5c4f566c5-w4xpc,container_cpu_usage_seconds_total,0.025
1744886354,kashef-k8s-w1.media-service-6c665c775d-s7hl8,container_cpu_usage_seconds_total,0.016
1744886354,kashef-k8s-ctl.user-timeline-mongodb-6758898d48-gggfw,container_cpu_usage_seconds_total,0.004
1744886354,kashef-k8s-ctl.post-storage-memcached-6b75788fc6-gnd8c,container_cpu_usage_seconds_total,0.0
1744886354,kashef-k8s-ctl.media-memcached-7889bdfdfb-2thqn,container_cpu_usage_seconds_total,0.0
1744886354,kashef-k8s-ctl.home-timeline-redis-6c6647df6f-5vgsk,container_cpu_usage_seconds_total,0.002
1744886354,kashef-k8s-ctl.url-shorten-mongodb-57c886d5f8-2m8fs,container_cpu_usage_seconds_total,0.008
1744886354,kashef-k8s-ctl.social-graph-service-677dbc655c-2tqbt,container_cpu_usage_seconds_total,0.0
1744886354,kashef-k8s-w1.user-service-547b88cd8f-mbl6h,container_cpu_usage_seconds_total,0.024
1744886354,kashef-k8s-ctl.post-storage-mongodb-5579669d8c-ckzsx,container_cpu_usage_seconds_total,0.006
1744886354,kashef-k8s-w1.home-timeline-service-5754ffbc6d-zp4pr,container_cpu_usage_seconds_total,0.005
1744886354,kashef-k8s-ctl.url-shorten-memcached-6546746864-pg8xh,container_cpu_usage_seconds_total,0.0
1744886354,kashef-k8s-w1.post-storage-service-66c9966f5f-nllkd,container_cpu_usage_seconds_total,0.028
1744886354,kashef-k8s-w1.social-graph-mongodb-55df767ff5-c86pb,container_cpu_usage_seconds_total,0.384
1744886354,kashef-k8s-ctl.media-mongodb-7b64c59567-6ntnm,container_cpu_usage_seconds_total,0.007
1744886354,kashef-k8s-w1.media-frontend-6b66b95ff4-xrdq6,container_cpu_usage_seconds_total,0.0
1744886354,kashef-k8s-ctl.user-mongodb-7745bbd78-xrw2n,container_cpu_usage_seconds_total,0.007
1744886354,kashef-k8s-w1.social-graph-redis-5bbd5b7458-tqz7l,container_cpu_usage_seconds_total,0.063
1744886360,kashef-k8s-ctl.user-mongodb-7745bbd78-xrw2n,container_cpu_usage_seconds_total,0.007
1744886360,kashef-k8s-w1.compose-post-service-f587bf89d-l5zcs,container_cpu_usage_seconds_total,0.007
1744886360,kashef-k8s-w1.media-frontend-6b66b95ff4-xrdq6,container_cpu_usage_seconds_total,0.0
1744886360,kashef-k8s-ctl.media-mongodb-7b64c59567-6ntnm,container_cpu_usage_seconds_total,0.007
1744886360,kashef-k8s-ctl.url-shorten-mongodb-57c886d5f8-2m8fs,container_cpu_usage_seconds_total,0.007
1744886360,kashef-k8s-w1.user-service-547b88cd8f-mbl6h,container_cpu_usage_seconds_total,0.025
1744886360,kashef-k8s-w1.media-service-6c665c775d-s7hl8,container_cpu_usage_seconds_total,0.017
1744886360,kashef-k8s-w1.text-service-fff64b8bf-v9dsr,container_cpu_usage_seconds_total,0.018
1744886360,kashef-k8s-ctl.post-storage-mongodb-5579669d8c-ckzsx,container_cpu_usage_seconds_total,0.007
1744886360,kashef-k8s-ctl.social-graph-service-677dbc655c-2tqbt,container_cpu_usage_seconds_total,0.0
1744886360,kashef-k8s-w1.user-mention-service-5c4f566c5-w4xpc,container_cpu_usage_seconds_total,0.026
1744886360,kashef-k8s-w1.social-graph-redis-5bbd5b7458-tqz7l,container_cpu_usage_seconds_total,0.001
1744886360,kashef-k8s-ctl.unique-id-service-694497b678-bzxbf,container_cpu_usage_seconds_total,0.0
1744886360,kashef-k8s-ctl.home-timeline-redis-6c6647df6f-5vgsk,container_cpu_usage_seconds_total,0.003
1744886360,kashef-k8s-w1.url-shorten-service-66949ddcc4-xlfmt,container_cpu_usage_seconds_total,0.018
1744886360,kashef-k8s-ctl.user-timeline-redis-67cc95bc57-klp4b,container_cpu_usage_seconds_total,0.003
1744886360,kashef-k8s-ctl.media-memcached-7889bdfdfb-2thqn,container_cpu_usage_seconds_total,0.0
1744886360,kashef-k8s-ctl.user-timeline-mongodb-6758898d48-gggfw,container_cpu_usage_seconds_total,0.008
1744886360,kashef-k8s-w1.social-graph-mongodb-55df767ff5-c86pb,container_cpu_usage_seconds_total,0.393
1744886360,kashef-k8s-w1.home-timeline-service-5754ffbc6d-zp4pr,container_cpu_usage_seconds_total,0.005
1744886360,kashef-k8s-w1.user-memcached-59687c864d-d5rb5,container_cpu_usage_seconds_total,0.059
1744886360,kashef-k8s-ctl.post-storage-memcached-6b75788fc6-gnd8c,container_cpu_usage_seconds_total,0.0
1744886360,kashef-k8s-w1.user-timeline-service-664c7f6696-fvhv9,container_cpu_usage_seconds_total,1.034
1744886360,kashef-k8s-w1.nginx-thrift-79478f9bf5-h66tn,container_cpu_usage_seconds_total,0.142
1744886360,kashef-k8s-ctl.jaeger-67997f9775-tjgc8,container_cpu_usage_seconds_total,0.001
1744886360,kashef-k8s-ctl.url-shorten-memcached-6546746864-pg8xh,container_cpu_usage_seconds_total,0.0
1744886360,kashef-k8s-w1.post-storage-service-66c9966f5f-nllkd,container_cpu_usage_seconds_total,0.0
1744886366,kashef-k8s-w1.media-service-6c665c775d-s7hl8,container_cpu_usage_seconds_total,0.0
1744886366,kashef-k8s-ctl.user-mongodb-7745bbd78-xrw2n,container_cpu_usage_seconds_total,0.007
1744886366,kashef-k8s-w1.media-frontend-6b66b95ff4-xrdq6,container_cpu_usage_seconds_total,0.0
1744886366,kashef-k8s-ctl.user-timeline-redis-67cc95bc57-klp4b,container_cpu_usage_seconds_total,0.003
1744886366,kashef-k8s-w1.text-service-fff64b8bf-v9dsr,container_cpu_usage_seconds_total,0.0
1744886366,kashef-k8s-ctl.unique-id-service-694497b678-bzxbf,container_cpu_usage_seconds_total,0.0
1744886366,kashef-k8s-w1.user-mention-service-5c4f566c5-w4xpc,container_cpu_usage_seconds_total,0.027
1744886366,kashef-k8s-ctl.url-shorten-memcached-6546746864-pg8xh,container_cpu_usage_seconds_total,0.0
1744886366,kashef-k8s-ctl.post-storage-mongodb-5579669d8c-ckzsx,container_cpu_usage_seconds_total,0.007
1744886366,kashef-k8s-w1.social-graph-redis-5bbd5b7458-tqz7l,container_cpu_usage_seconds_total,0.002
1744886366,kashef-k8s-ctl.home-timeline-redis-6c6647df6f-5vgsk,container_cpu_usage_seconds_total,0.003
1744886366,kashef-k8s-w1.user-service-547b88cd8f-mbl6h,container_cpu_usage_seconds_total,0.026
1744886366,kashef-k8s-ctl.url-shorten-mongodb-57c886d5f8-2m8fs,container_cpu_usage_seconds_total,0.007
1744886366,kashef-k8s-w1.compose-post-service-f587bf89d-l5zcs,container_cpu_usage_seconds_total,0.007
1744886366,kashef-k8s-ctl.media-mongodb-7b64c59567-6ntnm,container_cpu_usage_seconds_total,0.007
1744886366,kashef-k8s-ctl.post-storage-memcached-6b75788fc6-gnd8c,container_cpu_usage_seconds_total,0.0
1744886366,kashef-k8s-ctl.media-memcached-7889bdfdfb-2thqn,container_cpu_usage_seconds_total,0.0
1744886366,kashef-k8s-ctl.social-graph-service-677dbc655c-2tqbt,container_cpu_usage_seconds_total,0.0
1744886366,kashef-k8s-ctl.user-timeline-mongodb-6758898d48-gggfw,container_cpu_usage_seconds_total,0.008
1744886366,kashef-k8s-ctl.jaeger-67997f9775-tjgc8,container_cpu_usage_seconds_total,0.001
1744886366,kashef-k8s-w1.post-storage-service-66c9966f5f-nllkd,container_cpu_usage_seconds_total,0.0
1744886366,kashef-k8s-w1.home-timeline-service-5754ffbc6d-zp4pr,container_cpu_usage_seconds_total,0.0
1744886366,kashef-k8s-w1.social-graph-mongodb-55df767ff5-c86pb,container_cpu_usage_seconds_total,0.007
1744886366,kashef-k8s-w1.user-timeline-service-664c7f6696-fvhv9,container_cpu_usage_seconds_total,0.852
1744886366,kashef-k8s-w1.user-memcached-59687c864d-d5rb5,container_cpu_usage_seconds_total,0.0
1744886366,kashef-k8s-w1.url-shorten-service-66949ddcc4-xlfmt,container_cpu_usage_seconds_total,0.014
1744886366,kashef-k8s-w1.nginx-thrift-79478f9bf5-h66tn,container_cpu_usage_seconds_total,0.001
1744886372,kashef-k8s-w1.url-shorten-service-66949ddcc4-xlfmt,container_cpu_usage_seconds_total,0.014
1744886372,kashef-k8s-w1.nginx-thrift-79478f9bf5-h66tn,container_cpu_usage_seconds_total,0.001
1744886372,kashef-k8s-w1.user-memcached-59687c864d-d5rb5,container_cpu_usage_seconds_total,0.0
1744886372,kashef-k8s-ctl.post-storage-memcached-6b75788fc6-gnd8c,container_cpu_usage_seconds_total,0.0
1744886372,kashef-k8s-ctl.media-memcached-7889bdfdfb-2thqn,container_cpu_usage_seconds_total,0.0
1744886372,kashef-k8s-w1.social-graph-mongodb-55df767ff5-c86pb,container_cpu_usage_seconds_total,0.007
1744886372,kashef-k8s-ctl.user-timeline-mongodb-6758898d48-gggfw,container_cpu_usage_seconds_total,0.008
1744886372,kashef-k8s-w1.user-timeline-service-664c7f6696-fvhv9,container_cpu_usage_seconds_total,0.198
1744886372,kashef-k8s-w1.home-timeline-service-5754ffbc6d-zp4pr,container_cpu_usage_seconds_total,0.0
1744886372,kashef-k8s-w1.user-mention-service-5c4f566c5-w4xpc,container_cpu_usage_seconds_total,0.027
1744886372,kashef-k8s-ctl.url-shorten-memcached-6546746864-pg8xh,container_cpu_usage_seconds_total,0.0
1744886372,kashef-k8s-ctl.unique-id-service-694497b678-bzxbf,container_cpu_usage_seconds_total,0.0
1744886372,kashef-k8s-ctl.social-graph-service-677dbc655c-2tqbt,container_cpu_usage_seconds_total,0.0
1744886372,kashef-k8s-w1.post-storage-service-66c9966f5f-nllkd,container_cpu_usage_seconds_total,0.0
1744886372,kashef-k8s-ctl.jaeger-67997f9775-tjgc8,container_cpu_usage_seconds_total,0.001
1744886372,kashef-k8s-w1.social-graph-redis-5bbd5b7458-tqz7l,container_cpu_usage_seconds_total,0.002
1744886372,kashef-k8s-w1.text-service-fff64b8bf-v9dsr,container_cpu_usage_seconds_total,0.0
1744886372,kashef-k8s-ctl.url-shorten-mongodb-57c886d5f8-2m8fs,container_cpu_usage_seconds_total,0.007
1744886372,kashef-k8s-w1.compose-post-service-f587bf89d-l5zcs,container_cpu_usage_seconds_total,0.007
1744886372,kashef-k8s-w1.media-service-6c665c775d-s7hl8,container_cpu_usage_seconds_total,0.0
1744886372,kashef-k8s-w1.user-service-547b88cd8f-mbl6h,container_cpu_usage_seconds_total,0.0
1744886372,kashef-k8s-w1.media-frontend-6b66b95ff4-xrdq6,container_cpu_usage_seconds_total,0.0
1744886372,kashef-k8s-ctl.user-mongodb-7745bbd78-xrw2n,container_cpu_usage_seconds_total,0.007
1744886372,kashef-k8s-ctl.media-mongodb-7b64c59567-6ntnm,container_cpu_usage_seconds_total,0.007
1744886372,kashef-k8s-ctl.post-storage-mongodb-5579669d8c-ckzsx,container_cpu_usage_seconds_total,0.007
1744886372,kashef-k8s-ctl.user-timeline-redis-67cc95bc57-klp4b,container_cpu_usage_seconds_total,0.003
1744886372,kashef-k8s-ctl.home-timeline-redis-6c6647df6f-5vgsk,container_cpu_usage_seconds_total,0.003
1744886378,kashef-k8s-ctl.post-storage-memcached-6b75788fc6-gnd8c,container_cpu_usage_seconds_total,0.0
1744886378,kashef-k8s-w1.nginx-thrift-79478f9bf5-h66tn,container_cpu_usage_seconds_total,0.001
1744886378,kashef-k8s-ctl.media-memcached-7889bdfdfb-2thqn,container_cpu_usage_seconds_total,0.0
1744886378,kashef-k8s-w1.user-memcached-59687c864d-d5rb5,container_cpu_usage_seconds_total,0.0
1744886378,kashef-k8s-w1.url-shorten-service-66949ddcc4-xlfmt,container_cpu_usage_seconds_total,0.0
1744886378,kashef-k8s-w1.social-graph-mongodb-55df767ff5-c86pb,container_cpu_usage_seconds_total,0.007
1744886378,kashef-k8s-ctl.unique-id-service-694497b678-bzxbf,container_cpu_usage_seconds_total,0.0
1744886378,kashef-k8s-w1.user-service-547b88cd8f-mbl6h,container_cpu_usage_seconds_total,0.0
1744886378,kashef-k8s-w1.user-mention-service-5c4f566c5-w4xpc,container_cpu_usage_seconds_total,0.0
1744886378,kashef-k8s-w1.post-storage-service-66c9966f5f-nllkd,container_cpu_usage_seconds_total,0.0
1744886378,kashef-k8s-w1.home-timeline-service-5754ffbc6d-zp4pr,container_cpu_usage_seconds_total,0.0
1744886378,kashef-k8s-ctl.jaeger-67997f9775-tjgc8,container_cpu_usage_seconds_total,0.001
1744886378,kashef-k8s-ctl.social-graph-service-677dbc655c-2tqbt,container_cpu_usage_seconds_total,0.0
1744886378,kashef-k8s-w1.social-graph-redis-5bbd5b7458-tqz7l,container_cpu_usage_seconds_total,0.002
1744886378,kashef-k8s-w1.text-service-fff64b8bf-v9dsr,container_cpu_usage_seconds_total,0.0
1744886378,kashef-k8s-ctl.user-mongodb-7745bbd78-xrw2n,container_cpu_usage_seconds_total,0.007
1744886378,kashef-k8s-ctl.media-mongodb-7b64c59567-6ntnm,container_cpu_usage_seconds_total,0.006
1744886378,kashef-k8s-ctl.user-timeline-mongodb-6758898d48-gggfw,container_cpu_usage_seconds_total,0.008
1744886378,kashef-k8s-ctl.url-shorten-memcached-6546746864-pg8xh,container_cpu_usage_seconds_total,0.0
1744886378,kashef-k8s-ctl.home-timeline-redis-6c6647df6f-5vgsk,container_cpu_usage_seconds_total,0.003
1744886378,kashef-k8s-w1.media-service-6c665c775d-s7hl8,container_cpu_usage_seconds_total,0.0
1744886378,kashef-k8s-ctl.user-timeline-redis-67cc95bc57-klp4b,container_cpu_usage_seconds_total,0.003
1744886378,kashef-k8s-w1.compose-post-service-f587bf89d-l5zcs,container_cpu_usage_seconds_total,0.0
1744886378,kashef-k8s-ctl.url-shorten-mongodb-57c886d5f8-2m8fs,container_cpu_usage_seconds_total,0.007
1744886378,kashef-k8s-ctl.post-storage-mongodb-5579669d8c-ckzsx,container_cpu_usage_seconds_total,0.007
1744886378,kashef-k8s-w1.media-frontend-6b66b95ff4-xrdq6,container_cpu_usage_seconds_total,0.0
1744886378,kashef-k8s-w1.user-timeline-service-664c7f6696-fvhv9,container_cpu_usage_seconds_total,0.211
