timestamp,cmdb_id,kpi_name,value
1744295760,kashef-k8s-ctl.mongodb-profile-6bb85f4df7-zzcmp,container_spec_cpu_period,100000.0
1744295760,kashef-k8s-ctl.reservation-7799998946-5p2cf,container_spec_cpu_period,100000.0
1744295760,kashef-k8s-w1.geo-bd9dfdb45-lwzmb,container_spec_cpu_period,100000.0
1744295760,kashef-k8s-w1.memcached-profile-7d6fcb6b8-9ft2j,container_spec_cpu_period,100000.0
1744295760,kashef-k8s-ctl.frontend-7d9d864798-lbt5f,container_spec_cpu_period,100000.0
1744295760,kashef-k8s-w1.mongodb-geo-86b59b75f4-bsnk9,container_spec_cpu_period,100000.0
1744295760,kashef-k8s-w1.recommendation-6494d54897-gtmjd,container_spec_cpu_period,100000.0
1744295760,kashef-k8s-w1.mongodb-user-6d96648ddc-rxzsw,container_spec_cpu_period,100000.0
1744295760,kashef-k8s-w1.memcached-reserve-bdcb467b4-xqh7s,container_spec_cpu_period,100000.0
1744295760,kashef-k8s-ctl.jaeger-5d885bcf88-txgt9,container_spec_cpu_period,100000.0
1744295760,kashef-k8s-w1.memcached-rate-bcc5c97f8-lck87,container_spec_cpu_period,100000.0
1744295760,kashef-k8s-ctl.profile-6c9f4cc75f-pvpfq,container_spec_cpu_period,100000.0
1744295760,kashef-k8s-ctl.mongodb-recommendation-59d6b7ccf9-x7q72,container_spec_cpu_period,100000.0
1744295760,kashef-k8s-ctl.mongodb-rate-785b799bbc-q2nw6,container_spec_cpu_period,100000.0
1744295760,kashef-k8s-ctl.user-698454f8c4-cfb58,container_spec_cpu_period,100000.0
1744295760,kashef-k8s-w1.search-8677798cf5-srst6,container_spec_cpu_period,100000.0
1744295760,kashef-k8s-w1.consul-56f5cf4f78-5hs85,container_spec_cpu_period,100000.0
1744295760,kashef-k8s-ctl.mongodb-reservation-7b474745f-9r8br,container_spec_cpu_period,100000.0
1744295760,kashef-k8s-ctl.rate-66d9d98f67-x7hpv,container_spec_cpu_period,100000.0
1744295763,kashef-k8s-ctl.frontend-7d9d864798-lbt5f,container_spec_cpu_period,100000.0
1744295763,kashef-k8s-ctl.mongodb-profile-6bb85f4df7-zzcmp,container_spec_cpu_period,100000.0
1744295763,kashef-k8s-w1.mongodb-geo-86b59b75f4-bsnk9,container_spec_cpu_period,100000.0
1744295763,kashef-k8s-w1.mongodb-user-6d96648ddc-rxzsw,container_spec_cpu_period,100000.0
1744295763,kashef-k8s-w1.memcached-profile-7d6fcb6b8-9ft2j,container_spec_cpu_period,100000.0
1744295763,kashef-k8s-ctl.mongodb-recommendation-59d6b7ccf9-x7q72,container_spec_cpu_period,100000.0
1744295763,kashef-k8s-ctl.user-698454f8c4-cfb58,container_spec_cpu_period,100000.0
1744295763,kashef-k8s-w1.memcached-reserve-bdcb467b4-xqh7s,container_spec_cpu_period,100000.0
1744295763,kashef-k8s-ctl.mongodb-rate-785b799bbc-q2nw6,container_spec_cpu_period,100000.0
1744295763,kashef-k8s-ctl.reservation-7799998946-5p2cf,container_spec_cpu_period,100000.0
1744295763,kashef-k8s-w1.recommendation-6494d54897-gtmjd,container_spec_cpu_period,100000.0
1744295763,kashef-k8s-ctl.mongodb-reservation-7b474745f-9r8br,container_spec_cpu_period,100000.0
1744295763,kashef-k8s-w1.search-8677798cf5-srst6,container_spec_cpu_period,100000.0
1744295763,kashef-k8s-w1.memcached-rate-bcc5c97f8-lck87,container_spec_cpu_period,100000.0
1744295763,kashef-k8s-ctl.profile-6c9f4cc75f-pvpfq,container_spec_cpu_period,100000.0
1744295763,kashef-k8s-ctl.jaeger-5d885bcf88-txgt9,container_spec_cpu_period,100000.0
1744295763,kashef-k8s-ctl.rate-66d9d98f67-x7hpv,container_spec_cpu_period,100000.0
1744295763,kashef-k8s-w1.geo-bd9dfdb45-lwzmb,container_spec_cpu_period,100000.0
1744295763,kashef-k8s-w1.consul-56f5cf4f78-5hs85,container_spec_cpu_period,100000.0
1744295766,kashef-k8s-w1.geo-bd9dfdb45-lwzmb,container_spec_cpu_period,100000.0
1744295766,kashef-k8s-w1.consul-56f5cf4f78-5hs85,container_spec_cpu_period,100000.0
1744295766,kashef-k8s-ctl.rate-66d9d98f67-x7hpv,container_spec_cpu_period,100000.0
1744295766,kashef-k8s-w1.search-8677798cf5-srst6,container_spec_cpu_period,100000.0
1744295766,kashef-k8s-ctl.mongodb-recommendation-59d6b7ccf9-x7q72,container_spec_cpu_period,100000.0
1744295766,kashef-k8s-ctl.profile-6c9f4cc75f-pvpfq,container_spec_cpu_period,100000.0
1744295766,kashef-k8s-ctl.reservation-7799998946-5p2cf,container_spec_cpu_period,100000.0
1744295766,kashef-k8s-ctl.jaeger-5d885bcf88-txgt9,container_spec_cpu_period,100000.0
1744295766,kashef-k8s-ctl.frontend-7d9d864798-lbt5f,container_spec_cpu_period,100000.0
1744295766,kashef-k8s-w1.mongodb-geo-86b59b75f4-bsnk9,container_spec_cpu_period,100000.0
1744295766,kashef-k8s-w1.memcached-reserve-bdcb467b4-xqh7s,container_spec_cpu_period,100000.0
1744295766,kashef-k8s-w1.mongodb-user-6d96648ddc-rxzsw,container_spec_cpu_period,100000.0
1744295766,kashef-k8s-w1.memcached-profile-7d6fcb6b8-9ft2j,container_spec_cpu_period,100000.0
1744295766,kashef-k8s-ctl.mongodb-rate-785b799bbc-q2nw6,container_spec_cpu_period,100000.0
1744295766,kashef-k8s-ctl.user-698454f8c4-cfb58,container_spec_cpu_period,100000.0
1744295766,kashef-k8s-w1.memcached-rate-bcc5c97f8-lck87,container_spec_cpu_period,100000.0
1744295766,kashef-k8s-ctl.mongodb-profile-6bb85f4df7-zzcmp,container_spec_cpu_period,100000.0
1744295766,kashef-k8s-ctl.mongodb-reservation-7b474745f-9r8br,container_spec_cpu_period,100000.0
1744295766,kashef-k8s-w1.recommendation-6494d54897-gtmjd,container_spec_cpu_period,100000.0
1744295769,kashef-k8s-w1.geo-bd9dfdb45-lwzmb,container_spec_cpu_period,100000.0
1744295769,kashef-k8s-ctl.mongodb-recommendation-59d6b7ccf9-x7q72,container_spec_cpu_period,100000.0
1744295769,kashef-k8s-ctl.profile-6c9f4cc75f-pvpfq,container_spec_cpu_period,100000.0
1744295769,kashef-k8s-ctl.jaeger-5d885bcf88-txgt9,container_spec_cpu_period,100000.0
1744295769,kashef-k8s-ctl.user-698454f8c4-cfb58,container_spec_cpu_period,100000.0
1744295769,kashef-k8s-ctl.frontend-7d9d864798-lbt5f,container_spec_cpu_period,100000.0
1744295769,kashef-k8s-w1.memcached-profile-7d6fcb6b8-9ft2j,container_spec_cpu_period,100000.0
1744295769,kashef-k8s-w1.search-8677798cf5-srst6,container_spec_cpu_period,100000.0
1744295769,kashef-k8s-ctl.mongodb-rate-785b799bbc-q2nw6,container_spec_cpu_period,100000.0
1744295769,kashef-k8s-w1.consul-56f5cf4f78-5hs85,container_spec_cpu_period,100000.0
1744295769,kashef-k8s-ctl.rate-66d9d98f67-x7hpv,container_spec_cpu_period,100000.0
1744295769,kashef-k8s-ctl.mongodb-reservation-7b474745f-9r8br,container_spec_cpu_period,100000.0
1744295769,kashef-k8s-w1.recommendation-6494d54897-gtmjd,container_spec_cpu_period,100000.0
1744295769,kashef-k8s-w1.memcached-reserve-bdcb467b4-xqh7s,container_spec_cpu_period,100000.0
1744295769,kashef-k8s-ctl.reservation-7799998946-5p2cf,container_spec_cpu_period,100000.0
1744295769,kashef-k8s-w1.mongodb-user-6d96648ddc-rxzsw,container_spec_cpu_period,100000.0
1744295769,kashef-k8s-w1.mongodb-geo-86b59b75f4-bsnk9,container_spec_cpu_period,100000.0
1744295769,kashef-k8s-w1.memcached-rate-bcc5c97f8-lck87,container_spec_cpu_period,100000.0
1744295769,kashef-k8s-ctl.mongodb-profile-6bb85f4df7-zzcmp,container_spec_cpu_period,100000.0
1744295772,kashef-k8s-ctl.mongodb-profile-6bb85f4df7-zzcmp,container_spec_cpu_period,100000.0
1744295772,kashef-k8s-w1.geo-bd9dfdb45-lwzmb,container_spec_cpu_period,100000.0
1744295772,kashef-k8s-w1.memcached-reserve-bdcb467b4-xqh7s,container_spec_cpu_period,100000.0
1744295772,kashef-k8s-w1.memcached-profile-7d6fcb6b8-9ft2j,container_spec_cpu_period,100000.0
1744295772,kashef-k8s-w1.recommendation-6494d54897-gtmjd,container_spec_cpu_period,100000.0
1744295772,kashef-k8s-ctl.frontend-7d9d864798-lbt5f,container_spec_cpu_period,100000.0
1744295772,kashef-k8s-w1.search-8677798cf5-srst6,container_spec_cpu_period,100000.0
1744295772,kashef-k8s-w1.memcached-rate-bcc5c97f8-lck87,container_spec_cpu_period,100000.0
1744295772,kashef-k8s-ctl.jaeger-5d885bcf88-txgt9,container_spec_cpu_period,100000.0
1744295772,kashef-k8s-ctl.user-698454f8c4-cfb58,container_spec_cpu_period,100000.0
1744295772,kashef-k8s-w1.mongodb-user-6d96648ddc-rxzsw,container_spec_cpu_period,100000.0
1744295772,kashef-k8s-ctl.reservation-7799998946-5p2cf,container_spec_cpu_period,100000.0
1744295772,kashef-k8s-ctl.mongodb-recommendation-59d6b7ccf9-x7q72,container_spec_cpu_period,100000.0
1744295772,kashef-k8s-ctl.profile-6c9f4cc75f-pvpfq,container_spec_cpu_period,100000.0
1744295772,kashef-k8s-w1.mongodb-geo-86b59b75f4-bsnk9,container_spec_cpu_period,100000.0
1744295772,kashef-k8s-ctl.mongodb-rate-785b799bbc-q2nw6,container_spec_cpu_period,100000.0
1744295772,kashef-k8s-w1.consul-56f5cf4f78-5hs85,container_spec_cpu_period,100000.0
1744295772,kashef-k8s-ctl.rate-66d9d98f67-x7hpv,container_spec_cpu_period,100000.0
1744295772,kashef-k8s-ctl.mongodb-reservation-7b474745f-9r8br,container_spec_cpu_period,100000.0
1744295775,kashef-k8s-ctl.rate-66d9d98f67-x7hpv,container_spec_cpu_period,100000.0
1744295775,kashef-k8s-ctl.mongodb-reservation-7b474745f-9r8br,container_spec_cpu_period,100000.0
1744295775,kashef-k8s-ctl.mongodb-profile-6bb85f4df7-zzcmp,container_spec_cpu_period,100000.0
1744295775,kashef-k8s-w1.consul-56f5cf4f78-5hs85,container_spec_cpu_period,100000.0
1744295775,kashef-k8s-ctl.reservation-7799998946-5p2cf,container_spec_cpu_period,100000.0
1744295775,kashef-k8s-ctl.mongodb-rate-785b799bbc-q2nw6,container_spec_cpu_period,100000.0
1744295775,kashef-k8s-ctl.mongodb-recommendation-59d6b7ccf9-x7q72,container_spec_cpu_period,100000.0
1744295775,kashef-k8s-w1.mongodb-geo-86b59b75f4-bsnk9,container_spec_cpu_period,100000.0
1744295775,kashef-k8s-ctl.profile-6c9f4cc75f-pvpfq,container_spec_cpu_period,100000.0
1744295775,kashef-k8s-w1.memcached-reserve-bdcb467b4-xqh7s,container_spec_cpu_period,100000.0
1744295775,kashef-k8s-w1.mongodb-user-6d96648ddc-rxzsw,container_spec_cpu_period,100000.0
1744295775,kashef-k8s-ctl.jaeger-5d885bcf88-txgt9,container_spec_cpu_period,100000.0
1744295775,kashef-k8s-w1.recommendation-6494d54897-gtmjd,container_spec_cpu_period,100000.0
1744295775,kashef-k8s-w1.memcached-profile-7d6fcb6b8-9ft2j,container_spec_cpu_period,100000.0
1744295775,kashef-k8s-ctl.frontend-7d9d864798-lbt5f,container_spec_cpu_period,100000.0
1744295775,kashef-k8s-ctl.user-698454f8c4-cfb58,container_spec_cpu_period,100000.0
1744295775,kashef-k8s-w1.memcached-rate-bcc5c97f8-lck87,container_spec_cpu_period,100000.0
1744295775,kashef-k8s-w1.geo-bd9dfdb45-lwzmb,container_spec_cpu_period,100000.0
1744295775,kashef-k8s-w1.search-8677798cf5-srst6,container_spec_cpu_period,100000.0
1744295778,kashef-k8s-w1.mongodb-user-6d96648ddc-rxzsw,container_spec_cpu_period,100000.0
1744295778,kashef-k8s-w1.search-8677798cf5-srst6,container_spec_cpu_period,100000.0
1744295778,kashef-k8s-ctl.mongodb-profile-6bb85f4df7-zzcmp,container_spec_cpu_period,100000.0
1744295778,kashef-k8s-w1.memcached-profile-7d6fcb6b8-9ft2j,container_spec_cpu_period,100000.0
1744295778,kashef-k8s-w1.recommendation-6494d54897-gtmjd,container_spec_cpu_period,100000.0
1744295778,kashef-k8s-ctl.profile-6c9f4cc75f-pvpfq,container_spec_cpu_period,100000.0
1744295778,kashef-k8s-w1.memcached-reserve-bdcb467b4-xqh7s,container_spec_cpu_period,100000.0
1744295778,kashef-k8s-ctl.mongodb-recommendation-59d6b7ccf9-x7q72,container_spec_cpu_period,100000.0
1744295778,kashef-k8s-w1.mongodb-geo-86b59b75f4-bsnk9,container_spec_cpu_period,100000.0
1744295778,kashef-k8s-ctl.mongodb-rate-785b799bbc-q2nw6,container_spec_cpu_period,100000.0
1744295778,kashef-k8s-w1.consul-56f5cf4f78-5hs85,container_spec_cpu_period,100000.0
1744295778,kashef-k8s-w1.memcached-rate-bcc5c97f8-lck87,container_spec_cpu_period,100000.0
1744295778,kashef-k8s-ctl.rate-66d9d98f67-x7hpv,container_spec_cpu_period,100000.0
1744295778,kashef-k8s-ctl.reservation-7799998946-5p2cf,container_spec_cpu_period,100000.0
1744295778,kashef-k8s-ctl.frontend-7d9d864798-lbt5f,container_spec_cpu_period,100000.0
1744295778,kashef-k8s-ctl.mongodb-reservation-7b474745f-9r8br,container_spec_cpu_period,100000.0
1744295778,kashef-k8s-w1.geo-bd9dfdb45-lwzmb,container_spec_cpu_period,100000.0
1744295778,kashef-k8s-ctl.user-698454f8c4-cfb58,container_spec_cpu_period,100000.0
1744295778,kashef-k8s-ctl.jaeger-5d885bcf88-txgt9,container_spec_cpu_period,100000.0
1744295781,kashef-k8s-w1.memcached-reserve-bdcb467b4-xqh7s,container_spec_cpu_period,100000.0
1744295781,kashef-k8s-w1.mongodb-user-6d96648ddc-rxzsw,container_spec_cpu_period,100000.0
1744295781,kashef-k8s-ctl.mongodb-profile-6bb85f4df7-zzcmp,container_spec_cpu_period,100000.0
1744295781,kashef-k8s-w1.recommendation-6494d54897-gtmjd,container_spec_cpu_period,100000.0
1744295781,kashef-k8s-w1.search-8677798cf5-srst6,container_spec_cpu_period,100000.0
1744295781,kashef-k8s-ctl.mongodb-recommendation-59d6b7ccf9-x7q72,container_spec_cpu_period,100000.0
1744295781,kashef-k8s-w1.mongodb-geo-86b59b75f4-bsnk9,container_spec_cpu_period,100000.0
1744295781,kashef-k8s-w1.memcached-rate-bcc5c97f8-lck87,container_spec_cpu_period,100000.0
1744295781,kashef-k8s-w1.consul-56f5cf4f78-5hs85,container_spec_cpu_period,100000.0
1744295781,kashef-k8s-ctl.mongodb-rate-785b799bbc-q2nw6,container_spec_cpu_period,100000.0
1744295781,kashef-k8s-w1.memcached-profile-7d6fcb6b8-9ft2j,container_spec_cpu_period,100000.0
1744295781,kashef-k8s-ctl.rate-66d9d98f67-x7hpv,container_spec_cpu_period,100000.0
1744295781,kashef-k8s-ctl.frontend-7d9d864798-lbt5f,container_spec_cpu_period,100000.0
1744295781,kashef-k8s-ctl.profile-6c9f4cc75f-pvpfq,container_spec_cpu_period,100000.0
1744295781,kashef-k8s-ctl.user-698454f8c4-cfb58,container_spec_cpu_period,100000.0
1744295781,kashef-k8s-ctl.jaeger-5d885bcf88-txgt9,container_spec_cpu_period,100000.0
1744295781,kashef-k8s-w1.geo-bd9dfdb45-lwzmb,container_spec_cpu_period,100000.0
1744295781,kashef-k8s-ctl.reservation-7799998946-5p2cf,container_spec_cpu_period,100000.0
1744295781,kashef-k8s-ctl.mongodb-reservation-7b474745f-9r8br,container_spec_cpu_period,100000.0
1744295784,kashef-k8s-w1.memcached-rate-bcc5c97f8-lck87,container_spec_cpu_period,100000.0
1744295784,kashef-k8s-w1.memcached-profile-7d6fcb6b8-9ft2j,container_spec_cpu_period,100000.0
1744295784,kashef-k8s-ctl.frontend-7d9d864798-lbt5f,container_spec_cpu_period,100000.0
1744295784,kashef-k8s-ctl.reservation-7799998946-5p2cf,container_spec_cpu_period,100000.0
1744295784,kashef-k8s-w1.memcached-reserve-bdcb467b4-xqh7s,container_spec_cpu_period,100000.0
1744295784,kashef-k8s-w1.geo-bd9dfdb45-lwzmb,container_spec_cpu_period,100000.0
1744295784,kashef-k8s-w1.mongodb-user-6d96648ddc-rxzsw,container_spec_cpu_period,100000.0
1744295784,kashef-k8s-ctl.mongodb-rate-785b799bbc-q2nw6,container_spec_cpu_period,100000.0
1744295784,kashef-k8s-ctl.jaeger-5d885bcf88-txgt9,container_spec_cpu_period,100000.0
1744295784,kashef-k8s-w1.mongodb-geo-86b59b75f4-bsnk9,container_spec_cpu_period,100000.0
1744295784,kashef-k8s-ctl.mongodb-recommendation-59d6b7ccf9-x7q72,container_spec_cpu_period,100000.0
1744295784,kashef-k8s-ctl.user-698454f8c4-cfb58,container_spec_cpu_period,100000.0
1744295784,kashef-k8s-w1.recommendation-6494d54897-gtmjd,container_spec_cpu_period,100000.0
1744295784,kashef-k8s-ctl.profile-6c9f4cc75f-pvpfq,container_spec_cpu_period,100000.0
1744295784,kashef-k8s-w1.search-8677798cf5-srst6,container_spec_cpu_period,100000.0
1744295784,kashef-k8s-w1.consul-56f5cf4f78-5hs85,container_spec_cpu_period,100000.0
1744295784,kashef-k8s-ctl.rate-66d9d98f67-x7hpv,container_spec_cpu_period,100000.0
1744295784,kashef-k8s-ctl.mongodb-reservation-7b474745f-9r8br,container_spec_cpu_period,100000.0
1744295784,kashef-k8s-ctl.mongodb-profile-6bb85f4df7-zzcmp,container_spec_cpu_period,100000.0
1744295787,kashef-k8s-ctl.mongodb-reservation-7b474745f-9r8br,container_spec_cpu_period,100000.0
1744295787,kashef-k8s-ctl.mongodb-profile-6bb85f4df7-zzcmp,container_spec_cpu_period,100000.0
1744295787,kashef-k8s-ctl.profile-6c9f4cc75f-pvpfq,container_spec_cpu_period,100000.0
1744295787,kashef-k8s-ctl.rate-66d9d98f67-x7hpv,container_spec_cpu_period,100000.0
1744295787,kashef-k8s-w1.search-8677798cf5-srst6,container_spec_cpu_period,100000.0
1744295787,kashef-k8s-w1.recommendation-6494d54897-gtmjd,container_spec_cpu_period,100000.0
1744295787,kashef-k8s-ctl.user-698454f8c4-cfb58,container_spec_cpu_period,100000.0
1744295787,kashef-k8s-ctl.frontend-7d9d864798-lbt5f,container_spec_cpu_period,100000.0
1744295787,kashef-k8s-ctl.jaeger-5d885bcf88-txgt9,container_spec_cpu_period,100000.0
1744295787,kashef-k8s-w1.mongodb-geo-86b59b75f4-bsnk9,container_spec_cpu_period,100000.0
1744295787,kashef-k8s-ctl.mongodb-rate-785b799bbc-q2nw6,container_spec_cpu_period,100000.0
1744295787,kashef-k8s-ctl.mongodb-recommendation-59d6b7ccf9-x7q72,container_spec_cpu_period,100000.0
1744295787,kashef-k8s-w1.mongodb-user-6d96648ddc-rxzsw,container_spec_cpu_period,100000.0
1744295787,kashef-k8s-w1.memcached-reserve-bdcb467b4-xqh7s,container_spec_cpu_period,100000.0
1744295787,kashef-k8s-ctl.reservation-7799998946-5p2cf,container_spec_cpu_period,100000.0
1744295787,kashef-k8s-w1.geo-bd9dfdb45-lwzmb,container_spec_cpu_period,100000.0
1744295787,kashef-k8s-w1.memcached-rate-bcc5c97f8-lck87,container_spec_cpu_period,100000.0
1744295787,kashef-k8s-w1.memcached-profile-7d6fcb6b8-9ft2j,container_spec_cpu_period,100000.0
1744295787,kashef-k8s-w1.consul-56f5cf4f78-5hs85,container_spec_cpu_period,100000.0
1744295790,kashef-k8s-w1.mongodb-user-6d96648ddc-rxzsw,container_spec_cpu_period,100000.0
1744295790,kashef-k8s-ctl.rate-66d9d98f67-x7hpv,container_spec_cpu_period,100000.0
1744295790,kashef-k8s-w1.search-8677798cf5-srst6,container_spec_cpu_period,100000.0
1744295790,kashef-k8s-ctl.reservation-7799998946-5p2cf,container_spec_cpu_period,100000.0
1744295790,kashef-k8s-w1.memcached-reserve-bdcb467b4-xqh7s,container_spec_cpu_period,100000.0
1744295790,kashef-k8s-ctl.mongodb-rate-785b799bbc-q2nw6,container_spec_cpu_period,100000.0
1744295790,kashef-k8s-ctl.jaeger-5d885bcf88-txgt9,container_spec_cpu_period,100000.0
1744295790,kashef-k8s-ctl.frontend-7d9d864798-lbt5f,container_spec_cpu_period,100000.0
1744295790,kashef-k8s-ctl.user-698454f8c4-cfb58,container_spec_cpu_period,100000.0
1744295790,kashef-k8s-w1.recommendation-6494d54897-gtmjd,container_spec_cpu_period,100000.0
1744295790,kashef-k8s-w1.memcached-rate-bcc5c97f8-lck87,container_spec_cpu_period,100000.0
1744295790,kashef-k8s-ctl.mongodb-reservation-7b474745f-9r8br,container_spec_cpu_period,100000.0
1744295790,kashef-k8s-w1.geo-bd9dfdb45-lwzmb,container_spec_cpu_period,100000.0
1744295790,kashef-k8s-ctl.mongodb-profile-6bb85f4df7-zzcmp,container_spec_cpu_period,100000.0
1744295790,kashef-k8s-ctl.mongodb-recommendation-59d6b7ccf9-x7q72,container_spec_cpu_period,100000.0
1744295790,kashef-k8s-w1.memcached-profile-7d6fcb6b8-9ft2j,container_spec_cpu_period,100000.0
1744295790,kashef-k8s-w1.consul-56f5cf4f78-5hs85,container_spec_cpu_period,100000.0
1744295790,kashef-k8s-w1.mongodb-geo-86b59b75f4-bsnk9,container_spec_cpu_period,100000.0
1744295790,kashef-k8s-ctl.profile-6c9f4cc75f-pvpfq,container_spec_cpu_period,100000.0
1744295793,kashef-k8s-ctl.user-698454f8c4-cfb58,container_spec_cpu_period,100000.0
1744295793,kashef-k8s-ctl.jaeger-5d885bcf88-txgt9,container_spec_cpu_period,100000.0
1744295793,kashef-k8s-w1.geo-bd9dfdb45-lwzmb,container_spec_cpu_period,100000.0
1744295793,kashef-k8s-ctl.rate-66d9d98f67-x7hpv,container_spec_cpu_period,100000.0
1744295793,kashef-k8s-w1.search-8677798cf5-srst6,container_spec_cpu_period,100000.0
1744295793,kashef-k8s-ctl.frontend-7d9d864798-lbt5f,container_spec_cpu_period,100000.0
1744295793,kashef-k8s-w1.consul-56f5cf4f78-5hs85,container_spec_cpu_period,100000.0
1744295793,kashef-k8s-ctl.mongodb-reservation-7b474745f-9r8br,container_spec_cpu_period,100000.0
1744295793,kashef-k8s-w1.memcached-rate-bcc5c97f8-lck87,container_spec_cpu_period,100000.0
1744295793,kashef-k8s-ctl.mongodb-rate-785b799bbc-q2nw6,container_spec_cpu_period,100000.0
1744295793,kashef-k8s-w1.memcached-reserve-bdcb467b4-xqh7s,container_spec_cpu_period,100000.0
1744295793,kashef-k8s-w1.mongodb-user-6d96648ddc-rxzsw,container_spec_cpu_period,100000.0
1744295793,kashef-k8s-ctl.reservation-7799998946-5p2cf,container_spec_cpu_period,100000.0
1744295793,kashef-k8s-ctl.profile-6c9f4cc75f-pvpfq,container_spec_cpu_period,100000.0
1744295793,kashef-k8s-w1.mongodb-geo-86b59b75f4-bsnk9,container_spec_cpu_period,100000.0
1744295793,kashef-k8s-ctl.mongodb-recommendation-59d6b7ccf9-x7q72,container_spec_cpu_period,100000.0
1744295793,kashef-k8s-w1.recommendation-6494d54897-gtmjd,container_spec_cpu_period,100000.0
1744295793,kashef-k8s-w1.memcached-profile-7d6fcb6b8-9ft2j,container_spec_cpu_period,100000.0
1744295793,kashef-k8s-ctl.mongodb-profile-6bb85f4df7-zzcmp,container_spec_cpu_period,100000.0
1744295796,kashef-k8s-ctl.rate-66d9d98f67-x7hpv,container_spec_cpu_period,100000.0
1744295796,kashef-k8s-w1.consul-56f5cf4f78-5hs85,container_spec_cpu_period,100000.0
1744295796,kashef-k8s-w1.memcached-reserve-bdcb467b4-xqh7s,container_spec_cpu_period,100000.0
1744295796,kashef-k8s-ctl.mongodb-profile-6bb85f4df7-zzcmp,container_spec_cpu_period,100000.0
1744295796,kashef-k8s-w1.mongodb-user-6d96648ddc-rxzsw,container_spec_cpu_period,100000.0
1744295796,kashef-k8s-w1.recommendation-6494d54897-gtmjd,container_spec_cpu_period,100000.0
1744295796,kashef-k8s-ctl.reservation-7799998946-5p2cf,container_spec_cpu_period,100000.0
1744295796,kashef-k8s-ctl.profile-6c9f4cc75f-pvpfq,container_spec_cpu_period,100000.0
1744295796,kashef-k8s-ctl.frontend-7d9d864798-lbt5f,container_spec_cpu_period,100000.0
1744295796,kashef-k8s-w1.mongodb-geo-86b59b75f4-bsnk9,container_spec_cpu_period,100000.0
1744295796,kashef-k8s-ctl.mongodb-recommendation-59d6b7ccf9-x7q72,container_spec_cpu_period,100000.0
1744295796,kashef-k8s-w1.memcached-profile-7d6fcb6b8-9ft2j,container_spec_cpu_period,100000.0
1744295796,kashef-k8s-w1.search-8677798cf5-srst6,container_spec_cpu_period,100000.0
1744295796,kashef-k8s-ctl.user-698454f8c4-cfb58,container_spec_cpu_period,100000.0
1744295796,kashef-k8s-ctl.mongodb-rate-785b799bbc-q2nw6,container_spec_cpu_period,100000.0
1744295796,kashef-k8s-ctl.jaeger-5d885bcf88-txgt9,container_spec_cpu_period,100000.0
1744295796,kashef-k8s-ctl.mongodb-reservation-7b474745f-9r8br,container_spec_cpu_period,100000.0
1744295796,kashef-k8s-w1.geo-bd9dfdb45-lwzmb,container_spec_cpu_period,100000.0
1744295796,kashef-k8s-w1.memcached-rate-bcc5c97f8-lck87,container_spec_cpu_period,100000.0
1744295799,kashef-k8s-ctl.frontend-7d9d864798-lbt5f,container_spec_cpu_period,100000.0
1744295799,kashef-k8s-w1.memcached-rate-bcc5c97f8-lck87,container_spec_cpu_period,100000.0
1744295799,kashef-k8s-w1.recommendation-6494d54897-gtmjd,container_spec_cpu_period,100000.0
1744295799,kashef-k8s-ctl.reservation-7799998946-5p2cf,container_spec_cpu_period,100000.0
1744295799,kashef-k8s-ctl.profile-6c9f4cc75f-pvpfq,container_spec_cpu_period,100000.0
1744295799,kashef-k8s-ctl.jaeger-5d885bcf88-txgt9,container_spec_cpu_period,100000.0
1744295799,kashef-k8s-w1.memcached-profile-7d6fcb6b8-9ft2j,container_spec_cpu_period,100000.0
1744295799,kashef-k8s-ctl.mongodb-recommendation-59d6b7ccf9-x7q72,container_spec_cpu_period,100000.0
1744295799,kashef-k8s-w1.mongodb-geo-86b59b75f4-bsnk9,container_spec_cpu_period,100000.0
1744295799,kashef-k8s-w1.mongodb-user-6d96648ddc-rxzsw,container_spec_cpu_period,100000.0
1744295799,kashef-k8s-ctl.mongodb-profile-6bb85f4df7-zzcmp,container_spec_cpu_period,100000.0
1744295799,kashef-k8s-w1.memcached-reserve-bdcb467b4-xqh7s,container_spec_cpu_period,100000.0
1744295799,kashef-k8s-ctl.rate-66d9d98f67-x7hpv,container_spec_cpu_period,100000.0
1744295799,kashef-k8s-ctl.mongodb-rate-785b799bbc-q2nw6,container_spec_cpu_period,100000.0
1744295799,kashef-k8s-w1.search-8677798cf5-srst6,container_spec_cpu_period,100000.0
1744295799,kashef-k8s-ctl.mongodb-reservation-7b474745f-9r8br,container_spec_cpu_period,100000.0
1744295799,kashef-k8s-w1.geo-bd9dfdb45-lwzmb,container_spec_cpu_period,100000.0
1744295799,kashef-k8s-w1.consul-56f5cf4f78-5hs85,container_spec_cpu_period,100000.0
1744295799,kashef-k8s-ctl.user-698454f8c4-cfb58,container_spec_cpu_period,100000.0
1744295802,kashef-k8s-w1.memcached-rate-bcc5c97f8-lck87,container_spec_cpu_period,100000.0
1744295802,kashef-k8s-w1.recommendation-6494d54897-gtmjd,container_spec_cpu_period,100000.0
1744295802,kashef-k8s-w1.memcached-profile-7d6fcb6b8-9ft2j,container_spec_cpu_period,100000.0
1744295802,kashef-k8s-w1.mongodb-user-6d96648ddc-rxzsw,container_spec_cpu_period,100000.0
1744295802,kashef-k8s-ctl.profile-6c9f4cc75f-pvpfq,container_spec_cpu_period,100000.0
1744295802,kashef-k8s-ctl.reservation-7799998946-5p2cf,container_spec_cpu_period,100000.0
1744295802,kashef-k8s-w1.memcached-reserve-bdcb467b4-xqh7s,container_spec_cpu_period,100000.0
1744295802,kashef-k8s-ctl.mongodb-profile-6bb85f4df7-zzcmp,container_spec_cpu_period,100000.0
1744295802,kashef-k8s-ctl.frontend-7d9d864798-lbt5f,container_spec_cpu_period,100000.0
1744295802,kashef-k8s-ctl.rate-66d9d98f67-x7hpv,container_spec_cpu_period,100000.0
1744295802,kashef-k8s-ctl.user-698454f8c4-cfb58,container_spec_cpu_period,100000.0
1744295802,kashef-k8s-w1.mongodb-geo-86b59b75f4-bsnk9,container_spec_cpu_period,100000.0
1744295802,kashef-k8s-ctl.mongodb-rate-785b799bbc-q2nw6,container_spec_cpu_period,100000.0
1744295802,kashef-k8s-w1.search-8677798cf5-srst6,container_spec_cpu_period,100000.0
1744295802,kashef-k8s-ctl.mongodb-recommendation-59d6b7ccf9-x7q72,container_spec_cpu_period,100000.0
1744295802,kashef-k8s-ctl.jaeger-5d885bcf88-txgt9,container_spec_cpu_period,100000.0
1744295802,kashef-k8s-w1.consul-56f5cf4f78-5hs85,container_spec_cpu_period,100000.0
1744295802,kashef-k8s-w1.geo-bd9dfdb45-lwzmb,container_spec_cpu_period,100000.0
1744295802,kashef-k8s-ctl.mongodb-reservation-7b474745f-9r8br,container_spec_cpu_period,100000.0
1744295805,kashef-k8s-ctl.mongodb-reservation-7b474745f-9r8br,container_spec_cpu_period,100000.0
1744295805,kashef-k8s-w1.consul-56f5cf4f78-5hs85,container_spec_cpu_period,100000.0
1744295805,kashef-k8s-w1.memcached-rate-bcc5c97f8-lck87,container_spec_cpu_period,100000.0
1744295805,kashef-k8s-ctl.user-698454f8c4-cfb58,container_spec_cpu_period,100000.0
1744295805,kashef-k8s-ctl.jaeger-5d885bcf88-txgt9,container_spec_cpu_period,100000.0
1744295805,kashef-k8s-ctl.rate-66d9d98f67-x7hpv,container_spec_cpu_period,100000.0
1744295805,kashef-k8s-w1.search-8677798cf5-srst6,container_spec_cpu_period,100000.0
1744295805,kashef-k8s-w1.mongodb-geo-86b59b75f4-bsnk9,container_spec_cpu_period,100000.0
1744295805,kashef-k8s-ctl.mongodb-rate-785b799bbc-q2nw6,container_spec_cpu_period,100000.0
1744295805,kashef-k8s-ctl.profile-6c9f4cc75f-pvpfq,container_spec_cpu_period,100000.0
1744295805,kashef-k8s-w1.mongodb-user-6d96648ddc-rxzsw,container_spec_cpu_period,100000.0
1744295805,kashef-k8s-w1.memcached-profile-7d6fcb6b8-9ft2j,container_spec_cpu_period,100000.0
1744295805,kashef-k8s-w1.recommendation-6494d54897-gtmjd,container_spec_cpu_period,100000.0
1744295805,kashef-k8s-ctl.reservation-7799998946-5p2cf,container_spec_cpu_period,100000.0
1744295805,kashef-k8s-ctl.frontend-7d9d864798-lbt5f,container_spec_cpu_period,100000.0
1744295805,kashef-k8s-ctl.mongodb-recommendation-59d6b7ccf9-x7q72,container_spec_cpu_period,100000.0
1744295805,kashef-k8s-ctl.mongodb-profile-6bb85f4df7-zzcmp,container_spec_cpu_period,100000.0
1744295805,kashef-k8s-w1.memcached-reserve-bdcb467b4-xqh7s,container_spec_cpu_period,100000.0
1744295805,kashef-k8s-w1.geo-bd9dfdb45-lwzmb,container_spec_cpu_period,100000.0
1744295808,kashef-k8s-ctl.rate-66d9d98f67-x7hpv,container_spec_cpu_period,100000.0
1744295808,kashef-k8s-w1.memcached-profile-7d6fcb6b8-9ft2j,container_spec_cpu_period,100000.0
1744295808,kashef-k8s-ctl.user-698454f8c4-cfb58,container_spec_cpu_period,100000.0
1744295808,kashef-k8s-w1.memcached-reserve-bdcb467b4-xqh7s,container_spec_cpu_period,100000.0
1744295808,kashef-k8s-w1.mongodb-geo-86b59b75f4-bsnk9,container_spec_cpu_period,100000.0
1744295808,kashef-k8s-ctl.frontend-7d9d864798-lbt5f,container_spec_cpu_period,100000.0
1744295808,kashef-k8s-ctl.jaeger-5d885bcf88-txgt9,container_spec_cpu_period,100000.0
1744295808,kashef-k8s-w1.search-8677798cf5-srst6,container_spec_cpu_period,100000.0
1744295808,kashef-k8s-ctl.mongodb-rate-785b799bbc-q2nw6,container_spec_cpu_period,100000.0
1744295808,kashef-k8s-w1.geo-bd9dfdb45-lwzmb,container_spec_cpu_period,100000.0
1744295808,kashef-k8s-ctl.mongodb-reservation-7b474745f-9r8br,container_spec_cpu_period,100000.0
1744295808,kashef-k8s-w1.memcached-rate-bcc5c97f8-lck87,container_spec_cpu_period,100000.0
1744295808,kashef-k8s-w1.consul-56f5cf4f78-5hs85,container_spec_cpu_period,100000.0
1744295808,kashef-k8s-ctl.reservation-7799998946-5p2cf,container_spec_cpu_period,100000.0
1744295808,kashef-k8s-w1.recommendation-6494d54897-gtmjd,container_spec_cpu_period,100000.0
1744295808,kashef-k8s-w1.mongodb-user-6d96648ddc-rxzsw,container_spec_cpu_period,100000.0
1744295808,kashef-k8s-ctl.mongodb-recommendation-59d6b7ccf9-x7q72,container_spec_cpu_period,100000.0
1744295808,kashef-k8s-ctl.mongodb-profile-6bb85f4df7-zzcmp,container_spec_cpu_period,100000.0
1744295808,kashef-k8s-ctl.profile-6c9f4cc75f-pvpfq,container_spec_cpu_period,100000.0
1744295811,kashef-k8s-ctl.mongodb-rate-785b799bbc-q2nw6,container_spec_cpu_period,100000.0
1744295811,kashef-k8s-w1.recommendation-6494d54897-gtmjd,container_spec_cpu_period,100000.0
1744295811,kashef-k8s-ctl.mongodb-reservation-7b474745f-9r8br,container_spec_cpu_period,100000.0
1744295811,kashef-k8s-w1.memcached-rate-bcc5c97f8-lck87,container_spec_cpu_period,100000.0
1744295811,kashef-k8s-w1.search-8677798cf5-srst6,container_spec_cpu_period,100000.0
1744295811,kashef-k8s-w1.consul-56f5cf4f78-5hs85,container_spec_cpu_period,100000.0
1744295811,kashef-k8s-ctl.jaeger-5d885bcf88-txgt9,container_spec_cpu_period,100000.0
1744295811,kashef-k8s-w1.mongodb-geo-86b59b75f4-bsnk9,container_spec_cpu_period,100000.0
1744295811,kashef-k8s-w1.memcached-reserve-bdcb467b4-xqh7s,container_spec_cpu_period,100000.0
1744295811,kashef-k8s-w1.geo-bd9dfdb45-lwzmb,container_spec_cpu_period,100000.0
1744295811,kashef-k8s-ctl.rate-66d9d98f67-x7hpv,container_spec_cpu_period,100000.0
1744295811,kashef-k8s-ctl.mongodb-recommendation-59d6b7ccf9-x7q72,container_spec_cpu_period,100000.0
1744295811,kashef-k8s-ctl.frontend-7d9d864798-lbt5f,container_spec_cpu_period,100000.0
1744295811,kashef-k8s-ctl.user-698454f8c4-cfb58,container_spec_cpu_period,100000.0
1744295811,kashef-k8s-w1.mongodb-user-6d96648ddc-rxzsw,container_spec_cpu_period,100000.0
1744295811,kashef-k8s-ctl.profile-6c9f4cc75f-pvpfq,container_spec_cpu_period,100000.0
1744295811,kashef-k8s-ctl.mongodb-profile-6bb85f4df7-zzcmp,container_spec_cpu_period,100000.0
1744295811,kashef-k8s-w1.memcached-profile-7d6fcb6b8-9ft2j,container_spec_cpu_period,100000.0
1744295811,kashef-k8s-ctl.reservation-7799998946-5p2cf,container_spec_cpu_period,100000.0
1744295814,kashef-k8s-w1.consul-56f5cf4f78-5hs85,container_spec_cpu_period,100000.0
1744295814,kashef-k8s-w1.geo-bd9dfdb45-lwzmb,container_spec_cpu_period,100000.0
1744295814,kashef-k8s-w1.mongodb-geo-86b59b75f4-bsnk9,container_spec_cpu_period,100000.0
1744295814,kashef-k8s-ctl.profile-6c9f4cc75f-pvpfq,container_spec_cpu_period,100000.0
1744295814,kashef-k8s-w1.mongodb-user-6d96648ddc-rxzsw,container_spec_cpu_period,100000.0
1744295814,kashef-k8s-w1.recommendation-6494d54897-gtmjd,container_spec_cpu_period,100000.0
1744295814,kashef-k8s-ctl.mongodb-recommendation-59d6b7ccf9-x7q72,container_spec_cpu_period,100000.0
1744295814,kashef-k8s-ctl.user-698454f8c4-cfb58,container_spec_cpu_period,100000.0
1744295814,kashef-k8s-ctl.reservation-7799998946-5p2cf,container_spec_cpu_period,100000.0
1744295814,kashef-k8s-w1.search-8677798cf5-srst6,container_spec_cpu_period,100000.0
1744295814,kashef-k8s-w1.memcached-profile-7d6fcb6b8-9ft2j,container_spec_cpu_period,100000.0
1744295814,kashef-k8s-ctl.jaeger-5d885bcf88-txgt9,container_spec_cpu_period,100000.0
1744295814,kashef-k8s-ctl.mongodb-profile-6bb85f4df7-zzcmp,container_spec_cpu_period,100000.0
1744295814,kashef-k8s-w1.memcached-reserve-bdcb467b4-xqh7s,container_spec_cpu_period,100000.0
1744295814,kashef-k8s-ctl.rate-66d9d98f67-x7hpv,container_spec_cpu_period,100000.0
1744295814,kashef-k8s-ctl.frontend-7d9d864798-lbt5f,container_spec_cpu_period,100000.0
1744295814,kashef-k8s-ctl.mongodb-rate-785b799bbc-q2nw6,container_spec_cpu_period,100000.0
1744295814,kashef-k8s-ctl.mongodb-reservation-7b474745f-9r8br,container_spec_cpu_period,100000.0
1744295814,kashef-k8s-w1.memcached-rate-bcc5c97f8-lck87,container_spec_cpu_period,100000.0
1744295817,kashef-k8s-w1.search-8677798cf5-srst6,container_spec_cpu_period,100000.0
1744295817,kashef-k8s-ctl.reservation-7799998946-5p2cf,container_spec_cpu_period,100000.0
1744295817,kashef-k8s-ctl.user-698454f8c4-cfb58,container_spec_cpu_period,100000.0
1744295817,kashef-k8s-w1.recommendation-6494d54897-gtmjd,container_spec_cpu_period,100000.0
1744295817,kashef-k8s-ctl.jaeger-5d885bcf88-txgt9,container_spec_cpu_period,100000.0
1744295817,kashef-k8s-w1.memcached-profile-7d6fcb6b8-9ft2j,container_spec_cpu_period,100000.0
1744295817,kashef-k8s-w1.memcached-reserve-bdcb467b4-xqh7s,container_spec_cpu_period,100000.0
1744295817,kashef-k8s-ctl.mongodb-recommendation-59d6b7ccf9-x7q72,container_spec_cpu_period,100000.0
1744295817,kashef-k8s-w1.mongodb-geo-86b59b75f4-bsnk9,container_spec_cpu_period,100000.0
1744295817,kashef-k8s-w1.mongodb-user-6d96648ddc-rxzsw,container_spec_cpu_period,100000.0
1744295817,kashef-k8s-ctl.profile-6c9f4cc75f-pvpfq,container_spec_cpu_period,100000.0
1744295817,kashef-k8s-w1.geo-bd9dfdb45-lwzmb,container_spec_cpu_period,100000.0
1744295817,kashef-k8s-w1.consul-56f5cf4f78-5hs85,container_spec_cpu_period,100000.0
1744295817,kashef-k8s-ctl.mongodb-rate-785b799bbc-q2nw6,container_spec_cpu_period,100000.0
1744295817,kashef-k8s-ctl.frontend-7d9d864798-lbt5f,container_spec_cpu_period,100000.0
1744295817,kashef-k8s-w1.memcached-rate-bcc5c97f8-lck87,container_spec_cpu_period,100000.0
1744295817,kashef-k8s-ctl.mongodb-reservation-7b474745f-9r8br,container_spec_cpu_period,100000.0
1744295817,kashef-k8s-ctl.rate-66d9d98f67-x7hpv,container_spec_cpu_period,100000.0
1744295817,kashef-k8s-ctl.mongodb-profile-6bb85f4df7-zzcmp,container_spec_cpu_period,100000.0
1744295820,kashef-k8s-w1.memcached-profile-7d6fcb6b8-9ft2j,container_spec_cpu_period,100000.0
1744295820,kashef-k8s-ctl.mongodb-recommendation-59d6b7ccf9-x7q72,container_spec_cpu_period,100000.0
1744295820,kashef-k8s-w1.search-8677798cf5-srst6,container_spec_cpu_period,100000.0
1744295820,kashef-k8s-w1.mongodb-user-6d96648ddc-rxzsw,container_spec_cpu_period,100000.0
1744295820,kashef-k8s-ctl.user-698454f8c4-cfb58,container_spec_cpu_period,100000.0
1744295820,kashef-k8s-w1.memcached-reserve-bdcb467b4-xqh7s,container_spec_cpu_period,100000.0
1744295820,kashef-k8s-ctl.reservation-7799998946-5p2cf,container_spec_cpu_period,100000.0
1744295820,kashef-k8s-w1.mongodb-geo-86b59b75f4-bsnk9,container_spec_cpu_period,100000.0
1744295820,kashef-k8s-ctl.profile-6c9f4cc75f-pvpfq,container_spec_cpu_period,100000.0
1744295820,kashef-k8s-w1.consul-56f5cf4f78-5hs85,container_spec_cpu_period,100000.0
1744295820,kashef-k8s-w1.geo-bd9dfdb45-lwzmb,container_spec_cpu_period,100000.0
1744295820,kashef-k8s-ctl.jaeger-5d885bcf88-txgt9,container_spec_cpu_period,100000.0
1744295820,kashef-k8s-w1.recommendation-6494d54897-gtmjd,container_spec_cpu_period,100000.0
1744295820,kashef-k8s-ctl.mongodb-profile-6bb85f4df7-zzcmp,container_spec_cpu_period,100000.0
1744295820,kashef-k8s-ctl.frontend-7d9d864798-lbt5f,container_spec_cpu_period,100000.0
1744295820,kashef-k8s-ctl.rate-66d9d98f67-x7hpv,container_spec_cpu_period,100000.0
1744295820,kashef-k8s-w1.memcached-rate-bcc5c97f8-lck87,container_spec_cpu_period,100000.0
1744295820,kashef-k8s-ctl.mongodb-rate-785b799bbc-q2nw6,container_spec_cpu_period,100000.0
1744295820,kashef-k8s-ctl.mongodb-reservation-7b474745f-9r8br,container_spec_cpu_period,100000.0
1744295823,kashef-k8s-w1.mongodb-user-6d96648ddc-rxzsw,container_spec_cpu_period,100000.0
1744295823,kashef-k8s-w1.search-8677798cf5-srst6,container_spec_cpu_period,100000.0
1744295823,kashef-k8s-ctl.profile-6c9f4cc75f-pvpfq,container_spec_cpu_period,100000.0
1744295823,kashef-k8s-ctl.mongodb-reservation-7b474745f-9r8br,container_spec_cpu_period,100000.0
1744295823,kashef-k8s-ctl.mongodb-rate-785b799bbc-q2nw6,container_spec_cpu_period,100000.0
1744295823,kashef-k8s-ctl.jaeger-5d885bcf88-txgt9,container_spec_cpu_period,100000.0
1744295823,kashef-k8s-w1.memcached-profile-7d6fcb6b8-9ft2j,container_spec_cpu_period,100000.0
1744295823,kashef-k8s-ctl.mongodb-profile-6bb85f4df7-zzcmp,container_spec_cpu_period,100000.0
1744295823,kashef-k8s-ctl.frontend-7d9d864798-lbt5f,container_spec_cpu_period,100000.0
1744295823,kashef-k8s-w1.mongodb-geo-86b59b75f4-bsnk9,container_spec_cpu_period,100000.0
1744295823,kashef-k8s-ctl.rate-66d9d98f67-x7hpv,container_spec_cpu_period,100000.0
1744295823,kashef-k8s-w1.recommendation-6494d54897-gtmjd,container_spec_cpu_period,100000.0
1744295823,kashef-k8s-ctl.user-698454f8c4-cfb58,container_spec_cpu_period,100000.0
1744295823,kashef-k8s-w1.geo-bd9dfdb45-lwzmb,container_spec_cpu_period,100000.0
1744295823,kashef-k8s-w1.memcached-reserve-bdcb467b4-xqh7s,container_spec_cpu_period,100000.0
1744295823,kashef-k8s-ctl.mongodb-recommendation-59d6b7ccf9-x7q72,container_spec_cpu_period,100000.0
1744295823,kashef-k8s-w1.consul-56f5cf4f78-5hs85,container_spec_cpu_period,100000.0
1744295823,kashef-k8s-ctl.reservation-7799998946-5p2cf,container_spec_cpu_period,100000.0
1744295823,kashef-k8s-w1.memcached-rate-bcc5c97f8-lck87,container_spec_cpu_period,100000.0
1744295826,kashef-k8s-ctl.user-698454f8c4-cfb58,container_spec_cpu_period,100000.0
1744295826,kashef-k8s-ctl.rate-66d9d98f67-x7hpv,container_spec_cpu_period,100000.0
1744295826,kashef-k8s-ctl.jaeger-5d885bcf88-txgt9,container_spec_cpu_period,100000.0
1744295826,kashef-k8s-w1.geo-bd9dfdb45-lwzmb,container_spec_cpu_period,100000.0
1744295826,kashef-k8s-w1.memcached-reserve-bdcb467b4-xqh7s,container_spec_cpu_period,100000.0
1744295826,kashef-k8s-ctl.mongodb-recommendation-59d6b7ccf9-x7q72,container_spec_cpu_period,100000.0
1744295826,kashef-k8s-w1.mongodb-geo-86b59b75f4-bsnk9,container_spec_cpu_period,100000.0
1744295826,kashef-k8s-ctl.mongodb-profile-6bb85f4df7-zzcmp,container_spec_cpu_period,100000.0
1744295826,kashef-k8s-ctl.frontend-7d9d864798-lbt5f,container_spec_cpu_period,100000.0
1744295826,kashef-k8s-ctl.mongodb-rate-785b799bbc-q2nw6,container_spec_cpu_period,100000.0
1744295826,kashef-k8s-ctl.profile-6c9f4cc75f-pvpfq,container_spec_cpu_period,100000.0
1744295826,kashef-k8s-w1.mongodb-user-6d96648ddc-rxzsw,container_spec_cpu_period,100000.0
1744295826,kashef-k8s-w1.search-8677798cf5-srst6,container_spec_cpu_period,100000.0
1744295826,kashef-k8s-ctl.reservation-7799998946-5p2cf,container_spec_cpu_period,100000.0
1744295826,kashef-k8s-w1.recommendation-6494d54897-gtmjd,container_spec_cpu_period,100000.0
1744295826,kashef-k8s-w1.memcached-rate-bcc5c97f8-lck87,container_spec_cpu_period,100000.0
1744295826,kashef-k8s-ctl.mongodb-reservation-7b474745f-9r8br,container_spec_cpu_period,100000.0
1744295826,kashef-k8s-w1.memcached-profile-7d6fcb6b8-9ft2j,container_spec_cpu_period,100000.0
1744295826,kashef-k8s-w1.consul-56f5cf4f78-5hs85,container_spec_cpu_period,100000.0
1744295829,kashef-k8s-ctl.user-698454f8c4-cfb58,container_spec_cpu_period,100000.0
1744295829,kashef-k8s-ctl.mongodb-profile-6bb85f4df7-zzcmp,container_spec_cpu_period,100000.0
1744295829,kashef-k8s-w1.search-8677798cf5-srst6,container_spec_cpu_period,100000.0
1744295829,kashef-k8s-ctl.rate-66d9d98f67-x7hpv,container_spec_cpu_period,100000.0
1744295829,kashef-k8s-w1.mongodb-geo-86b59b75f4-bsnk9,container_spec_cpu_period,100000.0
1744295829,kashef-k8s-ctl.frontend-7d9d864798-lbt5f,container_spec_cpu_period,100000.0
1744295829,kashef-k8s-ctl.mongodb-rate-785b799bbc-q2nw6,container_spec_cpu_period,100000.0
1744295829,kashef-k8s-w1.mongodb-user-6d96648ddc-rxzsw,container_spec_cpu_period,100000.0
1744295829,kashef-k8s-ctl.jaeger-5d885bcf88-txgt9,container_spec_cpu_period,100000.0
1744295829,kashef-k8s-ctl.profile-6c9f4cc75f-pvpfq,container_spec_cpu_period,100000.0
1744295829,kashef-k8s-w1.memcached-reserve-bdcb467b4-xqh7s,container_spec_cpu_period,100000.0
1744295829,kashef-k8s-w1.geo-bd9dfdb45-lwzmb,container_spec_cpu_period,100000.0
1744295829,kashef-k8s-ctl.mongodb-recommendation-59d6b7ccf9-x7q72,container_spec_cpu_period,100000.0
1744295829,kashef-k8s-w1.memcached-profile-7d6fcb6b8-9ft2j,container_spec_cpu_period,100000.0
1744295829,kashef-k8s-w1.consul-56f5cf4f78-5hs85,container_spec_cpu_period,100000.0
1744295829,kashef-k8s-w1.recommendation-6494d54897-gtmjd,container_spec_cpu_period,100000.0
1744295829,kashef-k8s-ctl.reservation-7799998946-5p2cf,container_spec_cpu_period,100000.0
1744295829,kashef-k8s-ctl.mongodb-reservation-7b474745f-9r8br,container_spec_cpu_period,100000.0
1744295829,kashef-k8s-w1.memcached-rate-bcc5c97f8-lck87,container_spec_cpu_period,100000.0
1744295832,kashef-k8s-ctl.mongodb-reservation-7b474745f-9r8br,container_spec_cpu_period,100000.0
1744295832,kashef-k8s-w1.mongodb-user-6d96648ddc-rxzsw,container_spec_cpu_period,100000.0
1744295832,kashef-k8s-w1.memcached-rate-bcc5c97f8-lck87,container_spec_cpu_period,100000.0
1744295832,kashef-k8s-w1.memcached-reserve-bdcb467b4-xqh7s,container_spec_cpu_period,100000.0
1744295832,kashef-k8s-w1.memcached-profile-7d6fcb6b8-9ft2j,container_spec_cpu_period,100000.0
1744295832,kashef-k8s-w1.geo-bd9dfdb45-lwzmb,container_spec_cpu_period,100000.0
1744295832,kashef-k8s-ctl.mongodb-recommendation-59d6b7ccf9-x7q72,container_spec_cpu_period,100000.0
1744295832,kashef-k8s-ctl.reservation-7799998946-5p2cf,container_spec_cpu_period,100000.0
1744295832,kashef-k8s-ctl.user-698454f8c4-cfb58,container_spec_cpu_period,100000.0
1744295832,kashef-k8s-w1.consul-56f5cf4f78-5hs85,container_spec_cpu_period,100000.0
1744295832,kashef-k8s-ctl.mongodb-profile-6bb85f4df7-zzcmp,container_spec_cpu_period,100000.0
1744295832,kashef-k8s-ctl.mongodb-rate-785b799bbc-q2nw6,container_spec_cpu_period,100000.0
1744295832,kashef-k8s-ctl.profile-6c9f4cc75f-pvpfq,container_spec_cpu_period,100000.0
1744295832,kashef-k8s-ctl.frontend-7d9d864798-lbt5f,container_spec_cpu_period,100000.0
1744295832,kashef-k8s-w1.mongodb-geo-86b59b75f4-bsnk9,container_spec_cpu_period,100000.0
1744295832,kashef-k8s-w1.recommendation-6494d54897-gtmjd,container_spec_cpu_period,100000.0
1744295832,kashef-k8s-w1.search-8677798cf5-srst6,container_spec_cpu_period,100000.0
1744295832,kashef-k8s-ctl.jaeger-5d885bcf88-txgt9,container_spec_cpu_period,100000.0
1744295832,kashef-k8s-ctl.rate-66d9d98f67-x7hpv,container_spec_cpu_period,100000.0
1744295835,kashef-k8s-ctl.mongodb-recommendation-59d6b7ccf9-x7q72,container_spec_cpu_period,100000.0
1744295835,kashef-k8s-w1.memcached-rate-bcc5c97f8-lck87,container_spec_cpu_period,100000.0
1744295835,kashef-k8s-ctl.user-698454f8c4-cfb58,container_spec_cpu_period,100000.0
1744295835,kashef-k8s-w1.search-8677798cf5-srst6,container_spec_cpu_period,100000.0
1744295835,kashef-k8s-w1.mongodb-geo-86b59b75f4-bsnk9,container_spec_cpu_period,100000.0
1744295835,kashef-k8s-ctl.mongodb-profile-6bb85f4df7-zzcmp,container_spec_cpu_period,100000.0
1744295835,kashef-k8s-ctl.reservation-7799998946-5p2cf,container_spec_cpu_period,100000.0
1744295835,kashef-k8s-w1.consul-56f5cf4f78-5hs85,container_spec_cpu_period,100000.0
1744295835,kashef-k8s-w1.geo-bd9dfdb45-lwzmb,container_spec_cpu_period,100000.0
1744295835,kashef-k8s-w1.memcached-profile-7d6fcb6b8-9ft2j,container_spec_cpu_period,100000.0
1744295835,kashef-k8s-w1.memcached-reserve-bdcb467b4-xqh7s,container_spec_cpu_period,100000.0
1744295835,kashef-k8s-w1.mongodb-user-6d96648ddc-rxzsw,container_spec_cpu_period,100000.0
1744295835,kashef-k8s-ctl.mongodb-reservation-7b474745f-9r8br,container_spec_cpu_period,100000.0
1744295835,kashef-k8s-ctl.frontend-7d9d864798-lbt5f,container_spec_cpu_period,100000.0
1744295835,kashef-k8s-ctl.profile-6c9f4cc75f-pvpfq,container_spec_cpu_period,100000.0
1744295835,kashef-k8s-ctl.jaeger-5d885bcf88-txgt9,container_spec_cpu_period,100000.0
1744295835,kashef-k8s-ctl.rate-66d9d98f67-x7hpv,container_spec_cpu_period,100000.0
1744295835,kashef-k8s-ctl.mongodb-rate-785b799bbc-q2nw6,container_spec_cpu_period,100000.0
1744295835,kashef-k8s-w1.recommendation-6494d54897-gtmjd,container_spec_cpu_period,100000.0
1744295838,kashef-k8s-w1.memcached-reserve-bdcb467b4-xqh7s,container_spec_cpu_period,100000.0
1744295838,kashef-k8s-ctl.mongodb-profile-6bb85f4df7-zzcmp,container_spec_cpu_period,100000.0
1744295838,kashef-k8s-w1.memcached-profile-7d6fcb6b8-9ft2j,container_spec_cpu_period,100000.0
1744295838,kashef-k8s-w1.mongodb-user-6d96648ddc-rxzsw,container_spec_cpu_period,100000.0
1744295838,kashef-k8s-ctl.user-698454f8c4-cfb58,container_spec_cpu_period,100000.0
1744295838,kashef-k8s-w1.consul-56f5cf4f78-5hs85,container_spec_cpu_period,100000.0
1744295838,kashef-k8s-ctl.mongodb-recommendation-59d6b7ccf9-x7q72,container_spec_cpu_period,100000.0
1744295838,kashef-k8s-w1.geo-bd9dfdb45-lwzmb,container_spec_cpu_period,100000.0
1744295838,kashef-k8s-ctl.mongodb-reservation-7b474745f-9r8br,container_spec_cpu_period,100000.0
1744295838,kashef-k8s-w1.memcached-rate-bcc5c97f8-lck87,container_spec_cpu_period,100000.0
1744295838,kashef-k8s-ctl.profile-6c9f4cc75f-pvpfq,container_spec_cpu_period,100000.0
1744295838,kashef-k8s-w1.mongodb-geo-86b59b75f4-bsnk9,container_spec_cpu_period,100000.0
1744295838,kashef-k8s-ctl.frontend-7d9d864798-lbt5f,container_spec_cpu_period,100000.0
1744295838,kashef-k8s-ctl.mongodb-rate-785b799bbc-q2nw6,container_spec_cpu_period,100000.0
1744295838,kashef-k8s-w1.recommendation-6494d54897-gtmjd,container_spec_cpu_period,100000.0
1744295838,kashef-k8s-ctl.jaeger-5d885bcf88-txgt9,container_spec_cpu_period,100000.0
1744295838,kashef-k8s-ctl.reservation-7799998946-5p2cf,container_spec_cpu_period,100000.0
1744295838,kashef-k8s-w1.search-8677798cf5-srst6,container_spec_cpu_period,100000.0
1744295838,kashef-k8s-ctl.rate-66d9d98f67-x7hpv,container_spec_cpu_period,100000.0
1744295841,kashef-k8s-w1.search-8677798cf5-srst6,container_spec_cpu_period,100000.0
1744295841,kashef-k8s-w1.memcached-rate-bcc5c97f8-lck87,container_spec_cpu_period,100000.0
1744295841,kashef-k8s-ctl.profile-6c9f4cc75f-pvpfq,container_spec_cpu_period,100000.0
1744295841,kashef-k8s-ctl.user-698454f8c4-cfb58,container_spec_cpu_period,100000.0
1744295841,kashef-k8s-ctl.rate-66d9d98f67-x7hpv,container_spec_cpu_period,100000.0
1744295841,kashef-k8s-w1.mongodb-geo-86b59b75f4-bsnk9,container_spec_cpu_period,100000.0
1744295841,kashef-k8s-w1.mongodb-user-6d96648ddc-rxzsw,container_spec_cpu_period,100000.0
1744295841,kashef-k8s-ctl.reservation-7799998946-5p2cf,container_spec_cpu_period,100000.0
1744295841,kashef-k8s-w1.geo-bd9dfdb45-lwzmb,container_spec_cpu_period,100000.0
1744295841,kashef-k8s-ctl.mongodb-recommendation-59d6b7ccf9-x7q72,container_spec_cpu_period,100000.0
1744295841,kashef-k8s-ctl.jaeger-5d885bcf88-txgt9,container_spec_cpu_period,100000.0
1744295841,kashef-k8s-ctl.mongodb-reservation-7b474745f-9r8br,container_spec_cpu_period,100000.0
1744295841,kashef-k8s-ctl.mongodb-rate-785b799bbc-q2nw6,container_spec_cpu_period,100000.0
1744295841,kashef-k8s-w1.recommendation-6494d54897-gtmjd,container_spec_cpu_period,100000.0
1744295841,kashef-k8s-ctl.frontend-7d9d864798-lbt5f,container_spec_cpu_period,100000.0
1744295841,kashef-k8s-ctl.mongodb-profile-6bb85f4df7-zzcmp,container_spec_cpu_period,100000.0
1744295841,kashef-k8s-w1.consul-56f5cf4f78-5hs85,container_spec_cpu_period,100000.0
1744295841,kashef-k8s-w1.memcached-reserve-bdcb467b4-xqh7s,container_spec_cpu_period,100000.0
1744295841,kashef-k8s-w1.memcached-profile-7d6fcb6b8-9ft2j,container_spec_cpu_period,100000.0
1744295844,kashef-k8s-ctl.mongodb-rate-785b799bbc-q2nw6,container_spec_cpu_period,100000.0
1744295844,kashef-k8s-w1.geo-bd9dfdb45-lwzmb,container_spec_cpu_period,100000.0
1744295844,kashef-k8s-ctl.reservation-7799998946-5p2cf,container_spec_cpu_period,100000.0
1744295844,kashef-k8s-w1.mongodb-user-6d96648ddc-rxzsw,container_spec_cpu_period,100000.0
1744295844,kashef-k8s-w1.memcached-rate-bcc5c97f8-lck87,container_spec_cpu_period,100000.0
1744295844,kashef-k8s-ctl.user-698454f8c4-cfb58,container_spec_cpu_period,100000.0
1744295844,kashef-k8s-ctl.mongodb-recommendation-59d6b7ccf9-x7q72,container_spec_cpu_period,100000.0
1744295844,kashef-k8s-ctl.jaeger-5d885bcf88-txgt9,container_spec_cpu_period,100000.0
1744295844,kashef-k8s-w1.search-8677798cf5-srst6,container_spec_cpu_period,100000.0
1744295844,kashef-k8s-w1.mongodb-geo-86b59b75f4-bsnk9,container_spec_cpu_period,100000.0
1744295844,kashef-k8s-ctl.rate-66d9d98f67-x7hpv,container_spec_cpu_period,100000.0
1744295844,kashef-k8s-ctl.profile-6c9f4cc75f-pvpfq,container_spec_cpu_period,100000.0
1744295844,kashef-k8s-w1.consul-56f5cf4f78-5hs85,container_spec_cpu_period,100000.0
1744295844,kashef-k8s-w1.memcached-reserve-bdcb467b4-xqh7s,container_spec_cpu_period,100000.0
1744295844,kashef-k8s-w1.recommendation-6494d54897-gtmjd,container_spec_cpu_period,100000.0
1744295844,kashef-k8s-ctl.frontend-7d9d864798-lbt5f,container_spec_cpu_period,100000.0
1744295844,kashef-k8s-w1.memcached-profile-7d6fcb6b8-9ft2j,container_spec_cpu_period,100000.0
1744295844,kashef-k8s-ctl.mongodb-profile-6bb85f4df7-zzcmp,container_spec_cpu_period,100000.0
1744295844,kashef-k8s-ctl.mongodb-reservation-7b474745f-9r8br,container_spec_cpu_period,100000.0
1744295847,kashef-k8s-ctl.jaeger-5d885bcf88-txgt9,container_spec_cpu_period,100000.0
1744295847,kashef-k8s-w1.mongodb-geo-86b59b75f4-bsnk9,container_spec_cpu_period,100000.0
1744295847,kashef-k8s-w1.consul-56f5cf4f78-5hs85,container_spec_cpu_period,100000.0
1744295847,kashef-k8s-ctl.mongodb-rate-785b799bbc-q2nw6,container_spec_cpu_period,100000.0
1744295847,kashef-k8s-ctl.mongodb-recommendation-59d6b7ccf9-x7q72,container_spec_cpu_period,100000.0
1744295847,kashef-k8s-w1.mongodb-user-6d96648ddc-rxzsw,container_spec_cpu_period,100000.0
1744295847,kashef-k8s-w1.search-8677798cf5-srst6,container_spec_cpu_period,100000.0
1744295847,kashef-k8s-ctl.reservation-7799998946-5p2cf,container_spec_cpu_period,100000.0
1744295847,kashef-k8s-ctl.rate-66d9d98f67-x7hpv,container_spec_cpu_period,100000.0
1744295847,kashef-k8s-w1.geo-bd9dfdb45-lwzmb,container_spec_cpu_period,100000.0
1744295847,kashef-k8s-ctl.mongodb-reservation-7b474745f-9r8br,container_spec_cpu_period,100000.0
1744295847,kashef-k8s-ctl.user-698454f8c4-cfb58,container_spec_cpu_period,100000.0
1744295847,kashef-k8s-w1.recommendation-6494d54897-gtmjd,container_spec_cpu_period,100000.0
1744295847,kashef-k8s-ctl.frontend-7d9d864798-lbt5f,container_spec_cpu_period,100000.0
1744295847,kashef-k8s-ctl.mongodb-profile-6bb85f4df7-zzcmp,container_spec_cpu_period,100000.0
1744295847,kashef-k8s-w1.memcached-profile-7d6fcb6b8-9ft2j,container_spec_cpu_period,100000.0
1744295847,kashef-k8s-w1.memcached-rate-bcc5c97f8-lck87,container_spec_cpu_period,100000.0
1744295847,kashef-k8s-ctl.profile-6c9f4cc75f-pvpfq,container_spec_cpu_period,100000.0
1744295847,kashef-k8s-w1.memcached-reserve-bdcb467b4-xqh7s,container_spec_cpu_period,100000.0
1744295850,kashef-k8s-w1.memcached-profile-7d6fcb6b8-9ft2j,container_spec_cpu_period,100000.0
1744295850,kashef-k8s-ctl.mongodb-reservation-7b474745f-9r8br,container_spec_cpu_period,100000.0
1744295850,kashef-k8s-w1.memcached-rate-bcc5c97f8-lck87,container_spec_cpu_period,100000.0
1744295850,kashef-k8s-w1.recommendation-6494d54897-gtmjd,container_spec_cpu_period,100000.0
1744295850,kashef-k8s-ctl.user-698454f8c4-cfb58,container_spec_cpu_period,100000.0
1744295850,kashef-k8s-w1.geo-bd9dfdb45-lwzmb,container_spec_cpu_period,100000.0
1744295850,kashef-k8s-ctl.mongodb-profile-6bb85f4df7-zzcmp,container_spec_cpu_period,100000.0
1744295850,kashef-k8s-ctl.mongodb-rate-785b799bbc-q2nw6,container_spec_cpu_period,100000.0
1744295850,kashef-k8s-ctl.jaeger-5d885bcf88-txgt9,container_spec_cpu_period,100000.0
1744295850,kashef-k8s-ctl.mongodb-recommendation-59d6b7ccf9-x7q72,container_spec_cpu_period,100000.0
1744295850,kashef-k8s-ctl.frontend-7d9d864798-lbt5f,container_spec_cpu_period,100000.0
1744295850,kashef-k8s-w1.mongodb-user-6d96648ddc-rxzsw,container_spec_cpu_period,100000.0
1744295850,kashef-k8s-w1.memcached-reserve-bdcb467b4-xqh7s,container_spec_cpu_period,100000.0
1744295850,kashef-k8s-ctl.reservation-7799998946-5p2cf,container_spec_cpu_period,100000.0
1744295850,kashef-k8s-ctl.rate-66d9d98f67-x7hpv,container_spec_cpu_period,100000.0
1744295850,kashef-k8s-ctl.profile-6c9f4cc75f-pvpfq,container_spec_cpu_period,100000.0
1744295850,kashef-k8s-w1.mongodb-geo-86b59b75f4-bsnk9,container_spec_cpu_period,100000.0
1744295850,kashef-k8s-w1.search-8677798cf5-srst6,container_spec_cpu_period,100000.0
1744295850,kashef-k8s-w1.consul-56f5cf4f78-5hs85,container_spec_cpu_period,100000.0
1744295853,kashef-k8s-w1.memcached-profile-7d6fcb6b8-9ft2j,container_spec_cpu_period,100000.0
1744295853,kashef-k8s-ctl.rate-66d9d98f67-x7hpv,container_spec_cpu_period,100000.0
1744295853,kashef-k8s-ctl.jaeger-5d885bcf88-txgt9,container_spec_cpu_period,100000.0
1744295853,kashef-k8s-ctl.mongodb-rate-785b799bbc-q2nw6,container_spec_cpu_period,100000.0
1744295853,kashef-k8s-ctl.frontend-7d9d864798-lbt5f,container_spec_cpu_period,100000.0
1744295853,kashef-k8s-w1.geo-bd9dfdb45-lwzmb,container_spec_cpu_period,100000.0
1744295853,kashef-k8s-w1.recommendation-6494d54897-gtmjd,container_spec_cpu_period,100000.0
1744295853,kashef-k8s-ctl.user-698454f8c4-cfb58,container_spec_cpu_period,100000.0
1744295853,kashef-k8s-ctl.mongodb-profile-6bb85f4df7-zzcmp,container_spec_cpu_period,100000.0
1744295853,kashef-k8s-ctl.reservation-7799998946-5p2cf,container_spec_cpu_period,100000.0
1744295853,kashef-k8s-w1.memcached-reserve-bdcb467b4-xqh7s,container_spec_cpu_period,100000.0
1744295853,kashef-k8s-ctl.profile-6c9f4cc75f-pvpfq,container_spec_cpu_period,100000.0
1744295853,kashef-k8s-w1.search-8677798cf5-srst6,container_spec_cpu_period,100000.0
1744295853,kashef-k8s-ctl.mongodb-recommendation-59d6b7ccf9-x7q72,container_spec_cpu_period,100000.0
1744295853,kashef-k8s-w1.mongodb-user-6d96648ddc-rxzsw,container_spec_cpu_period,100000.0
1744295853,kashef-k8s-ctl.mongodb-reservation-7b474745f-9r8br,container_spec_cpu_period,100000.0
1744295853,kashef-k8s-w1.consul-56f5cf4f78-5hs85,container_spec_cpu_period,100000.0
1744295853,kashef-k8s-w1.memcached-rate-bcc5c97f8-lck87,container_spec_cpu_period,100000.0
1744295853,kashef-k8s-w1.mongodb-geo-86b59b75f4-bsnk9,container_spec_cpu_period,100000.0
1744295856,kashef-k8s-ctl.mongodb-reservation-7b474745f-9r8br,container_spec_cpu_period,100000.0
1744295856,kashef-k8s-w1.mongodb-geo-86b59b75f4-bsnk9,container_spec_cpu_period,100000.0
1744295856,kashef-k8s-w1.mongodb-user-6d96648ddc-rxzsw,container_spec_cpu_period,100000.0
1744295856,kashef-k8s-w1.memcached-reserve-bdcb467b4-xqh7s,container_spec_cpu_period,100000.0
1744295856,kashef-k8s-ctl.reservation-7799998946-5p2cf,container_spec_cpu_period,100000.0
1744295856,kashef-k8s-ctl.mongodb-recommendation-59d6b7ccf9-x7q72,container_spec_cpu_period,100000.0
1744295856,kashef-k8s-w1.search-8677798cf5-srst6,container_spec_cpu_period,100000.0
1744295856,kashef-k8s-ctl.profile-6c9f4cc75f-pvpfq,container_spec_cpu_period,100000.0
1744295856,kashef-k8s-ctl.user-698454f8c4-cfb58,container_spec_cpu_period,100000.0
1744295856,kashef-k8s-ctl.jaeger-5d885bcf88-txgt9,container_spec_cpu_period,100000.0
1744295856,kashef-k8s-w1.memcached-rate-bcc5c97f8-lck87,container_spec_cpu_period,100000.0
1744295856,kashef-k8s-w1.geo-bd9dfdb45-lwzmb,container_spec_cpu_period,100000.0
1744295856,kashef-k8s-w1.recommendation-6494d54897-gtmjd,container_spec_cpu_period,100000.0
1744295856,kashef-k8s-ctl.mongodb-rate-785b799bbc-q2nw6,container_spec_cpu_period,100000.0
1744295856,kashef-k8s-ctl.frontend-7d9d864798-lbt5f,container_spec_cpu_period,100000.0
1744295856,kashef-k8s-ctl.mongodb-profile-6bb85f4df7-zzcmp,container_spec_cpu_period,100000.0
1744295856,kashef-k8s-ctl.rate-66d9d98f67-x7hpv,container_spec_cpu_period,100000.0
1744295856,kashef-k8s-w1.memcached-profile-7d6fcb6b8-9ft2j,container_spec_cpu_period,100000.0
1744295856,kashef-k8s-w1.consul-56f5cf4f78-5hs85,container_spec_cpu_period,100000.0
1744295859,kashef-k8s-ctl.user-698454f8c4-cfb58,container_spec_cpu_period,100000.0
1744295859,kashef-k8s-ctl.frontend-7d9d864798-lbt5f,container_spec_cpu_period,100000.0
1744295859,kashef-k8s-w1.memcached-rate-bcc5c97f8-lck87,container_spec_cpu_period,100000.0
1744295859,kashef-k8s-ctl.reservation-7799998946-5p2cf,container_spec_cpu_period,100000.0
1744295859,kashef-k8s-ctl.profile-6c9f4cc75f-pvpfq,container_spec_cpu_period,100000.0
1744295859,kashef-k8s-w1.memcached-reserve-bdcb467b4-xqh7s,container_spec_cpu_period,100000.0
1744295859,kashef-k8s-w1.search-8677798cf5-srst6,container_spec_cpu_period,100000.0
1744295859,kashef-k8s-w1.memcached-profile-7d6fcb6b8-9ft2j,container_spec_cpu_period,100000.0
1744295859,kashef-k8s-w1.mongodb-geo-86b59b75f4-bsnk9,container_spec_cpu_period,100000.0
1744295859,kashef-k8s-w1.consul-56f5cf4f78-5hs85,container_spec_cpu_period,100000.0
1744295859,kashef-k8s-w1.mongodb-user-6d96648ddc-rxzsw,container_spec_cpu_period,100000.0
1744295859,kashef-k8s-w1.recommendation-6494d54897-gtmjd,container_spec_cpu_period,100000.0
1744295859,kashef-k8s-ctl.mongodb-reservation-7b474745f-9r8br,container_spec_cpu_period,100000.0
1744295859,kashef-k8s-ctl.jaeger-5d885bcf88-txgt9,container_spec_cpu_period,100000.0
1744295859,kashef-k8s-ctl.rate-66d9d98f67-x7hpv,container_spec_cpu_period,100000.0
1744295859,kashef-k8s-ctl.mongodb-profile-6bb85f4df7-zzcmp,container_spec_cpu_period,100000.0
1744295859,kashef-k8s-ctl.mongodb-recommendation-59d6b7ccf9-x7q72,container_spec_cpu_period,100000.0
1744295859,kashef-k8s-w1.geo-bd9dfdb45-lwzmb,container_spec_cpu_period,100000.0
1744295859,kashef-k8s-ctl.mongodb-rate-785b799bbc-q2nw6,container_spec_cpu_period,100000.0
1744295862,kashef-k8s-ctl.user-698454f8c4-cfb58,container_spec_cpu_period,100000.0
1744295862,kashef-k8s-ctl.mongodb-rate-785b799bbc-q2nw6,container_spec_cpu_period,100000.0
1744295862,kashef-k8s-w1.consul-56f5cf4f78-5hs85,container_spec_cpu_period,100000.0
1744295862,kashef-k8s-w1.memcached-profile-7d6fcb6b8-9ft2j,container_spec_cpu_period,100000.0
1744295862,kashef-k8s-ctl.mongodb-reservation-7b474745f-9r8br,container_spec_cpu_period,100000.0
1744295862,kashef-k8s-w1.memcached-rate-bcc5c97f8-lck87,container_spec_cpu_period,100000.0
1744295862,kashef-k8s-ctl.profile-6c9f4cc75f-pvpfq,container_spec_cpu_period,100000.0
1744295862,kashef-k8s-w1.recommendation-6494d54897-gtmjd,container_spec_cpu_period,100000.0
1744295862,kashef-k8s-w1.memcached-reserve-bdcb467b4-xqh7s,container_spec_cpu_period,100000.0
1744295862,kashef-k8s-w1.mongodb-user-6d96648ddc-rxzsw,container_spec_cpu_period,100000.0
1744295862,kashef-k8s-ctl.mongodb-profile-6bb85f4df7-zzcmp,container_spec_cpu_period,100000.0
1744295862,kashef-k8s-ctl.reservation-7799998946-5p2cf,container_spec_cpu_period,100000.0
1744295862,kashef-k8s-ctl.mongodb-recommendation-59d6b7ccf9-x7q72,container_spec_cpu_period,100000.0
1744295862,kashef-k8s-ctl.frontend-7d9d864798-lbt5f,container_spec_cpu_period,100000.0
1744295862,kashef-k8s-w1.geo-bd9dfdb45-lwzmb,container_spec_cpu_period,100000.0
1744295862,kashef-k8s-w1.search-8677798cf5-srst6,container_spec_cpu_period,100000.0
1744295862,kashef-k8s-ctl.rate-66d9d98f67-x7hpv,container_spec_cpu_period,100000.0
1744295862,kashef-k8s-ctl.jaeger-5d885bcf88-txgt9,container_spec_cpu_period,100000.0
1744295862,kashef-k8s-w1.mongodb-geo-86b59b75f4-bsnk9,container_spec_cpu_period,100000.0
1744295865,kashef-k8s-w1.geo-bd9dfdb45-lwzmb,container_spec_cpu_period,100000.0
1744295865,kashef-k8s-ctl.user-698454f8c4-cfb58,container_spec_cpu_period,100000.0
1744295865,kashef-k8s-ctl.mongodb-profile-6bb85f4df7-zzcmp,container_spec_cpu_period,100000.0
1744295865,kashef-k8s-ctl.reservation-7799998946-5p2cf,container_spec_cpu_period,100000.0
1744295865,kashef-k8s-w1.consul-56f5cf4f78-5hs85,container_spec_cpu_period,100000.0
1744295865,kashef-k8s-ctl.frontend-7d9d864798-lbt5f,container_spec_cpu_period,100000.0
1744295865,kashef-k8s-ctl.rate-66d9d98f67-x7hpv,container_spec_cpu_period,100000.0
1744295865,kashef-k8s-ctl.mongodb-recommendation-59d6b7ccf9-x7q72,container_spec_cpu_period,100000.0
1744295865,kashef-k8s-ctl.mongodb-rate-785b799bbc-q2nw6,container_spec_cpu_period,100000.0
1744295865,kashef-k8s-ctl.profile-6c9f4cc75f-pvpfq,container_spec_cpu_period,100000.0
1744295865,kashef-k8s-w1.memcached-profile-7d6fcb6b8-9ft2j,container_spec_cpu_period,100000.0
1744295865,kashef-k8s-w1.memcached-reserve-bdcb467b4-xqh7s,container_spec_cpu_period,100000.0
1744295865,kashef-k8s-ctl.jaeger-5d885bcf88-txgt9,container_spec_cpu_period,100000.0
1744295865,kashef-k8s-w1.mongodb-user-6d96648ddc-rxzsw,container_spec_cpu_period,100000.0
1744295865,kashef-k8s-w1.search-8677798cf5-srst6,container_spec_cpu_period,100000.0
1744295865,kashef-k8s-w1.memcached-rate-bcc5c97f8-lck87,container_spec_cpu_period,100000.0
1744295865,kashef-k8s-ctl.mongodb-reservation-7b474745f-9r8br,container_spec_cpu_period,100000.0
1744295865,kashef-k8s-w1.mongodb-geo-86b59b75f4-bsnk9,container_spec_cpu_period,100000.0
1744295865,kashef-k8s-w1.recommendation-6494d54897-gtmjd,container_spec_cpu_period,100000.0
1744295868,kashef-k8s-ctl.mongodb-profile-6bb85f4df7-zzcmp,container_spec_cpu_period,100000.0
1744295868,kashef-k8s-ctl.mongodb-recommendation-59d6b7ccf9-x7q72,container_spec_cpu_period,100000.0
1744295868,kashef-k8s-w1.consul-56f5cf4f78-5hs85,container_spec_cpu_period,100000.0
1744295868,kashef-k8s-ctl.rate-66d9d98f67-x7hpv,container_spec_cpu_period,100000.0
1744295868,kashef-k8s-ctl.reservation-7799998946-5p2cf,container_spec_cpu_period,100000.0
1744295868,kashef-k8s-w1.mongodb-user-6d96648ddc-rxzsw,container_spec_cpu_period,100000.0
1744295868,kashef-k8s-ctl.jaeger-5d885bcf88-txgt9,container_spec_cpu_period,100000.0
1744295868,kashef-k8s-w1.search-8677798cf5-srst6,container_spec_cpu_period,100000.0
1744295868,kashef-k8s-ctl.frontend-7d9d864798-lbt5f,container_spec_cpu_period,100000.0
1744295868,kashef-k8s-w1.mongodb-geo-86b59b75f4-bsnk9,container_spec_cpu_period,100000.0
1744295868,kashef-k8s-w1.memcached-rate-bcc5c97f8-lck87,container_spec_cpu_period,100000.0
1744295868,kashef-k8s-ctl.user-698454f8c4-cfb58,container_spec_cpu_period,100000.0
1744295868,kashef-k8s-w1.geo-bd9dfdb45-lwzmb,container_spec_cpu_period,100000.0
1744295868,kashef-k8s-w1.memcached-profile-7d6fcb6b8-9ft2j,container_spec_cpu_period,100000.0
1744295868,kashef-k8s-ctl.profile-6c9f4cc75f-pvpfq,container_spec_cpu_period,100000.0
1744295868,kashef-k8s-ctl.mongodb-rate-785b799bbc-q2nw6,container_spec_cpu_period,100000.0
1744295868,kashef-k8s-w1.memcached-reserve-bdcb467b4-xqh7s,container_spec_cpu_period,100000.0
1744295868,kashef-k8s-w1.recommendation-6494d54897-gtmjd,container_spec_cpu_period,100000.0
1744295868,kashef-k8s-ctl.mongodb-reservation-7b474745f-9r8br,container_spec_cpu_period,100000.0
1744295871,kashef-k8s-w1.consul-56f5cf4f78-5hs85,container_spec_cpu_period,100000.0
1744295871,kashef-k8s-w1.recommendation-6494d54897-gtmjd,container_spec_cpu_period,100000.0
1744295871,kashef-k8s-ctl.mongodb-reservation-7b474745f-9r8br,container_spec_cpu_period,100000.0
1744295871,kashef-k8s-w1.memcached-profile-7d6fcb6b8-9ft2j,container_spec_cpu_period,100000.0
1744295871,kashef-k8s-w1.mongodb-geo-86b59b75f4-bsnk9,container_spec_cpu_period,100000.0
1744295871,kashef-k8s-ctl.user-698454f8c4-cfb58,container_spec_cpu_period,100000.0
1744295871,kashef-k8s-ctl.profile-6c9f4cc75f-pvpfq,container_spec_cpu_period,100000.0
1744295871,kashef-k8s-w1.memcached-reserve-bdcb467b4-xqh7s,container_spec_cpu_period,100000.0
1744295871,kashef-k8s-ctl.frontend-7d9d864798-lbt5f,container_spec_cpu_period,100000.0
1744295871,kashef-k8s-ctl.mongodb-recommendation-59d6b7ccf9-x7q72,container_spec_cpu_period,100000.0
1744295871,kashef-k8s-ctl.mongodb-profile-6bb85f4df7-zzcmp,container_spec_cpu_period,100000.0
1744295871,kashef-k8s-w1.geo-bd9dfdb45-lwzmb,container_spec_cpu_period,100000.0
1744295871,kashef-k8s-ctl.jaeger-5d885bcf88-txgt9,container_spec_cpu_period,100000.0
1744295871,kashef-k8s-w1.search-8677798cf5-srst6,container_spec_cpu_period,100000.0
1744295871,kashef-k8s-w1.mongodb-user-6d96648ddc-rxzsw,container_spec_cpu_period,100000.0
1744295871,kashef-k8s-ctl.mongodb-rate-785b799bbc-q2nw6,container_spec_cpu_period,100000.0
1744295871,kashef-k8s-ctl.reservation-7799998946-5p2cf,container_spec_cpu_period,100000.0
1744295871,kashef-k8s-w1.memcached-rate-bcc5c97f8-lck87,container_spec_cpu_period,100000.0
1744295871,kashef-k8s-ctl.rate-66d9d98f67-x7hpv,container_spec_cpu_period,100000.0
1744295874,kashef-k8s-ctl.user-698454f8c4-cfb58,container_spec_cpu_period,100000.0
1744295874,kashef-k8s-ctl.profile-6c9f4cc75f-pvpfq,container_spec_cpu_period,100000.0
1744295874,kashef-k8s-ctl.reservation-7799998946-5p2cf,container_spec_cpu_period,100000.0
1744295874,kashef-k8s-w1.memcached-reserve-bdcb467b4-xqh7s,container_spec_cpu_period,100000.0
1744295874,kashef-k8s-w1.mongodb-user-6d96648ddc-rxzsw,container_spec_cpu_period,100000.0
1744295874,kashef-k8s-ctl.mongodb-profile-6bb85f4df7-zzcmp,container_spec_cpu_period,100000.0
1744295874,kashef-k8s-ctl.jaeger-5d885bcf88-txgt9,container_spec_cpu_period,100000.0
1744295874,kashef-k8s-ctl.mongodb-rate-785b799bbc-q2nw6,container_spec_cpu_period,100000.0
1744295874,kashef-k8s-ctl.rate-66d9d98f67-x7hpv,container_spec_cpu_period,100000.0
1744295874,kashef-k8s-ctl.frontend-7d9d864798-lbt5f,container_spec_cpu_period,100000.0
1744295874,kashef-k8s-w1.consul-56f5cf4f78-5hs85,container_spec_cpu_period,100000.0
1744295874,kashef-k8s-w1.memcached-profile-7d6fcb6b8-9ft2j,container_spec_cpu_period,100000.0
1744295874,kashef-k8s-w1.mongodb-geo-86b59b75f4-bsnk9,container_spec_cpu_period,100000.0
1744295874,kashef-k8s-w1.geo-bd9dfdb45-lwzmb,container_spec_cpu_period,100000.0
1744295874,kashef-k8s-ctl.mongodb-recommendation-59d6b7ccf9-x7q72,container_spec_cpu_period,100000.0
1744295874,kashef-k8s-w1.search-8677798cf5-srst6,container_spec_cpu_period,100000.0
1744295874,kashef-k8s-ctl.mongodb-reservation-7b474745f-9r8br,container_spec_cpu_period,100000.0
1744295874,kashef-k8s-w1.memcached-rate-bcc5c97f8-lck87,container_spec_cpu_period,100000.0
1744295874,kashef-k8s-w1.recommendation-6494d54897-gtmjd,container_spec_cpu_period,100000.0
1744295877,kashef-k8s-w1.memcached-profile-7d6fcb6b8-9ft2j,container_spec_cpu_period,100000.0
1744295877,kashef-k8s-w1.recommendation-6494d54897-gtmjd,container_spec_cpu_period,100000.0
1744295877,kashef-k8s-w1.consul-56f5cf4f78-5hs85,container_spec_cpu_period,100000.0
1744295877,kashef-k8s-ctl.jaeger-5d885bcf88-txgt9,container_spec_cpu_period,100000.0
1744295877,kashef-k8s-ctl.mongodb-rate-785b799bbc-q2nw6,container_spec_cpu_period,100000.0
1744295877,kashef-k8s-w1.memcached-reserve-bdcb467b4-xqh7s,container_spec_cpu_period,100000.0
1744295877,kashef-k8s-ctl.reservation-7799998946-5p2cf,container_spec_cpu_period,100000.0
1744295877,kashef-k8s-ctl.user-698454f8c4-cfb58,container_spec_cpu_period,100000.0
1744295877,kashef-k8s-ctl.mongodb-profile-6bb85f4df7-zzcmp,container_spec_cpu_period,100000.0
1744295877,kashef-k8s-ctl.mongodb-recommendation-59d6b7ccf9-x7q72,container_spec_cpu_period,100000.0
1744295877,kashef-k8s-w1.geo-bd9dfdb45-lwzmb,container_spec_cpu_period,100000.0
1744295877,kashef-k8s-ctl.frontend-7d9d864798-lbt5f,container_spec_cpu_period,100000.0
1744295877,kashef-k8s-ctl.profile-6c9f4cc75f-pvpfq,container_spec_cpu_period,100000.0
1744295877,kashef-k8s-w1.mongodb-user-6d96648ddc-rxzsw,container_spec_cpu_period,100000.0
1744295877,kashef-k8s-w1.search-8677798cf5-srst6,container_spec_cpu_period,100000.0
1744295877,kashef-k8s-ctl.rate-66d9d98f67-x7hpv,container_spec_cpu_period,100000.0
1744295877,kashef-k8s-ctl.mongodb-reservation-7b474745f-9r8br,container_spec_cpu_period,100000.0
1744295877,kashef-k8s-w1.memcached-rate-bcc5c97f8-lck87,container_spec_cpu_period,100000.0
1744295877,kashef-k8s-w1.mongodb-geo-86b59b75f4-bsnk9,container_spec_cpu_period,100000.0
1744295880,kashef-k8s-w1.recommendation-6494d54897-gtmjd,container_spec_cpu_period,100000.0
1744295880,kashef-k8s-w1.consul-56f5cf4f78-5hs85,container_spec_cpu_period,100000.0
1744295880,kashef-k8s-w1.geo-bd9dfdb45-lwzmb,container_spec_cpu_period,100000.0
1744295880,kashef-k8s-ctl.mongodb-recommendation-59d6b7ccf9-x7q72,container_spec_cpu_period,100000.0
1744295880,kashef-k8s-ctl.mongodb-profile-6bb85f4df7-zzcmp,container_spec_cpu_period,100000.0
1744295880,kashef-k8s-ctl.profile-6c9f4cc75f-pvpfq,container_spec_cpu_period,100000.0
1744295880,kashef-k8s-ctl.jaeger-5d885bcf88-txgt9,container_spec_cpu_period,100000.0
1744295880,kashef-k8s-ctl.frontend-7d9d864798-lbt5f,container_spec_cpu_period,100000.0
1744295880,kashef-k8s-ctl.mongodb-rate-785b799bbc-q2nw6,container_spec_cpu_period,100000.0
1744295880,kashef-k8s-w1.mongodb-user-6d96648ddc-rxzsw,container_spec_cpu_period,100000.0
1744295880,kashef-k8s-w1.memcached-rate-bcc5c97f8-lck87,container_spec_cpu_period,100000.0
1744295880,kashef-k8s-ctl.reservation-7799998946-5p2cf,container_spec_cpu_period,100000.0
1744295880,kashef-k8s-ctl.user-698454f8c4-cfb58,container_spec_cpu_period,100000.0
1744295880,kashef-k8s-w1.memcached-profile-7d6fcb6b8-9ft2j,container_spec_cpu_period,100000.0
1744295880,kashef-k8s-w1.memcached-reserve-bdcb467b4-xqh7s,container_spec_cpu_period,100000.0
1744295880,kashef-k8s-ctl.rate-66d9d98f67-x7hpv,container_spec_cpu_period,100000.0
1744295880,kashef-k8s-w1.mongodb-geo-86b59b75f4-bsnk9,container_spec_cpu_period,100000.0
1744295880,kashef-k8s-ctl.mongodb-reservation-7b474745f-9r8br,container_spec_cpu_period,100000.0
1744295880,kashef-k8s-w1.search-8677798cf5-srst6,container_spec_cpu_period,100000.0
1744295883,kashef-k8s-ctl.profile-6c9f4cc75f-pvpfq,container_spec_cpu_period,100000.0
1744295883,kashef-k8s-ctl.frontend-7d9d864798-lbt5f,container_spec_cpu_period,100000.0
1744295883,kashef-k8s-w1.search-8677798cf5-srst6,container_spec_cpu_period,100000.0
1744295883,kashef-k8s-w1.consul-56f5cf4f78-5hs85,container_spec_cpu_period,100000.0
1744295883,kashef-k8s-ctl.rate-66d9d98f67-x7hpv,container_spec_cpu_period,100000.0
1744295883,kashef-k8s-ctl.user-698454f8c4-cfb58,container_spec_cpu_period,100000.0
1744295883,kashef-k8s-w1.memcached-profile-7d6fcb6b8-9ft2j,container_spec_cpu_period,100000.0
1744295883,kashef-k8s-ctl.jaeger-5d885bcf88-txgt9,container_spec_cpu_period,100000.0
1744295883,kashef-k8s-ctl.reservation-7799998946-5p2cf,container_spec_cpu_period,100000.0
1744295883,kashef-k8s-ctl.mongodb-rate-785b799bbc-q2nw6,container_spec_cpu_period,100000.0
1744295883,kashef-k8s-w1.geo-bd9dfdb45-lwzmb,container_spec_cpu_period,100000.0
1744295883,kashef-k8s-ctl.mongodb-recommendation-59d6b7ccf9-x7q72,container_spec_cpu_period,100000.0
1744295883,kashef-k8s-ctl.mongodb-profile-6bb85f4df7-zzcmp,container_spec_cpu_period,100000.0
1744295883,kashef-k8s-w1.memcached-rate-bcc5c97f8-lck87,container_spec_cpu_period,100000.0
1744295883,kashef-k8s-w1.mongodb-user-6d96648ddc-rxzsw,container_spec_cpu_period,100000.0
1744295883,kashef-k8s-w1.memcached-reserve-bdcb467b4-xqh7s,container_spec_cpu_period,100000.0
1744295883,kashef-k8s-w1.recommendation-6494d54897-gtmjd,container_spec_cpu_period,100000.0
1744295883,kashef-k8s-w1.mongodb-geo-86b59b75f4-bsnk9,container_spec_cpu_period,100000.0
1744295883,kashef-k8s-ctl.mongodb-reservation-7b474745f-9r8br,container_spec_cpu_period,100000.0
1744295886,kashef-k8s-ctl.mongodb-reservation-7b474745f-9r8br,container_spec_cpu_period,100000.0
1744295886,kashef-k8s-w1.consul-56f5cf4f78-5hs85,container_spec_cpu_period,100000.0
1744295886,kashef-k8s-ctl.profile-6c9f4cc75f-pvpfq,container_spec_cpu_period,100000.0
1744295886,kashef-k8s-w1.memcached-reserve-bdcb467b4-xqh7s,container_spec_cpu_period,100000.0
1744295886,kashef-k8s-ctl.mongodb-rate-785b799bbc-q2nw6,container_spec_cpu_period,100000.0
1744295886,kashef-k8s-ctl.user-698454f8c4-cfb58,container_spec_cpu_period,100000.0
1744295886,kashef-k8s-ctl.reservation-7799998946-5p2cf,container_spec_cpu_period,100000.0
1744295886,kashef-k8s-w1.geo-bd9dfdb45-lwzmb,container_spec_cpu_period,100000.0
1744295886,kashef-k8s-ctl.mongodb-recommendation-59d6b7ccf9-x7q72,container_spec_cpu_period,100000.0
1744295886,kashef-k8s-ctl.rate-66d9d98f67-x7hpv,container_spec_cpu_period,100000.0
1744295886,kashef-k8s-w1.search-8677798cf5-srst6,container_spec_cpu_period,100000.0
1744295886,kashef-k8s-w1.memcached-profile-7d6fcb6b8-9ft2j,container_spec_cpu_period,100000.0
1744295886,kashef-k8s-ctl.frontend-7d9d864798-lbt5f,container_spec_cpu_period,100000.0
1744295886,kashef-k8s-ctl.mongodb-profile-6bb85f4df7-zzcmp,container_spec_cpu_period,100000.0
1744295886,kashef-k8s-ctl.jaeger-5d885bcf88-txgt9,container_spec_cpu_period,100000.0
1744295886,kashef-k8s-w1.mongodb-user-6d96648ddc-rxzsw,container_spec_cpu_period,100000.0
1744295886,kashef-k8s-w1.recommendation-6494d54897-gtmjd,container_spec_cpu_period,100000.0
1744295886,kashef-k8s-w1.mongodb-geo-86b59b75f4-bsnk9,container_spec_cpu_period,100000.0
1744295886,kashef-k8s-w1.memcached-rate-bcc5c97f8-lck87,container_spec_cpu_period,100000.0
1744295889,kashef-k8s-ctl.user-698454f8c4-cfb58,container_spec_cpu_period,100000.0
1744295889,kashef-k8s-w1.geo-bd9dfdb45-lwzmb,container_spec_cpu_period,100000.0
1744295889,kashef-k8s-ctl.mongodb-reservation-7b474745f-9r8br,container_spec_cpu_period,100000.0
1744295889,kashef-k8s-ctl.mongodb-recommendation-59d6b7ccf9-x7q72,container_spec_cpu_period,100000.0
1744295889,kashef-k8s-ctl.reservation-7799998946-5p2cf,container_spec_cpu_period,100000.0
1744295889,kashef-k8s-ctl.jaeger-5d885bcf88-txgt9,container_spec_cpu_period,100000.0
1744295889,kashef-k8s-w1.mongodb-user-6d96648ddc-rxzsw,container_spec_cpu_period,100000.0
1744295889,kashef-k8s-ctl.mongodb-profile-6bb85f4df7-zzcmp,container_spec_cpu_period,100000.0
1744295889,kashef-k8s-ctl.frontend-7d9d864798-lbt5f,container_spec_cpu_period,100000.0
1744295889,kashef-k8s-ctl.mongodb-rate-785b799bbc-q2nw6,container_spec_cpu_period,100000.0
1744295889,kashef-k8s-w1.memcached-rate-bcc5c97f8-lck87,container_spec_cpu_period,100000.0
1744295889,kashef-k8s-ctl.profile-6c9f4cc75f-pvpfq,container_spec_cpu_period,100000.0
1744295889,kashef-k8s-w1.memcached-reserve-bdcb467b4-xqh7s,container_spec_cpu_period,100000.0
1744295889,kashef-k8s-w1.consul-56f5cf4f78-5hs85,container_spec_cpu_period,100000.0
1744295889,kashef-k8s-w1.search-8677798cf5-srst6,container_spec_cpu_period,100000.0
1744295889,kashef-k8s-w1.memcached-profile-7d6fcb6b8-9ft2j,container_spec_cpu_period,100000.0
1744295889,kashef-k8s-ctl.rate-66d9d98f67-x7hpv,container_spec_cpu_period,100000.0
1744295889,kashef-k8s-w1.mongodb-geo-86b59b75f4-bsnk9,container_spec_cpu_period,100000.0
1744295889,kashef-k8s-w1.recommendation-6494d54897-gtmjd,container_spec_cpu_period,100000.0
1744295892,kashef-k8s-w1.mongodb-geo-86b59b75f4-bsnk9,container_spec_cpu_period,100000.0
1744295892,kashef-k8s-w1.consul-56f5cf4f78-5hs85,container_spec_cpu_period,100000.0
1744295892,kashef-k8s-w1.recommendation-6494d54897-gtmjd,container_spec_cpu_period,100000.0
1744295892,kashef-k8s-w1.memcached-profile-7d6fcb6b8-9ft2j,container_spec_cpu_period,100000.0
1744295892,kashef-k8s-ctl.frontend-7d9d864798-lbt5f,container_spec_cpu_period,100000.0
1744295892,kashef-k8s-w1.search-8677798cf5-srst6,container_spec_cpu_period,100000.0
1744295892,kashef-k8s-ctl.mongodb-recommendation-59d6b7ccf9-x7q72,container_spec_cpu_period,100000.0
1744295892,kashef-k8s-w1.memcached-reserve-bdcb467b4-xqh7s,container_spec_cpu_period,100000.0
1744295892,kashef-k8s-ctl.mongodb-reservation-7b474745f-9r8br,container_spec_cpu_period,100000.0
1744295892,kashef-k8s-ctl.jaeger-5d885bcf88-txgt9,container_spec_cpu_period,100000.0
1744295892,kashef-k8s-ctl.mongodb-profile-6bb85f4df7-zzcmp,container_spec_cpu_period,100000.0
1744295892,kashef-k8s-ctl.reservation-7799998946-5p2cf,container_spec_cpu_period,100000.0
1744295892,kashef-k8s-w1.mongodb-user-6d96648ddc-rxzsw,container_spec_cpu_period,100000.0
1744295892,kashef-k8s-ctl.rate-66d9d98f67-x7hpv,container_spec_cpu_period,100000.0
1744295892,kashef-k8s-w1.geo-bd9dfdb45-lwzmb,container_spec_cpu_period,100000.0
1744295892,kashef-k8s-ctl.user-698454f8c4-cfb58,container_spec_cpu_period,100000.0
1744295892,kashef-k8s-ctl.mongodb-rate-785b799bbc-q2nw6,container_spec_cpu_period,100000.0
1744295892,kashef-k8s-ctl.profile-6c9f4cc75f-pvpfq,container_spec_cpu_period,100000.0
1744295892,kashef-k8s-w1.memcached-rate-bcc5c97f8-lck87,container_spec_cpu_period,100000.0
1744295895,kashef-k8s-w1.search-8677798cf5-srst6,container_spec_cpu_period,100000.0
1744295895,kashef-k8s-ctl.frontend-7d9d864798-lbt5f,container_spec_cpu_period,100000.0
1744295895,kashef-k8s-ctl.mongodb-recommendation-59d6b7ccf9-x7q72,container_spec_cpu_period,100000.0
1744295895,kashef-k8s-ctl.rate-66d9d98f67-x7hpv,container_spec_cpu_period,100000.0
1744295895,kashef-k8s-ctl.mongodb-reservation-7b474745f-9r8br,container_spec_cpu_period,100000.0
1744295895,kashef-k8s-w1.mongodb-user-6d96648ddc-rxzsw,container_spec_cpu_period,100000.0
1744295895,kashef-k8s-ctl.jaeger-5d885bcf88-txgt9,container_spec_cpu_period,100000.0
1744295895,kashef-k8s-w1.geo-bd9dfdb45-lwzmb,container_spec_cpu_period,100000.0
1744295895,kashef-k8s-w1.mongodb-geo-86b59b75f4-bsnk9,container_spec_cpu_period,100000.0
1744295895,kashef-k8s-w1.memcached-rate-bcc5c97f8-lck87,container_spec_cpu_period,100000.0
1744295895,kashef-k8s-w1.recommendation-6494d54897-gtmjd,container_spec_cpu_period,100000.0
1744295895,kashef-k8s-ctl.mongodb-rate-785b799bbc-q2nw6,container_spec_cpu_period,100000.0
1744295895,kashef-k8s-w1.consul-56f5cf4f78-5hs85,container_spec_cpu_period,100000.0
1744295895,kashef-k8s-ctl.mongodb-profile-6bb85f4df7-zzcmp,container_spec_cpu_period,100000.0
1744295895,kashef-k8s-ctl.reservation-7799998946-5p2cf,container_spec_cpu_period,100000.0
1744295895,kashef-k8s-w1.memcached-reserve-bdcb467b4-xqh7s,container_spec_cpu_period,100000.0
1744295895,kashef-k8s-ctl.profile-6c9f4cc75f-pvpfq,container_spec_cpu_period,100000.0
1744295895,kashef-k8s-w1.memcached-profile-7d6fcb6b8-9ft2j,container_spec_cpu_period,100000.0
1744295895,kashef-k8s-ctl.user-698454f8c4-cfb58,container_spec_cpu_period,100000.0
1744295898,kashef-k8s-w1.recommendation-6494d54897-gtmjd,container_spec_cpu_period,100000.0
1744295898,kashef-k8s-ctl.mongodb-profile-6bb85f4df7-zzcmp,container_spec_cpu_period,100000.0
1744295898,kashef-k8s-w1.geo-bd9dfdb45-lwzmb,container_spec_cpu_period,100000.0
1744295898,kashef-k8s-ctl.jaeger-5d885bcf88-txgt9,container_spec_cpu_period,100000.0
1744295898,kashef-k8s-ctl.rate-66d9d98f67-x7hpv,container_spec_cpu_period,100000.0
1744295898,kashef-k8s-w1.mongodb-geo-86b59b75f4-bsnk9,container_spec_cpu_period,100000.0
1744295898,kashef-k8s-ctl.mongodb-reservation-7b474745f-9r8br,container_spec_cpu_period,100000.0
1744295898,kashef-k8s-ctl.profile-6c9f4cc75f-pvpfq,container_spec_cpu_period,100000.0
1744295898,kashef-k8s-w1.memcached-reserve-bdcb467b4-xqh7s,container_spec_cpu_period,100000.0
1744295898,kashef-k8s-ctl.mongodb-rate-785b799bbc-q2nw6,container_spec_cpu_period,100000.0
1744295898,kashef-k8s-w1.memcached-profile-7d6fcb6b8-9ft2j,container_spec_cpu_period,100000.0
1744295898,kashef-k8s-ctl.frontend-7d9d864798-lbt5f,container_spec_cpu_period,100000.0
1744295898,kashef-k8s-ctl.reservation-7799998946-5p2cf,container_spec_cpu_period,100000.0
1744295898,kashef-k8s-w1.search-8677798cf5-srst6,container_spec_cpu_period,100000.0
1744295898,kashef-k8s-ctl.mongodb-recommendation-59d6b7ccf9-x7q72,container_spec_cpu_period,100000.0
1744295898,kashef-k8s-w1.mongodb-user-6d96648ddc-rxzsw,container_spec_cpu_period,100000.0
1744295898,kashef-k8s-w1.consul-56f5cf4f78-5hs85,container_spec_cpu_period,100000.0
1744295898,kashef-k8s-w1.memcached-rate-bcc5c97f8-lck87,container_spec_cpu_period,100000.0
1744295898,kashef-k8s-ctl.user-698454f8c4-cfb58,container_spec_cpu_period,100000.0
1744295901,kashef-k8s-w1.consul-56f5cf4f78-5hs85,container_spec_cpu_period,100000.0
1744295901,kashef-k8s-w1.memcached-rate-bcc5c97f8-lck87,container_spec_cpu_period,100000.0
1744295901,kashef-k8s-ctl.mongodb-reservation-7b474745f-9r8br,container_spec_cpu_period,100000.0
1744295901,kashef-k8s-ctl.mongodb-profile-6bb85f4df7-zzcmp,container_spec_cpu_period,100000.0
1744295901,kashef-k8s-ctl.mongodb-recommendation-59d6b7ccf9-x7q72,container_spec_cpu_period,100000.0
1744295901,kashef-k8s-w1.mongodb-user-6d96648ddc-rxzsw,container_spec_cpu_period,100000.0
1744295901,kashef-k8s-ctl.rate-66d9d98f67-x7hpv,container_spec_cpu_period,100000.0
1744295901,kashef-k8s-ctl.jaeger-5d885bcf88-txgt9,container_spec_cpu_period,100000.0
1744295901,kashef-k8s-ctl.reservation-7799998946-5p2cf,container_spec_cpu_period,100000.0
1744295901,kashef-k8s-w1.memcached-profile-7d6fcb6b8-9ft2j,container_spec_cpu_period,100000.0
1744295901,kashef-k8s-ctl.frontend-7d9d864798-lbt5f,container_spec_cpu_period,100000.0
1744295901,kashef-k8s-w1.mongodb-geo-86b59b75f4-bsnk9,container_spec_cpu_period,100000.0
1744295901,kashef-k8s-ctl.profile-6c9f4cc75f-pvpfq,container_spec_cpu_period,100000.0
1744295901,kashef-k8s-w1.search-8677798cf5-srst6,container_spec_cpu_period,100000.0
1744295901,kashef-k8s-ctl.mongodb-rate-785b799bbc-q2nw6,container_spec_cpu_period,100000.0
1744295901,kashef-k8s-w1.memcached-reserve-bdcb467b4-xqh7s,container_spec_cpu_period,100000.0
1744295901,kashef-k8s-ctl.user-698454f8c4-cfb58,container_spec_cpu_period,100000.0
1744295901,kashef-k8s-w1.geo-bd9dfdb45-lwzmb,container_spec_cpu_period,100000.0
1744295901,kashef-k8s-w1.recommendation-6494d54897-gtmjd,container_spec_cpu_period,100000.0
1744295904,kashef-k8s-ctl.jaeger-5d885bcf88-txgt9,container_spec_cpu_period,100000.0
1744295904,kashef-k8s-ctl.mongodb-recommendation-59d6b7ccf9-x7q72,container_spec_cpu_period,100000.0
1744295904,kashef-k8s-ctl.rate-66d9d98f67-x7hpv,container_spec_cpu_period,100000.0
1744295904,kashef-k8s-w1.consul-56f5cf4f78-5hs85,container_spec_cpu_period,100000.0
1744295904,kashef-k8s-w1.search-8677798cf5-srst6,container_spec_cpu_period,100000.0
1744295904,kashef-k8s-ctl.reservation-7799998946-5p2cf,container_spec_cpu_period,100000.0
1744295904,kashef-k8s-ctl.frontend-7d9d864798-lbt5f,container_spec_cpu_period,100000.0
1744295904,kashef-k8s-w1.memcached-profile-7d6fcb6b8-9ft2j,container_spec_cpu_period,100000.0
1744295904,kashef-k8s-w1.recommendation-6494d54897-gtmjd,container_spec_cpu_period,100000.0
1744295904,kashef-k8s-w1.mongodb-user-6d96648ddc-rxzsw,container_spec_cpu_period,100000.0
1744295904,kashef-k8s-ctl.mongodb-profile-6bb85f4df7-zzcmp,container_spec_cpu_period,100000.0
1744295904,kashef-k8s-w1.mongodb-geo-86b59b75f4-bsnk9,container_spec_cpu_period,100000.0
1744295904,kashef-k8s-ctl.mongodb-reservation-7b474745f-9r8br,container_spec_cpu_period,100000.0
1744295904,kashef-k8s-ctl.user-698454f8c4-cfb58,container_spec_cpu_period,100000.0
1744295904,kashef-k8s-ctl.profile-6c9f4cc75f-pvpfq,container_spec_cpu_period,100000.0
1744295904,kashef-k8s-w1.geo-bd9dfdb45-lwzmb,container_spec_cpu_period,100000.0
1744295904,kashef-k8s-w1.memcached-rate-bcc5c97f8-lck87,container_spec_cpu_period,100000.0
1744295904,kashef-k8s-ctl.mongodb-rate-785b799bbc-q2nw6,container_spec_cpu_period,100000.0
1744295904,kashef-k8s-w1.memcached-reserve-bdcb467b4-xqh7s,container_spec_cpu_period,100000.0
1744295907,kashef-k8s-ctl.frontend-7d9d864798-lbt5f,container_spec_cpu_period,100000.0
1744295907,kashef-k8s-w1.memcached-profile-7d6fcb6b8-9ft2j,container_spec_cpu_period,100000.0
1744295907,kashef-k8s-w1.mongodb-geo-86b59b75f4-bsnk9,container_spec_cpu_period,100000.0
1744295907,kashef-k8s-w1.search-8677798cf5-srst6,container_spec_cpu_period,100000.0
1744295907,kashef-k8s-ctl.mongodb-recommendation-59d6b7ccf9-x7q72,container_spec_cpu_period,100000.0
1744295907,kashef-k8s-ctl.rate-66d9d98f67-x7hpv,container_spec_cpu_period,100000.0
1744295907,kashef-k8s-w1.mongodb-user-6d96648ddc-rxzsw,container_spec_cpu_period,100000.0
1744295907,kashef-k8s-ctl.mongodb-reservation-7b474745f-9r8br,container_spec_cpu_period,100000.0
1744295907,kashef-k8s-w1.recommendation-6494d54897-gtmjd,container_spec_cpu_period,100000.0
1744295907,kashef-k8s-ctl.mongodb-profile-6bb85f4df7-zzcmp,container_spec_cpu_period,100000.0
1744295907,kashef-k8s-w1.consul-56f5cf4f78-5hs85,container_spec_cpu_period,100000.0
1744295907,kashef-k8s-ctl.profile-6c9f4cc75f-pvpfq,container_spec_cpu_period,100000.0
1744295907,kashef-k8s-w1.memcached-reserve-bdcb467b4-xqh7s,container_spec_cpu_period,100000.0
1744295907,kashef-k8s-ctl.mongodb-rate-785b799bbc-q2nw6,container_spec_cpu_period,100000.0
1744295907,kashef-k8s-ctl.reservation-7799998946-5p2cf,container_spec_cpu_period,100000.0
1744295907,kashef-k8s-ctl.jaeger-5d885bcf88-txgt9,container_spec_cpu_period,100000.0
1744295907,kashef-k8s-w1.geo-bd9dfdb45-lwzmb,container_spec_cpu_period,100000.0
1744295907,kashef-k8s-ctl.user-698454f8c4-cfb58,container_spec_cpu_period,100000.0
1744295907,kashef-k8s-w1.memcached-rate-bcc5c97f8-lck87,container_spec_cpu_period,100000.0
1744295910,kashef-k8s-w1.consul-56f5cf4f78-5hs85,container_spec_cpu_period,100000.0
1744295910,kashef-k8s-ctl.mongodb-recommendation-59d6b7ccf9-x7q72,container_spec_cpu_period,100000.0
1744295910,kashef-k8s-ctl.jaeger-5d885bcf88-txgt9,container_spec_cpu_period,100000.0
1744295910,kashef-k8s-w1.mongodb-user-6d96648ddc-rxzsw,container_spec_cpu_period,100000.0
1744295910,kashef-k8s-w1.memcached-profile-7d6fcb6b8-9ft2j,container_spec_cpu_period,100000.0
1744295910,kashef-k8s-ctl.user-698454f8c4-cfb58,container_spec_cpu_period,100000.0
1744295910,kashef-k8s-ctl.mongodb-profile-6bb85f4df7-zzcmp,container_spec_cpu_period,100000.0
1744295910,kashef-k8s-w1.memcached-reserve-bdcb467b4-xqh7s,container_spec_cpu_period,100000.0
1744295910,kashef-k8s-w1.recommendation-6494d54897-gtmjd,container_spec_cpu_period,100000.0
1744295910,kashef-k8s-ctl.reservation-7799998946-5p2cf,container_spec_cpu_period,100000.0
1744295910,kashef-k8s-ctl.mongodb-rate-785b799bbc-q2nw6,container_spec_cpu_period,100000.0
1744295910,kashef-k8s-ctl.frontend-7d9d864798-lbt5f,container_spec_cpu_period,100000.0
1744295910,kashef-k8s-w1.memcached-rate-bcc5c97f8-lck87,container_spec_cpu_period,100000.0
1744295910,kashef-k8s-w1.mongodb-geo-86b59b75f4-bsnk9,container_spec_cpu_period,100000.0
1744295910,kashef-k8s-w1.geo-bd9dfdb45-lwzmb,container_spec_cpu_period,100000.0
1744295910,kashef-k8s-w1.search-8677798cf5-srst6,container_spec_cpu_period,100000.0
1744295910,kashef-k8s-ctl.profile-6c9f4cc75f-pvpfq,container_spec_cpu_period,100000.0
1744295910,kashef-k8s-ctl.mongodb-reservation-7b474745f-9r8br,container_spec_cpu_period,100000.0
1744295910,kashef-k8s-ctl.rate-66d9d98f67-x7hpv,container_spec_cpu_period,100000.0
1744295913,kashef-k8s-w1.memcached-profile-7d6fcb6b8-9ft2j,container_spec_cpu_period,100000.0
1744295913,kashef-k8s-ctl.mongodb-recommendation-59d6b7ccf9-x7q72,container_spec_cpu_period,100000.0
1744295913,kashef-k8s-ctl.mongodb-profile-6bb85f4df7-zzcmp,container_spec_cpu_period,100000.0
1744295913,kashef-k8s-w1.mongodb-user-6d96648ddc-rxzsw,container_spec_cpu_period,100000.0
1744295913,kashef-k8s-w1.memcached-reserve-bdcb467b4-xqh7s,container_spec_cpu_period,100000.0
1744295913,kashef-k8s-w1.mongodb-geo-86b59b75f4-bsnk9,container_spec_cpu_period,100000.0
1744295913,kashef-k8s-ctl.reservation-7799998946-5p2cf,container_spec_cpu_period,100000.0
1744295913,kashef-k8s-w1.geo-bd9dfdb45-lwzmb,container_spec_cpu_period,100000.0
1744295913,kashef-k8s-w1.search-8677798cf5-srst6,container_spec_cpu_period,100000.0
1744295913,kashef-k8s-ctl.user-698454f8c4-cfb58,container_spec_cpu_period,100000.0
1744295913,kashef-k8s-w1.consul-56f5cf4f78-5hs85,container_spec_cpu_period,100000.0
1744295913,kashef-k8s-ctl.rate-66d9d98f67-x7hpv,container_spec_cpu_period,100000.0
1744295913,kashef-k8s-ctl.jaeger-5d885bcf88-txgt9,container_spec_cpu_period,100000.0
1744295913,kashef-k8s-ctl.frontend-7d9d864798-lbt5f,container_spec_cpu_period,100000.0
1744295913,kashef-k8s-ctl.mongodb-rate-785b799bbc-q2nw6,container_spec_cpu_period,100000.0
1744295913,kashef-k8s-w1.recommendation-6494d54897-gtmjd,container_spec_cpu_period,100000.0
1744295913,kashef-k8s-w1.memcached-rate-bcc5c97f8-lck87,container_spec_cpu_period,100000.0
1744295913,kashef-k8s-ctl.profile-6c9f4cc75f-pvpfq,container_spec_cpu_period,100000.0
1744295913,kashef-k8s-ctl.mongodb-reservation-7b474745f-9r8br,container_spec_cpu_period,100000.0
1744295916,kashef-k8s-w1.consul-56f5cf4f78-5hs85,container_spec_cpu_period,100000.0
1744295916,kashef-k8s-ctl.mongodb-reservation-7b474745f-9r8br,container_spec_cpu_period,100000.0
1744295916,kashef-k8s-ctl.frontend-7d9d864798-lbt5f,container_spec_cpu_period,100000.0
1744295916,kashef-k8s-ctl.profile-6c9f4cc75f-pvpfq,container_spec_cpu_period,100000.0
1744295916,kashef-k8s-ctl.rate-66d9d98f67-x7hpv,container_spec_cpu_period,100000.0
1744295916,kashef-k8s-ctl.mongodb-profile-6bb85f4df7-zzcmp,container_spec_cpu_period,100000.0
1744295916,kashef-k8s-w1.mongodb-user-6d96648ddc-rxzsw,container_spec_cpu_period,100000.0
1744295916,kashef-k8s-ctl.jaeger-5d885bcf88-txgt9,container_spec_cpu_period,100000.0
1744295916,kashef-k8s-w1.recommendation-6494d54897-gtmjd,container_spec_cpu_period,100000.0
1744295916,kashef-k8s-ctl.reservation-7799998946-5p2cf,container_spec_cpu_period,100000.0
1744295916,kashef-k8s-w1.memcached-profile-7d6fcb6b8-9ft2j,container_spec_cpu_period,100000.0
1744295916,kashef-k8s-w1.search-8677798cf5-srst6,container_spec_cpu_period,100000.0
1744295916,kashef-k8s-ctl.user-698454f8c4-cfb58,container_spec_cpu_period,100000.0
1744295916,kashef-k8s-w1.mongodb-geo-86b59b75f4-bsnk9,container_spec_cpu_period,100000.0
1744295916,kashef-k8s-w1.geo-bd9dfdb45-lwzmb,container_spec_cpu_period,100000.0
1744295916,kashef-k8s-w1.memcached-reserve-bdcb467b4-xqh7s,container_spec_cpu_period,100000.0
1744295916,kashef-k8s-ctl.mongodb-rate-785b799bbc-q2nw6,container_spec_cpu_period,100000.0
1744295916,kashef-k8s-ctl.mongodb-recommendation-59d6b7ccf9-x7q72,container_spec_cpu_period,100000.0
1744295916,kashef-k8s-w1.memcached-rate-bcc5c97f8-lck87,container_spec_cpu_period,100000.0
1744295919,kashef-k8s-ctl.user-698454f8c4-cfb58,container_spec_cpu_period,100000.0
1744295919,kashef-k8s-ctl.frontend-7d9d864798-lbt5f,container_spec_cpu_period,100000.0
1744295919,kashef-k8s-w1.recommendation-6494d54897-gtmjd,container_spec_cpu_period,100000.0
1744295919,kashef-k8s-ctl.jaeger-5d885bcf88-txgt9,container_spec_cpu_period,100000.0
1744295919,kashef-k8s-w1.mongodb-user-6d96648ddc-rxzsw,container_spec_cpu_period,100000.0
1744295919,kashef-k8s-w1.mongodb-geo-86b59b75f4-bsnk9,container_spec_cpu_period,100000.0
1744295919,kashef-k8s-ctl.mongodb-profile-6bb85f4df7-zzcmp,container_spec_cpu_period,100000.0
1744295919,kashef-k8s-w1.memcached-reserve-bdcb467b4-xqh7s,container_spec_cpu_period,100000.0
1744295919,kashef-k8s-ctl.reservation-7799998946-5p2cf,container_spec_cpu_period,100000.0
1744295919,kashef-k8s-w1.search-8677798cf5-srst6,container_spec_cpu_period,100000.0
1744295919,kashef-k8s-ctl.mongodb-recommendation-59d6b7ccf9-x7q72,container_spec_cpu_period,100000.0
1744295919,kashef-k8s-ctl.profile-6c9f4cc75f-pvpfq,container_spec_cpu_period,100000.0
1744295919,kashef-k8s-w1.geo-bd9dfdb45-lwzmb,container_spec_cpu_period,100000.0
1744295919,kashef-k8s-w1.consul-56f5cf4f78-5hs85,container_spec_cpu_period,100000.0
1744295919,kashef-k8s-ctl.mongodb-reservation-7b474745f-9r8br,container_spec_cpu_period,100000.0
1744295919,kashef-k8s-w1.memcached-profile-7d6fcb6b8-9ft2j,container_spec_cpu_period,100000.0
1744295919,kashef-k8s-ctl.mongodb-rate-785b799bbc-q2nw6,container_spec_cpu_period,100000.0
1744295919,kashef-k8s-ctl.rate-66d9d98f67-x7hpv,container_spec_cpu_period,100000.0
1744295919,kashef-k8s-w1.memcached-rate-bcc5c97f8-lck87,container_spec_cpu_period,100000.0
1744295922,kashef-k8s-ctl.rate-66d9d98f67-x7hpv,container_spec_cpu_period,100000.0
1744295922,kashef-k8s-w1.memcached-rate-bcc5c97f8-lck87,container_spec_cpu_period,100000.0
1744295922,kashef-k8s-w1.consul-56f5cf4f78-5hs85,container_spec_cpu_period,100000.0
1744295922,kashef-k8s-w1.search-8677798cf5-srst6,container_spec_cpu_period,100000.0
1744295922,kashef-k8s-ctl.reservation-7799998946-5p2cf,container_spec_cpu_period,100000.0
1744295922,kashef-k8s-ctl.user-698454f8c4-cfb58,container_spec_cpu_period,100000.0
1744295922,kashef-k8s-w1.memcached-profile-7d6fcb6b8-9ft2j,container_spec_cpu_period,100000.0
1744295922,kashef-k8s-ctl.mongodb-profile-6bb85f4df7-zzcmp,container_spec_cpu_period,100000.0
1744295922,kashef-k8s-ctl.mongodb-recommendation-59d6b7ccf9-x7q72,container_spec_cpu_period,100000.0
1744295922,kashef-k8s-w1.geo-bd9dfdb45-lwzmb,container_spec_cpu_period,100000.0
1744295922,kashef-k8s-w1.mongodb-geo-86b59b75f4-bsnk9,container_spec_cpu_period,100000.0
1744295922,kashef-k8s-w1.memcached-reserve-bdcb467b4-xqh7s,container_spec_cpu_period,100000.0
1744295922,kashef-k8s-ctl.jaeger-5d885bcf88-txgt9,container_spec_cpu_period,100000.0
1744295922,kashef-k8s-w1.mongodb-user-6d96648ddc-rxzsw,container_spec_cpu_period,100000.0
1744295922,kashef-k8s-ctl.frontend-7d9d864798-lbt5f,container_spec_cpu_period,100000.0
1744295922,kashef-k8s-w1.recommendation-6494d54897-gtmjd,container_spec_cpu_period,100000.0
1744295922,kashef-k8s-ctl.mongodb-rate-785b799bbc-q2nw6,container_spec_cpu_period,100000.0
1744295922,kashef-k8s-ctl.mongodb-reservation-7b474745f-9r8br,container_spec_cpu_period,100000.0
1744295922,kashef-k8s-ctl.profile-6c9f4cc75f-pvpfq,container_spec_cpu_period,100000.0
1744295925,kashef-k8s-w1.memcached-reserve-bdcb467b4-xqh7s,container_spec_cpu_period,100000.0
1744295925,kashef-k8s-w1.memcached-rate-bcc5c97f8-lck87,container_spec_cpu_period,100000.0
1744295925,kashef-k8s-ctl.mongodb-profile-6bb85f4df7-zzcmp,container_spec_cpu_period,100000.0
1744295925,kashef-k8s-w1.mongodb-geo-86b59b75f4-bsnk9,container_spec_cpu_period,100000.0
1744295925,kashef-k8s-ctl.frontend-7d9d864798-lbt5f,container_spec_cpu_period,100000.0
1744295925,kashef-k8s-w1.mongodb-user-6d96648ddc-rxzsw,container_spec_cpu_period,100000.0
1744295925,kashef-k8s-w1.geo-bd9dfdb45-lwzmb,container_spec_cpu_period,100000.0
1744295925,kashef-k8s-ctl.mongodb-recommendation-59d6b7ccf9-x7q72,container_spec_cpu_period,100000.0
1744295925,kashef-k8s-ctl.user-698454f8c4-cfb58,container_spec_cpu_period,100000.0
1744295925,kashef-k8s-w1.memcached-profile-7d6fcb6b8-9ft2j,container_spec_cpu_period,100000.0
1744295925,kashef-k8s-w1.search-8677798cf5-srst6,container_spec_cpu_period,100000.0
1744295925,kashef-k8s-w1.consul-56f5cf4f78-5hs85,container_spec_cpu_period,100000.0
1744295925,kashef-k8s-ctl.rate-66d9d98f67-x7hpv,container_spec_cpu_period,100000.0
1744295925,kashef-k8s-ctl.reservation-7799998946-5p2cf,container_spec_cpu_period,100000.0
1744295925,kashef-k8s-ctl.profile-6c9f4cc75f-pvpfq,container_spec_cpu_period,100000.0
1744295925,kashef-k8s-ctl.jaeger-5d885bcf88-txgt9,container_spec_cpu_period,100000.0
1744295925,kashef-k8s-ctl.mongodb-reservation-7b474745f-9r8br,container_spec_cpu_period,100000.0
1744295925,kashef-k8s-w1.recommendation-6494d54897-gtmjd,container_spec_cpu_period,100000.0
1744295925,kashef-k8s-ctl.mongodb-rate-785b799bbc-q2nw6,container_spec_cpu_period,100000.0
1744295928,kashef-k8s-ctl.mongodb-recommendation-59d6b7ccf9-x7q72,container_spec_cpu_period,100000.0
1744295928,kashef-k8s-w1.search-8677798cf5-srst6,container_spec_cpu_period,100000.0
1744295928,kashef-k8s-w1.consul-56f5cf4f78-5hs85,container_spec_cpu_period,100000.0
1744295928,kashef-k8s-w1.memcached-profile-7d6fcb6b8-9ft2j,container_spec_cpu_period,100000.0
1744295928,kashef-k8s-w1.geo-bd9dfdb45-lwzmb,container_spec_cpu_period,100000.0
1744295928,kashef-k8s-ctl.mongodb-profile-6bb85f4df7-zzcmp,container_spec_cpu_period,100000.0
1744295928,kashef-k8s-ctl.user-698454f8c4-cfb58,container_spec_cpu_period,100000.0
1744295928,kashef-k8s-w1.memcached-rate-bcc5c97f8-lck87,container_spec_cpu_period,100000.0
1744295928,kashef-k8s-w1.mongodb-geo-86b59b75f4-bsnk9,container_spec_cpu_period,100000.0
1744295928,kashef-k8s-ctl.mongodb-rate-785b799bbc-q2nw6,container_spec_cpu_period,100000.0
1744295928,kashef-k8s-ctl.profile-6c9f4cc75f-pvpfq,container_spec_cpu_period,100000.0
1744295928,kashef-k8s-w1.mongodb-user-6d96648ddc-rxzsw,container_spec_cpu_period,100000.0
1744295928,kashef-k8s-w1.recommendation-6494d54897-gtmjd,container_spec_cpu_period,100000.0
1744295928,kashef-k8s-ctl.jaeger-5d885bcf88-txgt9,container_spec_cpu_period,100000.0
1744295928,kashef-k8s-w1.memcached-reserve-bdcb467b4-xqh7s,container_spec_cpu_period,100000.0
1744295928,kashef-k8s-ctl.frontend-7d9d864798-lbt5f,container_spec_cpu_period,100000.0
1744295928,kashef-k8s-ctl.reservation-7799998946-5p2cf,container_spec_cpu_period,100000.0
1744295928,kashef-k8s-ctl.mongodb-reservation-7b474745f-9r8br,container_spec_cpu_period,100000.0
1744295928,kashef-k8s-ctl.rate-66d9d98f67-x7hpv,container_spec_cpu_period,100000.0
1744295931,kashef-k8s-w1.consul-56f5cf4f78-5hs85,container_spec_cpu_period,100000.0
1744295931,kashef-k8s-ctl.frontend-7d9d864798-lbt5f,container_spec_cpu_period,100000.0
1744295931,kashef-k8s-w1.memcached-reserve-bdcb467b4-xqh7s,container_spec_cpu_period,100000.0
1744295931,kashef-k8s-w1.recommendation-6494d54897-gtmjd,container_spec_cpu_period,100000.0
1744295931,kashef-k8s-ctl.mongodb-rate-785b799bbc-q2nw6,container_spec_cpu_period,100000.0
1744295931,kashef-k8s-ctl.profile-6c9f4cc75f-pvpfq,container_spec_cpu_period,100000.0
1744295931,kashef-k8s-ctl.mongodb-profile-6bb85f4df7-zzcmp,container_spec_cpu_period,100000.0
1744295931,kashef-k8s-ctl.user-698454f8c4-cfb58,container_spec_cpu_period,100000.0
1744295931,kashef-k8s-ctl.jaeger-5d885bcf88-txgt9,container_spec_cpu_period,100000.0
1744295931,kashef-k8s-w1.geo-bd9dfdb45-lwzmb,container_spec_cpu_period,100000.0
1744295931,kashef-k8s-w1.mongodb-user-6d96648ddc-rxzsw,container_spec_cpu_period,100000.0
1744295931,kashef-k8s-w1.search-8677798cf5-srst6,container_spec_cpu_period,100000.0
1744295931,kashef-k8s-ctl.mongodb-recommendation-59d6b7ccf9-x7q72,container_spec_cpu_period,100000.0
1744295931,kashef-k8s-ctl.rate-66d9d98f67-x7hpv,container_spec_cpu_period,100000.0
1744295931,kashef-k8s-w1.mongodb-geo-86b59b75f4-bsnk9,container_spec_cpu_period,100000.0
1744295931,kashef-k8s-w1.memcached-profile-7d6fcb6b8-9ft2j,container_spec_cpu_period,100000.0
1744295931,kashef-k8s-ctl.mongodb-reservation-7b474745f-9r8br,container_spec_cpu_period,100000.0
1744295931,kashef-k8s-ctl.reservation-7799998946-5p2cf,container_spec_cpu_period,100000.0
1744295931,kashef-k8s-w1.memcached-rate-bcc5c97f8-lck87,container_spec_cpu_period,100000.0
1744295934,kashef-k8s-w1.memcached-reserve-bdcb467b4-xqh7s,container_spec_cpu_period,100000.0
1744295934,kashef-k8s-ctl.frontend-7d9d864798-lbt5f,container_spec_cpu_period,100000.0
1744295934,kashef-k8s-ctl.profile-6c9f4cc75f-pvpfq,container_spec_cpu_period,100000.0
1744295934,kashef-k8s-w1.geo-bd9dfdb45-lwzmb,container_spec_cpu_period,100000.0
1744295934,kashef-k8s-w1.consul-56f5cf4f78-5hs85,container_spec_cpu_period,100000.0
1744295934,kashef-k8s-ctl.mongodb-rate-785b799bbc-q2nw6,container_spec_cpu_period,100000.0
1744295934,kashef-k8s-w1.search-8677798cf5-srst6,container_spec_cpu_period,100000.0
1744295934,kashef-k8s-w1.memcached-profile-7d6fcb6b8-9ft2j,container_spec_cpu_period,100000.0
1744295934,kashef-k8s-w1.mongodb-geo-86b59b75f4-bsnk9,container_spec_cpu_period,100000.0
1744295934,kashef-k8s-w1.recommendation-6494d54897-gtmjd,container_spec_cpu_period,100000.0
1744295934,kashef-k8s-ctl.rate-66d9d98f67-x7hpv,container_spec_cpu_period,100000.0
1744295934,kashef-k8s-ctl.user-698454f8c4-cfb58,container_spec_cpu_period,100000.0
1744295934,kashef-k8s-ctl.mongodb-profile-6bb85f4df7-zzcmp,container_spec_cpu_period,100000.0
1744295934,kashef-k8s-w1.mongodb-user-6d96648ddc-rxzsw,container_spec_cpu_period,100000.0
1744295934,kashef-k8s-ctl.jaeger-5d885bcf88-txgt9,container_spec_cpu_period,100000.0
1744295934,kashef-k8s-ctl.mongodb-reservation-7b474745f-9r8br,container_spec_cpu_period,100000.0
1744295934,kashef-k8s-ctl.mongodb-recommendation-59d6b7ccf9-x7q72,container_spec_cpu_period,100000.0
1744295934,kashef-k8s-ctl.reservation-7799998946-5p2cf,container_spec_cpu_period,100000.0
1744295934,kashef-k8s-w1.memcached-rate-bcc5c97f8-lck87,container_spec_cpu_period,100000.0
1744295937,kashef-k8s-ctl.mongodb-reservation-7b474745f-9r8br,container_spec_cpu_period,100000.0
1744295937,kashef-k8s-w1.memcached-rate-bcc5c97f8-lck87,container_spec_cpu_period,100000.0
1744295937,kashef-k8s-ctl.mongodb-recommendation-59d6b7ccf9-x7q72,container_spec_cpu_period,100000.0
1744295937,kashef-k8s-ctl.reservation-7799998946-5p2cf,container_spec_cpu_period,100000.0
1744295937,kashef-k8s-w1.search-8677798cf5-srst6,container_spec_cpu_period,100000.0
1744295937,kashef-k8s-w1.mongodb-geo-86b59b75f4-bsnk9,container_spec_cpu_period,100000.0
1744295937,kashef-k8s-w1.mongodb-user-6d96648ddc-rxzsw,container_spec_cpu_period,100000.0
1744295937,kashef-k8s-w1.recommendation-6494d54897-gtmjd,container_spec_cpu_period,100000.0
1744295937,kashef-k8s-ctl.user-698454f8c4-cfb58,container_spec_cpu_period,100000.0
1744295937,kashef-k8s-ctl.jaeger-5d885bcf88-txgt9,container_spec_cpu_period,100000.0
1744295937,kashef-k8s-w1.memcached-reserve-bdcb467b4-xqh7s,container_spec_cpu_period,100000.0
1744295937,kashef-k8s-ctl.mongodb-profile-6bb85f4df7-zzcmp,container_spec_cpu_period,100000.0
1744295937,kashef-k8s-ctl.rate-66d9d98f67-x7hpv,container_spec_cpu_period,100000.0
1744295937,kashef-k8s-w1.geo-bd9dfdb45-lwzmb,container_spec_cpu_period,100000.0
1744295937,kashef-k8s-w1.memcached-profile-7d6fcb6b8-9ft2j,container_spec_cpu_period,100000.0
1744295937,kashef-k8s-ctl.mongodb-rate-785b799bbc-q2nw6,container_spec_cpu_period,100000.0
1744295937,kashef-k8s-w1.consul-56f5cf4f78-5hs85,container_spec_cpu_period,100000.0
1744295937,kashef-k8s-ctl.profile-6c9f4cc75f-pvpfq,container_spec_cpu_period,100000.0
1744295937,kashef-k8s-ctl.frontend-7d9d864798-lbt5f,container_spec_cpu_period,100000.0
1744295940,kashef-k8s-w1.recommendation-6494d54897-gtmjd,container_spec_cpu_period,100000.0
1744295940,kashef-k8s-w1.search-8677798cf5-srst6,container_spec_cpu_period,100000.0
1744295940,kashef-k8s-w1.mongodb-user-6d96648ddc-rxzsw,container_spec_cpu_period,100000.0
1744295940,kashef-k8s-ctl.rate-66d9d98f67-x7hpv,container_spec_cpu_period,100000.0
1744295940,kashef-k8s-w1.memcached-profile-7d6fcb6b8-9ft2j,container_spec_cpu_period,100000.0
1744295940,kashef-k8s-ctl.profile-6c9f4cc75f-pvpfq,container_spec_cpu_period,100000.0
1744295940,kashef-k8s-ctl.mongodb-rate-785b799bbc-q2nw6,container_spec_cpu_period,100000.0
1744295940,kashef-k8s-w1.mongodb-geo-86b59b75f4-bsnk9,container_spec_cpu_period,100000.0
1744295940,kashef-k8s-ctl.user-698454f8c4-cfb58,container_spec_cpu_period,100000.0
1744295940,kashef-k8s-ctl.mongodb-reservation-7b474745f-9r8br,container_spec_cpu_period,100000.0
1744295940,kashef-k8s-w1.memcached-reserve-bdcb467b4-xqh7s,container_spec_cpu_period,100000.0
1744295940,kashef-k8s-w1.consul-56f5cf4f78-5hs85,container_spec_cpu_period,100000.0
1744295940,kashef-k8s-ctl.reservation-7799998946-5p2cf,container_spec_cpu_period,100000.0
1744295940,kashef-k8s-ctl.mongodb-recommendation-59d6b7ccf9-x7q72,container_spec_cpu_period,100000.0
1744295940,kashef-k8s-ctl.mongodb-profile-6bb85f4df7-zzcmp,container_spec_cpu_period,100000.0
1744295940,kashef-k8s-ctl.jaeger-5d885bcf88-txgt9,container_spec_cpu_period,100000.0
1744295940,kashef-k8s-w1.geo-bd9dfdb45-lwzmb,container_spec_cpu_period,100000.0
1744295940,kashef-k8s-ctl.frontend-7d9d864798-lbt5f,container_spec_cpu_period,100000.0
1744295940,kashef-k8s-w1.memcached-rate-bcc5c97f8-lck87,container_spec_cpu_period,100000.0
1744295943,kashef-k8s-ctl.mongodb-profile-6bb85f4df7-zzcmp,container_spec_cpu_period,100000.0
1744295943,kashef-k8s-ctl.mongodb-recommendation-59d6b7ccf9-x7q72,container_spec_cpu_period,100000.0
1744295943,kashef-k8s-ctl.reservation-7799998946-5p2cf,container_spec_cpu_period,100000.0
1744295943,kashef-k8s-w1.geo-bd9dfdb45-lwzmb,container_spec_cpu_period,100000.0
1744295943,kashef-k8s-ctl.jaeger-5d885bcf88-txgt9,container_spec_cpu_period,100000.0
1744295943,kashef-k8s-ctl.profile-6c9f4cc75f-pvpfq,container_spec_cpu_period,100000.0
1744295943,kashef-k8s-ctl.user-698454f8c4-cfb58,container_spec_cpu_period,100000.0
1744295943,kashef-k8s-ctl.frontend-7d9d864798-lbt5f,container_spec_cpu_period,100000.0
1744295943,kashef-k8s-ctl.rate-66d9d98f67-x7hpv,container_spec_cpu_period,100000.0
1744295943,kashef-k8s-ctl.mongodb-rate-785b799bbc-q2nw6,container_spec_cpu_period,100000.0
1744295943,kashef-k8s-w1.memcached-rate-bcc5c97f8-lck87,container_spec_cpu_period,100000.0
1744295943,kashef-k8s-w1.recommendation-6494d54897-gtmjd,container_spec_cpu_period,100000.0
1744295943,kashef-k8s-w1.memcached-profile-7d6fcb6b8-9ft2j,container_spec_cpu_period,100000.0
1744295943,kashef-k8s-w1.mongodb-user-6d96648ddc-rxzsw,container_spec_cpu_period,100000.0
1744295943,kashef-k8s-w1.mongodb-geo-86b59b75f4-bsnk9,container_spec_cpu_period,100000.0
1744295943,kashef-k8s-w1.search-8677798cf5-srst6,container_spec_cpu_period,100000.0
1744295943,kashef-k8s-w1.consul-56f5cf4f78-5hs85,container_spec_cpu_period,100000.0
1744295943,kashef-k8s-ctl.mongodb-reservation-7b474745f-9r8br,container_spec_cpu_period,100000.0
1744295943,kashef-k8s-w1.memcached-reserve-bdcb467b4-xqh7s,container_spec_cpu_period,100000.0
1744295946,kashef-k8s-w1.memcached-reserve-bdcb467b4-xqh7s,container_spec_cpu_period,100000.0
1744295946,kashef-k8s-ctl.mongodb-rate-785b799bbc-q2nw6,container_spec_cpu_period,100000.0
1744295946,kashef-k8s-w1.consul-56f5cf4f78-5hs85,container_spec_cpu_period,100000.0
1744295946,kashef-k8s-w1.memcached-profile-7d6fcb6b8-9ft2j,container_spec_cpu_period,100000.0
1744295946,kashef-k8s-ctl.user-698454f8c4-cfb58,container_spec_cpu_period,100000.0
1744295946,kashef-k8s-ctl.rate-66d9d98f67-x7hpv,container_spec_cpu_period,100000.0
1744295946,kashef-k8s-w1.search-8677798cf5-srst6,container_spec_cpu_period,100000.0
1744295946,kashef-k8s-ctl.reservation-7799998946-5p2cf,container_spec_cpu_period,100000.0
1744295946,kashef-k8s-w1.geo-bd9dfdb45-lwzmb,container_spec_cpu_period,100000.0
1744295946,kashef-k8s-ctl.jaeger-5d885bcf88-txgt9,container_spec_cpu_period,100000.0
1744295946,kashef-k8s-ctl.profile-6c9f4cc75f-pvpfq,container_spec_cpu_period,100000.0
1744295946,kashef-k8s-ctl.mongodb-recommendation-59d6b7ccf9-x7q72,container_spec_cpu_period,100000.0
1744295946,kashef-k8s-ctl.mongodb-profile-6bb85f4df7-zzcmp,container_spec_cpu_period,100000.0
1744295946,kashef-k8s-w1.memcached-rate-bcc5c97f8-lck87,container_spec_cpu_period,100000.0
1744295946,kashef-k8s-w1.mongodb-geo-86b59b75f4-bsnk9,container_spec_cpu_period,100000.0
1744295946,kashef-k8s-w1.mongodb-user-6d96648ddc-rxzsw,container_spec_cpu_period,100000.0
1744295946,kashef-k8s-ctl.mongodb-reservation-7b474745f-9r8br,container_spec_cpu_period,100000.0
1744295946,kashef-k8s-w1.recommendation-6494d54897-gtmjd,container_spec_cpu_period,100000.0
1744295946,kashef-k8s-ctl.frontend-7d9d864798-lbt5f,container_spec_cpu_period,100000.0
1744295949,kashef-k8s-w1.search-8677798cf5-srst6,container_spec_cpu_period,100000.0
1744295949,kashef-k8s-ctl.profile-6c9f4cc75f-pvpfq,container_spec_cpu_period,100000.0
1744295949,kashef-k8s-w1.consul-56f5cf4f78-5hs85,container_spec_cpu_period,100000.0
1744295949,kashef-k8s-ctl.mongodb-profile-6bb85f4df7-zzcmp,container_spec_cpu_period,100000.0
1744295949,kashef-k8s-w1.geo-bd9dfdb45-lwzmb,container_spec_cpu_period,100000.0
1744295949,kashef-k8s-w1.memcached-reserve-bdcb467b4-xqh7s,container_spec_cpu_period,100000.0
1744295949,kashef-k8s-ctl.mongodb-rate-785b799bbc-q2nw6,container_spec_cpu_period,100000.0
1744295949,kashef-k8s-ctl.user-698454f8c4-cfb58,container_spec_cpu_period,100000.0
1744295949,kashef-k8s-ctl.mongodb-recommendation-59d6b7ccf9-x7q72,container_spec_cpu_period,100000.0
1744295949,kashef-k8s-ctl.reservation-7799998946-5p2cf,container_spec_cpu_period,100000.0
1744295949,kashef-k8s-ctl.jaeger-5d885bcf88-txgt9,container_spec_cpu_period,100000.0
1744295949,kashef-k8s-w1.mongodb-geo-86b59b75f4-bsnk9,container_spec_cpu_period,100000.0
1744295949,kashef-k8s-w1.recommendation-6494d54897-gtmjd,container_spec_cpu_period,100000.0
1744295949,kashef-k8s-ctl.frontend-7d9d864798-lbt5f,container_spec_cpu_period,100000.0
1744295949,kashef-k8s-w1.mongodb-user-6d96648ddc-rxzsw,container_spec_cpu_period,100000.0
1744295949,kashef-k8s-ctl.rate-66d9d98f67-x7hpv,container_spec_cpu_period,100000.0
1744295949,kashef-k8s-w1.memcached-profile-7d6fcb6b8-9ft2j,container_spec_cpu_period,100000.0
1744295949,kashef-k8s-ctl.mongodb-reservation-7b474745f-9r8br,container_spec_cpu_period,100000.0
1744295949,kashef-k8s-w1.memcached-rate-bcc5c97f8-lck87,container_spec_cpu_period,100000.0
1744295952,kashef-k8s-ctl.mongodb-reservation-7b474745f-9r8br,container_spec_cpu_period,100000.0
1744295952,kashef-k8s-w1.memcached-rate-bcc5c97f8-lck87,container_spec_cpu_period,100000.0
1744295952,kashef-k8s-w1.mongodb-geo-86b59b75f4-bsnk9,container_spec_cpu_period,100000.0
1744295952,kashef-k8s-w1.recommendation-6494d54897-gtmjd,container_spec_cpu_period,100000.0
1744295952,kashef-k8s-w1.memcached-profile-7d6fcb6b8-9ft2j,container_spec_cpu_period,100000.0
1744295952,kashef-k8s-ctl.rate-66d9d98f67-x7hpv,container_spec_cpu_period,100000.0
1744295952,kashef-k8s-w1.mongodb-user-6d96648ddc-rxzsw,container_spec_cpu_period,100000.0
1744295952,kashef-k8s-ctl.frontend-7d9d864798-lbt5f,container_spec_cpu_period,100000.0
1744295952,kashef-k8s-ctl.profile-6c9f4cc75f-pvpfq,container_spec_cpu_period,100000.0
1744295952,kashef-k8s-w1.search-8677798cf5-srst6,container_spec_cpu_period,100000.0
1744295952,kashef-k8s-ctl.jaeger-5d885bcf88-txgt9,container_spec_cpu_period,100000.0
1744295952,kashef-k8s-w1.consul-56f5cf4f78-5hs85,container_spec_cpu_period,100000.0
1744295952,kashef-k8s-ctl.mongodb-recommendation-59d6b7ccf9-x7q72,container_spec_cpu_period,100000.0
1744295952,kashef-k8s-w1.geo-bd9dfdb45-lwzmb,container_spec_cpu_period,100000.0
1744295952,kashef-k8s-ctl.mongodb-profile-6bb85f4df7-zzcmp,container_spec_cpu_period,100000.0
1744295952,kashef-k8s-ctl.mongodb-rate-785b799bbc-q2nw6,container_spec_cpu_period,100000.0
1744295952,kashef-k8s-ctl.reservation-7799998946-5p2cf,container_spec_cpu_period,100000.0
1744295952,kashef-k8s-ctl.user-698454f8c4-cfb58,container_spec_cpu_period,100000.0
1744295952,kashef-k8s-w1.memcached-reserve-bdcb467b4-xqh7s,container_spec_cpu_period,100000.0
1744295955,kashef-k8s-ctl.frontend-7d9d864798-lbt5f,container_spec_cpu_period,100000.0
1744295955,kashef-k8s-ctl.jaeger-5d885bcf88-txgt9,container_spec_cpu_period,100000.0
1744295955,kashef-k8s-ctl.rate-66d9d98f67-x7hpv,container_spec_cpu_period,100000.0
1744295955,kashef-k8s-ctl.reservation-7799998946-5p2cf,container_spec_cpu_period,100000.0
1744295955,kashef-k8s-ctl.mongodb-profile-6bb85f4df7-zzcmp,container_spec_cpu_period,100000.0
1744295955,kashef-k8s-w1.search-8677798cf5-srst6,container_spec_cpu_period,100000.0
1744295955,kashef-k8s-ctl.profile-6c9f4cc75f-pvpfq,container_spec_cpu_period,100000.0
1744295955,kashef-k8s-w1.mongodb-user-6d96648ddc-rxzsw,container_spec_cpu_period,100000.0
1744295955,kashef-k8s-w1.memcached-profile-7d6fcb6b8-9ft2j,container_spec_cpu_period,100000.0
1744295955,kashef-k8s-w1.recommendation-6494d54897-gtmjd,container_spec_cpu_period,100000.0
1744295955,kashef-k8s-w1.mongodb-geo-86b59b75f4-bsnk9,container_spec_cpu_period,100000.0
1744295955,kashef-k8s-w1.consul-56f5cf4f78-5hs85,container_spec_cpu_period,100000.0
1744295955,kashef-k8s-ctl.mongodb-reservation-7b474745f-9r8br,container_spec_cpu_period,100000.0
1744295955,kashef-k8s-ctl.mongodb-recommendation-59d6b7ccf9-x7q72,container_spec_cpu_period,100000.0
1744295955,kashef-k8s-ctl.mongodb-rate-785b799bbc-q2nw6,container_spec_cpu_period,100000.0
1744295955,kashef-k8s-ctl.user-698454f8c4-cfb58,container_spec_cpu_period,100000.0
1744295955,kashef-k8s-w1.memcached-reserve-bdcb467b4-xqh7s,container_spec_cpu_period,100000.0
1744295955,kashef-k8s-w1.memcached-rate-bcc5c97f8-lck87,container_spec_cpu_period,100000.0
1744295955,kashef-k8s-w1.geo-bd9dfdb45-lwzmb,container_spec_cpu_period,100000.0
1744295958,kashef-k8s-w1.search-8677798cf5-srst6,container_spec_cpu_period,100000.0
1744295958,kashef-k8s-ctl.frontend-7d9d864798-lbt5f,container_spec_cpu_period,100000.0
1744295958,kashef-k8s-w1.memcached-reserve-bdcb467b4-xqh7s,container_spec_cpu_period,100000.0
1744295958,kashef-k8s-w1.consul-56f5cf4f78-5hs85,container_spec_cpu_period,100000.0
1744295958,kashef-k8s-ctl.jaeger-5d885bcf88-txgt9,container_spec_cpu_period,100000.0
1744295958,kashef-k8s-w1.mongodb-user-6d96648ddc-rxzsw,container_spec_cpu_period,100000.0
1744295958,kashef-k8s-w1.recommendation-6494d54897-gtmjd,container_spec_cpu_period,100000.0
1744295958,kashef-k8s-ctl.mongodb-reservation-7b474745f-9r8br,container_spec_cpu_period,100000.0
1744295958,kashef-k8s-ctl.rate-66d9d98f67-x7hpv,container_spec_cpu_period,100000.0
1744295958,kashef-k8s-w1.mongodb-geo-86b59b75f4-bsnk9,container_spec_cpu_period,100000.0
1744295958,kashef-k8s-ctl.mongodb-recommendation-59d6b7ccf9-x7q72,container_spec_cpu_period,100000.0
1744295958,kashef-k8s-w1.memcached-profile-7d6fcb6b8-9ft2j,container_spec_cpu_period,100000.0
1744295958,kashef-k8s-ctl.profile-6c9f4cc75f-pvpfq,container_spec_cpu_period,100000.0
1744295958,kashef-k8s-w1.geo-bd9dfdb45-lwzmb,container_spec_cpu_period,100000.0
1744295958,kashef-k8s-ctl.mongodb-rate-785b799bbc-q2nw6,container_spec_cpu_period,100000.0
1744295958,kashef-k8s-w1.memcached-rate-bcc5c97f8-lck87,container_spec_cpu_period,100000.0
1744295958,kashef-k8s-ctl.mongodb-profile-6bb85f4df7-zzcmp,container_spec_cpu_period,100000.0
1744295958,kashef-k8s-ctl.reservation-7799998946-5p2cf,container_spec_cpu_period,100000.0
1744295958,kashef-k8s-ctl.user-698454f8c4-cfb58,container_spec_cpu_period,100000.0
1744295961,kashef-k8s-ctl.mongodb-profile-6bb85f4df7-zzcmp,container_spec_cpu_period,100000.0
1744295961,kashef-k8s-w1.mongodb-geo-86b59b75f4-bsnk9,container_spec_cpu_period,100000.0
1744295961,kashef-k8s-w1.search-8677798cf5-srst6,container_spec_cpu_period,100000.0
1744295961,kashef-k8s-w1.recommendation-6494d54897-gtmjd,container_spec_cpu_period,100000.0
1744295961,kashef-k8s-ctl.rate-66d9d98f67-x7hpv,container_spec_cpu_period,100000.0
1744295961,kashef-k8s-ctl.reservation-7799998946-5p2cf,container_spec_cpu_period,100000.0
1744295961,kashef-k8s-w1.memcached-profile-7d6fcb6b8-9ft2j,container_spec_cpu_period,100000.0
1744295961,kashef-k8s-w1.memcached-reserve-bdcb467b4-xqh7s,container_spec_cpu_period,100000.0
1744295961,kashef-k8s-w1.consul-56f5cf4f78-5hs85,container_spec_cpu_period,100000.0
1744295961,kashef-k8s-ctl.mongodb-recommendation-59d6b7ccf9-x7q72,container_spec_cpu_period,100000.0
1744295961,kashef-k8s-ctl.frontend-7d9d864798-lbt5f,container_spec_cpu_period,100000.0
1744295961,kashef-k8s-ctl.profile-6c9f4cc75f-pvpfq,container_spec_cpu_period,100000.0
1744295961,kashef-k8s-w1.geo-bd9dfdb45-lwzmb,container_spec_cpu_period,100000.0
1744295961,kashef-k8s-w1.mongodb-user-6d96648ddc-rxzsw,container_spec_cpu_period,100000.0
1744295961,kashef-k8s-ctl.jaeger-5d885bcf88-txgt9,container_spec_cpu_period,100000.0
1744295961,kashef-k8s-ctl.mongodb-rate-785b799bbc-q2nw6,container_spec_cpu_period,100000.0
1744295961,kashef-k8s-w1.memcached-rate-bcc5c97f8-lck87,container_spec_cpu_period,100000.0
1744295961,kashef-k8s-ctl.mongodb-reservation-7b474745f-9r8br,container_spec_cpu_period,100000.0
1744295961,kashef-k8s-ctl.user-698454f8c4-cfb58,container_spec_cpu_period,100000.0
1744295964,kashef-k8s-w1.memcached-profile-7d6fcb6b8-9ft2j,container_spec_cpu_period,100000.0
1744295964,kashef-k8s-w1.geo-bd9dfdb45-lwzmb,container_spec_cpu_period,100000.0
1744295964,kashef-k8s-w1.mongodb-user-6d96648ddc-rxzsw,container_spec_cpu_period,100000.0
1744295964,kashef-k8s-ctl.profile-6c9f4cc75f-pvpfq,container_spec_cpu_period,100000.0
1744295964,kashef-k8s-ctl.user-698454f8c4-cfb58,container_spec_cpu_period,100000.0
1744295964,kashef-k8s-ctl.frontend-7d9d864798-lbt5f,container_spec_cpu_period,100000.0
1744295964,kashef-k8s-ctl.reservation-7799998946-5p2cf,container_spec_cpu_period,100000.0
1744295964,kashef-k8s-w1.memcached-reserve-bdcb467b4-xqh7s,container_spec_cpu_period,100000.0
1744295964,kashef-k8s-w1.search-8677798cf5-srst6,container_spec_cpu_period,100000.0
1744295964,kashef-k8s-ctl.rate-66d9d98f67-x7hpv,container_spec_cpu_period,100000.0
1744295964,kashef-k8s-ctl.mongodb-profile-6bb85f4df7-zzcmp,container_spec_cpu_period,100000.0
1744295964,kashef-k8s-w1.mongodb-geo-86b59b75f4-bsnk9,container_spec_cpu_period,100000.0
1744295964,kashef-k8s-ctl.mongodb-rate-785b799bbc-q2nw6,container_spec_cpu_period,100000.0
1744295964,kashef-k8s-w1.recommendation-6494d54897-gtmjd,container_spec_cpu_period,100000.0
1744295964,kashef-k8s-w1.consul-56f5cf4f78-5hs85,container_spec_cpu_period,100000.0
1744295964,kashef-k8s-ctl.mongodb-recommendation-59d6b7ccf9-x7q72,container_spec_cpu_period,100000.0
1744295964,kashef-k8s-ctl.jaeger-5d885bcf88-txgt9,container_spec_cpu_period,100000.0
1744295964,kashef-k8s-ctl.mongodb-reservation-7b474745f-9r8br,container_spec_cpu_period,100000.0
1744295964,kashef-k8s-w1.memcached-rate-bcc5c97f8-lck87,container_spec_cpu_period,100000.0
1744295967,kashef-k8s-w1.memcached-profile-7d6fcb6b8-9ft2j,container_spec_cpu_period,100000.0
1744295967,kashef-k8s-w1.mongodb-user-6d96648ddc-rxzsw,container_spec_cpu_period,100000.0
1744295967,kashef-k8s-w1.mongodb-geo-86b59b75f4-bsnk9,container_spec_cpu_period,100000.0
1744295967,kashef-k8s-w1.memcached-rate-bcc5c97f8-lck87,container_spec_cpu_period,100000.0
1744295967,kashef-k8s-ctl.rate-66d9d98f67-x7hpv,container_spec_cpu_period,100000.0
1744295967,kashef-k8s-ctl.mongodb-rate-785b799bbc-q2nw6,container_spec_cpu_period,100000.0
1744295967,kashef-k8s-w1.search-8677798cf5-srst6,container_spec_cpu_period,100000.0
1744295967,kashef-k8s-ctl.jaeger-5d885bcf88-txgt9,container_spec_cpu_period,100000.0
1744295967,kashef-k8s-w1.memcached-reserve-bdcb467b4-xqh7s,container_spec_cpu_period,100000.0
1744295967,kashef-k8s-ctl.mongodb-profile-6bb85f4df7-zzcmp,container_spec_cpu_period,100000.0
1744295967,kashef-k8s-ctl.frontend-7d9d864798-lbt5f,container_spec_cpu_period,100000.0
1744295967,kashef-k8s-ctl.reservation-7799998946-5p2cf,container_spec_cpu_period,100000.0
1744295967,kashef-k8s-ctl.profile-6c9f4cc75f-pvpfq,container_spec_cpu_period,100000.0
1744295967,kashef-k8s-ctl.mongodb-recommendation-59d6b7ccf9-x7q72,container_spec_cpu_period,100000.0
1744295967,kashef-k8s-ctl.user-698454f8c4-cfb58,container_spec_cpu_period,100000.0
1744295967,kashef-k8s-w1.geo-bd9dfdb45-lwzmb,container_spec_cpu_period,100000.0
1744295967,kashef-k8s-w1.recommendation-6494d54897-gtmjd,container_spec_cpu_period,100000.0
1744295967,kashef-k8s-ctl.mongodb-reservation-7b474745f-9r8br,container_spec_cpu_period,100000.0
1744295967,kashef-k8s-w1.consul-56f5cf4f78-5hs85,container_spec_cpu_period,100000.0
1744295970,kashef-k8s-w1.recommendation-6494d54897-gtmjd,container_spec_cpu_period,100000.0
1744295970,kashef-k8s-ctl.user-698454f8c4-cfb58,container_spec_cpu_period,100000.0
1744295970,kashef-k8s-w1.mongodb-geo-86b59b75f4-bsnk9,container_spec_cpu_period,100000.0
1744295970,kashef-k8s-w1.memcached-rate-bcc5c97f8-lck87,container_spec_cpu_period,100000.0
1744295970,kashef-k8s-ctl.mongodb-profile-6bb85f4df7-zzcmp,container_spec_cpu_period,100000.0
1744295970,kashef-k8s-w1.memcached-reserve-bdcb467b4-xqh7s,container_spec_cpu_period,100000.0
1744295970,kashef-k8s-ctl.jaeger-5d885bcf88-txgt9,container_spec_cpu_period,100000.0
1744295970,kashef-k8s-w1.search-8677798cf5-srst6,container_spec_cpu_period,100000.0
1744295970,kashef-k8s-w1.mongodb-user-6d96648ddc-rxzsw,container_spec_cpu_period,100000.0
1744295970,kashef-k8s-ctl.mongodb-recommendation-59d6b7ccf9-x7q72,container_spec_cpu_period,100000.0
1744295970,kashef-k8s-w1.memcached-profile-7d6fcb6b8-9ft2j,container_spec_cpu_period,100000.0
1744295970,kashef-k8s-ctl.reservation-7799998946-5p2cf,container_spec_cpu_period,100000.0
1744295970,kashef-k8s-ctl.profile-6c9f4cc75f-pvpfq,container_spec_cpu_period,100000.0
1744295970,kashef-k8s-w1.geo-bd9dfdb45-lwzmb,container_spec_cpu_period,100000.0
1744295970,kashef-k8s-w1.consul-56f5cf4f78-5hs85,container_spec_cpu_period,100000.0
1744295970,kashef-k8s-ctl.rate-66d9d98f67-x7hpv,container_spec_cpu_period,100000.0
1744295970,kashef-k8s-ctl.mongodb-reservation-7b474745f-9r8br,container_spec_cpu_period,100000.0
1744295970,kashef-k8s-ctl.frontend-7d9d864798-lbt5f,container_spec_cpu_period,100000.0
1744295970,kashef-k8s-ctl.mongodb-rate-785b799bbc-q2nw6,container_spec_cpu_period,100000.0
1744295973,kashef-k8s-ctl.mongodb-rate-785b799bbc-q2nw6,container_spec_cpu_period,100000.0
1744295973,kashef-k8s-w1.geo-bd9dfdb45-lwzmb,container_spec_cpu_period,100000.0
1744295973,kashef-k8s-ctl.jaeger-5d885bcf88-txgt9,container_spec_cpu_period,100000.0
1744295973,kashef-k8s-w1.memcached-reserve-bdcb467b4-xqh7s,container_spec_cpu_period,100000.0
1744295973,kashef-k8s-w1.memcached-profile-7d6fcb6b8-9ft2j,container_spec_cpu_period,100000.0
1744295973,kashef-k8s-w1.consul-56f5cf4f78-5hs85,container_spec_cpu_period,100000.0
1744295973,kashef-k8s-ctl.reservation-7799998946-5p2cf,container_spec_cpu_period,100000.0
1744295973,kashef-k8s-ctl.frontend-7d9d864798-lbt5f,container_spec_cpu_period,100000.0
1744295973,kashef-k8s-ctl.user-698454f8c4-cfb58,container_spec_cpu_period,100000.0
1744295973,kashef-k8s-w1.mongodb-geo-86b59b75f4-bsnk9,container_spec_cpu_period,100000.0
1744295973,kashef-k8s-ctl.mongodb-profile-6bb85f4df7-zzcmp,container_spec_cpu_period,100000.0
1744295973,kashef-k8s-w1.memcached-rate-bcc5c97f8-lck87,container_spec_cpu_period,100000.0
1744295973,kashef-k8s-w1.search-8677798cf5-srst6,container_spec_cpu_period,100000.0
1744295973,kashef-k8s-ctl.rate-66d9d98f67-x7hpv,container_spec_cpu_period,100000.0
1744295973,kashef-k8s-ctl.mongodb-recommendation-59d6b7ccf9-x7q72,container_spec_cpu_period,100000.0
1744295973,kashef-k8s-w1.mongodb-user-6d96648ddc-rxzsw,container_spec_cpu_period,100000.0
1744295973,kashef-k8s-ctl.mongodb-reservation-7b474745f-9r8br,container_spec_cpu_period,100000.0
1744295973,kashef-k8s-w1.recommendation-6494d54897-gtmjd,container_spec_cpu_period,100000.0
1744295973,kashef-k8s-ctl.profile-6c9f4cc75f-pvpfq,container_spec_cpu_period,100000.0
1744295976,kashef-k8s-w1.memcached-profile-7d6fcb6b8-9ft2j,container_spec_cpu_period,100000.0
1744295976,kashef-k8s-ctl.mongodb-profile-6bb85f4df7-zzcmp,container_spec_cpu_period,100000.0
1744295976,kashef-k8s-w1.consul-56f5cf4f78-5hs85,container_spec_cpu_period,100000.0
1744295976,kashef-k8s-w1.memcached-reserve-bdcb467b4-xqh7s,container_spec_cpu_period,100000.0
1744295976,kashef-k8s-ctl.rate-66d9d98f67-x7hpv,container_spec_cpu_period,100000.0
1744295976,kashef-k8s-ctl.jaeger-5d885bcf88-txgt9,container_spec_cpu_period,100000.0
1744295976,kashef-k8s-ctl.reservation-7799998946-5p2cf,container_spec_cpu_period,100000.0
1744295976,kashef-k8s-ctl.frontend-7d9d864798-lbt5f,container_spec_cpu_period,100000.0
1744295976,kashef-k8s-ctl.mongodb-rate-785b799bbc-q2nw6,container_spec_cpu_period,100000.0
1744295976,kashef-k8s-ctl.user-698454f8c4-cfb58,container_spec_cpu_period,100000.0
1744295976,kashef-k8s-w1.geo-bd9dfdb45-lwzmb,container_spec_cpu_period,100000.0
1744295976,kashef-k8s-w1.recommendation-6494d54897-gtmjd,container_spec_cpu_period,100000.0
1744295976,kashef-k8s-w1.memcached-rate-bcc5c97f8-lck87,container_spec_cpu_period,100000.0
1744295976,kashef-k8s-ctl.mongodb-reservation-7b474745f-9r8br,container_spec_cpu_period,100000.0
1744295976,kashef-k8s-ctl.profile-6c9f4cc75f-pvpfq,container_spec_cpu_period,100000.0
1744295976,kashef-k8s-w1.mongodb-geo-86b59b75f4-bsnk9,container_spec_cpu_period,100000.0
1744295976,kashef-k8s-ctl.mongodb-recommendation-59d6b7ccf9-x7q72,container_spec_cpu_period,100000.0
1744295976,kashef-k8s-w1.mongodb-user-6d96648ddc-rxzsw,container_spec_cpu_period,100000.0
1744295976,kashef-k8s-w1.search-8677798cf5-srst6,container_spec_cpu_period,100000.0
1744295979,kashef-k8s-ctl.jaeger-5d885bcf88-txgt9,container_spec_cpu_period,100000.0
1744295979,kashef-k8s-ctl.frontend-7d9d864798-lbt5f,container_spec_cpu_period,100000.0
1744295979,kashef-k8s-w1.memcached-rate-bcc5c97f8-lck87,container_spec_cpu_period,100000.0
1744295979,kashef-k8s-w1.consul-56f5cf4f78-5hs85,container_spec_cpu_period,100000.0
1744295979,kashef-k8s-ctl.rate-66d9d98f67-x7hpv,container_spec_cpu_period,100000.0
1744295979,kashef-k8s-w1.memcached-profile-7d6fcb6b8-9ft2j,container_spec_cpu_period,100000.0
1744295979,kashef-k8s-ctl.user-698454f8c4-cfb58,container_spec_cpu_period,100000.0
1744295979,kashef-k8s-ctl.mongodb-reservation-7b474745f-9r8br,container_spec_cpu_period,100000.0
1744295979,kashef-k8s-w1.geo-bd9dfdb45-lwzmb,container_spec_cpu_period,100000.0
1744295979,kashef-k8s-ctl.mongodb-rate-785b799bbc-q2nw6,container_spec_cpu_period,100000.0
1744295979,kashef-k8s-ctl.profile-6c9f4cc75f-pvpfq,container_spec_cpu_period,100000.0
1744295979,kashef-k8s-ctl.reservation-7799998946-5p2cf,container_spec_cpu_period,100000.0
1744295979,kashef-k8s-w1.memcached-reserve-bdcb467b4-xqh7s,container_spec_cpu_period,100000.0
1744295979,kashef-k8s-w1.recommendation-6494d54897-gtmjd,container_spec_cpu_period,100000.0
1744295979,kashef-k8s-w1.mongodb-user-6d96648ddc-rxzsw,container_spec_cpu_period,100000.0
1744295979,kashef-k8s-ctl.mongodb-profile-6bb85f4df7-zzcmp,container_spec_cpu_period,100000.0
1744295979,kashef-k8s-ctl.mongodb-recommendation-59d6b7ccf9-x7q72,container_spec_cpu_period,100000.0
1744295979,kashef-k8s-w1.search-8677798cf5-srst6,container_spec_cpu_period,100000.0
1744295979,kashef-k8s-w1.mongodb-geo-86b59b75f4-bsnk9,container_spec_cpu_period,100000.0
1744295982,kashef-k8s-w1.memcached-rate-bcc5c97f8-lck87,container_spec_cpu_period,100000.0
1744295982,kashef-k8s-ctl.profile-6c9f4cc75f-pvpfq,container_spec_cpu_period,100000.0
1744295982,kashef-k8s-w1.memcached-reserve-bdcb467b4-xqh7s,container_spec_cpu_period,100000.0
1744295982,kashef-k8s-ctl.reservation-7799998946-5p2cf,container_spec_cpu_period,100000.0
1744295982,kashef-k8s-w1.mongodb-geo-86b59b75f4-bsnk9,container_spec_cpu_period,100000.0
1744295982,kashef-k8s-ctl.mongodb-reservation-7b474745f-9r8br,container_spec_cpu_period,100000.0
1744295982,kashef-k8s-w1.consul-56f5cf4f78-5hs85,container_spec_cpu_period,100000.0
1744295982,kashef-k8s-w1.mongodb-user-6d96648ddc-rxzsw,container_spec_cpu_period,100000.0
1744295982,kashef-k8s-ctl.mongodb-rate-785b799bbc-q2nw6,container_spec_cpu_period,100000.0
1744295982,kashef-k8s-w1.geo-bd9dfdb45-lwzmb,container_spec_cpu_period,100000.0
1744295982,kashef-k8s-ctl.frontend-7d9d864798-lbt5f,container_spec_cpu_period,100000.0
1744295982,kashef-k8s-ctl.jaeger-5d885bcf88-txgt9,container_spec_cpu_period,100000.0
1744295982,kashef-k8s-w1.memcached-profile-7d6fcb6b8-9ft2j,container_spec_cpu_period,100000.0
1744295982,kashef-k8s-w1.search-8677798cf5-srst6,container_spec_cpu_period,100000.0
1744295982,kashef-k8s-ctl.mongodb-profile-6bb85f4df7-zzcmp,container_spec_cpu_period,100000.0
1744295982,kashef-k8s-ctl.mongodb-recommendation-59d6b7ccf9-x7q72,container_spec_cpu_period,100000.0
1744295982,kashef-k8s-ctl.user-698454f8c4-cfb58,container_spec_cpu_period,100000.0
1744295982,kashef-k8s-w1.recommendation-6494d54897-gtmjd,container_spec_cpu_period,100000.0
1744295982,kashef-k8s-ctl.rate-66d9d98f67-x7hpv,container_spec_cpu_period,100000.0
1744295985,kashef-k8s-ctl.mongodb-profile-6bb85f4df7-zzcmp,container_spec_cpu_period,100000.0
1744295985,kashef-k8s-ctl.mongodb-reservation-7b474745f-9r8br,container_spec_cpu_period,100000.0
1744295985,kashef-k8s-ctl.mongodb-recommendation-59d6b7ccf9-x7q72,container_spec_cpu_period,100000.0
1744295985,kashef-k8s-w1.memcached-reserve-bdcb467b4-xqh7s,container_spec_cpu_period,100000.0
1744295985,kashef-k8s-w1.memcached-rate-bcc5c97f8-lck87,container_spec_cpu_period,100000.0
1744295985,kashef-k8s-w1.search-8677798cf5-srst6,container_spec_cpu_period,100000.0
1744295985,kashef-k8s-w1.memcached-profile-7d6fcb6b8-9ft2j,container_spec_cpu_period,100000.0
1744295985,kashef-k8s-w1.mongodb-geo-86b59b75f4-bsnk9,container_spec_cpu_period,100000.0
1744295985,kashef-k8s-ctl.reservation-7799998946-5p2cf,container_spec_cpu_period,100000.0
1744295985,kashef-k8s-ctl.user-698454f8c4-cfb58,container_spec_cpu_period,100000.0
1744295985,kashef-k8s-ctl.profile-6c9f4cc75f-pvpfq,container_spec_cpu_period,100000.0
1744295985,kashef-k8s-w1.consul-56f5cf4f78-5hs85,container_spec_cpu_period,100000.0
1744295985,kashef-k8s-ctl.rate-66d9d98f67-x7hpv,container_spec_cpu_period,100000.0
1744295985,kashef-k8s-w1.recommendation-6494d54897-gtmjd,container_spec_cpu_period,100000.0
1744295985,kashef-k8s-w1.mongodb-user-6d96648ddc-rxzsw,container_spec_cpu_period,100000.0
1744295985,kashef-k8s-w1.geo-bd9dfdb45-lwzmb,container_spec_cpu_period,100000.0
1744295985,kashef-k8s-ctl.mongodb-rate-785b799bbc-q2nw6,container_spec_cpu_period,100000.0
1744295985,kashef-k8s-ctl.frontend-7d9d864798-lbt5f,container_spec_cpu_period,100000.0
1744295985,kashef-k8s-ctl.jaeger-5d885bcf88-txgt9,container_spec_cpu_period,100000.0
1744295988,kashef-k8s-ctl.mongodb-recommendation-59d6b7ccf9-x7q72,container_spec_cpu_period,100000.0
1744295988,kashef-k8s-ctl.mongodb-profile-6bb85f4df7-zzcmp,container_spec_cpu_period,100000.0
1744295988,kashef-k8s-ctl.frontend-7d9d864798-lbt5f,container_spec_cpu_period,100000.0
1744295988,kashef-k8s-ctl.rate-66d9d98f67-x7hpv,container_spec_cpu_period,100000.0
1744295988,kashef-k8s-w1.consul-56f5cf4f78-5hs85,container_spec_cpu_period,100000.0
1744295988,kashef-k8s-w1.memcached-rate-bcc5c97f8-lck87,container_spec_cpu_period,100000.0
1744295988,kashef-k8s-w1.search-8677798cf5-srst6,container_spec_cpu_period,100000.0
1744295988,kashef-k8s-w1.memcached-reserve-bdcb467b4-xqh7s,container_spec_cpu_period,100000.0
1744295988,kashef-k8s-ctl.reservation-7799998946-5p2cf,container_spec_cpu_period,100000.0
1744295988,kashef-k8s-w1.geo-bd9dfdb45-lwzmb,container_spec_cpu_period,100000.0
1744295988,kashef-k8s-w1.mongodb-geo-86b59b75f4-bsnk9,container_spec_cpu_period,100000.0
1744295988,kashef-k8s-ctl.mongodb-reservation-7b474745f-9r8br,container_spec_cpu_period,100000.0
1744295988,kashef-k8s-ctl.user-698454f8c4-cfb58,container_spec_cpu_period,100000.0
1744295988,kashef-k8s-w1.memcached-profile-7d6fcb6b8-9ft2j,container_spec_cpu_period,100000.0
1744295988,kashef-k8s-ctl.jaeger-5d885bcf88-txgt9,container_spec_cpu_period,100000.0
1744295988,kashef-k8s-w1.mongodb-user-6d96648ddc-rxzsw,container_spec_cpu_period,100000.0
1744295988,kashef-k8s-w1.recommendation-6494d54897-gtmjd,container_spec_cpu_period,100000.0
1744295988,kashef-k8s-ctl.profile-6c9f4cc75f-pvpfq,container_spec_cpu_period,100000.0
1744295988,kashef-k8s-ctl.mongodb-rate-785b799bbc-q2nw6,container_spec_cpu_period,100000.0
1744295991,kashef-k8s-w1.memcached-reserve-bdcb467b4-xqh7s,container_spec_cpu_period,100000.0
1744295991,kashef-k8s-ctl.profile-6c9f4cc75f-pvpfq,container_spec_cpu_period,100000.0
1744295991,kashef-k8s-ctl.mongodb-rate-785b799bbc-q2nw6,container_spec_cpu_period,100000.0
1744295991,kashef-k8s-w1.consul-56f5cf4f78-5hs85,container_spec_cpu_period,100000.0
1744295991,kashef-k8s-w1.memcached-profile-7d6fcb6b8-9ft2j,container_spec_cpu_period,100000.0
1744295991,kashef-k8s-ctl.jaeger-5d885bcf88-txgt9,container_spec_cpu_period,100000.0
1744295991,kashef-k8s-ctl.mongodb-reservation-7b474745f-9r8br,container_spec_cpu_period,100000.0
1744295991,kashef-k8s-ctl.rate-66d9d98f67-x7hpv,container_spec_cpu_period,100000.0
1744295991,kashef-k8s-w1.search-8677798cf5-srst6,container_spec_cpu_period,100000.0
1744295991,kashef-k8s-w1.geo-bd9dfdb45-lwzmb,container_spec_cpu_period,100000.0
1744295991,kashef-k8s-ctl.frontend-7d9d864798-lbt5f,container_spec_cpu_period,100000.0
1744295991,kashef-k8s-ctl.reservation-7799998946-5p2cf,container_spec_cpu_period,100000.0
1744295991,kashef-k8s-ctl.user-698454f8c4-cfb58,container_spec_cpu_period,100000.0
1744295991,kashef-k8s-ctl.mongodb-recommendation-59d6b7ccf9-x7q72,container_spec_cpu_period,100000.0
1744295991,kashef-k8s-ctl.mongodb-profile-6bb85f4df7-zzcmp,container_spec_cpu_period,100000.0
1744295991,kashef-k8s-w1.mongodb-geo-86b59b75f4-bsnk9,container_spec_cpu_period,100000.0
1744295991,kashef-k8s-w1.mongodb-user-6d96648ddc-rxzsw,container_spec_cpu_period,100000.0
1744295991,kashef-k8s-w1.memcached-rate-bcc5c97f8-lck87,container_spec_cpu_period,100000.0
1744295991,kashef-k8s-w1.recommendation-6494d54897-gtmjd,container_spec_cpu_period,100000.0
1744295994,kashef-k8s-ctl.jaeger-5d885bcf88-txgt9,container_spec_cpu_period,100000.0
1744295994,kashef-k8s-ctl.profile-6c9f4cc75f-pvpfq,container_spec_cpu_period,100000.0
1744295994,kashef-k8s-w1.memcached-profile-7d6fcb6b8-9ft2j,container_spec_cpu_period,100000.0
1744295994,kashef-k8s-ctl.frontend-7d9d864798-lbt5f,container_spec_cpu_period,100000.0
1744295994,kashef-k8s-ctl.mongodb-reservation-7b474745f-9r8br,container_spec_cpu_period,100000.0
1744295994,kashef-k8s-w1.search-8677798cf5-srst6,container_spec_cpu_period,100000.0
1744295994,kashef-k8s-ctl.user-698454f8c4-cfb58,container_spec_cpu_period,100000.0
1744295994,kashef-k8s-w1.mongodb-geo-86b59b75f4-bsnk9,container_spec_cpu_period,100000.0
1744295994,kashef-k8s-ctl.mongodb-profile-6bb85f4df7-zzcmp,container_spec_cpu_period,100000.0
1744295994,kashef-k8s-w1.geo-bd9dfdb45-lwzmb,container_spec_cpu_period,100000.0
1744295994,kashef-k8s-ctl.mongodb-rate-785b799bbc-q2nw6,container_spec_cpu_period,100000.0
1744295994,kashef-k8s-w1.consul-56f5cf4f78-5hs85,container_spec_cpu_period,100000.0
1744295994,kashef-k8s-ctl.rate-66d9d98f67-x7hpv,container_spec_cpu_period,100000.0
1744295994,kashef-k8s-w1.memcached-reserve-bdcb467b4-xqh7s,container_spec_cpu_period,100000.0
1744295994,kashef-k8s-ctl.reservation-7799998946-5p2cf,container_spec_cpu_period,100000.0
1744295994,kashef-k8s-ctl.mongodb-recommendation-59d6b7ccf9-x7q72,container_spec_cpu_period,100000.0
1744295994,kashef-k8s-w1.recommendation-6494d54897-gtmjd,container_spec_cpu_period,100000.0
1744295994,kashef-k8s-w1.mongodb-user-6d96648ddc-rxzsw,container_spec_cpu_period,100000.0
1744295994,kashef-k8s-w1.memcached-rate-bcc5c97f8-lck87,container_spec_cpu_period,100000.0
1744295997,kashef-k8s-ctl.rate-66d9d98f67-x7hpv,container_spec_cpu_period,100000.0
1744295997,kashef-k8s-w1.consul-56f5cf4f78-5hs85,container_spec_cpu_period,100000.0
1744295997,kashef-k8s-w1.memcached-rate-bcc5c97f8-lck87,container_spec_cpu_period,100000.0
1744295997,kashef-k8s-ctl.reservation-7799998946-5p2cf,container_spec_cpu_period,100000.0
1744295997,kashef-k8s-w1.recommendation-6494d54897-gtmjd,container_spec_cpu_period,100000.0
1744295997,kashef-k8s-w1.mongodb-geo-86b59b75f4-bsnk9,container_spec_cpu_period,100000.0
1744295997,kashef-k8s-ctl.mongodb-recommendation-59d6b7ccf9-x7q72,container_spec_cpu_period,100000.0
1744295997,kashef-k8s-w1.mongodb-user-6d96648ddc-rxzsw,container_spec_cpu_period,100000.0
1744295997,kashef-k8s-w1.search-8677798cf5-srst6,container_spec_cpu_period,100000.0
1744295997,kashef-k8s-w1.memcached-reserve-bdcb467b4-xqh7s,container_spec_cpu_period,100000.0
1744295997,kashef-k8s-ctl.mongodb-profile-6bb85f4df7-zzcmp,container_spec_cpu_period,100000.0
1744295997,kashef-k8s-w1.memcached-profile-7d6fcb6b8-9ft2j,container_spec_cpu_period,100000.0
1744295997,kashef-k8s-ctl.frontend-7d9d864798-lbt5f,container_spec_cpu_period,100000.0
1744295997,kashef-k8s-w1.geo-bd9dfdb45-lwzmb,container_spec_cpu_period,100000.0
1744295997,kashef-k8s-ctl.user-698454f8c4-cfb58,container_spec_cpu_period,100000.0
1744295997,kashef-k8s-ctl.mongodb-rate-785b799bbc-q2nw6,container_spec_cpu_period,100000.0
1744295997,kashef-k8s-ctl.jaeger-5d885bcf88-txgt9,container_spec_cpu_period,100000.0
1744295997,kashef-k8s-ctl.profile-6c9f4cc75f-pvpfq,container_spec_cpu_period,100000.0
1744295997,kashef-k8s-ctl.mongodb-reservation-7b474745f-9r8br,container_spec_cpu_period,100000.0
1744296000,kashef-k8s-w1.memcached-profile-7d6fcb6b8-9ft2j,container_spec_cpu_period,100000.0
1744296000,kashef-k8s-w1.mongodb-user-6d96648ddc-rxzsw,container_spec_cpu_period,100000.0
1744296000,kashef-k8s-ctl.reservation-7799998946-5p2cf,container_spec_cpu_period,100000.0
1744296000,kashef-k8s-w1.mongodb-geo-86b59b75f4-bsnk9,container_spec_cpu_period,100000.0
1744296000,kashef-k8s-ctl.mongodb-profile-6bb85f4df7-zzcmp,container_spec_cpu_period,100000.0
1744296000,kashef-k8s-w1.geo-bd9dfdb45-lwzmb,container_spec_cpu_period,100000.0
1744296000,kashef-k8s-w1.search-8677798cf5-srst6,container_spec_cpu_period,100000.0
1744296000,kashef-k8s-ctl.mongodb-reservation-7b474745f-9r8br,container_spec_cpu_period,100000.0
1744296000,kashef-k8s-w1.memcached-reserve-bdcb467b4-xqh7s,container_spec_cpu_period,100000.0
1744296000,kashef-k8s-w1.recommendation-6494d54897-gtmjd,container_spec_cpu_period,100000.0
1744296000,kashef-k8s-ctl.mongodb-recommendation-59d6b7ccf9-x7q72,container_spec_cpu_period,100000.0
1744296000,kashef-k8s-ctl.rate-66d9d98f67-x7hpv,container_spec_cpu_period,100000.0
1744296000,kashef-k8s-w1.consul-56f5cf4f78-5hs85,container_spec_cpu_period,100000.0
1744296000,kashef-k8s-w1.memcached-rate-bcc5c97f8-lck87,container_spec_cpu_period,100000.0
1744296000,kashef-k8s-ctl.frontend-7d9d864798-lbt5f,container_spec_cpu_period,100000.0
1744296000,kashef-k8s-ctl.user-698454f8c4-cfb58,container_spec_cpu_period,100000.0
1744296000,kashef-k8s-ctl.mongodb-rate-785b799bbc-q2nw6,container_spec_cpu_period,100000.0
1744296000,kashef-k8s-ctl.jaeger-5d885bcf88-txgt9,container_spec_cpu_period,100000.0
1744296000,kashef-k8s-ctl.profile-6c9f4cc75f-pvpfq,container_spec_cpu_period,100000.0
1744296003,kashef-k8s-ctl.mongodb-profile-6bb85f4df7-zzcmp,container_spec_cpu_period,100000.0
1744296003,kashef-k8s-w1.search-8677798cf5-srst6,container_spec_cpu_period,100000.0
1744296003,kashef-k8s-w1.memcached-rate-bcc5c97f8-lck87,container_spec_cpu_period,100000.0
1744296003,kashef-k8s-ctl.jaeger-5d885bcf88-txgt9,container_spec_cpu_period,100000.0
1744296003,kashef-k8s-w1.recommendation-6494d54897-gtmjd,container_spec_cpu_period,100000.0
1744296003,kashef-k8s-ctl.profile-6c9f4cc75f-pvpfq,container_spec_cpu_period,100000.0
1744296003,kashef-k8s-ctl.rate-66d9d98f67-x7hpv,container_spec_cpu_period,100000.0
1744296003,kashef-k8s-w1.mongodb-geo-86b59b75f4-bsnk9,container_spec_cpu_period,100000.0
1744296003,kashef-k8s-ctl.mongodb-recommendation-59d6b7ccf9-x7q72,container_spec_cpu_period,100000.0
1744296003,kashef-k8s-w1.memcached-profile-7d6fcb6b8-9ft2j,container_spec_cpu_period,100000.0
1744296003,kashef-k8s-ctl.frontend-7d9d864798-lbt5f,container_spec_cpu_period,100000.0
1744296003,kashef-k8s-w1.memcached-reserve-bdcb467b4-xqh7s,container_spec_cpu_period,100000.0
1744296003,kashef-k8s-w1.geo-bd9dfdb45-lwzmb,container_spec_cpu_period,100000.0
1744296003,kashef-k8s-ctl.user-698454f8c4-cfb58,container_spec_cpu_period,100000.0
1744296003,kashef-k8s-w1.mongodb-user-6d96648ddc-rxzsw,container_spec_cpu_period,100000.0
1744296003,kashef-k8s-ctl.mongodb-reservation-7b474745f-9r8br,container_spec_cpu_period,100000.0
1744296003,kashef-k8s-ctl.mongodb-rate-785b799bbc-q2nw6,container_spec_cpu_period,100000.0
1744296003,kashef-k8s-w1.consul-56f5cf4f78-5hs85,container_spec_cpu_period,100000.0
1744296003,kashef-k8s-ctl.reservation-7799998946-5p2cf,container_spec_cpu_period,100000.0
1744296006,kashef-k8s-w1.consul-56f5cf4f78-5hs85,container_spec_cpu_period,100000.0
1744296006,kashef-k8s-ctl.mongodb-rate-785b799bbc-q2nw6,container_spec_cpu_period,100000.0
1744296006,kashef-k8s-ctl.reservation-7799998946-5p2cf,container_spec_cpu_period,100000.0
1744296006,kashef-k8s-ctl.profile-6c9f4cc75f-pvpfq,container_spec_cpu_period,100000.0
1744296006,kashef-k8s-w1.mongodb-user-6d96648ddc-rxzsw,container_spec_cpu_period,100000.0
1744296006,kashef-k8s-ctl.frontend-7d9d864798-lbt5f,container_spec_cpu_period,100000.0
1744296006,kashef-k8s-ctl.jaeger-5d885bcf88-txgt9,container_spec_cpu_period,100000.0
1744296006,kashef-k8s-w1.memcached-profile-7d6fcb6b8-9ft2j,container_spec_cpu_period,100000.0
1744296006,kashef-k8s-w1.memcached-reserve-bdcb467b4-xqh7s,container_spec_cpu_period,100000.0
1744296006,kashef-k8s-w1.mongodb-geo-86b59b75f4-bsnk9,container_spec_cpu_period,100000.0
1744296006,kashef-k8s-w1.search-8677798cf5-srst6,container_spec_cpu_period,100000.0
1744296006,kashef-k8s-ctl.mongodb-recommendation-59d6b7ccf9-x7q72,container_spec_cpu_period,100000.0
1744296006,kashef-k8s-w1.recommendation-6494d54897-gtmjd,container_spec_cpu_period,100000.0
1744296006,kashef-k8s-ctl.mongodb-profile-6bb85f4df7-zzcmp,container_spec_cpu_period,100000.0
1744296006,kashef-k8s-w1.geo-bd9dfdb45-lwzmb,container_spec_cpu_period,100000.0
1744296006,kashef-k8s-ctl.user-698454f8c4-cfb58,container_spec_cpu_period,100000.0
1744296006,kashef-k8s-ctl.mongodb-reservation-7b474745f-9r8br,container_spec_cpu_period,100000.0
1744296006,kashef-k8s-ctl.rate-66d9d98f67-x7hpv,container_spec_cpu_period,100000.0
1744296006,kashef-k8s-w1.memcached-rate-bcc5c97f8-lck87,container_spec_cpu_period,100000.0
1744296009,kashef-k8s-w1.memcached-reserve-bdcb467b4-xqh7s,container_spec_cpu_period,100000.0
1744296009,kashef-k8s-ctl.reservation-7799998946-5p2cf,container_spec_cpu_period,100000.0
1744296009,kashef-k8s-ctl.mongodb-rate-785b799bbc-q2nw6,container_spec_cpu_period,100000.0
1744296009,kashef-k8s-w1.memcached-profile-7d6fcb6b8-9ft2j,container_spec_cpu_period,100000.0
1744296009,kashef-k8s-ctl.jaeger-5d885bcf88-txgt9,container_spec_cpu_period,100000.0
1744296009,kashef-k8s-ctl.frontend-7d9d864798-lbt5f,container_spec_cpu_period,100000.0
1744296009,kashef-k8s-ctl.mongodb-profile-6bb85f4df7-zzcmp,container_spec_cpu_period,100000.0
1744296009,kashef-k8s-w1.search-8677798cf5-srst6,container_spec_cpu_period,100000.0
1744296009,kashef-k8s-ctl.user-698454f8c4-cfb58,container_spec_cpu_period,100000.0
1744296009,kashef-k8s-w1.mongodb-user-6d96648ddc-rxzsw,container_spec_cpu_period,100000.0
1744296009,kashef-k8s-ctl.mongodb-reservation-7b474745f-9r8br,container_spec_cpu_period,100000.0
1744296009,kashef-k8s-ctl.profile-6c9f4cc75f-pvpfq,container_spec_cpu_period,100000.0
1744296009,kashef-k8s-w1.geo-bd9dfdb45-lwzmb,container_spec_cpu_period,100000.0
1744296009,kashef-k8s-ctl.mongodb-recommendation-59d6b7ccf9-x7q72,container_spec_cpu_period,100000.0
1744296009,kashef-k8s-w1.mongodb-geo-86b59b75f4-bsnk9,container_spec_cpu_period,100000.0
1744296009,kashef-k8s-ctl.rate-66d9d98f67-x7hpv,container_spec_cpu_period,100000.0
1744296009,kashef-k8s-w1.recommendation-6494d54897-gtmjd,container_spec_cpu_period,100000.0
1744296009,kashef-k8s-w1.memcached-rate-bcc5c97f8-lck87,container_spec_cpu_period,100000.0
1744296009,kashef-k8s-w1.consul-56f5cf4f78-5hs85,container_spec_cpu_period,100000.0
1744296012,kashef-k8s-w1.consul-56f5cf4f78-5hs85,container_spec_cpu_period,100000.0
1744296012,kashef-k8s-w1.memcached-rate-bcc5c97f8-lck87,container_spec_cpu_period,100000.0
1744296012,kashef-k8s-ctl.mongodb-reservation-7b474745f-9r8br,container_spec_cpu_period,100000.0
1744296012,kashef-k8s-w1.recommendation-6494d54897-gtmjd,container_spec_cpu_period,100000.0
1744296012,kashef-k8s-ctl.mongodb-recommendation-59d6b7ccf9-x7q72,container_spec_cpu_period,100000.0
1744296012,kashef-k8s-ctl.jaeger-5d885bcf88-txgt9,container_spec_cpu_period,100000.0
1744296012,kashef-k8s-w1.memcached-reserve-bdcb467b4-xqh7s,container_spec_cpu_period,100000.0
1744296012,kashef-k8s-w1.mongodb-user-6d96648ddc-rxzsw,container_spec_cpu_period,100000.0
1744296012,kashef-k8s-ctl.mongodb-profile-6bb85f4df7-zzcmp,container_spec_cpu_period,100000.0
1744296012,kashef-k8s-w1.geo-bd9dfdb45-lwzmb,container_spec_cpu_period,100000.0
1744296012,kashef-k8s-w1.mongodb-geo-86b59b75f4-bsnk9,container_spec_cpu_period,100000.0
1744296012,kashef-k8s-w1.search-8677798cf5-srst6,container_spec_cpu_period,100000.0
1744296012,kashef-k8s-ctl.user-698454f8c4-cfb58,container_spec_cpu_period,100000.0
1744296012,kashef-k8s-ctl.mongodb-rate-785b799bbc-q2nw6,container_spec_cpu_period,100000.0
1744296012,kashef-k8s-w1.memcached-profile-7d6fcb6b8-9ft2j,container_spec_cpu_period,100000.0
1744296012,kashef-k8s-ctl.frontend-7d9d864798-lbt5f,container_spec_cpu_period,100000.0
1744296012,kashef-k8s-ctl.rate-66d9d98f67-x7hpv,container_spec_cpu_period,100000.0
1744296012,kashef-k8s-ctl.profile-6c9f4cc75f-pvpfq,container_spec_cpu_period,100000.0
1744296012,kashef-k8s-ctl.reservation-7799998946-5p2cf,container_spec_cpu_period,100000.0
1744296015,kashef-k8s-ctl.jaeger-5d885bcf88-txgt9,container_spec_cpu_period,100000.0
1744296015,kashef-k8s-w1.memcached-rate-bcc5c97f8-lck87,container_spec_cpu_period,100000.0
1744296015,kashef-k8s-ctl.mongodb-recommendation-59d6b7ccf9-x7q72,container_spec_cpu_period,100000.0
1744296015,kashef-k8s-ctl.mongodb-reservation-7b474745f-9r8br,container_spec_cpu_period,100000.0
1744296015,kashef-k8s-ctl.mongodb-profile-6bb85f4df7-zzcmp,container_spec_cpu_period,100000.0
1744296015,kashef-k8s-ctl.mongodb-rate-785b799bbc-q2nw6,container_spec_cpu_period,100000.0
1744296015,kashef-k8s-ctl.user-698454f8c4-cfb58,container_spec_cpu_period,100000.0
1744296015,kashef-k8s-w1.mongodb-user-6d96648ddc-rxzsw,container_spec_cpu_period,100000.0
1744296015,kashef-k8s-ctl.frontend-7d9d864798-lbt5f,container_spec_cpu_period,100000.0
1744296015,kashef-k8s-w1.memcached-reserve-bdcb467b4-xqh7s,container_spec_cpu_period,100000.0
1744296015,kashef-k8s-ctl.rate-66d9d98f67-x7hpv,container_spec_cpu_period,100000.0
1744296015,kashef-k8s-ctl.reservation-7799998946-5p2cf,container_spec_cpu_period,100000.0
1744296015,kashef-k8s-w1.recommendation-6494d54897-gtmjd,container_spec_cpu_period,100000.0
1744296015,kashef-k8s-w1.mongodb-geo-86b59b75f4-bsnk9,container_spec_cpu_period,100000.0
1744296015,kashef-k8s-w1.search-8677798cf5-srst6,container_spec_cpu_period,100000.0
1744296015,kashef-k8s-w1.consul-56f5cf4f78-5hs85,container_spec_cpu_period,100000.0
1744296015,kashef-k8s-w1.memcached-profile-7d6fcb6b8-9ft2j,container_spec_cpu_period,100000.0
1744296015,kashef-k8s-w1.geo-bd9dfdb45-lwzmb,container_spec_cpu_period,100000.0
1744296015,kashef-k8s-ctl.profile-6c9f4cc75f-pvpfq,container_spec_cpu_period,100000.0
1744296018,kashef-k8s-w1.memcached-rate-bcc5c97f8-lck87,container_spec_cpu_period,100000.0
1744296018,kashef-k8s-ctl.rate-66d9d98f67-x7hpv,container_spec_cpu_period,100000.0
1744296018,kashef-k8s-ctl.user-698454f8c4-cfb58,container_spec_cpu_period,100000.0
1744296018,kashef-k8s-ctl.mongodb-recommendation-59d6b7ccf9-x7q72,container_spec_cpu_period,100000.0
1744296018,kashef-k8s-ctl.profile-6c9f4cc75f-pvpfq,container_spec_cpu_period,100000.0
1744296018,kashef-k8s-w1.memcached-profile-7d6fcb6b8-9ft2j,container_spec_cpu_period,100000.0
1744296018,kashef-k8s-ctl.mongodb-profile-6bb85f4df7-zzcmp,container_spec_cpu_period,100000.0
1744296018,kashef-k8s-w1.geo-bd9dfdb45-lwzmb,container_spec_cpu_period,100000.0
1744296018,kashef-k8s-ctl.jaeger-5d885bcf88-txgt9,container_spec_cpu_period,100000.0
1744296018,kashef-k8s-ctl.reservation-7799998946-5p2cf,container_spec_cpu_period,100000.0
1744296018,kashef-k8s-w1.mongodb-geo-86b59b75f4-bsnk9,container_spec_cpu_period,100000.0
1744296018,kashef-k8s-w1.memcached-reserve-bdcb467b4-xqh7s,container_spec_cpu_period,100000.0
1744296018,kashef-k8s-w1.consul-56f5cf4f78-5hs85,container_spec_cpu_period,100000.0
1744296018,kashef-k8s-w1.search-8677798cf5-srst6,container_spec_cpu_period,100000.0
1744296018,kashef-k8s-w1.mongodb-user-6d96648ddc-rxzsw,container_spec_cpu_period,100000.0
1744296018,kashef-k8s-ctl.mongodb-rate-785b799bbc-q2nw6,container_spec_cpu_period,100000.0
1744296018,kashef-k8s-ctl.mongodb-reservation-7b474745f-9r8br,container_spec_cpu_period,100000.0
1744296018,kashef-k8s-ctl.frontend-7d9d864798-lbt5f,container_spec_cpu_period,100000.0
1744296018,kashef-k8s-w1.recommendation-6494d54897-gtmjd,container_spec_cpu_period,100000.0
1744296021,kashef-k8s-ctl.frontend-7d9d864798-lbt5f,container_spec_cpu_period,100000.0
1744296021,kashef-k8s-ctl.jaeger-5d885bcf88-txgt9,container_spec_cpu_period,100000.0
1744296021,kashef-k8s-ctl.mongodb-rate-785b799bbc-q2nw6,container_spec_cpu_period,100000.0
1744296021,kashef-k8s-ctl.mongodb-profile-6bb85f4df7-zzcmp,container_spec_cpu_period,100000.0
1744296021,kashef-k8s-w1.geo-bd9dfdb45-lwzmb,container_spec_cpu_period,100000.0
1744296021,kashef-k8s-ctl.reservation-7799998946-5p2cf,container_spec_cpu_period,100000.0
1744296021,kashef-k8s-w1.memcached-profile-7d6fcb6b8-9ft2j,container_spec_cpu_period,100000.0
1744296021,kashef-k8s-w1.memcached-rate-bcc5c97f8-lck87,container_spec_cpu_period,100000.0
1744296021,kashef-k8s-ctl.mongodb-recommendation-59d6b7ccf9-x7q72,container_spec_cpu_period,100000.0
1744296021,kashef-k8s-w1.mongodb-geo-86b59b75f4-bsnk9,container_spec_cpu_period,100000.0
1744296021,kashef-k8s-w1.mongodb-user-6d96648ddc-rxzsw,container_spec_cpu_period,100000.0
1744296021,kashef-k8s-w1.recommendation-6494d54897-gtmjd,container_spec_cpu_period,100000.0
1744296021,kashef-k8s-ctl.user-698454f8c4-cfb58,container_spec_cpu_period,100000.0
1744296021,kashef-k8s-w1.consul-56f5cf4f78-5hs85,container_spec_cpu_period,100000.0
1744296021,kashef-k8s-w1.memcached-reserve-bdcb467b4-xqh7s,container_spec_cpu_period,100000.0
1744296021,kashef-k8s-w1.search-8677798cf5-srst6,container_spec_cpu_period,100000.0
1744296021,kashef-k8s-ctl.rate-66d9d98f67-x7hpv,container_spec_cpu_period,100000.0
1744296021,kashef-k8s-ctl.profile-6c9f4cc75f-pvpfq,container_spec_cpu_period,100000.0
1744296021,kashef-k8s-ctl.mongodb-reservation-7b474745f-9r8br,container_spec_cpu_period,100000.0
1744296024,kashef-k8s-w1.geo-bd9dfdb45-lwzmb,container_spec_cpu_period,100000.0
1744296024,kashef-k8s-ctl.jaeger-5d885bcf88-txgt9,container_spec_cpu_period,100000.0
1744296024,kashef-k8s-w1.mongodb-user-6d96648ddc-rxzsw,container_spec_cpu_period,100000.0
1744296024,kashef-k8s-ctl.mongodb-recommendation-59d6b7ccf9-x7q72,container_spec_cpu_period,100000.0
1744296024,kashef-k8s-w1.recommendation-6494d54897-gtmjd,container_spec_cpu_period,100000.0
1744296024,kashef-k8s-ctl.frontend-7d9d864798-lbt5f,container_spec_cpu_period,100000.0
1744296024,kashef-k8s-ctl.mongodb-profile-6bb85f4df7-zzcmp,container_spec_cpu_period,100000.0
1744296024,kashef-k8s-w1.memcached-reserve-bdcb467b4-xqh7s,container_spec_cpu_period,100000.0
1744296024,kashef-k8s-w1.memcached-rate-bcc5c97f8-lck87,container_spec_cpu_period,100000.0
1744296024,kashef-k8s-w1.mongodb-geo-86b59b75f4-bsnk9,container_spec_cpu_period,100000.0
1744296024,kashef-k8s-ctl.reservation-7799998946-5p2cf,container_spec_cpu_period,100000.0
1744296024,kashef-k8s-ctl.user-698454f8c4-cfb58,container_spec_cpu_period,100000.0
1744296024,kashef-k8s-w1.search-8677798cf5-srst6,container_spec_cpu_period,100000.0
1744296024,kashef-k8s-ctl.mongodb-rate-785b799bbc-q2nw6,container_spec_cpu_period,100000.0
1744296024,kashef-k8s-ctl.mongodb-reservation-7b474745f-9r8br,container_spec_cpu_period,100000.0
1744296024,kashef-k8s-w1.memcached-profile-7d6fcb6b8-9ft2j,container_spec_cpu_period,100000.0
1744296024,kashef-k8s-ctl.profile-6c9f4cc75f-pvpfq,container_spec_cpu_period,100000.0
1744296024,kashef-k8s-ctl.rate-66d9d98f67-x7hpv,container_spec_cpu_period,100000.0
1744296024,kashef-k8s-w1.consul-56f5cf4f78-5hs85,container_spec_cpu_period,100000.0
1744296027,kashef-k8s-ctl.rate-66d9d98f67-x7hpv,container_spec_cpu_period,100000.0
1744296027,kashef-k8s-w1.consul-56f5cf4f78-5hs85,container_spec_cpu_period,100000.0
1744296027,kashef-k8s-ctl.user-698454f8c4-cfb58,container_spec_cpu_period,100000.0
1744296027,kashef-k8s-w1.recommendation-6494d54897-gtmjd,container_spec_cpu_period,100000.0
1744296027,kashef-k8s-ctl.frontend-7d9d864798-lbt5f,container_spec_cpu_period,100000.0
1744296027,kashef-k8s-w1.search-8677798cf5-srst6,container_spec_cpu_period,100000.0
1744296027,kashef-k8s-w1.memcached-profile-7d6fcb6b8-9ft2j,container_spec_cpu_period,100000.0
1744296027,kashef-k8s-w1.mongodb-user-6d96648ddc-rxzsw,container_spec_cpu_period,100000.0
1744296027,kashef-k8s-w1.mongodb-geo-86b59b75f4-bsnk9,container_spec_cpu_period,100000.0
1744296027,kashef-k8s-ctl.mongodb-rate-785b799bbc-q2nw6,container_spec_cpu_period,100000.0
1744296027,kashef-k8s-ctl.mongodb-reservation-7b474745f-9r8br,container_spec_cpu_period,100000.0
1744296027,kashef-k8s-ctl.jaeger-5d885bcf88-txgt9,container_spec_cpu_period,100000.0
1744296027,kashef-k8s-ctl.mongodb-recommendation-59d6b7ccf9-x7q72,container_spec_cpu_period,100000.0
1744296027,kashef-k8s-ctl.mongodb-profile-6bb85f4df7-zzcmp,container_spec_cpu_period,100000.0
1744296027,kashef-k8s-w1.memcached-reserve-bdcb467b4-xqh7s,container_spec_cpu_period,100000.0
1744296027,kashef-k8s-ctl.profile-6c9f4cc75f-pvpfq,container_spec_cpu_period,100000.0
1744296027,kashef-k8s-w1.memcached-rate-bcc5c97f8-lck87,container_spec_cpu_period,100000.0
1744296027,kashef-k8s-ctl.reservation-7799998946-5p2cf,container_spec_cpu_period,100000.0
1744296027,kashef-k8s-w1.geo-bd9dfdb45-lwzmb,container_spec_cpu_period,100000.0
1744296030,kashef-k8s-ctl.rate-66d9d98f67-x7hpv,container_spec_cpu_period,100000.0
1744296030,kashef-k8s-w1.consul-56f5cf4f78-5hs85,container_spec_cpu_period,100000.0
1744296030,kashef-k8s-ctl.reservation-7799998946-5p2cf,container_spec_cpu_period,100000.0
1744296030,kashef-k8s-ctl.mongodb-rate-785b799bbc-q2nw6,container_spec_cpu_period,100000.0
1744296030,kashef-k8s-ctl.frontend-7d9d864798-lbt5f,container_spec_cpu_period,100000.0
1744296030,kashef-k8s-w1.recommendation-6494d54897-gtmjd,container_spec_cpu_period,100000.0
1744296030,kashef-k8s-ctl.mongodb-recommendation-59d6b7ccf9-x7q72,container_spec_cpu_period,100000.0
1744296030,kashef-k8s-ctl.profile-6c9f4cc75f-pvpfq,container_spec_cpu_period,100000.0
1744296030,kashef-k8s-w1.memcached-profile-7d6fcb6b8-9ft2j,container_spec_cpu_period,100000.0
1744296030,kashef-k8s-ctl.mongodb-profile-6bb85f4df7-zzcmp,container_spec_cpu_period,100000.0
1744296030,kashef-k8s-w1.mongodb-geo-86b59b75f4-bsnk9,container_spec_cpu_period,100000.0
1744296030,kashef-k8s-w1.search-8677798cf5-srst6,container_spec_cpu_period,100000.0
1744296030,kashef-k8s-w1.geo-bd9dfdb45-lwzmb,container_spec_cpu_period,100000.0
1744296030,kashef-k8s-w1.mongodb-user-6d96648ddc-rxzsw,container_spec_cpu_period,100000.0
1744296030,kashef-k8s-ctl.mongodb-reservation-7b474745f-9r8br,container_spec_cpu_period,100000.0
1744296030,kashef-k8s-w1.memcached-reserve-bdcb467b4-xqh7s,container_spec_cpu_period,100000.0
1744296030,kashef-k8s-ctl.user-698454f8c4-cfb58,container_spec_cpu_period,100000.0
1744296030,kashef-k8s-ctl.jaeger-5d885bcf88-txgt9,container_spec_cpu_period,100000.0
1744296030,kashef-k8s-w1.memcached-rate-bcc5c97f8-lck87,container_spec_cpu_period,100000.0
1744296033,kashef-k8s-ctl.profile-6c9f4cc75f-pvpfq,container_spec_cpu_period,100000.0
1744296033,kashef-k8s-ctl.frontend-7d9d864798-lbt5f,container_spec_cpu_period,100000.0
1744296033,kashef-k8s-ctl.mongodb-reservation-7b474745f-9r8br,container_spec_cpu_period,100000.0
1744296033,kashef-k8s-w1.mongodb-geo-86b59b75f4-bsnk9,container_spec_cpu_period,100000.0
1744296033,kashef-k8s-w1.recommendation-6494d54897-gtmjd,container_spec_cpu_period,100000.0
1744296033,kashef-k8s-ctl.mongodb-profile-6bb85f4df7-zzcmp,container_spec_cpu_period,100000.0
1744296033,kashef-k8s-ctl.mongodb-recommendation-59d6b7ccf9-x7q72,container_spec_cpu_period,100000.0
1744296033,kashef-k8s-w1.consul-56f5cf4f78-5hs85,container_spec_cpu_period,100000.0
1744296033,kashef-k8s-w1.memcached-profile-7d6fcb6b8-9ft2j,container_spec_cpu_period,100000.0
1744296033,kashef-k8s-ctl.mongodb-rate-785b799bbc-q2nw6,container_spec_cpu_period,100000.0
1744296033,kashef-k8s-w1.geo-bd9dfdb45-lwzmb,container_spec_cpu_period,100000.0
1744296033,kashef-k8s-ctl.reservation-7799998946-5p2cf,container_spec_cpu_period,100000.0
1744296033,kashef-k8s-ctl.rate-66d9d98f67-x7hpv,container_spec_cpu_period,100000.0
1744296033,kashef-k8s-ctl.jaeger-5d885bcf88-txgt9,container_spec_cpu_period,100000.0
1744296033,kashef-k8s-w1.search-8677798cf5-srst6,container_spec_cpu_period,100000.0
1744296033,kashef-k8s-w1.mongodb-user-6d96648ddc-rxzsw,container_spec_cpu_period,100000.0
1744296033,kashef-k8s-w1.memcached-rate-bcc5c97f8-lck87,container_spec_cpu_period,100000.0
1744296033,kashef-k8s-ctl.user-698454f8c4-cfb58,container_spec_cpu_period,100000.0
1744296033,kashef-k8s-w1.memcached-reserve-bdcb467b4-xqh7s,container_spec_cpu_period,100000.0
1744296036,kashef-k8s-w1.memcached-profile-7d6fcb6b8-9ft2j,container_spec_cpu_period,100000.0
1744296036,kashef-k8s-ctl.mongodb-profile-6bb85f4df7-zzcmp,container_spec_cpu_period,100000.0
1744296036,kashef-k8s-ctl.reservation-7799998946-5p2cf,container_spec_cpu_period,100000.0
1744296036,kashef-k8s-w1.geo-bd9dfdb45-lwzmb,container_spec_cpu_period,100000.0
1744296036,kashef-k8s-ctl.rate-66d9d98f67-x7hpv,container_spec_cpu_period,100000.0
1744296036,kashef-k8s-ctl.profile-6c9f4cc75f-pvpfq,container_spec_cpu_period,100000.0
1744296036,kashef-k8s-w1.recommendation-6494d54897-gtmjd,container_spec_cpu_period,100000.0
1744296036,kashef-k8s-ctl.frontend-7d9d864798-lbt5f,container_spec_cpu_period,100000.0
1744296036,kashef-k8s-w1.consul-56f5cf4f78-5hs85,container_spec_cpu_period,100000.0
1744296036,kashef-k8s-ctl.mongodb-rate-785b799bbc-q2nw6,container_spec_cpu_period,100000.0
1744296036,kashef-k8s-ctl.mongodb-recommendation-59d6b7ccf9-x7q72,container_spec_cpu_period,100000.0
1744296036,kashef-k8s-w1.mongodb-geo-86b59b75f4-bsnk9,container_spec_cpu_period,100000.0
1744296036,kashef-k8s-w1.memcached-reserve-bdcb467b4-xqh7s,container_spec_cpu_period,100000.0
1744296036,kashef-k8s-ctl.mongodb-reservation-7b474745f-9r8br,container_spec_cpu_period,100000.0
1744296036,kashef-k8s-w1.mongodb-user-6d96648ddc-rxzsw,container_spec_cpu_period,100000.0
1744296036,kashef-k8s-w1.search-8677798cf5-srst6,container_spec_cpu_period,100000.0
1744296036,kashef-k8s-ctl.user-698454f8c4-cfb58,container_spec_cpu_period,100000.0
1744296036,kashef-k8s-ctl.jaeger-5d885bcf88-txgt9,container_spec_cpu_period,100000.0
1744296036,kashef-k8s-w1.memcached-rate-bcc5c97f8-lck87,container_spec_cpu_period,100000.0
1744296039,kashef-k8s-ctl.rate-66d9d98f67-x7hpv,container_spec_cpu_period,100000.0
1744296039,kashef-k8s-ctl.jaeger-5d885bcf88-txgt9,container_spec_cpu_period,100000.0
1744296039,kashef-k8s-w1.geo-bd9dfdb45-lwzmb,container_spec_cpu_period,100000.0
1744296039,kashef-k8s-w1.memcached-reserve-bdcb467b4-xqh7s,container_spec_cpu_period,100000.0
1744296039,kashef-k8s-ctl.mongodb-rate-785b799bbc-q2nw6,container_spec_cpu_period,100000.0
1744296039,kashef-k8s-ctl.frontend-7d9d864798-lbt5f,container_spec_cpu_period,100000.0
1744296039,kashef-k8s-w1.mongodb-geo-86b59b75f4-bsnk9,container_spec_cpu_period,100000.0
1744296039,kashef-k8s-ctl.profile-6c9f4cc75f-pvpfq,container_spec_cpu_period,100000.0
1744296039,kashef-k8s-w1.mongodb-user-6d96648ddc-rxzsw,container_spec_cpu_period,100000.0
1744296039,kashef-k8s-w1.search-8677798cf5-srst6,container_spec_cpu_period,100000.0
1744296039,kashef-k8s-ctl.mongodb-reservation-7b474745f-9r8br,container_spec_cpu_period,100000.0
1744296039,kashef-k8s-ctl.reservation-7799998946-5p2cf,container_spec_cpu_period,100000.0
1744296039,kashef-k8s-w1.memcached-profile-7d6fcb6b8-9ft2j,container_spec_cpu_period,100000.0
1744296039,kashef-k8s-w1.recommendation-6494d54897-gtmjd,container_spec_cpu_period,100000.0
1744296039,kashef-k8s-ctl.mongodb-recommendation-59d6b7ccf9-x7q72,container_spec_cpu_period,100000.0
1744296039,kashef-k8s-ctl.mongodb-profile-6bb85f4df7-zzcmp,container_spec_cpu_period,100000.0
1744296039,kashef-k8s-ctl.user-698454f8c4-cfb58,container_spec_cpu_period,100000.0
1744296039,kashef-k8s-w1.consul-56f5cf4f78-5hs85,container_spec_cpu_period,100000.0
1744296039,kashef-k8s-w1.memcached-rate-bcc5c97f8-lck87,container_spec_cpu_period,100000.0
1744296042,kashef-k8s-ctl.mongodb-rate-785b799bbc-q2nw6,container_spec_cpu_period,100000.0
1744296042,kashef-k8s-w1.memcached-profile-7d6fcb6b8-9ft2j,container_spec_cpu_period,100000.0
1744296042,kashef-k8s-ctl.reservation-7799998946-5p2cf,container_spec_cpu_period,100000.0
1744296042,kashef-k8s-ctl.jaeger-5d885bcf88-txgt9,container_spec_cpu_period,100000.0
1744296042,kashef-k8s-w1.recommendation-6494d54897-gtmjd,container_spec_cpu_period,100000.0
1744296042,kashef-k8s-ctl.mongodb-reservation-7b474745f-9r8br,container_spec_cpu_period,100000.0
1744296042,kashef-k8s-w1.search-8677798cf5-srst6,container_spec_cpu_period,100000.0
1744296042,kashef-k8s-ctl.profile-6c9f4cc75f-pvpfq,container_spec_cpu_period,100000.0
1744296042,kashef-k8s-ctl.frontend-7d9d864798-lbt5f,container_spec_cpu_period,100000.0
1744296042,kashef-k8s-w1.mongodb-user-6d96648ddc-rxzsw,container_spec_cpu_period,100000.0
1744296042,kashef-k8s-w1.memcached-reserve-bdcb467b4-xqh7s,container_spec_cpu_period,100000.0
1744296042,kashef-k8s-w1.mongodb-geo-86b59b75f4-bsnk9,container_spec_cpu_period,100000.0
1744296042,kashef-k8s-ctl.user-698454f8c4-cfb58,container_spec_cpu_period,100000.0
1744296042,kashef-k8s-ctl.rate-66d9d98f67-x7hpv,container_spec_cpu_period,100000.0
1744296042,kashef-k8s-w1.consul-56f5cf4f78-5hs85,container_spec_cpu_period,100000.0
1744296042,kashef-k8s-ctl.mongodb-profile-6bb85f4df7-zzcmp,container_spec_cpu_period,100000.0
1744296042,kashef-k8s-ctl.mongodb-recommendation-59d6b7ccf9-x7q72,container_spec_cpu_period,100000.0
1744296042,kashef-k8s-w1.memcached-rate-bcc5c97f8-lck87,container_spec_cpu_period,100000.0
1744296042,kashef-k8s-w1.geo-bd9dfdb45-lwzmb,container_spec_cpu_period,100000.0
1744296045,kashef-k8s-ctl.mongodb-reservation-7b474745f-9r8br,container_spec_cpu_period,100000.0
1744296045,kashef-k8s-w1.search-8677798cf5-srst6,container_spec_cpu_period,100000.0
1744296045,kashef-k8s-ctl.frontend-7d9d864798-lbt5f,container_spec_cpu_period,100000.0
1744296045,kashef-k8s-w1.mongodb-geo-86b59b75f4-bsnk9,container_spec_cpu_period,100000.0
1744296045,kashef-k8s-ctl.user-698454f8c4-cfb58,container_spec_cpu_period,100000.0
1744296045,kashef-k8s-ctl.rate-66d9d98f67-x7hpv,container_spec_cpu_period,100000.0
1744296045,kashef-k8s-ctl.profile-6c9f4cc75f-pvpfq,container_spec_cpu_period,100000.0
1744296045,kashef-k8s-ctl.mongodb-rate-785b799bbc-q2nw6,container_spec_cpu_period,100000.0
1744296045,kashef-k8s-w1.memcached-profile-7d6fcb6b8-9ft2j,container_spec_cpu_period,100000.0
1744296045,kashef-k8s-w1.mongodb-user-6d96648ddc-rxzsw,container_spec_cpu_period,100000.0
1744296045,kashef-k8s-ctl.jaeger-5d885bcf88-txgt9,container_spec_cpu_period,100000.0
1744296045,kashef-k8s-ctl.mongodb-profile-6bb85f4df7-zzcmp,container_spec_cpu_period,100000.0
1744296045,kashef-k8s-ctl.mongodb-recommendation-59d6b7ccf9-x7q72,container_spec_cpu_period,100000.0
1744296045,kashef-k8s-w1.geo-bd9dfdb45-lwzmb,container_spec_cpu_period,100000.0
1744296045,kashef-k8s-w1.recommendation-6494d54897-gtmjd,container_spec_cpu_period,100000.0
1744296045,kashef-k8s-w1.memcached-reserve-bdcb467b4-xqh7s,container_spec_cpu_period,100000.0
1744296045,kashef-k8s-ctl.reservation-7799998946-5p2cf,container_spec_cpu_period,100000.0
1744296045,kashef-k8s-w1.consul-56f5cf4f78-5hs85,container_spec_cpu_period,100000.0
1744296045,kashef-k8s-w1.memcached-rate-bcc5c97f8-lck87,container_spec_cpu_period,100000.0
1744296048,kashef-k8s-w1.mongodb-user-6d96648ddc-rxzsw,container_spec_cpu_period,100000.0
1744296048,kashef-k8s-w1.memcached-rate-bcc5c97f8-lck87,container_spec_cpu_period,100000.0
1744296048,kashef-k8s-ctl.reservation-7799998946-5p2cf,container_spec_cpu_period,100000.0
1744296048,kashef-k8s-w1.consul-56f5cf4f78-5hs85,container_spec_cpu_period,100000.0
1744296048,kashef-k8s-w1.geo-bd9dfdb45-lwzmb,container_spec_cpu_period,100000.0
1744296048,kashef-k8s-w1.recommendation-6494d54897-gtmjd,container_spec_cpu_period,100000.0
1744296048,kashef-k8s-ctl.mongodb-profile-6bb85f4df7-zzcmp,container_spec_cpu_period,100000.0
1744296048,kashef-k8s-ctl.mongodb-reservation-7b474745f-9r8br,container_spec_cpu_period,100000.0
1744296048,kashef-k8s-ctl.user-698454f8c4-cfb58,container_spec_cpu_period,100000.0
1744296048,kashef-k8s-ctl.jaeger-5d885bcf88-txgt9,container_spec_cpu_period,100000.0
1744296048,kashef-k8s-w1.memcached-reserve-bdcb467b4-xqh7s,container_spec_cpu_period,100000.0
1744296048,kashef-k8s-w1.search-8677798cf5-srst6,container_spec_cpu_period,100000.0
1744296048,kashef-k8s-ctl.mongodb-rate-785b799bbc-q2nw6,container_spec_cpu_period,100000.0
1744296048,kashef-k8s-ctl.profile-6c9f4cc75f-pvpfq,container_spec_cpu_period,100000.0
1744296048,kashef-k8s-ctl.mongodb-recommendation-59d6b7ccf9-x7q72,container_spec_cpu_period,100000.0
1744296048,kashef-k8s-w1.memcached-profile-7d6fcb6b8-9ft2j,container_spec_cpu_period,100000.0
1744296048,kashef-k8s-ctl.frontend-7d9d864798-lbt5f,container_spec_cpu_period,100000.0
1744296048,kashef-k8s-w1.mongodb-geo-86b59b75f4-bsnk9,container_spec_cpu_period,100000.0
1744296048,kashef-k8s-ctl.rate-66d9d98f67-x7hpv,container_spec_cpu_period,100000.0
1744296051,kashef-k8s-w1.consul-56f5cf4f78-5hs85,container_spec_cpu_period,100000.0
1744296051,kashef-k8s-ctl.profile-6c9f4cc75f-pvpfq,container_spec_cpu_period,100000.0
1744296051,kashef-k8s-ctl.reservation-7799998946-5p2cf,container_spec_cpu_period,100000.0
1744296051,kashef-k8s-w1.memcached-profile-7d6fcb6b8-9ft2j,container_spec_cpu_period,100000.0
1744296051,kashef-k8s-ctl.mongodb-recommendation-59d6b7ccf9-x7q72,container_spec_cpu_period,100000.0
1744296051,kashef-k8s-ctl.mongodb-profile-6bb85f4df7-zzcmp,container_spec_cpu_period,100000.0
1744296051,kashef-k8s-w1.recommendation-6494d54897-gtmjd,container_spec_cpu_period,100000.0
1744296051,kashef-k8s-w1.mongodb-geo-86b59b75f4-bsnk9,container_spec_cpu_period,100000.0
1744296051,kashef-k8s-ctl.jaeger-5d885bcf88-txgt9,container_spec_cpu_period,100000.0
1744296051,kashef-k8s-w1.memcached-rate-bcc5c97f8-lck87,container_spec_cpu_period,100000.0
1744296051,kashef-k8s-w1.mongodb-user-6d96648ddc-rxzsw,container_spec_cpu_period,100000.0
1744296051,kashef-k8s-w1.geo-bd9dfdb45-lwzmb,container_spec_cpu_period,100000.0
1744296051,kashef-k8s-ctl.mongodb-rate-785b799bbc-q2nw6,container_spec_cpu_period,100000.0
1744296051,kashef-k8s-w1.memcached-reserve-bdcb467b4-xqh7s,container_spec_cpu_period,100000.0
1744296051,kashef-k8s-ctl.mongodb-reservation-7b474745f-9r8br,container_spec_cpu_period,100000.0
1744296051,kashef-k8s-w1.search-8677798cf5-srst6,container_spec_cpu_period,100000.0
1744296051,kashef-k8s-ctl.user-698454f8c4-cfb58,container_spec_cpu_period,100000.0
1744296051,kashef-k8s-ctl.frontend-7d9d864798-lbt5f,container_spec_cpu_period,100000.0
1744296051,kashef-k8s-ctl.rate-66d9d98f67-x7hpv,container_spec_cpu_period,100000.0
1744296054,kashef-k8s-w1.mongodb-user-6d96648ddc-rxzsw,container_spec_cpu_period,100000.0
1744296054,kashef-k8s-ctl.mongodb-profile-6bb85f4df7-zzcmp,container_spec_cpu_period,100000.0
1744296054,kashef-k8s-w1.consul-56f5cf4f78-5hs85,container_spec_cpu_period,100000.0
1744296054,kashef-k8s-ctl.mongodb-rate-785b799bbc-q2nw6,container_spec_cpu_period,100000.0
1744296054,kashef-k8s-w1.mongodb-geo-86b59b75f4-bsnk9,container_spec_cpu_period,100000.0
1744296054,kashef-k8s-ctl.mongodb-recommendation-59d6b7ccf9-x7q72,container_spec_cpu_period,100000.0
1744296054,kashef-k8s-ctl.profile-6c9f4cc75f-pvpfq,container_spec_cpu_period,100000.0
1744296054,kashef-k8s-w1.recommendation-6494d54897-gtmjd,container_spec_cpu_period,100000.0
1744296054,kashef-k8s-w1.search-8677798cf5-srst6,container_spec_cpu_period,100000.0
1744296054,kashef-k8s-w1.memcached-reserve-bdcb467b4-xqh7s,container_spec_cpu_period,100000.0
1744296054,kashef-k8s-ctl.jaeger-5d885bcf88-txgt9,container_spec_cpu_period,100000.0
1744296054,kashef-k8s-w1.memcached-profile-7d6fcb6b8-9ft2j,container_spec_cpu_period,100000.0
1744296054,kashef-k8s-ctl.reservation-7799998946-5p2cf,container_spec_cpu_period,100000.0
1744296054,kashef-k8s-ctl.mongodb-reservation-7b474745f-9r8br,container_spec_cpu_period,100000.0
1744296054,kashef-k8s-w1.geo-bd9dfdb45-lwzmb,container_spec_cpu_period,100000.0
1744296054,kashef-k8s-ctl.frontend-7d9d864798-lbt5f,container_spec_cpu_period,100000.0
1744296054,kashef-k8s-w1.memcached-rate-bcc5c97f8-lck87,container_spec_cpu_period,100000.0
1744296054,kashef-k8s-ctl.user-698454f8c4-cfb58,container_spec_cpu_period,100000.0
1744296054,kashef-k8s-ctl.rate-66d9d98f67-x7hpv,container_spec_cpu_period,100000.0
1744296057,kashef-k8s-w1.consul-56f5cf4f78-5hs85,container_spec_cpu_period,100000.0
1744296057,kashef-k8s-ctl.rate-66d9d98f67-x7hpv,container_spec_cpu_period,100000.0
1744296057,kashef-k8s-ctl.frontend-7d9d864798-lbt5f,container_spec_cpu_period,100000.0
1744296057,kashef-k8s-w1.memcached-reserve-bdcb467b4-xqh7s,container_spec_cpu_period,100000.0
1744296057,kashef-k8s-ctl.mongodb-reservation-7b474745f-9r8br,container_spec_cpu_period,100000.0
1744296057,kashef-k8s-ctl.jaeger-5d885bcf88-txgt9,container_spec_cpu_period,100000.0
1744296057,kashef-k8s-w1.recommendation-6494d54897-gtmjd,container_spec_cpu_period,100000.0
1744296057,kashef-k8s-w1.mongodb-user-6d96648ddc-rxzsw,container_spec_cpu_period,100000.0
1744296057,kashef-k8s-ctl.reservation-7799998946-5p2cf,container_spec_cpu_period,100000.0
1744296057,kashef-k8s-ctl.user-698454f8c4-cfb58,container_spec_cpu_period,100000.0
1744296057,kashef-k8s-w1.mongodb-geo-86b59b75f4-bsnk9,container_spec_cpu_period,100000.0
1744296057,kashef-k8s-w1.geo-bd9dfdb45-lwzmb,container_spec_cpu_period,100000.0
1744296057,kashef-k8s-w1.memcached-profile-7d6fcb6b8-9ft2j,container_spec_cpu_period,100000.0
1744296057,kashef-k8s-ctl.mongodb-rate-785b799bbc-q2nw6,container_spec_cpu_period,100000.0
1744296057,kashef-k8s-ctl.profile-6c9f4cc75f-pvpfq,container_spec_cpu_period,100000.0
1744296057,kashef-k8s-w1.search-8677798cf5-srst6,container_spec_cpu_period,100000.0
1744296057,kashef-k8s-ctl.mongodb-recommendation-59d6b7ccf9-x7q72,container_spec_cpu_period,100000.0
1744296057,kashef-k8s-w1.memcached-rate-bcc5c97f8-lck87,container_spec_cpu_period,100000.0
1744296057,kashef-k8s-ctl.mongodb-profile-6bb85f4df7-zzcmp,container_spec_cpu_period,100000.0
1744296060,kashef-k8s-ctl.mongodb-reservation-7b474745f-9r8br,container_spec_cpu_period,100000.0
1744296060,kashef-k8s-w1.consul-56f5cf4f78-5hs85,container_spec_cpu_period,100000.0
1744296060,kashef-k8s-w1.recommendation-6494d54897-gtmjd,container_spec_cpu_period,100000.0
1744296060,kashef-k8s-ctl.jaeger-5d885bcf88-txgt9,container_spec_cpu_period,100000.0
1744296060,kashef-k8s-w1.memcached-reserve-bdcb467b4-xqh7s,container_spec_cpu_period,100000.0
1744296060,kashef-k8s-w1.mongodb-user-6d96648ddc-rxzsw,container_spec_cpu_period,100000.0
1744296060,kashef-k8s-ctl.mongodb-profile-6bb85f4df7-zzcmp,container_spec_cpu_period,100000.0
1744296060,kashef-k8s-w1.search-8677798cf5-srst6,container_spec_cpu_period,100000.0
1744296060,kashef-k8s-ctl.mongodb-recommendation-59d6b7ccf9-x7q72,container_spec_cpu_period,100000.0
1744296060,kashef-k8s-ctl.mongodb-rate-785b799bbc-q2nw6,container_spec_cpu_period,100000.0
1744296060,kashef-k8s-w1.mongodb-geo-86b59b75f4-bsnk9,container_spec_cpu_period,100000.0
1744296060,kashef-k8s-ctl.rate-66d9d98f67-x7hpv,container_spec_cpu_period,100000.0
1744296060,kashef-k8s-w1.memcached-rate-bcc5c97f8-lck87,container_spec_cpu_period,100000.0
1744296060,kashef-k8s-w1.geo-bd9dfdb45-lwzmb,container_spec_cpu_period,100000.0
1744296060,kashef-k8s-ctl.reservation-7799998946-5p2cf,container_spec_cpu_period,100000.0
1744296060,kashef-k8s-ctl.user-698454f8c4-cfb58,container_spec_cpu_period,100000.0
1744296060,kashef-k8s-ctl.frontend-7d9d864798-lbt5f,container_spec_cpu_period,100000.0
1744296060,kashef-k8s-w1.memcached-profile-7d6fcb6b8-9ft2j,container_spec_cpu_period,100000.0
1744296060,kashef-k8s-ctl.profile-6c9f4cc75f-pvpfq,container_spec_cpu_period,100000.0
