timestamp,cmdb_id,kpi_name,value
1744295760,kashef-k8s-ctl.mongodb-profile-6bb85f4df7-zzcmp,container_memory_working_set_bytes,160935936.0
1744295760,kashef-k8s-ctl.reservation-7799998946-5p2cf,container_memory_working_set_bytes,5234688.0
1744295760,kashef-k8s-w1.geo-bd9dfdb45-lwzmb,container_memory_working_set_bytes,5292032.0
1744295760,kashef-k8s-w1.memcached-profile-7d6fcb6b8-9ft2j,container_memory_working_set_bytes,5185536.0
1744295760,kashef-k8s-ctl.frontend-7d9d864798-lbt5f,container_memory_working_set_bytes,6430720.0
1744295760,kashef-k8s-w1.mongodb-geo-86b59b75f4-bsnk9,container_memory_working_set_bytes,160698368.0
1744295760,kashef-k8s-w1.recommendation-6494d54897-gtmjd,container_memory_working_set_bytes,5824512.0
1744295760,kashef-k8s-w1.mongodb-user-6d96648ddc-rxzsw,container_memory_working_set_bytes,160354304.0
1744295760,kashef-k8s-w1.memcached-reserve-bdcb467b4-xqh7s,container_memory_working_set_bytes,3989504.0
1744295760,kashef-k8s-ctl.jaeger-5d885bcf88-txgt9,container_memory_working_set_bytes,11419648.0
1744295760,kashef-k8s-w1.memcached-rate-bcc5c97f8-lck87,container_memory_working_set_bytes,5382144.0
1744295760,kashef-k8s-ctl.profile-6c9f4cc75f-pvpfq,container_memory_working_set_bytes,6402048.0
1744295760,kashef-k8s-ctl.mongodb-recommendation-59d6b7ccf9-x7q72,container_memory_working_set_bytes,160501760.0
1744295760,kashef-k8s-ctl.mongodb-rate-785b799bbc-q2nw6,container_memory_working_set_bytes,162656256.0
1744295760,kashef-k8s-ctl.user-698454f8c4-cfb58,container_memory_working_set_bytes,6303744.0
1744295760,kashef-k8s-w1.search-8677798cf5-srst6,container_memory_working_set_bytes,7208960.0
1744295760,kashef-k8s-w1.consul-56f5cf4f78-5hs85,container_memory_working_set_bytes,0.0
1744295760,kashef-k8s-ctl.mongodb-reservation-7b474745f-9r8br,container_memory_working_set_bytes,160796672.0
1744295760,kashef-k8s-ctl.rate-66d9d98f67-x7hpv,container_memory_working_set_bytes,4530176.0
1744295763,kashef-k8s-ctl.frontend-7d9d864798-lbt5f,container_memory_working_set_bytes,6430720.0
1744295763,kashef-k8s-ctl.mongodb-profile-6bb85f4df7-zzcmp,container_memory_working_set_bytes,160935936.0
1744295763,kashef-k8s-w1.mongodb-geo-86b59b75f4-bsnk9,container_memory_working_set_bytes,160698368.0
1744295763,kashef-k8s-w1.mongodb-user-6d96648ddc-rxzsw,container_memory_working_set_bytes,160354304.0
1744295763,kashef-k8s-w1.memcached-profile-7d6fcb6b8-9ft2j,container_memory_working_set_bytes,5185536.0
1744295763,kashef-k8s-ctl.mongodb-recommendation-59d6b7ccf9-x7q72,container_memory_working_set_bytes,160501760.0
1744295763,kashef-k8s-ctl.user-698454f8c4-cfb58,container_memory_working_set_bytes,6303744.0
1744295763,kashef-k8s-w1.memcached-reserve-bdcb467b4-xqh7s,container_memory_working_set_bytes,3989504.0
1744295763,kashef-k8s-ctl.mongodb-rate-785b799bbc-q2nw6,container_memory_working_set_bytes,162656256.0
1744295763,kashef-k8s-ctl.reservation-7799998946-5p2cf,container_memory_working_set_bytes,5234688.0
1744295763,kashef-k8s-w1.recommendation-6494d54897-gtmjd,container_memory_working_set_bytes,5824512.0
1744295763,kashef-k8s-ctl.mongodb-reservation-7b474745f-9r8br,container_memory_working_set_bytes,160796672.0
1744295763,kashef-k8s-w1.search-8677798cf5-srst6,container_memory_working_set_bytes,7208960.0
1744295763,kashef-k8s-w1.memcached-rate-bcc5c97f8-lck87,container_memory_working_set_bytes,5382144.0
1744295763,kashef-k8s-ctl.profile-6c9f4cc75f-pvpfq,container_memory_working_set_bytes,6402048.0
1744295763,kashef-k8s-ctl.jaeger-5d885bcf88-txgt9,container_memory_working_set_bytes,11419648.0
1744295763,kashef-k8s-ctl.rate-66d9d98f67-x7hpv,container_memory_working_set_bytes,4530176.0
1744295763,kashef-k8s-w1.geo-bd9dfdb45-lwzmb,container_memory_working_set_bytes,5292032.0
1744295763,kashef-k8s-w1.consul-56f5cf4f78-5hs85,container_memory_working_set_bytes,30957568.0
1744295766,kashef-k8s-w1.geo-bd9dfdb45-lwzmb,container_memory_working_set_bytes,5292032.0
1744295766,kashef-k8s-w1.consul-56f5cf4f78-5hs85,container_memory_working_set_bytes,30957568.0
1744295766,kashef-k8s-ctl.rate-66d9d98f67-x7hpv,container_memory_working_set_bytes,4530176.0
1744295766,kashef-k8s-w1.search-8677798cf5-srst6,container_memory_working_set_bytes,7208960.0
1744295766,kashef-k8s-ctl.mongodb-recommendation-59d6b7ccf9-x7q72,container_memory_working_set_bytes,160501760.0
1744295766,kashef-k8s-ctl.profile-6c9f4cc75f-pvpfq,container_memory_working_set_bytes,6402048.0
1744295766,kashef-k8s-ctl.reservation-7799998946-5p2cf,container_memory_working_set_bytes,5234688.0
1744295766,kashef-k8s-ctl.jaeger-5d885bcf88-txgt9,container_memory_working_set_bytes,11419648.0
1744295766,kashef-k8s-ctl.frontend-7d9d864798-lbt5f,container_memory_working_set_bytes,6430720.0
1744295766,kashef-k8s-w1.mongodb-geo-86b59b75f4-bsnk9,container_memory_working_set_bytes,160698368.0
1744295766,kashef-k8s-w1.memcached-reserve-bdcb467b4-xqh7s,container_memory_working_set_bytes,3989504.0
1744295766,kashef-k8s-w1.mongodb-user-6d96648ddc-rxzsw,container_memory_working_set_bytes,160354304.0
1744295766,kashef-k8s-w1.memcached-profile-7d6fcb6b8-9ft2j,container_memory_working_set_bytes,5185536.0
1744295766,kashef-k8s-ctl.mongodb-rate-785b799bbc-q2nw6,container_memory_working_set_bytes,162656256.0
1744295766,kashef-k8s-ctl.user-698454f8c4-cfb58,container_memory_working_set_bytes,6426624.0
1744295766,kashef-k8s-w1.memcached-rate-bcc5c97f8-lck87,container_memory_working_set_bytes,5382144.0
1744295766,kashef-k8s-ctl.mongodb-profile-6bb85f4df7-zzcmp,container_memory_working_set_bytes,160935936.0
1744295766,kashef-k8s-ctl.mongodb-reservation-7b474745f-9r8br,container_memory_working_set_bytes,160796672.0
1744295766,kashef-k8s-w1.recommendation-6494d54897-gtmjd,container_memory_working_set_bytes,5824512.0
1744295769,kashef-k8s-w1.geo-bd9dfdb45-lwzmb,container_memory_working_set_bytes,5292032.0
1744295769,kashef-k8s-ctl.mongodb-recommendation-59d6b7ccf9-x7q72,container_memory_working_set_bytes,160501760.0
1744295769,kashef-k8s-ctl.profile-6c9f4cc75f-pvpfq,container_memory_working_set_bytes,6402048.0
1744295769,kashef-k8s-ctl.jaeger-5d885bcf88-txgt9,container_memory_working_set_bytes,11419648.0
1744295769,kashef-k8s-ctl.user-698454f8c4-cfb58,container_memory_working_set_bytes,6426624.0
1744295769,kashef-k8s-ctl.frontend-7d9d864798-lbt5f,container_memory_working_set_bytes,6430720.0
1744295769,kashef-k8s-w1.memcached-profile-7d6fcb6b8-9ft2j,container_memory_working_set_bytes,5185536.0
1744295769,kashef-k8s-w1.search-8677798cf5-srst6,container_memory_working_set_bytes,7208960.0
1744295769,kashef-k8s-ctl.mongodb-rate-785b799bbc-q2nw6,container_memory_working_set_bytes,162656256.0
1744295769,kashef-k8s-w1.consul-56f5cf4f78-5hs85,container_memory_working_set_bytes,30957568.0
1744295769,kashef-k8s-ctl.rate-66d9d98f67-x7hpv,container_memory_working_set_bytes,4530176.0
1744295769,kashef-k8s-ctl.mongodb-reservation-7b474745f-9r8br,container_memory_working_set_bytes,160796672.0
1744295769,kashef-k8s-w1.recommendation-6494d54897-gtmjd,container_memory_working_set_bytes,5824512.0
1744295769,kashef-k8s-w1.memcached-reserve-bdcb467b4-xqh7s,container_memory_working_set_bytes,3989504.0
1744295769,kashef-k8s-ctl.reservation-7799998946-5p2cf,container_memory_working_set_bytes,5234688.0
1744295769,kashef-k8s-w1.mongodb-user-6d96648ddc-rxzsw,container_memory_working_set_bytes,160354304.0
1744295769,kashef-k8s-w1.mongodb-geo-86b59b75f4-bsnk9,container_memory_working_set_bytes,160698368.0
1744295769,kashef-k8s-w1.memcached-rate-bcc5c97f8-lck87,container_memory_working_set_bytes,5382144.0
1744295769,kashef-k8s-ctl.mongodb-profile-6bb85f4df7-zzcmp,container_memory_working_set_bytes,160935936.0
1744295772,kashef-k8s-ctl.mongodb-profile-6bb85f4df7-zzcmp,container_memory_working_set_bytes,160935936.0
1744295772,kashef-k8s-w1.geo-bd9dfdb45-lwzmb,container_memory_working_set_bytes,5292032.0
1744295772,kashef-k8s-w1.memcached-reserve-bdcb467b4-xqh7s,container_memory_working_set_bytes,3989504.0
1744295772,kashef-k8s-w1.memcached-profile-7d6fcb6b8-9ft2j,container_memory_working_set_bytes,5185536.0
1744295772,kashef-k8s-w1.recommendation-6494d54897-gtmjd,container_memory_working_set_bytes,5824512.0
1744295772,kashef-k8s-ctl.frontend-7d9d864798-lbt5f,container_memory_working_set_bytes,6430720.0
1744295772,kashef-k8s-w1.search-8677798cf5-srst6,container_memory_working_set_bytes,7208960.0
1744295772,kashef-k8s-w1.memcached-rate-bcc5c97f8-lck87,container_memory_working_set_bytes,5382144.0
1744295772,kashef-k8s-ctl.jaeger-5d885bcf88-txgt9,container_memory_working_set_bytes,11419648.0
1744295772,kashef-k8s-ctl.user-698454f8c4-cfb58,container_memory_working_set_bytes,6426624.0
1744295772,kashef-k8s-w1.mongodb-user-6d96648ddc-rxzsw,container_memory_working_set_bytes,160354304.0
1744295772,kashef-k8s-ctl.reservation-7799998946-5p2cf,container_memory_working_set_bytes,5234688.0
1744295772,kashef-k8s-ctl.mongodb-recommendation-59d6b7ccf9-x7q72,container_memory_working_set_bytes,160501760.0
1744295772,kashef-k8s-ctl.profile-6c9f4cc75f-pvpfq,container_memory_working_set_bytes,6402048.0
1744295772,kashef-k8s-w1.mongodb-geo-86b59b75f4-bsnk9,container_memory_working_set_bytes,160698368.0
1744295772,kashef-k8s-ctl.mongodb-rate-785b799bbc-q2nw6,container_memory_working_set_bytes,162656256.0
1744295772,kashef-k8s-w1.consul-56f5cf4f78-5hs85,container_memory_working_set_bytes,30957568.0
1744295772,kashef-k8s-ctl.rate-66d9d98f67-x7hpv,container_memory_working_set_bytes,4530176.0
1744295772,kashef-k8s-ctl.mongodb-reservation-7b474745f-9r8br,container_memory_working_set_bytes,160796672.0
1744295775,kashef-k8s-ctl.rate-66d9d98f67-x7hpv,container_memory_working_set_bytes,4530176.0
1744295775,kashef-k8s-ctl.mongodb-reservation-7b474745f-9r8br,container_memory_working_set_bytes,160796672.0
1744295775,kashef-k8s-ctl.mongodb-profile-6bb85f4df7-zzcmp,container_memory_working_set_bytes,161120256.0
1744295775,kashef-k8s-w1.consul-56f5cf4f78-5hs85,container_memory_working_set_bytes,30957568.0
1744295775,kashef-k8s-ctl.reservation-7799998946-5p2cf,container_memory_working_set_bytes,7090176.0
1744295775,kashef-k8s-ctl.mongodb-rate-785b799bbc-q2nw6,container_memory_working_set_bytes,162656256.0
1744295775,kashef-k8s-ctl.mongodb-recommendation-59d6b7ccf9-x7q72,container_memory_working_set_bytes,160501760.0
1744295775,kashef-k8s-w1.mongodb-geo-86b59b75f4-bsnk9,container_memory_working_set_bytes,160698368.0
1744295775,kashef-k8s-ctl.profile-6c9f4cc75f-pvpfq,container_memory_working_set_bytes,8790016.0
1744295775,kashef-k8s-w1.memcached-reserve-bdcb467b4-xqh7s,container_memory_working_set_bytes,3989504.0
1744295775,kashef-k8s-w1.mongodb-user-6d96648ddc-rxzsw,container_memory_working_set_bytes,160354304.0
1744295775,kashef-k8s-ctl.jaeger-5d885bcf88-txgt9,container_memory_working_set_bytes,11419648.0
1744295775,kashef-k8s-w1.recommendation-6494d54897-gtmjd,container_memory_working_set_bytes,5824512.0
1744295775,kashef-k8s-w1.memcached-profile-7d6fcb6b8-9ft2j,container_memory_working_set_bytes,5185536.0
1744295775,kashef-k8s-ctl.frontend-7d9d864798-lbt5f,container_memory_working_set_bytes,9003008.0
1744295775,kashef-k8s-ctl.user-698454f8c4-cfb58,container_memory_working_set_bytes,6426624.0
1744295775,kashef-k8s-w1.memcached-rate-bcc5c97f8-lck87,container_memory_working_set_bytes,5382144.0
1744295775,kashef-k8s-w1.geo-bd9dfdb45-lwzmb,container_memory_working_set_bytes,5292032.0
1744295775,kashef-k8s-w1.search-8677798cf5-srst6,container_memory_working_set_bytes,7208960.0
1744295778,kashef-k8s-w1.mongodb-user-6d96648ddc-rxzsw,container_memory_working_set_bytes,160354304.0
1744295778,kashef-k8s-w1.search-8677798cf5-srst6,container_memory_working_set_bytes,7208960.0
1744295778,kashef-k8s-ctl.mongodb-profile-6bb85f4df7-zzcmp,container_memory_working_set_bytes,161120256.0
1744295778,kashef-k8s-w1.memcached-profile-7d6fcb6b8-9ft2j,container_memory_working_set_bytes,5185536.0
1744295778,kashef-k8s-w1.recommendation-6494d54897-gtmjd,container_memory_working_set_bytes,5824512.0
1744295778,kashef-k8s-ctl.profile-6c9f4cc75f-pvpfq,container_memory_working_set_bytes,8790016.0
1744295778,kashef-k8s-w1.memcached-reserve-bdcb467b4-xqh7s,container_memory_working_set_bytes,3989504.0
1744295778,kashef-k8s-ctl.mongodb-recommendation-59d6b7ccf9-x7q72,container_memory_working_set_bytes,160514048.0
1744295778,kashef-k8s-w1.mongodb-geo-86b59b75f4-bsnk9,container_memory_working_set_bytes,160698368.0
1744295778,kashef-k8s-ctl.mongodb-rate-785b799bbc-q2nw6,container_memory_working_set_bytes,162656256.0
1744295778,kashef-k8s-w1.consul-56f5cf4f78-5hs85,container_memory_working_set_bytes,30957568.0
1744295778,kashef-k8s-w1.memcached-rate-bcc5c97f8-lck87,container_memory_working_set_bytes,5382144.0
1744295778,kashef-k8s-ctl.rate-66d9d98f67-x7hpv,container_memory_working_set_bytes,4530176.0
1744295778,kashef-k8s-ctl.reservation-7799998946-5p2cf,container_memory_working_set_bytes,7090176.0
1744295778,kashef-k8s-ctl.frontend-7d9d864798-lbt5f,container_memory_working_set_bytes,9003008.0
1744295778,kashef-k8s-ctl.mongodb-reservation-7b474745f-9r8br,container_memory_working_set_bytes,160796672.0
1744295778,kashef-k8s-w1.geo-bd9dfdb45-lwzmb,container_memory_working_set_bytes,5292032.0
1744295778,kashef-k8s-ctl.user-698454f8c4-cfb58,container_memory_working_set_bytes,6426624.0
1744295778,kashef-k8s-ctl.jaeger-5d885bcf88-txgt9,container_memory_working_set_bytes,11419648.0
1744295781,kashef-k8s-w1.memcached-reserve-bdcb467b4-xqh7s,container_memory_working_set_bytes,3989504.0
1744295781,kashef-k8s-w1.mongodb-user-6d96648ddc-rxzsw,container_memory_working_set_bytes,160354304.0
1744295781,kashef-k8s-ctl.mongodb-profile-6bb85f4df7-zzcmp,container_memory_working_set_bytes,161120256.0
1744295781,kashef-k8s-w1.recommendation-6494d54897-gtmjd,container_memory_working_set_bytes,5824512.0
1744295781,kashef-k8s-w1.search-8677798cf5-srst6,container_memory_working_set_bytes,9101312.0
1744295781,kashef-k8s-ctl.mongodb-recommendation-59d6b7ccf9-x7q72,container_memory_working_set_bytes,160514048.0
1744295781,kashef-k8s-w1.mongodb-geo-86b59b75f4-bsnk9,container_memory_working_set_bytes,160698368.0
1744295781,kashef-k8s-w1.memcached-rate-bcc5c97f8-lck87,container_memory_working_set_bytes,5382144.0
1744295781,kashef-k8s-w1.consul-56f5cf4f78-5hs85,container_memory_working_set_bytes,30957568.0
1744295781,kashef-k8s-ctl.mongodb-rate-785b799bbc-q2nw6,container_memory_working_set_bytes,162656256.0
1744295781,kashef-k8s-w1.memcached-profile-7d6fcb6b8-9ft2j,container_memory_working_set_bytes,5185536.0
1744295781,kashef-k8s-ctl.rate-66d9d98f67-x7hpv,container_memory_working_set_bytes,7835648.0
1744295781,kashef-k8s-ctl.frontend-7d9d864798-lbt5f,container_memory_working_set_bytes,9003008.0
1744295781,kashef-k8s-ctl.profile-6c9f4cc75f-pvpfq,container_memory_working_set_bytes,8790016.0
1744295781,kashef-k8s-ctl.user-698454f8c4-cfb58,container_memory_working_set_bytes,6426624.0
1744295781,kashef-k8s-ctl.jaeger-5d885bcf88-txgt9,container_memory_working_set_bytes,17780736.0
1744295781,kashef-k8s-w1.geo-bd9dfdb45-lwzmb,container_memory_working_set_bytes,5292032.0
1744295781,kashef-k8s-ctl.reservation-7799998946-5p2cf,container_memory_working_set_bytes,7090176.0
1744295781,kashef-k8s-ctl.mongodb-reservation-7b474745f-9r8br,container_memory_working_set_bytes,160874496.0
1744295784,kashef-k8s-w1.memcached-rate-bcc5c97f8-lck87,container_memory_working_set_bytes,5165056.0
1744295784,kashef-k8s-w1.memcached-profile-7d6fcb6b8-9ft2j,container_memory_working_set_bytes,5185536.0
1744295784,kashef-k8s-ctl.frontend-7d9d864798-lbt5f,container_memory_working_set_bytes,9003008.0
1744295784,kashef-k8s-ctl.reservation-7799998946-5p2cf,container_memory_working_set_bytes,7090176.0
1744295784,kashef-k8s-w1.memcached-reserve-bdcb467b4-xqh7s,container_memory_working_set_bytes,3989504.0
1744295784,kashef-k8s-w1.geo-bd9dfdb45-lwzmb,container_memory_working_set_bytes,6676480.0
1744295784,kashef-k8s-w1.mongodb-user-6d96648ddc-rxzsw,container_memory_working_set_bytes,160354304.0
1744295784,kashef-k8s-ctl.mongodb-rate-785b799bbc-q2nw6,container_memory_working_set_bytes,163573760.0
1744295784,kashef-k8s-ctl.jaeger-5d885bcf88-txgt9,container_memory_working_set_bytes,17780736.0
1744295784,kashef-k8s-w1.mongodb-geo-86b59b75f4-bsnk9,container_memory_working_set_bytes,160698368.0
1744295784,kashef-k8s-ctl.mongodb-recommendation-59d6b7ccf9-x7q72,container_memory_working_set_bytes,160514048.0
1744295784,kashef-k8s-ctl.user-698454f8c4-cfb58,container_memory_working_set_bytes,6426624.0
1744295784,kashef-k8s-w1.recommendation-6494d54897-gtmjd,container_memory_working_set_bytes,6606848.0
1744295784,kashef-k8s-ctl.profile-6c9f4cc75f-pvpfq,container_memory_working_set_bytes,8790016.0
1744295784,kashef-k8s-w1.search-8677798cf5-srst6,container_memory_working_set_bytes,9101312.0
1744295784,kashef-k8s-w1.consul-56f5cf4f78-5hs85,container_memory_working_set_bytes,30957568.0
1744295784,kashef-k8s-ctl.rate-66d9d98f67-x7hpv,container_memory_working_set_bytes,7835648.0
1744295784,kashef-k8s-ctl.mongodb-reservation-7b474745f-9r8br,container_memory_working_set_bytes,160874496.0
1744295784,kashef-k8s-ctl.mongodb-profile-6bb85f4df7-zzcmp,container_memory_working_set_bytes,161120256.0
1744295787,kashef-k8s-ctl.mongodb-reservation-7b474745f-9r8br,container_memory_working_set_bytes,160874496.0
1744295787,kashef-k8s-ctl.mongodb-profile-6bb85f4df7-zzcmp,container_memory_working_set_bytes,161120256.0
1744295787,kashef-k8s-ctl.profile-6c9f4cc75f-pvpfq,container_memory_working_set_bytes,8790016.0
1744295787,kashef-k8s-ctl.rate-66d9d98f67-x7hpv,container_memory_working_set_bytes,7835648.0
1744295787,kashef-k8s-w1.search-8677798cf5-srst6,container_memory_working_set_bytes,9101312.0
1744295787,kashef-k8s-w1.recommendation-6494d54897-gtmjd,container_memory_working_set_bytes,6606848.0
1744295787,kashef-k8s-ctl.user-698454f8c4-cfb58,container_memory_working_set_bytes,6426624.0
1744295787,kashef-k8s-ctl.frontend-7d9d864798-lbt5f,container_memory_working_set_bytes,9003008.0
1744295787,kashef-k8s-ctl.jaeger-5d885bcf88-txgt9,container_memory_working_set_bytes,17780736.0
1744295787,kashef-k8s-w1.mongodb-geo-86b59b75f4-bsnk9,container_memory_working_set_bytes,160702464.0
1744295787,kashef-k8s-ctl.mongodb-rate-785b799bbc-q2nw6,container_memory_working_set_bytes,163573760.0
1744295787,kashef-k8s-ctl.mongodb-recommendation-59d6b7ccf9-x7q72,container_memory_working_set_bytes,160514048.0
1744295787,kashef-k8s-w1.mongodb-user-6d96648ddc-rxzsw,container_memory_working_set_bytes,160354304.0
1744295787,kashef-k8s-w1.memcached-reserve-bdcb467b4-xqh7s,container_memory_working_set_bytes,3989504.0
1744295787,kashef-k8s-ctl.reservation-7799998946-5p2cf,container_memory_working_set_bytes,7090176.0
1744295787,kashef-k8s-w1.geo-bd9dfdb45-lwzmb,container_memory_working_set_bytes,6676480.0
1744295787,kashef-k8s-w1.memcached-rate-bcc5c97f8-lck87,container_memory_working_set_bytes,5165056.0
1744295787,kashef-k8s-w1.memcached-profile-7d6fcb6b8-9ft2j,container_memory_working_set_bytes,5185536.0
1744295787,kashef-k8s-w1.consul-56f5cf4f78-5hs85,container_memory_working_set_bytes,30957568.0
1744295790,kashef-k8s-w1.mongodb-user-6d96648ddc-rxzsw,container_memory_working_set_bytes,160354304.0
1744295790,kashef-k8s-ctl.rate-66d9d98f67-x7hpv,container_memory_working_set_bytes,7835648.0
1744295790,kashef-k8s-w1.search-8677798cf5-srst6,container_memory_working_set_bytes,9101312.0
1744295790,kashef-k8s-ctl.reservation-7799998946-5p2cf,container_memory_working_set_bytes,7090176.0
1744295790,kashef-k8s-w1.memcached-reserve-bdcb467b4-xqh7s,container_memory_working_set_bytes,3989504.0
1744295790,kashef-k8s-ctl.mongodb-rate-785b799bbc-q2nw6,container_memory_working_set_bytes,163573760.0
1744295790,kashef-k8s-ctl.jaeger-5d885bcf88-txgt9,container_memory_working_set_bytes,17780736.0
1744295790,kashef-k8s-ctl.frontend-7d9d864798-lbt5f,container_memory_working_set_bytes,9003008.0
1744295790,kashef-k8s-ctl.user-698454f8c4-cfb58,container_memory_working_set_bytes,6426624.0
1744295790,kashef-k8s-w1.recommendation-6494d54897-gtmjd,container_memory_working_set_bytes,6606848.0
1744295790,kashef-k8s-w1.memcached-rate-bcc5c97f8-lck87,container_memory_working_set_bytes,5165056.0
1744295790,kashef-k8s-ctl.mongodb-reservation-7b474745f-9r8br,container_memory_working_set_bytes,160874496.0
1744295790,kashef-k8s-w1.geo-bd9dfdb45-lwzmb,container_memory_working_set_bytes,6676480.0
1744295790,kashef-k8s-ctl.mongodb-profile-6bb85f4df7-zzcmp,container_memory_working_set_bytes,161120256.0
1744295790,kashef-k8s-ctl.mongodb-recommendation-59d6b7ccf9-x7q72,container_memory_working_set_bytes,160514048.0
1744295790,kashef-k8s-w1.memcached-profile-7d6fcb6b8-9ft2j,container_memory_working_set_bytes,5185536.0
1744295790,kashef-k8s-w1.consul-56f5cf4f78-5hs85,container_memory_working_set_bytes,30957568.0
1744295790,kashef-k8s-w1.mongodb-geo-86b59b75f4-bsnk9,container_memory_working_set_bytes,160702464.0
1744295790,kashef-k8s-ctl.profile-6c9f4cc75f-pvpfq,container_memory_working_set_bytes,8790016.0
1744295793,kashef-k8s-ctl.user-698454f8c4-cfb58,container_memory_working_set_bytes,6426624.0
1744295793,kashef-k8s-ctl.jaeger-5d885bcf88-txgt9,container_memory_working_set_bytes,17780736.0
1744295793,kashef-k8s-w1.geo-bd9dfdb45-lwzmb,container_memory_working_set_bytes,6676480.0
1744295793,kashef-k8s-ctl.rate-66d9d98f67-x7hpv,container_memory_working_set_bytes,7835648.0
1744295793,kashef-k8s-w1.search-8677798cf5-srst6,container_memory_working_set_bytes,9101312.0
1744295793,kashef-k8s-ctl.frontend-7d9d864798-lbt5f,container_memory_working_set_bytes,9003008.0
1744295793,kashef-k8s-w1.consul-56f5cf4f78-5hs85,container_memory_working_set_bytes,31313920.0
1744295793,kashef-k8s-ctl.mongodb-reservation-7b474745f-9r8br,container_memory_working_set_bytes,160874496.0
1744295793,kashef-k8s-w1.memcached-rate-bcc5c97f8-lck87,container_memory_working_set_bytes,5165056.0
1744295793,kashef-k8s-ctl.mongodb-rate-785b799bbc-q2nw6,container_memory_working_set_bytes,163573760.0
1744295793,kashef-k8s-w1.memcached-reserve-bdcb467b4-xqh7s,container_memory_working_set_bytes,3866624.0
1744295793,kashef-k8s-w1.mongodb-user-6d96648ddc-rxzsw,container_memory_working_set_bytes,160661504.0
1744295793,kashef-k8s-ctl.reservation-7799998946-5p2cf,container_memory_working_set_bytes,7090176.0
1744295793,kashef-k8s-ctl.profile-6c9f4cc75f-pvpfq,container_memory_working_set_bytes,8790016.0
1744295793,kashef-k8s-w1.mongodb-geo-86b59b75f4-bsnk9,container_memory_working_set_bytes,160702464.0
1744295793,kashef-k8s-ctl.mongodb-recommendation-59d6b7ccf9-x7q72,container_memory_working_set_bytes,160514048.0
1744295793,kashef-k8s-w1.recommendation-6494d54897-gtmjd,container_memory_working_set_bytes,6606848.0
1744295793,kashef-k8s-w1.memcached-profile-7d6fcb6b8-9ft2j,container_memory_working_set_bytes,5095424.0
1744295793,kashef-k8s-ctl.mongodb-profile-6bb85f4df7-zzcmp,container_memory_working_set_bytes,161120256.0
1744295796,kashef-k8s-ctl.rate-66d9d98f67-x7hpv,container_memory_working_set_bytes,7835648.0
1744295796,kashef-k8s-w1.consul-56f5cf4f78-5hs85,container_memory_working_set_bytes,31313920.0
1744295796,kashef-k8s-w1.memcached-reserve-bdcb467b4-xqh7s,container_memory_working_set_bytes,3866624.0
1744295796,kashef-k8s-ctl.mongodb-profile-6bb85f4df7-zzcmp,container_memory_working_set_bytes,161120256.0
1744295796,kashef-k8s-w1.mongodb-user-6d96648ddc-rxzsw,container_memory_working_set_bytes,160661504.0
1744295796,kashef-k8s-w1.recommendation-6494d54897-gtmjd,container_memory_working_set_bytes,6606848.0
1744295796,kashef-k8s-ctl.reservation-7799998946-5p2cf,container_memory_working_set_bytes,7090176.0
1744295796,kashef-k8s-ctl.profile-6c9f4cc75f-pvpfq,container_memory_working_set_bytes,8790016.0
1744295796,kashef-k8s-ctl.frontend-7d9d864798-lbt5f,container_memory_working_set_bytes,9003008.0
1744295796,kashef-k8s-w1.mongodb-geo-86b59b75f4-bsnk9,container_memory_working_set_bytes,160702464.0
1744295796,kashef-k8s-ctl.mongodb-recommendation-59d6b7ccf9-x7q72,container_memory_working_set_bytes,160514048.0
1744295796,kashef-k8s-w1.memcached-profile-7d6fcb6b8-9ft2j,container_memory_working_set_bytes,5095424.0
1744295796,kashef-k8s-w1.search-8677798cf5-srst6,container_memory_working_set_bytes,9101312.0
1744295796,kashef-k8s-ctl.user-698454f8c4-cfb58,container_memory_working_set_bytes,6426624.0
1744295796,kashef-k8s-ctl.mongodb-rate-785b799bbc-q2nw6,container_memory_working_set_bytes,163573760.0
1744295796,kashef-k8s-ctl.jaeger-5d885bcf88-txgt9,container_memory_working_set_bytes,17780736.0
1744295796,kashef-k8s-ctl.mongodb-reservation-7b474745f-9r8br,container_memory_working_set_bytes,160874496.0
1744295796,kashef-k8s-w1.geo-bd9dfdb45-lwzmb,container_memory_working_set_bytes,6676480.0
1744295796,kashef-k8s-w1.memcached-rate-bcc5c97f8-lck87,container_memory_working_set_bytes,5165056.0
1744295799,kashef-k8s-ctl.frontend-7d9d864798-lbt5f,container_memory_working_set_bytes,9003008.0
1744295799,kashef-k8s-w1.memcached-rate-bcc5c97f8-lck87,container_memory_working_set_bytes,5165056.0
1744295799,kashef-k8s-w1.recommendation-6494d54897-gtmjd,container_memory_working_set_bytes,6606848.0
1744295799,kashef-k8s-ctl.reservation-7799998946-5p2cf,container_memory_working_set_bytes,7090176.0
1744295799,kashef-k8s-ctl.profile-6c9f4cc75f-pvpfq,container_memory_working_set_bytes,8790016.0
1744295799,kashef-k8s-ctl.jaeger-5d885bcf88-txgt9,container_memory_working_set_bytes,17780736.0
1744295799,kashef-k8s-w1.memcached-profile-7d6fcb6b8-9ft2j,container_memory_working_set_bytes,5095424.0
1744295799,kashef-k8s-ctl.mongodb-recommendation-59d6b7ccf9-x7q72,container_memory_working_set_bytes,160514048.0
1744295799,kashef-k8s-w1.mongodb-geo-86b59b75f4-bsnk9,container_memory_working_set_bytes,160702464.0
1744295799,kashef-k8s-w1.mongodb-user-6d96648ddc-rxzsw,container_memory_working_set_bytes,160661504.0
1744295799,kashef-k8s-ctl.mongodb-profile-6bb85f4df7-zzcmp,container_memory_working_set_bytes,161120256.0
1744295799,kashef-k8s-w1.memcached-reserve-bdcb467b4-xqh7s,container_memory_working_set_bytes,3866624.0
1744295799,kashef-k8s-ctl.rate-66d9d98f67-x7hpv,container_memory_working_set_bytes,7835648.0
1744295799,kashef-k8s-ctl.mongodb-rate-785b799bbc-q2nw6,container_memory_working_set_bytes,163573760.0
1744295799,kashef-k8s-w1.search-8677798cf5-srst6,container_memory_working_set_bytes,9101312.0
1744295799,kashef-k8s-ctl.mongodb-reservation-7b474745f-9r8br,container_memory_working_set_bytes,160874496.0
1744295799,kashef-k8s-w1.geo-bd9dfdb45-lwzmb,container_memory_working_set_bytes,6676480.0
1744295799,kashef-k8s-w1.consul-56f5cf4f78-5hs85,container_memory_working_set_bytes,31313920.0
1744295799,kashef-k8s-ctl.user-698454f8c4-cfb58,container_memory_working_set_bytes,6426624.0
1744295802,kashef-k8s-w1.memcached-rate-bcc5c97f8-lck87,container_memory_working_set_bytes,5165056.0
1744295802,kashef-k8s-w1.recommendation-6494d54897-gtmjd,container_memory_working_set_bytes,6606848.0
1744295802,kashef-k8s-w1.memcached-profile-7d6fcb6b8-9ft2j,container_memory_working_set_bytes,5095424.0
1744295802,kashef-k8s-w1.mongodb-user-6d96648ddc-rxzsw,container_memory_working_set_bytes,160661504.0
1744295802,kashef-k8s-ctl.profile-6c9f4cc75f-pvpfq,container_memory_working_set_bytes,8790016.0
1744295802,kashef-k8s-ctl.reservation-7799998946-5p2cf,container_memory_working_set_bytes,7090176.0
1744295802,kashef-k8s-w1.memcached-reserve-bdcb467b4-xqh7s,container_memory_working_set_bytes,3866624.0
1744295802,kashef-k8s-ctl.mongodb-profile-6bb85f4df7-zzcmp,container_memory_working_set_bytes,161120256.0
1744295802,kashef-k8s-ctl.frontend-7d9d864798-lbt5f,container_memory_working_set_bytes,9003008.0
1744295802,kashef-k8s-ctl.rate-66d9d98f67-x7hpv,container_memory_working_set_bytes,8298496.0
1744295802,kashef-k8s-ctl.user-698454f8c4-cfb58,container_memory_working_set_bytes,6492160.0
1744295802,kashef-k8s-w1.mongodb-geo-86b59b75f4-bsnk9,container_memory_working_set_bytes,160702464.0
1744295802,kashef-k8s-ctl.mongodb-rate-785b799bbc-q2nw6,container_memory_working_set_bytes,163573760.0
1744295802,kashef-k8s-w1.search-8677798cf5-srst6,container_memory_working_set_bytes,9101312.0
1744295802,kashef-k8s-ctl.mongodb-recommendation-59d6b7ccf9-x7q72,container_memory_working_set_bytes,160514048.0
1744295802,kashef-k8s-ctl.jaeger-5d885bcf88-txgt9,container_memory_working_set_bytes,17780736.0
1744295802,kashef-k8s-w1.consul-56f5cf4f78-5hs85,container_memory_working_set_bytes,31313920.0
1744295802,kashef-k8s-w1.geo-bd9dfdb45-lwzmb,container_memory_working_set_bytes,6676480.0
1744295802,kashef-k8s-ctl.mongodb-reservation-7b474745f-9r8br,container_memory_working_set_bytes,161243136.0
1744295805,kashef-k8s-ctl.mongodb-reservation-7b474745f-9r8br,container_memory_working_set_bytes,161243136.0
1744295805,kashef-k8s-w1.consul-56f5cf4f78-5hs85,container_memory_working_set_bytes,31313920.0
1744295805,kashef-k8s-w1.memcached-rate-bcc5c97f8-lck87,container_memory_working_set_bytes,5165056.0
1744295805,kashef-k8s-ctl.user-698454f8c4-cfb58,container_memory_working_set_bytes,6492160.0
1744295805,kashef-k8s-ctl.jaeger-5d885bcf88-txgt9,container_memory_working_set_bytes,21438464.0
1744295805,kashef-k8s-ctl.rate-66d9d98f67-x7hpv,container_memory_working_set_bytes,8298496.0
1744295805,kashef-k8s-w1.search-8677798cf5-srst6,container_memory_working_set_bytes,9101312.0
1744295805,kashef-k8s-w1.mongodb-geo-86b59b75f4-bsnk9,container_memory_working_set_bytes,160702464.0
1744295805,kashef-k8s-ctl.mongodb-rate-785b799bbc-q2nw6,container_memory_working_set_bytes,163573760.0
1744295805,kashef-k8s-ctl.profile-6c9f4cc75f-pvpfq,container_memory_working_set_bytes,9269248.0
1744295805,kashef-k8s-w1.mongodb-user-6d96648ddc-rxzsw,container_memory_working_set_bytes,160661504.0
1744295805,kashef-k8s-w1.memcached-profile-7d6fcb6b8-9ft2j,container_memory_working_set_bytes,5095424.0
1744295805,kashef-k8s-w1.recommendation-6494d54897-gtmjd,container_memory_working_set_bytes,6606848.0
1744295805,kashef-k8s-ctl.reservation-7799998946-5p2cf,container_memory_working_set_bytes,8228864.0
1744295805,kashef-k8s-ctl.frontend-7d9d864798-lbt5f,container_memory_working_set_bytes,9003008.0
1744295805,kashef-k8s-ctl.mongodb-recommendation-59d6b7ccf9-x7q72,container_memory_working_set_bytes,160727040.0
1744295805,kashef-k8s-ctl.mongodb-profile-6bb85f4df7-zzcmp,container_memory_working_set_bytes,161120256.0
1744295805,kashef-k8s-w1.memcached-reserve-bdcb467b4-xqh7s,container_memory_working_set_bytes,3866624.0
1744295805,kashef-k8s-w1.geo-bd9dfdb45-lwzmb,container_memory_working_set_bytes,6676480.0
1744295808,kashef-k8s-ctl.rate-66d9d98f67-x7hpv,container_memory_working_set_bytes,8298496.0
1744295808,kashef-k8s-w1.memcached-profile-7d6fcb6b8-9ft2j,container_memory_working_set_bytes,5095424.0
1744295808,kashef-k8s-ctl.user-698454f8c4-cfb58,container_memory_working_set_bytes,6492160.0
1744295808,kashef-k8s-w1.memcached-reserve-bdcb467b4-xqh7s,container_memory_working_set_bytes,3940352.0
1744295808,kashef-k8s-w1.mongodb-geo-86b59b75f4-bsnk9,container_memory_working_set_bytes,160702464.0
1744295808,kashef-k8s-ctl.frontend-7d9d864798-lbt5f,container_memory_working_set_bytes,8966144.0
1744295808,kashef-k8s-ctl.jaeger-5d885bcf88-txgt9,container_memory_working_set_bytes,21438464.0
1744295808,kashef-k8s-w1.search-8677798cf5-srst6,container_memory_working_set_bytes,9101312.0
1744295808,kashef-k8s-ctl.mongodb-rate-785b799bbc-q2nw6,container_memory_working_set_bytes,163573760.0
1744295808,kashef-k8s-w1.geo-bd9dfdb45-lwzmb,container_memory_working_set_bytes,6676480.0
1744295808,kashef-k8s-ctl.mongodb-reservation-7b474745f-9r8br,container_memory_working_set_bytes,161243136.0
1744295808,kashef-k8s-w1.memcached-rate-bcc5c97f8-lck87,container_memory_working_set_bytes,5165056.0
1744295808,kashef-k8s-w1.consul-56f5cf4f78-5hs85,container_memory_working_set_bytes,31313920.0
1744295808,kashef-k8s-ctl.reservation-7799998946-5p2cf,container_memory_working_set_bytes,8228864.0
1744295808,kashef-k8s-w1.recommendation-6494d54897-gtmjd,container_memory_working_set_bytes,6606848.0
1744295808,kashef-k8s-w1.mongodb-user-6d96648ddc-rxzsw,container_memory_working_set_bytes,160661504.0
1744295808,kashef-k8s-ctl.mongodb-recommendation-59d6b7ccf9-x7q72,container_memory_working_set_bytes,160727040.0
1744295808,kashef-k8s-ctl.mongodb-profile-6bb85f4df7-zzcmp,container_memory_working_set_bytes,161120256.0
1744295808,kashef-k8s-ctl.profile-6c9f4cc75f-pvpfq,container_memory_working_set_bytes,9269248.0
1744295811,kashef-k8s-ctl.mongodb-rate-785b799bbc-q2nw6,container_memory_working_set_bytes,163647488.0
1744295811,kashef-k8s-w1.recommendation-6494d54897-gtmjd,container_memory_working_set_bytes,6606848.0
1744295811,kashef-k8s-ctl.mongodb-reservation-7b474745f-9r8br,container_memory_working_set_bytes,161243136.0
1744295811,kashef-k8s-w1.memcached-rate-bcc5c97f8-lck87,container_memory_working_set_bytes,5165056.0
1744295811,kashef-k8s-w1.search-8677798cf5-srst6,container_memory_working_set_bytes,9101312.0
1744295811,kashef-k8s-w1.consul-56f5cf4f78-5hs85,container_memory_working_set_bytes,31313920.0
1744295811,kashef-k8s-ctl.jaeger-5d885bcf88-txgt9,container_memory_working_set_bytes,21438464.0
1744295811,kashef-k8s-w1.mongodb-geo-86b59b75f4-bsnk9,container_memory_working_set_bytes,160702464.0
1744295811,kashef-k8s-w1.memcached-reserve-bdcb467b4-xqh7s,container_memory_working_set_bytes,3940352.0
1744295811,kashef-k8s-w1.geo-bd9dfdb45-lwzmb,container_memory_working_set_bytes,6676480.0
1744295811,kashef-k8s-ctl.rate-66d9d98f67-x7hpv,container_memory_working_set_bytes,8298496.0
1744295811,kashef-k8s-ctl.mongodb-recommendation-59d6b7ccf9-x7q72,container_memory_working_set_bytes,160727040.0
1744295811,kashef-k8s-ctl.frontend-7d9d864798-lbt5f,container_memory_working_set_bytes,8966144.0
1744295811,kashef-k8s-ctl.user-698454f8c4-cfb58,container_memory_working_set_bytes,6492160.0
1744295811,kashef-k8s-w1.mongodb-user-6d96648ddc-rxzsw,container_memory_working_set_bytes,160661504.0
1744295811,kashef-k8s-ctl.profile-6c9f4cc75f-pvpfq,container_memory_working_set_bytes,9269248.0
1744295811,kashef-k8s-ctl.mongodb-profile-6bb85f4df7-zzcmp,container_memory_working_set_bytes,161562624.0
1744295811,kashef-k8s-w1.memcached-profile-7d6fcb6b8-9ft2j,container_memory_working_set_bytes,5095424.0
1744295811,kashef-k8s-ctl.reservation-7799998946-5p2cf,container_memory_working_set_bytes,8228864.0
1744295814,kashef-k8s-w1.consul-56f5cf4f78-5hs85,container_memory_working_set_bytes,31313920.0
1744295814,kashef-k8s-w1.geo-bd9dfdb45-lwzmb,container_memory_working_set_bytes,7929856.0
1744295814,kashef-k8s-w1.mongodb-geo-86b59b75f4-bsnk9,container_memory_working_set_bytes,160702464.0
1744295814,kashef-k8s-ctl.profile-6c9f4cc75f-pvpfq,container_memory_working_set_bytes,9269248.0
1744295814,kashef-k8s-w1.mongodb-user-6d96648ddc-rxzsw,container_memory_working_set_bytes,160661504.0
1744295814,kashef-k8s-w1.recommendation-6494d54897-gtmjd,container_memory_working_set_bytes,6606848.0
1744295814,kashef-k8s-ctl.mongodb-recommendation-59d6b7ccf9-x7q72,container_memory_working_set_bytes,160727040.0
1744295814,kashef-k8s-ctl.user-698454f8c4-cfb58,container_memory_working_set_bytes,6492160.0
1744295814,kashef-k8s-ctl.reservation-7799998946-5p2cf,container_memory_working_set_bytes,8228864.0
1744295814,kashef-k8s-w1.search-8677798cf5-srst6,container_memory_working_set_bytes,9101312.0
1744295814,kashef-k8s-w1.memcached-profile-7d6fcb6b8-9ft2j,container_memory_working_set_bytes,5095424.0
1744295814,kashef-k8s-ctl.jaeger-5d885bcf88-txgt9,container_memory_working_set_bytes,21438464.0
1744295814,kashef-k8s-ctl.mongodb-profile-6bb85f4df7-zzcmp,container_memory_working_set_bytes,161562624.0
1744295814,kashef-k8s-w1.memcached-reserve-bdcb467b4-xqh7s,container_memory_working_set_bytes,3940352.0
1744295814,kashef-k8s-ctl.rate-66d9d98f67-x7hpv,container_memory_working_set_bytes,8298496.0
1744295814,kashef-k8s-ctl.frontend-7d9d864798-lbt5f,container_memory_working_set_bytes,8966144.0
1744295814,kashef-k8s-ctl.mongodb-rate-785b799bbc-q2nw6,container_memory_working_set_bytes,163647488.0
1744295814,kashef-k8s-ctl.mongodb-reservation-7b474745f-9r8br,container_memory_working_set_bytes,161243136.0
1744295814,kashef-k8s-w1.memcached-rate-bcc5c97f8-lck87,container_memory_working_set_bytes,5165056.0
1744295817,kashef-k8s-w1.search-8677798cf5-srst6,container_memory_working_set_bytes,8986624.0
1744295817,kashef-k8s-ctl.reservation-7799998946-5p2cf,container_memory_working_set_bytes,8228864.0
1744295817,kashef-k8s-ctl.user-698454f8c4-cfb58,container_memory_working_set_bytes,6492160.0
1744295817,kashef-k8s-w1.recommendation-6494d54897-gtmjd,container_memory_working_set_bytes,6606848.0
1744295817,kashef-k8s-ctl.jaeger-5d885bcf88-txgt9,container_memory_working_set_bytes,21438464.0
1744295817,kashef-k8s-w1.memcached-profile-7d6fcb6b8-9ft2j,container_memory_working_set_bytes,5107712.0
1744295817,kashef-k8s-w1.memcached-reserve-bdcb467b4-xqh7s,container_memory_working_set_bytes,3940352.0
1744295817,kashef-k8s-ctl.mongodb-recommendation-59d6b7ccf9-x7q72,container_memory_working_set_bytes,160727040.0
1744295817,kashef-k8s-w1.mongodb-geo-86b59b75f4-bsnk9,container_memory_working_set_bytes,161198080.0
1744295817,kashef-k8s-w1.mongodb-user-6d96648ddc-rxzsw,container_memory_working_set_bytes,160399360.0
1744295817,kashef-k8s-ctl.profile-6c9f4cc75f-pvpfq,container_memory_working_set_bytes,9269248.0
1744295817,kashef-k8s-w1.geo-bd9dfdb45-lwzmb,container_memory_working_set_bytes,7929856.0
1744295817,kashef-k8s-w1.consul-56f5cf4f78-5hs85,container_memory_working_set_bytes,31313920.0
1744295817,kashef-k8s-ctl.mongodb-rate-785b799bbc-q2nw6,container_memory_working_set_bytes,163647488.0
1744295817,kashef-k8s-ctl.frontend-7d9d864798-lbt5f,container_memory_working_set_bytes,8966144.0
1744295817,kashef-k8s-w1.memcached-rate-bcc5c97f8-lck87,container_memory_working_set_bytes,5165056.0
1744295817,kashef-k8s-ctl.mongodb-reservation-7b474745f-9r8br,container_memory_working_set_bytes,161243136.0
1744295817,kashef-k8s-ctl.rate-66d9d98f67-x7hpv,container_memory_working_set_bytes,8298496.0
1744295817,kashef-k8s-ctl.mongodb-profile-6bb85f4df7-zzcmp,container_memory_working_set_bytes,161562624.0
1744295820,kashef-k8s-w1.memcached-profile-7d6fcb6b8-9ft2j,container_memory_working_set_bytes,5107712.0
1744295820,kashef-k8s-ctl.mongodb-recommendation-59d6b7ccf9-x7q72,container_memory_working_set_bytes,160727040.0
1744295820,kashef-k8s-w1.search-8677798cf5-srst6,container_memory_working_set_bytes,8986624.0
1744295820,kashef-k8s-w1.mongodb-user-6d96648ddc-rxzsw,container_memory_working_set_bytes,160399360.0
1744295820,kashef-k8s-ctl.user-698454f8c4-cfb58,container_memory_working_set_bytes,6492160.0
1744295820,kashef-k8s-w1.memcached-reserve-bdcb467b4-xqh7s,container_memory_working_set_bytes,3940352.0
1744295820,kashef-k8s-ctl.reservation-7799998946-5p2cf,container_memory_working_set_bytes,8228864.0
1744295820,kashef-k8s-w1.mongodb-geo-86b59b75f4-bsnk9,container_memory_working_set_bytes,161198080.0
1744295820,kashef-k8s-ctl.profile-6c9f4cc75f-pvpfq,container_memory_working_set_bytes,9269248.0
1744295820,kashef-k8s-w1.consul-56f5cf4f78-5hs85,container_memory_working_set_bytes,31313920.0
1744295820,kashef-k8s-w1.geo-bd9dfdb45-lwzmb,container_memory_working_set_bytes,7929856.0
1744295820,kashef-k8s-ctl.jaeger-5d885bcf88-txgt9,container_memory_working_set_bytes,21438464.0
1744295820,kashef-k8s-w1.recommendation-6494d54897-gtmjd,container_memory_working_set_bytes,6606848.0
1744295820,kashef-k8s-ctl.mongodb-profile-6bb85f4df7-zzcmp,container_memory_working_set_bytes,161562624.0
1744295820,kashef-k8s-ctl.frontend-7d9d864798-lbt5f,container_memory_working_set_bytes,8966144.0
1744295820,kashef-k8s-ctl.rate-66d9d98f67-x7hpv,container_memory_working_set_bytes,8298496.0
1744295820,kashef-k8s-w1.memcached-rate-bcc5c97f8-lck87,container_memory_working_set_bytes,5169152.0
1744295820,kashef-k8s-ctl.mongodb-rate-785b799bbc-q2nw6,container_memory_working_set_bytes,163647488.0
1744295820,kashef-k8s-ctl.mongodb-reservation-7b474745f-9r8br,container_memory_working_set_bytes,161243136.0
1744295823,kashef-k8s-w1.mongodb-user-6d96648ddc-rxzsw,container_memory_working_set_bytes,160399360.0
1744295823,kashef-k8s-w1.search-8677798cf5-srst6,container_memory_working_set_bytes,8986624.0
1744295823,kashef-k8s-ctl.profile-6c9f4cc75f-pvpfq,container_memory_working_set_bytes,9269248.0
1744295823,kashef-k8s-ctl.mongodb-reservation-7b474745f-9r8br,container_memory_working_set_bytes,161243136.0
1744295823,kashef-k8s-ctl.mongodb-rate-785b799bbc-q2nw6,container_memory_working_set_bytes,163647488.0
1744295823,kashef-k8s-ctl.jaeger-5d885bcf88-txgt9,container_memory_working_set_bytes,21438464.0
1744295823,kashef-k8s-w1.memcached-profile-7d6fcb6b8-9ft2j,container_memory_working_set_bytes,5107712.0
1744295823,kashef-k8s-ctl.mongodb-profile-6bb85f4df7-zzcmp,container_memory_working_set_bytes,161562624.0
1744295823,kashef-k8s-ctl.frontend-7d9d864798-lbt5f,container_memory_working_set_bytes,8966144.0
1744295823,kashef-k8s-w1.mongodb-geo-86b59b75f4-bsnk9,container_memory_working_set_bytes,161198080.0
1744295823,kashef-k8s-ctl.rate-66d9d98f67-x7hpv,container_memory_working_set_bytes,8298496.0
1744295823,kashef-k8s-w1.recommendation-6494d54897-gtmjd,container_memory_working_set_bytes,7737344.0
1744295823,kashef-k8s-ctl.user-698454f8c4-cfb58,container_memory_working_set_bytes,6492160.0
1744295823,kashef-k8s-w1.geo-bd9dfdb45-lwzmb,container_memory_working_set_bytes,7929856.0
1744295823,kashef-k8s-w1.memcached-reserve-bdcb467b4-xqh7s,container_memory_working_set_bytes,3940352.0
1744295823,kashef-k8s-ctl.mongodb-recommendation-59d6b7ccf9-x7q72,container_memory_working_set_bytes,160727040.0
1744295823,kashef-k8s-w1.consul-56f5cf4f78-5hs85,container_memory_working_set_bytes,32505856.0
1744295823,kashef-k8s-ctl.reservation-7799998946-5p2cf,container_memory_working_set_bytes,8228864.0
1744295823,kashef-k8s-w1.memcached-rate-bcc5c97f8-lck87,container_memory_working_set_bytes,5169152.0
1744295826,kashef-k8s-ctl.user-698454f8c4-cfb58,container_memory_working_set_bytes,6492160.0
1744295826,kashef-k8s-ctl.rate-66d9d98f67-x7hpv,container_memory_working_set_bytes,8298496.0
1744295826,kashef-k8s-ctl.jaeger-5d885bcf88-txgt9,container_memory_working_set_bytes,21438464.0
1744295826,kashef-k8s-w1.geo-bd9dfdb45-lwzmb,container_memory_working_set_bytes,7929856.0
1744295826,kashef-k8s-w1.memcached-reserve-bdcb467b4-xqh7s,container_memory_working_set_bytes,3940352.0
1744295826,kashef-k8s-ctl.mongodb-recommendation-59d6b7ccf9-x7q72,container_memory_working_set_bytes,160727040.0
1744295826,kashef-k8s-w1.mongodb-geo-86b59b75f4-bsnk9,container_memory_working_set_bytes,161198080.0
1744295826,kashef-k8s-ctl.mongodb-profile-6bb85f4df7-zzcmp,container_memory_working_set_bytes,161562624.0
1744295826,kashef-k8s-ctl.frontend-7d9d864798-lbt5f,container_memory_working_set_bytes,9252864.0
1744295826,kashef-k8s-ctl.mongodb-rate-785b799bbc-q2nw6,container_memory_working_set_bytes,163647488.0
1744295826,kashef-k8s-ctl.profile-6c9f4cc75f-pvpfq,container_memory_working_set_bytes,8974336.0
1744295826,kashef-k8s-w1.mongodb-user-6d96648ddc-rxzsw,container_memory_working_set_bytes,160399360.0
1744295826,kashef-k8s-w1.search-8677798cf5-srst6,container_memory_working_set_bytes,8986624.0
1744295826,kashef-k8s-ctl.reservation-7799998946-5p2cf,container_memory_working_set_bytes,8228864.0
1744295826,kashef-k8s-w1.recommendation-6494d54897-gtmjd,container_memory_working_set_bytes,7737344.0
1744295826,kashef-k8s-w1.memcached-rate-bcc5c97f8-lck87,container_memory_working_set_bytes,5169152.0
1744295826,kashef-k8s-ctl.mongodb-reservation-7b474745f-9r8br,container_memory_working_set_bytes,161243136.0
1744295826,kashef-k8s-w1.memcached-profile-7d6fcb6b8-9ft2j,container_memory_working_set_bytes,5107712.0
1744295826,kashef-k8s-w1.consul-56f5cf4f78-5hs85,container_memory_working_set_bytes,32505856.0
1744295829,kashef-k8s-ctl.user-698454f8c4-cfb58,container_memory_working_set_bytes,6512640.0
1744295829,kashef-k8s-ctl.mongodb-profile-6bb85f4df7-zzcmp,container_memory_working_set_bytes,161562624.0
1744295829,kashef-k8s-w1.search-8677798cf5-srst6,container_memory_working_set_bytes,8986624.0
1744295829,kashef-k8s-ctl.rate-66d9d98f67-x7hpv,container_memory_working_set_bytes,8298496.0
1744295829,kashef-k8s-w1.mongodb-geo-86b59b75f4-bsnk9,container_memory_working_set_bytes,161198080.0
1744295829,kashef-k8s-ctl.frontend-7d9d864798-lbt5f,container_memory_working_set_bytes,9252864.0
1744295829,kashef-k8s-ctl.mongodb-rate-785b799bbc-q2nw6,container_memory_working_set_bytes,163651584.0
1744295829,kashef-k8s-w1.mongodb-user-6d96648ddc-rxzsw,container_memory_working_set_bytes,160399360.0
1744295829,kashef-k8s-ctl.jaeger-5d885bcf88-txgt9,container_memory_working_set_bytes,21438464.0
1744295829,kashef-k8s-ctl.profile-6c9f4cc75f-pvpfq,container_memory_working_set_bytes,8974336.0
1744295829,kashef-k8s-w1.memcached-reserve-bdcb467b4-xqh7s,container_memory_working_set_bytes,3940352.0
1744295829,kashef-k8s-w1.geo-bd9dfdb45-lwzmb,container_memory_working_set_bytes,7929856.0
1744295829,kashef-k8s-ctl.mongodb-recommendation-59d6b7ccf9-x7q72,container_memory_working_set_bytes,160727040.0
1744295829,kashef-k8s-w1.memcached-profile-7d6fcb6b8-9ft2j,container_memory_working_set_bytes,5107712.0
1744295829,kashef-k8s-w1.consul-56f5cf4f78-5hs85,container_memory_working_set_bytes,32505856.0
1744295829,kashef-k8s-w1.recommendation-6494d54897-gtmjd,container_memory_working_set_bytes,7737344.0
1744295829,kashef-k8s-ctl.reservation-7799998946-5p2cf,container_memory_working_set_bytes,8228864.0
1744295829,kashef-k8s-ctl.mongodb-reservation-7b474745f-9r8br,container_memory_working_set_bytes,161243136.0
1744295829,kashef-k8s-w1.memcached-rate-bcc5c97f8-lck87,container_memory_working_set_bytes,5169152.0
1744295832,kashef-k8s-ctl.mongodb-reservation-7b474745f-9r8br,container_memory_working_set_bytes,161243136.0
1744295832,kashef-k8s-w1.mongodb-user-6d96648ddc-rxzsw,container_memory_working_set_bytes,160399360.0
1744295832,kashef-k8s-w1.memcached-rate-bcc5c97f8-lck87,container_memory_working_set_bytes,5169152.0
1744295832,kashef-k8s-w1.memcached-reserve-bdcb467b4-xqh7s,container_memory_working_set_bytes,3940352.0
1744295832,kashef-k8s-w1.memcached-profile-7d6fcb6b8-9ft2j,container_memory_working_set_bytes,5107712.0
1744295832,kashef-k8s-w1.geo-bd9dfdb45-lwzmb,container_memory_working_set_bytes,7929856.0
1744295832,kashef-k8s-ctl.mongodb-recommendation-59d6b7ccf9-x7q72,container_memory_working_set_bytes,160727040.0
1744295832,kashef-k8s-ctl.reservation-7799998946-5p2cf,container_memory_working_set_bytes,8228864.0
1744295832,kashef-k8s-ctl.user-698454f8c4-cfb58,container_memory_working_set_bytes,6512640.0
1744295832,kashef-k8s-w1.consul-56f5cf4f78-5hs85,container_memory_working_set_bytes,32505856.0
1744295832,kashef-k8s-ctl.mongodb-profile-6bb85f4df7-zzcmp,container_memory_working_set_bytes,161562624.0
1744295832,kashef-k8s-ctl.mongodb-rate-785b799bbc-q2nw6,container_memory_working_set_bytes,163651584.0
1744295832,kashef-k8s-ctl.profile-6c9f4cc75f-pvpfq,container_memory_working_set_bytes,8974336.0
1744295832,kashef-k8s-ctl.frontend-7d9d864798-lbt5f,container_memory_working_set_bytes,9252864.0
1744295832,kashef-k8s-w1.mongodb-geo-86b59b75f4-bsnk9,container_memory_working_set_bytes,161198080.0
1744295832,kashef-k8s-w1.recommendation-6494d54897-gtmjd,container_memory_working_set_bytes,7737344.0
1744295832,kashef-k8s-w1.search-8677798cf5-srst6,container_memory_working_set_bytes,8986624.0
1744295832,kashef-k8s-ctl.jaeger-5d885bcf88-txgt9,container_memory_working_set_bytes,21438464.0
1744295832,kashef-k8s-ctl.rate-66d9d98f67-x7hpv,container_memory_working_set_bytes,8298496.0
1744295835,kashef-k8s-ctl.mongodb-recommendation-59d6b7ccf9-x7q72,container_memory_working_set_bytes,160727040.0
1744295835,kashef-k8s-w1.memcached-rate-bcc5c97f8-lck87,container_memory_working_set_bytes,5169152.0
1744295835,kashef-k8s-ctl.user-698454f8c4-cfb58,container_memory_working_set_bytes,6512640.0
1744295835,kashef-k8s-w1.search-8677798cf5-srst6,container_memory_working_set_bytes,8986624.0
1744295835,kashef-k8s-w1.mongodb-geo-86b59b75f4-bsnk9,container_memory_working_set_bytes,161198080.0
1744295835,kashef-k8s-ctl.mongodb-profile-6bb85f4df7-zzcmp,container_memory_working_set_bytes,161562624.0
1744295835,kashef-k8s-ctl.reservation-7799998946-5p2cf,container_memory_working_set_bytes,12521472.0
1744295835,kashef-k8s-w1.consul-56f5cf4f78-5hs85,container_memory_working_set_bytes,32505856.0
1744295835,kashef-k8s-w1.geo-bd9dfdb45-lwzmb,container_memory_working_set_bytes,7929856.0
1744295835,kashef-k8s-w1.memcached-profile-7d6fcb6b8-9ft2j,container_memory_working_set_bytes,5107712.0
1744295835,kashef-k8s-w1.memcached-reserve-bdcb467b4-xqh7s,container_memory_working_set_bytes,3940352.0
1744295835,kashef-k8s-w1.mongodb-user-6d96648ddc-rxzsw,container_memory_working_set_bytes,160399360.0
1744295835,kashef-k8s-ctl.mongodb-reservation-7b474745f-9r8br,container_memory_working_set_bytes,161243136.0
1744295835,kashef-k8s-ctl.frontend-7d9d864798-lbt5f,container_memory_working_set_bytes,9252864.0
1744295835,kashef-k8s-ctl.profile-6c9f4cc75f-pvpfq,container_memory_working_set_bytes,8974336.0
1744295835,kashef-k8s-ctl.jaeger-5d885bcf88-txgt9,container_memory_working_set_bytes,21438464.0
1744295835,kashef-k8s-ctl.rate-66d9d98f67-x7hpv,container_memory_working_set_bytes,8298496.0
1744295835,kashef-k8s-ctl.mongodb-rate-785b799bbc-q2nw6,container_memory_working_set_bytes,163651584.0
1744295835,kashef-k8s-w1.recommendation-6494d54897-gtmjd,container_memory_working_set_bytes,7737344.0
1744295838,kashef-k8s-w1.memcached-reserve-bdcb467b4-xqh7s,container_memory_working_set_bytes,3940352.0
1744295838,kashef-k8s-ctl.mongodb-profile-6bb85f4df7-zzcmp,container_memory_working_set_bytes,161562624.0
1744295838,kashef-k8s-w1.memcached-profile-7d6fcb6b8-9ft2j,container_memory_working_set_bytes,5107712.0
1744295838,kashef-k8s-w1.mongodb-user-6d96648ddc-rxzsw,container_memory_working_set_bytes,160399360.0
1744295838,kashef-k8s-ctl.user-698454f8c4-cfb58,container_memory_working_set_bytes,6512640.0
1744295838,kashef-k8s-w1.consul-56f5cf4f78-5hs85,container_memory_working_set_bytes,32505856.0
1744295838,kashef-k8s-ctl.mongodb-recommendation-59d6b7ccf9-x7q72,container_memory_working_set_bytes,160727040.0
1744295838,kashef-k8s-w1.geo-bd9dfdb45-lwzmb,container_memory_working_set_bytes,7929856.0
1744295838,kashef-k8s-ctl.mongodb-reservation-7b474745f-9r8br,container_memory_working_set_bytes,161243136.0
1744295838,kashef-k8s-w1.memcached-rate-bcc5c97f8-lck87,container_memory_working_set_bytes,5169152.0
1744295838,kashef-k8s-ctl.profile-6c9f4cc75f-pvpfq,container_memory_working_set_bytes,8974336.0
1744295838,kashef-k8s-w1.mongodb-geo-86b59b75f4-bsnk9,container_memory_working_set_bytes,161198080.0
1744295838,kashef-k8s-ctl.frontend-7d9d864798-lbt5f,container_memory_working_set_bytes,9252864.0
1744295838,kashef-k8s-ctl.mongodb-rate-785b799bbc-q2nw6,container_memory_working_set_bytes,163651584.0
1744295838,kashef-k8s-w1.recommendation-6494d54897-gtmjd,container_memory_working_set_bytes,7737344.0
1744295838,kashef-k8s-ctl.jaeger-5d885bcf88-txgt9,container_memory_working_set_bytes,28917760.0
1744295838,kashef-k8s-ctl.reservation-7799998946-5p2cf,container_memory_working_set_bytes,12521472.0
1744295838,kashef-k8s-w1.search-8677798cf5-srst6,container_memory_working_set_bytes,8986624.0
1744295838,kashef-k8s-ctl.rate-66d9d98f67-x7hpv,container_memory_working_set_bytes,8384512.0
1744295841,kashef-k8s-w1.search-8677798cf5-srst6,container_memory_working_set_bytes,8986624.0
1744295841,kashef-k8s-w1.memcached-rate-bcc5c97f8-lck87,container_memory_working_set_bytes,5169152.0
1744295841,kashef-k8s-ctl.profile-6c9f4cc75f-pvpfq,container_memory_working_set_bytes,8974336.0
1744295841,kashef-k8s-ctl.user-698454f8c4-cfb58,container_memory_working_set_bytes,6512640.0
1744295841,kashef-k8s-ctl.rate-66d9d98f67-x7hpv,container_memory_working_set_bytes,8384512.0
1744295841,kashef-k8s-w1.mongodb-geo-86b59b75f4-bsnk9,container_memory_working_set_bytes,161198080.0
1744295841,kashef-k8s-w1.mongodb-user-6d96648ddc-rxzsw,container_memory_working_set_bytes,160399360.0
1744295841,kashef-k8s-ctl.reservation-7799998946-5p2cf,container_memory_working_set_bytes,12521472.0
1744295841,kashef-k8s-w1.geo-bd9dfdb45-lwzmb,container_memory_working_set_bytes,7929856.0
1744295841,kashef-k8s-ctl.mongodb-recommendation-59d6b7ccf9-x7q72,container_memory_working_set_bytes,160735232.0
1744295841,kashef-k8s-ctl.jaeger-5d885bcf88-txgt9,container_memory_working_set_bytes,28917760.0
1744295841,kashef-k8s-ctl.mongodb-reservation-7b474745f-9r8br,container_memory_working_set_bytes,161316864.0
1744295841,kashef-k8s-ctl.mongodb-rate-785b799bbc-q2nw6,container_memory_working_set_bytes,163651584.0
1744295841,kashef-k8s-w1.recommendation-6494d54897-gtmjd,container_memory_working_set_bytes,7737344.0
1744295841,kashef-k8s-ctl.frontend-7d9d864798-lbt5f,container_memory_working_set_bytes,9252864.0
1744295841,kashef-k8s-ctl.mongodb-profile-6bb85f4df7-zzcmp,container_memory_working_set_bytes,161603584.0
1744295841,kashef-k8s-w1.consul-56f5cf4f78-5hs85,container_memory_working_set_bytes,32505856.0
1744295841,kashef-k8s-w1.memcached-reserve-bdcb467b4-xqh7s,container_memory_working_set_bytes,4108288.0
1744295841,kashef-k8s-w1.memcached-profile-7d6fcb6b8-9ft2j,container_memory_working_set_bytes,5107712.0
1744295844,kashef-k8s-ctl.mongodb-rate-785b799bbc-q2nw6,container_memory_working_set_bytes,163651584.0
1744295844,kashef-k8s-w1.geo-bd9dfdb45-lwzmb,container_memory_working_set_bytes,7712768.0
1744295844,kashef-k8s-ctl.reservation-7799998946-5p2cf,container_memory_working_set_bytes,12521472.0
1744295844,kashef-k8s-w1.mongodb-user-6d96648ddc-rxzsw,container_memory_working_set_bytes,160399360.0
1744295844,kashef-k8s-w1.memcached-rate-bcc5c97f8-lck87,container_memory_working_set_bytes,5169152.0
1744295844,kashef-k8s-ctl.user-698454f8c4-cfb58,container_memory_working_set_bytes,6512640.0
1744295844,kashef-k8s-ctl.mongodb-recommendation-59d6b7ccf9-x7q72,container_memory_working_set_bytes,160735232.0
1744295844,kashef-k8s-ctl.jaeger-5d885bcf88-txgt9,container_memory_working_set_bytes,28917760.0
1744295844,kashef-k8s-w1.search-8677798cf5-srst6,container_memory_working_set_bytes,8986624.0
1744295844,kashef-k8s-w1.mongodb-geo-86b59b75f4-bsnk9,container_memory_working_set_bytes,161198080.0
1744295844,kashef-k8s-ctl.rate-66d9d98f67-x7hpv,container_memory_working_set_bytes,8384512.0
1744295844,kashef-k8s-ctl.profile-6c9f4cc75f-pvpfq,container_memory_working_set_bytes,8974336.0
1744295844,kashef-k8s-w1.consul-56f5cf4f78-5hs85,container_memory_working_set_bytes,33542144.0
1744295844,kashef-k8s-w1.memcached-reserve-bdcb467b4-xqh7s,container_memory_working_set_bytes,4108288.0
1744295844,kashef-k8s-w1.recommendation-6494d54897-gtmjd,container_memory_working_set_bytes,7737344.0
1744295844,kashef-k8s-ctl.frontend-7d9d864798-lbt5f,container_memory_working_set_bytes,9252864.0
1744295844,kashef-k8s-w1.memcached-profile-7d6fcb6b8-9ft2j,container_memory_working_set_bytes,5107712.0
1744295844,kashef-k8s-ctl.mongodb-profile-6bb85f4df7-zzcmp,container_memory_working_set_bytes,161603584.0
1744295844,kashef-k8s-ctl.mongodb-reservation-7b474745f-9r8br,container_memory_working_set_bytes,161316864.0
1744295847,kashef-k8s-ctl.jaeger-5d885bcf88-txgt9,container_memory_working_set_bytes,28917760.0
1744295847,kashef-k8s-w1.mongodb-geo-86b59b75f4-bsnk9,container_memory_working_set_bytes,161198080.0
1744295847,kashef-k8s-w1.consul-56f5cf4f78-5hs85,container_memory_working_set_bytes,33542144.0
1744295847,kashef-k8s-ctl.mongodb-rate-785b799bbc-q2nw6,container_memory_working_set_bytes,163651584.0
1744295847,kashef-k8s-ctl.mongodb-recommendation-59d6b7ccf9-x7q72,container_memory_working_set_bytes,160735232.0
1744295847,kashef-k8s-w1.mongodb-user-6d96648ddc-rxzsw,container_memory_working_set_bytes,160399360.0
1744295847,kashef-k8s-w1.search-8677798cf5-srst6,container_memory_working_set_bytes,8986624.0
1744295847,kashef-k8s-ctl.reservation-7799998946-5p2cf,container_memory_working_set_bytes,12521472.0
1744295847,kashef-k8s-ctl.rate-66d9d98f67-x7hpv,container_memory_working_set_bytes,8384512.0
1744295847,kashef-k8s-w1.geo-bd9dfdb45-lwzmb,container_memory_working_set_bytes,7712768.0
1744295847,kashef-k8s-ctl.mongodb-reservation-7b474745f-9r8br,container_memory_working_set_bytes,161316864.0
1744295847,kashef-k8s-ctl.user-698454f8c4-cfb58,container_memory_working_set_bytes,6512640.0
1744295847,kashef-k8s-w1.recommendation-6494d54897-gtmjd,container_memory_working_set_bytes,7737344.0
1744295847,kashef-k8s-ctl.frontend-7d9d864798-lbt5f,container_memory_working_set_bytes,9252864.0
1744295847,kashef-k8s-ctl.mongodb-profile-6bb85f4df7-zzcmp,container_memory_working_set_bytes,161603584.0
1744295847,kashef-k8s-w1.memcached-profile-7d6fcb6b8-9ft2j,container_memory_working_set_bytes,5111808.0
1744295847,kashef-k8s-w1.memcached-rate-bcc5c97f8-lck87,container_memory_working_set_bytes,5169152.0
1744295847,kashef-k8s-ctl.profile-6c9f4cc75f-pvpfq,container_memory_working_set_bytes,8974336.0
1744295847,kashef-k8s-w1.memcached-reserve-bdcb467b4-xqh7s,container_memory_working_set_bytes,4108288.0
1744295850,kashef-k8s-w1.memcached-profile-7d6fcb6b8-9ft2j,container_memory_working_set_bytes,5111808.0
1744295850,kashef-k8s-ctl.mongodb-reservation-7b474745f-9r8br,container_memory_working_set_bytes,161316864.0
1744295850,kashef-k8s-w1.memcached-rate-bcc5c97f8-lck87,container_memory_working_set_bytes,5169152.0
1744295850,kashef-k8s-w1.recommendation-6494d54897-gtmjd,container_memory_working_set_bytes,7737344.0
1744295850,kashef-k8s-ctl.user-698454f8c4-cfb58,container_memory_working_set_bytes,6512640.0
1744295850,kashef-k8s-w1.geo-bd9dfdb45-lwzmb,container_memory_working_set_bytes,7712768.0
1744295850,kashef-k8s-ctl.mongodb-profile-6bb85f4df7-zzcmp,container_memory_working_set_bytes,161603584.0
1744295850,kashef-k8s-ctl.mongodb-rate-785b799bbc-q2nw6,container_memory_working_set_bytes,163651584.0
1744295850,kashef-k8s-ctl.jaeger-5d885bcf88-txgt9,container_memory_working_set_bytes,28917760.0
1744295850,kashef-k8s-ctl.mongodb-recommendation-59d6b7ccf9-x7q72,container_memory_working_set_bytes,160735232.0
1744295850,kashef-k8s-ctl.frontend-7d9d864798-lbt5f,container_memory_working_set_bytes,9252864.0
1744295850,kashef-k8s-w1.mongodb-user-6d96648ddc-rxzsw,container_memory_working_set_bytes,160399360.0
1744295850,kashef-k8s-w1.memcached-reserve-bdcb467b4-xqh7s,container_memory_working_set_bytes,4108288.0
1744295850,kashef-k8s-ctl.reservation-7799998946-5p2cf,container_memory_working_set_bytes,12521472.0
1744295850,kashef-k8s-ctl.rate-66d9d98f67-x7hpv,container_memory_working_set_bytes,8384512.0
1744295850,kashef-k8s-ctl.profile-6c9f4cc75f-pvpfq,container_memory_working_set_bytes,8974336.0
1744295850,kashef-k8s-w1.mongodb-geo-86b59b75f4-bsnk9,container_memory_working_set_bytes,161234944.0
1744295850,kashef-k8s-w1.search-8677798cf5-srst6,container_memory_working_set_bytes,8474624.0
1744295850,kashef-k8s-w1.consul-56f5cf4f78-5hs85,container_memory_working_set_bytes,33542144.0
1744295853,kashef-k8s-w1.memcached-profile-7d6fcb6b8-9ft2j,container_memory_working_set_bytes,5111808.0
1744295853,kashef-k8s-ctl.rate-66d9d98f67-x7hpv,container_memory_working_set_bytes,8384512.0
1744295853,kashef-k8s-ctl.jaeger-5d885bcf88-txgt9,container_memory_working_set_bytes,28917760.0
1744295853,kashef-k8s-ctl.mongodb-rate-785b799bbc-q2nw6,container_memory_working_set_bytes,163651584.0
1744295853,kashef-k8s-ctl.frontend-7d9d864798-lbt5f,container_memory_working_set_bytes,9252864.0
1744295853,kashef-k8s-w1.geo-bd9dfdb45-lwzmb,container_memory_working_set_bytes,7712768.0
1744295853,kashef-k8s-w1.recommendation-6494d54897-gtmjd,container_memory_working_set_bytes,7958528.0
1744295853,kashef-k8s-ctl.user-698454f8c4-cfb58,container_memory_working_set_bytes,6512640.0
1744295853,kashef-k8s-ctl.mongodb-profile-6bb85f4df7-zzcmp,container_memory_working_set_bytes,161603584.0
1744295853,kashef-k8s-ctl.reservation-7799998946-5p2cf,container_memory_working_set_bytes,12521472.0
1744295853,kashef-k8s-w1.memcached-reserve-bdcb467b4-xqh7s,container_memory_working_set_bytes,4108288.0
1744295853,kashef-k8s-ctl.profile-6c9f4cc75f-pvpfq,container_memory_working_set_bytes,8974336.0
1744295853,kashef-k8s-w1.search-8677798cf5-srst6,container_memory_working_set_bytes,8474624.0
1744295853,kashef-k8s-ctl.mongodb-recommendation-59d6b7ccf9-x7q72,container_memory_working_set_bytes,160735232.0
1744295853,kashef-k8s-w1.mongodb-user-6d96648ddc-rxzsw,container_memory_working_set_bytes,160399360.0
1744295853,kashef-k8s-ctl.mongodb-reservation-7b474745f-9r8br,container_memory_working_set_bytes,161316864.0
1744295853,kashef-k8s-w1.consul-56f5cf4f78-5hs85,container_memory_working_set_bytes,33542144.0
1744295853,kashef-k8s-w1.memcached-rate-bcc5c97f8-lck87,container_memory_working_set_bytes,5169152.0
1744295853,kashef-k8s-w1.mongodb-geo-86b59b75f4-bsnk9,container_memory_working_set_bytes,161234944.0
1744295856,kashef-k8s-ctl.mongodb-reservation-7b474745f-9r8br,container_memory_working_set_bytes,161353728.0
1744295856,kashef-k8s-w1.mongodb-geo-86b59b75f4-bsnk9,container_memory_working_set_bytes,161234944.0
1744295856,kashef-k8s-w1.mongodb-user-6d96648ddc-rxzsw,container_memory_working_set_bytes,160399360.0
1744295856,kashef-k8s-w1.memcached-reserve-bdcb467b4-xqh7s,container_memory_working_set_bytes,4108288.0
1744295856,kashef-k8s-ctl.reservation-7799998946-5p2cf,container_memory_working_set_bytes,12521472.0
1744295856,kashef-k8s-ctl.mongodb-recommendation-59d6b7ccf9-x7q72,container_memory_working_set_bytes,160735232.0
1744295856,kashef-k8s-w1.search-8677798cf5-srst6,container_memory_working_set_bytes,8474624.0
1744295856,kashef-k8s-ctl.profile-6c9f4cc75f-pvpfq,container_memory_working_set_bytes,8974336.0
1744295856,kashef-k8s-ctl.user-698454f8c4-cfb58,container_memory_working_set_bytes,6512640.0
1744295856,kashef-k8s-ctl.jaeger-5d885bcf88-txgt9,container_memory_working_set_bytes,28917760.0
1744295856,kashef-k8s-w1.memcached-rate-bcc5c97f8-lck87,container_memory_working_set_bytes,5169152.0
1744295856,kashef-k8s-w1.geo-bd9dfdb45-lwzmb,container_memory_working_set_bytes,7712768.0
1744295856,kashef-k8s-w1.recommendation-6494d54897-gtmjd,container_memory_working_set_bytes,7958528.0
1744295856,kashef-k8s-ctl.mongodb-rate-785b799bbc-q2nw6,container_memory_working_set_bytes,163651584.0
1744295856,kashef-k8s-ctl.frontend-7d9d864798-lbt5f,container_memory_working_set_bytes,9252864.0
1744295856,kashef-k8s-ctl.mongodb-profile-6bb85f4df7-zzcmp,container_memory_working_set_bytes,161603584.0
1744295856,kashef-k8s-ctl.rate-66d9d98f67-x7hpv,container_memory_working_set_bytes,8384512.0
1744295856,kashef-k8s-w1.memcached-profile-7d6fcb6b8-9ft2j,container_memory_working_set_bytes,5111808.0
1744295856,kashef-k8s-w1.consul-56f5cf4f78-5hs85,container_memory_working_set_bytes,33542144.0
1744295859,kashef-k8s-ctl.user-698454f8c4-cfb58,container_memory_working_set_bytes,6512640.0
1744295859,kashef-k8s-ctl.frontend-7d9d864798-lbt5f,container_memory_working_set_bytes,9113600.0
1744295859,kashef-k8s-w1.memcached-rate-bcc5c97f8-lck87,container_memory_working_set_bytes,5169152.0
1744295859,kashef-k8s-ctl.reservation-7799998946-5p2cf,container_memory_working_set_bytes,12521472.0
1744295859,kashef-k8s-ctl.profile-6c9f4cc75f-pvpfq,container_memory_working_set_bytes,8974336.0
1744295859,kashef-k8s-w1.memcached-reserve-bdcb467b4-xqh7s,container_memory_working_set_bytes,4108288.0
1744295859,kashef-k8s-w1.search-8677798cf5-srst6,container_memory_working_set_bytes,8474624.0
1744295859,kashef-k8s-w1.memcached-profile-7d6fcb6b8-9ft2j,container_memory_working_set_bytes,5111808.0
1744295859,kashef-k8s-w1.mongodb-geo-86b59b75f4-bsnk9,container_memory_working_set_bytes,161234944.0
1744295859,kashef-k8s-w1.consul-56f5cf4f78-5hs85,container_memory_working_set_bytes,33542144.0
1744295859,kashef-k8s-w1.mongodb-user-6d96648ddc-rxzsw,container_memory_working_set_bytes,160399360.0
1744295859,kashef-k8s-w1.recommendation-6494d54897-gtmjd,container_memory_working_set_bytes,7958528.0
1744295859,kashef-k8s-ctl.mongodb-reservation-7b474745f-9r8br,container_memory_working_set_bytes,161353728.0
1744295859,kashef-k8s-ctl.jaeger-5d885bcf88-txgt9,container_memory_working_set_bytes,28917760.0
1744295859,kashef-k8s-ctl.rate-66d9d98f67-x7hpv,container_memory_working_set_bytes,8384512.0
1744295859,kashef-k8s-ctl.mongodb-profile-6bb85f4df7-zzcmp,container_memory_working_set_bytes,161480704.0
1744295859,kashef-k8s-ctl.mongodb-recommendation-59d6b7ccf9-x7q72,container_memory_working_set_bytes,160886784.0
1744295859,kashef-k8s-w1.geo-bd9dfdb45-lwzmb,container_memory_working_set_bytes,7712768.0
1744295859,kashef-k8s-ctl.mongodb-rate-785b799bbc-q2nw6,container_memory_working_set_bytes,163651584.0
1744295862,kashef-k8s-ctl.user-698454f8c4-cfb58,container_memory_working_set_bytes,6512640.0
1744295862,kashef-k8s-ctl.mongodb-rate-785b799bbc-q2nw6,container_memory_working_set_bytes,163651584.0
1744295862,kashef-k8s-w1.consul-56f5cf4f78-5hs85,container_memory_working_set_bytes,33542144.0
1744295862,kashef-k8s-w1.memcached-profile-7d6fcb6b8-9ft2j,container_memory_working_set_bytes,5111808.0
1744295862,kashef-k8s-ctl.mongodb-reservation-7b474745f-9r8br,container_memory_working_set_bytes,161353728.0
1744295862,kashef-k8s-w1.memcached-rate-bcc5c97f8-lck87,container_memory_working_set_bytes,5169152.0
1744295862,kashef-k8s-ctl.profile-6c9f4cc75f-pvpfq,container_memory_working_set_bytes,8974336.0
1744295862,kashef-k8s-w1.recommendation-6494d54897-gtmjd,container_memory_working_set_bytes,7958528.0
1744295862,kashef-k8s-w1.memcached-reserve-bdcb467b4-xqh7s,container_memory_working_set_bytes,4108288.0
1744295862,kashef-k8s-w1.mongodb-user-6d96648ddc-rxzsw,container_memory_working_set_bytes,160399360.0
1744295862,kashef-k8s-ctl.mongodb-profile-6bb85f4df7-zzcmp,container_memory_working_set_bytes,161480704.0
1744295862,kashef-k8s-ctl.reservation-7799998946-5p2cf,container_memory_working_set_bytes,12521472.0
1744295862,kashef-k8s-ctl.mongodb-recommendation-59d6b7ccf9-x7q72,container_memory_working_set_bytes,160886784.0
1744295862,kashef-k8s-ctl.frontend-7d9d864798-lbt5f,container_memory_working_set_bytes,9113600.0
1744295862,kashef-k8s-w1.geo-bd9dfdb45-lwzmb,container_memory_working_set_bytes,7712768.0
1744295862,kashef-k8s-w1.search-8677798cf5-srst6,container_memory_working_set_bytes,8474624.0
1744295862,kashef-k8s-ctl.rate-66d9d98f67-x7hpv,container_memory_working_set_bytes,8384512.0
1744295862,kashef-k8s-ctl.jaeger-5d885bcf88-txgt9,container_memory_working_set_bytes,33411072.0
1744295862,kashef-k8s-w1.mongodb-geo-86b59b75f4-bsnk9,container_memory_working_set_bytes,161234944.0
1744295865,kashef-k8s-w1.geo-bd9dfdb45-lwzmb,container_memory_working_set_bytes,7712768.0
1744295865,kashef-k8s-ctl.user-698454f8c4-cfb58,container_memory_working_set_bytes,6512640.0
1744295865,kashef-k8s-ctl.mongodb-profile-6bb85f4df7-zzcmp,container_memory_working_set_bytes,161480704.0
1744295865,kashef-k8s-ctl.reservation-7799998946-5p2cf,container_memory_working_set_bytes,12992512.0
1744295865,kashef-k8s-w1.consul-56f5cf4f78-5hs85,container_memory_working_set_bytes,33542144.0
1744295865,kashef-k8s-ctl.frontend-7d9d864798-lbt5f,container_memory_working_set_bytes,9113600.0
1744295865,kashef-k8s-ctl.rate-66d9d98f67-x7hpv,container_memory_working_set_bytes,8384512.0
1744295865,kashef-k8s-ctl.mongodb-recommendation-59d6b7ccf9-x7q72,container_memory_working_set_bytes,160886784.0
1744295865,kashef-k8s-ctl.mongodb-rate-785b799bbc-q2nw6,container_memory_working_set_bytes,163651584.0
1744295865,kashef-k8s-ctl.profile-6c9f4cc75f-pvpfq,container_memory_working_set_bytes,8974336.0
1744295865,kashef-k8s-w1.memcached-profile-7d6fcb6b8-9ft2j,container_memory_working_set_bytes,5111808.0
1744295865,kashef-k8s-w1.memcached-reserve-bdcb467b4-xqh7s,container_memory_working_set_bytes,4108288.0
1744295865,kashef-k8s-ctl.jaeger-5d885bcf88-txgt9,container_memory_working_set_bytes,33411072.0
1744295865,kashef-k8s-w1.mongodb-user-6d96648ddc-rxzsw,container_memory_working_set_bytes,160399360.0
1744295865,kashef-k8s-w1.search-8677798cf5-srst6,container_memory_working_set_bytes,8474624.0
1744295865,kashef-k8s-w1.memcached-rate-bcc5c97f8-lck87,container_memory_working_set_bytes,5169152.0
1744295865,kashef-k8s-ctl.mongodb-reservation-7b474745f-9r8br,container_memory_working_set_bytes,161353728.0
1744295865,kashef-k8s-w1.mongodb-geo-86b59b75f4-bsnk9,container_memory_working_set_bytes,161234944.0
1744295865,kashef-k8s-w1.recommendation-6494d54897-gtmjd,container_memory_working_set_bytes,7958528.0
1744295868,kashef-k8s-ctl.mongodb-profile-6bb85f4df7-zzcmp,container_memory_working_set_bytes,161480704.0
1744295868,kashef-k8s-ctl.mongodb-recommendation-59d6b7ccf9-x7q72,container_memory_working_set_bytes,160886784.0
1744295868,kashef-k8s-w1.consul-56f5cf4f78-5hs85,container_memory_working_set_bytes,33542144.0
1744295868,kashef-k8s-ctl.rate-66d9d98f67-x7hpv,container_memory_working_set_bytes,8384512.0
1744295868,kashef-k8s-ctl.reservation-7799998946-5p2cf,container_memory_working_set_bytes,12992512.0
1744295868,kashef-k8s-w1.mongodb-user-6d96648ddc-rxzsw,container_memory_working_set_bytes,160399360.0
1744295868,kashef-k8s-ctl.jaeger-5d885bcf88-txgt9,container_memory_working_set_bytes,33411072.0
1744295868,kashef-k8s-w1.search-8677798cf5-srst6,container_memory_working_set_bytes,8474624.0
1744295868,kashef-k8s-ctl.frontend-7d9d864798-lbt5f,container_memory_working_set_bytes,9113600.0
1744295868,kashef-k8s-w1.mongodb-geo-86b59b75f4-bsnk9,container_memory_working_set_bytes,161234944.0
1744295868,kashef-k8s-w1.memcached-rate-bcc5c97f8-lck87,container_memory_working_set_bytes,5169152.0
1744295868,kashef-k8s-ctl.user-698454f8c4-cfb58,container_memory_working_set_bytes,6512640.0
1744295868,kashef-k8s-w1.geo-bd9dfdb45-lwzmb,container_memory_working_set_bytes,7712768.0
1744295868,kashef-k8s-w1.memcached-profile-7d6fcb6b8-9ft2j,container_memory_working_set_bytes,5111808.0
1744295868,kashef-k8s-ctl.profile-6c9f4cc75f-pvpfq,container_memory_working_set_bytes,8355840.0
1744295868,kashef-k8s-ctl.mongodb-rate-785b799bbc-q2nw6,container_memory_working_set_bytes,163651584.0
1744295868,kashef-k8s-w1.memcached-reserve-bdcb467b4-xqh7s,container_memory_working_set_bytes,4108288.0
1744295868,kashef-k8s-w1.recommendation-6494d54897-gtmjd,container_memory_working_set_bytes,7958528.0
1744295868,kashef-k8s-ctl.mongodb-reservation-7b474745f-9r8br,container_memory_working_set_bytes,161353728.0
1744295871,kashef-k8s-w1.consul-56f5cf4f78-5hs85,container_memory_working_set_bytes,33542144.0
1744295871,kashef-k8s-w1.recommendation-6494d54897-gtmjd,container_memory_working_set_bytes,7958528.0
1744295871,kashef-k8s-ctl.mongodb-reservation-7b474745f-9r8br,container_memory_working_set_bytes,161353728.0
1744295871,kashef-k8s-w1.memcached-profile-7d6fcb6b8-9ft2j,container_memory_working_set_bytes,5111808.0
1744295871,kashef-k8s-w1.mongodb-geo-86b59b75f4-bsnk9,container_memory_working_set_bytes,161234944.0
1744295871,kashef-k8s-ctl.user-698454f8c4-cfb58,container_memory_working_set_bytes,6512640.0
1744295871,kashef-k8s-ctl.profile-6c9f4cc75f-pvpfq,container_memory_working_set_bytes,8355840.0
1744295871,kashef-k8s-w1.memcached-reserve-bdcb467b4-xqh7s,container_memory_working_set_bytes,4108288.0
1744295871,kashef-k8s-ctl.frontend-7d9d864798-lbt5f,container_memory_working_set_bytes,9113600.0
1744295871,kashef-k8s-ctl.mongodb-recommendation-59d6b7ccf9-x7q72,container_memory_working_set_bytes,160886784.0
1744295871,kashef-k8s-ctl.mongodb-profile-6bb85f4df7-zzcmp,container_memory_working_set_bytes,161480704.0
1744295871,kashef-k8s-w1.geo-bd9dfdb45-lwzmb,container_memory_working_set_bytes,7712768.0
1744295871,kashef-k8s-ctl.jaeger-5d885bcf88-txgt9,container_memory_working_set_bytes,33411072.0
1744295871,kashef-k8s-w1.search-8677798cf5-srst6,container_memory_working_set_bytes,8474624.0
1744295871,kashef-k8s-w1.mongodb-user-6d96648ddc-rxzsw,container_memory_working_set_bytes,160399360.0
1744295871,kashef-k8s-ctl.mongodb-rate-785b799bbc-q2nw6,container_memory_working_set_bytes,163659776.0
1744295871,kashef-k8s-ctl.reservation-7799998946-5p2cf,container_memory_working_set_bytes,12992512.0
1744295871,kashef-k8s-w1.memcached-rate-bcc5c97f8-lck87,container_memory_working_set_bytes,5169152.0
1744295871,kashef-k8s-ctl.rate-66d9d98f67-x7hpv,container_memory_working_set_bytes,8728576.0
1744295874,kashef-k8s-ctl.user-698454f8c4-cfb58,container_memory_working_set_bytes,6447104.0
1744295874,kashef-k8s-ctl.profile-6c9f4cc75f-pvpfq,container_memory_working_set_bytes,8355840.0
1744295874,kashef-k8s-ctl.reservation-7799998946-5p2cf,container_memory_working_set_bytes,12992512.0
1744295874,kashef-k8s-w1.memcached-reserve-bdcb467b4-xqh7s,container_memory_working_set_bytes,4018176.0
1744295874,kashef-k8s-w1.mongodb-user-6d96648ddc-rxzsw,container_memory_working_set_bytes,160399360.0
1744295874,kashef-k8s-ctl.mongodb-profile-6bb85f4df7-zzcmp,container_memory_working_set_bytes,161480704.0
1744295874,kashef-k8s-ctl.jaeger-5d885bcf88-txgt9,container_memory_working_set_bytes,33411072.0
1744295874,kashef-k8s-ctl.mongodb-rate-785b799bbc-q2nw6,container_memory_working_set_bytes,163659776.0
1744295874,kashef-k8s-ctl.rate-66d9d98f67-x7hpv,container_memory_working_set_bytes,8728576.0
1744295874,kashef-k8s-ctl.frontend-7d9d864798-lbt5f,container_memory_working_set_bytes,9113600.0
1744295874,kashef-k8s-w1.consul-56f5cf4f78-5hs85,container_memory_working_set_bytes,34476032.0
1744295874,kashef-k8s-w1.memcached-profile-7d6fcb6b8-9ft2j,container_memory_working_set_bytes,5111808.0
1744295874,kashef-k8s-w1.mongodb-geo-86b59b75f4-bsnk9,container_memory_working_set_bytes,161234944.0
1744295874,kashef-k8s-w1.geo-bd9dfdb45-lwzmb,container_memory_working_set_bytes,7712768.0
1744295874,kashef-k8s-ctl.mongodb-recommendation-59d6b7ccf9-x7q72,container_memory_working_set_bytes,160886784.0
1744295874,kashef-k8s-w1.search-8677798cf5-srst6,container_memory_working_set_bytes,8474624.0
1744295874,kashef-k8s-ctl.mongodb-reservation-7b474745f-9r8br,container_memory_working_set_bytes,161353728.0
1744295874,kashef-k8s-w1.memcached-rate-bcc5c97f8-lck87,container_memory_working_set_bytes,5169152.0
1744295874,kashef-k8s-w1.recommendation-6494d54897-gtmjd,container_memory_working_set_bytes,7958528.0
1744295877,kashef-k8s-w1.memcached-profile-7d6fcb6b8-9ft2j,container_memory_working_set_bytes,5111808.0
1744295877,kashef-k8s-w1.recommendation-6494d54897-gtmjd,container_memory_working_set_bytes,7958528.0
1744295877,kashef-k8s-w1.consul-56f5cf4f78-5hs85,container_memory_working_set_bytes,34476032.0
1744295877,kashef-k8s-ctl.jaeger-5d885bcf88-txgt9,container_memory_working_set_bytes,33411072.0
1744295877,kashef-k8s-ctl.mongodb-rate-785b799bbc-q2nw6,container_memory_working_set_bytes,163659776.0
1744295877,kashef-k8s-w1.memcached-reserve-bdcb467b4-xqh7s,container_memory_working_set_bytes,4018176.0
1744295877,kashef-k8s-ctl.reservation-7799998946-5p2cf,container_memory_working_set_bytes,12992512.0
1744295877,kashef-k8s-ctl.user-698454f8c4-cfb58,container_memory_working_set_bytes,6447104.0
1744295877,kashef-k8s-ctl.mongodb-profile-6bb85f4df7-zzcmp,container_memory_working_set_bytes,161480704.0
1744295877,kashef-k8s-ctl.mongodb-recommendation-59d6b7ccf9-x7q72,container_memory_working_set_bytes,160886784.0
1744295877,kashef-k8s-w1.geo-bd9dfdb45-lwzmb,container_memory_working_set_bytes,7712768.0
1744295877,kashef-k8s-ctl.frontend-7d9d864798-lbt5f,container_memory_working_set_bytes,9113600.0
1744295877,kashef-k8s-ctl.profile-6c9f4cc75f-pvpfq,container_memory_working_set_bytes,8355840.0
1744295877,kashef-k8s-w1.mongodb-user-6d96648ddc-rxzsw,container_memory_working_set_bytes,160399360.0
1744295877,kashef-k8s-w1.search-8677798cf5-srst6,container_memory_working_set_bytes,8474624.0
1744295877,kashef-k8s-ctl.rate-66d9d98f67-x7hpv,container_memory_working_set_bytes,8728576.0
1744295877,kashef-k8s-ctl.mongodb-reservation-7b474745f-9r8br,container_memory_working_set_bytes,161353728.0
1744295877,kashef-k8s-w1.memcached-rate-bcc5c97f8-lck87,container_memory_working_set_bytes,5169152.0
1744295877,kashef-k8s-w1.mongodb-geo-86b59b75f4-bsnk9,container_memory_working_set_bytes,161234944.0
1744295880,kashef-k8s-w1.recommendation-6494d54897-gtmjd,container_memory_working_set_bytes,8052736.0
1744295880,kashef-k8s-w1.consul-56f5cf4f78-5hs85,container_memory_working_set_bytes,34476032.0
1744295880,kashef-k8s-w1.geo-bd9dfdb45-lwzmb,container_memory_working_set_bytes,7712768.0
1744295880,kashef-k8s-ctl.mongodb-recommendation-59d6b7ccf9-x7q72,container_memory_working_set_bytes,160886784.0
1744295880,kashef-k8s-ctl.mongodb-profile-6bb85f4df7-zzcmp,container_memory_working_set_bytes,161480704.0
1744295880,kashef-k8s-ctl.profile-6c9f4cc75f-pvpfq,container_memory_working_set_bytes,8355840.0
1744295880,kashef-k8s-ctl.jaeger-5d885bcf88-txgt9,container_memory_working_set_bytes,33411072.0
1744295880,kashef-k8s-ctl.frontend-7d9d864798-lbt5f,container_memory_working_set_bytes,9113600.0
1744295880,kashef-k8s-ctl.mongodb-rate-785b799bbc-q2nw6,container_memory_working_set_bytes,163659776.0
1744295880,kashef-k8s-w1.mongodb-user-6d96648ddc-rxzsw,container_memory_working_set_bytes,160399360.0
1744295880,kashef-k8s-w1.memcached-rate-bcc5c97f8-lck87,container_memory_working_set_bytes,5169152.0
1744295880,kashef-k8s-ctl.reservation-7799998946-5p2cf,container_memory_working_set_bytes,12992512.0
1744295880,kashef-k8s-ctl.user-698454f8c4-cfb58,container_memory_working_set_bytes,6447104.0
1744295880,kashef-k8s-w1.memcached-profile-7d6fcb6b8-9ft2j,container_memory_working_set_bytes,5111808.0
1744295880,kashef-k8s-w1.memcached-reserve-bdcb467b4-xqh7s,container_memory_working_set_bytes,4018176.0
1744295880,kashef-k8s-ctl.rate-66d9d98f67-x7hpv,container_memory_working_set_bytes,8728576.0
1744295880,kashef-k8s-w1.mongodb-geo-86b59b75f4-bsnk9,container_memory_working_set_bytes,161234944.0
1744295880,kashef-k8s-ctl.mongodb-reservation-7b474745f-9r8br,container_memory_working_set_bytes,161353728.0
1744295880,kashef-k8s-w1.search-8677798cf5-srst6,container_memory_working_set_bytes,8474624.0
1744295883,kashef-k8s-ctl.profile-6c9f4cc75f-pvpfq,container_memory_working_set_bytes,8355840.0
1744295883,kashef-k8s-ctl.frontend-7d9d864798-lbt5f,container_memory_working_set_bytes,9113600.0
1744295883,kashef-k8s-w1.search-8677798cf5-srst6,container_memory_working_set_bytes,9031680.0
1744295883,kashef-k8s-w1.consul-56f5cf4f78-5hs85,container_memory_working_set_bytes,34476032.0
1744295883,kashef-k8s-ctl.rate-66d9d98f67-x7hpv,container_memory_working_set_bytes,8728576.0
1744295883,kashef-k8s-ctl.user-698454f8c4-cfb58,container_memory_working_set_bytes,6447104.0
1744295883,kashef-k8s-w1.memcached-profile-7d6fcb6b8-9ft2j,container_memory_working_set_bytes,5111808.0
1744295883,kashef-k8s-ctl.jaeger-5d885bcf88-txgt9,container_memory_working_set_bytes,33411072.0
1744295883,kashef-k8s-ctl.reservation-7799998946-5p2cf,container_memory_working_set_bytes,12992512.0
1744295883,kashef-k8s-ctl.mongodb-rate-785b799bbc-q2nw6,container_memory_working_set_bytes,163659776.0
1744295883,kashef-k8s-w1.geo-bd9dfdb45-lwzmb,container_memory_working_set_bytes,7831552.0
1744295883,kashef-k8s-ctl.mongodb-recommendation-59d6b7ccf9-x7q72,container_memory_working_set_bytes,160886784.0
1744295883,kashef-k8s-ctl.mongodb-profile-6bb85f4df7-zzcmp,container_memory_working_set_bytes,161480704.0
1744295883,kashef-k8s-w1.memcached-rate-bcc5c97f8-lck87,container_memory_working_set_bytes,5173248.0
1744295883,kashef-k8s-w1.mongodb-user-6d96648ddc-rxzsw,container_memory_working_set_bytes,160407552.0
1744295883,kashef-k8s-w1.memcached-reserve-bdcb467b4-xqh7s,container_memory_working_set_bytes,4018176.0
1744295883,kashef-k8s-w1.recommendation-6494d54897-gtmjd,container_memory_working_set_bytes,8052736.0
1744295883,kashef-k8s-w1.mongodb-geo-86b59b75f4-bsnk9,container_memory_working_set_bytes,161234944.0
1744295883,kashef-k8s-ctl.mongodb-reservation-7b474745f-9r8br,container_memory_working_set_bytes,161353728.0
1744295886,kashef-k8s-ctl.mongodb-reservation-7b474745f-9r8br,container_memory_working_set_bytes,161353728.0
1744295886,kashef-k8s-w1.consul-56f5cf4f78-5hs85,container_memory_working_set_bytes,34476032.0
1744295886,kashef-k8s-ctl.profile-6c9f4cc75f-pvpfq,container_memory_working_set_bytes,8355840.0
1744295886,kashef-k8s-w1.memcached-reserve-bdcb467b4-xqh7s,container_memory_working_set_bytes,4018176.0
1744295886,kashef-k8s-ctl.mongodb-rate-785b799bbc-q2nw6,container_memory_working_set_bytes,163667968.0
1744295886,kashef-k8s-ctl.user-698454f8c4-cfb58,container_memory_working_set_bytes,6447104.0
1744295886,kashef-k8s-ctl.reservation-7799998946-5p2cf,container_memory_working_set_bytes,12992512.0
1744295886,kashef-k8s-w1.geo-bd9dfdb45-lwzmb,container_memory_working_set_bytes,7831552.0
1744295886,kashef-k8s-ctl.mongodb-recommendation-59d6b7ccf9-x7q72,container_memory_working_set_bytes,160886784.0
1744295886,kashef-k8s-ctl.rate-66d9d98f67-x7hpv,container_memory_working_set_bytes,8728576.0
1744295886,kashef-k8s-w1.search-8677798cf5-srst6,container_memory_working_set_bytes,9031680.0
1744295886,kashef-k8s-w1.memcached-profile-7d6fcb6b8-9ft2j,container_memory_working_set_bytes,5111808.0
1744295886,kashef-k8s-ctl.frontend-7d9d864798-lbt5f,container_memory_working_set_bytes,9113600.0
1744295886,kashef-k8s-ctl.mongodb-profile-6bb85f4df7-zzcmp,container_memory_working_set_bytes,161480704.0
1744295886,kashef-k8s-ctl.jaeger-5d885bcf88-txgt9,container_memory_working_set_bytes,33411072.0
1744295886,kashef-k8s-w1.mongodb-user-6d96648ddc-rxzsw,container_memory_working_set_bytes,160407552.0
1744295886,kashef-k8s-w1.recommendation-6494d54897-gtmjd,container_memory_working_set_bytes,8052736.0
1744295886,kashef-k8s-w1.mongodb-geo-86b59b75f4-bsnk9,container_memory_working_set_bytes,161234944.0
1744295886,kashef-k8s-w1.memcached-rate-bcc5c97f8-lck87,container_memory_working_set_bytes,5173248.0
1744295889,kashef-k8s-ctl.user-698454f8c4-cfb58,container_memory_working_set_bytes,6447104.0
1744295889,kashef-k8s-w1.geo-bd9dfdb45-lwzmb,container_memory_working_set_bytes,7831552.0
1744295889,kashef-k8s-ctl.mongodb-reservation-7b474745f-9r8br,container_memory_working_set_bytes,161361920.0
1744295889,kashef-k8s-ctl.mongodb-recommendation-59d6b7ccf9-x7q72,container_memory_working_set_bytes,160886784.0
1744295889,kashef-k8s-ctl.reservation-7799998946-5p2cf,container_memory_working_set_bytes,12992512.0
1744295889,kashef-k8s-ctl.jaeger-5d885bcf88-txgt9,container_memory_working_set_bytes,33411072.0
1744295889,kashef-k8s-w1.mongodb-user-6d96648ddc-rxzsw,container_memory_working_set_bytes,160407552.0
1744295889,kashef-k8s-ctl.mongodb-profile-6bb85f4df7-zzcmp,container_memory_working_set_bytes,161480704.0
1744295889,kashef-k8s-ctl.frontend-7d9d864798-lbt5f,container_memory_working_set_bytes,9113600.0
1744295889,kashef-k8s-ctl.mongodb-rate-785b799bbc-q2nw6,container_memory_working_set_bytes,163667968.0
1744295889,kashef-k8s-w1.memcached-rate-bcc5c97f8-lck87,container_memory_working_set_bytes,5173248.0
1744295889,kashef-k8s-ctl.profile-6c9f4cc75f-pvpfq,container_memory_working_set_bytes,8355840.0
1744295889,kashef-k8s-w1.memcached-reserve-bdcb467b4-xqh7s,container_memory_working_set_bytes,4018176.0
1744295889,kashef-k8s-w1.consul-56f5cf4f78-5hs85,container_memory_working_set_bytes,34476032.0
1744295889,kashef-k8s-w1.search-8677798cf5-srst6,container_memory_working_set_bytes,9031680.0
1744295889,kashef-k8s-w1.memcached-profile-7d6fcb6b8-9ft2j,container_memory_working_set_bytes,5111808.0
1744295889,kashef-k8s-ctl.rate-66d9d98f67-x7hpv,container_memory_working_set_bytes,8728576.0
1744295889,kashef-k8s-w1.mongodb-geo-86b59b75f4-bsnk9,container_memory_working_set_bytes,161234944.0
1744295889,kashef-k8s-w1.recommendation-6494d54897-gtmjd,container_memory_working_set_bytes,8052736.0
1744295892,kashef-k8s-w1.mongodb-geo-86b59b75f4-bsnk9,container_memory_working_set_bytes,161234944.0
1744295892,kashef-k8s-w1.consul-56f5cf4f78-5hs85,container_memory_working_set_bytes,34476032.0
1744295892,kashef-k8s-w1.recommendation-6494d54897-gtmjd,container_memory_working_set_bytes,8052736.0
1744295892,kashef-k8s-w1.memcached-profile-7d6fcb6b8-9ft2j,container_memory_working_set_bytes,5111808.0
1744295892,kashef-k8s-ctl.frontend-7d9d864798-lbt5f,container_memory_working_set_bytes,9515008.0
1744295892,kashef-k8s-w1.search-8677798cf5-srst6,container_memory_working_set_bytes,9031680.0
1744295892,kashef-k8s-ctl.mongodb-recommendation-59d6b7ccf9-x7q72,container_memory_working_set_bytes,160886784.0
1744295892,kashef-k8s-w1.memcached-reserve-bdcb467b4-xqh7s,container_memory_working_set_bytes,4018176.0
1744295892,kashef-k8s-ctl.mongodb-reservation-7b474745f-9r8br,container_memory_working_set_bytes,161361920.0
1744295892,kashef-k8s-ctl.jaeger-5d885bcf88-txgt9,container_memory_working_set_bytes,33411072.0
1744295892,kashef-k8s-ctl.mongodb-profile-6bb85f4df7-zzcmp,container_memory_working_set_bytes,161480704.0
1744295892,kashef-k8s-ctl.reservation-7799998946-5p2cf,container_memory_working_set_bytes,12992512.0
1744295892,kashef-k8s-w1.mongodb-user-6d96648ddc-rxzsw,container_memory_working_set_bytes,160407552.0
1744295892,kashef-k8s-ctl.rate-66d9d98f67-x7hpv,container_memory_working_set_bytes,8728576.0
1744295892,kashef-k8s-w1.geo-bd9dfdb45-lwzmb,container_memory_working_set_bytes,7831552.0
1744295892,kashef-k8s-ctl.user-698454f8c4-cfb58,container_memory_working_set_bytes,6447104.0
1744295892,kashef-k8s-ctl.mongodb-rate-785b799bbc-q2nw6,container_memory_working_set_bytes,163667968.0
1744295892,kashef-k8s-ctl.profile-6c9f4cc75f-pvpfq,container_memory_working_set_bytes,8355840.0
1744295892,kashef-k8s-w1.memcached-rate-bcc5c97f8-lck87,container_memory_working_set_bytes,5173248.0
1744295895,kashef-k8s-w1.search-8677798cf5-srst6,container_memory_working_set_bytes,9031680.0
1744295895,kashef-k8s-ctl.frontend-7d9d864798-lbt5f,container_memory_working_set_bytes,9515008.0
1744295895,kashef-k8s-ctl.mongodb-recommendation-59d6b7ccf9-x7q72,container_memory_working_set_bytes,160960512.0
1744295895,kashef-k8s-ctl.rate-66d9d98f67-x7hpv,container_memory_working_set_bytes,8728576.0
1744295895,kashef-k8s-ctl.mongodb-reservation-7b474745f-9r8br,container_memory_working_set_bytes,161361920.0
1744295895,kashef-k8s-w1.mongodb-user-6d96648ddc-rxzsw,container_memory_working_set_bytes,160407552.0
1744295895,kashef-k8s-ctl.jaeger-5d885bcf88-txgt9,container_memory_working_set_bytes,33411072.0
1744295895,kashef-k8s-w1.geo-bd9dfdb45-lwzmb,container_memory_working_set_bytes,7831552.0
1744295895,kashef-k8s-w1.mongodb-geo-86b59b75f4-bsnk9,container_memory_working_set_bytes,161234944.0
1744295895,kashef-k8s-w1.memcached-rate-bcc5c97f8-lck87,container_memory_working_set_bytes,5173248.0
1744295895,kashef-k8s-w1.recommendation-6494d54897-gtmjd,container_memory_working_set_bytes,8052736.0
1744295895,kashef-k8s-ctl.mongodb-rate-785b799bbc-q2nw6,container_memory_working_set_bytes,163667968.0
1744295895,kashef-k8s-w1.consul-56f5cf4f78-5hs85,container_memory_working_set_bytes,34476032.0
1744295895,kashef-k8s-ctl.mongodb-profile-6bb85f4df7-zzcmp,container_memory_working_set_bytes,161480704.0
1744295895,kashef-k8s-ctl.reservation-7799998946-5p2cf,container_memory_working_set_bytes,12992512.0
1744295895,kashef-k8s-w1.memcached-reserve-bdcb467b4-xqh7s,container_memory_working_set_bytes,4018176.0
1744295895,kashef-k8s-ctl.profile-6c9f4cc75f-pvpfq,container_memory_working_set_bytes,8355840.0
1744295895,kashef-k8s-w1.memcached-profile-7d6fcb6b8-9ft2j,container_memory_working_set_bytes,5111808.0
1744295895,kashef-k8s-ctl.user-698454f8c4-cfb58,container_memory_working_set_bytes,6447104.0
1744295898,kashef-k8s-w1.recommendation-6494d54897-gtmjd,container_memory_working_set_bytes,8052736.0
1744295898,kashef-k8s-ctl.mongodb-profile-6bb85f4df7-zzcmp,container_memory_working_set_bytes,161484800.0
1744295898,kashef-k8s-w1.geo-bd9dfdb45-lwzmb,container_memory_working_set_bytes,7831552.0
1744295898,kashef-k8s-ctl.jaeger-5d885bcf88-txgt9,container_memory_working_set_bytes,33411072.0
1744295898,kashef-k8s-ctl.rate-66d9d98f67-x7hpv,container_memory_working_set_bytes,8777728.0
1744295898,kashef-k8s-w1.mongodb-geo-86b59b75f4-bsnk9,container_memory_working_set_bytes,161234944.0
1744295898,kashef-k8s-ctl.mongodb-reservation-7b474745f-9r8br,container_memory_working_set_bytes,161361920.0
1744295898,kashef-k8s-ctl.profile-6c9f4cc75f-pvpfq,container_memory_working_set_bytes,8437760.0
1744295898,kashef-k8s-w1.memcached-reserve-bdcb467b4-xqh7s,container_memory_working_set_bytes,4018176.0
1744295898,kashef-k8s-ctl.mongodb-rate-785b799bbc-q2nw6,container_memory_working_set_bytes,163667968.0
1744295898,kashef-k8s-w1.memcached-profile-7d6fcb6b8-9ft2j,container_memory_working_set_bytes,5111808.0
1744295898,kashef-k8s-ctl.frontend-7d9d864798-lbt5f,container_memory_working_set_bytes,9515008.0
1744295898,kashef-k8s-ctl.reservation-7799998946-5p2cf,container_memory_working_set_bytes,12992512.0
1744295898,kashef-k8s-w1.search-8677798cf5-srst6,container_memory_working_set_bytes,9031680.0
1744295898,kashef-k8s-ctl.mongodb-recommendation-59d6b7ccf9-x7q72,container_memory_working_set_bytes,160960512.0
1744295898,kashef-k8s-w1.mongodb-user-6d96648ddc-rxzsw,container_memory_working_set_bytes,160407552.0
1744295898,kashef-k8s-w1.consul-56f5cf4f78-5hs85,container_memory_working_set_bytes,34476032.0
1744295898,kashef-k8s-w1.memcached-rate-bcc5c97f8-lck87,container_memory_working_set_bytes,5173248.0
1744295898,kashef-k8s-ctl.user-698454f8c4-cfb58,container_memory_working_set_bytes,6447104.0
1744295901,kashef-k8s-w1.consul-56f5cf4f78-5hs85,container_memory_working_set_bytes,34476032.0
1744295901,kashef-k8s-w1.memcached-rate-bcc5c97f8-lck87,container_memory_working_set_bytes,5173248.0
1744295901,kashef-k8s-ctl.mongodb-reservation-7b474745f-9r8br,container_memory_working_set_bytes,161361920.0
1744295901,kashef-k8s-ctl.mongodb-profile-6bb85f4df7-zzcmp,container_memory_working_set_bytes,161484800.0
1744295901,kashef-k8s-ctl.mongodb-recommendation-59d6b7ccf9-x7q72,container_memory_working_set_bytes,160960512.0
1744295901,kashef-k8s-w1.mongodb-user-6d96648ddc-rxzsw,container_memory_working_set_bytes,160407552.0
1744295901,kashef-k8s-ctl.rate-66d9d98f67-x7hpv,container_memory_working_set_bytes,8777728.0
1744295901,kashef-k8s-ctl.jaeger-5d885bcf88-txgt9,container_memory_working_set_bytes,33325056.0
1744295901,kashef-k8s-ctl.reservation-7799998946-5p2cf,container_memory_working_set_bytes,8445952.0
1744295901,kashef-k8s-w1.memcached-profile-7d6fcb6b8-9ft2j,container_memory_working_set_bytes,5111808.0
1744295901,kashef-k8s-ctl.frontend-7d9d864798-lbt5f,container_memory_working_set_bytes,9515008.0
1744295901,kashef-k8s-w1.mongodb-geo-86b59b75f4-bsnk9,container_memory_working_set_bytes,161234944.0
1744295901,kashef-k8s-ctl.profile-6c9f4cc75f-pvpfq,container_memory_working_set_bytes,8437760.0
1744295901,kashef-k8s-w1.search-8677798cf5-srst6,container_memory_working_set_bytes,9031680.0
1744295901,kashef-k8s-ctl.mongodb-rate-785b799bbc-q2nw6,container_memory_working_set_bytes,163667968.0
1744295901,kashef-k8s-w1.memcached-reserve-bdcb467b4-xqh7s,container_memory_working_set_bytes,4018176.0
1744295901,kashef-k8s-ctl.user-698454f8c4-cfb58,container_memory_working_set_bytes,6533120.0
1744295901,kashef-k8s-w1.geo-bd9dfdb45-lwzmb,container_memory_working_set_bytes,7831552.0
1744295901,kashef-k8s-w1.recommendation-6494d54897-gtmjd,container_memory_working_set_bytes,8052736.0
1744295904,kashef-k8s-ctl.jaeger-5d885bcf88-txgt9,container_memory_working_set_bytes,33325056.0
1744295904,kashef-k8s-ctl.mongodb-recommendation-59d6b7ccf9-x7q72,container_memory_working_set_bytes,160960512.0
1744295904,kashef-k8s-ctl.rate-66d9d98f67-x7hpv,container_memory_working_set_bytes,8777728.0
1744295904,kashef-k8s-w1.consul-56f5cf4f78-5hs85,container_memory_working_set_bytes,34476032.0
1744295904,kashef-k8s-w1.search-8677798cf5-srst6,container_memory_working_set_bytes,9031680.0
1744295904,kashef-k8s-ctl.reservation-7799998946-5p2cf,container_memory_working_set_bytes,8445952.0
1744295904,kashef-k8s-ctl.frontend-7d9d864798-lbt5f,container_memory_working_set_bytes,9515008.0
1744295904,kashef-k8s-w1.memcached-profile-7d6fcb6b8-9ft2j,container_memory_working_set_bytes,5111808.0
1744295904,kashef-k8s-w1.recommendation-6494d54897-gtmjd,container_memory_working_set_bytes,8052736.0
1744295904,kashef-k8s-w1.mongodb-user-6d96648ddc-rxzsw,container_memory_working_set_bytes,160407552.0
1744295904,kashef-k8s-ctl.mongodb-profile-6bb85f4df7-zzcmp,container_memory_working_set_bytes,161484800.0
1744295904,kashef-k8s-w1.mongodb-geo-86b59b75f4-bsnk9,container_memory_working_set_bytes,161234944.0
1744295904,kashef-k8s-ctl.mongodb-reservation-7b474745f-9r8br,container_memory_working_set_bytes,161361920.0
1744295904,kashef-k8s-ctl.user-698454f8c4-cfb58,container_memory_working_set_bytes,6533120.0
1744295904,kashef-k8s-ctl.profile-6c9f4cc75f-pvpfq,container_memory_working_set_bytes,8437760.0
1744295904,kashef-k8s-w1.geo-bd9dfdb45-lwzmb,container_memory_working_set_bytes,7831552.0
1744295904,kashef-k8s-w1.memcached-rate-bcc5c97f8-lck87,container_memory_working_set_bytes,5173248.0
1744295904,kashef-k8s-ctl.mongodb-rate-785b799bbc-q2nw6,container_memory_working_set_bytes,163667968.0
1744295904,kashef-k8s-w1.memcached-reserve-bdcb467b4-xqh7s,container_memory_working_set_bytes,4018176.0
1744295907,kashef-k8s-ctl.frontend-7d9d864798-lbt5f,container_memory_working_set_bytes,9515008.0
1744295907,kashef-k8s-w1.memcached-profile-7d6fcb6b8-9ft2j,container_memory_working_set_bytes,5111808.0
1744295907,kashef-k8s-w1.mongodb-geo-86b59b75f4-bsnk9,container_memory_working_set_bytes,161234944.0
1744295907,kashef-k8s-w1.search-8677798cf5-srst6,container_memory_working_set_bytes,9031680.0
1744295907,kashef-k8s-ctl.mongodb-recommendation-59d6b7ccf9-x7q72,container_memory_working_set_bytes,160960512.0
1744295907,kashef-k8s-ctl.rate-66d9d98f67-x7hpv,container_memory_working_set_bytes,8777728.0
1744295907,kashef-k8s-w1.mongodb-user-6d96648ddc-rxzsw,container_memory_working_set_bytes,160407552.0
1744295907,kashef-k8s-ctl.mongodb-reservation-7b474745f-9r8br,container_memory_working_set_bytes,161361920.0
1744295907,kashef-k8s-w1.recommendation-6494d54897-gtmjd,container_memory_working_set_bytes,8052736.0
1744295907,kashef-k8s-ctl.mongodb-profile-6bb85f4df7-zzcmp,container_memory_working_set_bytes,161484800.0
1744295907,kashef-k8s-w1.consul-56f5cf4f78-5hs85,container_memory_working_set_bytes,34607104.0
1744295907,kashef-k8s-ctl.profile-6c9f4cc75f-pvpfq,container_memory_working_set_bytes,8437760.0
1744295907,kashef-k8s-w1.memcached-reserve-bdcb467b4-xqh7s,container_memory_working_set_bytes,4018176.0
1744295907,kashef-k8s-ctl.mongodb-rate-785b799bbc-q2nw6,container_memory_working_set_bytes,163667968.0
1744295907,kashef-k8s-ctl.reservation-7799998946-5p2cf,container_memory_working_set_bytes,8445952.0
1744295907,kashef-k8s-ctl.jaeger-5d885bcf88-txgt9,container_memory_working_set_bytes,33325056.0
1744295907,kashef-k8s-w1.geo-bd9dfdb45-lwzmb,container_memory_working_set_bytes,7831552.0
1744295907,kashef-k8s-ctl.user-698454f8c4-cfb58,container_memory_working_set_bytes,6533120.0
1744295907,kashef-k8s-w1.memcached-rate-bcc5c97f8-lck87,container_memory_working_set_bytes,5173248.0
1744295910,kashef-k8s-w1.consul-56f5cf4f78-5hs85,container_memory_working_set_bytes,34607104.0
1744295910,kashef-k8s-ctl.mongodb-recommendation-59d6b7ccf9-x7q72,container_memory_working_set_bytes,160960512.0
1744295910,kashef-k8s-ctl.jaeger-5d885bcf88-txgt9,container_memory_working_set_bytes,33325056.0
1744295910,kashef-k8s-w1.mongodb-user-6d96648ddc-rxzsw,container_memory_working_set_bytes,160407552.0
1744295910,kashef-k8s-w1.memcached-profile-7d6fcb6b8-9ft2j,container_memory_working_set_bytes,5111808.0
1744295910,kashef-k8s-ctl.user-698454f8c4-cfb58,container_memory_working_set_bytes,6533120.0
1744295910,kashef-k8s-ctl.mongodb-profile-6bb85f4df7-zzcmp,container_memory_working_set_bytes,161484800.0
1744295910,kashef-k8s-w1.memcached-reserve-bdcb467b4-xqh7s,container_memory_working_set_bytes,4018176.0
1744295910,kashef-k8s-w1.recommendation-6494d54897-gtmjd,container_memory_working_set_bytes,7684096.0
1744295910,kashef-k8s-ctl.reservation-7799998946-5p2cf,container_memory_working_set_bytes,8445952.0
1744295910,kashef-k8s-ctl.mongodb-rate-785b799bbc-q2nw6,container_memory_working_set_bytes,163667968.0
1744295910,kashef-k8s-ctl.frontend-7d9d864798-lbt5f,container_memory_working_set_bytes,9515008.0
1744295910,kashef-k8s-w1.memcached-rate-bcc5c97f8-lck87,container_memory_working_set_bytes,5173248.0
1744295910,kashef-k8s-w1.mongodb-geo-86b59b75f4-bsnk9,container_memory_working_set_bytes,161263616.0
1744295910,kashef-k8s-w1.geo-bd9dfdb45-lwzmb,container_memory_working_set_bytes,7827456.0
1744295910,kashef-k8s-w1.search-8677798cf5-srst6,container_memory_working_set_bytes,9031680.0
1744295910,kashef-k8s-ctl.profile-6c9f4cc75f-pvpfq,container_memory_working_set_bytes,8437760.0
1744295910,kashef-k8s-ctl.mongodb-reservation-7b474745f-9r8br,container_memory_working_set_bytes,161361920.0
1744295910,kashef-k8s-ctl.rate-66d9d98f67-x7hpv,container_memory_working_set_bytes,8777728.0
1744295913,kashef-k8s-w1.memcached-profile-7d6fcb6b8-9ft2j,container_memory_working_set_bytes,5111808.0
1744295913,kashef-k8s-ctl.mongodb-recommendation-59d6b7ccf9-x7q72,container_memory_working_set_bytes,160960512.0
1744295913,kashef-k8s-ctl.mongodb-profile-6bb85f4df7-zzcmp,container_memory_working_set_bytes,161484800.0
1744295913,kashef-k8s-w1.mongodb-user-6d96648ddc-rxzsw,container_memory_working_set_bytes,160407552.0
1744295913,kashef-k8s-w1.memcached-reserve-bdcb467b4-xqh7s,container_memory_working_set_bytes,4018176.0
1744295913,kashef-k8s-w1.mongodb-geo-86b59b75f4-bsnk9,container_memory_working_set_bytes,161263616.0
1744295913,kashef-k8s-ctl.reservation-7799998946-5p2cf,container_memory_working_set_bytes,8445952.0
1744295913,kashef-k8s-w1.geo-bd9dfdb45-lwzmb,container_memory_working_set_bytes,7827456.0
1744295913,kashef-k8s-w1.search-8677798cf5-srst6,container_memory_working_set_bytes,9031680.0
1744295913,kashef-k8s-ctl.user-698454f8c4-cfb58,container_memory_working_set_bytes,6533120.0
1744295913,kashef-k8s-w1.consul-56f5cf4f78-5hs85,container_memory_working_set_bytes,34607104.0
1744295913,kashef-k8s-ctl.rate-66d9d98f67-x7hpv,container_memory_working_set_bytes,8777728.0
1744295913,kashef-k8s-ctl.jaeger-5d885bcf88-txgt9,container_memory_working_set_bytes,33325056.0
1744295913,kashef-k8s-ctl.frontend-7d9d864798-lbt5f,container_memory_working_set_bytes,9515008.0
1744295913,kashef-k8s-ctl.mongodb-rate-785b799bbc-q2nw6,container_memory_working_set_bytes,163667968.0
1744295913,kashef-k8s-w1.recommendation-6494d54897-gtmjd,container_memory_working_set_bytes,7684096.0
1744295913,kashef-k8s-w1.memcached-rate-bcc5c97f8-lck87,container_memory_working_set_bytes,5173248.0
1744295913,kashef-k8s-ctl.profile-6c9f4cc75f-pvpfq,container_memory_working_set_bytes,8437760.0
1744295913,kashef-k8s-ctl.mongodb-reservation-7b474745f-9r8br,container_memory_working_set_bytes,161361920.0
1744295916,kashef-k8s-w1.consul-56f5cf4f78-5hs85,container_memory_working_set_bytes,34607104.0
1744295916,kashef-k8s-ctl.mongodb-reservation-7b474745f-9r8br,container_memory_working_set_bytes,161361920.0
1744295916,kashef-k8s-ctl.frontend-7d9d864798-lbt5f,container_memory_working_set_bytes,9515008.0
1744295916,kashef-k8s-ctl.profile-6c9f4cc75f-pvpfq,container_memory_working_set_bytes,8437760.0
1744295916,kashef-k8s-ctl.rate-66d9d98f67-x7hpv,container_memory_working_set_bytes,8777728.0
1744295916,kashef-k8s-ctl.mongodb-profile-6bb85f4df7-zzcmp,container_memory_working_set_bytes,161484800.0
1744295916,kashef-k8s-w1.mongodb-user-6d96648ddc-rxzsw,container_memory_working_set_bytes,160407552.0
1744295916,kashef-k8s-ctl.jaeger-5d885bcf88-txgt9,container_memory_working_set_bytes,33325056.0
1744295916,kashef-k8s-w1.recommendation-6494d54897-gtmjd,container_memory_working_set_bytes,7684096.0
1744295916,kashef-k8s-ctl.reservation-7799998946-5p2cf,container_memory_working_set_bytes,8445952.0
1744295916,kashef-k8s-w1.memcached-profile-7d6fcb6b8-9ft2j,container_memory_working_set_bytes,5111808.0
1744295916,kashef-k8s-w1.search-8677798cf5-srst6,container_memory_working_set_bytes,9031680.0
1744295916,kashef-k8s-ctl.user-698454f8c4-cfb58,container_memory_working_set_bytes,6533120.0
1744295916,kashef-k8s-w1.mongodb-geo-86b59b75f4-bsnk9,container_memory_working_set_bytes,161263616.0
1744295916,kashef-k8s-w1.geo-bd9dfdb45-lwzmb,container_memory_working_set_bytes,7827456.0
1744295916,kashef-k8s-w1.memcached-reserve-bdcb467b4-xqh7s,container_memory_working_set_bytes,4018176.0
1744295916,kashef-k8s-ctl.mongodb-rate-785b799bbc-q2nw6,container_memory_working_set_bytes,163926016.0
1744295916,kashef-k8s-ctl.mongodb-recommendation-59d6b7ccf9-x7q72,container_memory_working_set_bytes,160960512.0
1744295916,kashef-k8s-w1.memcached-rate-bcc5c97f8-lck87,container_memory_working_set_bytes,5173248.0
1744295919,kashef-k8s-ctl.user-698454f8c4-cfb58,container_memory_working_set_bytes,6533120.0
1744295919,kashef-k8s-ctl.frontend-7d9d864798-lbt5f,container_memory_working_set_bytes,9515008.0
1744295919,kashef-k8s-w1.recommendation-6494d54897-gtmjd,container_memory_working_set_bytes,7684096.0
1744295919,kashef-k8s-ctl.jaeger-5d885bcf88-txgt9,container_memory_working_set_bytes,33325056.0
1744295919,kashef-k8s-w1.mongodb-user-6d96648ddc-rxzsw,container_memory_working_set_bytes,160407552.0
1744295919,kashef-k8s-w1.mongodb-geo-86b59b75f4-bsnk9,container_memory_working_set_bytes,161263616.0
1744295919,kashef-k8s-ctl.mongodb-profile-6bb85f4df7-zzcmp,container_memory_working_set_bytes,161484800.0
1744295919,kashef-k8s-w1.memcached-reserve-bdcb467b4-xqh7s,container_memory_working_set_bytes,4018176.0
1744295919,kashef-k8s-ctl.reservation-7799998946-5p2cf,container_memory_working_set_bytes,8445952.0
1744295919,kashef-k8s-w1.search-8677798cf5-srst6,container_memory_working_set_bytes,9031680.0
1744295919,kashef-k8s-ctl.mongodb-recommendation-59d6b7ccf9-x7q72,container_memory_working_set_bytes,160960512.0
1744295919,kashef-k8s-ctl.profile-6c9f4cc75f-pvpfq,container_memory_working_set_bytes,8437760.0
1744295919,kashef-k8s-w1.geo-bd9dfdb45-lwzmb,container_memory_working_set_bytes,7827456.0
1744295919,kashef-k8s-w1.consul-56f5cf4f78-5hs85,container_memory_working_set_bytes,34607104.0
1744295919,kashef-k8s-ctl.mongodb-reservation-7b474745f-9r8br,container_memory_working_set_bytes,161361920.0
1744295919,kashef-k8s-w1.memcached-profile-7d6fcb6b8-9ft2j,container_memory_working_set_bytes,5111808.0
1744295919,kashef-k8s-ctl.mongodb-rate-785b799bbc-q2nw6,container_memory_working_set_bytes,163926016.0
1744295919,kashef-k8s-ctl.rate-66d9d98f67-x7hpv,container_memory_working_set_bytes,8777728.0
1744295919,kashef-k8s-w1.memcached-rate-bcc5c97f8-lck87,container_memory_working_set_bytes,5173248.0
1744295922,kashef-k8s-ctl.rate-66d9d98f67-x7hpv,container_memory_working_set_bytes,8777728.0
1744295922,kashef-k8s-w1.memcached-rate-bcc5c97f8-lck87,container_memory_working_set_bytes,5173248.0
1744295922,kashef-k8s-w1.consul-56f5cf4f78-5hs85,container_memory_working_set_bytes,34607104.0
1744295922,kashef-k8s-w1.search-8677798cf5-srst6,container_memory_working_set_bytes,9031680.0
1744295922,kashef-k8s-ctl.reservation-7799998946-5p2cf,container_memory_working_set_bytes,8445952.0
1744295922,kashef-k8s-ctl.user-698454f8c4-cfb58,container_memory_working_set_bytes,6533120.0
1744295922,kashef-k8s-w1.memcached-profile-7d6fcb6b8-9ft2j,container_memory_working_set_bytes,5111808.0
1744295922,kashef-k8s-ctl.mongodb-profile-6bb85f4df7-zzcmp,container_memory_working_set_bytes,161484800.0
1744295922,kashef-k8s-ctl.mongodb-recommendation-59d6b7ccf9-x7q72,container_memory_working_set_bytes,160960512.0
1744295922,kashef-k8s-w1.geo-bd9dfdb45-lwzmb,container_memory_working_set_bytes,7827456.0
1744295922,kashef-k8s-w1.mongodb-geo-86b59b75f4-bsnk9,container_memory_working_set_bytes,161263616.0
1744295922,kashef-k8s-w1.memcached-reserve-bdcb467b4-xqh7s,container_memory_working_set_bytes,4018176.0
1744295922,kashef-k8s-ctl.jaeger-5d885bcf88-txgt9,container_memory_working_set_bytes,33325056.0
1744295922,kashef-k8s-w1.mongodb-user-6d96648ddc-rxzsw,container_memory_working_set_bytes,160407552.0
1744295922,kashef-k8s-ctl.frontend-7d9d864798-lbt5f,container_memory_working_set_bytes,9515008.0
1744295922,kashef-k8s-w1.recommendation-6494d54897-gtmjd,container_memory_working_set_bytes,7684096.0
1744295922,kashef-k8s-ctl.mongodb-rate-785b799bbc-q2nw6,container_memory_working_set_bytes,163926016.0
1744295922,kashef-k8s-ctl.mongodb-reservation-7b474745f-9r8br,container_memory_working_set_bytes,161361920.0
1744295922,kashef-k8s-ctl.profile-6c9f4cc75f-pvpfq,container_memory_working_set_bytes,8437760.0
1744295925,kashef-k8s-w1.memcached-reserve-bdcb467b4-xqh7s,container_memory_working_set_bytes,4018176.0
1744295925,kashef-k8s-w1.memcached-rate-bcc5c97f8-lck87,container_memory_working_set_bytes,5173248.0
1744295925,kashef-k8s-ctl.mongodb-profile-6bb85f4df7-zzcmp,container_memory_working_set_bytes,161484800.0
1744295925,kashef-k8s-w1.mongodb-geo-86b59b75f4-bsnk9,container_memory_working_set_bytes,161263616.0
1744295925,kashef-k8s-ctl.frontend-7d9d864798-lbt5f,container_memory_working_set_bytes,9515008.0
1744295925,kashef-k8s-w1.mongodb-user-6d96648ddc-rxzsw,container_memory_working_set_bytes,160407552.0
1744295925,kashef-k8s-w1.geo-bd9dfdb45-lwzmb,container_memory_working_set_bytes,7827456.0
1744295925,kashef-k8s-ctl.mongodb-recommendation-59d6b7ccf9-x7q72,container_memory_working_set_bytes,161038336.0
1744295925,kashef-k8s-ctl.user-698454f8c4-cfb58,container_memory_working_set_bytes,6533120.0
1744295925,kashef-k8s-w1.memcached-profile-7d6fcb6b8-9ft2j,container_memory_working_set_bytes,5111808.0
1744295925,kashef-k8s-w1.search-8677798cf5-srst6,container_memory_working_set_bytes,9031680.0
1744295925,kashef-k8s-w1.consul-56f5cf4f78-5hs85,container_memory_working_set_bytes,34607104.0
1744295925,kashef-k8s-ctl.rate-66d9d98f67-x7hpv,container_memory_working_set_bytes,8814592.0
1744295925,kashef-k8s-ctl.reservation-7799998946-5p2cf,container_memory_working_set_bytes,8445952.0
1744295925,kashef-k8s-ctl.profile-6c9f4cc75f-pvpfq,container_memory_working_set_bytes,8437760.0
1744295925,kashef-k8s-ctl.jaeger-5d885bcf88-txgt9,container_memory_working_set_bytes,33325056.0
1744295925,kashef-k8s-ctl.mongodb-reservation-7b474745f-9r8br,container_memory_working_set_bytes,161378304.0
1744295925,kashef-k8s-w1.recommendation-6494d54897-gtmjd,container_memory_working_set_bytes,7684096.0
1744295925,kashef-k8s-ctl.mongodb-rate-785b799bbc-q2nw6,container_memory_working_set_bytes,163926016.0
1744295928,kashef-k8s-ctl.mongodb-recommendation-59d6b7ccf9-x7q72,container_memory_working_set_bytes,161038336.0
1744295928,kashef-k8s-w1.search-8677798cf5-srst6,container_memory_working_set_bytes,9031680.0
1744295928,kashef-k8s-w1.consul-56f5cf4f78-5hs85,container_memory_working_set_bytes,34607104.0
1744295928,kashef-k8s-w1.memcached-profile-7d6fcb6b8-9ft2j,container_memory_working_set_bytes,5111808.0
1744295928,kashef-k8s-w1.geo-bd9dfdb45-lwzmb,container_memory_working_set_bytes,7823360.0
1744295928,kashef-k8s-ctl.mongodb-profile-6bb85f4df7-zzcmp,container_memory_working_set_bytes,161484800.0
1744295928,kashef-k8s-ctl.user-698454f8c4-cfb58,container_memory_working_set_bytes,6533120.0
1744295928,kashef-k8s-w1.memcached-rate-bcc5c97f8-lck87,container_memory_working_set_bytes,5173248.0
1744295928,kashef-k8s-w1.mongodb-geo-86b59b75f4-bsnk9,container_memory_working_set_bytes,161263616.0
1744295928,kashef-k8s-ctl.mongodb-rate-785b799bbc-q2nw6,container_memory_working_set_bytes,163926016.0
1744295928,kashef-k8s-ctl.profile-6c9f4cc75f-pvpfq,container_memory_working_set_bytes,8450048.0
1744295928,kashef-k8s-w1.mongodb-user-6d96648ddc-rxzsw,container_memory_working_set_bytes,160407552.0
1744295928,kashef-k8s-w1.recommendation-6494d54897-gtmjd,container_memory_working_set_bytes,7684096.0
1744295928,kashef-k8s-ctl.jaeger-5d885bcf88-txgt9,container_memory_working_set_bytes,33325056.0
1744295928,kashef-k8s-w1.memcached-reserve-bdcb467b4-xqh7s,container_memory_working_set_bytes,4018176.0
1744295928,kashef-k8s-ctl.frontend-7d9d864798-lbt5f,container_memory_working_set_bytes,9515008.0
1744295928,kashef-k8s-ctl.reservation-7799998946-5p2cf,container_memory_working_set_bytes,8445952.0
1744295928,kashef-k8s-ctl.mongodb-reservation-7b474745f-9r8br,container_memory_working_set_bytes,161378304.0
1744295928,kashef-k8s-ctl.rate-66d9d98f67-x7hpv,container_memory_working_set_bytes,8814592.0
1744295931,kashef-k8s-w1.consul-56f5cf4f78-5hs85,container_memory_working_set_bytes,34607104.0
1744295931,kashef-k8s-ctl.frontend-7d9d864798-lbt5f,container_memory_working_set_bytes,9515008.0
1744295931,kashef-k8s-w1.memcached-reserve-bdcb467b4-xqh7s,container_memory_working_set_bytes,4018176.0
1744295931,kashef-k8s-w1.recommendation-6494d54897-gtmjd,container_memory_working_set_bytes,7684096.0
1744295931,kashef-k8s-ctl.mongodb-rate-785b799bbc-q2nw6,container_memory_working_set_bytes,163926016.0
1744295931,kashef-k8s-ctl.profile-6c9f4cc75f-pvpfq,container_memory_working_set_bytes,8450048.0
1744295931,kashef-k8s-ctl.mongodb-profile-6bb85f4df7-zzcmp,container_memory_working_set_bytes,161624064.0
1744295931,kashef-k8s-ctl.user-698454f8c4-cfb58,container_memory_working_set_bytes,6533120.0
1744295931,kashef-k8s-ctl.jaeger-5d885bcf88-txgt9,container_memory_working_set_bytes,33325056.0
1744295931,kashef-k8s-w1.geo-bd9dfdb45-lwzmb,container_memory_working_set_bytes,7823360.0
1744295931,kashef-k8s-w1.mongodb-user-6d96648ddc-rxzsw,container_memory_working_set_bytes,160407552.0
1744295931,kashef-k8s-w1.search-8677798cf5-srst6,container_memory_working_set_bytes,9031680.0
1744295931,kashef-k8s-ctl.mongodb-recommendation-59d6b7ccf9-x7q72,container_memory_working_set_bytes,161038336.0
1744295931,kashef-k8s-ctl.rate-66d9d98f67-x7hpv,container_memory_working_set_bytes,8814592.0
1744295931,kashef-k8s-w1.mongodb-geo-86b59b75f4-bsnk9,container_memory_working_set_bytes,161271808.0
1744295931,kashef-k8s-w1.memcached-profile-7d6fcb6b8-9ft2j,container_memory_working_set_bytes,5111808.0
1744295931,kashef-k8s-ctl.mongodb-reservation-7b474745f-9r8br,container_memory_working_set_bytes,161378304.0
1744295931,kashef-k8s-ctl.reservation-7799998946-5p2cf,container_memory_working_set_bytes,8511488.0
1744295931,kashef-k8s-w1.memcached-rate-bcc5c97f8-lck87,container_memory_working_set_bytes,5173248.0
1744295934,kashef-k8s-w1.memcached-reserve-bdcb467b4-xqh7s,container_memory_working_set_bytes,4018176.0
1744295934,kashef-k8s-ctl.frontend-7d9d864798-lbt5f,container_memory_working_set_bytes,9515008.0
1744295934,kashef-k8s-ctl.profile-6c9f4cc75f-pvpfq,container_memory_working_set_bytes,8450048.0
1744295934,kashef-k8s-w1.geo-bd9dfdb45-lwzmb,container_memory_working_set_bytes,7823360.0
1744295934,kashef-k8s-w1.consul-56f5cf4f78-5hs85,container_memory_working_set_bytes,34607104.0
1744295934,kashef-k8s-ctl.mongodb-rate-785b799bbc-q2nw6,container_memory_working_set_bytes,163926016.0
1744295934,kashef-k8s-w1.search-8677798cf5-srst6,container_memory_working_set_bytes,9031680.0
1744295934,kashef-k8s-w1.memcached-profile-7d6fcb6b8-9ft2j,container_memory_working_set_bytes,5111808.0
1744295934,kashef-k8s-w1.mongodb-geo-86b59b75f4-bsnk9,container_memory_working_set_bytes,161271808.0
1744295934,kashef-k8s-w1.recommendation-6494d54897-gtmjd,container_memory_working_set_bytes,7684096.0
1744295934,kashef-k8s-ctl.rate-66d9d98f67-x7hpv,container_memory_working_set_bytes,8814592.0
1744295934,kashef-k8s-ctl.user-698454f8c4-cfb58,container_memory_working_set_bytes,6533120.0
1744295934,kashef-k8s-ctl.mongodb-profile-6bb85f4df7-zzcmp,container_memory_working_set_bytes,161624064.0
1744295934,kashef-k8s-w1.mongodb-user-6d96648ddc-rxzsw,container_memory_working_set_bytes,160407552.0
1744295934,kashef-k8s-ctl.jaeger-5d885bcf88-txgt9,container_memory_working_set_bytes,33325056.0
1744295934,kashef-k8s-ctl.mongodb-reservation-7b474745f-9r8br,container_memory_working_set_bytes,161378304.0
1744295934,kashef-k8s-ctl.mongodb-recommendation-59d6b7ccf9-x7q72,container_memory_working_set_bytes,161038336.0
1744295934,kashef-k8s-ctl.reservation-7799998946-5p2cf,container_memory_working_set_bytes,8511488.0
1744295934,kashef-k8s-w1.memcached-rate-bcc5c97f8-lck87,container_memory_working_set_bytes,5173248.0
1744295937,kashef-k8s-ctl.mongodb-reservation-7b474745f-9r8br,container_memory_working_set_bytes,161378304.0
1744295937,kashef-k8s-w1.memcached-rate-bcc5c97f8-lck87,container_memory_working_set_bytes,5173248.0
1744295937,kashef-k8s-ctl.mongodb-recommendation-59d6b7ccf9-x7q72,container_memory_working_set_bytes,161038336.0
1744295937,kashef-k8s-ctl.reservation-7799998946-5p2cf,container_memory_working_set_bytes,8511488.0
1744295937,kashef-k8s-w1.search-8677798cf5-srst6,container_memory_working_set_bytes,9031680.0
1744295937,kashef-k8s-w1.mongodb-geo-86b59b75f4-bsnk9,container_memory_working_set_bytes,161271808.0
1744295937,kashef-k8s-w1.mongodb-user-6d96648ddc-rxzsw,container_memory_working_set_bytes,160407552.0
1744295937,kashef-k8s-w1.recommendation-6494d54897-gtmjd,container_memory_working_set_bytes,7811072.0
1744295937,kashef-k8s-ctl.user-698454f8c4-cfb58,container_memory_working_set_bytes,6533120.0
1744295937,kashef-k8s-ctl.jaeger-5d885bcf88-txgt9,container_memory_working_set_bytes,33325056.0
1744295937,kashef-k8s-w1.memcached-reserve-bdcb467b4-xqh7s,container_memory_working_set_bytes,4018176.0
1744295937,kashef-k8s-ctl.mongodb-profile-6bb85f4df7-zzcmp,container_memory_working_set_bytes,161624064.0
1744295937,kashef-k8s-ctl.rate-66d9d98f67-x7hpv,container_memory_working_set_bytes,8814592.0
1744295937,kashef-k8s-w1.geo-bd9dfdb45-lwzmb,container_memory_working_set_bytes,7823360.0
1744295937,kashef-k8s-w1.memcached-profile-7d6fcb6b8-9ft2j,container_memory_working_set_bytes,5111808.0
1744295937,kashef-k8s-ctl.mongodb-rate-785b799bbc-q2nw6,container_memory_working_set_bytes,163926016.0
1744295937,kashef-k8s-w1.consul-56f5cf4f78-5hs85,container_memory_working_set_bytes,35102720.0
1744295937,kashef-k8s-ctl.profile-6c9f4cc75f-pvpfq,container_memory_working_set_bytes,8450048.0
1744295937,kashef-k8s-ctl.frontend-7d9d864798-lbt5f,container_memory_working_set_bytes,9515008.0
1744295940,kashef-k8s-w1.recommendation-6494d54897-gtmjd,container_memory_working_set_bytes,7811072.0
1744295940,kashef-k8s-w1.search-8677798cf5-srst6,container_memory_working_set_bytes,9031680.0
1744295940,kashef-k8s-w1.mongodb-user-6d96648ddc-rxzsw,container_memory_working_set_bytes,160407552.0
1744295940,kashef-k8s-ctl.rate-66d9d98f67-x7hpv,container_memory_working_set_bytes,8814592.0
1744295940,kashef-k8s-w1.memcached-profile-7d6fcb6b8-9ft2j,container_memory_working_set_bytes,5111808.0
1744295940,kashef-k8s-ctl.profile-6c9f4cc75f-pvpfq,container_memory_working_set_bytes,8450048.0
1744295940,kashef-k8s-ctl.mongodb-rate-785b799bbc-q2nw6,container_memory_working_set_bytes,163926016.0
1744295940,kashef-k8s-w1.mongodb-geo-86b59b75f4-bsnk9,container_memory_working_set_bytes,161271808.0
1744295940,kashef-k8s-ctl.user-698454f8c4-cfb58,container_memory_working_set_bytes,6533120.0
1744295940,kashef-k8s-ctl.mongodb-reservation-7b474745f-9r8br,container_memory_working_set_bytes,161378304.0
1744295940,kashef-k8s-w1.memcached-reserve-bdcb467b4-xqh7s,container_memory_working_set_bytes,4018176.0
1744295940,kashef-k8s-w1.consul-56f5cf4f78-5hs85,container_memory_working_set_bytes,35102720.0
1744295940,kashef-k8s-ctl.reservation-7799998946-5p2cf,container_memory_working_set_bytes,8511488.0
1744295940,kashef-k8s-ctl.mongodb-recommendation-59d6b7ccf9-x7q72,container_memory_working_set_bytes,161038336.0
1744295940,kashef-k8s-ctl.mongodb-profile-6bb85f4df7-zzcmp,container_memory_working_set_bytes,161624064.0
1744295940,kashef-k8s-ctl.jaeger-5d885bcf88-txgt9,container_memory_working_set_bytes,33325056.0
1744295940,kashef-k8s-w1.geo-bd9dfdb45-lwzmb,container_memory_working_set_bytes,7823360.0
1744295940,kashef-k8s-ctl.frontend-7d9d864798-lbt5f,container_memory_working_set_bytes,9515008.0
1744295940,kashef-k8s-w1.memcached-rate-bcc5c97f8-lck87,container_memory_working_set_bytes,5173248.0
1744295943,kashef-k8s-ctl.mongodb-profile-6bb85f4df7-zzcmp,container_memory_working_set_bytes,161624064.0
1744295943,kashef-k8s-ctl.mongodb-recommendation-59d6b7ccf9-x7q72,container_memory_working_set_bytes,161038336.0
1744295943,kashef-k8s-ctl.reservation-7799998946-5p2cf,container_memory_working_set_bytes,8511488.0
1744295943,kashef-k8s-w1.geo-bd9dfdb45-lwzmb,container_memory_working_set_bytes,7823360.0
1744295943,kashef-k8s-ctl.jaeger-5d885bcf88-txgt9,container_memory_working_set_bytes,33325056.0
1744295943,kashef-k8s-ctl.profile-6c9f4cc75f-pvpfq,container_memory_working_set_bytes,8450048.0
1744295943,kashef-k8s-ctl.user-698454f8c4-cfb58,container_memory_working_set_bytes,6533120.0
1744295943,kashef-k8s-ctl.frontend-7d9d864798-lbt5f,container_memory_working_set_bytes,9515008.0
1744295943,kashef-k8s-ctl.rate-66d9d98f67-x7hpv,container_memory_working_set_bytes,8814592.0
1744295943,kashef-k8s-ctl.mongodb-rate-785b799bbc-q2nw6,container_memory_working_set_bytes,163926016.0
1744295943,kashef-k8s-w1.memcached-rate-bcc5c97f8-lck87,container_memory_working_set_bytes,5173248.0
1744295943,kashef-k8s-w1.recommendation-6494d54897-gtmjd,container_memory_working_set_bytes,7811072.0
1744295943,kashef-k8s-w1.memcached-profile-7d6fcb6b8-9ft2j,container_memory_working_set_bytes,5111808.0
1744295943,kashef-k8s-w1.mongodb-user-6d96648ddc-rxzsw,container_memory_working_set_bytes,160542720.0
1744295943,kashef-k8s-w1.mongodb-geo-86b59b75f4-bsnk9,container_memory_working_set_bytes,161271808.0
1744295943,kashef-k8s-w1.search-8677798cf5-srst6,container_memory_working_set_bytes,9031680.0
1744295943,kashef-k8s-w1.consul-56f5cf4f78-5hs85,container_memory_working_set_bytes,35102720.0
1744295943,kashef-k8s-ctl.mongodb-reservation-7b474745f-9r8br,container_memory_working_set_bytes,161378304.0
1744295943,kashef-k8s-w1.memcached-reserve-bdcb467b4-xqh7s,container_memory_working_set_bytes,4018176.0
1744295946,kashef-k8s-w1.memcached-reserve-bdcb467b4-xqh7s,container_memory_working_set_bytes,4018176.0
1744295946,kashef-k8s-ctl.mongodb-rate-785b799bbc-q2nw6,container_memory_working_set_bytes,163926016.0
1744295946,kashef-k8s-w1.consul-56f5cf4f78-5hs85,container_memory_working_set_bytes,35102720.0
1744295946,kashef-k8s-w1.memcached-profile-7d6fcb6b8-9ft2j,container_memory_working_set_bytes,5111808.0
1744295946,kashef-k8s-ctl.user-698454f8c4-cfb58,container_memory_working_set_bytes,6533120.0
1744295946,kashef-k8s-ctl.rate-66d9d98f67-x7hpv,container_memory_working_set_bytes,8814592.0
1744295946,kashef-k8s-w1.search-8677798cf5-srst6,container_memory_working_set_bytes,9031680.0
1744295946,kashef-k8s-ctl.reservation-7799998946-5p2cf,container_memory_working_set_bytes,8511488.0
1744295946,kashef-k8s-w1.geo-bd9dfdb45-lwzmb,container_memory_working_set_bytes,7823360.0
1744295946,kashef-k8s-ctl.jaeger-5d885bcf88-txgt9,container_memory_working_set_bytes,33325056.0
1744295946,kashef-k8s-ctl.profile-6c9f4cc75f-pvpfq,container_memory_working_set_bytes,8450048.0
1744295946,kashef-k8s-ctl.mongodb-recommendation-59d6b7ccf9-x7q72,container_memory_working_set_bytes,161038336.0
1744295946,kashef-k8s-ctl.mongodb-profile-6bb85f4df7-zzcmp,container_memory_working_set_bytes,161624064.0
1744295946,kashef-k8s-w1.memcached-rate-bcc5c97f8-lck87,container_memory_working_set_bytes,5173248.0
1744295946,kashef-k8s-w1.mongodb-geo-86b59b75f4-bsnk9,container_memory_working_set_bytes,161271808.0
1744295946,kashef-k8s-w1.mongodb-user-6d96648ddc-rxzsw,container_memory_working_set_bytes,160542720.0
1744295946,kashef-k8s-ctl.mongodb-reservation-7b474745f-9r8br,container_memory_working_set_bytes,161378304.0
1744295946,kashef-k8s-w1.recommendation-6494d54897-gtmjd,container_memory_working_set_bytes,7811072.0
1744295946,kashef-k8s-ctl.frontend-7d9d864798-lbt5f,container_memory_working_set_bytes,9515008.0
1744295949,kashef-k8s-w1.search-8677798cf5-srst6,container_memory_working_set_bytes,9031680.0
1744295949,kashef-k8s-ctl.profile-6c9f4cc75f-pvpfq,container_memory_working_set_bytes,8450048.0
1744295949,kashef-k8s-w1.consul-56f5cf4f78-5hs85,container_memory_working_set_bytes,35102720.0
1744295949,kashef-k8s-ctl.mongodb-profile-6bb85f4df7-zzcmp,container_memory_working_set_bytes,161624064.0
1744295949,kashef-k8s-w1.geo-bd9dfdb45-lwzmb,container_memory_working_set_bytes,7823360.0
1744295949,kashef-k8s-w1.memcached-reserve-bdcb467b4-xqh7s,container_memory_working_set_bytes,4018176.0
1744295949,kashef-k8s-ctl.mongodb-rate-785b799bbc-q2nw6,container_memory_working_set_bytes,163926016.0
1744295949,kashef-k8s-ctl.user-698454f8c4-cfb58,container_memory_working_set_bytes,6533120.0
1744295949,kashef-k8s-ctl.mongodb-recommendation-59d6b7ccf9-x7q72,container_memory_working_set_bytes,161038336.0
1744295949,kashef-k8s-ctl.reservation-7799998946-5p2cf,container_memory_working_set_bytes,8511488.0
1744295949,kashef-k8s-ctl.jaeger-5d885bcf88-txgt9,container_memory_working_set_bytes,33325056.0
1744295949,kashef-k8s-w1.mongodb-geo-86b59b75f4-bsnk9,container_memory_working_set_bytes,161271808.0
1744295949,kashef-k8s-w1.recommendation-6494d54897-gtmjd,container_memory_working_set_bytes,7811072.0
1744295949,kashef-k8s-ctl.frontend-7d9d864798-lbt5f,container_memory_working_set_bytes,9515008.0
1744295949,kashef-k8s-w1.mongodb-user-6d96648ddc-rxzsw,container_memory_working_set_bytes,160542720.0
1744295949,kashef-k8s-ctl.rate-66d9d98f67-x7hpv,container_memory_working_set_bytes,8814592.0
1744295949,kashef-k8s-w1.memcached-profile-7d6fcb6b8-9ft2j,container_memory_working_set_bytes,5111808.0
1744295949,kashef-k8s-ctl.mongodb-reservation-7b474745f-9r8br,container_memory_working_set_bytes,161378304.0
1744295949,kashef-k8s-w1.memcached-rate-bcc5c97f8-lck87,container_memory_working_set_bytes,5173248.0
1744295952,kashef-k8s-ctl.mongodb-reservation-7b474745f-9r8br,container_memory_working_set_bytes,161378304.0
1744295952,kashef-k8s-w1.memcached-rate-bcc5c97f8-lck87,container_memory_working_set_bytes,5173248.0
1744295952,kashef-k8s-w1.mongodb-geo-86b59b75f4-bsnk9,container_memory_working_set_bytes,161271808.0
1744295952,kashef-k8s-w1.recommendation-6494d54897-gtmjd,container_memory_working_set_bytes,7811072.0
1744295952,kashef-k8s-w1.memcached-profile-7d6fcb6b8-9ft2j,container_memory_working_set_bytes,5111808.0
1744295952,kashef-k8s-ctl.rate-66d9d98f67-x7hpv,container_memory_working_set_bytes,8220672.0
1744295952,kashef-k8s-w1.mongodb-user-6d96648ddc-rxzsw,container_memory_working_set_bytes,160542720.0
1744295952,kashef-k8s-ctl.frontend-7d9d864798-lbt5f,container_memory_working_set_bytes,9515008.0
1744295952,kashef-k8s-ctl.profile-6c9f4cc75f-pvpfq,container_memory_working_set_bytes,8450048.0
1744295952,kashef-k8s-w1.search-8677798cf5-srst6,container_memory_working_set_bytes,9031680.0
1744295952,kashef-k8s-ctl.jaeger-5d885bcf88-txgt9,container_memory_working_set_bytes,33325056.0
1744295952,kashef-k8s-w1.consul-56f5cf4f78-5hs85,container_memory_working_set_bytes,35102720.0
1744295952,kashef-k8s-ctl.mongodb-recommendation-59d6b7ccf9-x7q72,container_memory_working_set_bytes,161181696.0
1744295952,kashef-k8s-w1.geo-bd9dfdb45-lwzmb,container_memory_working_set_bytes,7823360.0
1744295952,kashef-k8s-ctl.mongodb-profile-6bb85f4df7-zzcmp,container_memory_working_set_bytes,161624064.0
1744295952,kashef-k8s-ctl.mongodb-rate-785b799bbc-q2nw6,container_memory_working_set_bytes,163926016.0
1744295952,kashef-k8s-ctl.reservation-7799998946-5p2cf,container_memory_working_set_bytes,8511488.0
1744295952,kashef-k8s-ctl.user-698454f8c4-cfb58,container_memory_working_set_bytes,6533120.0
1744295952,kashef-k8s-w1.memcached-reserve-bdcb467b4-xqh7s,container_memory_working_set_bytes,4018176.0
1744295955,kashef-k8s-ctl.frontend-7d9d864798-lbt5f,container_memory_working_set_bytes,9515008.0
1744295955,kashef-k8s-ctl.jaeger-5d885bcf88-txgt9,container_memory_working_set_bytes,33325056.0
1744295955,kashef-k8s-ctl.rate-66d9d98f67-x7hpv,container_memory_working_set_bytes,8220672.0
1744295955,kashef-k8s-ctl.reservation-7799998946-5p2cf,container_memory_working_set_bytes,8511488.0
1744295955,kashef-k8s-ctl.mongodb-profile-6bb85f4df7-zzcmp,container_memory_working_set_bytes,161624064.0
1744295955,kashef-k8s-w1.search-8677798cf5-srst6,container_memory_working_set_bytes,9031680.0
1744295955,kashef-k8s-ctl.profile-6c9f4cc75f-pvpfq,container_memory_working_set_bytes,8450048.0
1744295955,kashef-k8s-w1.mongodb-user-6d96648ddc-rxzsw,container_memory_working_set_bytes,160542720.0
1744295955,kashef-k8s-w1.memcached-profile-7d6fcb6b8-9ft2j,container_memory_working_set_bytes,5111808.0
1744295955,kashef-k8s-w1.recommendation-6494d54897-gtmjd,container_memory_working_set_bytes,7811072.0
1744295955,kashef-k8s-w1.mongodb-geo-86b59b75f4-bsnk9,container_memory_working_set_bytes,161271808.0
1744295955,kashef-k8s-w1.consul-56f5cf4f78-5hs85,container_memory_working_set_bytes,35102720.0
1744295955,kashef-k8s-ctl.mongodb-reservation-7b474745f-9r8br,container_memory_working_set_bytes,161378304.0
1744295955,kashef-k8s-ctl.mongodb-recommendation-59d6b7ccf9-x7q72,container_memory_working_set_bytes,161181696.0
1744295955,kashef-k8s-ctl.mongodb-rate-785b799bbc-q2nw6,container_memory_working_set_bytes,163713024.0
1744295955,kashef-k8s-ctl.user-698454f8c4-cfb58,container_memory_working_set_bytes,6610944.0
1744295955,kashef-k8s-w1.memcached-reserve-bdcb467b4-xqh7s,container_memory_working_set_bytes,4018176.0
1744295955,kashef-k8s-w1.memcached-rate-bcc5c97f8-lck87,container_memory_working_set_bytes,5173248.0
1744295955,kashef-k8s-w1.geo-bd9dfdb45-lwzmb,container_memory_working_set_bytes,7823360.0
1744295958,kashef-k8s-w1.search-8677798cf5-srst6,container_memory_working_set_bytes,9031680.0
1744295958,kashef-k8s-ctl.frontend-7d9d864798-lbt5f,container_memory_working_set_bytes,9515008.0
1744295958,kashef-k8s-w1.memcached-reserve-bdcb467b4-xqh7s,container_memory_working_set_bytes,4018176.0
1744295958,kashef-k8s-w1.consul-56f5cf4f78-5hs85,container_memory_working_set_bytes,35102720.0
1744295958,kashef-k8s-ctl.jaeger-5d885bcf88-txgt9,container_memory_working_set_bytes,33325056.0
1744295958,kashef-k8s-w1.mongodb-user-6d96648ddc-rxzsw,container_memory_working_set_bytes,160542720.0
1744295958,kashef-k8s-w1.recommendation-6494d54897-gtmjd,container_memory_working_set_bytes,7811072.0
1744295958,kashef-k8s-ctl.mongodb-reservation-7b474745f-9r8br,container_memory_working_set_bytes,161378304.0
1744295958,kashef-k8s-ctl.rate-66d9d98f67-x7hpv,container_memory_working_set_bytes,8220672.0
1744295958,kashef-k8s-w1.mongodb-geo-86b59b75f4-bsnk9,container_memory_working_set_bytes,161271808.0
1744295958,kashef-k8s-ctl.mongodb-recommendation-59d6b7ccf9-x7q72,container_memory_working_set_bytes,161181696.0
1744295958,kashef-k8s-w1.memcached-profile-7d6fcb6b8-9ft2j,container_memory_working_set_bytes,5111808.0
1744295958,kashef-k8s-ctl.profile-6c9f4cc75f-pvpfq,container_memory_working_set_bytes,8450048.0
1744295958,kashef-k8s-w1.geo-bd9dfdb45-lwzmb,container_memory_working_set_bytes,7823360.0
1744295958,kashef-k8s-ctl.mongodb-rate-785b799bbc-q2nw6,container_memory_working_set_bytes,163713024.0
1744295958,kashef-k8s-w1.memcached-rate-bcc5c97f8-lck87,container_memory_working_set_bytes,5173248.0
1744295958,kashef-k8s-ctl.mongodb-profile-6bb85f4df7-zzcmp,container_memory_working_set_bytes,161628160.0
1744295958,kashef-k8s-ctl.reservation-7799998946-5p2cf,container_memory_working_set_bytes,8519680.0
1744295958,kashef-k8s-ctl.user-698454f8c4-cfb58,container_memory_working_set_bytes,6610944.0
1744295961,kashef-k8s-ctl.mongodb-profile-6bb85f4df7-zzcmp,container_memory_working_set_bytes,161628160.0
1744295961,kashef-k8s-w1.mongodb-geo-86b59b75f4-bsnk9,container_memory_working_set_bytes,161271808.0
1744295961,kashef-k8s-w1.search-8677798cf5-srst6,container_memory_working_set_bytes,9031680.0
1744295961,kashef-k8s-w1.recommendation-6494d54897-gtmjd,container_memory_working_set_bytes,7811072.0
1744295961,kashef-k8s-ctl.rate-66d9d98f67-x7hpv,container_memory_working_set_bytes,8220672.0
1744295961,kashef-k8s-ctl.reservation-7799998946-5p2cf,container_memory_working_set_bytes,8519680.0
1744295961,kashef-k8s-w1.memcached-profile-7d6fcb6b8-9ft2j,container_memory_working_set_bytes,5111808.0
1744295961,kashef-k8s-w1.memcached-reserve-bdcb467b4-xqh7s,container_memory_working_set_bytes,4018176.0
1744295961,kashef-k8s-w1.consul-56f5cf4f78-5hs85,container_memory_working_set_bytes,35258368.0
1744295961,kashef-k8s-ctl.mongodb-recommendation-59d6b7ccf9-x7q72,container_memory_working_set_bytes,161181696.0
1744295961,kashef-k8s-ctl.frontend-7d9d864798-lbt5f,container_memory_working_set_bytes,9515008.0
1744295961,kashef-k8s-ctl.profile-6c9f4cc75f-pvpfq,container_memory_working_set_bytes,8450048.0
1744295961,kashef-k8s-w1.geo-bd9dfdb45-lwzmb,container_memory_working_set_bytes,7823360.0
1744295961,kashef-k8s-w1.mongodb-user-6d96648ddc-rxzsw,container_memory_working_set_bytes,160542720.0
1744295961,kashef-k8s-ctl.jaeger-5d885bcf88-txgt9,container_memory_working_set_bytes,33325056.0
1744295961,kashef-k8s-ctl.mongodb-rate-785b799bbc-q2nw6,container_memory_working_set_bytes,163713024.0
1744295961,kashef-k8s-w1.memcached-rate-bcc5c97f8-lck87,container_memory_working_set_bytes,5173248.0
1744295961,kashef-k8s-ctl.mongodb-reservation-7b474745f-9r8br,container_memory_working_set_bytes,161378304.0
1744295961,kashef-k8s-ctl.user-698454f8c4-cfb58,container_memory_working_set_bytes,6610944.0
1744295964,kashef-k8s-w1.memcached-profile-7d6fcb6b8-9ft2j,container_memory_working_set_bytes,5111808.0
1744295964,kashef-k8s-w1.geo-bd9dfdb45-lwzmb,container_memory_working_set_bytes,7823360.0
1744295964,kashef-k8s-w1.mongodb-user-6d96648ddc-rxzsw,container_memory_working_set_bytes,160542720.0
1744295964,kashef-k8s-ctl.profile-6c9f4cc75f-pvpfq,container_memory_working_set_bytes,8450048.0
1744295964,kashef-k8s-ctl.user-698454f8c4-cfb58,container_memory_working_set_bytes,6610944.0
1744295964,kashef-k8s-ctl.frontend-7d9d864798-lbt5f,container_memory_working_set_bytes,9515008.0
1744295964,kashef-k8s-ctl.reservation-7799998946-5p2cf,container_memory_working_set_bytes,8519680.0
1744295964,kashef-k8s-w1.memcached-reserve-bdcb467b4-xqh7s,container_memory_working_set_bytes,4018176.0
1744295964,kashef-k8s-w1.search-8677798cf5-srst6,container_memory_working_set_bytes,9031680.0
1744295964,kashef-k8s-ctl.rate-66d9d98f67-x7hpv,container_memory_working_set_bytes,8220672.0
1744295964,kashef-k8s-ctl.mongodb-profile-6bb85f4df7-zzcmp,container_memory_working_set_bytes,161628160.0
1744295964,kashef-k8s-w1.mongodb-geo-86b59b75f4-bsnk9,container_memory_working_set_bytes,161271808.0
1744295964,kashef-k8s-ctl.mongodb-rate-785b799bbc-q2nw6,container_memory_working_set_bytes,163713024.0
1744295964,kashef-k8s-w1.recommendation-6494d54897-gtmjd,container_memory_working_set_bytes,7811072.0
1744295964,kashef-k8s-w1.consul-56f5cf4f78-5hs85,container_memory_working_set_bytes,35258368.0
1744295964,kashef-k8s-ctl.mongodb-recommendation-59d6b7ccf9-x7q72,container_memory_working_set_bytes,161181696.0
1744295964,kashef-k8s-ctl.jaeger-5d885bcf88-txgt9,container_memory_working_set_bytes,33325056.0
1744295964,kashef-k8s-ctl.mongodb-reservation-7b474745f-9r8br,container_memory_working_set_bytes,161378304.0
1744295964,kashef-k8s-w1.memcached-rate-bcc5c97f8-lck87,container_memory_working_set_bytes,5173248.0
1744295967,kashef-k8s-w1.memcached-profile-7d6fcb6b8-9ft2j,container_memory_working_set_bytes,5111808.0
1744295967,kashef-k8s-w1.mongodb-user-6d96648ddc-rxzsw,container_memory_working_set_bytes,160542720.0
1744295967,kashef-k8s-w1.mongodb-geo-86b59b75f4-bsnk9,container_memory_working_set_bytes,161271808.0
1744295967,kashef-k8s-w1.memcached-rate-bcc5c97f8-lck87,container_memory_working_set_bytes,5173248.0
1744295967,kashef-k8s-ctl.rate-66d9d98f67-x7hpv,container_memory_working_set_bytes,8220672.0
1744295967,kashef-k8s-ctl.mongodb-rate-785b799bbc-q2nw6,container_memory_working_set_bytes,163713024.0
1744295967,kashef-k8s-w1.search-8677798cf5-srst6,container_memory_working_set_bytes,8187904.0
1744295967,kashef-k8s-ctl.jaeger-5d885bcf88-txgt9,container_memory_working_set_bytes,33325056.0
1744295967,kashef-k8s-w1.memcached-reserve-bdcb467b4-xqh7s,container_memory_working_set_bytes,4018176.0
1744295967,kashef-k8s-ctl.mongodb-profile-6bb85f4df7-zzcmp,container_memory_working_set_bytes,161628160.0
1744295967,kashef-k8s-ctl.frontend-7d9d864798-lbt5f,container_memory_working_set_bytes,9515008.0
1744295967,kashef-k8s-ctl.reservation-7799998946-5p2cf,container_memory_working_set_bytes,8519680.0
1744295967,kashef-k8s-ctl.profile-6c9f4cc75f-pvpfq,container_memory_working_set_bytes,8450048.0
1744295967,kashef-k8s-ctl.mongodb-recommendation-59d6b7ccf9-x7q72,container_memory_working_set_bytes,161181696.0
1744295967,kashef-k8s-ctl.user-698454f8c4-cfb58,container_memory_working_set_bytes,6610944.0
1744295967,kashef-k8s-w1.geo-bd9dfdb45-lwzmb,container_memory_working_set_bytes,7823360.0
1744295967,kashef-k8s-w1.recommendation-6494d54897-gtmjd,container_memory_working_set_bytes,7811072.0
1744295967,kashef-k8s-ctl.mongodb-reservation-7b474745f-9r8br,container_memory_working_set_bytes,161378304.0
1744295967,kashef-k8s-w1.consul-56f5cf4f78-5hs85,container_memory_working_set_bytes,35258368.0
1744295970,kashef-k8s-w1.recommendation-6494d54897-gtmjd,container_memory_working_set_bytes,7811072.0
1744295970,kashef-k8s-ctl.user-698454f8c4-cfb58,container_memory_working_set_bytes,6610944.0
1744295970,kashef-k8s-w1.mongodb-geo-86b59b75f4-bsnk9,container_memory_working_set_bytes,161271808.0
1744295970,kashef-k8s-w1.memcached-rate-bcc5c97f8-lck87,container_memory_working_set_bytes,5173248.0
1744295970,kashef-k8s-ctl.mongodb-profile-6bb85f4df7-zzcmp,container_memory_working_set_bytes,161628160.0
1744295970,kashef-k8s-w1.memcached-reserve-bdcb467b4-xqh7s,container_memory_working_set_bytes,4018176.0
1744295970,kashef-k8s-ctl.jaeger-5d885bcf88-txgt9,container_memory_working_set_bytes,33325056.0
1744295970,kashef-k8s-w1.search-8677798cf5-srst6,container_memory_working_set_bytes,8187904.0
1744295970,kashef-k8s-w1.mongodb-user-6d96648ddc-rxzsw,container_memory_working_set_bytes,160452608.0
1744295970,kashef-k8s-ctl.mongodb-recommendation-59d6b7ccf9-x7q72,container_memory_working_set_bytes,161181696.0
1744295970,kashef-k8s-w1.memcached-profile-7d6fcb6b8-9ft2j,container_memory_working_set_bytes,5111808.0
1744295970,kashef-k8s-ctl.reservation-7799998946-5p2cf,container_memory_working_set_bytes,8519680.0
1744295970,kashef-k8s-ctl.profile-6c9f4cc75f-pvpfq,container_memory_working_set_bytes,8450048.0
1744295970,kashef-k8s-w1.geo-bd9dfdb45-lwzmb,container_memory_working_set_bytes,7823360.0
1744295970,kashef-k8s-w1.consul-56f5cf4f78-5hs85,container_memory_working_set_bytes,35258368.0
1744295970,kashef-k8s-ctl.rate-66d9d98f67-x7hpv,container_memory_working_set_bytes,8220672.0
1744295970,kashef-k8s-ctl.mongodb-reservation-7b474745f-9r8br,container_memory_working_set_bytes,161378304.0
1744295970,kashef-k8s-ctl.frontend-7d9d864798-lbt5f,container_memory_working_set_bytes,9515008.0
1744295970,kashef-k8s-ctl.mongodb-rate-785b799bbc-q2nw6,container_memory_working_set_bytes,163713024.0
1744295973,kashef-k8s-ctl.mongodb-rate-785b799bbc-q2nw6,container_memory_working_set_bytes,163713024.0
1744295973,kashef-k8s-w1.geo-bd9dfdb45-lwzmb,container_memory_working_set_bytes,7565312.0
1744295973,kashef-k8s-ctl.jaeger-5d885bcf88-txgt9,container_memory_working_set_bytes,33325056.0
1744295973,kashef-k8s-w1.memcached-reserve-bdcb467b4-xqh7s,container_memory_working_set_bytes,4018176.0
1744295973,kashef-k8s-w1.memcached-profile-7d6fcb6b8-9ft2j,container_memory_working_set_bytes,5111808.0
1744295973,kashef-k8s-w1.consul-56f5cf4f78-5hs85,container_memory_working_set_bytes,35258368.0
1744295973,kashef-k8s-ctl.reservation-7799998946-5p2cf,container_memory_working_set_bytes,8519680.0
1744295973,kashef-k8s-ctl.frontend-7d9d864798-lbt5f,container_memory_working_set_bytes,9515008.0
1744295973,kashef-k8s-ctl.user-698454f8c4-cfb58,container_memory_working_set_bytes,6610944.0
1744295973,kashef-k8s-w1.mongodb-geo-86b59b75f4-bsnk9,container_memory_working_set_bytes,161411072.0
1744295973,kashef-k8s-ctl.mongodb-profile-6bb85f4df7-zzcmp,container_memory_working_set_bytes,161628160.0
1744295973,kashef-k8s-w1.memcached-rate-bcc5c97f8-lck87,container_memory_working_set_bytes,5173248.0
1744295973,kashef-k8s-w1.search-8677798cf5-srst6,container_memory_working_set_bytes,8187904.0
1744295973,kashef-k8s-ctl.rate-66d9d98f67-x7hpv,container_memory_working_set_bytes,8220672.0
1744295973,kashef-k8s-ctl.mongodb-recommendation-59d6b7ccf9-x7q72,container_memory_working_set_bytes,161181696.0
1744295973,kashef-k8s-w1.mongodb-user-6d96648ddc-rxzsw,container_memory_working_set_bytes,160452608.0
1744295973,kashef-k8s-ctl.mongodb-reservation-7b474745f-9r8br,container_memory_working_set_bytes,161378304.0
1744295973,kashef-k8s-w1.recommendation-6494d54897-gtmjd,container_memory_working_set_bytes,7819264.0
1744295973,kashef-k8s-ctl.profile-6c9f4cc75f-pvpfq,container_memory_working_set_bytes,8450048.0
1744295976,kashef-k8s-w1.memcached-profile-7d6fcb6b8-9ft2j,container_memory_working_set_bytes,5111808.0
1744295976,kashef-k8s-ctl.mongodb-profile-6bb85f4df7-zzcmp,container_memory_working_set_bytes,161628160.0
1744295976,kashef-k8s-w1.consul-56f5cf4f78-5hs85,container_memory_working_set_bytes,35258368.0
1744295976,kashef-k8s-w1.memcached-reserve-bdcb467b4-xqh7s,container_memory_working_set_bytes,4018176.0
1744295976,kashef-k8s-ctl.rate-66d9d98f67-x7hpv,container_memory_working_set_bytes,8220672.0
1744295976,kashef-k8s-ctl.jaeger-5d885bcf88-txgt9,container_memory_working_set_bytes,33325056.0
1744295976,kashef-k8s-ctl.reservation-7799998946-5p2cf,container_memory_working_set_bytes,8519680.0
1744295976,kashef-k8s-ctl.frontend-7d9d864798-lbt5f,container_memory_working_set_bytes,9515008.0
1744295976,kashef-k8s-ctl.mongodb-rate-785b799bbc-q2nw6,container_memory_working_set_bytes,163713024.0
1744295976,kashef-k8s-ctl.user-698454f8c4-cfb58,container_memory_working_set_bytes,6610944.0
1744295976,kashef-k8s-w1.geo-bd9dfdb45-lwzmb,container_memory_working_set_bytes,7565312.0
1744295976,kashef-k8s-w1.recommendation-6494d54897-gtmjd,container_memory_working_set_bytes,7819264.0
1744295976,kashef-k8s-w1.memcached-rate-bcc5c97f8-lck87,container_memory_working_set_bytes,5173248.0
1744295976,kashef-k8s-ctl.mongodb-reservation-7b474745f-9r8br,container_memory_working_set_bytes,161378304.0
1744295976,kashef-k8s-ctl.profile-6c9f4cc75f-pvpfq,container_memory_working_set_bytes,8450048.0
1744295976,kashef-k8s-w1.mongodb-geo-86b59b75f4-bsnk9,container_memory_working_set_bytes,161411072.0
1744295976,kashef-k8s-ctl.mongodb-recommendation-59d6b7ccf9-x7q72,container_memory_working_set_bytes,161181696.0
1744295976,kashef-k8s-w1.mongodb-user-6d96648ddc-rxzsw,container_memory_working_set_bytes,160452608.0
1744295976,kashef-k8s-w1.search-8677798cf5-srst6,container_memory_working_set_bytes,8187904.0
1744295979,kashef-k8s-ctl.jaeger-5d885bcf88-txgt9,container_memory_working_set_bytes,33325056.0
1744295979,kashef-k8s-ctl.frontend-7d9d864798-lbt5f,container_memory_working_set_bytes,9515008.0
1744295979,kashef-k8s-w1.memcached-rate-bcc5c97f8-lck87,container_memory_working_set_bytes,5173248.0
1744295979,kashef-k8s-w1.consul-56f5cf4f78-5hs85,container_memory_working_set_bytes,35258368.0
1744295979,kashef-k8s-ctl.rate-66d9d98f67-x7hpv,container_memory_working_set_bytes,8220672.0
1744295979,kashef-k8s-w1.memcached-profile-7d6fcb6b8-9ft2j,container_memory_working_set_bytes,5111808.0
1744295979,kashef-k8s-ctl.user-698454f8c4-cfb58,container_memory_working_set_bytes,6610944.0
1744295979,kashef-k8s-ctl.mongodb-reservation-7b474745f-9r8br,container_memory_working_set_bytes,161378304.0
1744295979,kashef-k8s-w1.geo-bd9dfdb45-lwzmb,container_memory_working_set_bytes,7565312.0
1744295979,kashef-k8s-ctl.mongodb-rate-785b799bbc-q2nw6,container_memory_working_set_bytes,163717120.0
1744295979,kashef-k8s-ctl.profile-6c9f4cc75f-pvpfq,container_memory_working_set_bytes,8450048.0
1744295979,kashef-k8s-ctl.reservation-7799998946-5p2cf,container_memory_working_set_bytes,8519680.0
1744295979,kashef-k8s-w1.memcached-reserve-bdcb467b4-xqh7s,container_memory_working_set_bytes,4018176.0
1744295979,kashef-k8s-w1.recommendation-6494d54897-gtmjd,container_memory_working_set_bytes,7819264.0
1744295979,kashef-k8s-w1.mongodb-user-6d96648ddc-rxzsw,container_memory_working_set_bytes,160452608.0
1744295979,kashef-k8s-ctl.mongodb-profile-6bb85f4df7-zzcmp,container_memory_working_set_bytes,161628160.0
1744295979,kashef-k8s-ctl.mongodb-recommendation-59d6b7ccf9-x7q72,container_memory_working_set_bytes,161181696.0
1744295979,kashef-k8s-w1.search-8677798cf5-srst6,container_memory_working_set_bytes,8187904.0
1744295979,kashef-k8s-w1.mongodb-geo-86b59b75f4-bsnk9,container_memory_working_set_bytes,161411072.0
1744295982,kashef-k8s-w1.memcached-rate-bcc5c97f8-lck87,container_memory_working_set_bytes,5173248.0
1744295982,kashef-k8s-ctl.profile-6c9f4cc75f-pvpfq,container_memory_working_set_bytes,8450048.0
1744295982,kashef-k8s-w1.memcached-reserve-bdcb467b4-xqh7s,container_memory_working_set_bytes,4018176.0
1744295982,kashef-k8s-ctl.reservation-7799998946-5p2cf,container_memory_working_set_bytes,8519680.0
1744295982,kashef-k8s-w1.mongodb-geo-86b59b75f4-bsnk9,container_memory_working_set_bytes,161411072.0
1744295982,kashef-k8s-ctl.mongodb-reservation-7b474745f-9r8br,container_memory_working_set_bytes,161390592.0
1744295982,kashef-k8s-w1.consul-56f5cf4f78-5hs85,container_memory_working_set_bytes,35258368.0
1744295982,kashef-k8s-w1.mongodb-user-6d96648ddc-rxzsw,container_memory_working_set_bytes,160452608.0
1744295982,kashef-k8s-ctl.mongodb-rate-785b799bbc-q2nw6,container_memory_working_set_bytes,163717120.0
1744295982,kashef-k8s-w1.geo-bd9dfdb45-lwzmb,container_memory_working_set_bytes,7565312.0
1744295982,kashef-k8s-ctl.frontend-7d9d864798-lbt5f,container_memory_working_set_bytes,9515008.0
1744295982,kashef-k8s-ctl.jaeger-5d885bcf88-txgt9,container_memory_working_set_bytes,33325056.0
1744295982,kashef-k8s-w1.memcached-profile-7d6fcb6b8-9ft2j,container_memory_working_set_bytes,5111808.0
1744295982,kashef-k8s-w1.search-8677798cf5-srst6,container_memory_working_set_bytes,8187904.0
1744295982,kashef-k8s-ctl.mongodb-profile-6bb85f4df7-zzcmp,container_memory_working_set_bytes,161505280.0
1744295982,kashef-k8s-ctl.mongodb-recommendation-59d6b7ccf9-x7q72,container_memory_working_set_bytes,161128448.0
1744295982,kashef-k8s-ctl.user-698454f8c4-cfb58,container_memory_working_set_bytes,6610944.0
1744295982,kashef-k8s-w1.recommendation-6494d54897-gtmjd,container_memory_working_set_bytes,7819264.0
1744295982,kashef-k8s-ctl.rate-66d9d98f67-x7hpv,container_memory_working_set_bytes,8220672.0
1744295985,kashef-k8s-ctl.mongodb-profile-6bb85f4df7-zzcmp,container_memory_working_set_bytes,161505280.0
1744295985,kashef-k8s-ctl.mongodb-reservation-7b474745f-9r8br,container_memory_working_set_bytes,161390592.0
1744295985,kashef-k8s-ctl.mongodb-recommendation-59d6b7ccf9-x7q72,container_memory_working_set_bytes,161128448.0
1744295985,kashef-k8s-w1.memcached-reserve-bdcb467b4-xqh7s,container_memory_working_set_bytes,4018176.0
1744295985,kashef-k8s-w1.memcached-rate-bcc5c97f8-lck87,container_memory_working_set_bytes,5173248.0
1744295985,kashef-k8s-w1.search-8677798cf5-srst6,container_memory_working_set_bytes,8187904.0
1744295985,kashef-k8s-w1.memcached-profile-7d6fcb6b8-9ft2j,container_memory_working_set_bytes,5111808.0
1744295985,kashef-k8s-w1.mongodb-geo-86b59b75f4-bsnk9,container_memory_working_set_bytes,161411072.0
1744295985,kashef-k8s-ctl.reservation-7799998946-5p2cf,container_memory_working_set_bytes,8519680.0
1744295985,kashef-k8s-ctl.user-698454f8c4-cfb58,container_memory_working_set_bytes,6610944.0
1744295985,kashef-k8s-ctl.profile-6c9f4cc75f-pvpfq,container_memory_working_set_bytes,7766016.0
1744295985,kashef-k8s-w1.consul-56f5cf4f78-5hs85,container_memory_working_set_bytes,35258368.0
1744295985,kashef-k8s-ctl.rate-66d9d98f67-x7hpv,container_memory_working_set_bytes,8237056.0
1744295985,kashef-k8s-w1.recommendation-6494d54897-gtmjd,container_memory_working_set_bytes,7819264.0
1744295985,kashef-k8s-w1.mongodb-user-6d96648ddc-rxzsw,container_memory_working_set_bytes,160452608.0
1744295985,kashef-k8s-w1.geo-bd9dfdb45-lwzmb,container_memory_working_set_bytes,7565312.0
1744295985,kashef-k8s-ctl.mongodb-rate-785b799bbc-q2nw6,container_memory_working_set_bytes,163717120.0
1744295985,kashef-k8s-ctl.frontend-7d9d864798-lbt5f,container_memory_working_set_bytes,9072640.0
1744295985,kashef-k8s-ctl.jaeger-5d885bcf88-txgt9,container_memory_working_set_bytes,33325056.0
1744295988,kashef-k8s-ctl.mongodb-recommendation-59d6b7ccf9-x7q72,container_memory_working_set_bytes,161128448.0
1744295988,kashef-k8s-ctl.mongodb-profile-6bb85f4df7-zzcmp,container_memory_working_set_bytes,161505280.0
1744295988,kashef-k8s-ctl.frontend-7d9d864798-lbt5f,container_memory_working_set_bytes,9072640.0
1744295988,kashef-k8s-ctl.rate-66d9d98f67-x7hpv,container_memory_working_set_bytes,8237056.0
1744295988,kashef-k8s-w1.consul-56f5cf4f78-5hs85,container_memory_working_set_bytes,35258368.0
1744295988,kashef-k8s-w1.memcached-rate-bcc5c97f8-lck87,container_memory_working_set_bytes,5173248.0
1744295988,kashef-k8s-w1.search-8677798cf5-srst6,container_memory_working_set_bytes,8187904.0
1744295988,kashef-k8s-w1.memcached-reserve-bdcb467b4-xqh7s,container_memory_working_set_bytes,4018176.0
1744295988,kashef-k8s-ctl.reservation-7799998946-5p2cf,container_memory_working_set_bytes,7790592.0
1744295988,kashef-k8s-w1.geo-bd9dfdb45-lwzmb,container_memory_working_set_bytes,7565312.0
1744295988,kashef-k8s-w1.mongodb-geo-86b59b75f4-bsnk9,container_memory_working_set_bytes,161411072.0
1744295988,kashef-k8s-ctl.mongodb-reservation-7b474745f-9r8br,container_memory_working_set_bytes,161390592.0
1744295988,kashef-k8s-ctl.user-698454f8c4-cfb58,container_memory_working_set_bytes,6623232.0
1744295988,kashef-k8s-w1.memcached-profile-7d6fcb6b8-9ft2j,container_memory_working_set_bytes,5111808.0
1744295988,kashef-k8s-ctl.jaeger-5d885bcf88-txgt9,container_memory_working_set_bytes,33325056.0
1744295988,kashef-k8s-w1.mongodb-user-6d96648ddc-rxzsw,container_memory_working_set_bytes,160452608.0
1744295988,kashef-k8s-w1.recommendation-6494d54897-gtmjd,container_memory_working_set_bytes,7819264.0
1744295988,kashef-k8s-ctl.profile-6c9f4cc75f-pvpfq,container_memory_working_set_bytes,7766016.0
1744295988,kashef-k8s-ctl.mongodb-rate-785b799bbc-q2nw6,container_memory_working_set_bytes,163717120.0
1744295991,kashef-k8s-w1.memcached-reserve-bdcb467b4-xqh7s,container_memory_working_set_bytes,4018176.0
1744295991,kashef-k8s-ctl.profile-6c9f4cc75f-pvpfq,container_memory_working_set_bytes,7766016.0
1744295991,kashef-k8s-ctl.mongodb-rate-785b799bbc-q2nw6,container_memory_working_set_bytes,163717120.0
1744295991,kashef-k8s-w1.consul-56f5cf4f78-5hs85,container_memory_working_set_bytes,35258368.0
1744295991,kashef-k8s-w1.memcached-profile-7d6fcb6b8-9ft2j,container_memory_working_set_bytes,5111808.0
1744295991,kashef-k8s-ctl.jaeger-5d885bcf88-txgt9,container_memory_working_set_bytes,33325056.0
1744295991,kashef-k8s-ctl.mongodb-reservation-7b474745f-9r8br,container_memory_working_set_bytes,161390592.0
1744295991,kashef-k8s-ctl.rate-66d9d98f67-x7hpv,container_memory_working_set_bytes,8237056.0
1744295991,kashef-k8s-w1.search-8677798cf5-srst6,container_memory_working_set_bytes,8187904.0
1744295991,kashef-k8s-w1.geo-bd9dfdb45-lwzmb,container_memory_working_set_bytes,7565312.0
1744295991,kashef-k8s-ctl.frontend-7d9d864798-lbt5f,container_memory_working_set_bytes,9072640.0
1744295991,kashef-k8s-ctl.reservation-7799998946-5p2cf,container_memory_working_set_bytes,7790592.0
1744295991,kashef-k8s-ctl.user-698454f8c4-cfb58,container_memory_working_set_bytes,6623232.0
1744295991,kashef-k8s-ctl.mongodb-recommendation-59d6b7ccf9-x7q72,container_memory_working_set_bytes,161128448.0
1744295991,kashef-k8s-ctl.mongodb-profile-6bb85f4df7-zzcmp,container_memory_working_set_bytes,161505280.0
1744295991,kashef-k8s-w1.mongodb-geo-86b59b75f4-bsnk9,container_memory_working_set_bytes,161411072.0
1744295991,kashef-k8s-w1.mongodb-user-6d96648ddc-rxzsw,container_memory_working_set_bytes,160452608.0
1744295991,kashef-k8s-w1.memcached-rate-bcc5c97f8-lck87,container_memory_working_set_bytes,5173248.0
1744295991,kashef-k8s-w1.recommendation-6494d54897-gtmjd,container_memory_working_set_bytes,7819264.0
1744295994,kashef-k8s-ctl.jaeger-5d885bcf88-txgt9,container_memory_working_set_bytes,33325056.0
1744295994,kashef-k8s-ctl.profile-6c9f4cc75f-pvpfq,container_memory_working_set_bytes,7766016.0
1744295994,kashef-k8s-w1.memcached-profile-7d6fcb6b8-9ft2j,container_memory_working_set_bytes,5111808.0
1744295994,kashef-k8s-ctl.frontend-7d9d864798-lbt5f,container_memory_working_set_bytes,9072640.0
1744295994,kashef-k8s-ctl.mongodb-reservation-7b474745f-9r8br,container_memory_working_set_bytes,161390592.0
1744295994,kashef-k8s-w1.search-8677798cf5-srst6,container_memory_working_set_bytes,8187904.0
1744295994,kashef-k8s-ctl.user-698454f8c4-cfb58,container_memory_working_set_bytes,6623232.0
1744295994,kashef-k8s-w1.mongodb-geo-86b59b75f4-bsnk9,container_memory_working_set_bytes,161411072.0
1744295994,kashef-k8s-ctl.mongodb-profile-6bb85f4df7-zzcmp,container_memory_working_set_bytes,161505280.0
1744295994,kashef-k8s-w1.geo-bd9dfdb45-lwzmb,container_memory_working_set_bytes,7565312.0
1744295994,kashef-k8s-ctl.mongodb-rate-785b799bbc-q2nw6,container_memory_working_set_bytes,163717120.0
1744295994,kashef-k8s-w1.consul-56f5cf4f78-5hs85,container_memory_working_set_bytes,35258368.0
1744295994,kashef-k8s-ctl.rate-66d9d98f67-x7hpv,container_memory_working_set_bytes,8237056.0
1744295994,kashef-k8s-w1.memcached-reserve-bdcb467b4-xqh7s,container_memory_working_set_bytes,4018176.0
1744295994,kashef-k8s-ctl.reservation-7799998946-5p2cf,container_memory_working_set_bytes,7790592.0
1744295994,kashef-k8s-ctl.mongodb-recommendation-59d6b7ccf9-x7q72,container_memory_working_set_bytes,161128448.0
1744295994,kashef-k8s-w1.recommendation-6494d54897-gtmjd,container_memory_working_set_bytes,7819264.0
1744295994,kashef-k8s-w1.mongodb-user-6d96648ddc-rxzsw,container_memory_working_set_bytes,160452608.0
1744295994,kashef-k8s-w1.memcached-rate-bcc5c97f8-lck87,container_memory_working_set_bytes,5173248.0
1744295997,kashef-k8s-ctl.rate-66d9d98f67-x7hpv,container_memory_working_set_bytes,8237056.0
1744295997,kashef-k8s-w1.consul-56f5cf4f78-5hs85,container_memory_working_set_bytes,33959936.0
1744295997,kashef-k8s-w1.memcached-rate-bcc5c97f8-lck87,container_memory_working_set_bytes,5173248.0
1744295997,kashef-k8s-ctl.reservation-7799998946-5p2cf,container_memory_working_set_bytes,7790592.0
1744295997,kashef-k8s-w1.recommendation-6494d54897-gtmjd,container_memory_working_set_bytes,7819264.0
1744295997,kashef-k8s-w1.mongodb-geo-86b59b75f4-bsnk9,container_memory_working_set_bytes,161411072.0
1744295997,kashef-k8s-ctl.mongodb-recommendation-59d6b7ccf9-x7q72,container_memory_working_set_bytes,161128448.0
1744295997,kashef-k8s-w1.mongodb-user-6d96648ddc-rxzsw,container_memory_working_set_bytes,160452608.0
1744295997,kashef-k8s-w1.search-8677798cf5-srst6,container_memory_working_set_bytes,8187904.0
1744295997,kashef-k8s-w1.memcached-reserve-bdcb467b4-xqh7s,container_memory_working_set_bytes,4018176.0
1744295997,kashef-k8s-ctl.mongodb-profile-6bb85f4df7-zzcmp,container_memory_working_set_bytes,161505280.0
1744295997,kashef-k8s-w1.memcached-profile-7d6fcb6b8-9ft2j,container_memory_working_set_bytes,5111808.0
1744295997,kashef-k8s-ctl.frontend-7d9d864798-lbt5f,container_memory_working_set_bytes,9072640.0
1744295997,kashef-k8s-w1.geo-bd9dfdb45-lwzmb,container_memory_working_set_bytes,7565312.0
1744295997,kashef-k8s-ctl.user-698454f8c4-cfb58,container_memory_working_set_bytes,6623232.0
1744295997,kashef-k8s-ctl.mongodb-rate-785b799bbc-q2nw6,container_memory_working_set_bytes,163717120.0
1744295997,kashef-k8s-ctl.jaeger-5d885bcf88-txgt9,container_memory_working_set_bytes,33325056.0
1744295997,kashef-k8s-ctl.profile-6c9f4cc75f-pvpfq,container_memory_working_set_bytes,7766016.0
1744295997,kashef-k8s-ctl.mongodb-reservation-7b474745f-9r8br,container_memory_working_set_bytes,161390592.0
1744296000,kashef-k8s-w1.memcached-profile-7d6fcb6b8-9ft2j,container_memory_working_set_bytes,5111808.0
1744296000,kashef-k8s-w1.mongodb-user-6d96648ddc-rxzsw,container_memory_working_set_bytes,160583680.0
1744296000,kashef-k8s-ctl.reservation-7799998946-5p2cf,container_memory_working_set_bytes,7790592.0
1744296000,kashef-k8s-w1.mongodb-geo-86b59b75f4-bsnk9,container_memory_working_set_bytes,161292288.0
1744296000,kashef-k8s-ctl.mongodb-profile-6bb85f4df7-zzcmp,container_memory_working_set_bytes,161505280.0
1744296000,kashef-k8s-w1.geo-bd9dfdb45-lwzmb,container_memory_working_set_bytes,7565312.0
1744296000,kashef-k8s-w1.search-8677798cf5-srst6,container_memory_working_set_bytes,8187904.0
1744296000,kashef-k8s-ctl.mongodb-reservation-7b474745f-9r8br,container_memory_working_set_bytes,161390592.0
1744296000,kashef-k8s-w1.memcached-reserve-bdcb467b4-xqh7s,container_memory_working_set_bytes,4018176.0
1744296000,kashef-k8s-w1.recommendation-6494d54897-gtmjd,container_memory_working_set_bytes,7905280.0
1744296000,kashef-k8s-ctl.mongodb-recommendation-59d6b7ccf9-x7q72,container_memory_working_set_bytes,161128448.0
1744296000,kashef-k8s-ctl.rate-66d9d98f67-x7hpv,container_memory_working_set_bytes,8237056.0
1744296000,kashef-k8s-w1.consul-56f5cf4f78-5hs85,container_memory_working_set_bytes,33959936.0
1744296000,kashef-k8s-w1.memcached-rate-bcc5c97f8-lck87,container_memory_working_set_bytes,5173248.0
1744296000,kashef-k8s-ctl.frontend-7d9d864798-lbt5f,container_memory_working_set_bytes,9072640.0
1744296000,kashef-k8s-ctl.user-698454f8c4-cfb58,container_memory_working_set_bytes,6623232.0
1744296000,kashef-k8s-ctl.mongodb-rate-785b799bbc-q2nw6,container_memory_working_set_bytes,163717120.0
1744296000,kashef-k8s-ctl.jaeger-5d885bcf88-txgt9,container_memory_working_set_bytes,33325056.0
1744296000,kashef-k8s-ctl.profile-6c9f4cc75f-pvpfq,container_memory_working_set_bytes,7766016.0
1744296003,kashef-k8s-ctl.mongodb-profile-6bb85f4df7-zzcmp,container_memory_working_set_bytes,161505280.0
1744296003,kashef-k8s-w1.search-8677798cf5-srst6,container_memory_working_set_bytes,8187904.0
1744296003,kashef-k8s-w1.memcached-rate-bcc5c97f8-lck87,container_memory_working_set_bytes,5173248.0
1744296003,kashef-k8s-ctl.jaeger-5d885bcf88-txgt9,container_memory_working_set_bytes,33325056.0
1744296003,kashef-k8s-w1.recommendation-6494d54897-gtmjd,container_memory_working_set_bytes,7905280.0
1744296003,kashef-k8s-ctl.profile-6c9f4cc75f-pvpfq,container_memory_working_set_bytes,7766016.0
1744296003,kashef-k8s-ctl.rate-66d9d98f67-x7hpv,container_memory_working_set_bytes,8237056.0
1744296003,kashef-k8s-w1.mongodb-geo-86b59b75f4-bsnk9,container_memory_working_set_bytes,161292288.0
1744296003,kashef-k8s-ctl.mongodb-recommendation-59d6b7ccf9-x7q72,container_memory_working_set_bytes,161128448.0
1744296003,kashef-k8s-w1.memcached-profile-7d6fcb6b8-9ft2j,container_memory_working_set_bytes,5111808.0
1744296003,kashef-k8s-ctl.frontend-7d9d864798-lbt5f,container_memory_working_set_bytes,9072640.0
1744296003,kashef-k8s-w1.memcached-reserve-bdcb467b4-xqh7s,container_memory_working_set_bytes,4018176.0
1744296003,kashef-k8s-w1.geo-bd9dfdb45-lwzmb,container_memory_working_set_bytes,7565312.0
1744296003,kashef-k8s-ctl.user-698454f8c4-cfb58,container_memory_working_set_bytes,6623232.0
1744296003,kashef-k8s-w1.mongodb-user-6d96648ddc-rxzsw,container_memory_working_set_bytes,160583680.0
1744296003,kashef-k8s-ctl.mongodb-reservation-7b474745f-9r8br,container_memory_working_set_bytes,161390592.0
1744296003,kashef-k8s-ctl.mongodb-rate-785b799bbc-q2nw6,container_memory_working_set_bytes,163717120.0
1744296003,kashef-k8s-w1.consul-56f5cf4f78-5hs85,container_memory_working_set_bytes,33959936.0
1744296003,kashef-k8s-ctl.reservation-7799998946-5p2cf,container_memory_working_set_bytes,7790592.0
1744296006,kashef-k8s-w1.consul-56f5cf4f78-5hs85,container_memory_working_set_bytes,33959936.0
1744296006,kashef-k8s-ctl.mongodb-rate-785b799bbc-q2nw6,container_memory_working_set_bytes,163717120.0
1744296006,kashef-k8s-ctl.reservation-7799998946-5p2cf,container_memory_working_set_bytes,7790592.0
1744296006,kashef-k8s-ctl.profile-6c9f4cc75f-pvpfq,container_memory_working_set_bytes,7766016.0
1744296006,kashef-k8s-w1.mongodb-user-6d96648ddc-rxzsw,container_memory_working_set_bytes,160583680.0
1744296006,kashef-k8s-ctl.frontend-7d9d864798-lbt5f,container_memory_working_set_bytes,9072640.0
1744296006,kashef-k8s-ctl.jaeger-5d885bcf88-txgt9,container_memory_working_set_bytes,33325056.0
1744296006,kashef-k8s-w1.memcached-profile-7d6fcb6b8-9ft2j,container_memory_working_set_bytes,5111808.0
1744296006,kashef-k8s-w1.memcached-reserve-bdcb467b4-xqh7s,container_memory_working_set_bytes,4018176.0
1744296006,kashef-k8s-w1.mongodb-geo-86b59b75f4-bsnk9,container_memory_working_set_bytes,161292288.0
1744296006,kashef-k8s-w1.search-8677798cf5-srst6,container_memory_working_set_bytes,8187904.0
1744296006,kashef-k8s-ctl.mongodb-recommendation-59d6b7ccf9-x7q72,container_memory_working_set_bytes,161128448.0
1744296006,kashef-k8s-w1.recommendation-6494d54897-gtmjd,container_memory_working_set_bytes,7905280.0
1744296006,kashef-k8s-ctl.mongodb-profile-6bb85f4df7-zzcmp,container_memory_working_set_bytes,161505280.0
1744296006,kashef-k8s-w1.geo-bd9dfdb45-lwzmb,container_memory_working_set_bytes,7565312.0
1744296006,kashef-k8s-ctl.user-698454f8c4-cfb58,container_memory_working_set_bytes,6623232.0
1744296006,kashef-k8s-ctl.mongodb-reservation-7b474745f-9r8br,container_memory_working_set_bytes,161390592.0
1744296006,kashef-k8s-ctl.rate-66d9d98f67-x7hpv,container_memory_working_set_bytes,8237056.0
1744296006,kashef-k8s-w1.memcached-rate-bcc5c97f8-lck87,container_memory_working_set_bytes,5173248.0
1744296009,kashef-k8s-w1.memcached-reserve-bdcb467b4-xqh7s,container_memory_working_set_bytes,4018176.0
1744296009,kashef-k8s-ctl.reservation-7799998946-5p2cf,container_memory_working_set_bytes,7790592.0
1744296009,kashef-k8s-ctl.mongodb-rate-785b799bbc-q2nw6,container_memory_working_set_bytes,163717120.0
1744296009,kashef-k8s-w1.memcached-profile-7d6fcb6b8-9ft2j,container_memory_working_set_bytes,5111808.0
1744296009,kashef-k8s-ctl.jaeger-5d885bcf88-txgt9,container_memory_working_set_bytes,33325056.0
1744296009,kashef-k8s-ctl.frontend-7d9d864798-lbt5f,container_memory_working_set_bytes,9072640.0
1744296009,kashef-k8s-ctl.mongodb-profile-6bb85f4df7-zzcmp,container_memory_working_set_bytes,161505280.0
1744296009,kashef-k8s-w1.search-8677798cf5-srst6,container_memory_working_set_bytes,8187904.0
1744296009,kashef-k8s-ctl.user-698454f8c4-cfb58,container_memory_working_set_bytes,6623232.0
1744296009,kashef-k8s-w1.mongodb-user-6d96648ddc-rxzsw,container_memory_working_set_bytes,160583680.0
1744296009,kashef-k8s-ctl.mongodb-reservation-7b474745f-9r8br,container_memory_working_set_bytes,161390592.0
1744296009,kashef-k8s-ctl.profile-6c9f4cc75f-pvpfq,container_memory_working_set_bytes,7766016.0
1744296009,kashef-k8s-w1.geo-bd9dfdb45-lwzmb,container_memory_working_set_bytes,7565312.0
1744296009,kashef-k8s-ctl.mongodb-recommendation-59d6b7ccf9-x7q72,container_memory_working_set_bytes,161128448.0
1744296009,kashef-k8s-w1.mongodb-geo-86b59b75f4-bsnk9,container_memory_working_set_bytes,161292288.0
1744296009,kashef-k8s-ctl.rate-66d9d98f67-x7hpv,container_memory_working_set_bytes,8237056.0
1744296009,kashef-k8s-w1.recommendation-6494d54897-gtmjd,container_memory_working_set_bytes,7905280.0
1744296009,kashef-k8s-w1.memcached-rate-bcc5c97f8-lck87,container_memory_working_set_bytes,5173248.0
1744296009,kashef-k8s-w1.consul-56f5cf4f78-5hs85,container_memory_working_set_bytes,33959936.0
1744296012,kashef-k8s-w1.consul-56f5cf4f78-5hs85,container_memory_working_set_bytes,33959936.0
1744296012,kashef-k8s-w1.memcached-rate-bcc5c97f8-lck87,container_memory_working_set_bytes,5173248.0
1744296012,kashef-k8s-ctl.mongodb-reservation-7b474745f-9r8br,container_memory_working_set_bytes,161390592.0
1744296012,kashef-k8s-w1.recommendation-6494d54897-gtmjd,container_memory_working_set_bytes,7905280.0
1744296012,kashef-k8s-ctl.mongodb-recommendation-59d6b7ccf9-x7q72,container_memory_working_set_bytes,161128448.0
1744296012,kashef-k8s-ctl.jaeger-5d885bcf88-txgt9,container_memory_working_set_bytes,33325056.0
1744296012,kashef-k8s-w1.memcached-reserve-bdcb467b4-xqh7s,container_memory_working_set_bytes,4018176.0
1744296012,kashef-k8s-w1.mongodb-user-6d96648ddc-rxzsw,container_memory_working_set_bytes,160583680.0
1744296012,kashef-k8s-ctl.mongodb-profile-6bb85f4df7-zzcmp,container_memory_working_set_bytes,161505280.0
1744296012,kashef-k8s-w1.geo-bd9dfdb45-lwzmb,container_memory_working_set_bytes,7565312.0
1744296012,kashef-k8s-w1.mongodb-geo-86b59b75f4-bsnk9,container_memory_working_set_bytes,161292288.0
1744296012,kashef-k8s-w1.search-8677798cf5-srst6,container_memory_working_set_bytes,8187904.0
1744296012,kashef-k8s-ctl.user-698454f8c4-cfb58,container_memory_working_set_bytes,6590464.0
1744296012,kashef-k8s-ctl.mongodb-rate-785b799bbc-q2nw6,container_memory_working_set_bytes,163717120.0
1744296012,kashef-k8s-w1.memcached-profile-7d6fcb6b8-9ft2j,container_memory_working_set_bytes,5111808.0
1744296012,kashef-k8s-ctl.frontend-7d9d864798-lbt5f,container_memory_working_set_bytes,8945664.0
1744296012,kashef-k8s-ctl.rate-66d9d98f67-x7hpv,container_memory_working_set_bytes,8237056.0
1744296012,kashef-k8s-ctl.profile-6c9f4cc75f-pvpfq,container_memory_working_set_bytes,7766016.0
1744296012,kashef-k8s-ctl.reservation-7799998946-5p2cf,container_memory_working_set_bytes,7790592.0
1744296015,kashef-k8s-ctl.jaeger-5d885bcf88-txgt9,container_memory_working_set_bytes,33325056.0
1744296015,kashef-k8s-w1.memcached-rate-bcc5c97f8-lck87,container_memory_working_set_bytes,5173248.0
1744296015,kashef-k8s-ctl.mongodb-recommendation-59d6b7ccf9-x7q72,container_memory_working_set_bytes,161128448.0
1744296015,kashef-k8s-ctl.mongodb-reservation-7b474745f-9r8br,container_memory_working_set_bytes,161390592.0
1744296015,kashef-k8s-ctl.mongodb-profile-6bb85f4df7-zzcmp,container_memory_working_set_bytes,161513472.0
1744296015,kashef-k8s-ctl.mongodb-rate-785b799bbc-q2nw6,container_memory_working_set_bytes,163717120.0
1744296015,kashef-k8s-ctl.user-698454f8c4-cfb58,container_memory_working_set_bytes,6590464.0
1744296015,kashef-k8s-w1.mongodb-user-6d96648ddc-rxzsw,container_memory_working_set_bytes,160583680.0
1744296015,kashef-k8s-ctl.frontend-7d9d864798-lbt5f,container_memory_working_set_bytes,8945664.0
1744296015,kashef-k8s-w1.memcached-reserve-bdcb467b4-xqh7s,container_memory_working_set_bytes,4018176.0
1744296015,kashef-k8s-ctl.rate-66d9d98f67-x7hpv,container_memory_working_set_bytes,8261632.0
1744296015,kashef-k8s-ctl.reservation-7799998946-5p2cf,container_memory_working_set_bytes,7790592.0
1744296015,kashef-k8s-w1.recommendation-6494d54897-gtmjd,container_memory_working_set_bytes,7905280.0
1744296015,kashef-k8s-w1.mongodb-geo-86b59b75f4-bsnk9,container_memory_working_set_bytes,161292288.0
1744296015,kashef-k8s-w1.search-8677798cf5-srst6,container_memory_working_set_bytes,8187904.0
1744296015,kashef-k8s-w1.consul-56f5cf4f78-5hs85,container_memory_working_set_bytes,33959936.0
1744296015,kashef-k8s-w1.memcached-profile-7d6fcb6b8-9ft2j,container_memory_working_set_bytes,5111808.0
1744296015,kashef-k8s-w1.geo-bd9dfdb45-lwzmb,container_memory_working_set_bytes,7565312.0
1744296015,kashef-k8s-ctl.profile-6c9f4cc75f-pvpfq,container_memory_working_set_bytes,7766016.0
1744296018,kashef-k8s-w1.memcached-rate-bcc5c97f8-lck87,container_memory_working_set_bytes,5173248.0
1744296018,kashef-k8s-ctl.rate-66d9d98f67-x7hpv,container_memory_working_set_bytes,8261632.0
1744296018,kashef-k8s-ctl.user-698454f8c4-cfb58,container_memory_working_set_bytes,6590464.0
1744296018,kashef-k8s-ctl.mongodb-recommendation-59d6b7ccf9-x7q72,container_memory_working_set_bytes,161128448.0
1744296018,kashef-k8s-ctl.profile-6c9f4cc75f-pvpfq,container_memory_working_set_bytes,7790592.0
1744296018,kashef-k8s-w1.memcached-profile-7d6fcb6b8-9ft2j,container_memory_working_set_bytes,5111808.0
1744296018,kashef-k8s-ctl.mongodb-profile-6bb85f4df7-zzcmp,container_memory_working_set_bytes,161513472.0
1744296018,kashef-k8s-w1.geo-bd9dfdb45-lwzmb,container_memory_working_set_bytes,7565312.0
1744296018,kashef-k8s-ctl.jaeger-5d885bcf88-txgt9,container_memory_working_set_bytes,33325056.0
1744296018,kashef-k8s-ctl.reservation-7799998946-5p2cf,container_memory_working_set_bytes,7790592.0
1744296018,kashef-k8s-w1.mongodb-geo-86b59b75f4-bsnk9,container_memory_working_set_bytes,161415168.0
1744296018,kashef-k8s-w1.memcached-reserve-bdcb467b4-xqh7s,container_memory_working_set_bytes,4018176.0
1744296018,kashef-k8s-w1.consul-56f5cf4f78-5hs85,container_memory_working_set_bytes,33959936.0
1744296018,kashef-k8s-w1.search-8677798cf5-srst6,container_memory_working_set_bytes,8187904.0
1744296018,kashef-k8s-w1.mongodb-user-6d96648ddc-rxzsw,container_memory_working_set_bytes,160583680.0
1744296018,kashef-k8s-ctl.mongodb-rate-785b799bbc-q2nw6,container_memory_working_set_bytes,163717120.0
1744296018,kashef-k8s-ctl.mongodb-reservation-7b474745f-9r8br,container_memory_working_set_bytes,161656832.0
1744296018,kashef-k8s-ctl.frontend-7d9d864798-lbt5f,container_memory_working_set_bytes,8945664.0
1744296018,kashef-k8s-w1.recommendation-6494d54897-gtmjd,container_memory_working_set_bytes,7905280.0
1744296021,kashef-k8s-ctl.frontend-7d9d864798-lbt5f,container_memory_working_set_bytes,8945664.0
1744296021,kashef-k8s-ctl.jaeger-5d885bcf88-txgt9,container_memory_working_set_bytes,33325056.0
1744296021,kashef-k8s-ctl.mongodb-rate-785b799bbc-q2nw6,container_memory_working_set_bytes,163733504.0
1744296021,kashef-k8s-ctl.mongodb-profile-6bb85f4df7-zzcmp,container_memory_working_set_bytes,161513472.0
1744296021,kashef-k8s-w1.geo-bd9dfdb45-lwzmb,container_memory_working_set_bytes,7565312.0
1744296021,kashef-k8s-ctl.reservation-7799998946-5p2cf,container_memory_working_set_bytes,7806976.0
1744296021,kashef-k8s-w1.memcached-profile-7d6fcb6b8-9ft2j,container_memory_working_set_bytes,5111808.0
1744296021,kashef-k8s-w1.memcached-rate-bcc5c97f8-lck87,container_memory_working_set_bytes,5173248.0
1744296021,kashef-k8s-ctl.mongodb-recommendation-59d6b7ccf9-x7q72,container_memory_working_set_bytes,161128448.0
1744296021,kashef-k8s-w1.mongodb-geo-86b59b75f4-bsnk9,container_memory_working_set_bytes,161415168.0
1744296021,kashef-k8s-w1.mongodb-user-6d96648ddc-rxzsw,container_memory_working_set_bytes,160583680.0
1744296021,kashef-k8s-w1.recommendation-6494d54897-gtmjd,container_memory_working_set_bytes,7905280.0
1744296021,kashef-k8s-ctl.user-698454f8c4-cfb58,container_memory_working_set_bytes,6590464.0
1744296021,kashef-k8s-w1.consul-56f5cf4f78-5hs85,container_memory_working_set_bytes,33959936.0
1744296021,kashef-k8s-w1.memcached-reserve-bdcb467b4-xqh7s,container_memory_working_set_bytes,4018176.0
1744296021,kashef-k8s-w1.search-8677798cf5-srst6,container_memory_working_set_bytes,8187904.0
1744296021,kashef-k8s-ctl.rate-66d9d98f67-x7hpv,container_memory_working_set_bytes,8261632.0
1744296021,kashef-k8s-ctl.profile-6c9f4cc75f-pvpfq,container_memory_working_set_bytes,7790592.0
1744296021,kashef-k8s-ctl.mongodb-reservation-7b474745f-9r8br,container_memory_working_set_bytes,161656832.0
1744296024,kashef-k8s-w1.geo-bd9dfdb45-lwzmb,container_memory_working_set_bytes,7565312.0
1744296024,kashef-k8s-ctl.jaeger-5d885bcf88-txgt9,container_memory_working_set_bytes,33325056.0
1744296024,kashef-k8s-w1.mongodb-user-6d96648ddc-rxzsw,container_memory_working_set_bytes,160563200.0
1744296024,kashef-k8s-ctl.mongodb-recommendation-59d6b7ccf9-x7q72,container_memory_working_set_bytes,161128448.0
1744296024,kashef-k8s-w1.recommendation-6494d54897-gtmjd,container_memory_working_set_bytes,7905280.0
1744296024,kashef-k8s-ctl.frontend-7d9d864798-lbt5f,container_memory_working_set_bytes,8945664.0
1744296024,kashef-k8s-ctl.mongodb-profile-6bb85f4df7-zzcmp,container_memory_working_set_bytes,161513472.0
1744296024,kashef-k8s-w1.memcached-reserve-bdcb467b4-xqh7s,container_memory_working_set_bytes,4018176.0
1744296024,kashef-k8s-w1.memcached-rate-bcc5c97f8-lck87,container_memory_working_set_bytes,5173248.0
1744296024,kashef-k8s-w1.mongodb-geo-86b59b75f4-bsnk9,container_memory_working_set_bytes,161415168.0
1744296024,kashef-k8s-ctl.reservation-7799998946-5p2cf,container_memory_working_set_bytes,7806976.0
1744296024,kashef-k8s-ctl.user-698454f8c4-cfb58,container_memory_working_set_bytes,6590464.0
1744296024,kashef-k8s-w1.search-8677798cf5-srst6,container_memory_working_set_bytes,8187904.0
1744296024,kashef-k8s-ctl.mongodb-rate-785b799bbc-q2nw6,container_memory_working_set_bytes,163733504.0
1744296024,kashef-k8s-ctl.mongodb-reservation-7b474745f-9r8br,container_memory_working_set_bytes,161656832.0
1744296024,kashef-k8s-w1.memcached-profile-7d6fcb6b8-9ft2j,container_memory_working_set_bytes,5111808.0
1744296024,kashef-k8s-ctl.profile-6c9f4cc75f-pvpfq,container_memory_working_set_bytes,7790592.0
1744296024,kashef-k8s-ctl.rate-66d9d98f67-x7hpv,container_memory_working_set_bytes,8261632.0
1744296024,kashef-k8s-w1.consul-56f5cf4f78-5hs85,container_memory_working_set_bytes,33959936.0
1744296027,kashef-k8s-ctl.rate-66d9d98f67-x7hpv,container_memory_working_set_bytes,8261632.0
1744296027,kashef-k8s-w1.consul-56f5cf4f78-5hs85,container_memory_working_set_bytes,33959936.0
1744296027,kashef-k8s-ctl.user-698454f8c4-cfb58,container_memory_working_set_bytes,6590464.0
1744296027,kashef-k8s-w1.recommendation-6494d54897-gtmjd,container_memory_working_set_bytes,6561792.0
1744296027,kashef-k8s-ctl.frontend-7d9d864798-lbt5f,container_memory_working_set_bytes,8945664.0
1744296027,kashef-k8s-w1.search-8677798cf5-srst6,container_memory_working_set_bytes,8187904.0
1744296027,kashef-k8s-w1.memcached-profile-7d6fcb6b8-9ft2j,container_memory_working_set_bytes,5111808.0
1744296027,kashef-k8s-w1.mongodb-user-6d96648ddc-rxzsw,container_memory_working_set_bytes,160563200.0
1744296027,kashef-k8s-w1.mongodb-geo-86b59b75f4-bsnk9,container_memory_working_set_bytes,161415168.0
1744296027,kashef-k8s-ctl.mongodb-rate-785b799bbc-q2nw6,container_memory_working_set_bytes,163733504.0
1744296027,kashef-k8s-ctl.mongodb-reservation-7b474745f-9r8br,container_memory_working_set_bytes,161656832.0
1744296027,kashef-k8s-ctl.jaeger-5d885bcf88-txgt9,container_memory_working_set_bytes,33325056.0
1744296027,kashef-k8s-ctl.mongodb-recommendation-59d6b7ccf9-x7q72,container_memory_working_set_bytes,161128448.0
1744296027,kashef-k8s-ctl.mongodb-profile-6bb85f4df7-zzcmp,container_memory_working_set_bytes,161513472.0
1744296027,kashef-k8s-w1.memcached-reserve-bdcb467b4-xqh7s,container_memory_working_set_bytes,4018176.0
1744296027,kashef-k8s-ctl.profile-6c9f4cc75f-pvpfq,container_memory_working_set_bytes,7790592.0
1744296027,kashef-k8s-w1.memcached-rate-bcc5c97f8-lck87,container_memory_working_set_bytes,5173248.0
1744296027,kashef-k8s-ctl.reservation-7799998946-5p2cf,container_memory_working_set_bytes,7806976.0
1744296027,kashef-k8s-w1.geo-bd9dfdb45-lwzmb,container_memory_working_set_bytes,7565312.0
1744296030,kashef-k8s-ctl.rate-66d9d98f67-x7hpv,container_memory_working_set_bytes,8261632.0
1744296030,kashef-k8s-w1.consul-56f5cf4f78-5hs85,container_memory_working_set_bytes,33959936.0
1744296030,kashef-k8s-ctl.reservation-7799998946-5p2cf,container_memory_working_set_bytes,7806976.0
1744296030,kashef-k8s-ctl.mongodb-rate-785b799bbc-q2nw6,container_memory_working_set_bytes,163733504.0
1744296030,kashef-k8s-ctl.frontend-7d9d864798-lbt5f,container_memory_working_set_bytes,8945664.0
1744296030,kashef-k8s-w1.recommendation-6494d54897-gtmjd,container_memory_working_set_bytes,6561792.0
1744296030,kashef-k8s-ctl.mongodb-recommendation-59d6b7ccf9-x7q72,container_memory_working_set_bytes,161128448.0
1744296030,kashef-k8s-ctl.profile-6c9f4cc75f-pvpfq,container_memory_working_set_bytes,7790592.0
1744296030,kashef-k8s-w1.memcached-profile-7d6fcb6b8-9ft2j,container_memory_working_set_bytes,5111808.0
1744296030,kashef-k8s-ctl.mongodb-profile-6bb85f4df7-zzcmp,container_memory_working_set_bytes,161513472.0
1744296030,kashef-k8s-w1.mongodb-geo-86b59b75f4-bsnk9,container_memory_working_set_bytes,161415168.0
1744296030,kashef-k8s-w1.search-8677798cf5-srst6,container_memory_working_set_bytes,8187904.0
1744296030,kashef-k8s-w1.geo-bd9dfdb45-lwzmb,container_memory_working_set_bytes,7430144.0
1744296030,kashef-k8s-w1.mongodb-user-6d96648ddc-rxzsw,container_memory_working_set_bytes,160563200.0
1744296030,kashef-k8s-ctl.mongodb-reservation-7b474745f-9r8br,container_memory_working_set_bytes,161656832.0
1744296030,kashef-k8s-w1.memcached-reserve-bdcb467b4-xqh7s,container_memory_working_set_bytes,4018176.0
1744296030,kashef-k8s-ctl.user-698454f8c4-cfb58,container_memory_working_set_bytes,6590464.0
1744296030,kashef-k8s-ctl.jaeger-5d885bcf88-txgt9,container_memory_working_set_bytes,33325056.0
1744296030,kashef-k8s-w1.memcached-rate-bcc5c97f8-lck87,container_memory_working_set_bytes,5173248.0
1744296033,kashef-k8s-ctl.profile-6c9f4cc75f-pvpfq,container_memory_working_set_bytes,7790592.0
1744296033,kashef-k8s-ctl.frontend-7d9d864798-lbt5f,container_memory_working_set_bytes,8945664.0
1744296033,kashef-k8s-ctl.mongodb-reservation-7b474745f-9r8br,container_memory_working_set_bytes,161656832.0
1744296033,kashef-k8s-w1.mongodb-geo-86b59b75f4-bsnk9,container_memory_working_set_bytes,161415168.0
1744296033,kashef-k8s-w1.recommendation-6494d54897-gtmjd,container_memory_working_set_bytes,6561792.0
1744296033,kashef-k8s-ctl.mongodb-profile-6bb85f4df7-zzcmp,container_memory_working_set_bytes,161513472.0
1744296033,kashef-k8s-ctl.mongodb-recommendation-59d6b7ccf9-x7q72,container_memory_working_set_bytes,161128448.0
1744296033,kashef-k8s-w1.consul-56f5cf4f78-5hs85,container_memory_working_set_bytes,34131968.0
1744296033,kashef-k8s-w1.memcached-profile-7d6fcb6b8-9ft2j,container_memory_working_set_bytes,5111808.0
1744296033,kashef-k8s-ctl.mongodb-rate-785b799bbc-q2nw6,container_memory_working_set_bytes,163733504.0
1744296033,kashef-k8s-w1.geo-bd9dfdb45-lwzmb,container_memory_working_set_bytes,7430144.0
1744296033,kashef-k8s-ctl.reservation-7799998946-5p2cf,container_memory_working_set_bytes,7806976.0
1744296033,kashef-k8s-ctl.rate-66d9d98f67-x7hpv,container_memory_working_set_bytes,8261632.0
1744296033,kashef-k8s-ctl.jaeger-5d885bcf88-txgt9,container_memory_working_set_bytes,33325056.0
1744296033,kashef-k8s-w1.search-8677798cf5-srst6,container_memory_working_set_bytes,8187904.0
1744296033,kashef-k8s-w1.mongodb-user-6d96648ddc-rxzsw,container_memory_working_set_bytes,160563200.0
1744296033,kashef-k8s-w1.memcached-rate-bcc5c97f8-lck87,container_memory_working_set_bytes,5173248.0
1744296033,kashef-k8s-ctl.user-698454f8c4-cfb58,container_memory_working_set_bytes,6590464.0
1744296033,kashef-k8s-w1.memcached-reserve-bdcb467b4-xqh7s,container_memory_working_set_bytes,4018176.0
1744296036,kashef-k8s-w1.memcached-profile-7d6fcb6b8-9ft2j,container_memory_working_set_bytes,5111808.0
1744296036,kashef-k8s-ctl.mongodb-profile-6bb85f4df7-zzcmp,container_memory_working_set_bytes,161513472.0
1744296036,kashef-k8s-ctl.reservation-7799998946-5p2cf,container_memory_working_set_bytes,7806976.0
1744296036,kashef-k8s-w1.geo-bd9dfdb45-lwzmb,container_memory_working_set_bytes,7430144.0
1744296036,kashef-k8s-ctl.rate-66d9d98f67-x7hpv,container_memory_working_set_bytes,8261632.0
1744296036,kashef-k8s-ctl.profile-6c9f4cc75f-pvpfq,container_memory_working_set_bytes,7790592.0
1744296036,kashef-k8s-w1.recommendation-6494d54897-gtmjd,container_memory_working_set_bytes,6561792.0
1744296036,kashef-k8s-ctl.frontend-7d9d864798-lbt5f,container_memory_working_set_bytes,8945664.0
1744296036,kashef-k8s-w1.consul-56f5cf4f78-5hs85,container_memory_working_set_bytes,34131968.0
1744296036,kashef-k8s-ctl.mongodb-rate-785b799bbc-q2nw6,container_memory_working_set_bytes,163733504.0
1744296036,kashef-k8s-ctl.mongodb-recommendation-59d6b7ccf9-x7q72,container_memory_working_set_bytes,161128448.0
1744296036,kashef-k8s-w1.mongodb-geo-86b59b75f4-bsnk9,container_memory_working_set_bytes,161415168.0
1744296036,kashef-k8s-w1.memcached-reserve-bdcb467b4-xqh7s,container_memory_working_set_bytes,4018176.0
1744296036,kashef-k8s-ctl.mongodb-reservation-7b474745f-9r8br,container_memory_working_set_bytes,161656832.0
1744296036,kashef-k8s-w1.mongodb-user-6d96648ddc-rxzsw,container_memory_working_set_bytes,160563200.0
1744296036,kashef-k8s-w1.search-8677798cf5-srst6,container_memory_working_set_bytes,8187904.0
1744296036,kashef-k8s-ctl.user-698454f8c4-cfb58,container_memory_working_set_bytes,6590464.0
1744296036,kashef-k8s-ctl.jaeger-5d885bcf88-txgt9,container_memory_working_set_bytes,33325056.0
1744296036,kashef-k8s-w1.memcached-rate-bcc5c97f8-lck87,container_memory_working_set_bytes,5173248.0
1744296039,kashef-k8s-ctl.rate-66d9d98f67-x7hpv,container_memory_working_set_bytes,8286208.0
1744296039,kashef-k8s-ctl.jaeger-5d885bcf88-txgt9,container_memory_working_set_bytes,33325056.0
1744296039,kashef-k8s-w1.geo-bd9dfdb45-lwzmb,container_memory_working_set_bytes,7430144.0
1744296039,kashef-k8s-w1.memcached-reserve-bdcb467b4-xqh7s,container_memory_working_set_bytes,4018176.0
1744296039,kashef-k8s-ctl.mongodb-rate-785b799bbc-q2nw6,container_memory_working_set_bytes,163737600.0
1744296039,kashef-k8s-ctl.frontend-7d9d864798-lbt5f,container_memory_working_set_bytes,8945664.0
1744296039,kashef-k8s-w1.mongodb-geo-86b59b75f4-bsnk9,container_memory_working_set_bytes,161415168.0
1744296039,kashef-k8s-ctl.profile-6c9f4cc75f-pvpfq,container_memory_working_set_bytes,7790592.0
1744296039,kashef-k8s-w1.mongodb-user-6d96648ddc-rxzsw,container_memory_working_set_bytes,160563200.0
1744296039,kashef-k8s-w1.search-8677798cf5-srst6,container_memory_working_set_bytes,8187904.0
1744296039,kashef-k8s-ctl.mongodb-reservation-7b474745f-9r8br,container_memory_working_set_bytes,161656832.0
1744296039,kashef-k8s-ctl.reservation-7799998946-5p2cf,container_memory_working_set_bytes,7806976.0
1744296039,kashef-k8s-w1.memcached-profile-7d6fcb6b8-9ft2j,container_memory_working_set_bytes,5111808.0
1744296039,kashef-k8s-w1.recommendation-6494d54897-gtmjd,container_memory_working_set_bytes,6561792.0
1744296039,kashef-k8s-ctl.mongodb-recommendation-59d6b7ccf9-x7q72,container_memory_working_set_bytes,161128448.0
1744296039,kashef-k8s-ctl.mongodb-profile-6bb85f4df7-zzcmp,container_memory_working_set_bytes,161513472.0
1744296039,kashef-k8s-ctl.user-698454f8c4-cfb58,container_memory_working_set_bytes,6590464.0
1744296039,kashef-k8s-w1.consul-56f5cf4f78-5hs85,container_memory_working_set_bytes,34131968.0
1744296039,kashef-k8s-w1.memcached-rate-bcc5c97f8-lck87,container_memory_working_set_bytes,5173248.0
1744296042,kashef-k8s-ctl.mongodb-rate-785b799bbc-q2nw6,container_memory_working_set_bytes,163737600.0
1744296042,kashef-k8s-w1.memcached-profile-7d6fcb6b8-9ft2j,container_memory_working_set_bytes,5111808.0
1744296042,kashef-k8s-ctl.reservation-7799998946-5p2cf,container_memory_working_set_bytes,7806976.0
1744296042,kashef-k8s-ctl.jaeger-5d885bcf88-txgt9,container_memory_working_set_bytes,33325056.0
1744296042,kashef-k8s-w1.recommendation-6494d54897-gtmjd,container_memory_working_set_bytes,6561792.0
1744296042,kashef-k8s-ctl.mongodb-reservation-7b474745f-9r8br,container_memory_working_set_bytes,161415168.0
1744296042,kashef-k8s-w1.search-8677798cf5-srst6,container_memory_working_set_bytes,8187904.0
1744296042,kashef-k8s-ctl.profile-6c9f4cc75f-pvpfq,container_memory_working_set_bytes,7790592.0
1744296042,kashef-k8s-ctl.frontend-7d9d864798-lbt5f,container_memory_working_set_bytes,8982528.0
1744296042,kashef-k8s-w1.mongodb-user-6d96648ddc-rxzsw,container_memory_working_set_bytes,160563200.0
1744296042,kashef-k8s-w1.memcached-reserve-bdcb467b4-xqh7s,container_memory_working_set_bytes,4018176.0
1744296042,kashef-k8s-w1.mongodb-geo-86b59b75f4-bsnk9,container_memory_working_set_bytes,161415168.0
1744296042,kashef-k8s-ctl.user-698454f8c4-cfb58,container_memory_working_set_bytes,6586368.0
1744296042,kashef-k8s-ctl.rate-66d9d98f67-x7hpv,container_memory_working_set_bytes,8286208.0
1744296042,kashef-k8s-w1.consul-56f5cf4f78-5hs85,container_memory_working_set_bytes,34131968.0
1744296042,kashef-k8s-ctl.mongodb-profile-6bb85f4df7-zzcmp,container_memory_working_set_bytes,161513472.0
1744296042,kashef-k8s-ctl.mongodb-recommendation-59d6b7ccf9-x7q72,container_memory_working_set_bytes,161128448.0
1744296042,kashef-k8s-w1.memcached-rate-bcc5c97f8-lck87,container_memory_working_set_bytes,5173248.0
1744296042,kashef-k8s-w1.geo-bd9dfdb45-lwzmb,container_memory_working_set_bytes,7430144.0
1744296045,kashef-k8s-ctl.mongodb-reservation-7b474745f-9r8br,container_memory_working_set_bytes,161415168.0
1744296045,kashef-k8s-w1.search-8677798cf5-srst6,container_memory_working_set_bytes,8187904.0
1744296045,kashef-k8s-ctl.frontend-7d9d864798-lbt5f,container_memory_working_set_bytes,8982528.0
1744296045,kashef-k8s-w1.mongodb-geo-86b59b75f4-bsnk9,container_memory_working_set_bytes,161415168.0
1744296045,kashef-k8s-ctl.user-698454f8c4-cfb58,container_memory_working_set_bytes,6586368.0
1744296045,kashef-k8s-ctl.rate-66d9d98f67-x7hpv,container_memory_working_set_bytes,8286208.0
1744296045,kashef-k8s-ctl.profile-6c9f4cc75f-pvpfq,container_memory_working_set_bytes,7790592.0
1744296045,kashef-k8s-ctl.mongodb-rate-785b799bbc-q2nw6,container_memory_working_set_bytes,163737600.0
1744296045,kashef-k8s-w1.memcached-profile-7d6fcb6b8-9ft2j,container_memory_working_set_bytes,5111808.0
1744296045,kashef-k8s-w1.mongodb-user-6d96648ddc-rxzsw,container_memory_working_set_bytes,160563200.0
1744296045,kashef-k8s-ctl.jaeger-5d885bcf88-txgt9,container_memory_working_set_bytes,33325056.0
1744296045,kashef-k8s-ctl.mongodb-profile-6bb85f4df7-zzcmp,container_memory_working_set_bytes,161513472.0
1744296045,kashef-k8s-ctl.mongodb-recommendation-59d6b7ccf9-x7q72,container_memory_working_set_bytes,161128448.0
1744296045,kashef-k8s-w1.geo-bd9dfdb45-lwzmb,container_memory_working_set_bytes,7430144.0
1744296045,kashef-k8s-w1.recommendation-6494d54897-gtmjd,container_memory_working_set_bytes,6561792.0
1744296045,kashef-k8s-w1.memcached-reserve-bdcb467b4-xqh7s,container_memory_working_set_bytes,4018176.0
1744296045,kashef-k8s-ctl.reservation-7799998946-5p2cf,container_memory_working_set_bytes,7868416.0
1744296045,kashef-k8s-w1.consul-56f5cf4f78-5hs85,container_memory_working_set_bytes,34131968.0
1744296045,kashef-k8s-w1.memcached-rate-bcc5c97f8-lck87,container_memory_working_set_bytes,5173248.0
1744296048,kashef-k8s-w1.mongodb-user-6d96648ddc-rxzsw,container_memory_working_set_bytes,160563200.0
1744296048,kashef-k8s-w1.memcached-rate-bcc5c97f8-lck87,container_memory_working_set_bytes,5173248.0
1744296048,kashef-k8s-ctl.reservation-7799998946-5p2cf,container_memory_working_set_bytes,7868416.0
1744296048,kashef-k8s-w1.consul-56f5cf4f78-5hs85,container_memory_working_set_bytes,34131968.0
1744296048,kashef-k8s-w1.geo-bd9dfdb45-lwzmb,container_memory_working_set_bytes,7430144.0
1744296048,kashef-k8s-w1.recommendation-6494d54897-gtmjd,container_memory_working_set_bytes,6561792.0
1744296048,kashef-k8s-ctl.mongodb-profile-6bb85f4df7-zzcmp,container_memory_working_set_bytes,161525760.0
1744296048,kashef-k8s-ctl.mongodb-reservation-7b474745f-9r8br,container_memory_working_set_bytes,161415168.0
1744296048,kashef-k8s-ctl.user-698454f8c4-cfb58,container_memory_working_set_bytes,6586368.0
1744296048,kashef-k8s-ctl.jaeger-5d885bcf88-txgt9,container_memory_working_set_bytes,33325056.0
1744296048,kashef-k8s-w1.memcached-reserve-bdcb467b4-xqh7s,container_memory_working_set_bytes,4018176.0
1744296048,kashef-k8s-w1.search-8677798cf5-srst6,container_memory_working_set_bytes,8187904.0
1744296048,kashef-k8s-ctl.mongodb-rate-785b799bbc-q2nw6,container_memory_working_set_bytes,163737600.0
1744296048,kashef-k8s-ctl.profile-6c9f4cc75f-pvpfq,container_memory_working_set_bytes,7872512.0
1744296048,kashef-k8s-ctl.mongodb-recommendation-59d6b7ccf9-x7q72,container_memory_working_set_bytes,161128448.0
1744296048,kashef-k8s-w1.memcached-profile-7d6fcb6b8-9ft2j,container_memory_working_set_bytes,5111808.0
1744296048,kashef-k8s-ctl.frontend-7d9d864798-lbt5f,container_memory_working_set_bytes,8982528.0
1744296048,kashef-k8s-w1.mongodb-geo-86b59b75f4-bsnk9,container_memory_working_set_bytes,161415168.0
1744296048,kashef-k8s-ctl.rate-66d9d98f67-x7hpv,container_memory_working_set_bytes,8286208.0
1744296051,kashef-k8s-w1.consul-56f5cf4f78-5hs85,container_memory_working_set_bytes,34131968.0
1744296051,kashef-k8s-ctl.profile-6c9f4cc75f-pvpfq,container_memory_working_set_bytes,7872512.0
1744296051,kashef-k8s-ctl.reservation-7799998946-5p2cf,container_memory_working_set_bytes,7868416.0
1744296051,kashef-k8s-w1.memcached-profile-7d6fcb6b8-9ft2j,container_memory_working_set_bytes,5111808.0
1744296051,kashef-k8s-ctl.mongodb-recommendation-59d6b7ccf9-x7q72,container_memory_working_set_bytes,161128448.0
1744296051,kashef-k8s-ctl.mongodb-profile-6bb85f4df7-zzcmp,container_memory_working_set_bytes,161525760.0
1744296051,kashef-k8s-w1.recommendation-6494d54897-gtmjd,container_memory_working_set_bytes,6561792.0
1744296051,kashef-k8s-w1.mongodb-geo-86b59b75f4-bsnk9,container_memory_working_set_bytes,161415168.0
1744296051,kashef-k8s-ctl.jaeger-5d885bcf88-txgt9,container_memory_working_set_bytes,33325056.0
1744296051,kashef-k8s-w1.memcached-rate-bcc5c97f8-lck87,container_memory_working_set_bytes,5173248.0
1744296051,kashef-k8s-w1.mongodb-user-6d96648ddc-rxzsw,container_memory_working_set_bytes,160563200.0
1744296051,kashef-k8s-w1.geo-bd9dfdb45-lwzmb,container_memory_working_set_bytes,7430144.0
1744296051,kashef-k8s-ctl.mongodb-rate-785b799bbc-q2nw6,container_memory_working_set_bytes,163737600.0
1744296051,kashef-k8s-w1.memcached-reserve-bdcb467b4-xqh7s,container_memory_working_set_bytes,4018176.0
1744296051,kashef-k8s-ctl.mongodb-reservation-7b474745f-9r8br,container_memory_working_set_bytes,161415168.0
1744296051,kashef-k8s-w1.search-8677798cf5-srst6,container_memory_working_set_bytes,8187904.0
1744296051,kashef-k8s-ctl.user-698454f8c4-cfb58,container_memory_working_set_bytes,6586368.0
1744296051,kashef-k8s-ctl.frontend-7d9d864798-lbt5f,container_memory_working_set_bytes,8982528.0
1744296051,kashef-k8s-ctl.rate-66d9d98f67-x7hpv,container_memory_working_set_bytes,8286208.0
1744296054,kashef-k8s-w1.mongodb-user-6d96648ddc-rxzsw,container_memory_working_set_bytes,160563200.0
1744296054,kashef-k8s-ctl.mongodb-profile-6bb85f4df7-zzcmp,container_memory_working_set_bytes,161525760.0
1744296054,kashef-k8s-w1.consul-56f5cf4f78-5hs85,container_memory_working_set_bytes,34131968.0
1744296054,kashef-k8s-ctl.mongodb-rate-785b799bbc-q2nw6,container_memory_working_set_bytes,163737600.0
1744296054,kashef-k8s-w1.mongodb-geo-86b59b75f4-bsnk9,container_memory_working_set_bytes,161415168.0
1744296054,kashef-k8s-ctl.mongodb-recommendation-59d6b7ccf9-x7q72,container_memory_working_set_bytes,161341440.0
1744296054,kashef-k8s-ctl.profile-6c9f4cc75f-pvpfq,container_memory_working_set_bytes,7872512.0
1744296054,kashef-k8s-w1.recommendation-6494d54897-gtmjd,container_memory_working_set_bytes,6561792.0
1744296054,kashef-k8s-w1.search-8677798cf5-srst6,container_memory_working_set_bytes,8187904.0
1744296054,kashef-k8s-w1.memcached-reserve-bdcb467b4-xqh7s,container_memory_working_set_bytes,4018176.0
1744296054,kashef-k8s-ctl.jaeger-5d885bcf88-txgt9,container_memory_working_set_bytes,33325056.0
1744296054,kashef-k8s-w1.memcached-profile-7d6fcb6b8-9ft2j,container_memory_working_set_bytes,5111808.0
1744296054,kashef-k8s-ctl.reservation-7799998946-5p2cf,container_memory_working_set_bytes,7868416.0
1744296054,kashef-k8s-ctl.mongodb-reservation-7b474745f-9r8br,container_memory_working_set_bytes,161415168.0
1744296054,kashef-k8s-w1.geo-bd9dfdb45-lwzmb,container_memory_working_set_bytes,7430144.0
1744296054,kashef-k8s-ctl.frontend-7d9d864798-lbt5f,container_memory_working_set_bytes,8982528.0
1744296054,kashef-k8s-w1.memcached-rate-bcc5c97f8-lck87,container_memory_working_set_bytes,5173248.0
1744296054,kashef-k8s-ctl.user-698454f8c4-cfb58,container_memory_working_set_bytes,6586368.0
1744296054,kashef-k8s-ctl.rate-66d9d98f67-x7hpv,container_memory_working_set_bytes,8286208.0
1744296057,kashef-k8s-w1.consul-56f5cf4f78-5hs85,container_memory_working_set_bytes,34131968.0
1744296057,kashef-k8s-ctl.rate-66d9d98f67-x7hpv,container_memory_working_set_bytes,8286208.0
1744296057,kashef-k8s-ctl.frontend-7d9d864798-lbt5f,container_memory_working_set_bytes,8982528.0
1744296057,kashef-k8s-w1.memcached-reserve-bdcb467b4-xqh7s,container_memory_working_set_bytes,4018176.0
1744296057,kashef-k8s-ctl.mongodb-reservation-7b474745f-9r8br,container_memory_working_set_bytes,161415168.0
1744296057,kashef-k8s-ctl.jaeger-5d885bcf88-txgt9,container_memory_working_set_bytes,33325056.0
1744296057,kashef-k8s-w1.recommendation-6494d54897-gtmjd,container_memory_working_set_bytes,6561792.0
1744296057,kashef-k8s-w1.mongodb-user-6d96648ddc-rxzsw,container_memory_working_set_bytes,160563200.0
1744296057,kashef-k8s-ctl.reservation-7799998946-5p2cf,container_memory_working_set_bytes,7868416.0
1744296057,kashef-k8s-ctl.user-698454f8c4-cfb58,container_memory_working_set_bytes,6586368.0
1744296057,kashef-k8s-w1.mongodb-geo-86b59b75f4-bsnk9,container_memory_working_set_bytes,161415168.0
1744296057,kashef-k8s-w1.geo-bd9dfdb45-lwzmb,container_memory_working_set_bytes,7430144.0
1744296057,kashef-k8s-w1.memcached-profile-7d6fcb6b8-9ft2j,container_memory_working_set_bytes,5111808.0
1744296057,kashef-k8s-ctl.mongodb-rate-785b799bbc-q2nw6,container_memory_working_set_bytes,163737600.0
1744296057,kashef-k8s-ctl.profile-6c9f4cc75f-pvpfq,container_memory_working_set_bytes,7872512.0
1744296057,kashef-k8s-w1.search-8677798cf5-srst6,container_memory_working_set_bytes,8187904.0
1744296057,kashef-k8s-ctl.mongodb-recommendation-59d6b7ccf9-x7q72,container_memory_working_set_bytes,161341440.0
1744296057,kashef-k8s-w1.memcached-rate-bcc5c97f8-lck87,container_memory_working_set_bytes,5173248.0
1744296057,kashef-k8s-ctl.mongodb-profile-6bb85f4df7-zzcmp,container_memory_working_set_bytes,161525760.0
1744296060,kashef-k8s-ctl.mongodb-reservation-7b474745f-9r8br,container_memory_working_set_bytes,161415168.0
1744296060,kashef-k8s-w1.consul-56f5cf4f78-5hs85,container_memory_working_set_bytes,34131968.0
1744296060,kashef-k8s-w1.recommendation-6494d54897-gtmjd,container_memory_working_set_bytes,6561792.0
1744296060,kashef-k8s-ctl.jaeger-5d885bcf88-txgt9,container_memory_working_set_bytes,33325056.0
1744296060,kashef-k8s-w1.memcached-reserve-bdcb467b4-xqh7s,container_memory_working_set_bytes,4018176.0
1744296060,kashef-k8s-w1.mongodb-user-6d96648ddc-rxzsw,container_memory_working_set_bytes,160563200.0
1744296060,kashef-k8s-ctl.mongodb-profile-6bb85f4df7-zzcmp,container_memory_working_set_bytes,161525760.0
1744296060,kashef-k8s-w1.search-8677798cf5-srst6,container_memory_working_set_bytes,8187904.0
1744296060,kashef-k8s-ctl.mongodb-recommendation-59d6b7ccf9-x7q72,container_memory_working_set_bytes,161341440.0
1744296060,kashef-k8s-ctl.mongodb-rate-785b799bbc-q2nw6,container_memory_working_set_bytes,163737600.0
1744296060,kashef-k8s-w1.mongodb-geo-86b59b75f4-bsnk9,container_memory_working_set_bytes,161415168.0
1744296060,kashef-k8s-ctl.rate-66d9d98f67-x7hpv,container_memory_working_set_bytes,8286208.0
1744296060,kashef-k8s-w1.memcached-rate-bcc5c97f8-lck87,container_memory_working_set_bytes,5173248.0
1744296060,kashef-k8s-w1.geo-bd9dfdb45-lwzmb,container_memory_working_set_bytes,7430144.0
1744296060,kashef-k8s-ctl.reservation-7799998946-5p2cf,container_memory_working_set_bytes,7868416.0
1744296060,kashef-k8s-ctl.user-698454f8c4-cfb58,container_memory_working_set_bytes,6586368.0
1744296060,kashef-k8s-ctl.frontend-7d9d864798-lbt5f,container_memory_working_set_bytes,8982528.0
1744296060,kashef-k8s-w1.memcached-profile-7d6fcb6b8-9ft2j,container_memory_working_set_bytes,5111808.0
1744296060,kashef-k8s-ctl.profile-6c9f4cc75f-pvpfq,container_memory_working_set_bytes,7872512.0
